# 3ds Max Wavefront OBJ Exporter v0.99 - (c)2007 guruware
# File Created: 27.09.2026 17:55:23

mtllib jester.mtl

#
# object Box009
#

v  -53.8892 28.1402 -115.6585
v  -53.8892 28.1402 -134.2500
v  -41.7547 28.1402 -134.2500
v  -41.7547 28.1402 -115.6585
v  -50.2812 54.0858 -121.1864
v  -45.3627 54.0858 -121.1864
v  -45.3627 54.0858 -128.7221
v  -50.2812 54.0858 -128.7221
v  -49.9786 28.1402 -120.1803
v  -49.6821 28.1402 -119.4644
v  -49.2103 28.1402 -118.8495
v  -48.5955 28.1402 -118.3778
v  -47.8795 28.1402 -118.0812
v  -47.1112 28.1402 -117.9801
v  -46.3428 28.1402 -118.0812
v  -45.6269 28.1402 -118.3778
v  -45.0121 28.1402 -118.8495
v  -44.5403 28.1402 -119.4644
v  -44.2437 28.1402 -120.1803
v  -44.1426 28.1402 -120.9487
v  -44.2437 28.1402 -121.7170
v  -44.5403 28.1402 -122.4330
v  -45.0121 28.1402 -123.0478
v  -45.6269 28.1402 -123.5195
v  -46.3428 28.1402 -123.8161
v  -47.1112 28.1402 -123.9173
v  -47.8795 28.1402 -123.8161
v  -48.5955 28.1402 -123.5195
v  -49.2103 28.1402 -123.0478
v  -49.6821 28.1402 -122.4330
v  -49.9786 28.1402 -121.7170
v  -50.0798 28.1402 -120.9487
v  -49.4051 23.6115 -121.5633
v  -49.4861 23.6115 -120.9487
v  -49.1679 23.6115 -122.1361
v  -48.7905 23.6115 -122.6279
v  -48.2986 23.6115 -123.0054
v  -47.7258 23.6115 -123.2426
v  -47.1112 23.6115 -123.3235
v  -46.4965 23.6115 -123.2426
v  -45.9237 23.6115 -123.0054
v  -45.4319 23.6115 -122.6279
v  -45.0545 23.6115 -122.1361
v  -44.8172 23.6115 -121.5633
v  -44.7363 23.6115 -120.9487
v  -44.8172 23.6115 -120.3340
v  -45.0545 23.6115 -119.7612
v  -45.4319 23.6115 -119.2694
v  -45.9237 23.6115 -118.8920
v  -46.4965 23.6115 -118.6547
v  -47.1112 23.6115 -118.5738
v  -47.7258 23.6115 -118.6547
v  -48.2986 23.6115 -118.8920
v  -48.7905 23.6115 -119.2694
v  -49.1679 23.6115 -119.7612
v  -49.4051 23.6115 -120.3340
v  -48.8316 19.0827 -121.4097
v  -48.8923 19.0827 -120.9487
v  -48.6537 19.0827 -121.8392
v  -48.3706 19.0827 -122.2081
v  -48.0018 19.0827 -122.4912
v  -47.5722 19.0827 -122.6691
v  -47.1112 19.0827 -122.7298
v  -46.6502 19.0827 -122.6691
v  -46.2206 19.0827 -122.4912
v  -45.8517 19.0827 -122.2081
v  -45.5687 19.0827 -121.8392
v  -45.3907 19.0827 -121.4097
v  -45.3300 19.0827 -120.9487
v  -45.3907 19.0827 -120.4877
v  -45.5687 19.0827 -120.0581
v  -45.8517 19.0827 -119.6892
v  -46.2206 19.0827 -119.4061
v  -46.6502 19.0827 -119.2282
v  -47.1112 19.0827 -119.1675
v  -47.5722 19.0827 -119.2282
v  -48.0018 19.0827 -119.4061
v  -48.3706 19.0827 -119.6892
v  -48.6537 19.0827 -120.0581
v  -48.8316 19.0827 -120.4877
v  -48.2582 14.5540 -121.2560
v  -48.2986 14.5540 -120.9487
v  -48.1395 14.5540 -121.5424
v  -47.9508 14.5540 -121.7883
v  -47.7049 14.5540 -121.9770
v  -47.4185 14.5540 -122.0956
v  -47.1112 14.5540 -122.1361
v  -46.8038 14.5540 -122.0956
v  -46.5175 14.5540 -121.9770
v  -46.2715 14.5540 -121.7883
v  -46.0828 14.5540 -121.5424
v  -45.9642 14.5540 -121.2560
v  -45.9237 14.5540 -120.9487
v  -45.9642 14.5540 -120.6413
v  -46.0828 14.5540 -120.3549
v  -46.2715 14.5540 -120.1090
v  -46.5175 14.5540 -119.9203
v  -46.8038 14.5540 -119.8017
v  -47.1112 14.5540 -119.7612
v  -47.4185 14.5540 -119.8017
v  -47.7049 14.5540 -119.9203
v  -47.9508 14.5540 -120.1090
v  -48.1395 14.5540 -120.3549
v  -48.2582 14.5540 -120.6413
v  -47.6847 10.0252 -121.1023
v  -47.7049 10.0252 -120.9487
v  -47.6254 10.0252 -121.2455
v  -47.5310 10.0252 -121.3685
v  -47.4080 10.0252 -121.4628
v  -47.2648 10.0252 -121.5221
v  -47.1112 10.0252 -121.5424
v  -46.9575 10.0252 -121.5221
v  -46.8143 10.0252 -121.4628
v  -46.6914 10.0252 -121.3685
v  -46.5970 10.0252 -121.2455
v  -46.5377 10.0252 -121.1023
v  -46.5175 10.0252 -120.9487
v  -46.5377 10.0252 -120.7950
v  -46.5970 10.0252 -120.6518
v  -46.6914 10.0252 -120.5288
v  -46.8143 10.0252 -120.4345
v  -46.9575 10.0252 -120.3752
v  -47.1112 10.0252 -120.3549
v  -47.2648 10.0252 -120.3752
v  -47.4080 10.0252 -120.4345
v  -47.5310 10.0252 -120.5288
v  -47.6254 10.0252 -120.6518
v  -47.6847 10.0252 -120.7950
v  -47.1112 5.4965 -120.9487
v  -49.9786 28.1402 -127.8973
v  -49.6821 28.1402 -127.1813
v  -49.2103 28.1402 -126.5665
v  -48.5955 28.1402 -126.0947
v  -47.8795 28.1402 -125.7981
v  -47.1112 28.1402 -125.6970
v  -46.3428 28.1402 -125.7981
v  -45.6269 28.1402 -126.0947
v  -45.0121 28.1402 -126.5665
v  -44.5403 28.1402 -127.1813
v  -44.2437 28.1402 -127.8973
v  -44.1426 28.1402 -128.6656
v  -44.2437 28.1402 -129.4339
v  -44.5403 28.1402 -130.1499
v  -45.0121 28.1402 -130.7647
v  -45.6269 28.1402 -131.2365
v  -46.3428 28.1402 -131.5330
v  -47.1112 28.1402 -131.6342
v  -47.8795 28.1402 -131.5330
v  -48.5955 28.1402 -131.2365
v  -49.2103 28.1402 -130.7647
v  -49.6821 28.1402 -130.1499
v  -49.9786 28.1402 -129.4339
v  -50.0798 28.1402 -128.6656
v  -49.4051 23.6115 -129.2803
v  -49.4861 23.6115 -128.6656
v  -49.1679 23.6115 -129.8530
v  -48.7905 23.6115 -130.3449
v  -48.2986 23.6115 -130.7223
v  -47.7258 23.6115 -130.9595
v  -47.1112 23.6115 -131.0405
v  -46.4965 23.6115 -130.9595
v  -45.9237 23.6115 -130.7223
v  -45.4319 23.6115 -130.3449
v  -45.0545 23.6115 -129.8530
v  -44.8172 23.6115 -129.2803
v  -44.7363 23.6115 -128.6656
v  -44.8172 23.6115 -128.0509
v  -45.0545 23.6115 -127.4782
v  -45.4319 23.6115 -126.9863
v  -45.9237 23.6115 -126.6089
v  -46.4965 23.6115 -126.3716
v  -47.1112 23.6115 -126.2907
v  -47.7258 23.6115 -126.3716
v  -48.2986 23.6115 -126.6089
v  -48.7905 23.6115 -126.9863
v  -49.1679 23.6115 -127.4781
v  -49.4051 23.6115 -128.0509
v  -48.8316 19.0827 -129.1266
v  -48.8923 19.0827 -128.6656
v  -48.6537 19.0827 -129.5562
v  -48.3706 19.0827 -129.9251
v  -48.0018 19.0827 -130.2081
v  -47.5722 19.0827 -130.3861
v  -47.1112 19.0827 -130.4467
v  -46.6502 19.0827 -130.3861
v  -46.2206 19.0827 -130.2081
v  -45.8517 19.0827 -129.9251
v  -45.5687 19.0827 -129.5562
v  -45.3907 19.0827 -129.1266
v  -45.3300 19.0827 -128.6656
v  -45.3907 19.0827 -128.2046
v  -45.5687 19.0827 -127.7750
v  -45.8517 19.0827 -127.4061
v  -46.2206 19.0827 -127.1231
v  -46.6502 19.0827 -126.9451
v  -47.1112 19.0827 -126.8844
v  -47.5722 19.0827 -126.9451
v  -48.0018 19.0827 -127.1231
v  -48.3706 19.0827 -127.4061
v  -48.6537 19.0827 -127.7750
v  -48.8316 19.0827 -128.2046
v  -48.2582 14.5540 -128.9729
v  -48.2986 14.5540 -128.6656
v  -48.1395 14.5540 -129.2593
v  -47.9508 14.5540 -129.5052
v  -47.7049 14.5540 -129.6939
v  -47.4185 14.5540 -129.8126
v  -47.1112 14.5540 -129.8530
v  -46.8038 14.5540 -129.8126
v  -46.5175 14.5540 -129.6939
v  -46.2715 14.5540 -129.5052
v  -46.0828 14.5540 -129.2593
v  -45.9642 14.5540 -128.9729
v  -45.9237 14.5540 -128.6656
v  -45.9642 14.5540 -128.3583
v  -46.0828 14.5540 -128.0719
v  -46.2715 14.5540 -127.8260
v  -46.5175 14.5540 -127.6372
v  -46.8038 14.5540 -127.5186
v  -47.1112 14.5540 -127.4782
v  -47.4185 14.5540 -127.5186
v  -47.7049 14.5540 -127.6372
v  -47.9508 14.5540 -127.8260
v  -48.1395 14.5540 -128.0719
v  -48.2582 14.5540 -128.3583
v  -47.6847 10.0252 -128.8193
v  -47.7049 10.0252 -128.6656
v  -47.6254 10.0252 -128.9624
v  -47.5310 10.0252 -129.0854
v  -47.4080 10.0252 -129.1798
v  -47.2648 10.0252 -129.2391
v  -47.1112 10.0252 -129.2593
v  -46.9575 10.0252 -129.2391
v  -46.8143 10.0252 -129.1798
v  -46.6914 10.0252 -129.0854
v  -46.5970 10.0252 -128.9624
v  -46.5377 10.0252 -128.8193
v  -46.5175 10.0252 -128.6656
v  -46.5377 10.0252 -128.5119
v  -46.5970 10.0252 -128.3687
v  -46.6914 10.0252 -128.2458
v  -46.8143 10.0252 -128.1514
v  -46.9575 10.0252 -128.0921
v  -47.1112 10.0252 -128.0719
v  -47.2648 10.0252 -128.0921
v  -47.4080 10.0252 -128.1514
v  -47.5310 10.0252 -128.2458
v  -47.6254 10.0252 -128.3687
v  -47.6847 10.0252 -128.5119
v  -47.1112 5.4965 -128.6656
v  -45.0112 31.5428 -139.8684
v  -45.0112 34.0733 -143.6753
v  -50.4670 34.0733 -143.6753
v  -50.4671 31.5428 -139.8684
v  -45.0112 28.9662 -141.5810
v  -50.4670 28.9662 -141.5810
v  -50.4670 31.4967 -145.3880
v  -45.0112 31.4967 -145.3880
v  -47.5468 52.9225 -128.8763
v  -41.5459 35.7437 -146.1884
v  -53.5476 35.7437 -146.1884
v  -53.5476 30.3100 -138.0137
v  -41.5459 30.3100 -138.0137
v  -47.5468 33.0268 -142.1011
v  -47.5468 53.4499 -121.3681
v  -41.5459 30.4805 -113.1688
v  -53.5476 30.4805 -113.1688
v  -53.5476 35.5732 -104.7775
v  -41.5459 35.5732 -104.7775
v  -47.5468 33.0268 -108.9732
v  -50.2112 32.0144 -110.6414
v  -50.2112 34.2306 -106.9897
v  -44.6578 34.2306 -106.9897
v  -44.6578 32.0144 -110.6414
v  -50.2112 29.9810 -109.4073
v  -44.6578 29.9810 -109.4073
v  -44.6578 32.1972 -105.7557
v  -50.2112 32.1972 -105.7557
v  -42.4194 32.9201 -122.4922
v  -42.9376 36.6468 -122.4922
v  -42.9376 36.6468 -125.8382
v  -42.4194 32.9201 -125.8382
v  -41.1472 33.0970 -122.4922
v  -41.1472 33.0970 -125.8382
v  -41.6654 36.8237 -125.8382
v  -41.6654 36.8237 -122.4922
v  -43.6240 41.5824 -123.1391
v  -44.0449 44.6091 -123.1391
v  -44.0449 44.6091 -125.8516
v  -43.6240 41.5824 -125.8516
v  -42.4780 41.7417 -123.1391
v  -42.4780 41.7417 -125.8516
v  -42.8989 44.7684 -125.8516
v  -42.8989 44.7684 -123.1391
v  -44.6462 48.9333 -123.8841
v  -44.9717 51.2740 -123.8841
v  -44.9717 51.2740 -125.9983
v  -44.6462 48.9333 -125.9983
v  -43.5509 49.0856 -123.8841
v  -43.5509 49.0856 -125.9983
v  -43.8764 51.4263 -125.9983
v  -43.8764 51.4263 -123.8841
v  -41.3575 54.0858 -122.5365
v  -42.5205 54.0858 -120.5219
v  -44.3025 54.0858 -119.0267
v  -46.4884 54.0858 -118.2311
v  -48.8145 54.0858 -118.2311
v  -51.0004 54.0858 -119.0267
v  -52.7824 54.0858 -120.5220
v  -53.9454 54.0858 -122.5365
v  -54.3494 54.0858 -124.8273
v  -53.9454 54.0858 -127.1181
v  -52.7824 54.0858 -129.1326
v  -51.0004 54.0858 -130.6279
v  -48.8145 54.0858 -131.4235
v  -46.4884 54.0858 -131.4235
v  -44.3025 54.0858 -130.6279
v  -42.5205 54.0858 -129.1326
v  -41.3575 54.0858 -127.1181
v  -40.9535 54.0858 -124.8273
v  -41.3575 54.6085 -127.1181
v  -40.9535 54.6085 -124.8273
v  -42.5205 54.6085 -129.1326
v  -44.3025 54.6085 -130.6279
v  -46.4884 54.6085 -131.4235
v  -48.8145 54.6085 -131.4235
v  -51.0004 54.6085 -130.6279
v  -52.7824 54.6085 -129.1326
v  -53.9454 54.6085 -127.1181
v  -54.3494 54.6085 -124.8273
v  -53.9454 54.6085 -122.5365
v  -52.7824 54.6085 -120.5220
v  -51.0004 54.6085 -119.0267
v  -48.8145 54.6085 -118.2311
v  -46.4884 54.6085 -118.2311
v  -44.3025 54.6085 -119.0267
v  -42.5205 54.6085 -120.5219
v  -41.3575 54.6085 -122.5365
v  -41.3575 55.1312 -127.1181
v  -40.9535 55.1312 -124.8273
v  -42.5205 55.1312 -129.1326
v  -44.3025 55.1312 -130.6279
v  -46.4884 55.1312 -131.4235
v  -48.8145 55.1312 -131.4235
v  -51.0004 55.1312 -130.6279
v  -52.7824 55.1312 -129.1326
v  -53.9454 55.1312 -127.1181
v  -54.3494 55.1312 -124.8273
v  -53.9454 55.1312 -122.5365
v  -52.7824 55.1312 -120.5220
v  -51.0004 55.1312 -119.0267
v  -48.8145 55.1312 -118.2311
v  -46.4884 55.1312 -118.2311
v  -44.3025 55.1312 -119.0267
v  -42.5205 55.1312 -120.5219
v  -41.3575 55.1312 -122.5365
v  -41.3575 55.6540 -127.1181
v  -40.9535 55.6540 -124.8273
v  -42.5205 55.6540 -129.1326
v  -44.3025 55.6540 -130.6279
v  -46.4884 55.6540 -131.4235
v  -48.8145 55.6540 -131.4235
v  -51.0004 55.6540 -130.6279
v  -52.7824 55.6540 -129.1326
v  -53.9454 55.6540 -127.1181
v  -54.3494 55.6540 -124.8273
v  -53.9454 55.6540 -122.5365
v  -52.7824 55.6540 -120.5220
v  -51.0004 55.6540 -119.0267
v  -48.8145 55.6540 -118.2311
v  -46.4884 55.6540 -118.2311
v  -44.3025 55.6540 -119.0267
v  -42.5205 55.6540 -120.5219
v  -41.3575 55.6540 -122.5365
v  -41.3575 56.1767 -127.1181
v  -40.9535 56.1767 -124.8273
v  -42.5205 56.1767 -129.1326
v  -44.3025 56.1767 -130.6279
v  -46.4884 56.1767 -131.4235
v  -48.8145 56.1767 -131.4235
v  -51.0004 56.1767 -130.6279
v  -52.7824 56.1767 -129.1326
v  -53.9454 56.1767 -127.1181
v  -54.3494 56.1767 -124.8273
v  -53.9454 56.1767 -122.5365
v  -52.7824 56.1767 -120.5220
v  -51.0004 56.1767 -119.0267
v  -48.8145 56.1767 -118.2311
v  -46.4884 56.1767 -118.2311
v  -44.3025 56.1767 -119.0267
v  -42.5205 56.1767 -120.5219
v  -41.3575 56.1767 -122.5365
v  -41.3575 56.6994 -127.1181
v  -40.9535 56.6994 -124.8273
v  -42.5205 56.6994 -129.1326
v  -44.3025 56.6994 -130.6279
v  -46.4884 56.6994 -131.4235
v  -48.8145 56.6994 -131.4235
v  -51.0004 56.6994 -130.6279
v  -52.7824 56.6994 -129.1326
v  -53.9454 56.6994 -127.1181
v  -54.3494 56.6994 -124.8273
v  -53.9454 56.6994 -122.5365
v  -52.7824 56.6994 -120.5220
v  -51.0004 56.6994 -119.0267
v  -48.8145 56.6994 -118.2311
v  -46.4884 56.6994 -118.2311
v  -44.3025 56.6994 -119.0267
v  -42.5205 56.6994 -120.5219
v  -41.3575 56.6994 -122.5365
v  -47.3212 67.6519 -125.0155
v  -47.3212 67.5341 -126.2109
v  -47.5544 67.5341 -126.1880
v  -47.7787 67.5341 -126.1199
v  -47.9853 67.5341 -126.0095
v  -48.1665 67.5341 -125.8608
v  -48.3152 67.5341 -125.6796
v  -48.4256 67.5341 -125.4730
v  -48.4937 67.5341 -125.2487
v  -48.5166 67.5341 -125.0155
v  -48.4937 67.5341 -124.7823
v  -48.4256 67.5341 -124.5580
v  -48.3152 67.5341 -124.3513
v  -48.1665 67.5341 -124.1702
v  -47.9853 67.5341 -124.0215
v  -47.7786 67.5341 -123.9110
v  -47.5544 67.5341 -123.8430
v  -47.3212 67.5341 -123.8200
v  -47.0879 67.5341 -123.8430
v  -46.8637 67.5341 -123.9110
v  -46.6570 67.5341 -124.0215
v  -46.4758 67.5341 -124.1702
v  -46.3272 67.5341 -124.3513
v  -46.2167 67.5341 -124.5580
v  -46.1487 67.5341 -124.7823
v  -46.1257 67.5341 -125.0155
v  -46.1487 67.5341 -125.2487
v  -46.2167 67.5341 -125.4730
v  -46.3272 67.5341 -125.6796
v  -46.4758 67.5341 -125.8608
v  -46.6570 67.5341 -126.0095
v  -46.8637 67.5341 -126.1199
v  -47.0879 67.5341 -126.1880
v  -47.3212 67.1854 -127.3605
v  -47.7787 67.1854 -127.3154
v  -48.2186 67.1854 -127.1820
v  -48.6240 67.1854 -126.9653
v  -48.9793 67.1854 -126.6736
v  -49.2710 67.1854 -126.3183
v  -49.4876 67.1854 -125.9129
v  -49.6211 67.1854 -125.4730
v  -49.6661 67.1854 -125.0155
v  -49.6211 67.1854 -124.5580
v  -49.4876 67.1854 -124.1181
v  -49.2709 67.1854 -123.7127
v  -48.9793 67.1854 -123.3573
v  -48.6240 67.1854 -123.0657
v  -48.2186 67.1854 -122.8490
v  -47.7786 67.1854 -122.7156
v  -47.3212 67.1854 -122.6705
v  -46.8637 67.1854 -122.7156
v  -46.4238 67.1854 -122.8490
v  -46.0184 67.1854 -123.0657
v  -45.6630 67.1854 -123.3573
v  -45.3714 67.1854 -123.7127
v  -45.1547 67.1854 -124.1181
v  -45.0212 67.1854 -124.5580
v  -44.9762 67.1854 -125.0155
v  -45.0212 67.1854 -125.4730
v  -45.1547 67.1854 -125.9129
v  -45.3714 67.1854 -126.3183
v  -45.6630 67.1854 -126.6736
v  -46.0184 67.1854 -126.9653
v  -46.4238 67.1854 -127.1820
v  -46.8637 67.1854 -127.3154
v  -47.3212 66.6192 -128.4199
v  -47.9853 66.6192 -128.3544
v  -48.6240 66.6192 -128.1607
v  -49.2125 66.6192 -127.8461
v  -49.7284 66.6192 -127.4227
v  -50.1518 66.6192 -126.9069
v  -50.4664 66.6192 -126.3183
v  -50.6601 66.6192 -125.6796
v  -50.7256 66.6192 -125.0155
v  -50.6601 66.6192 -124.3513
v  -50.4664 66.6192 -123.7127
v  -50.1518 66.6192 -123.1241
v  -49.7284 66.6192 -122.6082
v  -49.2125 66.6192 -122.1848
v  -48.6240 66.6192 -121.8702
v  -47.9853 66.6192 -121.6765
v  -47.3212 66.6192 -121.6111
v  -46.6570 66.6192 -121.6765
v  -46.0184 66.6192 -121.8702
v  -45.4298 66.6192 -122.1848
v  -44.9139 66.6192 -122.6082
v  -44.4905 66.6192 -123.1241
v  -44.1759 66.6192 -123.7127
v  -43.9822 66.6192 -124.3513
v  -43.9168 66.6192 -125.0155
v  -43.9822 66.6192 -125.6796
v  -44.1759 66.6192 -126.3183
v  -44.4905 66.6192 -126.9069
v  -44.9139 66.6192 -127.4228
v  -45.4298 66.6192 -127.8461
v  -46.0184 66.6192 -128.1607
v  -46.6570 66.6192 -128.3544
v  -47.3212 65.8571 -129.3484
v  -48.1665 65.8571 -129.2652
v  -48.9793 65.8571 -129.0186
v  -49.7284 65.8571 -128.6182
v  -50.3850 65.8571 -128.0793
v  -50.9239 65.8571 -127.4227
v  -51.3243 65.8571 -126.6736
v  -51.5709 65.8571 -125.8608
v  -51.6541 65.8571 -125.0155
v  -51.5709 65.8571 -124.1702
v  -51.3243 65.8571 -123.3573
v  -50.9239 65.8571 -122.6082
v  -50.3850 65.8571 -121.9516
v  -49.7284 65.8571 -121.4128
v  -48.9793 65.8571 -121.0123
v  -48.1665 65.8571 -120.7658
v  -47.3212 65.8571 -120.6825
v  -46.4758 65.8571 -120.7658
v  -45.6630 65.8571 -121.0123
v  -44.9139 65.8571 -121.4128
v  -44.2573 65.8571 -121.9516
v  -43.7184 65.8571 -122.6082
v  -43.3180 65.8571 -123.3573
v  -43.0715 65.8571 -124.1702
v  -42.9882 65.8571 -125.0155
v  -43.0715 65.8571 -125.8608
v  -43.3180 65.8571 -126.6736
v  -43.7184 65.8571 -127.4228
v  -44.2573 65.8571 -128.0793
v  -44.9139 65.8571 -128.6182
v  -45.6630 65.8571 -129.0186
v  -46.4759 65.8571 -129.2652
v  -47.3212 64.9285 -130.1105
v  -48.3152 64.9285 -130.0126
v  -49.2710 64.9285 -129.7227
v  -50.1518 64.9285 -129.2518
v  -50.9239 64.9285 -128.6182
v  -51.5575 64.9285 -127.8461
v  -52.0284 64.9285 -126.9653
v  -52.3183 64.9285 -126.0095
v  -52.4162 64.9285 -125.0155
v  -52.3183 64.9285 -124.0215
v  -52.0284 64.9285 -123.0657
v  -51.5575 64.9285 -122.1848
v  -50.9239 64.9285 -121.4128
v  -50.1518 64.9285 -120.7791
v  -49.2709 64.9285 -120.3083
v  -48.3152 64.9285 -120.0184
v  -47.3212 64.9285 -119.9205
v  -46.3272 64.9285 -120.0184
v  -45.3714 64.9285 -120.3083
v  -44.4905 64.9285 -120.7791
v  -43.7184 64.9285 -121.4128
v  -43.0848 64.9285 -122.1848
v  -42.6140 64.9285 -123.0657
v  -42.3240 64.9285 -124.0215
v  -42.2261 64.9285 -125.0155
v  -42.3240 64.9285 -126.0095
v  -42.6140 64.9285 -126.9653
v  -43.0848 64.9285 -127.8461
v  -43.7184 64.9285 -128.6182
v  -44.4905 64.9285 -129.2518
v  -45.3714 64.9285 -129.7227
v  -46.3272 64.9285 -130.0126
v  -47.3212 63.8691 -130.6768
v  -48.4256 63.8691 -130.5680
v  -49.4876 63.8691 -130.2458
v  -50.4664 63.8691 -129.7227
v  -51.3243 63.8691 -129.0186
v  -52.0284 63.8691 -128.1607
v  -52.5515 63.8691 -127.1820
v  -52.8737 63.8691 -126.1199
v  -52.9825 63.8691 -125.0155
v  -52.8737 63.8691 -123.9110
v  -52.5515 63.8691 -122.8490
v  -52.0284 63.8691 -121.8702
v  -51.3243 63.8691 -121.0123
v  -50.4664 63.8691 -120.3083
v  -49.4876 63.8691 -119.7851
v  -48.4256 63.8691 -119.4630
v  -47.3212 63.8691 -119.3542
v  -46.2167 63.8691 -119.4630
v  -45.1547 63.8691 -119.7851
v  -44.1759 63.8691 -120.3083
v  -43.3180 63.8691 -121.0124
v  -42.6140 63.8691 -121.8702
v  -42.0908 63.8691 -122.8490
v  -41.7687 63.8691 -123.9110
v  -41.6599 63.8691 -125.0155
v  -41.7687 63.8691 -126.1199
v  -42.0908 63.8691 -127.1820
v  -42.6140 63.8691 -128.1607
v  -43.3180 63.8691 -129.0186
v  -44.1759 63.8691 -129.7227
v  -45.1547 63.8691 -130.2458
v  -46.2167 63.8691 -130.5680
v  -47.3212 62.7196 -131.0255
v  -48.4937 62.7196 -130.9100
v  -49.6211 62.7196 -130.5680
v  -50.6601 62.7196 -130.0126
v  -51.5709 62.7196 -129.2652
v  -52.3183 62.7196 -128.3544
v  -52.8737 62.7196 -127.3154
v  -53.2157 62.7196 -126.1880
v  -53.3312 62.7196 -125.0155
v  -53.2157 62.7196 -123.8430
v  -52.8737 62.7196 -122.7156
v  -52.3183 62.7196 -121.6765
v  -51.5709 62.7196 -120.7658
v  -50.6601 62.7196 -120.0183
v  -49.6211 62.7196 -119.4630
v  -48.4937 62.7196 -119.1210
v  -47.3212 62.7196 -119.0055
v  -46.1487 62.7196 -119.1210
v  -45.0212 62.7196 -119.4630
v  -43.9822 62.7196 -120.0184
v  -43.0715 62.7196 -120.7658
v  -42.3240 62.7196 -121.6765
v  -41.7687 62.7196 -122.7156
v  -41.4267 62.7196 -123.8430
v  -41.3112 62.7196 -125.0155
v  -41.4267 62.7196 -126.1880
v  -41.7687 62.7196 -127.3154
v  -42.3240 62.7196 -128.3545
v  -43.0715 62.7196 -129.2652
v  -43.9822 62.7196 -130.0126
v  -45.0213 62.7196 -130.5680
v  -46.1487 62.7196 -130.9100
v  -47.3212 61.5241 -131.1432
v  -48.5166 61.5241 -131.0255
v  -49.6661 61.5241 -130.6768
v  -50.7256 61.5241 -130.1105
v  -51.6541 61.5241 -129.3484
v  -52.4162 61.5241 -128.4199
v  -52.9825 61.5241 -127.3605
v  -53.3312 61.5241 -126.2109
v  -53.4489 61.5241 -125.0155
v  -53.3312 61.5241 -123.8200
v  -52.9825 61.5241 -122.6705
v  -52.4162 61.5241 -121.6111
v  -51.6541 61.5241 -120.6825
v  -50.7256 61.5241 -119.9205
v  -49.6661 61.5241 -119.3542
v  -48.5166 61.5241 -119.0055
v  -47.3212 61.5241 -118.8877
v  -46.1257 61.5241 -119.0055
v  -44.9762 61.5241 -119.3542
v  -43.9168 61.5241 -119.9205
v  -42.9882 61.5241 -120.6825
v  -42.2261 61.5241 -121.6111
v  -41.6599 61.5241 -122.6705
v  -41.3112 61.5241 -123.8200
v  -41.1934 61.5241 -125.0155
v  -41.3112 61.5241 -126.2110
v  -41.6599 61.5241 -127.3605
v  -42.2262 61.5241 -128.4199
v  -42.9882 61.5241 -129.3484
v  -43.9168 61.5241 -130.1105
v  -44.9762 61.5241 -130.6768
v  -46.1257 61.5241 -131.0255
v  -47.3212 60.3287 -131.0255
v  -48.4937 60.3287 -130.9100
v  -49.6211 60.3287 -130.5680
v  -50.6601 60.3287 -130.0126
v  -51.5709 60.3287 -129.2652
v  -52.3183 60.3287 -128.3544
v  -52.8737 60.3287 -127.3154
v  -53.2157 60.3287 -126.1880
v  -53.3312 60.3287 -125.0155
v  -53.2157 60.3287 -123.8430
v  -52.8737 60.3287 -122.7156
v  -52.3183 60.3287 -121.6765
v  -51.5709 60.3287 -120.7658
v  -50.6601 60.3287 -120.0183
v  -49.6211 60.3287 -119.4630
v  -48.4937 60.3287 -119.1210
v  -47.3212 60.3287 -119.0055
v  -46.1487 60.3287 -119.1210
v  -45.0212 60.3287 -119.4630
v  -43.9822 60.3287 -120.0184
v  -43.0715 60.3287 -120.7658
v  -42.3240 60.3287 -121.6765
v  -41.7687 60.3287 -122.7156
v  -41.4267 60.3287 -123.8430
v  -41.3112 60.3287 -125.0155
v  -41.4267 60.3287 -126.1880
v  -41.7687 60.3287 -127.3154
v  -42.3240 60.3287 -128.3545
v  -43.0715 60.3287 -129.2652
v  -43.9822 60.3287 -130.0126
v  -45.0213 60.3287 -130.5680
v  -46.1487 60.3287 -130.9100
v  -47.3212 59.1792 -130.6768
v  -48.4256 59.1792 -130.5680
v  -49.4876 59.1792 -130.2458
v  -50.4664 59.1792 -129.7227
v  -51.3243 59.1792 -129.0186
v  -52.0284 59.1792 -128.1607
v  -52.5515 59.1792 -127.1820
v  -52.8737 59.1792 -126.1199
v  -52.9825 59.1792 -125.0155
v  -52.8737 59.1792 -123.9110
v  -52.5515 59.1792 -122.8490
v  -52.0284 59.1792 -121.8702
v  -51.3243 59.1792 -121.0123
v  -50.4664 59.1792 -120.3083
v  -49.4876 59.1792 -119.7851
v  -48.4256 59.1792 -119.4630
v  -47.3212 59.1792 -119.3542
v  -46.2167 59.1792 -119.4630
v  -45.1547 59.1792 -119.7851
v  -44.1759 59.1792 -120.3083
v  -43.3180 59.1792 -121.0124
v  -42.6140 59.1792 -121.8702
v  -42.0908 59.1792 -122.8490
v  -41.7687 59.1792 -123.9110
v  -41.6599 59.1792 -125.0155
v  -41.7687 59.1792 -126.1199
v  -42.0908 59.1792 -127.1820
v  -42.6140 59.1792 -128.1607
v  -43.3180 59.1792 -129.0186
v  -44.1759 59.1792 -129.7227
v  -45.1547 59.1792 -130.2458
v  -46.2167 59.1792 -130.5680
v  -47.3212 58.1198 -130.1105
v  -48.3152 58.1198 -130.0126
v  -49.2710 58.1198 -129.7227
v  -50.1518 58.1198 -129.2518
v  -50.9239 58.1198 -128.6182
v  -51.5575 58.1198 -127.8461
v  -52.0284 58.1198 -126.9653
v  -52.3183 58.1198 -126.0095
v  -52.4162 58.1198 -125.0155
v  -52.3183 58.1198 -124.0215
v  -52.0284 58.1198 -123.0657
v  -51.5575 58.1198 -122.1848
v  -50.9239 58.1198 -121.4128
v  -50.1518 58.1198 -120.7791
v  -49.2709 58.1198 -120.3083
v  -48.3152 58.1198 -120.0184
v  -47.3212 58.1198 -119.9205
v  -46.3272 58.1198 -120.0184
v  -45.3714 58.1198 -120.3083
v  -44.4905 58.1198 -120.7791
v  -43.7184 58.1198 -121.4128
v  -43.0848 58.1198 -122.1848
v  -42.6140 58.1198 -123.0657
v  -42.3240 58.1198 -124.0215
v  -42.2261 58.1198 -125.0155
v  -42.3240 58.1198 -126.0095
v  -42.6140 58.1198 -126.9653
v  -43.0848 58.1198 -127.8461
v  -43.7184 58.1198 -128.6182
v  -44.4905 58.1198 -129.2518
v  -45.3714 58.1198 -129.7227
v  -46.3272 58.1198 -130.0126
v  -47.3212 57.1912 -129.3484
v  -48.1665 57.1912 -129.2652
v  -48.9793 57.1912 -129.0186
v  -49.7284 57.1912 -128.6182
v  -50.3850 57.1912 -128.0793
v  -50.9239 57.1912 -127.4227
v  -51.3243 57.1912 -126.6736
v  -51.5709 57.1912 -125.8608
v  -51.6541 57.1912 -125.0155
v  -51.5709 57.1912 -124.1702
v  -51.3243 57.1912 -123.3573
v  -50.9239 57.1912 -122.6082
v  -50.3850 57.1912 -121.9516
v  -49.7284 57.1912 -121.4128
v  -48.9793 57.1912 -121.0123
v  -48.1665 57.1912 -120.7658
v  -47.3212 57.1912 -120.6825
v  -46.4758 57.1912 -120.7658
v  -45.6630 57.1912 -121.0123
v  -44.9139 57.1912 -121.4128
v  -44.2573 57.1912 -121.9516
v  -43.7184 57.1912 -122.6082
v  -43.3180 57.1912 -123.3573
v  -43.0715 57.1912 -124.1702
v  -42.9882 57.1912 -125.0155
v  -43.0715 57.1912 -125.8608
v  -43.3180 57.1912 -126.6736
v  -43.7184 57.1912 -127.4228
v  -44.2573 57.1912 -128.0793
v  -44.9139 57.1912 -128.6182
v  -45.6630 57.1912 -129.0186
v  -46.4759 57.1912 -129.2652
v  -47.3212 56.4291 -128.4199
v  -47.9853 56.4291 -128.3544
v  -48.6240 56.4291 -128.1607
v  -49.2125 56.4291 -127.8461
v  -49.7284 56.4291 -127.4227
v  -50.1518 56.4291 -126.9069
v  -50.4664 56.4291 -126.3183
v  -50.6601 56.4291 -125.6796
v  -50.7256 56.4291 -125.0155
v  -50.6601 56.4291 -124.3513
v  -50.4664 56.4291 -123.7127
v  -50.1518 56.4291 -123.1241
v  -49.7284 56.4291 -122.6082
v  -49.2125 56.4291 -122.1848
v  -48.6240 56.4291 -121.8702
v  -47.9853 56.4291 -121.6765
v  -47.3212 56.4291 -121.6111
v  -46.6570 56.4291 -121.6765
v  -46.0184 56.4291 -121.8702
v  -45.4298 56.4291 -122.1848
v  -44.9139 56.4291 -122.6082
v  -44.4905 56.4291 -123.1241
v  -44.1759 56.4291 -123.7127
v  -43.9822 56.4291 -124.3513
v  -43.9168 56.4291 -125.0155
v  -43.9822 56.4291 -125.6796
v  -44.1759 56.4291 -126.3183
v  -44.4905 56.4291 -126.9069
v  -44.9139 56.4291 -127.4227
v  -45.4298 56.4291 -127.8461
v  -46.0184 56.4291 -128.1607
v  -46.6570 56.4291 -128.3544
v  -47.3212 55.8628 -127.3605
v  -47.7786 55.8628 -127.3154
v  -48.2186 55.8628 -127.1820
v  -48.6240 55.8628 -126.9653
v  -48.9793 55.8628 -126.6736
v  -49.2709 55.8628 -126.3183
v  -49.4876 55.8628 -125.9129
v  -49.6211 55.8628 -125.4730
v  -49.6661 55.8628 -125.0155
v  -49.6211 55.8628 -124.5580
v  -49.4876 55.8628 -124.1181
v  -49.2709 55.8628 -123.7127
v  -48.9793 55.8628 -123.3573
v  -48.6240 55.8628 -123.0657
v  -48.2186 55.8628 -122.8490
v  -47.7786 55.8628 -122.7156
v  -47.3212 55.8628 -122.6705
v  -46.8637 55.8628 -122.7156
v  -46.4238 55.8628 -122.8490
v  -46.0184 55.8628 -123.0657
v  -45.6630 55.8628 -123.3573
v  -45.3714 55.8628 -123.7127
v  -45.1547 55.8628 -124.1181
v  -45.0212 55.8628 -124.5580
v  -44.9762 55.8628 -125.0155
v  -45.0212 55.8628 -125.4730
v  -45.1547 55.8628 -125.9129
v  -45.3714 55.8628 -126.3183
v  -45.6630 55.8628 -126.6736
v  -46.0184 55.8628 -126.9653
v  -46.4238 55.8628 -127.1820
v  -46.8637 55.8628 -127.3154
v  -47.3212 55.5141 -126.2109
v  -47.5544 55.5141 -126.1880
v  -47.7786 55.5141 -126.1199
v  -47.9853 55.5141 -126.0095
v  -48.1665 55.5141 -125.8608
v  -48.3152 55.5141 -125.6796
v  -48.4256 55.5141 -125.4730
v  -48.4937 55.5141 -125.2487
v  -48.5166 55.5141 -125.0155
v  -48.4937 55.5141 -124.7823
v  -48.4256 55.5141 -124.5580
v  -48.3152 55.5141 -124.3513
v  -48.1665 55.5141 -124.1702
v  -47.9853 55.5141 -124.0215
v  -47.7786 55.5141 -123.9110
v  -47.5544 55.5141 -123.8430
v  -47.3212 55.5141 -123.8200
v  -47.0879 55.5141 -123.8430
v  -46.8637 55.5141 -123.9110
v  -46.6570 55.5141 -124.0215
v  -46.4758 55.5141 -124.1702
v  -46.3272 55.5141 -124.3513
v  -46.2167 55.5141 -124.5580
v  -46.1487 55.5141 -124.7823
v  -46.1257 55.5141 -125.0155
v  -46.1487 55.5141 -125.2487
v  -46.2167 55.5141 -125.4730
v  -46.3272 55.5141 -125.6796
v  -46.4758 55.5141 -125.8608
v  -46.6570 55.5141 -126.0095
v  -46.8637 55.5141 -126.1199
v  -47.0879 55.5141 -126.1880
v  -47.3212 55.3964 -125.0155
v  -40.4574 61.4113 -124.1312
v  -40.5773 61.8415 -124.1473
v  -40.6089 61.7734 -123.9176
v  -40.6320 61.5909 -123.7611
v  -40.6393 61.3517 -123.7274
v  -40.6285 61.1319 -123.8272
v  -40.6030 61.0013 -124.0289
v  -40.5709 61.0013 -124.2683
v  -40.5424 61.1319 -124.4696
v  -40.5265 61.3517 -124.5687
v  -40.5283 61.5909 -124.5343
v  -40.5473 61.7734 -124.3772
v  -40.9087 62.1381 -124.1917
v  -40.9618 62.0235 -123.8053
v  -41.0007 61.7163 -123.5419
v  -41.0130 61.3140 -123.4852
v  -40.9948 60.9442 -123.6532
v  -40.9519 60.7245 -123.9925
v  -40.8979 60.7245 -124.3954
v  -40.8499 60.9442 -124.7340
v  -40.8232 61.3140 -124.9008
v  -40.8263 61.7163 -124.8428
v  -40.8581 62.0235 -124.5785
v  -41.3463 62.2068 -124.2504
v  -41.4042 62.0822 -123.8299
v  -41.4465 61.7479 -123.5433
v  -41.4599 61.3101 -123.4816
v  -41.4401 60.9077 -123.6644
v  -41.3934 60.6686 -124.0336
v  -41.3346 60.6686 -124.4720
v  -41.2824 60.9077 -124.8405
v  -41.2534 61.3101 -125.0220
v  -41.2567 61.7479 -124.9589
v  -41.2914 62.0822 -124.6713
v  -41.7513 62.0259 -124.3047
v  -41.7955 61.9307 -123.9837
v  -41.8278 61.6755 -123.7648
v  -41.8381 61.3412 -123.7177
v  -41.8229 61.0340 -123.8573
v  -41.7873 60.8514 -124.1392
v  -41.7424 60.8514 -124.4739
v  -41.7025 61.0340 -124.7552
v  -41.6804 61.3412 -124.8938
v  -41.6829 61.6755 -124.8457
v  -41.7094 61.9307 -124.6261
v  -42.0295 61.4296 -124.3420
v  -41.2997 63.4558 -126.4213
v  -42.1195 64.1339 -126.8736
v  -42.4013 63.3267 -126.0954
v  -41.8934 62.5194 -126.7488
v  -41.6116 63.3267 -127.5270
v  -42.7133 63.1975 -127.2011
v  -41.2997 63.4558 -121.7262
v  -42.1195 64.1339 -122.1785
v  -42.4013 63.3267 -121.4003
v  -41.8934 62.5194 -122.0537
v  -41.6116 63.3267 -122.8319
v  -42.7133 63.1975 -122.5060
v  -52.2198 62.0561 -122.4877
v  -52.6467 61.0936 -123.1219
v  -52.9065 60.2671 -123.9938
v  -52.9814 59.6330 -125.0441
v  -52.8663 59.2343 -126.2011
v  -52.5690 59.0983 -127.3860
v  -52.1098 59.2343 -128.5181
v  -51.5201 59.6330 -129.5201
v  -50.8399 60.2671 -130.3239
v  -50.1156 61.0936 -130.8746
v  -49.3967 62.0561 -131.1346
v  -48.7320 63.0889 -131.0864
v  -48.1670 64.1218 -130.7332
v  -47.7400 65.0842 -130.0990
v  -47.4802 65.9107 -129.2270
v  -47.4053 66.5449 -128.1767
v  -47.5205 66.9436 -127.0197
v  -47.8177 67.0795 -125.8348
v  -48.2769 66.9436 -124.7028
v  -48.8667 66.5449 -123.7007
v  -49.5469 65.9107 -122.8970
v  -50.2711 65.0842 -122.3463
v  -50.9901 64.1218 -122.0862
v  -51.6547 63.0889 -122.1344
v  -54.2042 66.1375 -124.0924
v  -54.7359 65.3112 -124.1310
v  -53.6290 66.9075 -124.3005
v  -53.0496 67.5686 -124.7410
v  -52.5055 68.0760 -125.3840
v  -52.0336 68.3949 -126.1857
v  -51.6663 68.5037 -127.0913
v  -51.4285 68.3949 -128.0392
v  -51.3364 68.0760 -128.9648
v  -51.3963 67.5686 -129.8051
v  -51.6041 66.9075 -130.5026
v  -51.9457 66.1375 -131.0100
v  -52.3978 65.3112 -131.2926
v  -52.9295 64.4849 -131.3312
v  -53.5046 63.7150 -131.1231
v  -54.0840 63.0538 -130.6825
v  -54.6282 62.5464 -130.0395
v  -55.1000 62.2275 -129.2379
v  -55.4673 62.1187 -128.3323
v  -55.7051 62.2275 -127.3843
v  -55.7972 62.5464 -126.4587
v  -55.7373 63.0538 -125.6185
v  -55.5295 63.7150 -124.9210
v  -55.1879 64.4849 -124.4136
v  -57.4183 68.1532 -126.0986
v  -57.8171 67.5335 -126.1275
v  -56.9869 68.7307 -126.2547
v  -56.5524 69.2266 -126.5851
v  -56.1442 69.6071 -127.0673
v  -55.7904 69.8463 -127.6686
v  -55.5149 69.9279 -128.3478
v  -55.3365 69.8463 -129.0587
v  -55.2674 69.6071 -129.7529
v  -55.3124 69.2266 -130.3831
v  -55.4682 68.7307 -130.9063
v  -55.7244 68.1532 -131.2868
v  -56.0635 67.5335 -131.4987
v  -56.4623 66.9138 -131.5277
v  -56.8936 66.3363 -131.3716
v  -57.3282 65.8404 -131.0412
v  -57.7363 65.4599 -130.5590
v  -58.0901 65.2207 -129.9577
v  -58.3656 65.1391 -129.2785
v  -58.5440 65.2207 -128.5676
v  -58.6131 65.4599 -127.8734
v  -58.5681 65.8404 -127.2432
v  -58.4123 66.3363 -126.7200
v  -58.1561 66.9138 -126.3395
v  -60.6324 70.1689 -128.1048
v  -60.8982 69.7558 -128.1241
v  -60.3448 70.5539 -128.2089
v  -60.0551 70.8845 -128.4291
v  -59.7830 71.1382 -128.7506
v  -59.5471 71.2977 -129.1514
v  -59.3634 71.3521 -129.6043
v  -59.2445 71.2977 -130.0782
v  -59.1985 71.1382 -130.5410
v  -59.2284 70.8845 -130.9611
v  -59.3324 70.5539 -131.3099
v  -59.5031 70.1689 -131.5636
v  -59.7292 69.7558 -131.7049
v  -59.9950 69.3427 -131.7242
v  -60.2826 68.9577 -131.6202
v  -60.5723 68.6271 -131.3999
v  -60.8444 68.3734 -131.0784
v  -61.0803 68.2140 -130.6776
v  -61.2640 68.1596 -130.2247
v  -61.3829 68.2140 -129.7508
v  -61.4289 68.3734 -129.2880
v  -61.3990 68.6271 -128.8679
v  -61.2951 68.9577 -128.5191
v  -61.1243 69.3427 -128.2654
v  -63.8465 72.1847 -130.1110
v  -63.9794 71.9781 -130.1207
v  -63.7027 72.3772 -130.1630
v  -63.5578 72.5425 -130.2732
v  -63.4218 72.6693 -130.4339
v  -63.3039 72.7490 -130.6343
v  -63.2120 72.7762 -130.8607
v  -63.1526 72.7490 -131.0977
v  -63.1295 72.6693 -131.3291
v  -63.1445 72.5425 -131.5392
v  -63.1965 72.3772 -131.7136
v  -63.2819 72.1847 -131.8404
v  -63.3949 71.9781 -131.9111
v  -63.5278 71.7715 -131.9207
v  -63.6716 71.5790 -131.8687
v  -63.8164 71.4137 -131.7586
v  -63.9525 71.2869 -131.5978
v  -64.0704 71.2072 -131.3974
v  -64.1623 71.1800 -131.1710
v  -64.2217 71.2072 -130.9340
v  -64.2448 71.2869 -130.7026
v  -64.2298 71.4137 -130.4926
v  -64.1778 71.5790 -130.3182
v  -64.0924 71.7715 -130.1913
v  -67.0606 74.2004 -132.1172
v  -45.1569 69.7678 -123.9412
v  -45.2078 69.8052 -123.9492
v  -45.2624 69.8373 -123.9419
v  -45.3168 69.8619 -123.9197
v  -45.3674 69.8774 -123.8842
v  -45.4106 69.8826 -123.8377
v  -45.4437 69.8774 -123.7835
v  -45.4642 69.8619 -123.7252
v  -45.4708 69.8373 -123.6668
v  -45.4631 69.8052 -123.6123
v  -45.4416 69.7678 -123.5654
v  -45.4077 69.7277 -123.5293
v  -45.3638 69.6876 -123.5064
v  -45.3128 69.6503 -123.4984
v  -45.2583 69.6182 -123.5057
v  -45.2039 69.5936 -123.5279
v  -45.1533 69.5781 -123.5634
v  -45.1100 69.5728 -123.6099
v  -45.0770 69.5781 -123.6641
v  -45.0565 69.5936 -123.7224
v  -45.0498 69.6182 -123.7808
v  -45.0575 69.6503 -123.8353
v  -45.0791 69.6876 -123.8822
v  -45.1129 69.7277 -123.9183
v  -45.3751 69.1429 -124.1929
v  -45.4189 69.1947 -124.2396
v  -45.3473 69.0946 -124.1323
v  -45.3373 69.0532 -124.0619
v  -45.3459 69.0214 -123.9865
v  -45.3725 69.0014 -123.9112
v  -45.4151 68.9946 -123.8411
v  -45.4710 69.0014 -123.7811
v  -45.5364 69.0214 -123.7352
v  -45.6067 69.0532 -123.7065
v  -45.6772 69.0946 -123.6970
v  -45.7430 69.1429 -123.7074
v  -45.7998 69.1947 -123.7370
v  -45.8435 69.2465 -123.7836
v  -45.8714 69.2948 -123.8442
v  -45.8813 69.3363 -123.9146
v  -45.8727 69.3681 -123.9901
v  -45.8462 69.3881 -124.0654
v  -45.8035 69.3949 -124.1354
v  -45.7476 69.3881 -124.1955
v  -45.6823 69.3681 -124.2414
v  -45.6120 69.3363 -124.2700
v  -45.5415 69.2948 -124.2795
v  -45.4756 69.2465 -124.2691
v  -45.6712 68.5982 -124.5037
v  -45.7248 68.6617 -124.5609
v  -45.6371 68.5390 -124.4294
v  -45.6249 68.4882 -124.3430
v  -45.6354 68.4492 -124.2505
v  -45.6679 68.4247 -124.1582
v  -45.7202 68.4163 -124.0723
v  -45.7888 68.4247 -123.9987
v  -45.8689 68.4492 -123.9424
v  -45.9551 68.4882 -123.9073
v  -46.0415 68.5390 -123.8957
v  -46.1222 68.5982 -123.9084
v  -46.1918 68.6617 -123.9446
v  -46.2455 68.7252 -124.0018
v  -46.2796 68.7844 -124.0761
v  -46.2918 68.8353 -124.1624
v  -46.2812 68.8743 -124.2549
v  -46.2487 68.8988 -124.3473
v  -46.1964 68.9071 -124.4332
v  -46.1278 68.8988 -124.5068
v  -46.0477 68.8743 -124.5630
v  -45.9616 68.8353 -124.5982
v  -45.8751 68.7844 -124.6098
v  -45.7944 68.7252 -124.5971
v  -45.9672 68.0535 -124.8144
v  -46.0308 68.1287 -124.8821
v  -45.9268 67.9834 -124.7264
v  -45.9124 67.9232 -124.6242
v  -45.9248 67.8770 -124.5146
v  -45.9634 67.8480 -124.4053
v  -46.0253 67.8381 -124.3035
v  -46.1065 67.8480 -124.2164
v  -46.2014 67.8770 -124.1497
v  -46.3035 67.9232 -124.1081
v  -46.4058 67.9834 -124.0943
v  -46.5014 68.0535 -124.1094
v  -46.5838 68.1287 -124.1523
v  -46.6474 68.2039 -124.2200
v  -46.6878 68.2741 -124.3080
v  -46.7022 68.3342 -124.4103
v  -46.6898 68.3804 -124.5198
v  -46.6512 68.4095 -124.6292
v  -46.5893 68.4194 -124.7309
v  -46.5081 68.4095 -124.8181
v  -46.4132 68.3804 -124.8847
v  -46.3111 68.3342 -124.9263
v  -46.2088 68.2741 -124.9401
v  -46.1132 68.2039 -124.9250
v  -46.2633 67.5088 -125.1251
v  -46.3367 67.5957 -125.2034
v  -46.2166 67.4278 -125.0234
v  -46.1999 67.3582 -124.9053
v  -46.2143 67.3048 -124.7787
v  -46.2588 67.2713 -124.6523
v  -46.3304 67.2598 -124.5347
v  -46.4243 67.2713 -124.4340
v  -46.5339 67.3048 -124.3570
v  -46.6519 67.3582 -124.3089
v  -46.7701 67.4278 -124.2930
v  -46.8807 67.5088 -124.3104
v  -46.9759 67.5957 -124.3600
v  -47.0493 67.6827 -124.4382
v  -47.0960 67.7637 -124.5399
v  -47.1127 67.8332 -124.6581
v  -47.0983 67.8866 -124.7847
v  -47.0538 67.9202 -124.9110
v  -46.9822 67.9316 -125.0286
v  -46.8883 67.9202 -125.1293
v  -46.7787 67.8866 -125.2064
v  -46.6607 67.8332 -125.2545
v  -46.5425 67.7637 -125.2704
v  -46.4319 67.6827 -125.2529
v  -46.5593 66.9641 -125.4358
v  -46.6427 67.0627 -125.5247
v  -46.5064 66.8722 -125.3205
v  -46.4874 66.7932 -125.1864
v  -46.5038 66.7327 -125.0427
v  -46.5543 66.6946 -124.8993
v  -46.6355 66.6816 -124.7660
v  -46.7420 66.6946 -124.6516
v  -46.8664 66.7327 -124.5642
v  -47.0003 66.7932 -124.5097
v  -47.1345 66.8722 -124.4916
v  -47.2599 66.9641 -124.5114
v  -47.3679 67.0627 -124.5676
v  -47.4513 67.1614 -124.6564
v  -47.5042 67.2533 -124.7718
v  -47.5232 67.3322 -124.9059
v  -47.5068 67.3928 -125.0495
v  -47.4563 67.4309 -125.1929
v  -47.3750 67.4439 -125.3263
v  -47.2686 67.4309 -125.4407
v  -47.1442 67.3928 -125.5281
v  -47.0103 67.3322 -125.5826
v  -46.8761 67.2533 -125.6007
v  -46.7507 67.1614 -125.5809
v  -40.2701 70.1105 -121.8325
v  -40.3606 70.1768 -121.8467
v  -40.4573 70.2337 -121.8337
v  -40.5539 70.2774 -121.7944
v  -40.6436 70.3048 -121.7313
v  -40.7203 70.3142 -121.6489
v  -40.7789 70.3048 -121.5527
v  -40.8154 70.2774 -121.4493
v  -40.8271 70.2337 -121.3457
v  -40.8135 70.1768 -121.2490
v  -40.7753 70.1105 -121.1658
v  -40.7152 70.0393 -121.1018
v  -40.6373 69.9682 -121.0612
v  -40.5469 69.9019 -121.0470
v  -40.4501 69.8450 -121.0600
v  -40.3535 69.8013 -121.0993
v  -40.2638 69.7739 -121.1624
v  -40.1871 69.7645 -121.2448
v  -40.1285 69.7739 -121.3410
v  -40.0920 69.8013 -121.4444
v  -40.0803 69.8450 -121.5480
v  -40.0939 69.9019 -121.6447
v  -40.1321 69.9682 -121.7279
v  -40.1922 70.0393 -121.7919
v  -40.6573 69.0019 -122.2791
v  -40.7350 69.0938 -122.3619
v  -40.6080 68.9163 -122.1716
v  -40.5903 68.8427 -122.0467
v  -40.6055 68.7863 -121.9129
v  -40.6526 68.7508 -121.7793
v  -40.7283 68.7387 -121.6550
v  -40.8275 68.7508 -121.5485
v  -40.9434 68.7863 -121.4670
v  -41.0681 68.8427 -121.4162
v  -41.1932 68.9163 -121.3994
v  -41.3100 69.0019 -121.4178
v  -41.4107 69.0938 -121.4702
v  -41.4883 69.1857 -121.5529
v  -41.5377 69.2714 -121.6604
v  -41.5553 69.3449 -121.7854
v  -41.5401 69.4013 -121.9192
v  -41.4930 69.4368 -122.0528
v  -41.4173 69.4489 -122.1771
v  -41.3181 69.4368 -122.2836
v  -41.2022 69.4013 -122.3650
v  -41.0775 69.3449 -122.4159
v  -40.9525 69.2714 -122.4327
v  -40.8356 69.1857 -122.4142
v  -41.1825 68.0356 -122.8303
v  -41.2777 68.1483 -122.9318
v  -41.1220 67.9306 -122.6985
v  -41.1004 67.8404 -122.5454
v  -41.1190 67.7712 -122.3813
v  -41.1768 67.7278 -122.2175
v  -41.2696 67.7129 -122.0651
v  -41.3912 67.7278 -121.9346
v  -41.5333 67.7712 -121.8347
v  -41.6862 67.8404 -121.7724
v  -41.8395 67.9306 -121.7518
v  -41.9827 68.0356 -121.7744
v  -42.1061 68.1483 -121.8386
v  -42.2013 68.2609 -121.9400
v  -42.2618 68.3660 -122.0718
v  -42.2835 68.4561 -122.2250
v  -42.2648 68.5253 -122.3891
v  -42.2071 68.5688 -122.5529
v  -42.1143 68.5836 -122.7052
v  -41.9927 68.5688 -122.8358
v  -41.8506 68.5253 -122.9357
v  -41.6977 68.4561 -122.9980
v  -41.5444 68.3660 -123.0186
v  -41.4011 68.2609 -122.9960
v  -41.7077 67.0693 -123.3816
v  -41.8205 67.2027 -123.5017
v  -41.6361 66.9449 -123.2255
v  -41.6104 66.8381 -123.0441
v  -41.6326 66.7562 -122.8498
v  -41.7009 66.7047 -122.6558
v  -41.8108 66.6871 -122.4753
v  -41.9548 66.7047 -122.3207
v  -42.1231 66.7562 -122.2024
v  -42.3042 66.8381 -122.1286
v  -42.4858 66.9449 -122.1042
v  -42.6554 67.0693 -122.1309
v  -42.8016 67.2027 -122.2070
v  -42.9144 67.3362 -122.3272
v  -42.9860 67.4605 -122.4833
v  -43.0116 67.5673 -122.6646
v  -42.9895 67.6493 -122.8590
v  -42.9212 67.7008 -123.0530
v  -42.8112 67.7183 -123.2334
v  -42.6672 67.7008 -123.3881
v  -42.4989 67.6493 -123.5063
v  -42.3178 67.5673 -123.5802
v  -42.1363 67.4605 -123.6045
v  -41.9666 67.3362 -123.5778
v  -42.2329 66.1030 -123.9328
v  -42.3632 66.2572 -124.0717
v  -42.1501 65.9593 -123.7524
v  -42.1205 65.8359 -123.5428
v  -42.1460 65.7412 -123.3182
v  -42.2250 65.6816 -123.0940
v  -42.3521 65.6613 -122.8855
v  -42.5185 65.6816 -122.7068
v  -42.7130 65.7412 -122.5701
v  -42.9223 65.8359 -122.4848
v  -43.1321 65.9593 -122.4566
v  -43.3282 66.1030 -122.4875
v  -43.4971 66.2572 -122.5754
v  -43.6274 66.4114 -122.7143
v  -43.7102 66.5551 -122.8947
v  -43.7398 66.6785 -123.1043
v  -43.7142 66.7732 -123.3288
v  -43.6353 66.8328 -123.5530
v  -43.5082 66.8531 -123.7616
v  -43.3418 66.8328 -123.9403
v  -43.1473 66.7732 -124.0770
v  -42.9380 66.6785 -124.1623
v  -42.7282 66.5551 -124.1905
v  -42.5321 66.4114 -124.1595
v  -42.7581 65.1367 -124.4840
v  -42.9060 65.3117 -124.6416
v  -42.6642 64.9736 -124.2793
v  -42.6306 64.8336 -124.0415
v  -42.6596 64.7261 -123.7867
v  -42.7492 64.6586 -123.5323
v  -42.8933 64.6355 -123.2956
v  -43.0822 64.6586 -123.0928
v  -43.3029 64.7261 -122.9378
v  -43.5403 64.8336 -122.8410
v  -43.7784 64.9736 -122.8090
v  -44.0009 65.1367 -122.8441
v  -44.1926 65.3117 -122.9438
v  -44.3404 65.4867 -123.1014
v  -44.4343 65.6497 -123.3061
v  -44.4680 65.7898 -123.5439
v  -44.4390 65.8972 -123.7987
v  -44.3493 65.9648 -124.0531
v  -44.2052 65.9878 -124.2898
v  -44.0163 65.9648 -124.4925
v  -43.7957 65.8972 -124.6476
v  -43.5582 65.7898 -124.7444
v  -43.3201 65.6497 -124.7764
v  -43.0976 65.4867 -124.7413
v  -42.5932 70.1954 -123.0413
v  -42.6602 70.2446 -123.0519
v  -42.7320 70.2868 -123.0422
v  -42.8036 70.3192 -123.0130
v  -42.8701 70.3396 -122.9663
v  -42.9271 70.3465 -122.9051
v  -42.9705 70.3396 -122.8338
v  -42.9976 70.3192 -122.7571
v  -43.0063 70.2868 -122.6803
v  -42.9962 70.2446 -122.6086
v  -42.9678 70.1954 -122.5469
v  -42.9233 70.1427 -122.4994
v  -42.8655 70.0899 -122.4693
v  -42.7984 70.0408 -122.4587
v  -42.7266 69.9985 -122.4684
v  -42.6550 69.9662 -122.4975
v  -42.5885 69.9458 -122.5443
v  -42.5316 69.9388 -122.6054
v  -42.4881 69.9458 -122.6768
v  -42.4611 69.9662 -122.7535
v  -42.4523 69.9985 -122.8303
v  -42.4625 70.0408 -122.9020
v  -42.4908 70.0899 -122.9637
v  -42.5354 70.1427 -123.0112
v  -42.8803 69.3732 -123.3725
v  -42.9379 69.4414 -123.4339
v  -42.8437 69.3097 -123.2928
v  -42.8306 69.2552 -123.2002
v  -42.8419 69.2133 -123.1009
v  -42.8769 69.1870 -123.0018
v  -42.9330 69.1780 -122.9096
v  -43.0066 69.1870 -122.8307
v  -43.0925 69.2133 -122.7702
v  -43.1850 69.2552 -122.7325
v  -43.2778 69.3097 -122.7201
v  -43.3644 69.3732 -122.7337
v  -43.4391 69.4414 -122.7726
v  -43.4967 69.5096 -122.8340
v  -43.5333 69.5731 -122.9137
v  -43.5464 69.6276 -123.0063
v  -43.5351 69.6695 -123.1056
v  -43.5001 69.6958 -123.2047
v  -43.4440 69.7048 -123.2969
v  -43.3704 69.6958 -123.3759
v  -43.2845 69.6695 -123.4363
v  -43.1920 69.6276 -123.4740
v  -43.0992 69.5731 -123.4864
v  -43.0126 69.5096 -123.4728
v  -43.2699 68.6566 -123.7814
v  -43.3405 68.7401 -123.8566
v  -43.2250 68.5787 -123.6836
v  -43.2089 68.5118 -123.5700
v  -43.2228 68.4605 -123.4483
v  -43.2656 68.4282 -123.3269
v  -43.3344 68.4172 -123.2138
v  -43.4246 68.4282 -123.1170
v  -43.5300 68.4605 -123.0429
v  -43.6434 68.5118 -122.9967
v  -43.7571 68.5787 -122.9814
v  -43.8634 68.6566 -122.9982
v  -43.9549 68.7401 -123.0458
v  -44.0255 68.8237 -123.1211
v  -44.0704 68.9016 -123.2188
v  -44.0864 68.9684 -123.3324
v  -44.0726 69.0198 -123.4541
v  -44.0298 69.0520 -123.5756
v  -43.9609 69.0630 -123.6886
v  -43.8707 69.0520 -123.7854
v  -43.7654 69.0198 -123.8595
v  -43.6519 68.9684 -123.9057
v  -43.5382 68.9016 -123.9210
v  -43.4320 68.8237 -123.9043
v  -43.6594 67.9399 -124.1902
v  -43.7430 68.0388 -124.2793
v  -43.6063 67.8476 -124.0744
v  -43.5872 67.7684 -123.9399
v  -43.6036 67.7077 -123.7958
v  -43.6543 67.6695 -123.6519
v  -43.7359 67.6564 -123.5181
v  -43.8427 67.6695 -123.4034
v  -43.9675 67.7077 -123.3157
v  -44.1018 67.7684 -123.2609
v  -44.2365 67.8476 -123.2428
v  -44.3623 67.9399 -123.2627
v  -44.4707 68.0388 -123.3191
v  -44.5543 68.1378 -123.4082
v  -44.6075 68.2301 -123.5240
v  -44.6265 68.3092 -123.6585
v  -44.6101 68.3700 -123.8026
v  -44.5594 68.4082 -123.9465
v  -44.4779 68.4213 -124.0803
v  -44.3710 68.4082 -124.1950
v  -44.2462 68.3700 -124.2827
v  -44.1119 68.3092 -124.3375
v  -43.9772 68.2301 -124.3556
v  -43.8514 68.1378 -124.3357
v  -44.0489 67.2232 -124.5990
v  -44.1455 67.3376 -124.7020
v  -43.9875 67.1166 -124.4652
v  -43.9655 67.0251 -124.3098
v  -43.9845 66.9548 -124.1432
v  -44.0431 66.9107 -123.9769
v  -44.1373 66.8956 -123.8223
v  -44.2607 66.9107 -123.6897
v  -44.4050 66.9548 -123.5884
v  -44.5602 67.0251 -123.5251
v  -44.7158 67.1166 -123.5042
v  -44.8612 67.2232 -123.5271
v  -44.9865 67.3376 -123.5923
v  -45.0832 67.4520 -123.6953
v  -45.1446 67.5585 -123.8291
v  -45.1665 67.6501 -123.9846
v  -45.1476 67.7203 -124.1511
v  -45.0890 67.7645 -124.3174
v  -44.9948 67.7795 -124.4721
v  -44.8713 67.7645 -124.6046
v  -44.7271 67.7203 -124.7060
v  -44.5719 67.6501 -124.7693
v  -44.4163 67.5585 -124.7902
v  -44.2708 67.4520 -124.7672
v  -44.4384 66.5065 -125.0079
v  -44.5481 66.6363 -125.1247
v  -44.3688 66.3855 -124.8561
v  -44.3438 66.2817 -124.6796
v  -44.3653 66.2020 -124.4907
v  -44.4318 66.1519 -124.3020
v  -44.5387 66.1348 -124.1265
v  -44.6788 66.1519 -123.9761
v  -44.8425 66.2020 -123.8611
v  -45.0186 66.2817 -123.7893
v  -45.1952 66.3855 -123.7655
v  -45.3602 66.5065 -123.7916
v  -45.5023 66.6363 -123.8655
v  -45.6120 66.7661 -123.9824
v  -45.6817 66.8870 -124.1342
v  -45.7066 66.9909 -124.3106
v  -45.6851 67.0706 -124.4996
v  -45.6186 67.1207 -124.6883
v  -45.5117 67.1378 -124.8638
v  -45.3716 67.1207 -125.0142
v  -45.2080 67.0706 -125.1292
v  -45.0318 66.9909 -125.2010
v  -44.8553 66.8870 -125.2247
v  -44.6903 66.7661 -125.1987
v  -33.4065 0.0000 -119.2166
v  -36.3979 0.0000 -114.0354
v  -40.9809 0.0000 -110.1898
v  -46.6028 0.0000 -108.1436
v  -52.5855 0.0000 -108.1436
v  -58.2075 0.0000 -110.1898
v  -62.7905 0.0000 -114.0354
v  -65.7818 0.0000 -119.2166
v  -66.8207 0.0000 -125.1084
v  -65.7818 0.0000 -131.0003
v  -62.7905 0.0000 -136.1814
v  -58.2075 0.0000 -140.0271
v  -52.5855 0.0000 -142.0733
v  -46.6028 0.0000 -142.0733
v  -40.9809 0.0000 -140.0271
v  -36.3979 0.0000 -136.1814
v  -33.4065 0.0000 -131.0003
v  -32.3677 0.0000 -125.1084
v  -33.4065 1.1653 -131.0003
v  -32.3677 1.1653 -125.1084
v  -36.3979 1.1653 -136.1814
v  -40.9809 1.1653 -140.0271
v  -46.6028 1.1653 -142.0733
v  -52.5855 1.1653 -142.0733
v  -58.2075 1.1653 -140.0271
v  -62.7905 1.1653 -136.1814
v  -65.7818 1.1653 -131.0003
v  -66.8207 1.1653 -125.1084
v  -65.7818 1.1653 -119.2166
v  -62.7905 1.1653 -114.0354
v  -58.2075 1.1653 -110.1898
v  -52.5855 1.1653 -108.1436
v  -46.6028 1.1653 -108.1436
v  -40.9809 1.1653 -110.1898
v  -36.3979 1.1653 -114.0354
v  -33.4065 1.1653 -119.2166
v  -33.4065 2.3306 -131.0003
v  -32.3677 2.3306 -125.1084
v  -36.3979 2.3306 -136.1814
v  -40.9809 2.3306 -140.0271
v  -46.6028 2.3306 -142.0733
v  -52.5855 2.3306 -142.0733
v  -58.2075 2.3306 -140.0271
v  -62.7905 2.3306 -136.1814
v  -65.7818 2.3306 -131.0003
v  -66.8207 2.3306 -125.1084
v  -65.7818 2.3306 -119.2166
v  -62.7905 2.3306 -114.0354
v  -58.2075 2.3306 -110.1898
v  -52.5855 2.3306 -108.1436
v  -46.6028 2.3306 -108.1436
v  -40.9809 2.3306 -110.1898
v  -36.3979 2.3306 -114.0354
v  -33.4065 2.3306 -119.2166
v  -33.4065 3.4960 -131.0003
v  -32.3677 3.4960 -125.1084
v  -36.3979 3.4960 -136.1814
v  -40.9809 3.4960 -140.0271
v  -46.6028 3.4960 -142.0733
v  -52.5855 3.4960 -142.0733
v  -58.2075 3.4960 -140.0271
v  -62.7905 3.4960 -136.1814
v  -65.7818 3.4960 -131.0003
v  -66.8207 3.4960 -125.1084
v  -65.7818 3.4960 -119.2166
v  -62.7905 3.4960 -114.0354
v  -58.2075 3.4960 -110.1898
v  -52.5855 3.4960 -108.1436
v  -46.6028 3.4960 -108.1436
v  -40.9809 3.4960 -110.1898
v  -36.3979 3.4960 -114.0354
v  -33.4065 3.4960 -119.2166
v  -33.4065 4.6613 -131.0003
v  -32.3677 4.6613 -125.1084
v  -36.3979 4.6613 -136.1814
v  -40.9809 4.6613 -140.0271
v  -46.6028 4.6613 -142.0733
v  -52.5855 4.6613 -142.0733
v  -58.2075 4.6613 -140.0271
v  -62.7905 4.6613 -136.1814
v  -65.7818 4.6613 -131.0003
v  -66.8207 4.6613 -125.1084
v  -65.7818 4.6613 -119.2166
v  -62.7905 4.6613 -114.0354
v  -58.2075 4.6613 -110.1898
v  -52.5855 4.6613 -108.1436
v  -46.6028 4.6613 -108.1436
v  -40.9809 4.6613 -110.1898
v  -36.3979 4.6613 -114.0354
v  -33.4065 4.6613 -119.2166
v  -33.4065 5.8266 -131.0003
v  -32.3677 5.8266 -125.1084
v  -36.3979 5.8266 -136.1814
v  -40.9809 5.8266 -140.0271
v  -46.6028 5.8266 -142.0733
v  -52.5855 5.8266 -142.0733
v  -58.2075 5.8266 -140.0271
v  -62.7905 5.8266 -136.1814
v  -65.7818 5.8266 -131.0003
v  -66.8207 5.8266 -125.1084
v  -65.7818 5.8266 -119.2166
v  -62.7905 5.8266 -114.0354
v  -58.2075 5.8266 -110.1898
v  -52.5855 5.8266 -108.1436
v  -46.6028 5.8266 -108.1436
v  -40.9809 5.8266 -110.1898
v  -36.3979 5.8266 -114.0354
v  -33.4065 5.8266 -119.2166
# 1611 vertices

vn -0.6056 -0.4863 0.6299
vn -0.6056 -0.4863 -0.6299
vn 0.6056 -0.4863 -0.6299
vn 0.6056 -0.4863 0.6299
vn -0.5411 0.6668 0.5124
vn 0.5411 0.6668 0.5124
vn 0.5411 0.6668 -0.5124
vn -0.5411 0.6668 -0.5124
vn -0.7501 0.6301 0.2010
vn -0.6725 0.6301 0.3883
vn -0.5491 0.6301 0.5491
vn -0.3883 0.6301 0.6725
vn -0.2010 0.6301 0.7501
vn 0.0000 0.6301 0.7765
vn 0.2010 0.6301 0.7501
vn 0.3883 0.6301 0.6725
vn 0.5491 0.6301 0.5491
vn 0.6725 0.6301 0.3883
vn 0.7501 0.6301 0.2010
vn 0.7765 0.6301 0.0000
vn 0.7501 0.6301 -0.2010
vn 0.6725 0.6301 -0.3883
vn 0.5491 0.6301 -0.5491
vn 0.3883 0.6301 -0.6725
vn 0.2010 0.6301 -0.7501
vn -0.0000 0.6301 -0.7765
vn -0.2010 0.6301 -0.7501
vn -0.3883 0.6301 -0.6725
vn -0.5491 0.6301 -0.5491
vn -0.6725 0.6301 -0.3883
vn -0.7501 0.6301 -0.2010
vn -0.7765 0.6301 0.0000
vn -0.9577 -0.1300 -0.2566
vn -0.9915 -0.1300 -0.0000
vn -0.8587 -0.1300 -0.4958
vn -0.7011 -0.1300 -0.7011
vn -0.4958 -0.1300 -0.8587
vn -0.2566 -0.1300 -0.9577
vn 0.0000 -0.1300 -0.9915
vn 0.2566 -0.1300 -0.9577
vn 0.4958 -0.1300 -0.8587
vn 0.7011 -0.1300 -0.7011
vn 0.8587 -0.1300 -0.4958
vn 0.9577 -0.1300 -0.2566
vn 0.9915 -0.1300 -0.0000
vn 0.9577 -0.1300 0.2566
vn 0.8587 -0.1300 0.4958
vn 0.7011 -0.1300 0.7011
vn 0.4958 -0.1300 0.8587
vn 0.2566 -0.1300 0.9577
vn 0.0000 -0.1300 0.9915
vn -0.2566 -0.1300 0.9577
vn -0.4958 -0.1300 0.8587
vn -0.7011 -0.1300 0.7011
vn -0.8587 -0.1300 0.4958
vn -0.9577 -0.1300 0.2566
vn -0.9915 -0.1300 0.0000
vn -0.0000 -0.1300 -0.9915
vn 1.0000 0.0000 -0.0000
vn 0.0000 0.6301 -0.7765
vn 0.5774 0.1612 0.8004
vn 0.5774 0.8004 -0.1612
vn -0.5774 0.8004 -0.1612
vn -0.5774 0.1612 0.8004
vn 0.5774 -0.8004 0.1612
vn -0.5774 -0.8004 0.1612
vn -0.5774 -0.1612 -0.8004
vn 0.5774 -0.1612 -0.8004
vn -0.0000 0.8328 0.5536
vn 0.6346 -0.0408 -0.7718
vn -0.6346 -0.0408 -0.7718
vn -0.6346 -0.7274 0.2612
vn 0.6346 -0.7274 0.2612
vn 0.0000 -0.8328 -0.5536
vn 0.0000 0.8549 -0.5188
vn 0.6346 -0.7160 -0.2909
vn -0.6346 -0.7160 -0.2909
vn -0.6346 -0.0725 0.7694
vn 0.6346 -0.0725 0.7694
vn -0.0000 -0.8549 0.5188
vn -0.5774 0.1940 -0.7931
vn -0.5774 0.7931 0.1940
vn 0.5774 0.7931 0.1940
vn 0.5774 0.1940 -0.7931
vn -0.5774 -0.7931 -0.1941
vn 0.5774 -0.7931 -0.1941
vn 0.5774 -0.1939 0.7931
vn -0.5774 -0.1939 0.7931
vn -0.4923 -0.6514 0.5774
vn -0.6513 0.4924 0.5773
vn -0.6514 0.4922 -0.5774
vn -0.4923 -0.6514 -0.5774
vn 0.6513 -0.4924 0.5774
vn 0.6514 -0.4923 -0.5774
vn 0.4924 0.6513 -0.5774
vn 0.4923 0.6513 0.5775
vn -0.6514 0.4922 0.5774
vn -0.6513 0.4924 -0.5773
vn -0.6514 0.4923 0.5774
vn -0.6513 0.4924 -0.5774
vn -0.4922 -0.6514 -0.5774
vn 0.6514 -0.4923 0.5774
vn 0.4923 0.6514 -0.5774
vn 0.4923 0.6514 0.5774
vn 0.6975 -0.6701 0.2539
vn 0.5687 -0.6700 0.4772
vn 0.3712 -0.6701 0.6428
vn 0.1289 -0.6701 0.7310
vn -0.1289 -0.6700 0.7311
vn -0.3711 -0.6701 0.6429
vn -0.5686 -0.6701 0.4771
vn -0.6976 -0.6700 0.2539
vn -0.7423 -0.6700 -0.0000
vn -0.6976 -0.6700 -0.2539
vn -0.5687 -0.6700 -0.4772
vn -0.3712 -0.6700 -0.6429
vn -0.1289 -0.6700 -0.7311
vn 0.1289 -0.6700 -0.7311
vn 0.3712 -0.6700 -0.6429
vn 0.5687 -0.6700 -0.4772
vn 0.6975 -0.6701 -0.2539
vn 0.7423 -0.6701 0.0000
vn 0.9397 0.0000 -0.3420
vn 1.0000 0.0000 0.0000
vn 0.7660 0.0000 -0.6428
vn 0.5000 0.0000 -0.8660
vn 0.1736 0.0000 -0.9848
vn -0.1736 0.0000 -0.9848
vn -0.5000 0.0000 -0.8660
vn -0.7660 0.0000 -0.6428
vn -0.9397 0.0000 -0.3420
vn -1.0000 0.0000 -0.0000
vn -0.9397 0.0000 0.3420
vn -0.7661 0.0000 0.6428
vn -0.5000 0.0000 0.8660
vn -0.1736 0.0000 0.9848
vn 0.1736 0.0000 0.9848
vn 0.5000 0.0000 0.8660
vn 0.7660 0.0000 0.6428
vn 0.9397 0.0000 0.3420
vn 0.6975 0.6701 -0.2539
vn 0.7423 0.6701 0.0000
vn 0.5687 0.6700 -0.4772
vn 0.3712 0.6700 -0.6429
vn 0.1289 0.6700 -0.7311
vn -0.1289 0.6700 -0.7311
vn -0.3712 0.6700 -0.6429
vn -0.5687 0.6700 -0.4772
vn -0.6976 0.6700 -0.2539
vn -0.7423 0.6700 -0.0000
vn -0.6976 0.6700 0.2539
vn -0.5686 0.6701 0.4771
vn -0.3711 0.6701 0.6429
vn -0.1289 0.6700 0.7311
vn 0.1289 0.6701 0.7310
vn 0.3712 0.6701 0.6428
vn 0.5687 0.6700 0.4772
vn 0.6975 0.6701 0.2539
vn -0.0000 1.0000 -0.0000
vn -0.0000 0.9796 -0.2010
vn -0.0392 0.9796 -0.1971
vn -0.0769 0.9796 -0.1857
vn -0.1117 0.9796 -0.1671
vn -0.1421 0.9796 -0.1421
vn -0.1671 0.9796 -0.1117
vn -0.1857 0.9796 -0.0769
vn -0.1971 0.9796 -0.0392
vn -0.2010 0.9796 0.0000
vn -0.1971 0.9796 0.0392
vn -0.1857 0.9796 0.0769
vn -0.1671 0.9796 0.1117
vn -0.1421 0.9796 0.1421
vn -0.1117 0.9796 0.1671
vn -0.0769 0.9796 0.1857
vn -0.0392 0.9796 0.1971
vn 0.0000 0.9796 0.2010
vn 0.0392 0.9796 0.1971
vn 0.0769 0.9796 0.1857
vn 0.1117 0.9796 0.1671
vn 0.1421 0.9796 0.1421
vn 0.1671 0.9796 0.1117
vn 0.1857 0.9796 0.0769
vn 0.1971 0.9796 0.0392
vn 0.2010 0.9796 -0.0000
vn 0.1971 0.9796 -0.0392
vn 0.1857 0.9796 -0.0769
vn 0.1671 0.9796 -0.1117
vn 0.1421 0.9796 -0.1421
vn 0.1117 0.9796 -0.1671
vn 0.0769 0.9796 -0.1857
vn 0.0392 0.9796 -0.1971
vn -0.0000 0.9217 -0.3879
vn -0.0757 0.9217 -0.3804
vn -0.1484 0.9217 -0.3584
vn -0.2155 0.9217 -0.3225
vn -0.2743 0.9217 -0.2743
vn -0.3225 0.9217 -0.2155
vn -0.3584 0.9217 -0.1484
vn -0.3804 0.9217 -0.0757
vn -0.3879 0.9217 0.0000
vn -0.3804 0.9217 0.0757
vn -0.3584 0.9217 0.1484
vn -0.3225 0.9217 0.2155
vn -0.2743 0.9217 0.2743
vn -0.2155 0.9217 0.3225
vn -0.1484 0.9217 0.3584
vn -0.0757 0.9217 0.3804
vn 0.0000 0.9217 0.3879
vn 0.0757 0.9217 0.3804
vn 0.1484 0.9217 0.3584
vn 0.2155 0.9217 0.3225
vn 0.2743 0.9217 0.2743
vn 0.3225 0.9217 0.2155
vn 0.3584 0.9217 0.1484
vn 0.3804 0.9217 0.0757
vn 0.3879 0.9217 -0.0000
vn 0.3804 0.9217 -0.0757
vn 0.3584 0.9217 -0.1484
vn 0.3225 0.9217 -0.2155
vn 0.2743 0.9217 -0.2743
vn 0.2155 0.9217 -0.3225
vn 0.1484 0.9217 -0.3584
vn 0.0757 0.9217 -0.3804
vn -0.0000 0.8286 -0.5598
vn -0.1092 0.8286 -0.5490
vn -0.2142 0.8286 -0.5172
vn -0.3110 0.8286 -0.4654
vn -0.3958 0.8286 -0.3958
vn -0.4654 0.8286 -0.3110
vn -0.5172 0.8286 -0.2142
vn -0.5490 0.8286 -0.1092
vn -0.5598 0.8286 0.0000
vn -0.5490 0.8286 0.1092
vn -0.5172 0.8286 0.2142
vn -0.4654 0.8286 0.3110
vn -0.3958 0.8286 0.3958
vn -0.3110 0.8286 0.4654
vn -0.2142 0.8286 0.5172
vn -0.1092 0.8286 0.5490
vn 0.0000 0.8286 0.5598
vn 0.1092 0.8286 0.5490
vn 0.2142 0.8286 0.5172
vn 0.3110 0.8286 0.4654
vn 0.3958 0.8286 0.3958
vn 0.4654 0.8286 0.3110
vn 0.5172 0.8286 0.2142
vn 0.5490 0.8286 0.1092
vn 0.5598 0.8286 -0.0000
vn 0.5490 0.8286 -0.1092
vn 0.5172 0.8286 -0.2142
vn 0.4654 0.8286 -0.3110
vn 0.3958 0.8286 -0.3958
vn 0.3110 0.8286 -0.4654
vn 0.2142 0.8286 -0.5172
vn 0.1092 0.8286 -0.5490
vn -0.0000 0.7041 -0.7101
vn -0.1385 0.7041 -0.6965
vn -0.2718 0.7041 -0.6561
vn -0.3945 0.7041 -0.5905
vn -0.5021 0.7041 -0.5021
vn -0.5905 0.7041 -0.3945
vn -0.6561 0.7041 -0.2718
vn -0.6965 0.7041 -0.1385
vn -0.7101 0.7041 0.0000
vn -0.6965 0.7041 0.1385
vn -0.6561 0.7041 0.2718
vn -0.5905 0.7041 0.3945
vn -0.5021 0.7041 0.5021
vn -0.3945 0.7041 0.5905
vn -0.2718 0.7041 0.6561
vn -0.1385 0.7041 0.6965
vn 0.0000 0.7041 0.7101
vn 0.1385 0.7041 0.6965
vn 0.2718 0.7041 0.6561
vn 0.3945 0.7041 0.5905
vn 0.5021 0.7041 0.5021
vn 0.5905 0.7041 0.3945
vn 0.6561 0.7041 0.2718
vn 0.6965 0.7041 0.1385
vn 0.7101 0.7041 -0.0000
vn 0.6965 0.7041 -0.1385
vn 0.6561 0.7041 -0.2718
vn 0.5905 0.7041 -0.3945
vn 0.5021 0.7041 -0.5021
vn 0.3945 0.7041 -0.5905
vn 0.2718 0.7041 -0.6561
vn 0.1385 0.7041 -0.6965
vn -0.0000 0.5528 -0.8333
vn -0.1626 0.5528 -0.8173
vn -0.3189 0.5528 -0.7699
vn -0.4630 0.5528 -0.6929
vn -0.5893 0.5528 -0.5893
vn -0.6929 0.5528 -0.4630
vn -0.7699 0.5528 -0.3189
vn -0.8173 0.5528 -0.1626
vn -0.8333 0.5528 0.0000
vn -0.8173 0.5528 0.1626
vn -0.7699 0.5528 0.3189
vn -0.6929 0.5528 0.4630
vn -0.5893 0.5528 0.5893
vn -0.4630 0.5528 0.6929
vn -0.3189 0.5528 0.7699
vn -0.1626 0.5528 0.8173
vn 0.0000 0.5528 0.8333
vn 0.1626 0.5528 0.8173
vn 0.3189 0.5528 0.7699
vn 0.4630 0.5528 0.6929
vn 0.5893 0.5528 0.5893
vn 0.6929 0.5528 0.4630
vn 0.7699 0.5528 0.3189
vn 0.8173 0.5528 0.1626
vn 0.8333 0.5528 -0.0000
vn 0.8173 0.5528 -0.1626
vn 0.7699 0.5528 -0.3189
vn 0.6929 0.5528 -0.4630
vn 0.5893 0.5528 -0.5893
vn 0.4630 0.5528 -0.6929
vn 0.3189 0.5528 -0.7699
vn 0.1626 0.5528 -0.8173
vn -0.0000 0.3805 -0.9248
vn -0.1804 0.3805 -0.9070
vn -0.3539 0.3805 -0.8544
vn -0.5138 0.3805 -0.7689
vn -0.6539 0.3805 -0.6539
vn -0.7689 0.3805 -0.5138
vn -0.8544 0.3805 -0.3539
vn -0.9070 0.3805 -0.1804
vn -0.9248 0.3805 0.0000
vn -0.9070 0.3805 0.1804
vn -0.8544 0.3805 0.3539
vn -0.7689 0.3805 0.5138
vn -0.6539 0.3805 0.6539
vn -0.5138 0.3805 0.7689
vn -0.3539 0.3805 0.8544
vn -0.1804 0.3805 0.9070
vn 0.0000 0.3805 0.9248
vn 0.1804 0.3805 0.9070
vn 0.3539 0.3805 0.8544
vn 0.5138 0.3805 0.7689
vn 0.6539 0.3805 0.6539
vn 0.7689 0.3805 0.5138
vn 0.8544 0.3805 0.3539
vn 0.9070 0.3805 0.1804
vn 0.9248 0.3805 -0.0000
vn 0.9070 0.3805 -0.1804
vn 0.8544 0.3805 -0.3539
vn 0.7689 0.3805 -0.5138
vn 0.6539 0.3805 -0.6539
vn 0.5138 0.3805 -0.7689
vn 0.3539 0.3805 -0.8544
vn 0.1804 0.3805 -0.9070
vn -0.0000 0.1939 -0.9810
vn -0.1914 0.1939 -0.9622
vn -0.3754 0.1939 -0.9063
vn -0.5450 0.1939 -0.8157
vn -0.6937 0.1939 -0.6937
vn -0.8157 0.1939 -0.5450
vn -0.9063 0.1939 -0.3754
vn -0.9622 0.1939 -0.1914
vn -0.9810 0.1939 0.0000
vn -0.9622 0.1939 0.1914
vn -0.9063 0.1939 0.3754
vn -0.8157 0.1939 0.5450
vn -0.6937 0.1939 0.6937
vn -0.5450 0.1939 0.8157
vn -0.3754 0.1939 0.9063
vn -0.1914 0.1939 0.9622
vn 0.0000 0.1939 0.9810
vn 0.1914 0.1939 0.9622
vn 0.3754 0.1939 0.9063
vn 0.5450 0.1939 0.8157
vn 0.6937 0.1939 0.6937
vn 0.8157 0.1939 0.5450
vn 0.9063 0.1939 0.3754
vn 0.9622 0.1939 0.1914
vn 0.9810 0.1939 -0.0000
vn 0.9622 0.1939 -0.1914
vn 0.9063 0.1939 -0.3754
vn 0.8157 0.1939 -0.5450
vn 0.6937 0.1939 -0.6937
vn 0.5450 0.1939 -0.8157
vn 0.3754 0.1939 -0.9063
vn 0.1914 0.1939 -0.9622
vn -0.0000 0.0000 -1.0000
vn -0.1951 0.0000 -0.9808
vn -0.3827 0.0000 -0.9239
vn -0.5556 0.0000 -0.8315
vn -0.7071 0.0000 -0.7071
vn -0.8315 0.0000 -0.5556
vn -0.9239 -0.0000 -0.3827
vn -0.9808 0.0000 -0.1951
vn -1.0000 0.0000 0.0000
vn -0.9808 0.0000 0.1951
vn -0.9239 0.0000 0.3827
vn -0.8315 0.0000 0.5556
vn -0.7071 0.0000 0.7071
vn -0.5556 0.0000 0.8315
vn -0.3827 0.0000 0.9239
vn -0.1951 0.0000 0.9808
vn 0.0000 0.0000 1.0000
vn 0.1951 0.0000 0.9808
vn 0.3827 0.0000 0.9239
vn 0.5556 0.0000 0.8315
vn 0.7071 0.0000 0.7071
vn 0.8315 0.0000 0.5556
vn 0.9239 0.0000 0.3827
vn 0.9808 0.0000 0.1951
vn 0.9808 0.0000 -0.1951
vn 0.9239 0.0000 -0.3827
vn 0.8315 0.0000 -0.5556
vn 0.7071 0.0000 -0.7071
vn 0.5556 0.0000 -0.8315
vn 0.3827 0.0000 -0.9239
vn 0.1951 0.0000 -0.9808
vn -0.0000 -0.1939 -0.9810
vn -0.1914 -0.1939 -0.9622
vn -0.3754 -0.1939 -0.9063
vn -0.5450 -0.1939 -0.8157
vn -0.6937 -0.1939 -0.6937
vn -0.8157 -0.1939 -0.5450
vn -0.9063 -0.1939 -0.3754
vn -0.9622 -0.1939 -0.1914
vn -0.9810 -0.1939 0.0000
vn -0.9622 -0.1939 0.1914
vn -0.9063 -0.1939 0.3754
vn -0.8157 -0.1939 0.5450
vn -0.6937 -0.1939 0.6937
vn -0.5450 -0.1939 0.8157
vn -0.3754 -0.1939 0.9063
vn -0.1914 -0.1939 0.9622
vn 0.0000 -0.1939 0.9810
vn 0.1914 -0.1939 0.9622
vn 0.3754 -0.1939 0.9063
vn 0.5450 -0.1939 0.8157
vn 0.6937 -0.1939 0.6937
vn 0.8157 -0.1939 0.5450
vn 0.9063 -0.1939 0.3754
vn 0.9622 -0.1939 0.1914
vn 0.9810 -0.1939 -0.0000
vn 0.9622 -0.1939 -0.1914
vn 0.9063 -0.1939 -0.3754
vn 0.8157 -0.1939 -0.5450
vn 0.6937 -0.1939 -0.6937
vn 0.5450 -0.1939 -0.8157
vn 0.3754 -0.1939 -0.9063
vn 0.1914 -0.1939 -0.9622
vn -0.0000 -0.3805 -0.9248
vn -0.1804 -0.3805 -0.9070
vn -0.3539 -0.3805 -0.8544
vn -0.5138 -0.3805 -0.7689
vn -0.6539 -0.3805 -0.6539
vn -0.7689 -0.3805 -0.5138
vn -0.8544 -0.3805 -0.3539
vn -0.9070 -0.3805 -0.1804
vn -0.9248 -0.3805 0.0000
vn -0.9070 -0.3805 0.1804
vn -0.8544 -0.3805 0.3539
vn -0.7689 -0.3805 0.5138
vn -0.6539 -0.3805 0.6539
vn -0.5138 -0.3805 0.7689
vn -0.3539 -0.3805 0.8544
vn -0.1804 -0.3805 0.9070
vn 0.0000 -0.3805 0.9248
vn 0.1804 -0.3805 0.9070
vn 0.3539 -0.3805 0.8544
vn 0.5138 -0.3805 0.7689
vn 0.6539 -0.3805 0.6539
vn 0.7689 -0.3805 0.5138
vn 0.8544 -0.3805 0.3539
vn 0.9070 -0.3805 0.1804
vn 0.9248 -0.3805 -0.0000
vn 0.9070 -0.3805 -0.1804
vn 0.8544 -0.3805 -0.3539
vn 0.7689 -0.3805 -0.5138
vn 0.6539 -0.3805 -0.6539
vn 0.5138 -0.3805 -0.7689
vn 0.3539 -0.3805 -0.8544
vn 0.1804 -0.3805 -0.9070
vn -0.0000 -0.5528 -0.8333
vn -0.1626 -0.5528 -0.8173
vn -0.3189 -0.5528 -0.7699
vn -0.4630 -0.5528 -0.6929
vn -0.5893 -0.5528 -0.5893
vn -0.6929 -0.5528 -0.4630
vn -0.7699 -0.5528 -0.3189
vn -0.8173 -0.5528 -0.1626
vn -0.8333 -0.5528 0.0000
vn -0.8173 -0.5528 0.1626
vn -0.7699 -0.5528 0.3189
vn -0.6929 -0.5528 0.4630
vn -0.5893 -0.5528 0.5893
vn -0.4630 -0.5528 0.6929
vn -0.3189 -0.5528 0.7699
vn -0.1626 -0.5528 0.8173
vn 0.0000 -0.5528 0.8333
vn 0.1626 -0.5528 0.8173
vn 0.3189 -0.5528 0.7699
vn 0.4630 -0.5528 0.6929
vn 0.5893 -0.5528 0.5893
vn 0.6929 -0.5528 0.4630
vn 0.7699 -0.5528 0.3189
vn 0.8173 -0.5528 0.1626
vn 0.8333 -0.5528 -0.0000
vn 0.8173 -0.5528 -0.1626
vn 0.7699 -0.5528 -0.3189
vn 0.6929 -0.5528 -0.4630
vn 0.5893 -0.5528 -0.5893
vn 0.4630 -0.5528 -0.6929
vn 0.3189 -0.5528 -0.7699
vn 0.1626 -0.5528 -0.8173
vn -0.0000 -0.7041 -0.7101
vn -0.1385 -0.7041 -0.6965
vn -0.2718 -0.7041 -0.6561
vn -0.3945 -0.7041 -0.5905
vn -0.5021 -0.7041 -0.5021
vn -0.5905 -0.7041 -0.3945
vn -0.6561 -0.7041 -0.2718
vn -0.6965 -0.7041 -0.1385
vn -0.7101 -0.7041 0.0000
vn -0.6965 -0.7041 0.1385
vn -0.6561 -0.7041 0.2718
vn -0.5905 -0.7041 0.3945
vn -0.5021 -0.7041 0.5021
vn -0.3945 -0.7041 0.5905
vn -0.2718 -0.7041 0.6561
vn -0.1385 -0.7041 0.6965
vn 0.0000 -0.7041 0.7101
vn 0.1385 -0.7041 0.6965
vn 0.2718 -0.7041 0.6561
vn 0.3945 -0.7041 0.5905
vn 0.5021 -0.7041 0.5021
vn 0.5905 -0.7041 0.3945
vn 0.6561 -0.7041 0.2718
vn 0.6965 -0.7041 0.1385
vn 0.7101 -0.7041 -0.0000
vn 0.6965 -0.7041 -0.1385
vn 0.6561 -0.7041 -0.2718
vn 0.5905 -0.7041 -0.3945
vn 0.5021 -0.7041 -0.5021
vn 0.3945 -0.7041 -0.5905
vn 0.2718 -0.7041 -0.6561
vn 0.1385 -0.7041 -0.6965
vn -0.0000 -0.8286 -0.5598
vn -0.1092 -0.8286 -0.5490
vn -0.2142 -0.8286 -0.5172
vn -0.3110 -0.8286 -0.4654
vn -0.3958 -0.8286 -0.3958
vn -0.4654 -0.8286 -0.3110
vn -0.5172 -0.8286 -0.2142
vn -0.5490 -0.8286 -0.1092
vn -0.5598 -0.8286 0.0000
vn -0.5490 -0.8286 0.1092
vn -0.5172 -0.8286 0.2142
vn -0.4654 -0.8286 0.3110
vn -0.3958 -0.8286 0.3958
vn -0.3110 -0.8286 0.4654
vn -0.2142 -0.8286 0.5172
vn -0.1092 -0.8286 0.5490
vn 0.0000 -0.8286 0.5598
vn 0.1092 -0.8286 0.5490
vn 0.2142 -0.8286 0.5172
vn 0.3110 -0.8286 0.4654
vn 0.3958 -0.8286 0.3958
vn 0.4654 -0.8286 0.3110
vn 0.5172 -0.8286 0.2142
vn 0.5490 -0.8286 0.1092
vn 0.5598 -0.8286 -0.0000
vn 0.5490 -0.8286 -0.1092
vn 0.5172 -0.8286 -0.2142
vn 0.4654 -0.8286 -0.3110
vn 0.3958 -0.8286 -0.3958
vn 0.3110 -0.8286 -0.4654
vn 0.2142 -0.8286 -0.5172
vn 0.1092 -0.8286 -0.5490
vn -0.0000 -0.9217 -0.3879
vn -0.0757 -0.9217 -0.3804
vn -0.1484 -0.9217 -0.3584
vn -0.2155 -0.9217 -0.3225
vn -0.2743 -0.9217 -0.2743
vn -0.3225 -0.9217 -0.2155
vn -0.3584 -0.9217 -0.1484
vn -0.3804 -0.9217 -0.0757
vn -0.3879 -0.9217 0.0000
vn -0.3804 -0.9217 0.0757
vn -0.3584 -0.9217 0.1484
vn -0.3225 -0.9217 0.2155
vn -0.2743 -0.9217 0.2743
vn -0.2155 -0.9217 0.3225
vn -0.1484 -0.9217 0.3584
vn -0.0757 -0.9217 0.3804
vn 0.0000 -0.9217 0.3879
vn 0.0757 -0.9217 0.3804
vn 0.1484 -0.9217 0.3584
vn 0.2155 -0.9217 0.3225
vn 0.2743 -0.9217 0.2743
vn 0.3225 -0.9217 0.2155
vn 0.3584 -0.9217 0.1484
vn 0.3804 -0.9217 0.0757
vn 0.3879 -0.9217 -0.0000
vn 0.3804 -0.9217 -0.0757
vn 0.3584 -0.9217 -0.1484
vn 0.3225 -0.9217 -0.2155
vn 0.2743 -0.9217 -0.2743
vn 0.2155 -0.9217 -0.3225
vn 0.1484 -0.9217 -0.3584
vn 0.0757 -0.9217 -0.3804
vn -0.0000 -0.9796 -0.2010
vn -0.0392 -0.9796 -0.1971
vn -0.0769 -0.9796 -0.1857
vn -0.1117 -0.9796 -0.1671
vn -0.1421 -0.9796 -0.1421
vn -0.1671 -0.9796 -0.1117
vn -0.1857 -0.9796 -0.0769
vn -0.1971 -0.9796 -0.0392
vn -0.2010 -0.9796 0.0000
vn -0.1971 -0.9796 0.0392
vn -0.1857 -0.9796 0.0769
vn -0.1671 -0.9796 0.1117
vn -0.1421 -0.9796 0.1421
vn -0.1117 -0.9796 0.1671
vn -0.0769 -0.9796 0.1857
vn -0.0392 -0.9796 0.1971
vn 0.0000 -0.9796 0.2010
vn 0.0392 -0.9796 0.1971
vn 0.0769 -0.9796 0.1857
vn 0.1117 -0.9796 0.1671
vn 0.1421 -0.9796 0.1421
vn 0.1671 -0.9796 0.1117
vn 0.1857 -0.9796 0.0769
vn 0.1971 -0.9796 0.0392
vn 0.2010 -0.9796 -0.0000
vn 0.1971 -0.9796 -0.0392
vn 0.1857 -0.9796 -0.0769
vn 0.1671 -0.9796 -0.1117
vn 0.1421 -0.9796 -0.1421
vn 0.1117 -0.9796 -0.1671
vn 0.0769 -0.9796 -0.1857
vn 0.0392 -0.9796 -0.1971
vn 0.0000 -1.0000 0.0000
vn 0.9911 -0.0116 0.1329
vn 0.8176 0.5653 0.1096
vn 0.7752 0.4741 0.4175
vn 0.7442 0.2293 0.6273
vn 0.7344 -0.0913 0.6725
vn 0.7489 -0.3859 0.5387
vn 0.7831 -0.5610 0.2684
vn 0.8262 -0.5610 -0.0526
vn 0.8644 -0.3859 -0.3224
vn 0.8856 -0.0913 -0.4553
vn 0.8832 0.2293 -0.4091
vn 0.8578 0.4741 -0.1985
vn 0.4044 0.9130 0.0542
vn 0.3368 0.7673 0.5457
vn 0.2873 0.3766 0.8807
vn 0.2717 -0.1352 0.9529
vn 0.2948 -0.6055 0.7392
vn 0.3494 -0.8850 0.3077
vn 0.4181 -0.8850 -0.2048
vn 0.4791 -0.6055 -0.6355
vn 0.5131 -0.1352 -0.8476
vn 0.5092 0.3766 -0.7739
vn 0.4687 0.7673 -0.4377
vn -0.1231 0.9923 -0.0165
vn -0.1961 0.8350 0.5141
vn -0.2495 0.4131 0.8758
vn -0.2664 -0.1394 0.9537
vn -0.2414 -0.6472 0.7231
vn -0.1825 -0.9490 0.2572
vn -0.1083 -0.9490 -0.2961
vn -0.0424 -0.6472 -0.7611
vn -0.0058 -0.1394 -0.9902
vn -0.0100 0.4131 -0.9106
vn -0.0537 0.8350 -0.5476
vn -0.6624 0.7438 -0.0888
vn -0.7167 0.6270 0.3054
vn -0.7563 0.3136 0.5741
vn -0.7689 -0.0969 0.6320
vn -0.7503 -0.4741 0.4606
vn -0.7066 -0.6983 0.1145
vn -0.6514 -0.6983 -0.2966
vn -0.6025 -0.4741 -0.6420
vn -0.5753 -0.0969 -0.8122
vn -0.5784 0.3136 -0.7531
vn -0.6109 0.6270 -0.4834
vn -0.9911 0.0116 -0.1329
vn 0.8646 0.1580 0.4770
vn -0.1383 0.9874 -0.0763
vn -0.4830 0.0000 0.8756
vn 0.1383 -0.9874 0.0763
vn 0.4830 -0.0000 -0.8756
vn -0.8646 -0.1580 -0.4770
vn 0.1333 -0.4920 0.8603
vn 0.0604 -0.6563 0.7520
vn 0.0160 -0.7974 0.6032
vn 0.0033 -0.9057 0.4239
vn 0.0229 -0.9738 0.2263
vn 0.0737 -0.9970 0.0240
vn 0.1521 -0.9738 -0.1692
vn 0.2527 -0.9057 -0.3403
vn 0.3689 -0.7974 -0.4775
vn 0.4925 -0.6563 -0.5715
vn 0.6153 -0.4920 -0.6159
vn 0.7287 -0.3157 -0.6077
vn 0.8252 -0.1394 -0.5474
vn 0.8981 0.0249 -0.4391
vn 0.9424 0.1660 -0.2902
vn 0.9552 0.2743 -0.1109
vn 0.9356 0.3424 0.0866
vn 0.8848 0.3656 0.2889
vn 0.8064 0.3424 0.4821
vn 0.7057 0.2743 0.6532
vn 0.5896 0.1660 0.7904
vn 0.4660 0.0249 0.8844
vn 0.3432 -0.1394 0.9289
vn 0.2298 -0.3157 0.9206
vn -0.3419 0.3305 0.8797
vn -0.4796 0.1165 0.8697
vn -0.1929 0.5299 0.8258
vn -0.0428 0.7011 0.7117
vn 0.0981 0.8326 0.5452
vn 0.2203 0.9152 0.3376
vn 0.3155 0.9433 0.1030
vn 0.3771 0.9152 -0.1425
vn 0.4009 0.8326 -0.3823
vn 0.3854 0.7011 -0.5999
vn 0.3316 0.5299 -0.7806
vn 0.2431 0.3305 -0.9120
vn 0.1260 0.1165 -0.9852
vn -0.0117 -0.0976 -0.9952
vn -0.1607 -0.2970 -0.9413
vn -0.3107 -0.4682 -0.8272
vn -0.4517 -0.5996 -0.6606
vn -0.5739 -0.6822 -0.4530
vn -0.6690 -0.7104 -0.2184
vn -0.7306 -0.6822 0.0271
vn -0.7545 -0.5996 0.2668
vn -0.7390 -0.4682 0.4845
vn -0.6851 -0.2970 0.6651
vn -0.5967 -0.0976 0.7965
vn -0.0117 -0.0975 -0.9952
vn 0.6582 0.6678 -0.3476
vn 0.5124 0.7747 -0.3705
vn 0.3562 0.8665 -0.3497
vn 0.2006 0.9370 -0.2861
vn 0.0558 0.9812 -0.1845
vn -0.0679 0.9964 -0.0515
vn -0.1625 0.9812 0.1036
vn -0.2212 0.9370 0.2705
vn -0.2403 0.8665 0.4375
vn -0.2182 0.7747 0.5935
vn -0.1566 0.6678 0.7277
vn -0.0597 0.5530 0.8310
vn 0.0660 0.4383 0.8964
vn 0.2118 0.3313 0.9194
vn 0.3680 0.2396 0.8984
vn 0.5237 0.1691 0.8350
vn 0.6684 0.1249 0.7333
vn 0.7922 0.1096 0.6003
vn 0.8867 0.1249 0.4452
vn 0.9455 0.1691 0.2784
vn 0.9645 0.2396 0.1113
vn 0.9424 0.3313 -0.0447
vn 0.8809 0.4383 -0.1789
vn 0.7839 0.5530 -0.2822
vn 0.7908 -0.0840 -0.6062
vn 0.6528 0.0794 -0.7534
vn 0.8786 -0.2363 -0.4151
vn 0.9100 -0.3671 -0.1929
vn 0.8829 -0.4674 0.0450
vn 0.7992 -0.5305 0.2826
vn 0.6646 -0.5520 0.5036
vn 0.4882 -0.5305 0.6930
vn 0.2821 -0.4674 0.8378
vn 0.0603 -0.3671 0.9282
vn -0.1620 -0.2363 0.9581
vn -0.3698 -0.0840 0.9253
vn -0.5488 0.0794 0.8322
vn -0.6869 0.2428 0.6850
vn -0.7746 0.3951 0.4939
vn -0.8060 0.5259 0.2717
vn -0.7789 0.6262 0.0338
vn -0.6952 0.6893 -0.2038
vn -0.5606 0.7108 -0.4248
vn -0.3842 0.6893 -0.6142
vn -0.1781 0.6262 -0.7590
vn 0.0437 0.5259 -0.8494
vn 0.2660 0.3951 -0.8793
vn 0.4738 0.2428 -0.8465
vn 0.2464 -0.6211 -0.7440
vn 0.1397 -0.4949 -0.8576
vn 0.3140 -0.7387 -0.5964
vn 0.3383 -0.8396 -0.4249
vn 0.3174 -0.9171 -0.2412
vn 0.2528 -0.9658 -0.0578
vn 0.1488 -0.9824 0.1128
vn 0.0127 -0.9658 0.2590
vn -0.1464 -0.9171 0.3708
vn -0.3176 -0.8396 0.4406
vn -0.4893 -0.7387 0.4636
vn -0.6497 -0.6211 0.4384
vn -0.7879 -0.4949 0.3664
vn -0.8945 -0.3687 0.2529
vn -0.9622 -0.2512 0.1053
vn -0.9864 -0.1502 -0.0662
vn -0.9655 -0.0728 -0.2499
vn -0.9009 -0.0241 -0.4333
vn -0.7970 -0.0075 -0.6040
vn -0.6608 -0.0241 -0.7502
vn -0.5017 -0.0728 -0.8620
vn -0.3305 -0.1502 -0.9318
vn -0.1589 -0.2512 -0.9548
vn 0.0016 -0.3687 -0.9295
vn 0.6582 0.6678 -0.3475
vn 0.5124 0.7747 -0.3706
vn 0.3563 0.8665 -0.3496
vn -0.2402 0.8665 0.4375
vn -0.2183 0.7747 0.5935
vn 0.2119 0.3314 0.9194
vn 0.3680 0.2395 0.8985
vn 0.7922 0.1097 0.6003
vn 0.9645 0.2395 0.1113
vn 0.9424 0.3314 -0.0446
vn 0.2463 -0.6211 -0.7440
vn 0.3141 -0.7387 -0.5964
vn -0.7879 -0.4949 0.3665
vn -0.8945 -0.3688 0.2529
vn -0.6608 -0.0240 -0.7502
vn 0.0015 -0.3688 -0.9295
vn 0.5123 0.7747 -0.3706
vn 0.2005 0.9370 -0.2862
vn 0.0559 0.9812 -0.1845
vn -0.1625 0.9812 0.1037
vn -0.2213 0.9370 0.2704
vn -0.1567 0.6678 0.7277
vn 0.3679 0.2395 0.8985
vn 0.8808 0.4383 -0.1789
vn -0.4893 -0.7387 0.4637
vn 0.3712 -0.6700 0.6429
vn 0.1289 -0.6700 0.7311
vn -0.3712 -0.6700 0.6429
vn -0.5687 -0.6700 0.4772
vn -0.7423 -0.6701 0.0000
vn -0.6975 -0.6701 -0.2539
vn 0.1289 -0.6701 -0.7310
vn 0.3711 -0.6701 -0.6428
vn 0.5686 -0.6701 -0.4771
vn 0.7661 0.0000 -0.6428
vn -0.7660 0.0000 0.6428
vn 0.5686 0.6701 -0.4771
vn 0.3711 0.6701 -0.6428
vn 0.1289 0.6701 -0.7310
vn -0.6975 0.6701 -0.2539
vn -0.7423 0.6701 0.0000
vn -0.5687 0.6700 0.4772
vn -0.3712 0.6700 0.6429
vn 0.1289 0.6700 0.7311
vn 0.3712 0.6700 0.6429
# 857 vertex normals

vt 1.0000 0.0000 0.0000
vt 1.0000 1.0000 0.0000
vt 0.0000 1.0000 0.0000
vt 0.0000 0.0000 0.0000
vt 0.2787 0.0000 -0.1317
vt 0.1676 0.0000 -0.3860
vt 0.0792 0.0000 -0.6140
vt 0.0194 0.0000 -0.8002
vt -0.0076 0.0000 -0.9318
vt 0.0000 0.0000 -1.0000
vt 0.0417 0.0000 -1.0000
vt 0.1146 0.0000 -0.9319
vt 0.2137 0.0000 -0.8002
vt 0.3324 0.0000 -0.6140
vt 0.4625 0.0000 -0.3860
vt 0.5952 0.0000 -0.1317
vt 0.7213 0.0000 0.1317
vt 0.8324 0.0000 0.3860
vt 0.9208 0.0000 0.6140
vt 0.9806 0.0000 0.8002
vt 1.0076 0.0000 0.9319
vt 1.0000 0.0000 1.0000
vt 0.9583 0.0000 1.0000
vt 0.9167 0.0000 1.0000
vt 0.8750 0.0000 1.0000
vt 0.8333 0.0000 1.0000
vt 0.7917 0.0000 1.0000
vt 0.7500 0.0000 1.0000
vt 0.7917 0.2000 0.8000
vt 0.7500 0.2000 0.8000
vt 0.8333 0.2000 0.8000
vt 0.8750 0.2000 0.8000
vt 0.9167 0.2000 0.8000
vt 0.9583 0.2000 0.8000
vt 1.0000 0.2000 0.8000
vt -0.0000 0.0000 1.0000
vt 0.0417 0.0000 1.0000
vt 0.0417 0.2000 0.8000
vt -0.0000 0.2000 0.8000
vt 0.0833 0.0000 1.0000
vt 0.0833 0.2000 0.8000
vt 0.1250 0.0000 1.0000
vt 0.1250 0.2000 0.8000
vt 0.1667 0.0000 1.0000
vt 0.1667 0.2000 0.8000
vt 0.2083 0.0000 1.0000
vt 0.2083 0.2000 0.8000
vt 0.2500 0.0000 1.0000
vt 0.2500 0.2000 0.8000
vt 0.2917 0.0000 1.0000
vt 0.2917 0.2000 0.8000
vt 0.3333 0.0000 1.0000
vt 0.3333 0.2000 0.8000
vt 0.3750 0.0000 1.0000
vt 0.3750 0.2000 0.8000
vt 0.4167 0.0000 1.0000
vt 0.4167 0.2000 0.8000
vt 0.4583 0.0000 1.0000
vt 0.4583 0.2000 0.8000
vt 0.5000 0.0000 1.0000
vt 0.5000 0.2000 0.8000
vt 0.5417 0.0000 1.0000
vt 0.5417 0.2000 0.8000
vt 0.5833 0.0000 1.0000
vt 0.5833 0.2000 0.8000
vt 0.6250 0.0000 1.0000
vt 0.6250 0.2000 0.8000
vt 0.6667 0.0000 1.0000
vt 0.6667 0.2000 0.8000
vt 0.7083 0.0000 1.0000
vt 0.7083 0.2000 0.8000
vt 0.7917 0.4000 0.6000
vt 0.7500 0.4000 0.6000
vt 0.8333 0.4000 0.6000
vt 0.8750 0.4000 0.6000
vt 0.9167 0.4000 0.6000
vt 0.9583 0.4000 0.6000
vt 1.0000 0.4000 0.6000
vt 0.0417 0.4000 0.6000
vt -0.0000 0.4000 0.6000
vt 0.0833 0.4000 0.6000
vt 0.1250 0.4000 0.6000
vt 0.1667 0.4000 0.6000
vt 0.2083 0.4000 0.6000
vt 0.2500 0.4000 0.6000
vt 0.2917 0.4000 0.6000
vt 0.3333 0.4000 0.6000
vt 0.3750 0.4000 0.6000
vt 0.4167 0.4000 0.6000
vt 0.4583 0.4000 0.6000
vt 0.5000 0.4000 0.6000
vt 0.5417 0.4000 0.6000
vt 0.5833 0.4000 0.6000
vt 0.6250 0.4000 0.6000
vt 0.6667 0.4000 0.6000
vt 0.7083 0.4000 0.6000
vt 0.7917 0.6000 0.4000
vt 0.7500 0.6000 0.4000
vt 0.8333 0.6000 0.4000
vt 0.8750 0.6000 0.4000
vt 0.9167 0.6000 0.4000
vt 0.9583 0.6000 0.4000
vt 1.0000 0.6000 0.4000
vt 0.0417 0.6000 0.4000
vt -0.0000 0.6000 0.4000
vt 0.0833 0.6000 0.4000
vt 0.1250 0.6000 0.4000
vt 0.1667 0.6000 0.4000
vt 0.2083 0.6000 0.4000
vt 0.2500 0.6000 0.4000
vt 0.2917 0.6000 0.4000
vt 0.3333 0.6000 0.4000
vt 0.3750 0.6000 0.4000
vt 0.4167 0.6000 0.4000
vt 0.4583 0.6000 0.4000
vt 0.5000 0.6000 0.4000
vt 0.5417 0.6000 0.4000
vt 0.5833 0.6000 0.4000
vt 0.6250 0.6000 0.4000
vt 0.6667 0.6000 0.4000
vt 0.7083 0.6000 0.4000
vt 0.7917 0.8000 0.2000
vt 0.7500 0.8000 0.2000
vt 0.8333 0.8000 0.2000
vt 0.8750 0.8000 0.2000
vt 0.9167 0.8000 0.2000
vt 0.9583 0.8000 0.2000
vt 1.0000 0.8000 0.2000
vt 0.0417 0.8000 0.2000
vt -0.0000 0.8000 0.2000
vt 0.0833 0.8000 0.2000
vt 0.1250 0.8000 0.2000
vt 0.1667 0.8000 0.2000
vt 0.2083 0.8000 0.2000
vt 0.2500 0.8000 0.2000
vt 0.2917 0.8000 0.2000
vt 0.3333 0.8000 0.2000
vt 0.3750 0.8000 0.2000
vt 0.4167 0.8000 0.2000
vt 0.4583 0.8000 0.2000
vt 0.5000 0.8000 0.2000
vt 0.5417 0.8000 0.2000
vt 0.5833 0.8000 0.2000
vt 0.6250 0.8000 0.2000
vt 0.6667 0.8000 0.2000
vt 0.7083 0.8000 0.2000
vt 0.5000 1.0000 0.0000
vt 0.5000 0.5000 0.0000
vt 0.3400 0.0000 -0.0000
vt 0.1953 0.0000 -0.3473
vt 0.0874 0.0000 -0.6527
vt 0.0292 0.0000 -0.8794
vt 0.0278 0.0000 -1.0000
vt 0.0833 0.0000 -1.0000
vt 0.1891 0.0000 -0.8794
vt 0.3325 0.0000 -0.6527
vt 0.4960 0.0000 -0.3473
vt 0.6600 0.0000 0.0000
vt 0.8047 0.0000 0.3473
vt 0.9126 0.0000 0.6527
vt 0.9708 0.0000 0.8794
vt 0.9722 0.0000 1.0000
vt 0.8611 0.0000 1.0000
vt 0.8056 0.0000 1.0000
vt 0.8056 0.2000 1.0000
vt 0.7500 0.2000 1.0000
vt 0.8611 0.2000 1.0000
vt 0.9167 0.2000 1.0000
vt 0.9722 0.2000 1.0000
vt -0.0278 0.0000 1.0000
vt 0.0278 0.0000 1.0000
vt 0.0278 0.2000 1.0000
vt -0.0278 0.2000 1.0000
vt 0.0833 0.2000 1.0000
vt 0.1389 0.0000 1.0000
vt 0.1389 0.2000 1.0000
vt 0.1944 0.0000 1.0000
vt 0.1944 0.2000 1.0000
vt 0.2500 0.2000 1.0000
vt 0.3056 0.0000 1.0000
vt 0.3056 0.2000 1.0000
vt 0.3611 0.0000 1.0000
vt 0.3611 0.2000 1.0000
vt 0.4167 0.2000 1.0000
vt 0.4722 0.0000 1.0000
vt 0.4722 0.2000 1.0000
vt 0.5278 0.0000 1.0000
vt 0.5278 0.2000 1.0000
vt 0.5833 0.2000 1.0000
vt 0.6389 0.0000 1.0000
vt 0.6389 0.2000 1.0000
vt 0.6944 0.0000 1.0000
vt 0.6944 0.2000 1.0000
vt 0.8056 0.4000 1.0000
vt 0.7500 0.4000 1.0000
vt 0.8611 0.4000 1.0000
vt 0.9167 0.4000 1.0000
vt 0.9722 0.4000 1.0000
vt 0.0278 0.4000 1.0000
vt -0.0278 0.4000 1.0000
vt 0.0833 0.4000 1.0000
vt 0.1389 0.4000 1.0000
vt 0.1944 0.4000 1.0000
vt 0.2500 0.4000 1.0000
vt 0.3056 0.4000 1.0000
vt 0.3611 0.4000 1.0000
vt 0.4167 0.4000 1.0000
vt 0.4722 0.4000 1.0000
vt 0.5278 0.4000 1.0000
vt 0.5833 0.4000 1.0000
vt 0.6389 0.4000 1.0000
vt 0.6944 0.4000 1.0000
vt 0.8056 0.6000 1.0000
vt 0.7500 0.6000 1.0000
vt 0.8611 0.6000 1.0000
vt 0.9167 0.6000 1.0000
vt 0.9722 0.6000 1.0000
vt 0.0278 0.6000 1.0000
vt -0.0278 0.6000 1.0000
vt 0.0833 0.6000 1.0000
vt 0.1389 0.6000 1.0000
vt 0.1944 0.6000 1.0000
vt 0.2500 0.6000 1.0000
vt 0.3056 0.6000 1.0000
vt 0.3611 0.6000 1.0000
vt 0.4167 0.6000 1.0000
vt 0.4722 0.6000 1.0000
vt 0.5278 0.6000 1.0000
vt 0.5833 0.6000 1.0000
vt 0.6389 0.6000 1.0000
vt 0.6944 0.6000 1.0000
vt 0.8056 0.8000 1.0000
vt 0.7500 0.8000 1.0000
vt 0.8611 0.8000 1.0000
vt 0.9167 0.8000 1.0000
vt 0.9722 0.8000 1.0000
vt 0.0278 0.8000 1.0000
vt -0.0278 0.8000 1.0000
vt 0.0833 0.8000 1.0000
vt 0.1389 0.8000 1.0000
vt 0.1944 0.8000 1.0000
vt 0.2500 0.8000 1.0000
vt 0.3056 0.8000 1.0000
vt 0.3611 0.8000 1.0000
vt 0.4167 0.8000 1.0000
vt 0.4722 0.8000 1.0000
vt 0.5278 0.8000 1.0000
vt 0.5833 0.8000 1.0000
vt 0.6389 0.8000 1.0000
vt 0.6944 0.8000 1.0000
vt 0.8056 1.0000 1.0000
vt 0.7500 1.0000 1.0000
vt 0.8611 1.0000 1.0000
vt 0.9167 1.0000 1.0000
vt 0.9722 1.0000 1.0000
vt 0.0278 1.0000 1.0000
vt -0.0278 1.0000 1.0000
vt 0.0833 1.0000 1.0000
vt 0.1389 1.0000 1.0000
vt 0.1944 1.0000 1.0000
vt 0.2500 1.0000 1.0000
vt 0.3056 1.0000 1.0000
vt 0.3611 1.0000 1.0000
vt 0.4167 1.0000 1.0000
vt 0.4722 1.0000 1.0000
vt 0.5278 1.0000 1.0000
vt 0.5833 1.0000 1.0000
vt 0.6389 1.0000 1.0000
vt 0.6944 1.0000 1.0000
vt 0.9708 1.0000 0.8794
vt 0.9126 1.0000 0.6527
vt 0.8047 1.0000 0.3473
vt 0.6600 1.0000 0.0000
vt 0.4960 1.0000 -0.3473
vt 0.3325 1.0000 -0.6527
vt 0.1891 1.0000 -0.8794
vt 0.0833 1.0000 -1.0000
vt 0.0278 1.0000 -1.0000
vt 0.0292 1.0000 -0.8794
vt 0.0874 1.0000 -0.6527
vt 0.1953 1.0000 -0.3473
vt 0.0000 0.9375 0.0000
vt 0.0312 0.9375 0.0000
vt 0.0312 1.0000 0.0000
vt 0.0625 0.9375 0.0000
vt 0.0625 1.0000 0.0000
vt 0.0938 0.9375 0.0000
vt 0.0938 1.0000 0.0000
vt 0.1250 0.9375 0.0000
vt 0.1250 1.0000 0.0000
vt 0.1562 0.9375 0.0000
vt 0.1562 1.0000 0.0000
vt 0.1875 0.9375 0.0000
vt 0.1875 1.0000 0.0000
vt 0.2187 0.9375 0.0000
vt 0.2187 1.0000 0.0000
vt 0.2500 0.9375 0.0000
vt 0.2500 1.0000 0.0000
vt 0.2812 0.9375 0.0000
vt 0.2812 1.0000 0.0000
vt 0.3125 0.9375 0.0000
vt 0.3125 1.0000 0.0000
vt 0.3437 0.9375 0.0000
vt 0.3437 1.0000 0.0000
vt 0.3750 0.9375 0.0000
vt 0.3750 1.0000 0.0000
vt 0.4062 0.9375 0.0000
vt 0.4062 1.0000 0.0000
vt 0.4375 0.9375 0.0000
vt 0.4375 1.0000 0.0000
vt 0.4688 0.9375 0.0000
vt 0.4688 1.0000 0.0000
vt 0.5000 0.9375 0.0000
vt 0.5313 0.9375 0.0000
vt 0.5313 1.0000 0.0000
vt 0.5625 0.9375 0.0000
vt 0.5625 1.0000 0.0000
vt 0.5938 0.9375 0.0000
vt 0.5938 1.0000 0.0000
vt 0.6250 0.9375 0.0000
vt 0.6250 1.0000 0.0000
vt 0.6563 0.9375 0.0000
vt 0.6563 1.0000 0.0000
vt 0.6875 0.9375 0.0000
vt 0.6875 1.0000 0.0000
vt 0.7188 0.9375 0.0000
vt 0.7188 1.0000 0.0000
vt 0.7500 0.9375 0.0000
vt 0.7500 1.0000 0.0000
vt 0.7813 0.9375 0.0000
vt 0.7813 1.0000 0.0000
vt 0.8125 0.9375 0.0000
vt 0.8125 1.0000 0.0000
vt 0.8438 0.9375 0.0000
vt 0.8438 1.0000 0.0000
vt 0.8750 0.9375 0.0000
vt 0.8750 1.0000 0.0000
vt 0.9063 0.9375 0.0000
vt 0.9063 1.0000 0.0000
vt 0.9375 0.9375 0.0000
vt 0.9375 1.0000 0.0000
vt 0.9688 0.9375 0.0000
vt 0.9688 1.0000 0.0000
vt 1.0000 0.9375 0.0000
vt 0.0000 0.8750 0.0000
vt 0.0312 0.8750 0.0000
vt 0.0625 0.8750 0.0000
vt 0.0938 0.8750 0.0000
vt 0.1250 0.8750 0.0000
vt 0.1562 0.8750 0.0000
vt 0.1875 0.8750 0.0000
vt 0.2187 0.8750 0.0000
vt 0.2500 0.8750 0.0000
vt 0.2812 0.8750 0.0000
vt 0.3125 0.8750 0.0000
vt 0.3437 0.8750 0.0000
vt 0.3750 0.8750 0.0000
vt 0.4062 0.8750 0.0000
vt 0.4375 0.8750 0.0000
vt 0.4688 0.8750 0.0000
vt 0.5000 0.8750 0.0000
vt 0.5313 0.8750 0.0000
vt 0.5625 0.8750 0.0000
vt 0.5938 0.8750 0.0000
vt 0.6250 0.8750 0.0000
vt 0.6563 0.8750 0.0000
vt 0.6875 0.8750 0.0000
vt 0.7188 0.8750 0.0000
vt 0.7500 0.8750 0.0000
vt 0.7813 0.8750 0.0000
vt 0.8125 0.8750 0.0000
vt 0.8438 0.8750 0.0000
vt 0.8750 0.8750 0.0000
vt 0.9063 0.8750 0.0000
vt 0.9375 0.8750 0.0000
vt 0.9688 0.8750 0.0000
vt 1.0000 0.8750 0.0000
vt 0.0000 0.8125 0.0000
vt 0.0312 0.8125 0.0000
vt 0.0625 0.8125 0.0000
vt 0.0938 0.8125 0.0000
vt 0.1250 0.8125 0.0000
vt 0.1562 0.8125 0.0000
vt 0.1875 0.8125 0.0000
vt 0.2187 0.8125 0.0000
vt 0.2500 0.8125 0.0000
vt 0.2812 0.8125 0.0000
vt 0.3125 0.8125 0.0000
vt 0.3437 0.8125 0.0000
vt 0.3750 0.8125 0.0000
vt 0.4062 0.8125 0.0000
vt 0.4375 0.8125 0.0000
vt 0.4688 0.8125 0.0000
vt 0.5000 0.8125 0.0000
vt 0.5313 0.8125 0.0000
vt 0.5625 0.8125 0.0000
vt 0.5938 0.8125 0.0000
vt 0.6250 0.8125 0.0000
vt 0.6563 0.8125 0.0000
vt 0.6875 0.8125 0.0000
vt 0.7188 0.8125 0.0000
vt 0.7500 0.8125 0.0000
vt 0.7813 0.8125 0.0000
vt 0.8125 0.8125 0.0000
vt 0.8438 0.8125 0.0000
vt 0.8750 0.8125 0.0000
vt 0.9063 0.8125 0.0000
vt 0.9375 0.8125 0.0000
vt 0.9688 0.8125 0.0000
vt 1.0000 0.8125 0.0000
vt 0.0000 0.7500 0.0000
vt 0.0312 0.7500 0.0000
vt 0.0625 0.7500 0.0000
vt 0.0938 0.7500 0.0000
vt 0.1250 0.7500 0.0000
vt 0.1562 0.7500 0.0000
vt 0.1875 0.7500 0.0000
vt 0.2187 0.7500 0.0000
vt 0.2500 0.7500 0.0000
vt 0.2812 0.7500 0.0000
vt 0.3125 0.7500 0.0000
vt 0.3437 0.7500 0.0000
vt 0.3750 0.7500 0.0000
vt 0.4062 0.7500 0.0000
vt 0.4375 0.7500 0.0000
vt 0.4688 0.7500 0.0000
vt 0.5000 0.7500 0.0000
vt 0.5313 0.7500 0.0000
vt 0.5625 0.7500 0.0000
vt 0.5938 0.7500 0.0000
vt 0.6250 0.7500 0.0000
vt 0.6563 0.7500 0.0000
vt 0.6875 0.7500 0.0000
vt 0.7188 0.7500 0.0000
vt 0.7500 0.7500 0.0000
vt 0.7813 0.7500 0.0000
vt 0.8125 0.7500 0.0000
vt 0.8438 0.7500 0.0000
vt 0.8750 0.7500 0.0000
vt 0.9063 0.7500 0.0000
vt 0.9375 0.7500 0.0000
vt 0.9688 0.7500 0.0000
vt 1.0000 0.7500 0.0000
vt 0.0000 0.6875 0.0000
vt 0.0312 0.6875 0.0000
vt 0.0625 0.6875 0.0000
vt 0.0938 0.6875 0.0000
vt 0.1250 0.6875 0.0000
vt 0.1562 0.6875 0.0000
vt 0.1875 0.6875 0.0000
vt 0.2187 0.6875 0.0000
vt 0.2500 0.6875 0.0000
vt 0.2812 0.6875 0.0000
vt 0.3125 0.6875 0.0000
vt 0.3437 0.6875 0.0000
vt 0.3750 0.6875 0.0000
vt 0.4062 0.6875 0.0000
vt 0.4375 0.6875 0.0000
vt 0.4688 0.6875 0.0000
vt 0.5000 0.6875 0.0000
vt 0.5313 0.6875 0.0000
vt 0.5625 0.6875 0.0000
vt 0.5938 0.6875 0.0000
vt 0.6250 0.6875 0.0000
vt 0.6563 0.6875 0.0000
vt 0.6875 0.6875 0.0000
vt 0.7188 0.6875 0.0000
vt 0.7500 0.6875 0.0000
vt 0.7813 0.6875 0.0000
vt 0.8125 0.6875 0.0000
vt 0.8438 0.6875 0.0000
vt 0.8750 0.6875 0.0000
vt 0.9063 0.6875 0.0000
vt 0.9375 0.6875 0.0000
vt 0.9688 0.6875 0.0000
vt 1.0000 0.6875 0.0000
vt 0.0000 0.6250 0.0000
vt 0.0312 0.6250 0.0000
vt 0.0625 0.6250 0.0000
vt 0.0938 0.6250 0.0000
vt 0.1250 0.6250 0.0000
vt 0.1562 0.6250 0.0000
vt 0.1875 0.6250 0.0000
vt 0.2187 0.6250 0.0000
vt 0.2500 0.6250 0.0000
vt 0.2812 0.6250 0.0000
vt 0.3125 0.6250 0.0000
vt 0.3437 0.6250 0.0000
vt 0.3750 0.6250 0.0000
vt 0.4062 0.6250 0.0000
vt 0.4375 0.6250 0.0000
vt 0.4688 0.6250 0.0000
vt 0.5000 0.6250 0.0000
vt 0.5313 0.6250 0.0000
vt 0.5625 0.6250 0.0000
vt 0.5938 0.6250 0.0000
vt 0.6250 0.6250 0.0000
vt 0.6563 0.6250 0.0000
vt 0.6875 0.6250 0.0000
vt 0.7188 0.6250 0.0000
vt 0.7500 0.6250 0.0000
vt 0.7813 0.6250 0.0000
vt 0.8125 0.6250 0.0000
vt 0.8438 0.6250 0.0000
vt 0.8750 0.6250 0.0000
vt 0.9063 0.6250 0.0000
vt 0.9375 0.6250 0.0000
vt 0.9688 0.6250 0.0000
vt 1.0000 0.6250 0.0000
vt 0.0000 0.5625 0.0000
vt 0.0312 0.5625 0.0000
vt 0.0625 0.5625 0.0000
vt 0.0938 0.5625 0.0000
vt 0.1250 0.5625 0.0000
vt 0.1562 0.5625 0.0000
vt 0.1875 0.5625 0.0000
vt 0.2187 0.5625 0.0000
vt 0.2500 0.5625 0.0000
vt 0.2812 0.5625 0.0000
vt 0.3125 0.5625 0.0000
vt 0.3437 0.5625 0.0000
vt 0.3750 0.5625 0.0000
vt 0.4062 0.5625 0.0000
vt 0.4375 0.5625 0.0000
vt 0.4688 0.5625 0.0000
vt 0.5000 0.5625 0.0000
vt 0.5313 0.5625 0.0000
vt 0.5625 0.5625 0.0000
vt 0.5938 0.5625 0.0000
vt 0.6250 0.5625 0.0000
vt 0.6563 0.5625 0.0000
vt 0.6875 0.5625 0.0000
vt 0.7188 0.5625 0.0000
vt 0.7500 0.5625 0.0000
vt 0.7813 0.5625 0.0000
vt 0.8125 0.5625 0.0000
vt 0.8438 0.5625 0.0000
vt 0.8750 0.5625 0.0000
vt 0.9063 0.5625 0.0000
vt 0.9375 0.5625 0.0000
vt 0.9688 0.5625 0.0000
vt 1.0000 0.5625 0.0000
vt 0.0000 0.5000 0.0000
vt 0.0312 0.5000 0.0000
vt 0.0625 0.5000 0.0000
vt 0.0938 0.5000 0.0000
vt 0.1250 0.5000 0.0000
vt 0.1562 0.5000 0.0000
vt 0.1875 0.5000 0.0000
vt 0.2187 0.5000 0.0000
vt 0.2500 0.5000 0.0000
vt 0.2812 0.5000 0.0000
vt 0.3125 0.5000 0.0000
vt 0.3437 0.5000 0.0000
vt 0.3750 0.5000 0.0000
vt 0.4062 0.5000 0.0000
vt 0.4375 0.5000 0.0000
vt 0.4688 0.5000 0.0000
vt 0.5313 0.5000 0.0000
vt 0.5625 0.5000 0.0000
vt 0.5938 0.5000 0.0000
vt 0.6250 0.5000 0.0000
vt 0.6563 0.5000 0.0000
vt 0.6875 0.5000 0.0000
vt 0.7188 0.5000 0.0000
vt 0.7500 0.5000 0.0000
vt 0.7813 0.5000 0.0000
vt 0.8125 0.5000 0.0000
vt 0.8438 0.5000 0.0000
vt 0.8750 0.5000 0.0000
vt 0.9063 0.5000 0.0000
vt 0.9375 0.5000 0.0000
vt 0.9688 0.5000 0.0000
vt 1.0000 0.5000 0.0000
vt 0.0000 0.4375 0.0000
vt 0.0312 0.4375 0.0000
vt 0.0625 0.4375 0.0000
vt 0.0938 0.4375 0.0000
vt 0.1250 0.4375 0.0000
vt 0.1562 0.4375 0.0000
vt 0.1875 0.4375 0.0000
vt 0.2187 0.4375 0.0000
vt 0.2500 0.4375 0.0000
vt 0.2812 0.4375 0.0000
vt 0.3125 0.4375 0.0000
vt 0.3437 0.4375 0.0000
vt 0.3750 0.4375 0.0000
vt 0.4062 0.4375 0.0000
vt 0.4375 0.4375 0.0000
vt 0.4688 0.4375 0.0000
vt 0.5000 0.4375 0.0000
vt 0.5313 0.4375 0.0000
vt 0.5625 0.4375 0.0000
vt 0.5938 0.4375 0.0000
vt 0.6250 0.4375 0.0000
vt 0.6563 0.4375 0.0000
vt 0.6875 0.4375 0.0000
vt 0.7188 0.4375 0.0000
vt 0.7500 0.4375 0.0000
vt 0.7813 0.4375 0.0000
vt 0.8125 0.4375 0.0000
vt 0.8438 0.4375 0.0000
vt 0.8750 0.4375 0.0000
vt 0.9063 0.4375 0.0000
vt 0.9375 0.4375 0.0000
vt 0.9688 0.4375 0.0000
vt 1.0000 0.4375 0.0000
vt 0.0000 0.3750 0.0000
vt 0.0312 0.3750 0.0000
vt 0.0625 0.3750 0.0000
vt 0.0938 0.3750 0.0000
vt 0.1250 0.3750 0.0000
vt 0.1562 0.3750 0.0000
vt 0.1875 0.3750 0.0000
vt 0.2187 0.3750 0.0000
vt 0.2500 0.3750 0.0000
vt 0.2812 0.3750 0.0000
vt 0.3125 0.3750 0.0000
vt 0.3437 0.3750 0.0000
vt 0.3750 0.3750 0.0000
vt 0.4062 0.3750 0.0000
vt 0.4375 0.3750 0.0000
vt 0.4688 0.3750 0.0000
vt 0.5000 0.3750 0.0000
vt 0.5313 0.3750 0.0000
vt 0.5625 0.3750 0.0000
vt 0.5938 0.3750 0.0000
vt 0.6250 0.3750 0.0000
vt 0.6563 0.3750 0.0000
vt 0.6875 0.3750 0.0000
vt 0.7188 0.3750 0.0000
vt 0.7500 0.3750 0.0000
vt 0.7813 0.3750 0.0000
vt 0.8125 0.3750 0.0000
vt 0.8438 0.3750 0.0000
vt 0.8750 0.3750 0.0000
vt 0.9063 0.3750 0.0000
vt 0.9375 0.3750 0.0000
vt 0.9688 0.3750 0.0000
vt 1.0000 0.3750 0.0000
vt 0.0000 0.3125 0.0000
vt 0.0312 0.3125 0.0000
vt 0.0625 0.3125 0.0000
vt 0.0938 0.3125 0.0000
vt 0.1250 0.3125 0.0000
vt 0.1562 0.3125 0.0000
vt 0.1875 0.3125 0.0000
vt 0.2187 0.3125 0.0000
vt 0.2500 0.3125 0.0000
vt 0.2812 0.3125 0.0000
vt 0.3125 0.3125 0.0000
vt 0.3437 0.3125 0.0000
vt 0.3750 0.3125 0.0000
vt 0.4062 0.3125 0.0000
vt 0.4375 0.3125 0.0000
vt 0.4688 0.3125 0.0000
vt 0.5000 0.3125 0.0000
vt 0.5313 0.3125 0.0000
vt 0.5625 0.3125 0.0000
vt 0.5938 0.3125 0.0000
vt 0.6250 0.3125 0.0000
vt 0.6563 0.3125 0.0000
vt 0.6875 0.3125 0.0000
vt 0.7188 0.3125 0.0000
vt 0.7500 0.3125 0.0000
vt 0.7813 0.3125 0.0000
vt 0.8125 0.3125 0.0000
vt 0.8438 0.3125 0.0000
vt 0.8750 0.3125 0.0000
vt 0.9063 0.3125 0.0000
vt 0.9375 0.3125 0.0000
vt 0.9688 0.3125 0.0000
vt 1.0000 0.3125 0.0000
vt 0.0000 0.2500 0.0000
vt 0.0312 0.2500 0.0000
vt 0.0625 0.2500 0.0000
vt 0.0938 0.2500 0.0000
vt 0.1250 0.2500 0.0000
vt 0.1562 0.2500 0.0000
vt 0.1875 0.2500 0.0000
vt 0.2187 0.2500 0.0000
vt 0.2500 0.2500 0.0000
vt 0.2812 0.2500 0.0000
vt 0.3125 0.2500 0.0000
vt 0.3437 0.2500 0.0000
vt 0.3750 0.2500 0.0000
vt 0.4062 0.2500 0.0000
vt 0.4375 0.2500 0.0000
vt 0.4688 0.2500 0.0000
vt 0.5000 0.2500 0.0000
vt 0.5313 0.2500 0.0000
vt 0.5625 0.2500 0.0000
vt 0.5938 0.2500 0.0000
vt 0.6250 0.2500 0.0000
vt 0.6563 0.2500 0.0000
vt 0.6875 0.2500 0.0000
vt 0.7188 0.2500 0.0000
vt 0.7500 0.2500 0.0000
vt 0.7813 0.2500 0.0000
vt 0.8125 0.2500 0.0000
vt 0.8438 0.2500 0.0000
vt 0.8750 0.2500 0.0000
vt 0.9063 0.2500 0.0000
vt 0.9375 0.2500 0.0000
vt 0.9688 0.2500 0.0000
vt 1.0000 0.2500 0.0000
vt 0.0000 0.1875 0.0000
vt 0.0312 0.1875 0.0000
vt 0.0625 0.1875 0.0000
vt 0.0938 0.1875 0.0000
vt 0.1250 0.1875 0.0000
vt 0.1562 0.1875 0.0000
vt 0.1875 0.1875 0.0000
vt 0.2187 0.1875 0.0000
vt 0.2500 0.1875 0.0000
vt 0.2812 0.1875 0.0000
vt 0.3125 0.1875 0.0000
vt 0.3437 0.1875 0.0000
vt 0.3750 0.1875 0.0000
vt 0.4062 0.1875 0.0000
vt 0.4375 0.1875 0.0000
vt 0.4688 0.1875 0.0000
vt 0.5000 0.1875 0.0000
vt 0.5313 0.1875 0.0000
vt 0.5625 0.1875 0.0000
vt 0.5938 0.1875 0.0000
vt 0.6250 0.1875 0.0000
vt 0.6563 0.1875 0.0000
vt 0.6875 0.1875 0.0000
vt 0.7188 0.1875 0.0000
vt 0.7500 0.1875 0.0000
vt 0.7813 0.1875 0.0000
vt 0.8125 0.1875 0.0000
vt 0.8438 0.1875 0.0000
vt 0.8750 0.1875 0.0000
vt 0.9063 0.1875 0.0000
vt 0.9375 0.1875 0.0000
vt 0.9688 0.1875 0.0000
vt 1.0000 0.1875 0.0000
vt 0.0000 0.1250 0.0000
vt 0.0312 0.1250 0.0000
vt 0.0625 0.1250 0.0000
vt 0.0938 0.1250 0.0000
vt 0.1250 0.1250 0.0000
vt 0.1562 0.1250 0.0000
vt 0.1875 0.1250 0.0000
vt 0.2187 0.1250 0.0000
vt 0.2500 0.1250 0.0000
vt 0.2812 0.1250 0.0000
vt 0.3125 0.1250 0.0000
vt 0.3437 0.1250 0.0000
vt 0.3750 0.1250 0.0000
vt 0.4062 0.1250 0.0000
vt 0.4375 0.1250 0.0000
vt 0.4688 0.1250 0.0000
vt 0.5000 0.1250 0.0000
vt 0.5313 0.1250 0.0000
vt 0.5625 0.1250 0.0000
vt 0.5938 0.1250 0.0000
vt 0.6250 0.1250 0.0000
vt 0.6563 0.1250 0.0000
vt 0.6875 0.1250 0.0000
vt 0.7188 0.1250 0.0000
vt 0.7500 0.1250 0.0000
vt 0.7813 0.1250 0.0000
vt 0.8125 0.1250 0.0000
vt 0.8438 0.1250 0.0000
vt 0.8750 0.1250 0.0000
vt 0.9063 0.1250 0.0000
vt 0.9375 0.1250 0.0000
vt 0.9688 0.1250 0.0000
vt 1.0000 0.1250 0.0000
vt 0.0000 0.0625 0.0000
vt 0.0312 0.0625 0.0000
vt 0.0625 0.0625 0.0000
vt 0.0938 0.0625 0.0000
vt 0.1250 0.0625 0.0000
vt 0.1562 0.0625 0.0000
vt 0.1875 0.0625 0.0000
vt 0.2187 0.0625 0.0000
vt 0.2500 0.0625 0.0000
vt 0.2812 0.0625 0.0000
vt 0.3125 0.0625 0.0000
vt 0.3437 0.0625 0.0000
vt 0.3750 0.0625 0.0000
vt 0.4062 0.0625 0.0000
vt 0.4375 0.0625 0.0000
vt 0.4688 0.0625 0.0000
vt 0.5000 0.0625 0.0000
vt 0.5313 0.0625 0.0000
vt 0.5625 0.0625 0.0000
vt 0.5938 0.0625 0.0000
vt 0.6250 0.0625 0.0000
vt 0.6563 0.0625 0.0000
vt 0.6875 0.0625 0.0000
vt 0.7188 0.0625 0.0000
vt 0.7500 0.0625 0.0000
vt 0.7813 0.0625 0.0000
vt 0.8125 0.0625 0.0000
vt 0.8438 0.0625 0.0000
vt 0.8750 0.0625 0.0000
vt 0.9063 0.0625 0.0000
vt 0.9375 0.0625 0.0000
vt 0.9688 0.0625 0.0000
vt 1.0000 0.0625 0.0000
vt 0.0000 -0.0000 0.0000
vt 0.0312 -0.0000 0.0000
vt 0.0625 -0.0000 0.0000
vt 0.0938 -0.0000 0.0000
vt 0.1250 -0.0000 0.0000
vt 0.1562 -0.0000 0.0000
vt 0.1875 -0.0000 0.0000
vt 0.2187 -0.0000 0.0000
vt 0.2500 -0.0000 0.0000
vt 0.2812 -0.0000 0.0000
vt 0.3125 -0.0000 0.0000
vt 0.3437 -0.0000 0.0000
vt 0.3750 -0.0000 0.0000
vt 0.4062 -0.0000 0.0000
vt 0.4375 -0.0000 0.0000
vt 0.4688 -0.0000 0.0000
vt 0.5000 -0.0000 0.0000
vt 0.5313 -0.0000 0.0000
vt 0.5625 -0.0000 0.0000
vt 0.5938 -0.0000 0.0000
vt 0.6250 -0.0000 0.0000
vt 0.6563 -0.0000 0.0000
vt 0.6875 -0.0000 0.0000
vt 0.7188 -0.0000 0.0000
vt 0.7500 -0.0000 0.0000
vt 0.7813 -0.0000 0.0000
vt 0.8125 -0.0000 0.0000
vt 0.8438 -0.0000 0.0000
vt 0.8750 -0.0000 0.0000
vt 0.9063 -0.0000 0.0000
vt 0.9375 -0.0000 0.0000
vt 0.9688 -0.0000 0.0000
vt 0.0000 0.8182 0.0000
vt 0.0909 0.8182 0.0000
vt 0.0909 1.0000 0.0000
vt 0.1818 0.8182 0.0000
vt 0.1818 1.0000 0.0000
vt 0.2727 0.8182 0.0000
vt 0.2727 1.0000 0.0000
vt 0.3636 0.8182 0.0000
vt 0.3636 1.0000 0.0000
vt 0.4545 0.8182 0.0000
vt 0.4545 1.0000 0.0000
vt 0.5455 0.8182 0.0000
vt 0.5455 1.0000 0.0000
vt 0.6364 0.8182 0.0000
vt 0.6364 1.0000 0.0000
vt 0.7273 0.8182 0.0000
vt 0.7273 1.0000 0.0000
vt 0.8182 0.8182 0.0000
vt 0.8182 1.0000 0.0000
vt 0.9091 0.8182 0.0000
vt 0.9091 1.0000 0.0000
vt 1.0000 0.8182 0.0000
vt 0.0000 0.6364 0.0000
vt 0.0909 0.6364 0.0000
vt 0.1818 0.6364 0.0000
vt 0.2727 0.6364 0.0000
vt 0.3636 0.6364 0.0000
vt 0.4545 0.6364 0.0000
vt 0.5455 0.6364 0.0000
vt 0.6364 0.6364 0.0000
vt 0.7273 0.6364 0.0000
vt 0.8182 0.6364 0.0000
vt 0.9091 0.6364 0.0000
vt 1.0000 0.6364 0.0000
vt 0.0000 0.4545 0.0000
vt 0.0909 0.4545 0.0000
vt 0.1818 0.4545 0.0000
vt 0.2727 0.4545 0.0000
vt 0.3636 0.4545 0.0000
vt 0.4545 0.4545 0.0000
vt 0.5455 0.4545 0.0000
vt 0.6364 0.4545 0.0000
vt 0.7273 0.4545 0.0000
vt 0.8182 0.4545 0.0000
vt 0.9091 0.4545 0.0000
vt 1.0000 0.4545 0.0000
vt 0.0000 0.2727 0.0000
vt 0.0909 0.2727 0.0000
vt 0.1818 0.2727 0.0000
vt 0.2727 0.2727 0.0000
vt 0.3636 0.2727 0.0000
vt 0.4545 0.2727 0.0000
vt 0.5455 0.2727 0.0000
vt 0.6364 0.2727 0.0000
vt 0.7273 0.2727 0.0000
vt 0.8182 0.2727 0.0000
vt 0.9091 0.2727 0.0000
vt 1.0000 0.2727 0.0000
vt 0.0000 0.0909 0.0000
vt 0.0909 0.0909 0.0000
vt 0.1818 0.0909 0.0000
vt 0.2727 0.0909 0.0000
vt 0.3636 0.0909 0.0000
vt 0.4545 0.0909 0.0000
vt 0.5455 0.0909 0.0000
vt 0.6364 0.0909 0.0000
vt 0.7273 0.0909 0.0000
vt 0.8182 0.0909 0.0000
vt 0.9091 0.0909 0.0000
vt 0.2500 0.0000 0.0000
vt 0.5000 0.0000 0.0000
vt 0.7500 0.0000 0.0000
vt -0.0076 0.0000 -0.9319
vt -0.0000 0.0000 -1.0000
vt 0.1515 0.0000 0.1569
vt 0.0536 0.0000 0.2496
vt -0.0139 0.0000 0.3253
vt -0.0464 0.0000 0.3788
vt -0.0417 0.0000 0.4065
vt 0.0000 0.0000 0.4065
vt 0.0417 0.0000 0.4065
vt 0.0833 0.0000 0.4065
vt 0.1250 0.0000 0.4065
vt 0.1667 0.0000 0.4065
vt 0.2083 0.0000 0.4065
vt 0.2500 0.0000 0.4065
vt 0.2917 0.0000 0.4065
vt 0.3333 0.0000 0.4065
vt 0.3750 0.0000 0.4065
vt 0.4167 0.0000 0.4065
vt 0.4583 0.0000 0.4065
vt 0.5000 0.0000 0.4065
vt 0.5417 0.0000 0.4065
vt 0.5833 0.0000 0.4065
vt 0.6250 0.0000 0.4065
vt 0.6667 0.0000 0.4065
vt 0.7083 0.0000 0.4065
vt 0.7500 0.0000 0.4065
vt 0.7083 0.2000 0.5252
vt 0.7500 0.2000 0.5252
vt 0.6667 0.2000 0.5252
vt 0.6250 0.2000 0.5252
vt 0.5833 0.2000 0.5252
vt 0.5417 0.2000 0.5252
vt 0.5000 0.2000 0.5252
vt 0.4583 0.2000 0.5252
vt 0.4167 0.2000 0.5252
vt 0.3750 0.2000 0.5252
vt 0.3333 0.2000 0.5252
vt 0.2917 0.2000 0.5252
vt 0.2500 0.2000 0.5252
vt 0.2083 0.2000 0.5252
vt 0.1667 0.2000 0.5252
vt 0.1250 0.2000 0.5252
vt 0.0833 0.2000 0.5252
vt 0.0417 0.2000 0.5252
vt 0.0000 0.2000 0.5252
vt -0.0417 0.2000 0.5252
vt 0.9583 0.0000 0.4065
vt 0.9167 0.0000 0.4065
vt 0.9167 0.2000 0.5252
vt 0.9583 0.2000 0.5252
vt 0.8750 0.0000 0.4065
vt 0.8750 0.2000 0.5252
vt 0.8333 0.0000 0.4065
vt 0.8333 0.2000 0.5252
vt 0.7917 0.0000 0.4065
vt 0.7917 0.2000 0.5252
vt 0.7083 0.4000 0.6439
vt 0.7500 0.4000 0.6439
vt 0.6667 0.4000 0.6439
vt 0.6250 0.4000 0.6439
vt 0.5833 0.4000 0.6439
vt 0.5417 0.4000 0.6439
vt 0.5000 0.4000 0.6439
vt 0.4583 0.4000 0.6439
vt 0.4167 0.4000 0.6439
vt 0.3750 0.4000 0.6439
vt 0.3333 0.4000 0.6439
vt 0.2917 0.4000 0.6439
vt 0.2500 0.4000 0.6439
vt 0.2083 0.4000 0.6439
vt 0.1667 0.4000 0.6439
vt 0.1250 0.4000 0.6439
vt 0.0833 0.4000 0.6439
vt 0.0417 0.4000 0.6439
vt 0.0000 0.4000 0.6439
vt -0.0417 0.4000 0.6439
vt 0.9167 0.4000 0.6439
vt 0.9583 0.4000 0.6439
vt 0.8750 0.4000 0.6439
vt 0.8333 0.4000 0.6439
vt 0.7917 0.4000 0.6439
vt 0.7083 0.6000 0.7626
vt 0.7500 0.6000 0.7626
vt 0.6667 0.6000 0.7626
vt 0.6250 0.6000 0.7626
vt 0.5833 0.6000 0.7626
vt 0.5417 0.6000 0.7626
vt 0.5000 0.6000 0.7626
vt 0.4583 0.6000 0.7626
vt 0.4167 0.6000 0.7626
vt 0.3750 0.6000 0.7626
vt 0.3333 0.6000 0.7626
vt 0.2917 0.6000 0.7626
vt 0.2500 0.6000 0.7626
vt 0.2083 0.6000 0.7626
vt 0.1667 0.6000 0.7626
vt 0.1250 0.6000 0.7626
vt 0.0833 0.6000 0.7626
vt 0.0417 0.6000 0.7626
vt 0.0000 0.6000 0.7626
vt -0.0417 0.6000 0.7626
vt 0.9167 0.6000 0.7626
vt 0.9583 0.6000 0.7626
vt 0.8750 0.6000 0.7626
vt 0.8333 0.6000 0.7626
vt 0.7917 0.6000 0.7626
vt 0.7083 0.8000 0.8813
vt 0.7500 0.8000 0.8813
vt 0.6667 0.8000 0.8813
vt 0.6250 0.8000 0.8813
vt 0.5833 0.8000 0.8813
vt 0.5417 0.8000 0.8813
vt 0.5000 0.8000 0.8813
vt 0.4583 0.8000 0.8813
vt 0.4167 0.8000 0.8813
vt 0.3750 0.8000 0.8813
vt 0.3333 0.8000 0.8813
vt 0.2917 0.8000 0.8813
vt 0.2500 0.8000 0.8813
vt 0.2083 0.8000 0.8813
vt 0.1667 0.8000 0.8813
vt 0.1250 0.8000 0.8813
vt 0.0833 0.8000 0.8813
vt 0.0417 0.8000 0.8813
vt 0.0000 0.8000 0.8813
vt -0.0417 0.8000 0.8813
vt 0.9167 0.8000 0.8813
vt 0.9583 0.8000 0.8813
vt 0.8750 0.8000 0.8813
vt 0.8333 0.8000 0.8813
vt 0.7917 0.8000 0.8813
vt 0.7083 1.0000 1.0000
vt 0.6667 1.0000 1.0000
vt 0.6250 1.0000 1.0000
vt 0.5417 1.0000 1.0000
vt 0.5000 1.0000 1.0000
vt 0.4583 1.0000 1.0000
vt 0.3750 1.0000 1.0000
vt 0.3333 1.0000 1.0000
vt 0.2917 1.0000 1.0000
vt 0.2083 1.0000 1.0000
vt 0.1667 1.0000 1.0000
vt 0.1250 1.0000 1.0000
vt 0.0417 1.0000 1.0000
vt 0.0000 1.0000 1.0000
vt -0.0417 1.0000 1.0000
vt 0.9583 1.0000 1.0000
vt 0.8750 1.0000 1.0000
vt 0.8333 1.0000 1.0000
vt 0.7917 1.0000 1.0000
vt -0.0464 1.0000 0.9319
vt -0.0139 1.0000 0.8002
vt 0.0536 1.0000 0.6140
vt 0.6600 1.0000 -0.0000
# 1063 texture coords

o Box009
g Box009
usemtl wire_180075069
s 2
f 1/1/1 2/2/2 3/3/3 4/4/4 
s 4
f 5/4/5 6/1/6 7/2/7 8/3/8 
s 8
f 1/4/1 4/1/4 6/2/6 5/3/5 
s 16
f 4/4/4 3/1/3 7/2/7 6/3/6 
s 32
f 3/4/3 2/1/2 8/2/8 7/3/7 
s 64
f 2/4/2 1/1/1 5/2/5 8/3/8 
s 1
f 9/5/9 10/6/10 11/7/11 12/8/12 13/9/13 14/10/14 15/11/15 16/12/16 17/13/17 18/14/18 19/15/19 20/16/20 21/17/21 22/18/22 23/19/23 24/20/24 25/21/25 26/22/26 27/23/27 28/24/28 29/25/29 30/26/30 31/27/31 32/28/32 
s 8
f 32/28/32 31/27/31 33/29/33 34/30/34 
f 31/27/31 30/26/30 35/31/35 33/29/33 
f 30/26/30 29/25/29 36/32/36 35/31/35 
f 29/25/29 28/24/28 37/33/37 36/32/36 
f 28/24/28 27/23/27 38/34/38 37/33/37 
f 27/23/27 26/22/26 39/35/39 38/34/38 
f 26/36/26 25/37/25 40/38/40 39/39/39 
f 25/37/25 24/40/24 41/41/41 40/38/40 
f 24/40/24 23/42/23 42/43/42 41/41/41 
f 23/42/23 22/44/22 43/45/43 42/43/42 
f 22/44/22 21/46/21 44/47/44 43/45/43 
f 21/46/21 20/48/20 45/49/45 44/47/44 
f 20/48/20 19/50/19 46/51/46 45/49/45 
f 19/50/19 18/52/18 47/53/47 46/51/46 
f 18/52/18 17/54/17 48/55/48 47/53/47 
f 17/54/17 16/56/16 49/57/49 48/55/48 
f 16/56/16 15/58/15 50/59/50 49/57/49 
f 15/58/15 14/60/14 51/61/51 50/59/50 
f 14/60/14 13/62/13 52/63/52 51/61/51 
f 13/62/13 12/64/12 53/65/53 52/63/52 
f 12/64/12 11/66/11 54/67/54 53/65/53 
f 11/66/11 10/68/10 55/69/55 54/67/54 
f 10/68/10 9/70/9 56/71/56 55/69/55 
f 9/70/9 32/28/32 34/30/34 56/71/56 
f 34/30/34 33/29/33 57/72/33 58/73/57 
f 33/29/33 35/31/35 59/74/35 57/72/33 
f 35/31/35 36/32/36 60/75/36 59/74/35 
f 36/32/36 37/33/37 61/76/37 60/75/36 
f 37/33/37 38/34/38 62/77/38 61/76/37 
f 38/34/38 39/35/39 63/78/58 62/77/38 
f 39/39/39 40/38/40 64/79/40 63/80/58 
f 40/38/40 41/41/41 65/81/41 64/79/40 
f 41/41/41 42/43/42 66/82/42 65/81/41 
f 42/43/42 43/45/43 67/83/43 66/82/42 
f 43/45/43 44/47/44 68/84/44 67/83/43 
f 44/47/44 45/49/45 69/85/45 68/84/44 
f 45/49/45 46/51/46 70/86/46 69/85/45 
f 46/51/46 47/53/47 71/87/47 70/86/46 
f 47/53/47 48/55/48 72/88/48 71/87/47 
f 48/55/48 49/57/49 73/89/49 72/88/48 
f 49/57/49 50/59/50 74/90/50 73/89/49 
f 50/59/50 51/61/51 75/91/51 74/90/50 
f 51/61/51 52/63/52 76/92/52 75/91/51 
f 52/63/52 53/65/53 77/93/53 76/92/52 
f 53/65/53 54/67/54 78/94/54 77/93/53 
f 54/67/54 55/69/55 79/95/55 78/94/54 
f 55/69/55 56/71/56 80/96/56 79/95/55 
f 56/71/56 34/30/34 58/73/57 80/96/56 
f 58/73/57 57/72/33 81/97/33 82/98/57 
f 57/72/33 59/74/35 83/99/35 81/97/33 
f 59/74/35 60/75/36 84/100/36 83/99/35 
f 60/75/36 61/76/37 85/101/37 84/100/36 
f 61/76/37 62/77/38 86/102/38 85/101/37 
f 62/77/38 63/78/58 87/103/39 86/102/38 
f 63/80/58 64/79/40 88/104/40 87/105/39 
f 64/79/40 65/81/41 89/106/41 88/104/40 
f 65/81/41 66/82/42 90/107/42 89/106/41 
f 66/82/42 67/83/43 91/108/43 90/107/42 
f 67/83/43 68/84/44 92/109/44 91/108/43 
f 68/84/44 69/85/45 93/110/45 92/109/44 
f 69/85/45 70/86/46 94/111/46 93/110/45 
f 70/86/46 71/87/47 95/112/47 94/111/46 
f 71/87/47 72/88/48 96/113/48 95/112/47 
f 72/88/48 73/89/49 97/114/49 96/113/48 
f 73/89/49 74/90/50 98/115/50 97/114/49 
f 74/90/50 75/91/51 99/116/51 98/115/50 
f 75/91/51 76/92/52 100/117/52 99/116/51 
f 76/92/52 77/93/53 101/118/53 100/117/52 
f 77/93/53 78/94/54 102/119/54 101/118/53 
f 78/94/54 79/95/55 103/120/55 102/119/54 
f 79/95/55 80/96/56 104/121/56 103/120/55 
f 80/96/56 58/73/57 82/98/57 104/121/56 
f 82/98/57 81/97/33 105/122/33 106/123/34 
f 81/97/33 83/99/35 107/124/35 105/122/33 
f 83/99/35 84/100/36 108/125/36 107/124/35 
f 84/100/36 85/101/37 109/126/37 108/125/36 
f 85/101/37 86/102/38 110/127/38 109/126/37 
f 86/102/38 87/103/39 111/128/58 110/127/38 
f 87/105/39 88/104/40 112/129/40 111/130/58 
f 88/104/40 89/106/41 113/131/41 112/129/40 
f 89/106/41 90/107/42 114/132/42 113/131/41 
f 90/107/42 91/108/43 115/133/43 114/132/42 
f 91/108/43 92/109/44 116/134/44 115/133/43 
f 92/109/44 93/110/45 117/135/45 116/134/44 
f 93/110/45 94/111/46 118/136/46 117/135/45 
f 94/111/46 95/112/47 119/137/47 118/136/46 
f 95/112/47 96/113/48 120/138/48 119/137/47 
f 96/113/48 97/114/49 121/139/49 120/138/48 
f 97/114/49 98/115/50 122/140/50 121/139/49 
f 98/115/50 99/116/51 123/141/51 122/140/50 
f 99/116/51 100/117/52 124/142/52 123/141/51 
f 100/117/52 101/118/53 125/143/53 124/142/52 
f 101/118/53 102/119/54 126/144/54 125/143/53 
f 102/119/54 103/120/55 127/145/55 126/144/54 
f 103/120/55 104/121/56 128/146/56 127/145/55 
f 104/121/56 82/98/57 106/123/34 128/146/56 
f 106/123/34 105/122/33 129/147/59 129/147/59 
f 105/122/33 107/124/35 129/147/59 129/147/59 
f 107/124/35 108/125/36 129/147/59 129/147/59 
f 108/125/36 109/126/37 129/147/59 129/147/59 
f 109/126/37 110/127/38 129/147/59 129/147/59 
f 110/127/38 111/128/58 129/147/59 129/147/59 
f 111/130/58 112/129/40 129/147/59 129/147/59 
f 112/129/40 113/131/41 129/147/59 129/147/59 
f 113/131/41 114/132/42 129/147/59 129/147/59 
f 114/132/42 115/133/43 129/147/59 129/147/59 
f 115/133/43 116/134/44 129/147/59 129/147/59 
f 116/134/44 117/135/45 129/147/59 129/147/59 
f 117/135/45 118/136/46 129/147/59 129/147/59 
f 118/136/46 119/137/47 129/147/59 129/147/59 
f 119/137/47 120/138/48 129/147/59 129/147/59 
f 120/138/48 121/139/49 129/147/59 129/147/59 
f 121/139/49 122/140/50 129/147/59 129/147/59 
f 122/140/50 123/141/51 129/147/59 129/147/59 
f 123/141/51 124/142/52 129/147/59 129/147/59 
f 124/142/52 125/143/53 129/147/59 129/147/59 
f 125/143/53 126/144/54 129/147/59 129/147/59 
f 126/144/54 127/145/55 129/147/59 129/147/59 
f 127/145/55 128/146/56 129/147/59 129/147/59 
f 128/146/56 106/123/34 129/147/59 129/147/59 
s 1
f 129/147/59 129/147/59 129/147/59 129/147/59 129/147/59 129/147/59 129/147/59 129/147/59 129/147/59 129/147/59 129/147/59 129/147/59 129/147/59 129/147/59 129/147/59 129/147/59 129/147/59 129/147/59 129/147/59 129/147/59 129/147/59 129/147/59 129/147/59 129/147/59 
f 130/5/9 131/6/10 132/7/11 133/8/12 134/9/13 135/10/14 136/11/15 137/12/16 138/13/17 139/14/18 140/15/19 141/16/20 142/17/21 143/18/22 144/19/23 145/20/24 146/21/25 147/22/60 148/23/27 149/24/28 150/25/29 151/26/30 152/27/31 153/28/32 
s 8
f 153/28/32 152/27/31 154/29/33 155/30/34 
f 152/27/31 151/26/30 156/31/35 154/29/33 
f 151/26/30 150/25/29 157/32/36 156/31/35 
f 150/25/29 149/24/28 158/33/37 157/32/36 
f 149/24/28 148/23/27 159/34/38 158/33/37 
f 148/23/27 147/22/60 160/35/39 159/34/38 
f 147/36/60 146/37/25 161/38/40 160/39/39 
f 146/37/25 145/40/24 162/41/41 161/38/40 
f 145/40/24 144/42/23 163/43/42 162/41/41 
f 144/42/23 143/44/22 164/45/43 163/43/42 
f 143/44/22 142/46/21 165/47/44 164/45/43 
f 142/46/21 141/48/20 166/49/45 165/47/44 
f 141/48/20 140/50/19 167/51/46 166/49/45 
f 140/50/19 139/52/18 168/53/47 167/51/46 
f 139/52/18 138/54/17 169/55/48 168/53/47 
f 138/54/17 137/56/16 170/57/49 169/55/48 
f 137/56/16 136/58/15 171/59/50 170/57/49 
f 136/58/15 135/60/14 172/61/51 171/59/50 
f 135/60/14 134/62/13 173/63/52 172/61/51 
f 134/62/13 133/64/12 174/65/53 173/63/52 
f 133/64/12 132/66/11 175/67/54 174/65/53 
f 132/66/11 131/68/10 176/69/55 175/67/54 
f 131/68/10 130/70/9 177/71/56 176/69/55 
f 130/70/9 153/28/32 155/30/34 177/71/56 
f 155/30/34 154/29/33 178/72/33 179/73/57 
f 154/29/33 156/31/35 180/74/35 178/72/33 
f 156/31/35 157/32/36 181/75/36 180/74/35 
f 157/32/36 158/33/37 182/76/37 181/75/36 
f 158/33/37 159/34/38 183/77/38 182/76/37 
f 159/34/38 160/35/39 184/78/58 183/77/38 
f 160/39/39 161/38/40 185/79/40 184/80/58 
f 161/38/40 162/41/41 186/81/41 185/79/40 
f 162/41/41 163/43/42 187/82/42 186/81/41 
f 163/43/42 164/45/43 188/83/43 187/82/42 
f 164/45/43 165/47/44 189/84/44 188/83/43 
f 165/47/44 166/49/45 190/85/45 189/84/44 
f 166/49/45 167/51/46 191/86/46 190/85/45 
f 167/51/46 168/53/47 192/87/47 191/86/46 
f 168/53/47 169/55/48 193/88/48 192/87/47 
f 169/55/48 170/57/49 194/89/49 193/88/48 
f 170/57/49 171/59/50 195/90/50 194/89/49 
f 171/59/50 172/61/51 196/91/51 195/90/50 
f 172/61/51 173/63/52 197/92/52 196/91/51 
f 173/63/52 174/65/53 198/93/53 197/92/52 
f 174/65/53 175/67/54 199/94/54 198/93/53 
f 175/67/54 176/69/55 200/95/55 199/94/54 
f 176/69/55 177/71/56 201/96/56 200/95/55 
f 177/71/56 155/30/34 179/73/57 201/96/56 
f 179/73/57 178/72/33 202/97/33 203/98/57 
f 178/72/33 180/74/35 204/99/35 202/97/33 
f 180/74/35 181/75/36 205/100/36 204/99/35 
f 181/75/36 182/76/37 206/101/37 205/100/36 
f 182/76/37 183/77/38 207/102/38 206/101/37 
f 183/77/38 184/78/58 208/103/39 207/102/38 
f 184/80/58 185/79/40 209/104/40 208/105/39 
f 185/79/40 186/81/41 210/106/41 209/104/40 
f 186/81/41 187/82/42 211/107/42 210/106/41 
f 187/82/42 188/83/43 212/108/43 211/107/42 
f 188/83/43 189/84/44 213/109/44 212/108/43 
f 189/84/44 190/85/45 214/110/45 213/109/44 
f 190/85/45 191/86/46 215/111/46 214/110/45 
f 191/86/46 192/87/47 216/112/47 215/111/46 
f 192/87/47 193/88/48 217/113/48 216/112/47 
f 193/88/48 194/89/49 218/114/49 217/113/48 
f 194/89/49 195/90/50 219/115/50 218/114/49 
f 195/90/50 196/91/51 220/116/51 219/115/50 
f 196/91/51 197/92/52 221/117/52 220/116/51 
f 197/92/52 198/93/53 222/118/53 221/117/52 
f 198/93/53 199/94/54 223/119/54 222/118/53 
f 199/94/54 200/95/55 224/120/55 223/119/54 
f 200/95/55 201/96/56 225/121/56 224/120/55 
f 201/96/56 179/73/57 203/98/57 225/121/56 
f 203/98/57 202/97/33 226/122/33 227/123/34 
f 202/97/33 204/99/35 228/124/35 226/122/33 
f 204/99/35 205/100/36 229/125/36 228/124/35 
f 205/100/36 206/101/37 230/126/37 229/125/36 
f 206/101/37 207/102/38 231/127/38 230/126/37 
f 207/102/38 208/103/39 232/128/58 231/127/38 
f 208/105/39 209/104/40 233/129/40 232/130/58 
f 209/104/40 210/106/41 234/131/41 233/129/40 
f 210/106/41 211/107/42 235/132/42 234/131/41 
f 211/107/42 212/108/43 236/133/43 235/132/42 
f 212/108/43 213/109/44 237/134/44 236/133/43 
f 213/109/44 214/110/45 238/135/45 237/134/44 
f 214/110/45 215/111/46 239/136/46 238/135/45 
f 215/111/46 216/112/47 240/137/47 239/136/46 
f 216/112/47 217/113/48 241/138/48 240/137/47 
f 217/113/48 218/114/49 242/139/49 241/138/48 
f 218/114/49 219/115/50 243/140/50 242/139/49 
f 219/115/50 220/116/51 244/141/51 243/140/50 
f 220/116/51 221/117/52 245/142/52 244/141/51 
f 221/117/52 222/118/53 246/143/53 245/142/52 
f 222/118/53 223/119/54 247/144/54 246/143/53 
f 223/119/54 224/120/55 248/145/55 247/144/54 
f 224/120/55 225/121/56 249/146/56 248/145/55 
f 225/121/56 203/98/57 227/123/34 249/146/56 
f 227/123/34 226/122/33 250/147/59 250/147/59 
f 226/122/33 228/124/35 250/147/59 250/147/59 
f 228/124/35 229/125/36 250/147/59 250/147/59 
f 229/125/36 230/126/37 250/147/59 250/147/59 
f 230/126/37 231/127/38 250/147/59 250/147/59 
f 231/127/38 232/128/58 250/147/59 250/147/59 
f 232/130/58 233/129/40 250/147/59 250/147/59 
f 233/129/40 234/131/41 250/147/59 250/147/59 
f 234/131/41 235/132/42 250/147/59 250/147/59 
f 235/132/42 236/133/43 250/147/59 250/147/59 
f 236/133/43 237/134/44 250/147/59 250/147/59 
f 237/134/44 238/135/45 250/147/59 250/147/59 
f 238/135/45 239/136/46 250/147/59 250/147/59 
f 239/136/46 240/137/47 250/147/59 250/147/59 
f 240/137/47 241/138/48 250/147/59 250/147/59 
f 241/138/48 242/139/49 250/147/59 250/147/59 
f 242/139/49 243/140/50 250/147/59 250/147/59 
f 243/140/50 244/141/51 250/147/59 250/147/59 
f 244/141/51 245/142/52 250/147/59 250/147/59 
f 245/142/52 246/143/53 250/147/59 250/147/59 
f 246/143/53 247/144/54 250/147/59 250/147/59 
f 247/144/54 248/145/55 250/147/59 250/147/59 
f 248/145/55 249/146/56 250/147/59 250/147/59 
f 249/146/56 227/123/34 250/147/59 250/147/59 
s 1
f 250/147/59 250/147/59 250/147/59 250/147/59 250/147/59 250/147/59 250/147/59 250/147/59 250/147/59 250/147/59 250/147/59 250/147/59 250/147/59 250/147/59 250/147/59 250/147/59 250/147/59 250/147/59 250/147/59 250/147/59 250/147/59 250/147/59 250/147/59 250/147/59 
s 2
f 251/1/61 252/2/62 253/3/63 254/4/64 
s 4
f 255/4/65 256/1/66 257/2/67 258/3/68 
s 8
f 251/4/61 254/1/64 256/2/66 255/3/65 
s 16
f 254/4/64 253/1/63 257/2/67 256/3/66 
s 32
f 253/4/63 252/1/62 258/2/68 257/3/67 
s 64
f 252/4/62 251/1/61 255/2/65 258/3/68 
s 4
f 259/147/69 260/4/70 261/1/71 
s 2
f 259/147/69 261/4/71 262/1/72 
s 16
f 259/147/69 262/4/72 263/1/73 
s 32
f 259/147/69 263/4/73 260/1/70 
s 8
f 260/3/70 264/148/74 261/2/71 
f 261/2/71 264/148/74 262/1/72 
f 262/1/72 264/148/74 263/4/73 
f 263/4/73 264/148/74 260/3/70 
s 4
f 265/147/75 266/4/76 267/1/77 
s 2
f 265/147/75 267/4/77 268/1/78 
s 16
f 265/147/75 268/4/78 269/1/79 
s 32
f 265/147/75 269/4/79 266/1/76 
s 8
f 266/3/76 270/148/80 267/2/77 
f 267/2/77 270/148/80 268/1/78 
f 268/1/78 270/148/80 269/4/79 
f 269/4/79 270/148/80 266/3/76 
s 2
f 271/1/81 272/2/82 273/3/83 274/4/84 
s 4
f 275/4/85 276/1/86 277/2/87 278/3/88 
s 8
f 271/4/81 274/1/84 276/2/86 275/3/85 
s 16
f 274/4/84 273/1/83 277/2/87 276/3/86 
s 32
f 273/4/83 272/1/82 278/2/88 277/3/87 
s 64
f 272/4/82 271/1/81 275/2/85 278/3/88 
s 2
f 279/1/89 280/2/90 281/3/91 282/4/92 
s 4
f 283/4/93 284/1/94 285/2/95 286/3/96 
s 8
f 279/4/89 282/1/92 284/2/94 283/3/93 
s 16
f 282/4/92 281/1/91 285/2/95 284/3/94 
s 32
f 281/4/91 280/1/90 286/2/96 285/3/95 
s 64
f 280/4/90 279/1/89 283/2/93 286/3/96 
s 2
f 287/1/89 288/2/97 289/3/98 290/4/92 
s 4
f 291/4/93 292/1/94 293/2/95 294/3/96 
s 8
f 287/4/89 290/1/92 292/2/94 291/3/93 
s 16
f 290/4/92 289/1/98 293/2/95 292/3/94 
s 32
f 289/4/98 288/1/97 294/2/96 293/3/95 
s 64
f 288/4/97 287/1/89 291/2/93 294/3/96 
s 2
f 295/1/89 296/2/99 297/3/100 298/4/101 
s 4
f 299/4/102 300/1/94 301/2/103 302/3/104 
s 8
f 295/4/89 298/1/101 300/2/94 299/3/102 
s 16
f 298/4/101 297/1/100 301/2/103 300/3/94 
s 32
f 297/4/100 296/1/99 302/2/104 301/3/103 
s 64
f 296/4/99 295/1/89 299/2/102 302/3/104 
s 1
f 303/149/105 304/150/106 305/151/107 306/152/108 307/153/109 308/154/110 309/155/111 310/156/112 311/157/113 312/158/114 313/159/115 314/160/116 315/161/117 316/162/118 317/24/119 318/163/120 319/164/121 320/28/122 
s 8
f 320/28/122 319/164/121 321/165/123 322/166/124 
f 319/164/121 318/163/120 323/167/125 321/165/123 
f 318/163/120 317/24/119 324/168/126 323/167/125 
f 317/24/119 316/162/118 325/169/127 324/168/126 
f 316/170/118 315/171/117 326/172/128 325/173/127 
f 315/171/117 314/40/116 327/174/129 326/172/128 
f 314/40/116 313/175/115 328/176/130 327/174/129 
f 313/175/115 312/177/114 329/178/131 328/176/130 
f 312/177/114 311/48/113 330/179/132 329/178/131 
f 311/48/113 310/180/112 331/181/133 330/179/132 
f 310/180/112 309/182/111 332/183/134 331/181/133 
f 309/182/111 308/56/110 333/184/135 332/183/134 
f 308/56/110 307/185/109 334/186/136 333/184/135 
f 307/185/109 306/187/108 335/188/137 334/186/136 
f 306/187/108 305/64/107 336/189/138 335/188/137 
f 305/64/107 304/190/106 337/191/139 336/189/138 
f 304/190/106 303/192/105 338/193/140 337/191/139 
f 303/192/105 320/28/122 322/166/124 338/193/140 
f 322/166/124 321/165/123 339/194/123 340/195/124 
f 321/165/123 323/167/125 341/196/125 339/194/123 
f 323/167/125 324/168/126 342/197/126 341/196/125 
f 324/168/126 325/169/127 343/198/127 342/197/126 
f 325/173/127 326/172/128 344/199/128 343/200/127 
f 326/172/128 327/174/129 345/201/129 344/199/128 
f 327/174/129 328/176/130 346/202/130 345/201/129 
f 328/176/130 329/178/131 347/203/131 346/202/130 
f 329/178/131 330/179/132 348/204/132 347/203/131 
f 330/179/132 331/181/133 349/205/133 348/204/132 
f 331/181/133 332/183/134 350/206/134 349/205/133 
f 332/183/134 333/184/135 351/207/135 350/206/134 
f 333/184/135 334/186/136 352/208/136 351/207/135 
f 334/186/136 335/188/137 353/209/137 352/208/136 
f 335/188/137 336/189/138 354/210/138 353/209/137 
f 336/189/138 337/191/139 355/211/139 354/210/138 
f 337/191/139 338/193/140 356/212/140 355/211/139 
f 338/193/140 322/166/124 340/195/124 356/212/140 
f 340/195/124 339/194/123 357/213/123 358/214/124 
f 339/194/123 341/196/125 359/215/125 357/213/123 
f 341/196/125 342/197/126 360/216/126 359/215/125 
f 342/197/126 343/198/127 361/217/127 360/216/126 
f 343/200/127 344/199/128 362/218/128 361/219/127 
f 344/199/128 345/201/129 363/220/129 362/218/128 
f 345/201/129 346/202/130 364/221/130 363/220/129 
f 346/202/130 347/203/131 365/222/131 364/221/130 
f 347/203/131 348/204/132 366/223/132 365/222/131 
f 348/204/132 349/205/133 367/224/133 366/223/132 
f 349/205/133 350/206/134 368/225/134 367/224/133 
f 350/206/134 351/207/135 369/226/135 368/225/134 
f 351/207/135 352/208/136 370/227/136 369/226/135 
f 352/208/136 353/209/137 371/228/137 370/227/136 
f 353/209/137 354/210/138 372/229/138 371/228/137 
f 354/210/138 355/211/139 373/230/139 372/229/138 
f 355/211/139 356/212/140 374/231/140 373/230/139 
f 356/212/140 340/195/124 358/214/124 374/231/140 
f 358/214/124 357/213/123 375/232/123 376/233/124 
f 357/213/123 359/215/125 377/234/125 375/232/123 
f 359/215/125 360/216/126 378/235/126 377/234/125 
f 360/216/126 361/217/127 379/236/127 378/235/126 
f 361/219/127 362/218/128 380/237/128 379/238/127 
f 362/218/128 363/220/129 381/239/129 380/237/128 
f 363/220/129 364/221/130 382/240/130 381/239/129 
f 364/221/130 365/222/131 383/241/131 382/240/130 
f 365/222/131 366/223/132 384/242/132 383/241/131 
f 366/223/132 367/224/133 385/243/133 384/242/132 
f 367/224/133 368/225/134 386/244/134 385/243/133 
f 368/225/134 369/226/135 387/245/135 386/244/134 
f 369/226/135 370/227/136 388/246/136 387/245/135 
f 370/227/136 371/228/137 389/247/137 388/246/136 
f 371/228/137 372/229/138 390/248/138 389/247/137 
f 372/229/138 373/230/139 391/249/139 390/248/138 
f 373/230/139 374/231/140 392/250/140 391/249/139 
f 374/231/140 358/214/124 376/233/124 392/250/140 
f 376/233/124 375/232/123 393/251/141 394/252/142 
f 375/232/123 377/234/125 395/253/143 393/251/141 
f 377/234/125 378/235/126 396/254/144 395/253/143 
f 378/235/126 379/236/127 397/255/145 396/254/144 
f 379/238/127 380/237/128 398/256/146 397/257/145 
f 380/237/128 381/239/129 399/258/147 398/256/146 
f 381/239/129 382/240/130 400/259/148 399/258/147 
f 382/240/130 383/241/131 401/260/149 400/259/148 
f 383/241/131 384/242/132 402/261/150 401/260/149 
f 384/242/132 385/243/133 403/262/151 402/261/150 
f 385/243/133 386/244/134 404/263/152 403/262/151 
f 386/244/134 387/245/135 405/264/153 404/263/152 
f 387/245/135 388/246/136 406/265/154 405/264/153 
f 388/246/136 389/247/137 407/266/155 406/265/154 
f 389/247/137 390/248/138 408/267/156 407/266/155 
f 390/248/138 391/249/139 409/268/157 408/267/156 
f 391/249/139 392/250/140 410/269/158 409/268/157 
f 392/250/140 376/233/124 394/252/142 410/269/158 
s 1
f 410/269/158 394/252/142 393/251/141 395/253/143 396/254/144 397/255/145 398/270/146 399/271/147 400/272/148 401/273/149 402/274/150 403/275/151 404/276/152 405/277/153 406/278/154 407/279/155 408/280/156 409/281/157 
f 411/3/159 412/282/160 413/283/161 
f 411/284/159 413/283/161 414/285/162 
f 411/286/159 414/285/162 415/287/163 
f 411/288/159 415/287/163 416/289/164 
f 411/290/159 416/289/164 417/291/165 
f 411/292/159 417/291/165 418/293/166 
f 411/294/159 418/293/166 419/295/167 
f 411/296/159 419/295/167 420/297/168 
f 411/298/159 420/297/168 421/299/169 
f 411/300/159 421/299/169 422/301/170 
f 411/302/159 422/301/170 423/303/171 
f 411/304/159 423/303/171 424/305/172 
f 411/306/159 424/305/172 425/307/173 
f 411/308/159 425/307/173 426/309/174 
f 411/310/159 426/309/174 427/311/175 
f 411/312/159 427/311/175 428/313/176 
f 411/147/159 428/313/176 429/314/177 
f 411/315/159 429/314/177 430/316/178 
f 411/317/159 430/316/178 431/318/179 
f 411/319/159 431/318/179 432/320/180 
f 411/321/159 432/320/180 433/322/181 
f 411/323/159 433/322/181 434/324/182 
f 411/325/159 434/324/182 435/326/183 
f 411/327/159 435/326/183 436/328/184 
f 411/329/159 436/328/184 437/330/185 
f 411/331/159 437/330/185 438/332/186 
f 411/333/159 438/332/186 439/334/187 
f 411/335/159 439/334/187 440/336/188 
f 411/337/159 440/336/188 441/338/189 
f 411/339/159 441/338/189 442/340/190 
f 411/341/159 442/340/190 443/342/191 
f 411/343/159 443/342/191 412/344/160 
f 412/282/160 444/345/192 445/346/193 413/283/161 
f 413/283/161 445/346/193 446/347/194 414/285/162 
f 414/285/162 446/347/194 447/348/195 415/287/163 
f 415/287/163 447/348/195 448/349/196 416/289/164 
f 416/289/164 448/349/196 449/350/197 417/291/165 
f 417/291/165 449/350/197 450/351/198 418/293/166 
f 418/293/166 450/351/198 451/352/199 419/295/167 
f 419/295/167 451/352/199 452/353/200 420/297/168 
f 420/297/168 452/353/200 453/354/201 421/299/169 
f 421/299/169 453/354/201 454/355/202 422/301/170 
f 422/301/170 454/355/202 455/356/203 423/303/171 
f 423/303/171 455/356/203 456/357/204 424/305/172 
f 424/305/172 456/357/204 457/358/205 425/307/173 
f 425/307/173 457/358/205 458/359/206 426/309/174 
f 426/309/174 458/359/206 459/360/207 427/311/175 
f 427/311/175 459/360/207 460/361/208 428/313/176 
f 428/313/176 460/361/208 461/362/209 429/314/177 
f 429/314/177 461/362/209 462/363/210 430/316/178 
f 430/316/178 462/363/210 463/364/211 431/318/179 
f 431/318/179 463/364/211 464/365/212 432/320/180 
f 432/320/180 464/365/212 465/366/213 433/322/181 
f 433/322/181 465/366/213 466/367/214 434/324/182 
f 434/324/182 466/367/214 467/368/215 435/326/183 
f 435/326/183 467/368/215 468/369/216 436/328/184 
f 436/328/184 468/369/216 469/370/217 437/330/185 
f 437/330/185 469/370/217 470/371/218 438/332/186 
f 438/332/186 470/371/218 471/372/219 439/334/187 
f 439/334/187 471/372/219 472/373/220 440/336/188 
f 440/336/188 472/373/220 473/374/221 441/338/189 
f 441/338/189 473/374/221 474/375/222 442/340/190 
f 442/340/190 474/375/222 475/376/223 443/342/191 
f 443/342/191 475/376/223 444/377/192 412/344/160 
f 444/345/192 476/378/224 477/379/225 445/346/193 
f 445/346/193 477/379/225 478/380/226 446/347/194 
f 446/347/194 478/380/226 479/381/227 447/348/195 
f 447/348/195 479/381/227 480/382/228 448/349/196 
f 448/349/196 480/382/228 481/383/229 449/350/197 
f 449/350/197 481/383/229 482/384/230 450/351/198 
f 450/351/198 482/384/230 483/385/231 451/352/199 
f 451/352/199 483/385/231 484/386/232 452/353/200 
f 452/353/200 484/386/232 485/387/233 453/354/201 
f 453/354/201 485/387/233 486/388/234 454/355/202 
f 454/355/202 486/388/234 487/389/235 455/356/203 
f 455/356/203 487/389/235 488/390/236 456/357/204 
f 456/357/204 488/390/236 489/391/237 457/358/205 
f 457/358/205 489/391/237 490/392/238 458/359/206 
f 458/359/206 490/392/238 491/393/239 459/360/207 
f 459/360/207 491/393/239 492/394/240 460/361/208 
f 460/361/208 492/394/240 493/395/241 461/362/209 
f 461/362/209 493/395/241 494/396/242 462/363/210 
f 462/363/210 494/396/242 495/397/243 463/364/211 
f 463/364/211 495/397/243 496/398/244 464/365/212 
f 464/365/212 496/398/244 497/399/245 465/366/213 
f 465/366/213 497/399/245 498/400/246 466/367/214 
f 466/367/214 498/400/246 499/401/247 467/368/215 
f 467/368/215 499/401/247 500/402/248 468/369/216 
f 468/369/216 500/402/248 501/403/249 469/370/217 
f 469/370/217 501/403/249 502/404/250 470/371/218 
f 470/371/218 502/404/250 503/405/251 471/372/219 
f 471/372/219 503/405/251 504/406/252 472/373/220 
f 472/373/220 504/406/252 505/407/253 473/374/221 
f 473/374/221 505/407/253 506/408/254 474/375/222 
f 474/375/222 506/408/254 507/409/255 475/376/223 
f 475/376/223 507/409/255 476/410/224 444/377/192 
f 476/378/224 508/411/256 509/412/257 477/379/225 
f 477/379/225 509/412/257 510/413/258 478/380/226 
f 478/380/226 510/413/258 511/414/259 479/381/227 
f 479/381/227 511/414/259 512/415/260 480/382/228 
f 480/382/228 512/415/260 513/416/261 481/383/229 
f 481/383/229 513/416/261 514/417/262 482/384/230 
f 482/384/230 514/417/262 515/418/263 483/385/231 
f 483/385/231 515/418/263 516/419/264 484/386/232 
f 484/386/232 516/419/264 517/420/265 485/387/233 
f 485/387/233 517/420/265 518/421/266 486/388/234 
f 486/388/234 518/421/266 519/422/267 487/389/235 
f 487/389/235 519/422/267 520/423/268 488/390/236 
f 488/390/236 520/423/268 521/424/269 489/391/237 
f 489/391/237 521/424/269 522/425/270 490/392/238 
f 490/392/238 522/425/270 523/426/271 491/393/239 
f 491/393/239 523/426/271 524/427/272 492/394/240 
f 492/394/240 524/427/272 525/428/273 493/395/241 
f 493/395/241 525/428/273 526/429/274 494/396/242 
f 494/396/242 526/429/274 527/430/275 495/397/243 
f 495/397/243 527/430/275 528/431/276 496/398/244 
f 496/398/244 528/431/276 529/432/277 497/399/245 
f 497/399/245 529/432/277 530/433/278 498/400/246 
f 498/400/246 530/433/278 531/434/279 499/401/247 
f 499/401/247 531/434/279 532/435/280 500/402/248 
f 500/402/248 532/435/280 533/436/281 501/403/249 
f 501/403/249 533/436/281 534/437/282 502/404/250 
f 502/404/250 534/437/282 535/438/283 503/405/251 
f 503/405/251 535/438/283 536/439/284 504/406/252 
f 504/406/252 536/439/284 537/440/285 505/407/253 
f 505/407/253 537/440/285 538/441/286 506/408/254 
f 506/408/254 538/441/286 539/442/287 507/409/255 
f 507/409/255 539/442/287 508/443/256 476/410/224 
f 508/411/256 540/444/288 541/445/289 509/412/257 
f 509/412/257 541/445/289 542/446/290 510/413/258 
f 510/413/258 542/446/290 543/447/291 511/414/259 
f 511/414/259 543/447/291 544/448/292 512/415/260 
f 512/415/260 544/448/292 545/449/293 513/416/261 
f 513/416/261 545/449/293 546/450/294 514/417/262 
f 514/417/262 546/450/294 547/451/295 515/418/263 
f 515/418/263 547/451/295 548/452/296 516/419/264 
f 516/419/264 548/452/296 549/453/297 517/420/265 
f 517/420/265 549/453/297 550/454/298 518/421/266 
f 518/421/266 550/454/298 551/455/299 519/422/267 
f 519/422/267 551/455/299 552/456/300 520/423/268 
f 520/423/268 552/456/300 553/457/301 521/424/269 
f 521/424/269 553/457/301 554/458/302 522/425/270 
f 522/425/270 554/458/302 555/459/303 523/426/271 
f 523/426/271 555/459/303 556/460/304 524/427/272 
f 524/427/272 556/460/304 557/461/305 525/428/273 
f 525/428/273 557/461/305 558/462/306 526/429/274 
f 526/429/274 558/462/306 559/463/307 527/430/275 
f 527/430/275 559/463/307 560/464/308 528/431/276 
f 528/431/276 560/464/308 561/465/309 529/432/277 
f 529/432/277 561/465/309 562/466/310 530/433/278 
f 530/433/278 562/466/310 563/467/311 531/434/279 
f 531/434/279 563/467/311 564/468/312 532/435/280 
f 532/435/280 564/468/312 565/469/313 533/436/281 
f 533/436/281 565/469/313 566/470/314 534/437/282 
f 534/437/282 566/470/314 567/471/315 535/438/283 
f 535/438/283 567/471/315 568/472/316 536/439/284 
f 536/439/284 568/472/316 569/473/317 537/440/285 
f 537/440/285 569/473/317 570/474/318 538/441/286 
f 538/441/286 570/474/318 571/475/319 539/442/287 
f 539/442/287 571/475/319 540/476/288 508/443/256 
f 540/444/288 572/477/320 573/478/321 541/445/289 
f 541/445/289 573/478/321 574/479/322 542/446/290 
f 542/446/290 574/479/322 575/480/323 543/447/291 
f 543/447/291 575/480/323 576/481/324 544/448/292 
f 544/448/292 576/481/324 577/482/325 545/449/293 
f 545/449/293 577/482/325 578/483/326 546/450/294 
f 546/450/294 578/483/326 579/484/327 547/451/295 
f 547/451/295 579/484/327 580/485/328 548/452/296 
f 548/452/296 580/485/328 581/486/329 549/453/297 
f 549/453/297 581/486/329 582/487/330 550/454/298 
f 550/454/298 582/487/330 583/488/331 551/455/299 
f 551/455/299 583/488/331 584/489/332 552/456/300 
f 552/456/300 584/489/332 585/490/333 553/457/301 
f 553/457/301 585/490/333 586/491/334 554/458/302 
f 554/458/302 586/491/334 587/492/335 555/459/303 
f 555/459/303 587/492/335 588/493/336 556/460/304 
f 556/460/304 588/493/336 589/494/337 557/461/305 
f 557/461/305 589/494/337 590/495/338 558/462/306 
f 558/462/306 590/495/338 591/496/339 559/463/307 
f 559/463/307 591/496/339 592/497/340 560/464/308 
f 560/464/308 592/497/340 593/498/341 561/465/309 
f 561/465/309 593/498/341 594/499/342 562/466/310 
f 562/466/310 594/499/342 595/500/343 563/467/311 
f 563/467/311 595/500/343 596/501/344 564/468/312 
f 564/468/312 596/501/344 597/502/345 565/469/313 
f 565/469/313 597/502/345 598/503/346 566/470/314 
f 566/470/314 598/503/346 599/504/347 567/471/315 
f 567/471/315 599/504/347 600/505/348 568/472/316 
f 568/472/316 600/505/348 601/506/349 569/473/317 
f 569/473/317 601/506/349 602/507/350 570/474/318 
f 570/474/318 602/507/350 603/508/351 571/475/319 
f 571/475/319 603/508/351 572/509/320 540/476/288 
f 572/477/320 604/510/352 605/511/353 573/478/321 
f 573/478/321 605/511/353 606/512/354 574/479/322 
f 574/479/322 606/512/354 607/513/355 575/480/323 
f 575/480/323 607/513/355 608/514/356 576/481/324 
f 576/481/324 608/514/356 609/515/357 577/482/325 
f 577/482/325 609/515/357 610/516/358 578/483/326 
f 578/483/326 610/516/358 611/517/359 579/484/327 
f 579/484/327 611/517/359 612/518/360 580/485/328 
f 580/485/328 612/518/360 613/519/361 581/486/329 
f 581/486/329 613/519/361 614/520/362 582/487/330 
f 582/487/330 614/520/362 615/521/363 583/488/331 
f 583/488/331 615/521/363 616/522/364 584/489/332 
f 584/489/332 616/522/364 617/523/365 585/490/333 
f 585/490/333 617/523/365 618/524/366 586/491/334 
f 586/491/334 618/524/366 619/525/367 587/492/335 
f 587/492/335 619/525/367 620/526/368 588/493/336 
f 588/493/336 620/526/368 621/527/369 589/494/337 
f 589/494/337 621/527/369 622/528/370 590/495/338 
f 590/495/338 622/528/370 623/529/371 591/496/339 
f 591/496/339 623/529/371 624/530/372 592/497/340 
f 592/497/340 624/530/372 625/531/373 593/498/341 
f 593/498/341 625/531/373 626/532/374 594/499/342 
f 594/499/342 626/532/374 627/533/375 595/500/343 
f 595/500/343 627/533/375 628/534/376 596/501/344 
f 596/501/344 628/534/376 629/535/377 597/502/345 
f 597/502/345 629/535/377 630/536/378 598/503/346 
f 598/503/346 630/536/378 631/537/379 599/504/347 
f 599/504/347 631/537/379 632/538/380 600/505/348 
f 600/505/348 632/538/380 633/539/381 601/506/349 
f 601/506/349 633/539/381 634/540/382 602/507/350 
f 602/507/350 634/540/382 635/541/383 603/508/351 
f 603/508/351 635/541/383 604/542/352 572/509/320 
f 604/510/352 636/543/384 637/544/385 605/511/353 
f 605/511/353 637/544/385 638/545/386 606/512/354 
f 606/512/354 638/545/386 639/546/387 607/513/355 
f 607/513/355 639/546/387 640/547/388 608/514/356 
f 608/514/356 640/547/388 641/548/389 609/515/357 
f 609/515/357 641/548/389 642/549/390 610/516/358 
f 610/516/358 642/549/390 643/550/391 611/517/359 
f 611/517/359 643/550/391 644/551/392 612/518/360 
f 612/518/360 644/551/392 645/552/393 613/519/361 
f 613/519/361 645/552/393 646/553/394 614/520/362 
f 614/520/362 646/553/394 647/554/395 615/521/363 
f 615/521/363 647/554/395 648/555/396 616/522/364 
f 616/522/364 648/555/396 649/556/397 617/523/365 
f 617/523/365 649/556/397 650/557/398 618/524/366 
f 618/524/366 650/557/398 651/558/399 619/525/367 
f 619/525/367 651/558/399 652/148/400 620/526/368 
f 620/526/368 652/148/400 653/559/401 621/527/369 
f 621/527/369 653/559/401 654/560/402 622/528/370 
f 622/528/370 654/560/402 655/561/403 623/529/371 
f 623/529/371 655/561/403 656/562/404 624/530/372 
f 624/530/372 656/562/404 657/563/405 625/531/373 
f 625/531/373 657/563/405 658/564/406 626/532/374 
f 626/532/374 658/564/406 659/565/407 627/533/375 
f 627/533/375 659/565/407 660/566/59 628/534/376 
f 628/534/376 660/566/59 661/567/408 629/535/377 
f 629/535/377 661/567/408 662/568/409 630/536/378 
f 630/536/378 662/568/409 663/569/410 631/537/379 
f 631/537/379 663/569/410 664/570/411 632/538/380 
f 632/538/380 664/570/411 665/571/412 633/539/381 
f 633/539/381 665/571/412 666/572/413 634/540/382 
f 634/540/382 666/572/413 667/573/414 635/541/383 
f 635/541/383 667/573/414 636/574/384 604/542/352 
f 636/543/384 668/575/415 669/576/416 637/544/385 
f 637/544/385 669/576/416 670/577/417 638/545/386 
f 638/545/386 670/577/417 671/578/418 639/546/387 
f 639/546/387 671/578/418 672/579/419 640/547/388 
f 640/547/388 672/579/419 673/580/420 641/548/389 
f 641/548/389 673/580/420 674/581/421 642/549/390 
f 642/549/390 674/581/421 675/582/422 643/550/391 
f 643/550/391 675/582/422 676/583/423 644/551/392 
f 644/551/392 676/583/423 677/584/424 645/552/393 
f 645/552/393 677/584/424 678/585/425 646/553/394 
f 646/553/394 678/585/425 679/586/426 647/554/395 
f 647/554/395 679/586/426 680/587/427 648/555/396 
f 648/555/396 680/587/427 681/588/428 649/556/397 
f 649/556/397 681/588/428 682/589/429 650/557/398 
f 650/557/398 682/589/429 683/590/430 651/558/399 
f 651/558/399 683/590/430 684/591/431 652/148/400 
f 652/148/400 684/591/431 685/592/432 653/559/401 
f 653/559/401 685/592/432 686/593/433 654/560/402 
f 654/560/402 686/593/433 687/594/434 655/561/403 
f 655/561/403 687/594/434 688/595/435 656/562/404 
f 656/562/404 688/595/435 689/596/436 657/563/405 
f 657/563/405 689/596/436 690/597/437 658/564/406 
f 658/564/406 690/597/437 691/598/438 659/565/407 
f 659/565/407 691/598/438 692/599/439 660/566/59 
f 660/566/59 692/599/439 693/600/440 661/567/408 
f 661/567/408 693/600/440 694/601/441 662/568/409 
f 662/568/409 694/601/441 695/602/442 663/569/410 
f 663/569/410 695/602/442 696/603/443 664/570/411 
f 664/570/411 696/603/443 697/604/444 665/571/412 
f 665/571/412 697/604/444 698/605/445 666/572/413 
f 666/572/413 698/605/445 699/606/446 667/573/414 
f 667/573/414 699/606/446 668/607/415 636/574/384 
f 668/575/415 700/608/447 701/609/448 669/576/416 
f 669/576/416 701/609/448 702/610/449 670/577/417 
f 670/577/417 702/610/449 703/611/450 671/578/418 
f 671/578/418 703/611/450 704/612/451 672/579/419 
f 672/579/419 704/612/451 705/613/452 673/580/420 
f 673/580/420 705/613/452 706/614/453 674/581/421 
f 674/581/421 706/614/453 707/615/454 675/582/422 
f 675/582/422 707/615/454 708/616/455 676/583/423 
f 676/583/423 708/616/455 709/617/456 677/584/424 
f 677/584/424 709/617/456 710/618/457 678/585/425 
f 678/585/425 710/618/457 711/619/458 679/586/426 
f 679/586/426 711/619/458 712/620/459 680/587/427 
f 680/587/427 712/620/459 713/621/460 681/588/428 
f 681/588/428 713/621/460 714/622/461 682/589/429 
f 682/589/429 714/622/461 715/623/462 683/590/430 
f 683/590/430 715/623/462 716/624/463 684/591/431 
f 684/591/431 716/624/463 717/625/464 685/592/432 
f 685/592/432 717/625/464 718/626/465 686/593/433 
f 686/593/433 718/626/465 719/627/466 687/594/434 
f 687/594/434 719/627/466 720/628/467 688/595/435 
f 688/595/435 720/628/467 721/629/468 689/596/436 
f 689/596/436 721/629/468 722/630/469 690/597/437 
f 690/597/437 722/630/469 723/631/470 691/598/438 
f 691/598/438 723/631/470 724/632/471 692/599/439 
f 692/599/439 724/632/471 725/633/472 693/600/440 
f 693/600/440 725/633/472 726/634/473 694/601/441 
f 694/601/441 726/634/473 727/635/474 695/602/442 
f 695/602/442 727/635/474 728/636/475 696/603/443 
f 696/603/443 728/636/475 729/637/476 697/604/444 
f 697/604/444 729/637/476 730/638/477 698/605/445 
f 698/605/445 730/638/477 731/639/478 699/606/446 
f 699/606/446 731/639/478 700/640/447 668/607/415 
f 700/608/447 732/641/479 733/642/480 701/609/448 
f 701/609/448 733/642/480 734/643/481 702/610/449 
f 702/610/449 734/643/481 735/644/482 703/611/450 
f 703/611/450 735/644/482 736/645/483 704/612/451 
f 704/612/451 736/645/483 737/646/484 705/613/452 
f 705/613/452 737/646/484 738/647/485 706/614/453 
f 706/614/453 738/647/485 739/648/486 707/615/454 
f 707/615/454 739/648/486 740/649/487 708/616/455 
f 708/616/455 740/649/487 741/650/488 709/617/456 
f 709/617/456 741/650/488 742/651/489 710/618/457 
f 710/618/457 742/651/489 743/652/490 711/619/458 
f 711/619/458 743/652/490 744/653/491 712/620/459 
f 712/620/459 744/653/491 745/654/492 713/621/460 
f 713/621/460 745/654/492 746/655/493 714/622/461 
f 714/622/461 746/655/493 747/656/494 715/623/462 
f 715/623/462 747/656/494 748/657/495 716/624/463 
f 716/624/463 748/657/495 749/658/496 717/625/464 
f 717/625/464 749/658/496 750/659/497 718/626/465 
f 718/626/465 750/659/497 751/660/498 719/627/466 
f 719/627/466 751/660/498 752/661/499 720/628/467 
f 720/628/467 752/661/499 753/662/500 721/629/468 
f 721/629/468 753/662/500 754/663/501 722/630/469 
f 722/630/469 754/663/501 755/664/502 723/631/470 
f 723/631/470 755/664/502 756/665/503 724/632/471 
f 724/632/471 756/665/503 757/666/504 725/633/472 
f 725/633/472 757/666/504 758/667/505 726/634/473 
f 726/634/473 758/667/505 759/668/506 727/635/474 
f 727/635/474 759/668/506 760/669/507 728/636/475 
f 728/636/475 760/669/507 761/670/508 729/637/476 
f 729/637/476 761/670/508 762/671/509 730/638/477 
f 730/638/477 762/671/509 763/672/510 731/639/478 
f 731/639/478 763/672/510 732/673/479 700/640/447 
f 732/641/479 764/674/511 765/675/512 733/642/480 
f 733/642/480 765/675/512 766/676/513 734/643/481 
f 734/643/481 766/676/513 767/677/514 735/644/482 
f 735/644/482 767/677/514 768/678/515 736/645/483 
f 736/645/483 768/678/515 769/679/516 737/646/484 
f 737/646/484 769/679/516 770/680/517 738/647/485 
f 738/647/485 770/680/517 771/681/518 739/648/486 
f 739/648/486 771/681/518 772/682/519 740/649/487 
f 740/649/487 772/682/519 773/683/520 741/650/488 
f 741/650/488 773/683/520 774/684/521 742/651/489 
f 742/651/489 774/684/521 775/685/522 743/652/490 
f 743/652/490 775/685/522 776/686/523 744/653/491 
f 744/653/491 776/686/523 777/687/524 745/654/492 
f 745/654/492 777/687/524 778/688/525 746/655/493 
f 746/655/493 778/688/525 779/689/526 747/656/494 
f 747/656/494 779/689/526 780/690/527 748/657/495 
f 748/657/495 780/690/527 781/691/528 749/658/496 
f 749/658/496 781/691/528 782/692/529 750/659/497 
f 750/659/497 782/692/529 783/693/530 751/660/498 
f 751/660/498 783/693/530 784/694/531 752/661/499 
f 752/661/499 784/694/531 785/695/532 753/662/500 
f 753/662/500 785/695/532 786/696/533 754/663/501 
f 754/663/501 786/696/533 787/697/534 755/664/502 
f 755/664/502 787/697/534 788/698/535 756/665/503 
f 756/665/503 788/698/535 789/699/536 757/666/504 
f 757/666/504 789/699/536 790/700/537 758/667/505 
f 758/667/505 790/700/537 791/701/538 759/668/506 
f 759/668/506 791/701/538 792/702/539 760/669/507 
f 760/669/507 792/702/539 793/703/540 761/670/508 
f 761/670/508 793/703/540 794/704/541 762/671/509 
f 762/671/509 794/704/541 795/705/542 763/672/510 
f 763/672/510 795/705/542 764/706/511 732/673/479 
f 764/674/511 796/707/543 797/708/544 765/675/512 
f 765/675/512 797/708/544 798/709/545 766/676/513 
f 766/676/513 798/709/545 799/710/546 767/677/514 
f 767/677/514 799/710/546 800/711/547 768/678/515 
f 768/678/515 800/711/547 801/712/548 769/679/516 
f 769/679/516 801/712/548 802/713/549 770/680/517 
f 770/680/517 802/713/549 803/714/550 771/681/518 
f 771/681/518 803/714/550 804/715/551 772/682/519 
f 772/682/519 804/715/551 805/716/552 773/683/520 
f 773/683/520 805/716/552 806/717/553 774/684/521 
f 774/684/521 806/717/553 807/718/554 775/685/522 
f 775/685/522 807/718/554 808/719/555 776/686/523 
f 776/686/523 808/719/555 809/720/556 777/687/524 
f 777/687/524 809/720/556 810/721/557 778/688/525 
f 778/688/525 810/721/557 811/722/558 779/689/526 
f 779/689/526 811/722/558 812/723/559 780/690/527 
f 780/690/527 812/723/559 813/724/560 781/691/528 
f 781/691/528 813/724/560 814/725/561 782/692/529 
f 782/692/529 814/725/561 815/726/562 783/693/530 
f 783/693/530 815/726/562 816/727/563 784/694/531 
f 784/694/531 816/727/563 817/728/564 785/695/532 
f 785/695/532 817/728/564 818/729/565 786/696/533 
f 786/696/533 818/729/565 819/730/566 787/697/534 
f 787/697/534 819/730/566 820/731/567 788/698/535 
f 788/698/535 820/731/567 821/732/568 789/699/536 
f 789/699/536 821/732/568 822/733/569 790/700/537 
f 790/700/537 822/733/569 823/734/570 791/701/538 
f 791/701/538 823/734/570 824/735/571 792/702/539 
f 792/702/539 824/735/571 825/736/572 793/703/540 
f 793/703/540 825/736/572 826/737/573 794/704/541 
f 794/704/541 826/737/573 827/738/574 795/705/542 
f 795/705/542 827/738/574 796/739/543 764/706/511 
f 796/707/543 828/740/575 829/741/576 797/708/544 
f 797/708/544 829/741/576 830/742/577 798/709/545 
f 798/709/545 830/742/577 831/743/578 799/710/546 
f 799/710/546 831/743/578 832/744/579 800/711/547 
f 800/711/547 832/744/579 833/745/580 801/712/548 
f 801/712/548 833/745/580 834/746/581 802/713/549 
f 802/713/549 834/746/581 835/747/582 803/714/550 
f 803/714/550 835/747/582 836/748/583 804/715/551 
f 804/715/551 836/748/583 837/749/584 805/716/552 
f 805/716/552 837/749/584 838/750/585 806/717/553 
f 806/717/553 838/750/585 839/751/586 807/718/554 
f 807/718/554 839/751/586 840/752/587 808/719/555 
f 808/719/555 840/752/587 841/753/588 809/720/556 
f 809/720/556 841/753/588 842/754/589 810/721/557 
f 810/721/557 842/754/589 843/755/590 811/722/558 
f 811/722/558 843/755/590 844/756/591 812/723/559 
f 812/723/559 844/756/591 845/757/592 813/724/560 
f 813/724/560 845/757/592 846/758/593 814/725/561 
f 814/725/561 846/758/593 847/759/594 815/726/562 
f 815/726/562 847/759/594 848/760/595 816/727/563 
f 816/727/563 848/760/595 849/761/596 817/728/564 
f 817/728/564 849/761/596 850/762/597 818/729/565 
f 818/729/565 850/762/597 851/763/598 819/730/566 
f 819/730/566 851/763/598 852/764/599 820/731/567 
f 820/731/567 852/764/599 853/765/600 821/732/568 
f 821/732/568 853/765/600 854/766/601 822/733/569 
f 822/733/569 854/766/601 855/767/602 823/734/570 
f 823/734/570 855/767/602 856/768/603 824/735/571 
f 824/735/571 856/768/603 857/769/604 825/736/572 
f 825/736/572 857/769/604 858/770/605 826/737/573 
f 826/737/573 858/770/605 859/771/606 827/738/574 
f 827/738/574 859/771/606 828/772/575 796/739/543 
f 828/740/575 860/773/607 861/774/608 829/741/576 
f 829/741/576 861/774/608 862/775/609 830/742/577 
f 830/742/577 862/775/609 863/776/610 831/743/578 
f 831/743/578 863/776/610 864/777/611 832/744/579 
f 832/744/579 864/777/611 865/778/612 833/745/580 
f 833/745/580 865/778/612 866/779/613 834/746/581 
f 834/746/581 866/779/613 867/780/614 835/747/582 
f 835/747/582 867/780/614 868/781/615 836/748/583 
f 836/748/583 868/781/615 869/782/616 837/749/584 
f 837/749/584 869/782/616 870/783/617 838/750/585 
f 838/750/585 870/783/617 871/784/618 839/751/586 
f 839/751/586 871/784/618 872/785/619 840/752/587 
f 840/752/587 872/785/619 873/786/620 841/753/588 
f 841/753/588 873/786/620 874/787/621 842/754/589 
f 842/754/589 874/787/621 875/788/622 843/755/590 
f 843/755/590 875/788/622 876/789/623 844/756/591 
f 844/756/591 876/789/623 877/790/624 845/757/592 
f 845/757/592 877/790/624 878/791/625 846/758/593 
f 846/758/593 878/791/625 879/792/626 847/759/594 
f 847/759/594 879/792/626 880/793/627 848/760/595 
f 848/760/595 880/793/627 881/794/628 849/761/596 
f 849/761/596 881/794/628 882/795/629 850/762/597 
f 850/762/597 882/795/629 883/796/630 851/763/598 
f 851/763/598 883/796/630 884/797/631 852/764/599 
f 852/764/599 884/797/631 885/798/632 853/765/600 
f 853/765/600 885/798/632 886/799/633 854/766/601 
f 854/766/601 886/799/633 887/800/634 855/767/602 
f 855/767/602 887/800/634 888/801/635 856/768/603 
f 856/768/603 888/801/635 889/802/636 857/769/604 
f 857/769/604 889/802/636 890/803/637 858/770/605 
f 858/770/605 890/803/637 891/804/638 859/771/606 
f 859/771/606 891/804/638 860/805/607 828/772/575 
f 892/806/639 861/774/608 860/773/607 
f 892/807/639 862/775/609 861/774/608 
f 892/808/639 863/776/610 862/775/609 
f 892/809/639 864/777/611 863/776/610 
f 892/810/639 865/778/612 864/777/611 
f 892/811/639 866/779/613 865/778/612 
f 892/812/639 867/780/614 866/779/613 
f 892/813/639 868/781/615 867/780/614 
f 892/814/639 869/782/616 868/781/615 
f 892/815/639 870/783/617 869/782/616 
f 892/816/639 871/784/618 870/783/617 
f 892/817/639 872/785/619 871/784/618 
f 892/818/639 873/786/620 872/785/619 
f 892/819/639 874/787/621 873/786/620 
f 892/820/639 875/788/622 874/787/621 
f 892/821/639 876/789/623 875/788/622 
f 892/822/639 877/790/624 876/789/623 
f 892/823/639 878/791/625 877/790/624 
f 892/824/639 879/792/626 878/791/625 
f 892/825/639 880/793/627 879/792/626 
f 892/826/639 881/794/628 880/793/627 
f 892/827/639 882/795/629 881/794/628 
f 892/828/639 883/796/630 882/795/629 
f 892/829/639 884/797/631 883/796/630 
f 892/830/639 885/798/632 884/797/631 
f 892/831/639 886/799/633 885/798/632 
f 892/832/639 887/800/634 886/799/633 
f 892/833/639 888/801/635 887/800/634 
f 892/834/639 889/802/636 888/801/635 
f 892/835/639 890/803/637 889/802/636 
f 892/836/639 891/804/638 890/803/637 
f 892/837/639 860/805/607 891/804/638 
f 893/3/640 894/838/641 895/839/642 
f 893/840/640 895/839/642 896/841/643 
f 893/842/640 896/841/643 897/843/644 
f 893/844/640 897/843/644 898/845/645 
f 893/846/640 898/845/645 899/847/646 
f 893/848/640 899/847/646 900/849/647 
f 893/850/640 900/849/647 901/851/648 
f 893/852/640 901/851/648 902/853/649 
f 893/854/640 902/853/649 903/855/650 
f 893/856/640 903/855/650 904/857/651 
f 893/858/640 904/857/651 894/859/641 
f 894/838/641 905/860/652 906/861/653 895/839/642 
f 895/839/642 906/861/653 907/862/654 896/841/643 
f 896/841/643 907/862/654 908/863/655 897/843/644 
f 897/843/644 908/863/655 909/864/656 898/845/645 
f 898/845/645 909/864/656 910/865/657 899/847/646 
f 899/847/646 910/865/657 911/866/658 900/849/647 
f 900/849/647 911/866/658 912/867/659 901/851/648 
f 901/851/648 912/867/659 913/868/660 902/853/649 
f 902/853/649 913/868/660 914/869/661 903/855/650 
f 903/855/650 914/869/661 915/870/662 904/857/651 
f 904/857/651 915/870/662 905/871/652 894/859/641 
f 905/860/652 916/872/663 917/873/664 906/861/653 
f 906/861/653 917/873/664 918/874/665 907/862/654 
f 907/862/654 918/874/665 919/875/666 908/863/655 
f 908/863/655 919/875/666 920/876/667 909/864/656 
f 909/864/656 920/876/667 921/877/668 910/865/657 
f 910/865/657 921/877/668 922/878/669 911/866/658 
f 911/866/658 922/878/669 923/879/670 912/867/659 
f 912/867/659 923/879/670 924/880/671 913/868/660 
f 913/868/660 924/880/671 925/881/672 914/869/661 
f 914/869/661 925/881/672 926/882/673 915/870/662 
f 915/870/662 926/882/673 916/883/663 905/871/652 
f 916/872/663 927/884/674 928/885/675 917/873/664 
f 917/873/664 928/885/675 929/886/676 918/874/665 
f 918/874/665 929/886/676 930/887/677 919/875/666 
f 919/875/666 930/887/677 931/888/678 920/876/667 
f 920/876/667 931/888/678 932/889/679 921/877/668 
f 921/877/668 932/889/679 933/890/680 922/878/669 
f 922/878/669 933/890/680 934/891/681 923/879/670 
f 923/879/670 934/891/681 935/892/682 924/880/671 
f 924/880/671 935/892/682 936/893/683 925/881/672 
f 925/881/672 936/893/683 937/894/684 926/882/673 
f 926/882/673 937/894/684 927/895/674 916/883/663 
f 938/896/685 928/885/675 927/884/674 
f 938/897/685 929/886/676 928/885/675 
f 938/898/685 930/887/677 929/886/676 
f 938/899/685 931/888/678 930/887/677 
f 938/900/685 932/889/679 931/888/678 
f 938/901/685 933/890/680 932/889/679 
f 938/902/685 934/891/681 933/890/680 
f 938/903/685 935/892/682 934/891/681 
f 938/904/685 936/893/683 935/892/682 
f 938/905/685 937/894/684 936/893/683 
f 938/906/685 927/895/674 937/894/684 
f 939/3/686 940/543/687 941/551/688 
f 939/298/686 941/551/688 942/148/689 
f 939/147/686 942/148/689 943/566/690 
f 939/329/686 943/566/690 940/574/687 
f 944/4/691 941/551/688 940/543/687 
f 944/907/691 942/148/689 941/551/688 
f 944/908/691 943/566/690 942/148/689 
f 944/909/691 940/574/687 943/566/690 
f 945/3/686 946/543/687 947/551/688 
f 945/298/686 947/551/688 948/148/689 
f 945/147/686 948/148/689 949/566/690 
f 945/329/686 949/566/690 946/574/687 
f 950/4/691 947/551/688 946/543/687 
f 950/907/691 948/148/689 947/551/688 
f 950/908/691 949/566/690 948/148/689 
f 950/909/691 946/574/687 949/566/690 
f 951/5/692 952/6/693 953/7/694 954/8/695 955/910/696 956/911/697 957/11/698 958/12/699 959/13/700 960/14/701 961/15/702 962/16/703 963/17/704 964/18/705 965/19/706 966/20/707 967/21/708 968/22/709 969/23/710 970/24/711 971/25/712 972/26/713 973/27/714 974/28/715 
s 8
f 974/28/715 973/27/714 975/29/716 976/30/717 
f 973/27/714 972/26/713 977/31/718 975/29/716 
f 972/26/713 971/25/712 978/32/719 977/31/718 
f 971/25/712 970/24/711 979/33/720 978/32/719 
f 970/24/711 969/23/710 980/34/721 979/33/720 
f 969/23/710 968/22/709 981/35/722 980/34/721 
f 968/36/709 967/37/708 982/38/723 981/39/722 
f 967/37/708 966/40/707 983/41/724 982/38/723 
f 966/40/707 965/42/706 984/43/725 983/41/724 
f 965/42/706 964/44/705 985/45/726 984/43/725 
f 964/44/705 963/46/704 986/47/727 985/45/726 
f 963/46/704 962/48/703 987/49/728 986/47/727 
f 962/48/703 961/50/702 988/51/729 987/49/728 
f 961/50/702 960/52/701 989/53/730 988/51/729 
f 960/52/701 959/54/700 990/55/731 989/53/730 
f 959/54/700 958/56/699 991/57/732 990/55/731 
f 958/56/699 957/58/698 992/59/733 991/57/732 
f 957/58/698 956/60/697 993/61/734 992/59/733 
f 956/60/697 955/62/696 994/63/735 993/61/734 
f 955/62/696 954/64/695 995/65/736 994/63/735 
f 954/64/695 953/66/694 996/67/737 995/65/736 
f 953/66/694 952/68/693 997/69/738 996/67/737 
f 952/68/693 951/70/692 998/71/739 997/69/738 
f 951/70/692 974/28/715 976/30/717 998/71/739 
f 976/30/717 975/29/716 999/72/716 1000/73/717 
f 975/29/716 977/31/718 1001/74/718 999/72/716 
f 977/31/718 978/32/719 1002/75/719 1001/74/718 
f 978/32/719 979/33/720 1003/76/720 1002/75/719 
f 979/33/720 980/34/721 1004/77/721 1003/76/720 
f 980/34/721 981/35/722 1005/78/722 1004/77/721 
f 981/39/722 982/38/723 1006/79/723 1005/80/722 
f 982/38/723 983/41/724 1007/81/724 1006/79/723 
f 983/41/724 984/43/725 1008/82/725 1007/81/724 
f 984/43/725 985/45/726 1009/83/726 1008/82/725 
f 985/45/726 986/47/727 1010/84/727 1009/83/726 
f 986/47/727 987/49/728 1011/85/728 1010/84/727 
f 987/49/728 988/51/729 1012/86/729 1011/85/728 
f 988/51/729 989/53/730 1013/87/730 1012/86/729 
f 989/53/730 990/55/731 1014/88/731 1013/87/730 
f 990/55/731 991/57/732 1015/89/732 1014/88/731 
f 991/57/732 992/59/733 1016/90/733 1015/89/732 
f 992/59/733 993/61/734 1017/91/734 1016/90/733 
f 993/61/734 994/63/735 1018/92/735 1017/91/734 
f 994/63/735 995/65/736 1019/93/736 1018/92/735 
f 995/65/736 996/67/737 1020/94/737 1019/93/736 
f 996/67/737 997/69/738 1021/95/738 1020/94/737 
f 997/69/738 998/71/739 1022/96/739 1021/95/738 
f 998/71/739 976/30/717 1000/73/717 1022/96/739 
f 1000/73/717 999/72/716 1023/97/716 1024/98/717 
f 999/72/716 1001/74/718 1025/99/718 1023/97/716 
f 1001/74/718 1002/75/719 1026/100/719 1025/99/718 
f 1002/75/719 1003/76/720 1027/101/720 1026/100/719 
f 1003/76/720 1004/77/721 1028/102/721 1027/101/720 
f 1004/77/721 1005/78/722 1029/103/722 1028/102/721 
f 1005/80/722 1006/79/723 1030/104/723 1029/105/722 
f 1006/79/723 1007/81/724 1031/106/724 1030/104/723 
f 1007/81/724 1008/82/725 1032/107/725 1031/106/724 
f 1008/82/725 1009/83/726 1033/108/726 1032/107/725 
f 1009/83/726 1010/84/727 1034/109/727 1033/108/726 
f 1010/84/727 1011/85/728 1035/110/728 1034/109/727 
f 1011/85/728 1012/86/729 1036/111/729 1035/110/728 
f 1012/86/729 1013/87/730 1037/112/730 1036/111/729 
f 1013/87/730 1014/88/731 1038/113/731 1037/112/730 
f 1014/88/731 1015/89/732 1039/114/732 1038/113/731 
f 1015/89/732 1016/90/733 1040/115/733 1039/114/732 
f 1016/90/733 1017/91/734 1041/116/734 1040/115/733 
f 1017/91/734 1018/92/735 1042/117/735 1041/116/734 
f 1018/92/735 1019/93/736 1043/118/736 1042/117/735 
f 1019/93/736 1020/94/737 1044/119/737 1043/118/736 
f 1020/94/737 1021/95/738 1045/120/738 1044/119/737 
f 1021/95/738 1022/96/739 1046/121/739 1045/120/738 
f 1022/96/739 1000/73/717 1024/98/717 1046/121/739 
f 1024/98/717 1023/97/716 1047/122/716 1048/123/717 
f 1023/97/716 1025/99/718 1049/124/718 1047/122/716 
f 1025/99/718 1026/100/719 1050/125/719 1049/124/718 
f 1026/100/719 1027/101/720 1051/126/720 1050/125/719 
f 1027/101/720 1028/102/721 1052/127/721 1051/126/720 
f 1028/102/721 1029/103/722 1053/128/722 1052/127/721 
f 1029/105/722 1030/104/723 1054/129/723 1053/130/722 
f 1030/104/723 1031/106/724 1055/131/724 1054/129/723 
f 1031/106/724 1032/107/725 1056/132/725 1055/131/724 
f 1032/107/725 1033/108/726 1057/133/726 1056/132/725 
f 1033/108/726 1034/109/727 1058/134/727 1057/133/726 
f 1034/109/727 1035/110/728 1059/135/728 1058/134/727 
f 1035/110/728 1036/111/729 1060/136/740 1059/135/728 
f 1036/111/729 1037/112/730 1061/137/730 1060/136/740 
f 1037/112/730 1038/113/731 1062/138/731 1061/137/730 
f 1038/113/731 1039/114/732 1063/139/732 1062/138/731 
f 1039/114/732 1040/115/733 1064/140/733 1063/139/732 
f 1040/115/733 1041/116/734 1065/141/734 1064/140/733 
f 1041/116/734 1042/117/735 1066/142/735 1065/141/734 
f 1042/117/735 1043/118/736 1067/143/736 1066/142/735 
f 1043/118/736 1044/119/737 1068/144/737 1067/143/736 
f 1044/119/737 1045/120/738 1069/145/738 1068/144/737 
f 1045/120/738 1046/121/739 1070/146/739 1069/145/738 
f 1046/121/739 1024/98/717 1048/123/717 1070/146/739 
f 1048/123/717 1047/122/716 1071/147/59 1071/147/59 
f 1047/122/716 1049/124/718 1071/147/59 1071/147/59 
f 1049/124/718 1050/125/719 1071/147/59 1071/147/59 
f 1050/125/719 1051/126/720 1071/147/59 1071/147/59 
f 1051/126/720 1052/127/721 1071/147/59 1071/147/59 
f 1052/127/721 1053/128/722 1071/147/59 1071/147/59 
f 1053/130/722 1054/129/723 1071/147/59 1071/147/59 
f 1054/129/723 1055/131/724 1071/147/59 1071/147/59 
f 1055/131/724 1056/132/725 1071/147/59 1071/147/59 
f 1056/132/725 1057/133/726 1071/147/59 1071/147/59 
f 1057/133/726 1058/134/727 1071/147/59 1071/147/59 
f 1058/134/727 1059/135/728 1071/147/59 1071/147/59 
f 1059/135/728 1060/136/740 1071/147/59 1071/147/59 
f 1060/136/740 1061/137/730 1071/147/59 1071/147/59 
f 1061/137/730 1062/138/731 1071/147/59 1071/147/59 
f 1062/138/731 1063/139/732 1071/147/59 1071/147/59 
f 1063/139/732 1064/140/733 1071/147/59 1071/147/59 
f 1064/140/733 1065/141/734 1071/147/59 1071/147/59 
f 1065/141/734 1066/142/735 1071/147/59 1071/147/59 
f 1066/142/735 1067/143/736 1071/147/59 1071/147/59 
f 1067/143/736 1068/144/737 1071/147/59 1071/147/59 
f 1068/144/737 1069/145/738 1071/147/59 1071/147/59 
f 1069/145/738 1070/146/739 1071/147/59 1071/147/59 
f 1070/146/739 1048/123/717 1071/147/59 1071/147/59 
s 1
f 1071/147/59 1071/147/59 1071/147/59 1071/147/59 1071/147/59 1071/147/59 1071/147/59 1071/147/59 1071/147/59 1071/147/59 1071/147/59 1071/147/59 1071/147/59 1071/147/59 1071/147/59 1071/147/59 1071/147/59 1071/147/59 1071/147/59 1071/147/59 1071/147/59 1071/147/59 1071/147/59 1071/147/59 
f 1072/912/741 1073/913/742 1074/914/743 1075/915/744 1076/916/745 1077/917/746 1078/918/747 1079/919/748 1080/920/749 1081/921/750 1082/922/751 1083/923/752 1084/924/753 1085/925/754 1086/926/755 1087/927/756 1088/928/757 1089/929/758 1090/930/759 1091/931/760 1092/932/761 1093/933/762 1094/934/763 1095/935/764 
s 8
f 1095/935/764 1094/934/763 1096/936/765 1097/937/766 
f 1094/934/763 1093/933/762 1098/938/767 1096/936/765 
f 1093/933/762 1092/932/761 1099/939/768 1098/938/767 
f 1092/932/761 1091/931/760 1100/940/769 1099/939/768 
f 1091/931/760 1090/930/759 1101/941/770 1100/940/769 
f 1090/930/759 1089/929/758 1102/942/771 1101/941/770 
f 1089/929/758 1088/928/757 1103/943/772 1102/942/771 
f 1088/928/757 1087/927/756 1104/944/773 1103/943/772 
f 1087/927/756 1086/926/755 1105/945/774 1104/944/773 
f 1086/926/755 1085/925/754 1106/946/775 1105/945/774 
f 1085/925/754 1084/924/753 1107/947/776 1106/946/775 
f 1084/924/753 1083/923/752 1108/948/777 1107/947/776 
f 1083/923/752 1082/922/751 1109/949/778 1108/948/777 
f 1082/922/751 1081/921/750 1110/950/779 1109/949/778 
f 1081/921/750 1080/920/749 1111/951/780 1110/950/779 
f 1080/920/749 1079/919/748 1112/952/781 1111/951/780 
f 1079/919/748 1078/918/747 1113/953/782 1112/952/781 
f 1078/918/747 1077/917/746 1114/954/783 1113/953/782 
f 1077/917/746 1076/916/745 1115/955/784 1114/954/783 
f 1076/956/745 1075/957/744 1116/958/785 1115/959/784 
f 1075/957/744 1074/960/743 1117/961/786 1116/958/785 
f 1074/960/743 1073/962/742 1118/963/787 1117/961/786 
f 1073/962/742 1072/964/741 1119/965/788 1118/963/787 
f 1072/964/741 1095/935/764 1097/937/766 1119/965/788 
f 1097/937/766 1096/936/765 1120/966/765 1121/967/766 
f 1096/936/765 1098/938/767 1122/968/767 1120/966/765 
f 1098/938/767 1099/939/768 1123/969/768 1122/968/767 
f 1099/939/768 1100/940/769 1124/970/769 1123/969/768 
f 1100/940/769 1101/941/770 1125/971/770 1124/970/769 
f 1101/941/770 1102/942/771 1126/972/771 1125/971/770 
f 1102/942/771 1103/943/772 1127/973/772 1126/972/771 
f 1103/943/772 1104/944/773 1128/974/773 1127/973/772 
f 1104/944/773 1105/945/774 1129/975/774 1128/974/773 
f 1105/945/774 1106/946/775 1130/976/775 1129/975/774 
f 1106/946/775 1107/947/776 1131/977/776 1130/976/775 
f 1107/947/776 1108/948/777 1132/978/777 1131/977/776 
f 1108/948/777 1109/949/778 1133/979/778 1132/978/777 
f 1109/949/778 1110/950/779 1134/980/779 1133/979/778 
f 1110/950/779 1111/951/780 1135/981/780 1134/980/779 
f 1111/951/780 1112/952/781 1136/982/781 1135/981/780 
f 1112/952/781 1113/953/782 1137/983/782 1136/982/781 
f 1113/953/782 1114/954/783 1138/984/783 1137/983/782 
f 1114/954/783 1115/955/784 1139/985/784 1138/984/783 
f 1115/959/784 1116/958/785 1140/986/785 1139/987/784 
f 1116/958/785 1117/961/786 1141/988/786 1140/986/785 
f 1117/961/786 1118/963/787 1142/989/787 1141/988/786 
f 1118/963/787 1119/965/788 1143/990/788 1142/989/787 
f 1119/965/788 1097/937/766 1121/967/766 1143/990/788 
f 1121/967/766 1120/966/765 1144/991/765 1145/992/766 
f 1120/966/765 1122/968/767 1146/993/767 1144/991/765 
f 1122/968/767 1123/969/768 1147/994/768 1146/993/767 
f 1123/969/768 1124/970/769 1148/995/769 1147/994/768 
f 1124/970/769 1125/971/770 1149/996/770 1148/995/769 
f 1125/971/770 1126/972/771 1150/997/771 1149/996/770 
f 1126/972/771 1127/973/772 1151/998/772 1150/997/771 
f 1127/973/772 1128/974/773 1152/999/773 1151/998/772 
f 1128/974/773 1129/975/774 1153/1000/774 1152/999/773 
f 1129/975/774 1130/976/775 1154/1001/775 1153/1000/774 
f 1130/976/775 1131/977/776 1155/1002/776 1154/1001/775 
f 1131/977/776 1132/978/777 1156/1003/777 1155/1002/776 
f 1132/978/777 1133/979/778 1157/1004/778 1156/1003/777 
f 1133/979/778 1134/980/779 1158/1005/779 1157/1004/778 
f 1134/980/779 1135/981/780 1159/1006/780 1158/1005/779 
f 1135/981/780 1136/982/781 1160/1007/781 1159/1006/780 
f 1136/982/781 1137/983/782 1161/1008/782 1160/1007/781 
f 1137/983/782 1138/984/783 1162/1009/783 1161/1008/782 
f 1138/984/783 1139/985/784 1163/1010/784 1162/1009/783 
f 1139/987/784 1140/986/785 1164/1011/785 1163/1012/784 
f 1140/986/785 1141/988/786 1165/1013/786 1164/1011/785 
f 1141/988/786 1142/989/787 1166/1014/787 1165/1013/786 
f 1142/989/787 1143/990/788 1167/1015/788 1166/1014/787 
f 1143/990/788 1121/967/766 1145/992/766 1167/1015/788 
f 1145/992/766 1144/991/765 1168/1016/765 1169/1017/766 
f 1144/991/765 1146/993/767 1170/1018/767 1168/1016/765 
f 1146/993/767 1147/994/768 1171/1019/768 1170/1018/767 
f 1147/994/768 1148/995/769 1172/1020/769 1171/1019/768 
f 1148/995/769 1149/996/770 1173/1021/770 1172/1020/769 
f 1149/996/770 1150/997/771 1174/1022/771 1173/1021/770 
f 1150/997/771 1151/998/772 1175/1023/772 1174/1022/771 
f 1151/998/772 1152/999/773 1176/1024/773 1175/1023/772 
f 1152/999/773 1153/1000/774 1177/1025/774 1176/1024/773 
f 1153/1000/774 1154/1001/775 1178/1026/775 1177/1025/774 
f 1154/1001/775 1155/1002/776 1179/1027/776 1178/1026/775 
f 1155/1002/776 1156/1003/777 1180/1028/777 1179/1027/776 
f 1156/1003/777 1157/1004/778 1181/1029/778 1180/1028/777 
f 1157/1004/778 1158/1005/779 1182/1030/779 1181/1029/778 
f 1158/1005/779 1159/1006/780 1183/1031/780 1182/1030/779 
f 1159/1006/780 1160/1007/781 1184/1032/781 1183/1031/780 
f 1160/1007/781 1161/1008/782 1185/1033/782 1184/1032/781 
f 1161/1008/782 1162/1009/783 1186/1034/783 1185/1033/782 
f 1162/1009/783 1163/1010/784 1187/1035/784 1186/1034/783 
f 1163/1012/784 1164/1011/785 1188/1036/785 1187/1037/784 
f 1164/1011/785 1165/1013/786 1189/1038/786 1188/1036/785 
f 1165/1013/786 1166/1014/787 1190/1039/787 1189/1038/786 
f 1166/1014/787 1167/1015/788 1191/1040/788 1190/1039/787 
f 1167/1015/788 1145/992/766 1169/1017/766 1191/1040/788 
f 1169/1017/766 1168/1016/765 1192/1041/789 1193/252/790 
f 1168/1016/765 1170/1018/767 1194/1042/791 1192/1041/789 
f 1170/1018/767 1171/1019/768 1195/1043/792 1194/1042/791 
f 1171/1019/768 1172/1020/769 1196/267/793 1195/1043/792 
f 1172/1020/769 1173/1021/770 1197/1044/794 1196/267/793 
f 1173/1021/770 1174/1022/771 1198/1045/795 1197/1044/794 
f 1174/1022/771 1175/1023/772 1199/1046/796 1198/1045/795 
f 1175/1023/772 1176/1024/773 1200/264/797 1199/1046/796 
f 1176/1024/773 1177/1025/774 1201/1047/798 1200/264/797 
f 1177/1025/774 1178/1026/775 1202/1048/799 1201/1047/798 
f 1178/1026/775 1179/1027/776 1203/1049/800 1202/1048/799 
f 1179/1027/776 1180/1028/777 1204/261/801 1203/1049/800 
f 1180/1028/777 1181/1029/778 1205/1050/802 1204/261/801 
f 1181/1029/778 1182/1030/779 1206/1051/803 1205/1050/802 
f 1182/1030/779 1183/1031/780 1207/1052/804 1206/1051/803 
f 1183/1031/780 1184/1032/781 1208/258/805 1207/1052/804 
f 1184/1032/781 1185/1033/782 1209/1053/806 1208/258/805 
f 1185/1033/782 1186/1034/783 1210/1054/807 1209/1053/806 
f 1186/1034/783 1187/1035/784 1211/1055/808 1210/1054/807 
f 1187/1037/784 1188/1036/785 1212/254/809 1211/1056/808 
f 1188/1036/785 1189/1038/786 1213/1057/810 1212/254/809 
f 1189/1038/786 1190/1039/787 1214/1058/811 1213/1057/810 
f 1190/1039/787 1191/1040/788 1215/1059/812 1214/1058/811 
f 1191/1040/788 1169/1017/766 1193/252/790 1215/1059/812 
s 1
f 1215/1059/812 1193/252/790 1192/1041/789 1194/1042/791 1195/1043/792 1196/267/793 1197/1044/794 1198/1045/795 1199/1046/796 1200/264/797 1201/1047/798 1202/1048/799 1203/1049/800 1204/261/801 1205/1050/802 1206/1051/803 1207/1052/804 1208/258/805 1209/1053/806 1210/1054/807 1211/1055/808 1212/1060/809 1213/1061/810 1214/1062/811 
f 1216/912/813 1217/913/814 1218/914/815 1219/915/744 1220/916/745 1221/917/746 1222/918/747 1223/919/748 1224/920/816 1225/921/817 1226/922/751 1227/923/752 1228/924/753 1229/925/818 1230/926/819 1231/927/756 1232/928/757 1233/929/820 1234/930/759 1235/931/760 1236/932/821 1237/933/822 1238/934/763 1239/935/764 
s 8
f 1239/935/764 1238/934/763 1240/936/765 1241/937/766 
f 1238/934/763 1237/933/822 1242/938/767 1240/936/765 
f 1237/933/822 1236/932/821 1243/939/768 1242/938/767 
f 1236/932/821 1235/931/760 1244/940/769 1243/939/768 
f 1235/931/760 1234/930/759 1245/941/770 1244/940/769 
f 1234/930/759 1233/929/820 1246/942/771 1245/941/770 
f 1233/929/820 1232/928/757 1247/943/772 1246/942/771 
f 1232/928/757 1231/927/756 1248/944/773 1247/943/772 
f 1231/927/756 1230/926/819 1249/945/774 1248/944/773 
f 1230/926/819 1229/925/818 1250/946/775 1249/945/774 
f 1229/925/818 1228/924/753 1251/947/776 1250/946/775 
f 1228/924/753 1227/923/752 1252/948/777 1251/947/776 
f 1227/923/752 1226/922/751 1253/949/778 1252/948/777 
f 1226/922/751 1225/921/817 1254/950/779 1253/949/778 
f 1225/921/817 1224/920/816 1255/951/780 1254/950/779 
f 1224/920/816 1223/919/748 1256/952/781 1255/951/780 
f 1223/919/748 1222/918/747 1257/953/782 1256/952/781 
f 1222/918/747 1221/917/746 1258/954/783 1257/953/782 
f 1221/917/746 1220/916/745 1259/955/784 1258/954/783 
f 1220/956/745 1219/957/744 1260/958/785 1259/959/784 
f 1219/957/744 1218/960/815 1261/961/786 1260/958/785 
f 1218/960/815 1217/962/814 1262/963/787 1261/961/786 
f 1217/962/814 1216/964/813 1263/965/788 1262/963/787 
f 1216/964/813 1239/935/764 1241/937/766 1263/965/788 
f 1241/937/766 1240/936/765 1264/966/765 1265/967/766 
f 1240/936/765 1242/938/767 1266/968/767 1264/966/765 
f 1242/938/767 1243/939/768 1267/969/768 1266/968/767 
f 1243/939/768 1244/940/769 1268/970/769 1267/969/768 
f 1244/940/769 1245/941/770 1269/971/770 1268/970/769 
f 1245/941/770 1246/942/771 1270/972/771 1269/971/770 
f 1246/942/771 1247/943/772 1271/973/772 1270/972/771 
f 1247/943/772 1248/944/773 1272/974/773 1271/973/772 
f 1248/944/773 1249/945/774 1273/975/774 1272/974/773 
f 1249/945/774 1250/946/775 1274/976/775 1273/975/774 
f 1250/946/775 1251/947/776 1275/977/776 1274/976/775 
f 1251/947/776 1252/948/777 1276/978/777 1275/977/776 
f 1252/948/777 1253/949/778 1277/979/778 1276/978/777 
f 1253/949/778 1254/950/779 1278/980/779 1277/979/778 
f 1254/950/779 1255/951/780 1279/981/780 1278/980/779 
f 1255/951/780 1256/952/781 1280/982/781 1279/981/780 
f 1256/952/781 1257/953/782 1281/983/782 1280/982/781 
f 1257/953/782 1258/954/783 1282/984/783 1281/983/782 
f 1258/954/783 1259/955/784 1283/985/784 1282/984/783 
f 1259/959/784 1260/958/785 1284/986/785 1283/987/784 
f 1260/958/785 1261/961/786 1285/988/786 1284/986/785 
f 1261/961/786 1262/963/787 1286/989/787 1285/988/786 
f 1262/963/787 1263/965/788 1287/990/788 1286/989/787 
f 1263/965/788 1241/937/766 1265/967/766 1287/990/788 
f 1265/967/766 1264/966/765 1288/991/765 1289/992/766 
f 1264/966/765 1266/968/767 1290/993/767 1288/991/765 
f 1266/968/767 1267/969/768 1291/994/768 1290/993/767 
f 1267/969/768 1268/970/769 1292/995/769 1291/994/768 
f 1268/970/769 1269/971/770 1293/996/770 1292/995/769 
f 1269/971/770 1270/972/771 1294/997/771 1293/996/770 
f 1270/972/771 1271/973/772 1295/998/772 1294/997/771 
f 1271/973/772 1272/974/773 1296/999/773 1295/998/772 
f 1272/974/773 1273/975/774 1297/1000/774 1296/999/773 
f 1273/975/774 1274/976/775 1298/1001/775 1297/1000/774 
f 1274/976/775 1275/977/776 1299/1002/776 1298/1001/775 
f 1275/977/776 1276/978/777 1300/1003/777 1299/1002/776 
f 1276/978/777 1277/979/778 1301/1004/778 1300/1003/777 
f 1277/979/778 1278/980/779 1302/1005/779 1301/1004/778 
f 1278/980/779 1279/981/780 1303/1006/780 1302/1005/779 
f 1279/981/780 1280/982/781 1304/1007/781 1303/1006/780 
f 1280/982/781 1281/983/782 1305/1008/782 1304/1007/781 
f 1281/983/782 1282/984/783 1306/1009/783 1305/1008/782 
f 1282/984/783 1283/985/784 1307/1010/784 1306/1009/783 
f 1283/987/784 1284/986/785 1308/1011/785 1307/1012/784 
f 1284/986/785 1285/988/786 1309/1013/786 1308/1011/785 
f 1285/988/786 1286/989/787 1310/1014/787 1309/1013/786 
f 1286/989/787 1287/990/788 1311/1015/788 1310/1014/787 
f 1287/990/788 1265/967/766 1289/992/766 1311/1015/788 
f 1289/992/766 1288/991/765 1312/1016/765 1313/1017/766 
f 1288/991/765 1290/993/767 1314/1018/767 1312/1016/765 
f 1290/993/767 1291/994/768 1315/1019/768 1314/1018/767 
f 1291/994/768 1292/995/769 1316/1020/769 1315/1019/768 
f 1292/995/769 1293/996/770 1317/1021/770 1316/1020/769 
f 1293/996/770 1294/997/771 1318/1022/771 1317/1021/770 
f 1294/997/771 1295/998/772 1319/1023/772 1318/1022/771 
f 1295/998/772 1296/999/773 1320/1024/773 1319/1023/772 
f 1296/999/773 1297/1000/774 1321/1025/774 1320/1024/773 
f 1297/1000/774 1298/1001/775 1322/1026/775 1321/1025/774 
f 1298/1001/775 1299/1002/776 1323/1027/776 1322/1026/775 
f 1299/1002/776 1300/1003/777 1324/1028/777 1323/1027/776 
f 1300/1003/777 1301/1004/778 1325/1029/778 1324/1028/777 
f 1301/1004/778 1302/1005/779 1326/1030/779 1325/1029/778 
f 1302/1005/779 1303/1006/780 1327/1031/780 1326/1030/779 
f 1303/1006/780 1304/1007/781 1328/1032/781 1327/1031/780 
f 1304/1007/781 1305/1008/782 1329/1033/782 1328/1032/781 
f 1305/1008/782 1306/1009/783 1330/1034/783 1329/1033/782 
f 1306/1009/783 1307/1010/784 1331/1035/784 1330/1034/783 
f 1307/1012/784 1308/1011/785 1332/1036/785 1331/1037/784 
f 1308/1011/785 1309/1013/786 1333/1038/786 1332/1036/785 
f 1309/1013/786 1310/1014/787 1334/1039/787 1333/1038/786 
f 1310/1014/787 1311/1015/788 1335/1040/788 1334/1039/787 
f 1311/1015/788 1289/992/766 1313/1017/766 1335/1040/788 
f 1313/1017/766 1312/1016/765 1336/1041/823 1337/252/790 
f 1312/1016/765 1314/1018/767 1338/1042/824 1336/1041/823 
f 1314/1018/767 1315/1019/768 1339/1043/792 1338/1042/824 
f 1315/1019/768 1316/1020/769 1340/267/793 1339/1043/792 
f 1316/1020/769 1317/1021/770 1341/1044/794 1340/267/793 
f 1317/1021/770 1318/1022/771 1342/1045/795 1341/1044/794 
f 1318/1022/771 1319/1023/772 1343/1046/796 1342/1045/795 
f 1319/1023/772 1320/1024/773 1344/264/797 1343/1046/796 
f 1320/1024/773 1321/1025/774 1345/1047/798 1344/264/797 
f 1321/1025/774 1322/1026/775 1346/1048/799 1345/1047/798 
f 1322/1026/775 1323/1027/776 1347/1049/800 1346/1048/799 
f 1323/1027/776 1324/1028/777 1348/261/825 1347/1049/800 
f 1324/1028/777 1325/1029/778 1349/1050/826 1348/261/825 
f 1325/1029/778 1326/1030/779 1350/1051/803 1349/1050/826 
f 1326/1030/779 1327/1031/780 1351/1052/804 1350/1051/803 
f 1327/1031/780 1328/1032/781 1352/258/805 1351/1052/804 
f 1328/1032/781 1329/1033/782 1353/1053/806 1352/258/805 
f 1329/1033/782 1330/1034/783 1354/1054/807 1353/1053/806 
f 1330/1034/783 1331/1035/784 1355/1055/827 1354/1054/807 
f 1331/1037/784 1332/1036/785 1356/254/809 1355/1056/827 
f 1332/1036/785 1333/1038/786 1357/1057/810 1356/254/809 
f 1333/1038/786 1334/1039/787 1358/1058/811 1357/1057/810 
f 1334/1039/787 1335/1040/788 1359/1059/828 1358/1058/811 
f 1335/1040/788 1313/1017/766 1337/252/790 1359/1059/828 
s 1
f 1359/1059/828 1337/252/790 1336/1041/823 1338/1042/824 1339/1043/792 1340/267/793 1341/1044/794 1342/1045/795 1343/1046/796 1344/264/797 1345/1047/798 1346/1048/799 1347/1049/800 1348/261/825 1349/1050/826 1350/1051/803 1351/1052/804 1352/258/805 1353/1053/806 1354/1054/807 1355/1055/827 1356/1060/809 1357/1061/810 1358/1062/811 
f 1360/912/813 1361/913/829 1362/914/815 1363/915/830 1364/916/831 1365/917/746 1366/918/832 1367/919/833 1368/920/816 1369/921/750 1370/922/834 1371/923/752 1372/924/753 1373/925/818 1374/926/835 1375/927/756 1376/928/757 1377/929/758 1378/930/759 1379/931/760 1380/932/821 1381/933/822 1382/934/836 1383/935/764 
s 8
f 1383/935/764 1382/934/836 1384/936/765 1385/937/766 
f 1382/934/836 1381/933/822 1386/938/767 1384/936/765 
f 1381/933/822 1380/932/821 1387/939/768 1386/938/767 
f 1380/932/821 1379/931/760 1388/940/769 1387/939/768 
f 1379/931/760 1378/930/759 1389/941/770 1388/940/769 
f 1378/930/759 1377/929/758 1390/942/771 1389/941/770 
f 1377/929/758 1376/928/757 1391/943/772 1390/942/771 
f 1376/928/757 1375/927/756 1392/944/773 1391/943/772 
f 1375/927/756 1374/926/835 1393/945/774 1392/944/773 
f 1374/926/835 1373/925/818 1394/946/775 1393/945/774 
f 1373/925/818 1372/924/753 1395/947/776 1394/946/775 
f 1372/924/753 1371/923/752 1396/948/777 1395/947/776 
f 1371/923/752 1370/922/834 1397/949/778 1396/948/777 
f 1370/922/834 1369/921/750 1398/950/779 1397/949/778 
f 1369/921/750 1368/920/816 1399/951/780 1398/950/779 
f 1368/920/816 1367/919/833 1400/952/781 1399/951/780 
f 1367/919/833 1366/918/832 1401/953/782 1400/952/781 
f 1366/918/832 1365/917/746 1402/954/783 1401/953/782 
f 1365/917/746 1364/916/831 1403/955/784 1402/954/783 
f 1364/956/831 1363/957/830 1404/958/785 1403/959/784 
f 1363/957/830 1362/960/815 1405/961/786 1404/958/785 
f 1362/960/815 1361/962/829 1406/963/787 1405/961/786 
f 1361/962/829 1360/964/813 1407/965/788 1406/963/787 
f 1360/964/813 1383/935/764 1385/937/766 1407/965/788 
f 1385/937/766 1384/936/765 1408/966/765 1409/967/766 
f 1384/936/765 1386/938/767 1410/968/767 1408/966/765 
f 1386/938/767 1387/939/768 1411/969/768 1410/968/767 
f 1387/939/768 1388/940/769 1412/970/769 1411/969/768 
f 1388/940/769 1389/941/770 1413/971/770 1412/970/769 
f 1389/941/770 1390/942/771 1414/972/771 1413/971/770 
f 1390/942/771 1391/943/772 1415/973/772 1414/972/771 
f 1391/943/772 1392/944/773 1416/974/773 1415/973/772 
f 1392/944/773 1393/945/774 1417/975/774 1416/974/773 
f 1393/945/774 1394/946/775 1418/976/775 1417/975/774 
f 1394/946/775 1395/947/776 1419/977/776 1418/976/775 
f 1395/947/776 1396/948/777 1420/978/777 1419/977/776 
f 1396/948/777 1397/949/778 1421/979/778 1420/978/777 
f 1397/949/778 1398/950/779 1422/980/779 1421/979/778 
f 1398/950/779 1399/951/780 1423/981/780 1422/980/779 
f 1399/951/780 1400/952/781 1424/982/781 1423/981/780 
f 1400/952/781 1401/953/782 1425/983/782 1424/982/781 
f 1401/953/782 1402/954/783 1426/984/783 1425/983/782 
f 1402/954/783 1403/955/784 1427/985/784 1426/984/783 
f 1403/959/784 1404/958/785 1428/986/785 1427/987/784 
f 1404/958/785 1405/961/786 1429/988/786 1428/986/785 
f 1405/961/786 1406/963/787 1430/989/787 1429/988/786 
f 1406/963/787 1407/965/788 1431/990/788 1430/989/787 
f 1407/965/788 1385/937/766 1409/967/766 1431/990/788 
f 1409/967/766 1408/966/765 1432/991/765 1433/992/766 
f 1408/966/765 1410/968/767 1434/993/767 1432/991/765 
f 1410/968/767 1411/969/768 1435/994/768 1434/993/767 
f 1411/969/768 1412/970/769 1436/995/769 1435/994/768 
f 1412/970/769 1413/971/770 1437/996/770 1436/995/769 
f 1413/971/770 1414/972/771 1438/997/771 1437/996/770 
f 1414/972/771 1415/973/772 1439/998/772 1438/997/771 
f 1415/973/772 1416/974/773 1440/999/773 1439/998/772 
f 1416/974/773 1417/975/774 1441/1000/774 1440/999/773 
f 1417/975/774 1418/976/775 1442/1001/775 1441/1000/774 
f 1418/976/775 1419/977/776 1443/1002/776 1442/1001/775 
f 1419/977/776 1420/978/777 1444/1003/777 1443/1002/776 
f 1420/978/777 1421/979/778 1445/1004/778 1444/1003/777 
f 1421/979/778 1422/980/779 1446/1005/779 1445/1004/778 
f 1422/980/779 1423/981/780 1447/1006/780 1446/1005/779 
f 1423/981/780 1424/982/781 1448/1007/781 1447/1006/780 
f 1424/982/781 1425/983/782 1449/1008/782 1448/1007/781 
f 1425/983/782 1426/984/783 1450/1009/783 1449/1008/782 
f 1426/984/783 1427/985/784 1451/1010/784 1450/1009/783 
f 1427/987/784 1428/986/785 1452/1011/785 1451/1012/784 
f 1428/986/785 1429/988/786 1453/1013/786 1452/1011/785 
f 1429/988/786 1430/989/787 1454/1014/787 1453/1013/786 
f 1430/989/787 1431/990/788 1455/1015/788 1454/1014/787 
f 1431/990/788 1409/967/766 1433/992/766 1455/1015/788 
f 1433/992/766 1432/991/765 1456/1016/765 1457/1017/766 
f 1432/991/765 1434/993/767 1458/1018/767 1456/1016/765 
f 1434/993/767 1435/994/768 1459/1019/768 1458/1018/767 
f 1435/994/768 1436/995/769 1460/1020/769 1459/1019/768 
f 1436/995/769 1437/996/770 1461/1021/770 1460/1020/769 
f 1437/996/770 1438/997/771 1462/1022/771 1461/1021/770 
f 1438/997/771 1439/998/772 1463/1023/772 1462/1022/771 
f 1439/998/772 1440/999/773 1464/1024/773 1463/1023/772 
f 1440/999/773 1441/1000/774 1465/1025/774 1464/1024/773 
f 1441/1000/774 1442/1001/775 1466/1026/775 1465/1025/774 
f 1442/1001/775 1443/1002/776 1467/1027/776 1466/1026/775 
f 1443/1002/776 1444/1003/777 1468/1028/777 1467/1027/776 
f 1444/1003/777 1445/1004/778 1469/1029/778 1468/1028/777 
f 1445/1004/778 1446/1005/779 1470/1030/779 1469/1029/778 
f 1446/1005/779 1447/1006/780 1471/1031/780 1470/1030/779 
f 1447/1006/780 1448/1007/781 1472/1032/781 1471/1031/780 
f 1448/1007/781 1449/1008/782 1473/1033/782 1472/1032/781 
f 1449/1008/782 1450/1009/783 1474/1034/783 1473/1033/782 
f 1450/1009/783 1451/1010/784 1475/1035/784 1474/1034/783 
f 1451/1012/784 1452/1011/785 1476/1036/785 1475/1037/784 
f 1452/1011/785 1453/1013/786 1477/1038/786 1476/1036/785 
f 1453/1013/786 1454/1014/787 1478/1039/787 1477/1038/786 
f 1454/1014/787 1455/1015/788 1479/1040/788 1478/1039/787 
f 1455/1015/788 1433/992/766 1457/1017/766 1479/1040/788 
f 1457/1017/766 1456/1016/765 1480/1041/789 1481/252/790 
f 1456/1016/765 1458/1018/767 1482/1042/824 1480/1041/789 
f 1458/1018/767 1459/1019/768 1483/1043/792 1482/1042/824 
f 1459/1019/768 1460/1020/769 1484/267/793 1483/1043/792 
f 1460/1020/769 1461/1021/770 1485/1044/794 1484/267/793 
f 1461/1021/770 1462/1022/771 1486/1045/795 1485/1044/794 
f 1462/1022/771 1463/1023/772 1487/1046/796 1486/1045/795 
f 1463/1023/772 1464/1024/773 1488/264/797 1487/1046/796 
f 1464/1024/773 1465/1025/774 1489/1047/798 1488/264/797 
f 1465/1025/774 1466/1026/775 1490/1048/837 1489/1047/798 
f 1466/1026/775 1467/1027/776 1491/1049/800 1490/1048/837 
f 1467/1027/776 1468/1028/777 1492/261/801 1491/1049/800 
f 1468/1028/777 1469/1029/778 1493/1050/826 1492/261/801 
f 1469/1029/778 1470/1030/779 1494/1051/803 1493/1050/826 
f 1470/1030/779 1471/1031/780 1495/1052/804 1494/1051/803 
f 1471/1031/780 1472/1032/781 1496/258/805 1495/1052/804 
f 1472/1032/781 1473/1033/782 1497/1053/806 1496/258/805 
f 1473/1033/782 1474/1034/783 1498/1054/807 1497/1053/806 
f 1474/1034/783 1475/1035/784 1499/1055/808 1498/1054/807 
f 1475/1037/784 1476/1036/785 1500/254/809 1499/1056/808 
f 1476/1036/785 1477/1038/786 1501/1057/810 1500/254/809 
f 1477/1038/786 1478/1039/787 1502/1058/811 1501/1057/810 
f 1478/1039/787 1479/1040/788 1503/1059/828 1502/1058/811 
f 1479/1040/788 1457/1017/766 1481/252/790 1503/1059/828 
s 1
f 1503/1059/828 1481/252/790 1480/1041/789 1482/1042/824 1483/1043/792 1484/267/793 1485/1044/794 1486/1045/795 1487/1046/796 1488/264/797 1489/1047/798 1490/1048/837 1491/1049/800 1492/261/801 1493/1050/826 1494/1051/803 1495/1052/804 1496/258/805 1497/1053/806 1498/1054/807 1499/1055/808 1500/1060/809 1501/1061/810 1502/1062/811 
f 1504/149/105 1505/150/106 1506/151/838 1507/152/839 1508/153/109 1509/154/840 1510/155/841 1511/156/112 1512/157/842 1513/158/843 1514/159/115 1515/160/116 1516/161/117 1517/162/844 1518/24/845 1519/163/846 1520/164/121 1521/28/122 
s 8
f 1521/28/122 1520/164/121 1522/165/123 1523/166/124 
f 1520/164/121 1519/163/846 1524/167/847 1522/165/123 
f 1519/163/846 1518/24/845 1525/168/126 1524/167/847 
f 1518/24/845 1517/162/844 1526/169/127 1525/168/126 
f 1517/170/844 1516/171/117 1527/172/128 1526/173/127 
f 1516/171/117 1515/40/116 1528/174/129 1527/172/128 
f 1515/40/116 1514/175/115 1529/176/130 1528/174/129 
f 1514/175/115 1513/177/843 1530/178/131 1529/176/130 
f 1513/177/843 1512/48/842 1531/179/392 1530/178/131 
f 1512/48/842 1511/180/112 1532/181/133 1531/179/392 
f 1511/180/112 1510/182/841 1533/183/848 1532/181/133 
f 1510/182/841 1509/56/840 1534/184/135 1533/183/848 
f 1509/56/840 1508/185/109 1535/186/136 1534/184/135 
f 1508/185/109 1507/187/839 1536/188/137 1535/186/136 
f 1507/187/839 1506/64/838 1537/189/138 1536/188/137 
f 1506/64/838 1505/190/106 1538/191/139 1537/189/138 
f 1505/190/106 1504/192/105 1539/193/140 1538/191/139 
f 1504/192/105 1521/28/122 1523/166/124 1539/193/140 
f 1523/166/124 1522/165/123 1540/194/123 1541/195/124 
f 1522/165/123 1524/167/847 1542/196/847 1540/194/123 
f 1524/167/847 1525/168/126 1543/197/126 1542/196/847 
f 1525/168/126 1526/169/127 1544/198/127 1543/197/126 
f 1526/173/127 1527/172/128 1545/199/128 1544/200/127 
f 1527/172/128 1528/174/129 1546/201/129 1545/199/128 
f 1528/174/129 1529/176/130 1547/202/130 1546/201/129 
f 1529/176/130 1530/178/131 1548/203/131 1547/202/130 
f 1530/178/131 1531/179/392 1549/204/392 1548/203/131 
f 1531/179/392 1532/181/133 1550/205/133 1549/204/392 
f 1532/181/133 1533/183/848 1551/206/848 1550/205/133 
f 1533/183/848 1534/184/135 1552/207/135 1551/206/848 
f 1534/184/135 1535/186/136 1553/208/136 1552/207/135 
f 1535/186/136 1536/188/137 1554/209/137 1553/208/136 
f 1536/188/137 1537/189/138 1555/210/138 1554/209/137 
f 1537/189/138 1538/191/139 1556/211/139 1555/210/138 
f 1538/191/139 1539/193/140 1557/212/140 1556/211/139 
f 1539/193/140 1523/166/124 1541/195/124 1557/212/140 
f 1541/195/124 1540/194/123 1558/213/123 1559/214/124 
f 1540/194/123 1542/196/847 1560/215/847 1558/213/123 
f 1542/196/847 1543/197/126 1561/216/126 1560/215/847 
f 1543/197/126 1544/198/127 1562/217/127 1561/216/126 
f 1544/200/127 1545/199/128 1563/218/128 1562/219/127 
f 1545/199/128 1546/201/129 1564/220/129 1563/218/128 
f 1546/201/129 1547/202/130 1565/221/130 1564/220/129 
f 1547/202/130 1548/203/131 1566/222/131 1565/221/130 
f 1548/203/131 1549/204/392 1567/223/392 1566/222/131 
f 1549/204/392 1550/205/133 1568/224/133 1567/223/392 
f 1550/205/133 1551/206/848 1569/225/848 1568/224/133 
f 1551/206/848 1552/207/135 1570/226/135 1569/225/848 
f 1552/207/135 1553/208/136 1571/227/136 1570/226/135 
f 1553/208/136 1554/209/137 1572/228/137 1571/227/136 
f 1554/209/137 1555/210/138 1573/229/138 1572/228/137 
f 1555/210/138 1556/211/139 1574/230/139 1573/229/138 
f 1556/211/139 1557/212/140 1575/231/140 1574/230/139 
f 1557/212/140 1541/195/124 1559/214/124 1575/231/140 
f 1559/214/124 1558/213/123 1576/232/123 1577/233/124 
f 1558/213/123 1560/215/847 1578/234/847 1576/232/123 
f 1560/215/847 1561/216/126 1579/235/126 1578/234/847 
f 1561/216/126 1562/217/127 1580/236/127 1579/235/126 
f 1562/219/127 1563/218/128 1581/237/128 1580/238/127 
f 1563/218/128 1564/220/129 1582/239/129 1581/237/128 
f 1564/220/129 1565/221/130 1583/240/130 1582/239/129 
f 1565/221/130 1566/222/131 1584/241/131 1583/240/130 
f 1566/222/131 1567/223/392 1585/242/392 1584/241/131 
f 1567/223/392 1568/224/133 1586/243/133 1585/242/392 
f 1568/224/133 1569/225/848 1587/244/848 1586/243/133 
f 1569/225/848 1570/226/135 1588/245/135 1587/244/848 
f 1570/226/135 1571/227/136 1589/246/136 1588/245/135 
f 1571/227/136 1572/228/137 1590/247/137 1589/246/136 
f 1572/228/137 1573/229/138 1591/248/138 1590/247/137 
f 1573/229/138 1574/230/139 1592/249/139 1591/248/138 
f 1574/230/139 1575/231/140 1593/250/140 1592/249/139 
f 1575/231/140 1559/214/124 1577/233/124 1593/250/140 
f 1577/233/124 1576/232/123 1594/251/141 1595/252/142 
f 1576/232/123 1578/234/847 1596/253/849 1594/251/141 
f 1578/234/847 1579/235/126 1597/254/850 1596/253/849 
f 1579/235/126 1580/236/127 1598/255/851 1597/254/850 
f 1580/238/127 1581/237/128 1599/256/146 1598/257/851 
f 1581/237/128 1582/239/129 1600/258/147 1599/256/146 
f 1582/239/129 1583/240/130 1601/259/148 1600/258/147 
f 1583/240/130 1584/241/131 1602/260/852 1601/259/148 
f 1584/241/131 1585/242/392 1603/261/853 1602/260/852 
f 1585/242/392 1586/243/133 1604/262/151 1603/261/853 
f 1586/243/133 1587/244/848 1605/263/854 1604/262/151 
f 1587/244/848 1588/245/135 1606/264/855 1605/263/854 
f 1588/245/135 1589/246/136 1607/265/154 1606/264/855 
f 1589/246/136 1590/247/137 1608/266/856 1607/265/154 
f 1590/247/137 1591/248/138 1609/267/857 1608/266/856 
f 1591/248/138 1592/249/139 1610/268/157 1609/267/857 
f 1592/249/139 1593/250/140 1611/269/158 1610/268/157 
f 1593/250/140 1577/233/124 1595/252/142 1611/269/158 
s 1
f 1611/269/158 1595/252/142 1594/251/141 1596/253/849 1597/254/850 1598/255/851 1599/270/146 1600/271/147 1601/272/148 1602/1063/852 1603/274/853 1604/275/151 1605/276/854 1606/277/855 1607/278/154 1608/279/856 1609/280/857 1610/281/157 
# 1433 polygons - 118 triangles

