# 3ds Max Wavefront OBJ Exporter v0.99 - (c)2007 guruware
# File Created: 27.09.2026 17:53:16

mtllib pumpkin.mtl

#
# object Sphere001
#

v  -52.8778 30.4233 -27.3434
v  -52.8778 30.3544 -28.3525
v  -53.0684 30.3544 -28.3331
v  -53.2517 30.3544 -28.2757
v  -52.6872 30.3544 -28.3331
v  -52.8778 30.2350 -29.5338
v  -53.2916 30.2350 -29.4917
v  -53.4207 30.3544 -28.1824
v  -53.6895 30.2350 -29.3671
v  -52.5039 30.3544 -28.2757
v  -52.4640 30.2350 -29.4917
v  -52.8778 30.3596 -30.6994
v  -53.5118 30.3596 -30.6349
v  -53.5687 30.3544 -28.0569
v  -54.0562 30.2350 -29.1646
v  -54.1214 30.3596 -30.4439
v  -52.3349 30.3544 -28.1824
v  -52.0661 30.2350 -29.3671
v  -52.2438 30.3596 -30.6349
v  -53.0069 27.1588 -31.6784
v  -53.5701 27.1588 -31.6211
v  -53.6902 30.3544 -27.9040
v  -54.3776 30.2350 -28.8922
v  -54.6832 30.3596 -30.1338
v  -54.1214 27.7870 -33.8000
v  -55.3172 27.7870 -33.4254
v  -52.1869 30.3544 -28.0569
v  -51.6994 30.2350 -29.1646
v  -51.6342 30.3596 -30.4439
v  -51.6342 27.7870 -33.8000
v  -52.8778 27.7870 -33.9265
v  -53.0069 26.5559 -34.5449
v  -54.1116 26.5559 -34.4325
v  -53.7805 30.3544 -27.7295
v  -54.6413 30.2350 -28.5603
v  -55.1756 30.3596 -29.7164
v  -54.6034 27.1588 -31.2973
v  -55.1025 27.1588 -31.0219
v  -54.6832 26.6848 -36.7169
v  -56.4192 26.6848 -36.1730
v  -55.6656 26.5559 -33.9457
v  -52.0654 30.3544 -27.9040
v  -51.3780 30.2350 -28.8922
v  -51.0724 30.3596 -30.1338
v  -51.3908 27.1588 -31.3994
v  -51.9323 27.1588 -31.5690
v  -51.0724 26.6848 -36.7169
v  -52.8778 26.6848 -36.9005
v  -53.0069 25.5768 -37.1867
v  -54.6106 25.5768 -37.0236
v  -53.8361 30.3544 -27.5402
v  -54.8373 30.2350 -28.1816
v  -55.5798 30.3596 -29.2079
v  -56.4192 27.7870 -32.8170
v  -57.3852 27.7870 -31.9983
v  -56.6445 26.5559 -33.4053
v  -55.1756 25.2014 -39.2736
v  -57.3852 25.2014 -38.5814
v  -56.6445 25.5768 -36.3864
v  -51.9751 30.3544 -27.7295
v  -51.1143 30.2350 -28.5603
v  -50.5800 30.3596 -29.7164
v  -49.3364 27.7870 -32.8170
v  -50.4384 27.7870 -33.4254
v  -50.3286 26.5559 -34.0477
v  -51.3908 26.5559 -34.3805
v  -50.8917 25.5768 -36.9715
v  -50.5800 25.2014 -39.2736
v  -52.8778 25.2014 -39.5074
v  -53.0069 24.2592 -39.5023
v  -55.0480 24.2592 -39.2946
v  -53.8549 30.3544 -27.3434
v  -54.9580 30.2350 -27.7707
v  -55.8801 30.3596 -28.6277
v  -55.9372 27.1588 -30.3144
v  -56.2962 27.1588 -29.8626
v  -58.0191 26.6848 -35.2899
v  -59.4215 26.6848 -34.1013
v  -57.8999 26.5559 -32.3413
v  -58.0657 25.5768 -35.6019
v  -55.5798 23.3940 -41.3719
v  -58.1779 23.3940 -40.5579
v  -57.5026 24.2592 -38.5257
v  -51.9195 30.3544 -27.5402
v  -50.9183 30.2350 -28.1816
v  -50.1758 30.3596 -29.2079
v  -50.0010 27.1588 -30.5030
v  -50.4384 27.1588 -30.8737
v  -47.7365 26.6848 -35.2899
v  -49.3364 26.6848 -36.1731
v  -49.3497 25.5768 -36.4885
v  -50.4543 24.2592 -39.2426
v  -50.1759 23.3940 -41.3719
v  -52.8778 23.3940 -41.6467
v  -53.0069 22.6536 -41.4026
v  -55.4070 22.6536 -41.1585
v  -53.8361 30.3544 -27.1465
v  -54.9988 30.2350 -27.3434
v  -56.0650 30.3596 -27.9981
v  -58.1779 27.7870 -31.0007
v  -58.7670 27.7870 -29.8626
v  -58.6041 26.5559 -31.4552
v  -59.4215 25.2014 -37.4574
v  -61.2063 25.2014 -35.9446
v  -59.7087 25.5768 -34.2094
v  -59.3114 24.2592 -37.5272
v  -55.8801 21.3318 -42.9310
v  -58.7670 21.3318 -42.0266
v  -58.2068 22.6536 -40.2814
v  -51.9007 30.3544 -27.3434
v  -50.7976 30.2350 -27.7707
v  -49.8755 30.3596 -28.6277
v  -47.5777 27.7870 -31.0007
v  -48.3704 27.7870 -31.9983
v  -48.0383 26.5559 -32.5299
v  -48.8963 26.5559 -33.2571
v  -47.4752 25.5768 -35.4537
v  -46.3341 25.2014 -37.4574
v  -48.3704 25.2014 -38.5814
v  -48.4916 24.2592 -38.6278
v  -50.0953 22.6536 -41.1064
v  -49.8756 21.3318 -42.9310
v  -52.8778 21.3318 -43.2364
v  -53.0069 20.8219 -42.8147
v  -55.6738 20.8219 -42.5434
v  -53.7805 30.3544 -26.9572
v  -54.9580 30.2350 -26.9160
v  -56.1274 30.3596 -27.3434
v  -56.8053 27.1588 -28.8791
v  -56.9695 27.1588 -28.3199
v  -60.5724 26.6848 -32.6530
v  -61.4276 26.6848 -31.0007
v  -59.3696 26.5559 -29.9761
v  -60.7310 25.5768 -32.9229
v  -60.5724 23.3940 -39.2362
v  -62.6711 23.3940 -37.4574
v  -61.2942 24.2592 -35.8467
v  -60.3337 22.6536 -39.1073
v  -56.0650 19.0943 -43.8911
v  -59.1297 19.0943 -42.9310
v  -58.7300 20.8219 -41.5860
v  -51.9195 30.3544 -27.1465
v  -50.7568 30.2350 -27.3434
v  -49.6906 30.3596 -27.9981
v  -49.0492 27.1588 -29.1255
v  -49.3159 27.1588 -29.6409
v  -45.1832 26.6848 -32.6531
v  -46.3341 26.6848 -34.1013
v  -46.2295 25.5768 -34.3979
v  -46.2295 24.2592 -37.3790
v  -45.1833 23.3940 -39.2362
v  -47.5777 23.3940 -40.5579
v  -47.7875 22.6536 -40.3834
v  -49.8286 20.8219 -42.4914
v  -49.6906 19.0943 -43.8911
v  -52.8778 19.0943 -44.2153
v  -53.0069 18.8343 -43.6842
v  -55.8380 18.8343 -43.3963
v  -53.6902 30.3544 -26.7827
v  -54.8373 30.2350 -26.5051
v  -56.0650 30.3596 -26.6886
v  -59.1297 27.7870 -28.6277
v  -59.2522 27.7870 -27.3434
v  -59.6918 26.5559 -28.8791
v  -62.6711 25.2014 -34.1013
v  -63.7596 25.2014 -31.9983
v  -61.7329 25.5768 -30.9870
v  -62.5953 24.2592 -34.2094
v  -61.4276 21.3318 -40.5579
v  -63.7596 21.3318 -38.5814
v  -62.5953 22.6536 -37.1904
v  -61.0933 20.8219 -40.2814
v  -56.1274 16.7673 -44.2153
v  -59.2522 16.7673 -43.2364
v  -59.0522 18.8343 -42.3893
v  -51.9751 30.3544 -26.9572
v  -50.7976 30.2350 -26.9160
v  -49.6282 30.3596 -27.3434
v  -46.6259 27.7870 -28.6277
v  -46.9886 27.7870 -29.8626
v  -46.4848 26.5559 -30.2225
v  -47.0081 26.5559 -31.2334
v  -44.8811 25.5768 -32.7012
v  -43.0845 25.2014 -34.1013
v  -44.5493 25.2014 -35.9446
v  -44.6441 24.2592 -36.0353
v  -45.2072 22.6536 -38.9591
v  -44.3281 21.3318 -40.5579
v  -46.9887 21.3318 -42.0266
v  -47.2642 20.8219 -41.6880
v  -49.6643 18.8343 -43.3442
v  -49.6282 16.7673 -44.2153
v  -52.8778 16.7673 -44.5458
v  -53.0069 16.7673 -43.9778
v  -55.8935 16.7673 -43.6842
v  -53.5687 30.3544 -26.6298
v  -54.6413 30.2350 -26.1264
v  -55.8801 30.3596 -26.0591
v  -57.0754 27.1588 -27.2100
v  -57.0199 27.1588 -26.6284
v  -61.9542 26.6848 -29.2079
v  -62.1320 26.6848 -27.3434
v  -59.8510 26.5559 -27.2100
v  -62.2007 25.5768 -29.3945
v  -64.3935 23.3940 -35.2899
v  -65.6734 23.3940 -32.8170
v  -63.8044 24.2592 -31.8732
v  -64.1253 22.6536 -35.2651
v  -61.9542 19.0943 -41.3719
v  -64.4298 19.0943 -39.2736
v  -63.5621 20.8219 -38.1889
v  -61.5611 18.8343 -41.0044
v  -56.0650 14.4404 -43.8911
v  -59.1297 14.4404 -42.9310
v  -59.1610 16.7673 -42.6606
v  -52.0654 30.3544 -26.7827
v  -50.9183 30.2350 -26.5051
v  -49.6906 30.3596 -26.6886
v  -46.5034 27.7870 -27.3434
v  -43.8014 26.6848 -29.2079
v  -44.3281 26.6848 -31.0007
v  -44.1215 25.5768 -31.2335
v  -43.0168 24.2592 -33.9876
v  -41.3621 23.3940 -35.2899
v  -43.0845 23.3940 -37.4574
v  -43.3429 22.6536 -37.3791
v  -44.4476 20.8219 -40.1332
v  -43.8015 19.0943 -41.3719
v  -46.6259 19.0943 -42.9310
v  -46.9420 18.8343 -42.4914
v  -49.6089 16.7673 -43.6322
v  -49.6906 14.4404 -43.8911
v  -52.8778 14.4404 -44.2153
v  -53.0069 14.7003 -43.6842
v  -55.8380 14.7003 -43.3963
v  -53.4207 30.3544 -26.5043
v  -54.3776 30.2350 -25.7945
v  -55.5798 30.3596 -25.4788
v  -59.1297 27.7870 -26.0591
v  -58.7670 27.7870 -24.8241
v  -59.7422 26.5559 -26.0692
v  -64.4298 25.2014 -29.7164
v  -64.6561 25.2014 -27.3434
v  -62.4091 25.5768 -27.2100
v  -64.3998 24.2592 -29.8462
v  -65.6734 21.3318 -36.1730
v  -67.0955 21.3318 -33.4254
v  -65.5044 22.6536 -32.6004
v  -65.2621 20.8219 -36.0496
v  -62.1320 16.7673 -41.6467
v  -64.6561 16.7673 -39.5074
v  -64.1575 18.8343 -38.8038
v  -61.7191 16.7673 -41.2485
v  -55.8801 12.2028 -42.9310
v  -58.7670 12.2028 -42.0266
v  -59.0522 14.7003 -42.3893
v  -52.1869 30.3544 -26.6298
v  -51.1143 30.2350 -26.1264
v  -49.8755 30.3596 -26.0591
v  -46.6259 27.7870 -26.0591
v  -43.6236 26.6848 -27.3434
v  -41.3258 25.2014 -29.7165
v  -41.9960 25.2014 -31.9983
v  -42.0500 24.2592 -32.1196
v  -41.4869 22.6536 -35.0434
v  -40.0822 21.3318 -36.1731
v  -41.9961 21.3318 -38.5814
v  -42.3761 20.8219 -38.3775
v  -43.9798 18.8343 -40.8562
v  -43.6236 16.7673 -41.6467
v  -46.5034 16.7673 -43.2364
v  -46.8332 16.7673 -42.7627
v  -49.6643 14.7003 -43.3442
v  -49.8756 12.2028 -42.9310
v  -52.8778 12.2028 -43.2364
v  -53.0069 12.7128 -42.8147
v  -55.6738 12.7128 -42.5434
v  -53.2517 30.3544 -26.4111
v  -54.0562 30.2350 -25.5221
v  -55.1756 30.3596 -24.9703
v  -56.7064 27.1588 -25.5612
v  -56.4397 27.1588 -25.0458
v  -61.9542 26.6848 -25.4788
v  -61.4276 26.6848 -23.6860
v  -59.2708 26.5559 -24.4642
v  -62.2511 25.5768 -25.5538
v  -66.4615 23.3940 -30.1338
v  -66.7277 23.3940 -27.3433
v  -64.6512 24.2592 -27.2100
v  -66.2045 22.6536 -30.2170
v  -66.4615 19.0943 -36.7169
v  -67.9713 19.0943 -33.8000
v  -66.7677 20.8219 -33.1408
v  -65.9622 18.8343 -36.5327
v  -61.9542 14.4404 -41.3719
v  -64.4298 14.4404 -39.2736
v  -64.3585 16.7673 -39.0114
v  -61.5611 14.7003 -41.0044
v  -55.5798 10.1407 -41.3719
v  -58.1779 10.1407 -40.5579
v  -58.7300 12.7128 -41.5860
v  -52.3349 30.3544 -26.5043
v  -51.3780 30.2350 -25.7945
v  -50.1758 30.3596 -25.4788
v  -46.9886 27.7870 -24.8241
v  -43.8014 26.6848 -25.4789
v  -41.0995 25.2014 -27.3434
v  -41.2126 25.0813 -29.8188
v  -39.4871 23.3940 -30.7910
v  -40.0822 23.3940 -32.8170
v  -41.2196 25.1070 -29.7383
v  -40.3500 22.6536 -32.8468
v  -40.3500 20.8219 -35.8279
v  -39.2941 19.0943 -36.7169
v  -41.3258 19.0943 -39.2736
v  -41.7807 18.8343 -38.9924
v  -43.8218 16.7673 -41.1004
v  -43.8015 14.4404 -41.3719
v  -46.6259 14.4404 -42.9310
v  -46.9420 14.7003 -42.4914
v  -49.8286 12.7128 -42.4914
v  -50.1759 10.1407 -41.3719
v  -52.8778 10.1407 -41.6467
v  -53.0069 10.8810 -41.4026
v  -55.4070 10.8810 -41.1585
v  -53.0684 30.3544 -26.3536
v  -53.6895 30.2350 -25.3196
v  -54.6832 30.3596 -24.5529
v  -58.1779 27.7870 -23.6860
v  -57.3852 27.7870 -22.6884
v  -58.7475 26.5559 -23.4533
v  -64.4298 25.2014 -24.9703
v  -63.7596 25.2014 -22.6884
v  -61.6341 25.5768 -23.4533
v  -64.4502 24.2592 -25.1021
v  -67.9713 21.3318 -30.4439
v  -68.2669 21.3318 -27.3433
v  -66.4913 22.6536 -27.2100
v  -67.5456 20.8219 -30.4924
v  -66.7277 16.7673 -36.9005
v  -68.2669 16.7673 -33.9265
v  -67.5456 18.8343 -33.4735
v  -66.1986 16.7673 -36.6959
v  -61.4276 12.2028 -40.5579
v  -63.7596 12.2028 -38.5814
v  -64.1575 14.7003 -38.8038
v  -61.0933 12.7128 -40.2814
v  -55.1756 8.3332 -39.2736
v  -57.3852 8.3332 -38.5814
v  -58.2068 10.8810 -40.2814
v  -52.5039 30.3544 -26.4111
v  -51.6994 30.2350 -25.5221
v  -50.5800 30.3596 -24.9703
v  -47.5777 27.7870 -23.6860
v  -44.3280 26.6848 -23.6860
v  -41.3258 25.2014 -24.9703
v  -41.2302 25.1460 -29.3802
v  -39.0279 23.3940 -27.3434
v  -39.1209 23.3940 -28.3185
v  -43.7962 25.1070 -29.7383
v  -43.7892 25.0813 -29.8188
v  -38.7196 22.1681 -31.4177
v  -40.2530 21.5525 -31.4177
v  -38.4700 22.2683 -30.3031
v  -37.7844 21.3318 -30.4440
v  -38.6601 21.3318 -33.4254
v  -39.0868 20.8219 -33.3872
v  -39.6499 18.8343 -36.3110
v  -39.0280 16.7673 -36.9006
v  -41.0995 16.7673 -39.5074
v  -41.5797 16.7673 -39.2000
v  -43.9798 14.7003 -40.8562
v  -44.3281 12.2028 -40.5579
v  -46.9887 12.2028 -42.0266
v  -47.2642 12.7128 -41.6880
v  -50.0953 10.8810 -41.1064
v  -50.5800 8.3332 -39.2736
v  -52.8778 8.3332 -39.5074
v  -53.0069 9.2755 -39.5023
v  -55.0480 9.2755 -39.2946
v  -52.8778 30.3544 -26.3342
v  -53.2916 30.2350 -25.1950
v  -54.1214 30.3596 -24.2428
v  -55.7546 27.1588 -24.1838
v  -55.3172 27.1588 -23.8130
v  -60.5724 26.6848 -22.0337
v  -59.4215 26.6848 -20.5854
v  -57.7173 26.5559 -22.1568
v  -60.8745 25.5768 -21.9856
v  -66.4615 23.3940 -24.5529
v  -65.6734 23.3940 -21.8697
v  -63.7056 24.2592 -22.5671
v  -66.2549 22.6536 -24.7313
v  -68.9009 19.0943 -30.6349
v  -69.2148 19.0943 -27.3433
v  -67.8586 20.8219 -27.2100
v  -68.3714 18.8343 -30.6621
v  -66.4615 14.4404 -36.7169
v  -67.9713 14.4404 -33.8000
v  -67.8082 16.7673 -33.5859
v  -65.9622 14.7003 -36.5327
v  -60.5724 10.1407 -39.2362
v  -62.6711 10.1407 -37.4574
v  -63.5621 12.7128 -38.1889
v  -60.3337 10.8810 -39.1073
v  -54.6832 6.8498 -36.7169
v  -56.4192 6.8498 -36.1730
v  -57.5026 9.2755 -38.5257
v  -52.6872 30.3544 -26.3536
v  -52.0661 30.2350 -25.3196
v  -51.0724 30.3596 -24.5529
v  -49.8184 27.1588 -24.3723
v  -49.4594 27.1588 -24.8241
v  -45.1832 26.6848 -22.0337
v  -41.9960 25.2014 -22.6884
v  -39.2941 23.3940 -24.5529
v  -40.2530 21.5525 -27.7519
v  -38.2828 22.3435 -27.7519
v  -43.8068 25.1460 -29.3802
v  -37.7462 21.6768 -27.3434
v  -37.7676 21.6700 -27.6206
v  -37.4925 21.3318 -27.3834
v  -42.8296 21.5525 -31.4177
v  -42.8296 21.5525 -27.7519
v  -36.9143 19.1167 -30.8044
v  -37.7931 19.1167 -33.7963
v  -36.8547 19.0943 -30.6349
v  -36.9041 19.0943 -30.8032
v  -38.8119 19.1167 -34.4310
v  -38.5558 18.8343 -34.1970
v  -38.4194 19.1167 -33.6727
v  -39.4135 16.7673 -36.4741
v  -39.2941 14.4404 -36.7169
v  -41.3258 14.4404 -39.2736
v  -41.7807 14.7003 -38.9924
v  -44.4476 12.7128 -40.1332
v  -45.1833 10.1407 -39.2362
v  -47.5777 10.1407 -40.5579
v  -47.7875 10.8810 -40.3834
v  -50.4543 9.2755 -39.2426
v  -51.0724 6.8498 -36.7169
v  -52.8778 6.8498 -36.9005
v  -53.0069 7.9579 -37.1867
v  -54.6106 7.9579 -37.0236
v  -52.8778 30.2350 -25.1529
v  -53.5118 30.3596 -24.0518
v  -56.4192 27.7870 -21.8697
v  -55.3172 27.7870 -21.2614
v  -56.8593 26.5559 -21.4296
v  -62.6711 25.2014 -20.5854
v  -61.2063 25.2014 -18.7421
v  -59.5261 25.5768 -20.2888
v  -62.7388 24.2592 -20.6991
v  -67.9712 21.3318 -24.2428
v  -67.0955 21.3318 -21.2613
v  -65.4056 22.6536 -21.8399
v  -67.5959 20.8219 -24.4558
v  -69.2148 16.7673 -30.6994
v  -69.5349 16.7673 -27.3433
v  -68.7006 18.8343 -27.2100
v  -68.6502 16.7673 -30.7194
v  -65.6734 12.2028 -36.1730
v  -67.0955 12.2028 -33.4254
v  -67.5456 14.7003 -33.4735
v  -65.2621 12.7128 -36.0496
v  -59.4215 8.3332 -37.4574
v  -61.2063 8.3332 -35.9446
v  -62.5953 10.8810 -37.1904
v  -59.3114 9.2755 -37.5272
v  -54.1214 5.7476 -33.8000
v  -55.3172 5.7476 -33.4254
v  -56.6445 7.9579 -36.3864
v  -52.4640 30.2350 -25.1950
v  -51.6342 30.3596 -24.2428
v  -49.3364 27.7870 -21.8697
v  -48.3704 27.7870 -22.6884
v  -47.8557 26.5559 -22.3454
v  -47.1515 26.5559 -23.2315
v  -45.0246 25.5768 -21.7638
v  -43.0845 25.2014 -20.5854
v  -40.0822 23.3940 -21.8697
v  -40.0346 23.3940 -22.0317
v  -41.0143 24.3519 -22.5837
v  -41.0999 24.6668 -23.5699
v  -39.3455 23.3940 -24.3776
v  -38.4261 22.2859 -24.9811
v  -38.4700 22.2683 -24.3836
v  -37.7843 21.3318 -24.2428
v  -37.6574 21.3318 -25.5741
v  -37.8578 21.5766 -25.3882
v  -39.1141 23.1482 -24.5160
v  -37.4610 21.2664 -27.3434
v  -36.5502 19.1167 -27.3434
v  -36.7377 19.1167 -29.3085
v  -36.7281 19.0943 -29.3078
v  -36.5593 16.7673 -30.7626
v  -36.5642 16.7348 -30.7632
v  -39.4378 16.7348 -31.1015
v  -39.4378 19.1167 -31.1015
v  -39.2254 19.1167 -34.4572
v  -36.5408 16.7673 -30.6994
v  -38.2386 18.2809 -33.7500
v  -36.9978 15.8930 -31.8294
v  -37.0722 16.7673 -32.5086
v  -37.7007 18.4362 -33.8358
v  -38.0462 16.7673 -33.8323
v  -39.6499 14.7003 -36.3110
v  -40.0822 12.2028 -36.1731
v  -41.9961 12.2028 -38.5814
v  -42.3761 12.7128 -38.3775
v  -45.2072 10.8810 -38.9591
v  -46.3341 8.3332 -37.4574
v  -48.3704 8.3332 -38.5814
v  -48.4916 9.2755 -38.6278
v  -50.8917 7.9579 -36.9715
v  -51.6342 5.7476 -33.8000
v  -52.8778 5.7476 -33.9265
v  -53.0069 6.9788 -34.5449
v  -54.1116 6.9788 -34.4325
v  -52.8778 30.3596 -23.9873
v  -54.3648 27.1588 -23.2873
v  -53.8233 27.1588 -23.1177
v  -58.0191 26.6848 -19.3968
v  -56.4192 26.6848 -18.5137
v  -55.4270 26.5559 -20.6390
v  -58.2804 25.5768 -19.2330
v  -64.3935 23.3940 -19.3968
v  -62.6711 23.3940 -17.2294
v  -61.1116 24.2592 -18.6514
v  -64.2687 22.6536 -19.6433
v  -68.9009 19.0943 -24.0518
v  -67.9712 19.0943 -20.8867
v  -66.6688 20.8219 -21.2995
v  -68.4218 18.8343 -24.2862
v  -68.9009 14.4404 -30.6349
v  -69.2148 14.4404 -27.3433
v  -68.9849 16.7673 -27.2100
v  -68.3714 14.7003 -30.6621
v  -64.3935 10.1407 -35.2899
v  -65.6734 10.1407 -32.8170
v  -66.7677 12.7128 -33.1408
v  -64.1253 10.8810 -35.2651
v  -58.0191 6.8498 -35.2899
v  -59.4215 6.8498 -34.1013
v  -61.2942 9.2755 -35.8467
v  -58.0657 7.9579 -35.6019
v  -53.5118 5.0689 -30.6349
v  -54.1214 5.0689 -30.4439
v  -55.6656 6.9788 -33.9457
v  -52.2438 30.3596 -24.0518
v  -51.1522 27.1588 -23.3894
v  -50.6531 27.1588 -23.6649
v  -47.7364 26.6848 -19.3968
v  -46.3341 26.6848 -20.5854
v  -46.0469 25.5768 -20.4774
v  -43.1603 24.2592 -20.4774
v  -41.3620 23.3940 -19.3969
v  -39.5655 22.6447 -21.6487
v  -40.2530 21.5525 -21.3153
v  -39.1807 21.9830 -21.3153
v  -43.5909 24.3519 -22.5837
v  -43.6765 24.6668 -23.5699
v  -40.2530 21.5525 -24.9811
v  -39.1247 22.0055 -21.4601
v  -38.6601 21.3318 -21.2614
v  -37.0587 20.1741 -26.7088
v  -37.0572 20.0988 -26.3905
v  -36.8640 19.1167 -24.0537
v  -39.5392 19.1167 -29.5005
v  -36.9720 19.1167 -23.6860
v  -39.9004 19.1167 -23.7936
v  -39.5392 16.7348 -29.5005
v  -36.4105 16.7348 -29.2860
v  -36.4060 16.7673 -29.2857
v  -36.5452 16.7348 -30.6985
v  -42.0145 16.7348 -31.1015
v  -42.0145 19.1167 -31.1015
v  -41.8020 19.1167 -34.4572
v  -37.4887 16.7673 -33.9265
v  -36.8806 14.5009 -30.7525
v  -38.8524 14.4876 -30.8773
v  -36.8465 14.5012 -30.6366
v  -36.8547 14.4404 -30.6349
v  -37.7844 14.4404 -33.8000
v  -38.3089 14.7003 -33.7200
v  -40.3500 12.7128 -35.8279
v  -41.3621 10.1407 -35.2899
v  -43.0845 10.1407 -37.4574
v  -43.3429 10.8810 -37.3791
v  -46.2295 9.2755 -37.3790
v  -47.7365 6.8498 -35.2899
v  -49.3364 6.8498 -36.1731
v  -49.3497 7.9579 -36.4884
v  -51.3908 6.9788 -34.3805
v  -52.2438 5.0689 -30.6349
v  -52.8778 5.0689 -30.6994
v  -53.0069 6.3758 -31.6784
v  -53.5701 6.3758 -31.6211
v  -54.1214 27.7870 -20.8867
v  -52.8778 27.7870 -20.7602
v  -54.3648 26.5559 -20.3062
v  -59.4215 25.2014 -17.2294
v  -57.3852 25.2014 -16.1053
v  -56.4060 25.5768 -18.1983
v  -59.5261 24.2592 -17.3077
v  -65.6734 21.3318 -18.5137
v  -63.7596 21.3318 -16.1053
v  -62.4127 22.6536 -17.3077
v  -65.4056 20.8219 -18.8588
v  -69.2148 16.7673 -23.9873
v  -68.2669 16.7673 -20.7602
v  -67.4467 18.8343 -20.9668
v  -68.7006 16.7673 -24.2289
v  -67.9713 12.2028 -30.4439
v  -68.2669 12.2028 -27.3433
v  -68.7006 14.7003 -27.2100
v  -67.5456 12.7128 -30.4924
v  -62.6711 8.3332 -34.1013
v  -63.7596 8.3332 -31.9983
v  -65.5044 10.8810 -32.6004
v  -62.5953 9.2755 -34.2094
v  -56.4192 5.7476 -32.8170
v  -57.3852 5.7476 -31.9983
v  -59.7087 7.9579 -34.2094
v  -56.6445 6.9788 -33.4053
v  -52.8778 4.8397 -27.3434
v  -54.6034 6.3758 -31.2973
v  -51.6342 27.7870 -20.8867
v  -50.4384 27.7870 -21.2614
v  -50.0900 26.5559 -20.7410
v  -49.1110 26.5559 -21.2814
v  -47.6899 25.5768 -19.0848
v  -46.3341 25.2014 -17.2294
v  -44.5492 25.2014 -18.7421
v  -44.4614 24.2592 -18.8400
v  -41.6303 22.6536 -19.4216
v  -40.0822 21.3318 -18.5137
v  -42.8296 21.5525 -21.3153
v  -42.8296 21.5525 -24.9811
v  -37.5285 19.0943 -21.7580
v  -36.9622 19.0943 -23.6857
v  -37.7931 19.1167 -20.8905
v  -37.5382 19.1167 -21.7582
v  -42.4771 19.1167 -23.7936
v  -42.1158 19.1167 -29.5005
v  -36.6329 16.7673 -23.6736
v  -36.6375 16.7348 -23.6737
v  -39.9004 16.7348 -23.7936
v  -42.1158 16.7348 -29.5005
v  -41.4291 14.4876 -30.8773
v  -39.4324 14.4876 -21.7149
v  -37.5672 14.5002 -21.5969
v  -36.8461 14.5040 -24.0501
v  -36.5319 14.5047 -27.3434
v  -36.5408 14.4404 -27.3434
v  -37.7844 12.2028 -30.4440
v  -38.6601 12.2028 -33.4254
v  -39.0868 12.7128 -33.3872
v  -41.4869 10.8810 -35.0434
v  -43.0845 8.3332 -34.1013
v  -44.5493 8.3332 -35.9446
v  -44.6441 9.2755 -36.0353
v  -47.4752 7.9579 -35.4537
v  -49.3364 5.7476 -32.8170
v  -50.4384 5.7476 -33.4254
v  -50.3286 6.9788 -34.0477
v  -51.9323 6.3758 -31.5690
v  -52.7487 27.1588 -23.0084
v  -52.1855 27.1588 -23.0656
v  -54.6832 26.6848 -17.9698
v  -52.8778 26.6848 -17.7862
v  -52.7487 26.5559 -20.1418
v  -54.8639 25.5768 -17.7152
v  -60.5724 23.3940 -15.4506
v  -58.1779 23.3940 -14.1288
v  -57.2640 24.2592 -16.0590
v  -60.5484 22.6536 -15.7276
v  -66.4615 19.0943 -17.9698
v  -64.4298 19.0943 -15.4131
v  -63.3795 20.8219 -16.3092
v  -66.1057 18.8343 -18.3757
v  -68.9009 14.4404 -24.0518
v  -67.9712 14.4404 -20.8867
v  -67.7094 16.7673 -20.8544
v  -68.4218 14.7003 -24.2862
v  -66.4615 10.1407 -30.1338
v  -66.7277 10.1407 -27.3433
v  -67.8586 12.7128 -27.2100
v  -66.2045 10.8810 -30.2170
v  -60.5724 6.8498 -32.6530
v  -61.4276 6.8498 -31.0007
v  -63.8044 9.2755 -31.8732
v  -60.7310 7.9579 -32.9229
v  -54.6832 5.0689 -30.1338
v  -55.1756 5.0689 -29.7164
v  -57.8999 6.9788 -32.3413
v  -55.1025 6.3758 -31.0219
v  -51.0724 26.6848 -17.9698
v  -49.3364 26.6848 -18.5137
v  -49.1110 25.5768 -18.3003
v  -46.4442 24.2592 -17.1595
v  -45.1832 23.3940 -15.4506
v  -43.0845 23.3940 -17.2294
v  -43.1603 22.6536 -17.4963
v  -40.4934 20.8219 -18.6371
v  -39.1882 19.1167 -18.1951
v  -39.2940 19.0943 -17.9698
v  -39.1693 19.0943 -18.2108
v  -40.0259 19.1167 -21.8103
v  -40.0259 16.7348 -21.8103
v  -37.2023 16.7348 -21.7511
v  -37.1976 16.7673 -21.7510
v  -40.2505 19.1167 -18.2623
v  -42.4771 16.7348 -23.7936
v  -42.6026 16.7348 -21.8103
v  -42.0091 14.4876 -21.7149
v  -38.0152 16.9154 -19.7873
v  -37.9364 16.7673 -19.8952
v  -37.6474 15.5177 -20.8282
v  -36.8547 14.4404 -24.0518
v  -37.7843 14.4404 -20.8868
v  -37.4887 12.2028 -27.3434
v  -39.2941 10.1407 -30.1338
v  -40.0822 10.1407 -32.8170
v  -40.3500 10.8810 -32.8468
v  -43.0168 9.2755 -33.9876
v  -45.1832 6.8498 -32.6531
v  -46.3341 6.8498 -34.1013
v  -46.2295 7.9579 -34.3979
v  -48.8963 6.9788 -33.2571
v  -51.0724 5.0689 -30.1338
v  -51.6342 5.0689 -30.4439
v  -51.3908 6.3758 -31.3994
v  -51.6440 26.5559 -20.2542
v  -55.1756 25.2014 -15.4131
v  -52.8778 25.2014 -15.1794
v  -52.7487 25.5768 -17.5000
v  -55.3013 24.2592 -15.4441
v  -61.4275 21.3318 -14.1288
v  -58.7670 21.3318 -12.6601
v  -57.9682 22.6536 -14.3033
v  -61.3080 20.8219 -14.5535
v  -66.7277 16.7673 -17.7862
v  -64.6561 16.7673 -15.1794
v  -63.9749 18.8343 -15.6943
v  -66.3421 16.7673 -18.2126
v  -67.9712 12.2028 -24.2428
v  -67.0955 12.2028 -21.2613
v  -67.4467 14.7003 -20.9668
v  -67.5959 12.7128 -24.4558
v  -64.4298 8.3332 -29.7164
v  -64.6561 8.3332 -27.3434
v  -66.4913 10.8810 -27.2100
v  -64.3998 9.2755 -29.8462
v  -58.1779 5.7476 -31.0007
v  -58.7670 5.7476 -29.8626
v  -61.7329 7.9579 -30.9870
v  -58.6041 6.9788 -31.4552
v  -55.9372 6.3758 -30.3144
v  -51.1450 25.5768 -17.6631
v  -50.5799 25.2014 -15.4131
v  -48.3704 25.2014 -16.1053
v  -48.2530 24.2592 -16.1610
v  -45.4219 22.6536 -15.5794
v  -44.3280 21.3318 -14.1288
v  -41.9960 21.3318 -16.1053
v  -42.1935 20.8219 -16.4978
v  -39.7934 18.8343 -18.1540
v  -39.0279 16.7673 -17.7862
v  -42.6026 19.1167 -21.8103
v  -42.8272 19.1167 -18.2623
v  -39.2940 14.4404 -17.9698
v  -38.6601 12.2028 -21.2614
v  -37.7843 12.2028 -24.2428
v  -39.0279 10.1407 -27.3434
v  -41.3258 8.3332 -29.7165
v  -41.9960 8.3332 -31.9983
v  -42.0500 9.2755 -32.1196
v  -44.8811 7.9579 -32.7012
v  -47.5777 5.7476 -31.0007
v  -48.3704 5.7476 -31.9983
v  -48.0383 6.9788 -32.5299
v  -50.4384 6.3758 -30.8737
v  -55.5798 23.3940 -13.3148
v  -52.8778 23.3940 -13.0400
v  -52.7487 24.2592 -15.1845
v  -55.6603 22.6536 -13.5803
v  -61.9542 19.0943 -13.3148
v  -59.1297 19.0943 -11.7557
v  -58.4914 20.8219 -12.9987
v  -61.7758 18.8343 -13.8305
v  -66.4615 14.4404 -17.9698
v  -64.4298 14.4404 -15.4131
v  -64.1759 16.7673 -15.4867
v  -66.1057 14.7003 -18.3757
v  -66.4615 10.1407 -24.5529
v  -65.6734 10.1407 -21.8697
v  -66.6688 12.7128 -21.2995
v  -66.2549 10.8810 -24.7313
v  -61.9542 6.8498 -29.2079
v  -62.1320 6.8498 -27.3434
v  -64.6512 9.2755 -27.2100
v  -62.2007 7.9579 -29.3945
v  -55.5798 5.0689 -29.2079
v  -55.8801 5.0689 -28.6277
v  -59.3696 6.9788 -29.9761
v  -56.2962 6.3758 -29.8626
v  -50.7076 24.2592 -15.3921
v  -50.1758 23.3940 -13.3148
v  -47.5777 23.3940 -14.1288
v  -47.5488 22.6536 -14.4053
v  -44.6623 20.8219 -14.4054
v  -43.8014 19.0943 -13.3149
v  -41.3258 19.0943 -15.4131
v  -41.5981 18.8343 -15.8829
v  -39.5570 16.7673 -17.9909
v  -39.7934 14.7003 -18.1540
v  -40.0822 12.2028 -18.5137
v  -40.0822 10.1407 -21.8697
v  -39.2941 10.1407 -24.5529
v  -41.0995 8.3332 -27.3434
v  -43.8014 6.8498 -29.2079
v  -44.3281 6.8498 -31.0007
v  -44.1215 7.9579 -31.2334
v  -47.0081 6.9788 -31.2334
v  -50.1758 5.0689 -29.2079
v  -50.5800 5.0689 -29.7164
v  -50.0010 6.3758 -30.5030
v  -55.8801 21.3318 -11.7557
v  -52.8778 21.3318 -11.4503
v  -52.7487 22.6536 -13.2841
v  -55.9270 20.8219 -12.1953
v  -62.1320 16.7673 -13.0400
v  -59.2522 16.7673 -11.4503
v  -58.8136 18.8343 -12.1953
v  -61.9338 16.7673 -13.5864
v  -65.6734 12.2028 -18.5137
v  -63.7596 12.2028 -16.1053
v  -63.9749 14.7003 -15.6943
v  -65.4056 12.7128 -18.8588
v  -64.4298 8.3332 -24.9703
v  -63.7596 8.3332 -22.6884
v  -65.4056 10.8810 -21.8399
v  -64.4502 9.2755 -25.1021
v  -59.1297 5.7476 -28.6277
v  -59.2522 5.7476 -27.3434
v  -62.4091 7.9579 -27.2100
v  -59.6918 6.9788 -28.8791
v  -56.8052 6.3758 -28.8791
v  -50.3486 22.6536 -13.5282
v  -49.8755 21.3318 -11.7557
v  -46.9886 21.3318 -12.6601
v  -47.0256 20.8219 -13.1008
v  -44.1945 18.8343 -13.6823
v  -43.6236 16.7673 -13.0400
v  -41.0994 16.7673 -15.1794
v  -41.3970 16.7673 -15.6753
v  -40.4934 12.7128 -18.6371
v  -41.5981 14.7003 -15.8829
v  -41.3620 10.1407 -19.3969
v  -41.9960 8.3332 -22.6884
v  -41.3258 8.3332 -24.9703
v  -43.6236 6.8498 -27.3434
v  -46.6259 5.7476 -28.6277
v  -46.9886 5.7476 -29.8626
v  -46.4848 6.9788 -30.2225
v  -49.3159 6.3758 -29.6409
v  -56.0650 19.0943 -10.7956
v  -52.8778 19.0943 -10.4714
v  -52.7487 20.8219 -11.8720
v  -56.0913 18.8343 -11.3425
v  -61.9542 14.4404 -13.3148
v  -59.1297 14.4404 -11.7557
v  -58.9224 16.7673 -11.9241
v  -61.7758 14.7003 -13.8305
v  -64.3935 10.1407 -19.3968
v  -62.6711 10.1407 -17.2294
v  -63.3795 12.7128 -16.3092
v  -64.2687 10.8810 -19.6433
v  -61.9542 6.8498 -25.4788
v  -61.4275 6.8498 -23.6860
v  -63.7056 9.2755 -22.5671
v  -62.2511 7.9579 -25.5538
v  -56.0650 5.0689 -27.9981
v  -56.1274 5.0689 -27.3434
v  -59.8510 6.9788 -27.2100
v  -56.9695 6.3758 -28.3199
v  -50.0818 20.8219 -12.1433
v  -49.6906 19.0943 -10.7956
v  -46.6259 19.0943 -11.7557
v  -46.7034 18.8343 -12.2974
v  -44.0365 16.7673 -13.4382
v  -43.8014 14.4404 -13.3149
v  -41.3258 14.4404 -15.4131
v  -41.6303 10.8810 -19.4216
v  -42.1935 12.7128 -16.4978
v  -43.0845 8.3332 -20.5854
v  -44.3280 6.8498 -23.6860
v  -43.8014 6.8498 -25.4789
v  -46.5034 5.7476 -27.3434
v  -49.6906 5.0689 -27.9981
v  -49.8755 5.0689 -28.6277
v  -49.0492 6.3758 -29.1255
v  -56.1274 16.7673 -10.4714
v  -52.8778 16.7673 -10.1409
v  -52.7487 18.8343 -11.0025
v  -56.1468 16.7673 -11.0545
v  -61.4275 12.2028 -14.1288
v  -58.7670 12.2028 -12.6601
v  -58.8136 14.7003 -12.1953
v  -61.3080 12.7128 -14.5535
v  -62.6711 8.3332 -20.5854
v  -61.2063 8.3332 -18.7421
v  -62.4127 10.8810 -17.3077
v  -62.7388 9.2755 -20.6991
v  -59.1297 5.7476 -26.0591
v  -58.7670 5.7476 -24.8241
v  -61.6341 7.9579 -23.4533
v  -59.7422 6.9788 -26.0692
v  -57.0754 6.3758 -27.2100
v  -49.9175 18.8343 -11.2905
v  -49.6281 16.7673 -10.4714
v  -46.5034 16.7673 -11.4503
v  -46.5946 16.7673 -12.0261
v  -44.1945 14.7003 -13.6823
v  -44.3280 12.2028 -14.1288
v  -41.9960 12.2028 -16.1053
v  -43.1603 9.2755 -20.4774
v  -43.1603 10.8810 -17.4963
v  -45.1832 6.8498 -22.0337
v  -46.9886 5.7476 -24.8241
v  -46.6259 5.7476 -26.0591
v  -49.6282 5.0689 -27.3434
v  -56.0650 14.4404 -10.7956
v  -52.8778 14.4404 -10.4714
v  -52.7487 16.7673 -10.7089
v  -56.0913 14.7003 -11.3425
v  -60.5724 10.1407 -15.4506
v  -58.1779 10.1407 -14.1288
v  -58.4914 12.7128 -12.9987
v  -60.5484 10.8810 -15.7276
v  -60.5724 6.8498 -22.0337
v  -59.4215 6.8498 -20.5854
v  -61.1116 9.2755 -18.6514
v  -60.8745 7.9579 -21.9856
v  -56.0650 5.0689 -26.6886
v  -55.8801 5.0689 -26.0591
v  -59.2708 6.9788 -24.4642
v  -57.0199 6.3758 -26.6284
v  -49.8621 16.7673 -11.0025
v  -49.6906 14.4404 -10.7956
v  -46.6259 14.4404 -11.7557
v  -46.7034 14.7003 -12.2974
v  -44.6623 12.7128 -14.4054
v  -45.1832 10.1407 -15.4506
v  -43.0845 10.1407 -17.2294
v  -45.0246 7.9579 -21.7638
v  -44.4614 9.2755 -18.8400
v  -47.5777 5.7476 -23.6860
v  -49.8755 5.0689 -26.0591
v  -49.6906 5.0689 -26.6886
v  -55.8801 12.2028 -11.7557
v  -52.8778 12.2028 -11.4503
v  -52.7487 14.7003 -11.0025
v  -55.9270 12.7128 -12.1953
v  -59.4215 8.3332 -17.2294
v  -57.3852 8.3332 -16.1053
v  -57.9682 10.8810 -14.3033
v  -59.5261 9.2755 -17.3077
v  -58.1779 5.7476 -23.6860
v  -57.3852 5.7476 -22.6884
v  -59.5261 7.9579 -20.2888
v  -58.7475 6.9788 -23.4533
v  -56.7064 6.3758 -25.5612
v  -49.9175 14.7003 -11.2905
v  -49.8755 12.2028 -11.7557
v  -46.9886 12.2028 -12.6601
v  -47.0256 12.7128 -13.1008
v  -45.4219 10.8810 -15.5794
v  -46.3341 8.3332 -17.2294
v  -44.5492 8.3332 -18.7421
v  -47.1515 6.9788 -23.2315
v  -46.0469 7.9579 -20.4774
v  -50.1758 5.0689 -25.4788
v  -55.5798 10.1407 -13.3148
v  -52.8778 10.1407 -13.0400
v  -52.7487 12.7128 -11.8720
v  -55.6603 10.8810 -13.5803
v  -58.0191 6.8498 -19.3968
v  -56.4192 6.8498 -18.5137
v  -57.2640 9.2755 -16.0590
v  -58.2804 7.9579 -19.2330
v  -55.5798 5.0689 -25.4788
v  -55.1756 5.0689 -24.9703
v  -57.7173 6.9788 -22.1568
v  -56.4397 6.3758 -25.0458
v  -50.0818 12.7128 -12.1433
v  -50.1758 10.1407 -13.3148
v  -47.5777 10.1407 -14.1288
v  -47.5488 10.8810 -14.4053
v  -46.4442 9.2755 -17.1595
v  -47.7364 6.8498 -19.3968
v  -46.3341 6.8498 -20.5854
v  -49.4594 6.3758 -24.8241
v  -47.8557 6.9788 -22.3454
v  -55.1756 8.3332 -15.4131
v  -52.8778 8.3332 -15.1794
v  -52.7487 10.8810 -13.2841
v  -55.3013 9.2755 -15.4441
v  -56.4192 5.7476 -21.8697
v  -55.3172 5.7476 -21.2614
v  -56.4060 7.9579 -18.1983
v  -56.8593 6.9788 -21.4296
v  -55.7546 6.3758 -24.1838
v  -50.3486 10.8810 -13.5282
v  -50.5799 8.3332 -15.4131
v  -48.3704 8.3332 -16.1053
v  -48.2530 9.2755 -16.1610
v  -47.6899 7.9579 -19.0848
v  -49.3364 5.7476 -21.8697
v  -48.3704 5.7476 -22.6884
v  -50.5800 5.0689 -24.9703
v  -49.8184 6.3758 -24.3723
v  -54.6832 6.8498 -17.9698
v  -52.8778 6.8498 -17.7862
v  -52.7487 9.2755 -15.1845
v  -54.8639 7.9579 -17.7152
v  -54.6832 5.0689 -24.5529
v  -54.1214 5.0689 -24.2428
v  -55.4270 6.9788 -20.6390
v  -55.3172 6.3758 -23.8130
v  -50.7076 9.2755 -15.3921
v  -51.0724 6.8498 -17.9698
v  -49.3364 6.8498 -18.5137
v  -49.1110 7.9579 -18.3003
v  -49.1110 6.9788 -21.2814
v  -51.0724 5.0689 -24.5529
v  -54.1214 5.7476 -20.8867
v  -52.8778 5.7476 -20.7603
v  -52.7487 7.9579 -17.5000
v  -54.3648 6.9788 -20.3062
v  -54.3648 6.3758 -23.2873
v  -51.1450 7.9579 -17.6631
v  -51.6342 5.7476 -20.8867
v  -50.4384 5.7476 -21.2614
v  -50.0900 6.9788 -20.7410
v  -50.6531 6.3758 -23.6649
v  -51.6342 5.0689 -24.2428
v  -53.5118 5.0689 -24.0518
v  -52.8778 5.0689 -23.9873
v  -52.7487 6.9788 -20.1418
v  -53.8233 6.3758 -23.1177
v  -51.6440 6.9788 -20.2542
v  -52.2438 5.0689 -24.0518
v  -51.1522 6.3758 -23.3894
v  -52.7487 6.3758 -23.0084
v  -52.1855 6.3758 -23.0656
v  -39.0593 21.5371 -27.6206
v  -39.0411 21.5048 -25.3882
v  -38.1183 19.8143 -26.5368
v  -39.8591 27.7253 -45.8123
v  -46.7439 27.8032 -49.1342
v  -46.7213 28.0531 -49.1178
v  -39.8364 27.9752 -45.7959
v  -54.3508 27.8717 -49.8999
v  -54.3281 28.1216 -49.8836
v  -61.7622 27.9225 -48.0172
v  -61.7395 28.1724 -48.0008
v  -68.0842 27.9496 -43.7130
v  -68.0615 28.1995 -43.6967
v  -72.5543 27.9496 -37.5066
v  -72.5316 28.1995 -37.4903
v  -74.6333 27.9225 -30.1465
v  -74.6106 28.1724 -30.1301
v  -74.0705 27.8717 -22.5204
v  -74.0478 28.1216 -22.5041
v  -70.9337 27.8032 -15.5483
v  -70.9110 28.0531 -15.5319
v  -65.6013 27.7253 -10.0709
v  -65.5786 27.9752 -10.0546
v  -58.7165 27.6474 -6.7490
v  -58.6938 27.8973 -6.7327
v  -51.1096 27.5789 -5.9832
v  -51.0869 27.8288 -5.9669
v  -43.6982 27.5280 -7.8660
v  -43.6756 27.7779 -7.8497
v  -37.3762 27.5010 -12.1701
v  -37.3536 27.7509 -12.1538
v  -32.9062 27.5010 -18.3766
v  -32.8835 27.7509 -18.3602
v  -30.8271 27.5280 -25.7367
v  -30.8045 27.7779 -25.7203
v  -31.3900 27.5789 -33.3627
v  -31.3673 27.8288 -33.3464
v  -34.5267 27.6474 -40.3349
v  -34.5040 27.8973 -40.3186
v  -46.6986 28.3030 -49.1015
v  -39.8138 28.2251 -45.7796
v  -54.3054 28.3715 -49.8672
v  -61.7168 28.4223 -47.9845
v  -68.0388 28.4494 -43.6803
v  -72.5089 28.4494 -37.4739
v  -74.5879 28.4223 -30.1138
v  -74.0251 28.3715 -22.4878
v  -70.8883 28.3030 -15.5156
v  -65.5559 28.2251 -10.0382
v  -58.6711 28.1472 -6.7163
v  -51.0643 28.0787 -5.9506
v  -43.6529 28.0278 -7.8333
v  -37.3309 28.0008 -12.1375
v  -32.8608 28.0008 -18.3439
v  -30.7818 28.0278 -25.7040
v  -31.3446 28.0787 -33.3300
v  -34.4814 28.1472 -40.3022
v  -46.6759 28.5529 -49.0851
v  -39.7911 28.4750 -45.7632
v  -54.2827 28.6214 -49.8509
v  -61.6941 28.6722 -47.9682
v  -68.0161 28.6993 -43.6640
v  -72.4862 28.6993 -37.4576
v  -74.5652 28.6722 -30.0975
v  -74.0024 28.6214 -22.4714
v  -70.8656 28.5529 -15.4992
v  -65.5332 28.4750 -10.0219
v  -58.6484 28.3971 -6.7000
v  -51.0416 28.3286 -5.9342
v  -43.6302 28.2778 -7.8170
v  -37.3082 28.2507 -12.1211
v  -32.8381 28.2507 -18.3275
v  -30.7591 28.2778 -25.6877
v  -31.3219 28.3286 -33.3137
v  -34.4587 28.3971 -40.2859
v  -46.6532 28.8028 -49.0688
v  -39.7684 28.7249 -45.7469
v  -54.2601 28.8713 -49.8346
v  -61.6714 28.9221 -47.9518
v  -67.9934 28.9492 -43.6477
v  -72.4635 28.9492 -37.4412
v  -74.5425 28.9221 -30.0811
v  -73.9797 28.8713 -22.4551
v  -70.8429 28.8028 -15.4829
v  -65.5106 28.7249 -10.0055
v  -58.6257 28.6470 -6.6836
v  -51.0189 28.5785 -5.9179
v  -43.6075 28.5277 -7.8006
v  -37.2855 28.5006 -12.1048
v  -32.8154 28.5006 -18.3112
v  -30.7364 28.5277 -25.6713
v  -31.2992 28.5785 -33.2974
v  -34.4360 28.6470 -40.2695
v  -46.6305 29.0527 -49.0525
v  -39.7457 28.9748 -45.7306
v  -54.2374 29.1212 -49.8182
v  -61.6488 29.1721 -47.9355
v  -67.9708 29.1991 -43.6313
v  -72.4408 29.1991 -37.4249
v  -74.5199 29.1721 -30.0648
v  -73.9570 29.1212 -22.4387
v  -70.8203 29.0527 -15.4666
v  -65.4879 28.9748 -9.9892
v  -58.6031 28.8969 -6.6673
v  -50.9962 28.8284 -5.9016
v  -43.5848 28.7776 -7.7843
v  -37.2628 28.7505 -12.0884
v  -32.7927 28.7505 -18.2949
v  -30.7137 28.7776 -25.6550
v  -31.2765 28.8284 -33.2810
v  -34.4133 28.8969 -40.2532
v  -59.0305 29.1150 -30.9610
v  -57.5905 29.1150 -32.9604
v  -46.2580 28.8346 -24.7983
v  -47.6980 28.8346 -22.7990
v  -58.6915 30.3379 -30.8004
v  -57.3307 30.3379 -32.6897
v  -46.6224 29.8889 -24.9771
v  -47.9831 29.8889 -23.0879
v  -48.7389 30.1134 -33.3287
v  -50.8347 30.1913 -34.3399
v  -51.2054 32.7546 -33.0273
v  -49.5361 32.6925 -32.2219
v  -53.1502 30.2599 -34.5730
v  -53.0499 32.8093 -33.2130
v  -55.4063 30.3108 -33.9999
v  -54.8469 32.8498 -32.7565
v  -56.3798 32.8714 -31.7129
v  -57.4636 32.8714 -30.2080
v  -59.3243 30.3108 -28.5600
v  -57.9677 32.8498 -28.4234
v  -59.1530 30.2599 -26.2386
v  -57.8313 32.8093 -26.5743
v  -58.1981 30.1913 -24.1162
v  -57.0707 32.7546 -24.8838
v  -56.5749 30.1134 -22.4489
v  -55.7778 32.6925 -23.5557
v  -54.4792 30.0354 -21.4377
v  -54.1084 32.6304 -22.7502
v  -52.1636 29.9668 -21.2046
v  -52.2640 32.5758 -22.5646
v  -49.9075 29.9160 -21.7777
v  -50.4669 32.5353 -23.0211
v  -48.9341 32.5137 -24.0647
v  -47.8502 32.5137 -25.5696
v  -45.9895 29.9160 -27.2176
v  -47.3461 32.5353 -27.3542
v  -46.1608 29.9668 -29.5390
v  -47.4826 32.5758 -29.2032
v  -47.1157 30.0354 -31.6614
v  -48.2431 32.6304 -30.8938
v  -52.6569 34.8430 -27.8888
v  -50.7158 29.0235 -34.7068
v  -48.4979 28.9748 -33.6367
v  -53.1663 29.0663 -34.9535
v  -55.5539 29.0981 -34.3470
v  -59.7003 29.0981 -28.5900
v  -59.5190 29.0663 -26.1333
v  -58.5085 29.0235 -23.8872
v  -56.7907 28.9748 -22.1227
v  -54.5727 28.9261 -21.0525
v  -52.1222 28.8833 -20.8059
v  -49.7346 28.8515 -21.4124
v  -45.5882 28.8515 -27.1694
v  -45.7696 28.8833 -29.6261
v  -46.7801 28.9261 -31.8722
v  -52.7302 27.7253 -27.9416
v  -37.3442 0.0000 -20.8163
v  -40.3355 0.0000 -15.6351
v  -44.9186 0.0000 -11.7895
v  -50.5405 0.0000 -9.7433
v  -56.5232 0.0000 -9.7433
v  -62.1451 0.0000 -11.7895
v  -66.7281 0.0000 -15.6351
v  -69.7195 0.0000 -20.8163
v  -70.7584 0.0000 -26.7081
v  -69.7195 0.0000 -32.5999
v  -66.7281 0.0000 -37.7811
v  -62.1451 0.0000 -41.6267
v  -56.5232 0.0000 -43.6729
v  -50.5405 0.0000 -43.6729
v  -44.9186 0.0000 -41.6267
v  -40.3355 0.0000 -37.7811
v  -37.3442 0.0000 -32.5999
v  -36.3053 0.0000 -26.7081
v  -37.3442 1.1653 -32.5999
v  -36.3053 1.1653 -26.7081
v  -40.3355 1.1653 -37.7811
v  -44.9186 1.1653 -41.6267
v  -50.5405 1.1653 -43.6729
v  -56.5232 1.1653 -43.6729
v  -62.1451 1.1653 -41.6267
v  -66.7281 1.1653 -37.7811
v  -69.7195 1.1653 -32.5999
v  -70.7584 1.1653 -26.7081
v  -69.7195 1.1653 -20.8163
v  -66.7281 1.1653 -15.6351
v  -62.1451 1.1653 -11.7895
v  -56.5232 1.1653 -9.7433
v  -50.5405 1.1653 -9.7433
v  -44.9186 1.1653 -11.7895
v  -40.3355 1.1653 -15.6351
v  -37.3442 1.1653 -20.8163
v  -37.3442 2.3307 -32.5999
v  -36.3053 2.3307 -26.7081
v  -40.3355 2.3307 -37.7811
v  -44.9186 2.3307 -41.6267
v  -50.5405 2.3307 -43.6729
v  -56.5232 2.3307 -43.6729
v  -62.1451 2.3307 -41.6267
v  -66.7281 2.3307 -37.7811
v  -69.7195 2.3307 -32.5999
v  -70.7584 2.3307 -26.7081
v  -69.7195 2.3307 -20.8163
v  -66.7281 2.3307 -15.6351
v  -62.1451 2.3307 -11.7895
v  -56.5232 2.3307 -9.7433
v  -50.5405 2.3307 -9.7433
v  -44.9186 2.3307 -11.7895
v  -40.3355 2.3307 -15.6351
v  -37.3442 2.3307 -20.8163
v  -37.3442 3.4960 -32.5999
v  -36.3053 3.4960 -26.7081
v  -40.3355 3.4960 -37.7811
v  -44.9186 3.4960 -41.6267
v  -50.5405 3.4960 -43.6729
v  -56.5232 3.4960 -43.6729
v  -62.1451 3.4960 -41.6267
v  -66.7281 3.4960 -37.7811
v  -69.7195 3.4960 -32.5999
v  -70.7584 3.4960 -26.7081
v  -69.7195 3.4960 -20.8163
v  -66.7281 3.4960 -15.6351
v  -62.1451 3.4960 -11.7895
v  -56.5232 3.4960 -9.7433
v  -50.5405 3.4960 -9.7433
v  -44.9186 3.4960 -11.7895
v  -40.3355 3.4960 -15.6351
v  -37.3442 3.4960 -20.8163
v  -37.3442 4.6613 -32.5999
v  -36.3053 4.6613 -26.7081
v  -40.3355 4.6613 -37.7811
v  -44.9186 4.6613 -41.6267
v  -50.5405 4.6613 -43.6729
v  -56.5232 4.6613 -43.6729
v  -62.1451 4.6613 -41.6267
v  -66.7281 4.6613 -37.7811
v  -69.7195 4.6613 -32.5999
v  -70.7584 4.6613 -26.7081
v  -69.7195 4.6613 -20.8163
v  -66.7281 4.6613 -15.6351
v  -62.1451 4.6613 -11.7895
v  -56.5232 4.6613 -9.7433
v  -50.5405 4.6613 -9.7433
v  -44.9186 4.6613 -11.7895
v  -40.3355 4.6613 -15.6351
v  -37.3442 4.6613 -20.8163
v  -37.3442 5.8266 -32.5999
v  -36.3053 5.8266 -26.7081
v  -40.3355 5.8266 -37.7811
v  -44.9186 5.8266 -41.6267
v  -50.5405 5.8266 -43.6729
v  -56.5232 5.8266 -43.6729
v  -62.1451 5.8266 -41.6267
v  -66.7281 5.8266 -37.7811
v  -69.7195 5.8266 -32.5999
v  -70.7584 5.8266 -26.7081
v  -69.7195 5.8266 -20.8163
v  -66.7281 5.8266 -15.6351
v  -62.1451 5.8266 -11.7895
v  -56.5232 5.8266 -9.7433
v  -50.5405 5.8266 -9.7433
v  -44.9186 5.8266 -11.7895
v  -40.3355 5.8266 -15.6351
v  -37.3442 5.8266 -20.8163
# 1332 vertices

vn -0.0000 1.0000 0.0000
vn -0.0000 0.9925 -0.1226
vn -0.0239 0.9925 -0.1202
vn -0.0469 0.9925 -0.1133
vn 0.0239 0.9925 -0.1202
vn -0.0000 0.9999 0.0134
vn 0.0026 0.9999 0.0131
vn -0.0681 0.9925 -0.1019
vn 0.0051 0.9999 0.0124
vn 0.0469 0.9925 -0.1133
vn -0.0026 0.9999 0.0131
vn -0.1082 0.8764 -0.4692
vn 0.0145 0.8758 -0.4824
vn -0.0867 0.9925 -0.0867
vn 0.0074 0.9999 0.0111
vn -0.2795 0.8764 -0.3921
vn 0.0681 0.9925 -0.1019
vn -0.0051 0.9999 0.0124
vn 0.1980 0.8758 -0.4401
vn -0.6238 0.5455 -0.5598
vn 0.4910 0.5496 -0.6759
vn -0.1019 0.9925 -0.0681
vn 0.0095 0.9999 0.0095
vn -0.1712 0.8758 -0.4512
vn 0.6016 0.5691 -0.5606
vn -0.7936 0.5794 -0.1857
vn 0.0867 0.9925 -0.0867
vn -0.0074 0.9999 0.0111
vn 0.0796 0.8764 -0.4749
vn 0.7703 0.5691 -0.2877
vn -0.6621 0.5794 -0.4752
vn -0.7078 0.6475 -0.2823
vn 0.6387 0.6513 -0.4098
vn -0.1133 0.9925 -0.0469
vn 0.0111 0.9999 0.0074
vn -0.4083 0.8764 -0.2553
vn -0.7905 0.5455 -0.2784
vn 0.1950 0.5496 -0.8124
vn 0.5298 0.6479 -0.5473
vn -0.7445 0.6479 -0.1607
vn -0.7620 0.6475 0.0100
vn 0.1019 0.9925 -0.0681
vn -0.0095 0.9999 0.0095
vn 0.3513 0.8758 -0.3309
vn -0.3621 0.5455 -0.7559
vn 0.7123 0.5496 -0.4366
vn 0.6989 0.6479 -0.3029
vn -0.6264 0.6479 -0.4334
vn -0.7046 0.5859 -0.4003
vn 0.6130 0.5859 -0.5301
vn -0.1202 0.9925 -0.0239
vn 0.0124 0.9999 0.0051
vn -0.3309 0.8758 -0.3513
vn 0.3413 0.5691 -0.7481
vn -0.8042 0.5794 0.1322
vn 0.4332 0.6513 -0.6230
vn 0.4915 0.5597 -0.6672
vn -0.7794 0.5597 -0.2816
vn -0.8042 0.5859 -0.1002
vn 0.1133 0.9925 -0.0469
vn -0.0111 0.9999 0.0074
vn 0.2553 0.8764 -0.4083
vn 0.8218 0.5691 0.0290
vn -0.4299 0.5794 -0.6924
vn -0.5459 0.6475 -0.5317
vn 0.7469 0.6513 -0.1342
vn 0.7692 0.5859 -0.2552
vn 0.7094 0.5597 -0.4283
vn -0.6122 0.5597 -0.5585
vn -0.7002 0.4994 -0.5103
vn 0.5872 0.4994 -0.6371
vn -0.1226 0.9925 -0.0000
vn 0.0131 0.9999 0.0026
vn -0.4749 0.8764 -0.0796
vn -0.8369 0.5455 0.0453
vn -0.1308 0.5496 -0.8252
vn 0.2800 0.6479 -0.7084
vn -0.7494 0.6479 0.1365
vn -0.7001 0.6475 0.3009
vn 0.3634 0.5859 -0.7243
vn 0.4556 0.4475 -0.7695
vn -0.8063 0.4475 -0.3867
vn -0.8422 0.4994 -0.2035
vn 0.1202 0.9925 -0.0239
vn -0.0124 0.9999 0.0051
vn 0.4512 0.8758 -0.1712
vn -0.0453 0.5455 -0.8369
vn 0.8252 0.5496 -0.1308
vn 0.7616 0.6479 -0.0124
vn -0.4128 0.6479 -0.6401
vn -0.4978 0.5859 -0.6395
vn 0.7863 0.4994 -0.3639
vn 0.7154 0.4475 -0.5366
vn -0.5970 0.4475 -0.6658
vn -0.6933 0.3938 -0.6035
vn 0.5622 0.3938 -0.7272
vn -0.1202 0.9925 0.0239
vn 0.0134 0.9999 -0.0000
vn -0.4401 0.8758 -0.1980
vn 0.0290 0.5691 -0.8218
vn -0.6924 0.5794 0.4299
vn 0.1619 0.6513 -0.7414
vn 0.1988 0.5597 -0.8045
vn -0.8278 0.5597 0.0380
vn -0.7813 0.5859 0.2151
vn 0.2987 0.4994 -0.8133
vn 0.4239 0.3141 -0.8495
vn -0.8244 0.3141 -0.4708
vn -0.8715 0.3938 -0.2923
vn 0.1226 0.9925 -0.0000
vn -0.0131 0.9999 0.0026
vn 0.3921 0.8764 -0.2795
vn 0.7481 0.5691 0.3413
vn -0.1322 0.5794 -0.8042
vn -0.3009 0.6475 -0.7001
vn 0.7414 0.6513 0.1619
vn 0.8083 0.5859 0.0586
vn 0.8193 0.5597 -0.1242
vn -0.3519 0.5597 -0.7502
vn -0.4516 0.4994 -0.7394
vn 0.7977 0.3938 -0.4567
vn 0.7167 0.3141 -0.6226
vn -0.5815 0.3141 -0.7504
vn -0.6854 0.2721 -0.6754
vn 0.5405 0.2721 -0.7962
vn -0.1133 0.9925 0.0469
vn 0.0131 0.9999 -0.0026
vn -0.4692 0.8764 0.1082
vn -0.7559 0.5455 0.3621
vn -0.4366 0.5496 -0.7123
vn -0.0124 0.6479 -0.7616
vn -0.6401 0.6479 0.4128
vn -0.5317 0.6475 0.5459
vn 0.0586 0.5859 -0.8083
vn 0.1265 0.4475 -0.8853
vn -0.8929 0.4475 -0.0487
vn -0.8559 0.4994 0.1343
vn 0.2411 0.3938 -0.8870
vn 0.4003 0.1629 -0.9018
vn -0.8339 0.1629 -0.5274
vn -0.8917 0.2721 -0.3617
vn 0.1202 0.9925 0.0239
vn -0.0134 0.9999 0.0000
vn 0.3628 0.9291 -0.0722
vn 0.2784 0.5455 -0.7905
vn 0.8124 0.5496 0.1950
vn 0.7084 0.6479 0.2800
vn -0.1365 0.6479 -0.7494
vn -0.2151 0.5859 -0.7813
vn 0.8657 0.4994 -0.0353
vn 0.8663 0.4475 -0.2219
vn -0.2968 0.4475 -0.8436
vn -0.4095 0.3938 -0.8229
vn 0.8040 0.2721 -0.5287
vn 0.7150 0.1629 -0.6799
vn -0.5686 0.1629 -0.8063
vn -0.6794 0.1386 -0.7206
vn 0.5258 0.1386 -0.8393
vn -0.1019 0.9925 0.0681
vn 0.0124 0.9999 -0.0051
vn -0.4824 0.8758 -0.0145
vn -0.2877 0.5691 -0.7703
vn -0.4752 0.5794 0.6621
vn -0.1342 0.6513 -0.7469
vn -0.1242 0.5597 -0.8193
vn -0.7502 0.5597 0.3519
vn -0.6395 0.5859 0.4978
vn -0.0353 0.4994 -0.8657
vn 0.0666 0.3141 -0.9470
vn -0.9418 0.3141 -0.1194
vn -0.9170 0.3938 0.0634
vn 0.1947 0.2721 -0.9424
vn 0.3911 0.0000 -0.9203
vn -0.8365 0.0000 -0.5479
vn -0.9034 0.1386 -0.4057
vn 0.1133 0.9925 0.0469
vn -0.0131 0.9999 -0.0026
vn 0.3699 0.9291 -0.0000
vn 0.6044 0.7876 -0.1202
vn 0.1857 0.5794 -0.7936
vn -0.0100 0.6475 -0.7620
vn 0.6230 0.6513 0.4332
vn 0.7243 0.5859 0.3634
vn 0.8045 0.5597 0.1988
vn -0.0380 0.5597 -0.8278
vn -0.1343 0.4994 -0.8559
vn 0.9117 0.3938 -0.1167
vn 0.9004 0.3141 -0.3009
vn -0.2501 0.3141 -0.9159
vn -0.3748 0.2721 -0.8863
vn 0.8069 0.1386 -0.5742
vn 0.7136 0.0000 -0.7006
vn -0.5632 0.0000 -0.8263
vn -0.6773 0.0000 -0.7357
vn 0.5208 0.0000 -0.8537
vn -0.0867 0.9925 0.0867
vn 0.0111 0.9999 -0.0074
vn -0.3921 0.8764 0.2795
vn -0.5598 0.5455 0.6238
vn -0.6759 0.5496 -0.4910
vn -0.3029 0.6479 -0.6989
vn -0.4334 0.6479 0.6264
vn -0.2823 0.6475 0.7078
vn -0.2552 0.5859 -0.7692
vn -0.2219 0.4475 -0.8663
vn -0.8436 0.4475 0.2968
vn -0.7394 0.4994 0.4516
vn -0.1167 0.3938 -0.9117
vn 0.0248 0.1629 -0.9863
vn -0.9722 0.1629 -0.1681
vn -0.9623 0.2721 0.0071
vn 0.1646 0.1386 -0.9766
vn 0.4003 -0.1629 -0.9018
vn -0.8339 -0.1629 -0.5274
vn -0.9073 0.0000 -0.4205
vn 0.1019 0.9925 0.0681
vn -0.0124 0.9999 -0.0051
vn 0.3628 0.9291 0.0722
vn 0.6163 0.7876 -0.0000
vn 0.5490 0.8286 -0.1092
vn 0.1607 0.6479 -0.7446
vn 0.1002 0.5859 -0.8042
vn 0.8133 0.4994 0.2987
vn 0.8853 0.4475 0.1265
vn 0.0487 0.4475 -0.8929
vn -0.0634 0.3938 -0.9170
vn 0.9451 0.2721 -0.1808
vn 0.9207 0.1629 -0.3546
vn -0.2167 0.1629 -0.9625
vn -0.3519 0.1386 -0.9257
vn 0.8078 0.0000 -0.5894
vn 0.7150 -0.1629 -0.6799
vn -0.5686 -0.1629 -0.8063
vn -0.6794 -0.1386 -0.7206
vn 0.5258 -0.1386 -0.8393
vn -0.0681 0.9925 0.1019
vn 0.0095 0.9999 -0.0095
vn -0.4512 0.8758 0.1712
vn -0.5606 0.5691 -0.6016
vn -0.1857 0.5794 0.7936
vn -0.4098 0.6513 -0.6387
vn -0.4283 0.5597 -0.7094
vn -0.5585 0.5597 0.6122
vn -0.4003 0.5859 0.7046
vn -0.3639 0.4994 -0.7863
vn -0.3009 0.3141 -0.9004
vn -0.9159 0.3141 0.2501
vn -0.8229 0.3938 0.4095
vn -0.1808 0.2721 -0.9451
vn 0.0092 -0.0000 -1.0000
vn -0.9825 0.0000 -0.1861
vn -0.9899 0.1386 -0.0291
vn 0.1544 0.0000 -0.9880
vn 0.4239 -0.3141 -0.8495
vn -0.8244 -0.3141 -0.4708
vn -0.9034 -0.1386 -0.4057
vn 0.0867 0.9925 0.0867
vn -0.0111 0.9999 -0.0074
vn 0.3417 0.9291 0.1415
vn 0.6044 0.7876 0.1202
vn 0.5598 0.8286 -0.0000
vn 0.6965 0.7041 -0.1385
vn 0.2816 0.5597 -0.7794
vn 0.2035 0.4994 -0.8422
vn 0.8870 0.3938 0.2411
vn 0.9470 0.3141 0.0666
vn 0.1194 0.3141 -0.9418
vn -0.0071 0.2721 -0.9623
vn 0.9652 0.1386 -0.2217
vn 0.9273 0.0000 -0.3742
vn -0.2041 0.0000 -0.9790
vn -0.3442 0.0000 -0.9389
vn 0.8069 -0.1386 -0.5742
vn 0.7167 -0.3141 -0.6226
vn -0.5815 -0.3141 -0.7504
vn -0.6854 -0.2721 -0.6754
vn 0.5405 -0.2721 -0.7962
vn -0.0469 0.9925 0.1133
vn 0.0074 0.9999 -0.0111
vn -0.2553 0.8764 0.4083
vn -0.2784 0.5455 0.7905
vn -0.8124 0.5496 -0.1950
vn -0.5473 0.6479 -0.5298
vn -0.1607 0.6479 0.7446
vn 0.0100 0.6475 0.7620
vn -0.5301 0.5859 -0.6130
vn -0.5366 0.4475 -0.7154
vn -0.6658 0.4475 0.5970
vn -0.5103 0.4994 0.7002
vn -0.4567 0.3938 -0.7977
vn -0.3546 0.1629 -0.9207
vn -0.9625 0.1629 0.2167
vn -0.8863 0.2721 0.3748
vn -0.2217 0.1386 -0.9652
vn 0.0248 -0.1629 -0.9863
vn -0.9722 -0.1629 -0.1681
vn -0.9991 0.0000 -0.0413
vn 0.1646 -0.1386 -0.9766
vn 0.4556 -0.4475 -0.7695
vn -0.8063 -0.4475 -0.3867
vn -0.8917 -0.2721 -0.3617
vn 0.0681 0.9925 0.1019
vn -0.0095 0.9999 -0.0095
vn 0.3309 0.8758 0.3513
vn 0.5693 0.7876 0.2358
vn 0.5490 0.8286 0.1092
vn 0.7101 0.7041 -0.0000
vn -0.3261 -0.6904 0.6457
vn 0.7863 0.2557 0.5625
vn 0.3867 0.4475 -0.8063
vn 0.9364 -0.3244 0.1340
vn 0.2923 0.3938 -0.8715
vn 0.9424 0.2721 0.1947
vn 0.9863 0.1629 0.0248
vn 0.1681 0.1629 -0.9722
vn 0.0291 0.1386 -0.9899
vn 0.9719 0.0000 -0.2354
vn 0.9207 -0.1629 -0.3546
vn -0.2167 -0.1629 -0.9625
vn -0.3519 -0.1386 -0.9257
vn 0.8040 -0.2721 -0.5287
vn 0.7154 -0.4475 -0.5366
vn -0.5970 -0.4475 -0.6658
vn -0.6933 -0.3938 -0.6035
vn 0.5622 -0.3938 -0.7272
vn -0.0239 0.9925 0.1202
vn 0.0051 0.9999 -0.0124
vn -0.3513 0.8758 0.3309
vn -0.7481 0.5691 -0.3413
vn 0.1322 0.5794 0.8042
vn -0.6230 0.6513 -0.4332
vn -0.6672 0.5597 -0.4915
vn -0.2816 0.5597 0.7794
vn -0.1002 0.5859 0.8042
vn -0.6371 0.4994 -0.5872
vn -0.6226 0.3141 -0.7167
vn -0.7504 0.3141 0.5815
vn -0.6035 0.3938 0.6933
vn -0.5287 0.2721 -0.8040
vn -0.3742 0.0000 -0.9273
vn -0.9790 0.0000 0.2041
vn -0.9257 0.1386 0.3519
vn -0.2354 0.0000 -0.9719
vn 0.0666 -0.3141 -0.9470
vn -0.9418 -0.3141 -0.1194
vn -0.9899 -0.1386 -0.0291
vn 0.1947 -0.2721 -0.9424
vn 0.4915 -0.5597 -0.6672
vn -0.7794 -0.5597 -0.2816
vn -0.8715 -0.3938 -0.2923
vn 0.0469 0.9925 0.1133
vn -0.0074 0.9999 -0.0111
vn 0.4083 0.8764 0.2553
vn -0.0290 0.5691 0.8218
vn 0.5172 0.8286 0.2142
vn 0.6965 0.7041 0.1385
vn -0.3178 -0.8385 -0.4426
vn 0.8333 0.5528 -0.0000
vn 0.6819 0.2267 -0.6954
vn 0.7415 -0.6302 0.2301
vn 0.6721 -0.4375 0.5974
vn -0.6515 0.2168 0.7270
vn -0.1702 0.6442 0.7457
vn 0.2932 0.9483 -0.1218
vn 0.9070 0.3805 -0.1804
vn 0.4708 0.3141 -0.8244
vn 0.3617 0.2721 -0.8917
vn 0.9766 0.1386 0.1646
vn 1.0000 0.0000 0.0092
vn 0.1861 0.0000 -0.9825
vn 0.0413 0.0000 -0.9991
vn 0.9652 -0.1386 -0.2217
vn 0.9004 -0.3141 -0.3009
vn -0.2501 -0.3141 -0.9159
vn -0.3748 -0.2721 -0.8863
vn 0.7977 -0.3938 -0.4567
vn 0.7094 -0.5597 -0.4283
vn -0.6122 -0.5597 -0.5585
vn -0.7002 -0.4994 -0.5103
vn 0.5872 -0.4994 -0.6371
vn 0.0000 0.9925 0.1226
vn 0.0026 0.9999 -0.0131
vn -0.0796 0.8764 0.4749
vn 0.0453 0.5455 0.8369
vn -0.8252 0.5496 0.1308
vn -0.7084 0.6479 -0.2800
vn 0.1365 0.6479 0.7494
vn 0.3009 0.6475 0.7001
vn -0.7243 0.5859 -0.3634
vn -0.7695 0.4475 -0.4556
vn -0.3867 0.4475 0.8063
vn -0.2035 0.4994 0.8422
vn -0.7272 0.3938 -0.5622
vn -0.6799 0.1629 -0.7150
vn -0.8063 0.1629 0.5686
vn -0.6754 0.2721 0.6854
vn -0.5742 0.1386 -0.8069
vn -0.3546 -0.1629 -0.9207
vn -0.9625 -0.1629 0.2167
vn -0.9389 0.0000 0.3442
vn -0.2217 -0.1386 -0.9652
vn 0.1265 -0.4475 -0.8853
vn -0.8929 -0.4475 -0.0487
vn -0.9623 -0.2721 0.0071
vn 0.2411 -0.3938 -0.8870
vn 0.5298 -0.6479 -0.5473
vn -0.7445 -0.6479 -0.1607
vn -0.8422 -0.4994 -0.2035
vn 0.0239 0.9925 0.1202
vn -0.0051 0.9999 -0.0124
vn 0.1712 0.8758 0.4512
vn 0.8369 0.5455 -0.0453
vn 0.1308 0.5496 0.8252
vn 0.0124 0.6479 0.7616
vn 0.6561 0.7041 0.2718
vn 0.8173 0.5528 0.1626
vn -0.1702 0.6442 -0.7457
vn -0.7499 0.1331 -0.6480
vn 0.6543 -0.6274 -0.4223
vn 0.9837 -0.1791 -0.0129
vn -0.3577 -0.5549 0.7511
vn 0.5644 0.5247 0.6373
vn 0.5088 0.5250 0.6823
vn 0.5088 0.5250 -0.6823
vn -0.5252 -0.6483 -0.5513
vn 0.4980 -0.4893 -0.7160
vn 0.9622 0.1939 -0.1914
vn 0.6528 0.1248 -0.7472
vn -0.3144 -0.4957 0.8096
vn 0.7495 0.5591 0.3545
vn 0.2629 0.6703 -0.6940
vn 0.9880 0.0000 0.1544
vn 0.9863 -0.1629 0.0248
vn 0.1681 -0.1629 -0.9722
vn 0.0291 -0.1386 -0.9899
vn 0.9451 -0.2721 -0.1808
vn 0.8663 -0.4475 -0.2219
vn -0.2968 -0.4475 -0.8436
vn -0.4095 -0.3938 -0.8229
vn 0.7863 -0.4994 -0.3639
vn 0.6989 -0.6479 -0.3029
vn -0.6264 -0.6479 -0.4334
vn -0.7046 -0.5859 -0.4003
vn 0.6130 -0.5859 -0.5301
vn 0.0000 0.9999 -0.0134
vn -0.1980 0.8758 0.4401
vn -0.8218 0.5691 -0.0290
vn 0.4299 0.5794 0.6924
vn -0.7414 0.6513 -0.1619
vn -0.8045 0.5597 -0.1988
vn 0.0380 0.5597 0.8278
vn 0.2151 0.5859 0.7813
vn -0.8133 0.4994 -0.2987
vn -0.8495 0.3141 -0.4239
vn -0.4708 0.3141 0.8244
vn -0.2923 0.3938 0.8715
vn -0.7962 0.2721 -0.5405
vn -0.7006 0.0000 -0.7136
vn -0.8263 0.0000 0.5632
vn -0.7206 0.1386 0.6794
vn -0.5894 0.0000 -0.8078
vn -0.3009 -0.3141 -0.9004
vn -0.9159 -0.3141 0.2501
vn -0.9257 -0.1386 0.3519
vn -0.1808 -0.2721 -0.9451
vn 0.1988 -0.5597 -0.8045
vn -0.8278 -0.5597 0.0380
vn -0.9170 -0.3938 0.0634
vn 0.2987 -0.4994 -0.8133
vn 0.5693 -0.7099 -0.4146
vn -0.7038 -0.7099 -0.0285
vn -0.8042 -0.5859 -0.1002
vn -0.0026 0.9999 -0.0131
vn 0.2795 0.8764 0.3921
vn -0.3413 0.5691 0.7481
vn 0.8042 0.5794 -0.1322
vn 0.7001 0.6475 -0.3009
vn -0.1619 0.6513 0.7414
vn -0.0586 0.5859 0.8083
vn 0.1242 0.5597 0.8193
vn 0.7699 0.5528 0.3189
vn 0.7863 0.2557 -0.5625
vn -0.3261 -0.6904 -0.6457
vn -0.2945 -0.8945 0.3365
vn 0.6176 0.2183 0.7556
vn -0.7499 0.1331 0.6480
vn 0.2932 0.9483 0.1218
vn 0.9070 0.3805 0.1804
vn 0.5546 0.5417 -0.6317
vn -0.3809 -0.5067 -0.7734
vn 0.6952 0.1411 0.7048
vn 0.5746 0.4738 0.6673
vn 0.8197 -0.5728 -0.0000
vn -0.4697 -0.6489 0.5986
vn 0.7225 0.1520 0.6744
vn 0.6632 -0.0000 -0.7485
vn 0.4816 -0.6226 -0.6168
vn 0.0408 -0.6946 -0.7183
vn 0.0394 -0.7201 -0.6928
vn -0.0258 -0.5067 0.8617
vn 0.9808 0.0000 -0.1951
vn 0.4193 -0.0873 -0.9037
vn 0.7876 0.3276 0.5218
vn 0.7909 0.3684 0.4886
vn 0.3016 0.9213 -0.2456
vn 0.4205 0.0000 -0.9073
vn 0.9766 -0.1386 0.1646
vn 0.9470 -0.3141 0.0666
vn 0.1194 -0.3141 -0.9418
vn -0.0071 -0.2721 -0.9623
vn 0.9117 -0.3938 -0.1167
vn 0.8193 -0.5597 -0.1242
vn -0.3519 -0.5597 -0.7502
vn -0.4516 -0.4994 -0.7394
vn 0.7692 -0.5859 -0.2552
vn 0.6847 -0.7099 -0.1652
vn -0.6393 -0.7099 -0.2956
vn -0.7064 -0.6513 -0.2773
vn 0.6387 -0.6513 -0.4098
vn 0.1082 0.8764 0.4692
vn 0.3621 0.5455 0.7559
vn -0.7123 0.5496 0.4366
vn -0.7616 0.6479 0.0124
vn 0.4128 0.6479 0.6401
vn 0.5459 0.6475 0.5317
vn -0.8083 0.5859 -0.0586
vn -0.8853 0.4475 -0.1265
vn -0.0487 0.4475 0.8929
vn 0.1343 0.4994 0.8559
vn -0.8870 0.3938 -0.2411
vn -0.9018 0.1629 -0.4003
vn -0.5274 0.1629 0.8339
vn -0.3617 0.2721 0.8917
vn -0.8393 0.1386 -0.5258
vn -0.6799 -0.1629 -0.7150
vn -0.8063 -0.1629 0.5686
vn -0.7357 0.0000 0.6773
vn -0.5742 -0.1386 -0.8069
vn -0.2219 -0.4475 -0.8663
vn -0.8436 -0.4475 0.2968
vn -0.8863 -0.2721 0.3748
vn -0.1167 -0.3938 -0.9117
vn 0.2800 -0.6479 -0.7084
vn -0.7494 -0.6479 0.1365
vn -0.8559 -0.4994 0.1343
vn 0.3634 -0.5859 -0.7243
vn 0.0766 -0.9154 -0.3951
vn -0.2832 -0.9154 -0.2859
vn -0.7587 -0.6513 0.0141
vn -0.0145 0.8758 0.4824
vn 0.7905 0.5455 0.2784
vn -0.1950 0.5496 0.8124
vn -0.2800 0.6479 0.7084
vn 0.7494 0.6479 -0.1365
vn 0.7813 0.5859 -0.2151
vn 0.0353 0.4994 0.8657
vn 0.2219 0.4475 0.8663
vn 0.8517 0.1844 -0.4906
vn -0.6037 0.2535 -0.7558
vn 0.6721 -0.4375 -0.5974
vn 0.6480 -0.6897 0.3230
vn 0.2560 0.9373 0.2366
vn 0.8544 0.3805 0.3539
vn -0.7767 0.3327 0.5349
vn -0.7493 0.5278 -0.4000
vn 0.8039 -0.5728 0.1599
vn -0.0237 -0.6998 0.7140
vn -0.3753 -0.6517 -0.6591
vn 0.0125 -0.7111 -0.7030
vn -0.0232 -0.7147 0.6991
vn 0.5581 -0.5962 0.5772
vn 0.7385 0.0000 0.6743
vn 0.6800 -0.7206 -0.1353
vn 0.9672 -0.1889 -0.1699
vn 0.5976 -0.5740 -0.5598
vn 0.5342 -0.4271 0.7296
vn 0.5479 0.0000 -0.8365
vn -0.5168 0.7094 0.4792
vn -0.0207 0.8536 0.5205
vn 0.7426 0.6528 -0.1494
vn 0.9622 -0.1939 -0.1914
vn 0.5274 -0.1629 -0.8339
vn 0.4057 -0.1386 -0.9034
vn 0.9424 -0.2721 0.1947
vn 0.8853 -0.4475 0.1265
vn 0.0487 -0.4475 -0.8929
vn -0.0634 -0.3938 -0.9170
vn 0.8657 -0.4994 -0.0353
vn 0.7616 -0.6479 -0.0124
vn -0.4128 -0.6479 -0.6401
vn -0.4978 -0.5859 -0.6395
vn 0.7469 -0.6513 -0.1342
vn 0.2220 -0.9154 -0.3357
vn -0.1522 -0.9154 -0.3725
vn -0.6202 -0.6218 -0.4783
vn 0.5150 -0.6218 -0.5901
vn -0.7703 0.5691 0.2877
vn 0.6621 0.5794 0.4752
vn -0.7469 0.6513 0.1342
vn -0.8193 0.5597 0.1242
vn 0.3519 0.5597 0.7502
vn 0.4978 0.5859 0.6395
vn -0.8657 0.4994 0.0353
vn -0.9470 0.3141 -0.0666
vn -0.1194 0.3141 0.9418
vn 0.0634 0.3938 0.9170
vn -0.9424 0.2721 -0.1947
vn -0.9203 0.0000 -0.3911
vn -0.5479 0.0000 0.8365
vn -0.4057 0.1386 0.9034
vn -0.8537 0.0000 -0.5208
vn -0.6226 -0.3141 -0.7167
vn -0.7504 -0.3141 0.5815
vn -0.7206 -0.1386 0.6794
vn -0.5287 -0.2721 -0.8040
vn -0.1242 -0.5597 -0.8193
vn -0.7502 -0.5597 0.3519
vn -0.8229 -0.3938 0.4095
vn -0.0353 -0.4994 -0.8657
vn 0.3673 -0.7099 -0.6010
vn -0.6611 -0.7099 0.2430
vn -0.7813 -0.5859 0.2151
vn 0.4332 -0.6513 -0.6230
vn -0.0000 -1.0000 0.0000
vn -0.7560 -0.6218 -0.2045
vn -0.6016 0.5691 0.5606
vn 0.7936 0.5794 0.1857
vn 0.7620 0.6475 -0.0100
vn -0.4332 0.6513 0.6230
vn -0.3634 0.5859 0.7243
vn -0.1988 0.5597 0.8045
vn 0.8278 0.5597 -0.0380
vn 0.8559 0.4994 -0.1343
vn 0.1167 0.3938 0.9117
vn 0.3009 0.3141 0.9004
vn 0.6004 0.1290 0.7893
vn 0.8131 0.1596 -0.5598
vn 0.7573 -0.5728 0.3137
vn -0.5644 -0.6453 0.5148
vn 0.5565 -0.5809 0.5941
vn 0.8303 -0.0000 -0.5572
vn 0.6390 -0.5936 -0.4892
vn 0.0126 -0.7031 -0.7110
vn 0.9122 -0.1801 0.3680
vn 0.5270 0.7319 0.4320
vn 0.0128 0.8600 -0.5101
vn -0.4890 0.7075 -0.5102
vn 0.7427 0.6529 0.1486
vn 0.7574 0.6529 -0.0004
vn 0.9810 -0.1939 -0.0000
vn 0.9070 -0.3805 -0.1804
vn 0.4708 -0.3141 -0.8244
vn 0.3617 -0.2721 -0.8917
vn 0.8870 -0.3938 0.2411
vn 0.8045 -0.5597 0.1988
vn -0.0380 -0.5597 -0.8278
vn -0.1343 -0.4994 -0.8559
vn 0.8083 -0.5859 0.0586
vn 0.6958 -0.7099 0.1094
vn -0.4775 -0.7099 -0.5177
vn -0.5465 -0.6513 -0.5265
vn 0.7016 -0.6218 -0.3481
vn 0.6238 0.5455 0.5598
vn -0.4910 0.5496 0.6759
vn -0.6989 0.6479 0.3029
vn 0.6264 0.6479 0.4334
vn 0.7078 0.6475 0.2823
vn -0.7692 0.5859 0.2552
vn -0.8663 0.4475 0.2219
vn 0.2968 0.4475 0.8436
vn 0.4516 0.4994 0.7394
vn -0.9117 0.3938 0.1167
vn -0.9863 0.1629 -0.0248
vn -0.1681 0.1629 0.9722
vn 0.0071 0.2721 0.9623
vn -0.9766 0.1386 -0.1646
vn -0.9018 -0.1629 -0.4003
vn -0.5274 -0.1629 0.8339
vn -0.4205 0.0000 0.9073
vn -0.8393 -0.1386 -0.5258
vn -0.5366 -0.4475 -0.7154
vn -0.6658 -0.4475 0.5970
vn -0.6754 -0.2721 0.6854
vn -0.4567 -0.3938 -0.7977
vn -0.0124 -0.6479 -0.7616
vn -0.6401 -0.6479 0.4128
vn -0.7394 -0.4994 0.4516
vn 0.0586 -0.5859 -0.8083
vn -0.0804 -0.9154 -0.3943
vn -0.3711 -0.9154 -0.1558
vn -0.6956 -0.6513 0.3034
vn 0.2500 -0.6218 -0.7423
vn -0.5298 0.6479 0.5473
vn 0.7446 0.6479 0.1607
vn 0.8042 0.5859 0.1002
vn -0.2987 0.4994 0.8133
vn -0.1265 0.4475 0.8853
vn 0.8929 0.4475 0.0487
vn 0.9170 0.3938 -0.0634
vn 0.1808 0.2721 0.9451
vn -0.2623 -0.4936 -0.8292
vn 0.3546 0.1629 0.9207
vn 0.7891 0.5177 -0.3306
vn -0.0072 -0.7048 0.7093
vn -0.0072 -0.7094 0.7048
vn 0.4425 -0.6150 0.6527
vn 0.6116 -0.0000 0.7912
vn 0.0244 -0.5263 -0.8500
vn 0.9427 -0.2126 -0.2570
vn 0.9405 -0.1611 0.2993
vn 0.5541 0.7308 -0.3986
vn -0.5069 0.2255 -0.8320
vn 0.8540 0.3830 -0.3520
vn 0.8606 0.3291 -0.3886
vn 0.9622 -0.1939 0.1914
vn 0.9063 -0.1939 0.3754
vn 0.9248 -0.3805 -0.0000
vn 0.8173 -0.5528 -0.1626
vn 0.3867 -0.4475 -0.8063
vn 0.2923 -0.3938 -0.8715
vn 0.8133 -0.4994 0.2987
vn 0.7084 -0.6479 0.2800
vn -0.1365 -0.6479 -0.7494
vn -0.2151 -0.5859 -0.7813
vn 0.7414 -0.6513 0.1619
vn 0.3336 -0.9154 -0.2252
vn 0.0019 -0.9154 -0.4024
vn -0.3900 -0.6218 -0.6792
vn -0.6387 0.6513 0.4098
vn -0.7094 0.5597 0.4283
vn 0.6122 0.5597 0.5585
vn 0.7046 0.5859 0.4003
vn -0.7863 0.4994 0.3639
vn -0.9004 0.3141 0.3009
vn 0.2501 0.3141 0.9159
vn 0.4095 0.3938 0.8229
vn -0.9451 0.2721 0.1808
vn -1.0000 0.0000 -0.0092
vn -0.1861 0.0000 0.9825
vn -0.0291 0.1386 0.9899
vn -0.9880 -0.0000 -0.1544
vn -0.8495 -0.3141 -0.4239
vn -0.4708 -0.3141 0.8244
vn -0.4057 -0.1386 0.9034
vn -0.7962 -0.2721 -0.5405
vn -0.4283 -0.5597 -0.7094
vn -0.5585 -0.5597 0.6122
vn -0.6035 -0.3938 0.6933
vn -0.3639 -0.4994 -0.7863
vn 0.1094 -0.7099 -0.6958
vn -0.5177 -0.7099 0.4775
vn -0.6395 -0.5859 0.4978
vn 0.1619 -0.6513 -0.7414
vn -0.7768 -0.6218 0.1004
vn -0.6130 0.5859 0.5301
vn -0.4915 0.5597 0.6672
vn 0.7794 0.5597 0.2816
vn 0.8422 0.4994 0.2035
vn -0.2411 0.3938 0.8870
vn -0.0666 0.3141 0.9470
vn 0.9418 0.3141 0.1194
vn 0.9623 0.2721 -0.0071
vn 0.2217 0.1386 0.9652
vn 0.3742 0.0000 0.9273
vn 0.5564 -0.5809 0.5941
vn 0.5877 -0.4187 -0.6924
vn 0.3546 -0.1629 0.9207
vn 0.8544 -0.3805 0.3539
vn 0.9070 -0.3805 0.1804
vn 0.8333 -0.5528 -0.0000
vn 0.6965 -0.7041 -0.1385
vn 0.2816 -0.5597 -0.7794
vn 0.2035 -0.4994 -0.8422
vn 0.7243 -0.5859 0.3634
vn 0.6010 -0.7099 0.3673
vn -0.2430 -0.7099 -0.6611
vn -0.3034 -0.6513 -0.6956
vn 0.7814 -0.6218 -0.0531
vn -0.7154 0.4475 0.5366
vn 0.5970 0.4475 0.6658
vn 0.7002 0.4994 0.5103
vn -0.7977 0.3938 0.4567
vn -0.9207 0.1629 0.3546
vn 0.2167 0.1629 0.9625
vn 0.3748 0.2721 0.8863
vn -0.9652 0.1386 0.2217
vn -0.9863 -0.1629 -0.0248
vn -0.1681 -0.1629 0.9722
vn -0.0413 0.0000 0.9991
vn -0.9766 -0.1386 -0.1646
vn -0.7695 -0.4475 -0.4556
vn -0.3867 -0.4475 0.8063
vn -0.3617 -0.2721 0.8917
vn -0.7272 -0.3938 -0.5622
vn -0.3029 -0.6479 -0.6989
vn -0.4334 -0.6479 0.6264
vn -0.5103 -0.4994 0.7002
vn -0.2552 -0.5859 -0.7692
vn -0.2252 -0.9154 -0.3336
vn -0.4024 -0.9154 -0.0019
vn -0.5265 -0.6513 0.5465
vn -0.0531 -0.6218 -0.7814
vn -0.5872 0.4994 0.6371
vn -0.4556 0.4475 0.7695
vn 0.8063 0.4475 0.3867
vn 0.8715 0.3938 0.2923
vn -0.1947 0.2721 0.9424
vn -0.0248 0.1629 0.9863
vn 0.9722 0.1629 0.1681
vn 0.9899 0.1386 0.0291
vn 0.2354 0.0000 0.9719
vn 0.2217 -0.1386 0.9652
vn 0.3009 -0.3141 0.9004
vn 0.7699 -0.5528 0.3189
vn 0.8173 -0.5528 0.1626
vn 0.7101 -0.7041 -0.0000
vn 0.5490 -0.8286 -0.1092
vn 0.1607 -0.6479 -0.7446
vn 0.1002 -0.5859 -0.8042
vn 0.6230 -0.6513 0.4332
vn 0.3943 -0.9154 -0.0804
vn 0.1558 -0.9154 -0.3711
vn -0.1004 -0.6218 -0.7768
vn -0.7167 0.3141 0.6226
vn 0.5815 0.3141 0.7504
vn 0.6933 0.3938 0.6035
vn -0.8040 0.2721 0.5287
vn -0.9273 0.0000 0.3742
vn 0.2041 0.0000 0.9790
vn 0.3519 0.1386 0.9257
vn -0.9719 0.0000 0.2354
vn -0.9470 -0.3141 -0.0666
vn -0.1194 -0.3141 0.9418
vn -0.0291 -0.1386 0.9899
vn -0.9424 -0.2721 -0.1947
vn -0.6672 -0.5597 -0.4915
vn -0.2816 -0.5597 0.7794
vn -0.2923 -0.3938 0.8715
vn -0.6371 -0.4994 -0.5872
vn -0.1652 -0.7099 -0.6847
vn -0.2956 -0.7099 0.6393
vn -0.4003 -0.5859 0.7046
vn -0.1342 -0.6513 -0.7469
vn -0.6792 -0.6218 0.3900
vn -0.5622 0.3938 0.7272
vn -0.4239 0.3141 0.8495
vn 0.8244 0.3141 0.4708
vn 0.8917 0.2721 0.3617
vn -0.1646 0.1386 0.9766
vn -0.0092 0.0000 1.0000
vn 0.9825 0.0000 0.1861
vn 0.9991 0.0000 0.0413
vn 0.1808 -0.2721 0.9451
vn 0.9899 -0.1386 0.0291
vn 0.2219 -0.4475 0.8663
vn 0.6561 -0.7041 0.2718
vn 0.6965 -0.7041 0.1385
vn 0.5598 -0.8286 -0.0000
vn 0.3804 -0.9217 -0.0757
vn 0.0285 -0.7099 -0.7038
vn -0.0141 -0.6513 -0.7587
vn 0.7423 -0.6218 0.2500
vn -0.7150 0.1629 0.6799
vn 0.5686 0.1629 0.8063
vn 0.6854 0.2721 0.6754
vn -0.8069 0.1386 0.5742
vn -0.9207 -0.1629 0.3546
vn 0.2167 -0.1629 0.9625
vn 0.3442 0.0000 0.9389
vn -0.9652 -0.1386 0.2217
vn -0.8853 -0.4475 -0.1265
vn -0.0487 -0.4475 0.8929
vn 0.0071 -0.2721 0.9623
vn -0.8870 -0.3938 -0.2411
vn -0.5473 -0.6479 -0.5298
vn -0.1607 -0.6479 0.7446
vn -0.2035 -0.4994 0.8422
vn -0.5301 -0.5859 -0.6130
vn -0.3357 -0.9154 -0.2220
vn -0.3725 -0.9154 0.1522
vn -0.2773 -0.6513 0.7064
vn -0.3481 -0.6218 -0.7016
vn -0.5405 0.2721 0.7962
vn -0.4003 0.1629 0.9018
vn 0.8339 0.1629 0.5274
vn 0.9034 0.1386 0.4057
vn -0.1544 0.0000 0.9880
vn -0.0248 -0.1629 0.9863
vn 0.9722 -0.1629 0.1681
vn 0.1167 -0.3938 0.9117
vn 0.9623 -0.2721 -0.0071
vn 0.1242 -0.5597 0.8193
vn 0.5172 -0.8286 0.2142
vn 0.5490 -0.8286 0.1092
vn 0.3879 -0.9217 -0.0000
vn 0.1971 -0.9796 -0.0392
vn 0.2859 -0.9154 -0.2832
vn 0.2045 -0.6218 -0.7560
vn -0.7136 0.0000 0.7006
vn 0.5632 0.0000 0.8263
vn 0.6794 0.1386 0.7206
vn -0.8078 0.0000 0.5894
vn -0.9004 -0.3141 0.3009
vn 0.2501 -0.3141 0.9159
vn 0.3519 -0.1386 0.9257
vn -0.9451 -0.2721 0.1808
vn -0.8045 -0.5597 -0.1988
vn 0.0380 -0.5597 0.8278
vn 0.0634 -0.3938 0.9170
vn -0.8133 -0.4994 -0.2987
vn -0.4146 -0.7099 -0.5693
vn -0.0285 -0.7099 0.7038
vn -0.1002 -0.5859 0.8042
vn -0.4098 -0.6513 -0.6387
vn -0.4783 -0.6218 0.6202
vn -0.5258 0.1386 0.8393
vn -0.3911 0.0000 0.9203
vn 0.8365 0.0000 0.5479
vn 0.9073 0.0000 0.4205
vn -0.1646 -0.1386 0.9766
vn -0.0666 -0.3141 0.9470
vn 0.9418 -0.3141 0.1194
vn 0.0353 -0.4994 0.8657
vn 0.9170 -0.3938 -0.0634
vn 0.0124 -0.6479 0.7616
vn 0.3584 -0.9217 0.1484
vn 0.3804 -0.9217 0.0757
vn 0.2010 -0.9796 -0.0000
vn -0.7150 -0.1629 0.6799
vn 0.5686 -0.1629 0.8063
vn 0.6773 0.0000 0.7357
vn -0.8069 -0.1386 0.5742
vn -0.8663 -0.4475 0.2219
vn 0.2968 -0.4475 0.8436
vn 0.3748 -0.2721 0.8863
vn -0.9117 -0.3938 0.1167
vn -0.7084 -0.6479 -0.2800
vn 0.1365 -0.6479 0.7494
vn 0.1343 -0.4994 0.8559
vn -0.7243 -0.5859 -0.3634
vn -0.3951 -0.9154 -0.0766
vn -0.2859 -0.9154 0.2832
vn 0.0141 -0.6513 0.7587
vn -0.5901 -0.6218 -0.5150
vn -0.5208 0.0000 0.8537
vn -0.4003 -0.1629 0.9018
vn 0.8339 -0.1629 0.5274
vn 0.9034 -0.1386 0.4057
vn -0.1947 -0.2721 0.9424
vn -0.1265 -0.4475 0.8853
vn 0.8929 -0.4475 0.0487
vn -0.0586 -0.5859 0.8083
vn 0.8559 -0.4994 -0.1343
vn -0.1094 -0.7099 0.6958
vn 0.1857 -0.9796 0.0769
vn 0.1971 -0.9796 0.0392
vn -0.7167 -0.3141 0.6226
vn 0.5815 -0.3141 0.7504
vn 0.6794 -0.1386 0.7206
vn -0.8040 -0.2721 0.5287
vn -0.8193 -0.5597 0.1242
vn 0.3519 -0.5597 0.7502
vn 0.4095 -0.3938 0.8229
vn -0.8657 -0.4994 0.0353
vn -0.6010 -0.7099 -0.3673
vn 0.2430 -0.7099 0.6611
vn 0.2151 -0.5859 0.7813
vn -0.6230 -0.6513 -0.4332
vn -0.2045 -0.6218 0.7560
vn -0.5258 -0.1386 0.8393
vn -0.4239 -0.3141 0.8495
vn 0.8244 -0.3141 0.4708
vn 0.8917 -0.2721 0.3617
vn -0.2411 -0.3938 0.8870
vn -0.1988 -0.5597 0.8045
vn 0.8278 -0.5597 -0.0380
vn -0.1619 -0.6513 0.7414
vn 0.7813 -0.5859 -0.2151
vn 0.2252 -0.9154 0.3336
vn -0.7154 -0.4475 0.5366
vn 0.5970 -0.4475 0.6658
vn 0.6854 -0.2721 0.6754
vn -0.7977 -0.3938 0.4567
vn -0.7616 -0.6479 0.0124
vn 0.4128 -0.6479 0.6401
vn 0.4516 -0.4994 0.7394
vn -0.8083 -0.5859 -0.0586
vn -0.3943 -0.9154 0.0804
vn -0.1558 -0.9154 0.3711
vn 0.3034 -0.6513 0.6956
vn -0.7422 -0.6218 -0.2500
vn -0.5405 -0.2721 0.7962
vn -0.4556 -0.4475 0.7695
vn 0.8063 -0.4475 0.3867
vn 0.8715 -0.3938 0.2923
vn -0.2987 -0.4994 0.8133
vn -0.2800 -0.6479 0.7084
vn 0.7494 -0.6479 -0.1365
vn 0.0531 -0.6218 0.7814
vn 0.6956 -0.6513 -0.3034
vn -0.7094 -0.5597 0.4283
vn 0.6122 -0.5597 0.5585
vn 0.6933 -0.3938 0.6035
vn -0.7863 -0.4994 0.3639
vn -0.6958 -0.7099 -0.1094
vn 0.4775 -0.7099 0.5177
vn 0.4978 -0.5859 0.6395
vn -0.7414 -0.6513 -0.1619
vn 0.1004 -0.6218 0.7768
vn -0.5622 -0.3938 0.7272
vn -0.4915 -0.5597 0.6672
vn 0.7794 -0.5597 0.2816
vn 0.8422 -0.4994 0.2035
vn -0.3634 -0.5859 0.7243
vn -0.3673 -0.7099 0.6010
vn 0.6611 -0.7099 -0.2430
vn 0.3711 -0.9154 0.1558
vn 0.7768 -0.6218 -0.1004
vn -0.6989 -0.6479 0.3029
vn 0.6264 -0.6479 0.4334
vn 0.7002 -0.4994 0.5103
vn -0.7692 -0.5859 0.2552
vn -0.3336 -0.9154 0.2252
vn -0.0019 -0.9154 0.4024
vn 0.5465 -0.6513 0.5265
vn -0.7814 -0.6218 0.0531
vn -0.5872 -0.4994 0.6371
vn -0.5298 -0.6479 0.5473
vn 0.7446 -0.6479 0.1607
vn 0.8042 -0.5859 0.1002
vn -0.4332 -0.6513 0.6230
vn 0.0804 -0.9154 0.3943
vn -0.6847 -0.7099 0.1652
vn 0.6393 -0.7099 0.2956
vn 0.7046 -0.5859 0.4003
vn -0.7469 -0.6513 0.1342
vn 0.3900 -0.6218 0.6792
vn -0.6130 -0.5859 0.5301
vn -0.5693 -0.7099 0.4146
vn 0.7038 -0.7099 0.0285
vn 0.7587 -0.6513 -0.0141
vn -0.2500 -0.6218 0.7423
vn 0.2832 -0.9154 0.2859
vn -0.2220 -0.9154 0.3357
vn 0.1522 -0.9154 0.3725
vn 0.7064 -0.6513 0.2773
vn -0.7016 -0.6218 0.3481
vn -0.6387 -0.6513 0.4098
vn -0.0766 -0.9154 0.3951
vn 0.7560 -0.6218 0.2045
vn 0.6202 -0.6218 0.4783
vn -0.5150 -0.6218 0.5901
vn 0.6705 -0.3314 0.6638
vn 0.6566 -0.3319 -0.6772
vn 0.2938 0.9557 0.0156
vn 0.4128 -0.6699 -0.6171
vn 0.1852 -0.6588 -0.7291
vn 0.2642 0.0265 -0.9641
vn 0.5728 -0.0001 -0.8197
vn -0.0659 -0.6488 -0.7581
vn -0.0713 0.0498 -0.9962
vn -0.3143 -0.6407 -0.7006
vn -0.3991 0.0674 -0.9144
vn -0.5322 -0.6356 -0.5593
vn -0.6846 0.0774 -0.7248
vn -0.6909 -0.6345 -0.3464
vn -0.8927 0.0781 -0.4439
vn -0.7649 -0.6382 -0.0872
vn -0.9923 0.0692 -0.1029
vn -0.7412 -0.6462 0.1817
vn -0.9661 0.0513 0.2530
vn -0.6249 -0.6575 0.4209
vn -0.8182 0.0272 0.5742
vn -0.4373 -0.6702 0.5996
vn -0.5728 0.0001 0.8197
vn -0.2065 -0.6823 0.7012
vn -0.2642 -0.0265 0.9641
vn 0.0403 -0.6925 0.7203
vn 0.0713 -0.0498 0.9962
vn 0.2790 -0.6998 0.6577
vn 0.3991 -0.0674 0.9144
vn 0.4861 -0.7033 0.5187
vn 0.6846 -0.0774 0.7248
vn 0.6379 -0.7029 0.3146
vn 0.8927 -0.0782 0.4439
vn 0.7124 -0.6986 0.0665
vn 0.9923 -0.0692 0.1029
vn 0.6963 -0.6909 -0.1942
vn 0.9661 -0.0513 -0.2530
vn 0.5912 -0.6810 -0.4322
vn 0.8182 -0.0272 -0.5742
vn 0.8182 -0.0271 -0.5742
vn -0.8927 0.0782 -0.4439
vn 0.8927 -0.0781 0.4439
vn 0.2067 0.6816 -0.7019
vn 0.4373 0.6702 -0.5996
vn -0.0404 0.6912 -0.7216
vn -0.2797 0.6979 -0.6593
vn -0.4875 0.7013 -0.5201
vn -0.6397 0.7009 -0.3154
vn -0.7142 0.6968 -0.0667
vn -0.6976 0.6896 0.1945
vn -0.5917 0.6803 0.4325
vn -0.4128 0.6699 0.6171
vn -0.1850 0.6596 0.7285
vn 0.0659 0.6502 0.7569
vn 0.3136 0.6426 0.6990
vn 0.5309 0.6378 0.5579
vn 0.6893 0.6368 0.3457
vn 0.7633 0.6401 0.0871
vn 0.7400 0.6477 -0.1814
vn 0.6244 0.6583 -0.4205
vn -0.5192 0.8164 -0.2530
vn -0.3950 0.8150 -0.4240
vn 0.5016 0.8269 0.2542
vn 0.3912 0.8256 0.4068
vn -0.8594 0.2843 -0.4250
vn -0.6575 0.2817 -0.6988
vn 0.8518 0.3041 0.4265
vn 0.6566 0.3013 0.6915
vn 0.5588 0.2896 -0.7771
vn 0.2644 0.2841 -0.9216
vn 0.2298 0.6315 -0.7406
vn 0.4683 0.6281 -0.6214
vn -0.0597 0.2808 -0.9579
vn -0.0341 0.6357 -0.7712
vn -0.3789 0.2801 -0.8820
vn -0.2945 0.6406 -0.7092
vn -0.5211 0.6452 -0.5588
vn -0.6843 0.6478 -0.3348
vn -0.9535 0.2868 -0.0929
vn -0.7596 0.6472 -0.0645
vn -0.9239 0.2883 0.2515
vn -0.7352 0.6428 0.2151
vn -0.7769 0.2889 0.5594
vn -0.6163 0.6356 0.4649
vn -0.5378 0.2893 0.7919
vn -0.4229 0.6272 0.6540
vn -0.2410 0.2906 0.9260
vn -0.1822 0.6197 0.7634
vn 0.0786 0.2934 0.9528
vn 0.0775 0.6147 0.7850
vn 0.3884 0.2972 0.8722
vn 0.3289 0.6126 0.7187
vn 0.5459 0.6133 0.5709
vn 0.7032 0.6158 0.3553
vn 0.9467 0.3043 0.1056
vn 0.7794 0.6192 0.0954
vn 0.9251 0.3014 -0.2309
vn 0.7624 0.6225 -0.1769
vn 0.7892 0.2959 -0.5381
vn 0.6537 0.6253 -0.4262
vn 0.0291 0.9993 0.0213
vn 0.1753 0.8163 -0.5503
vn 0.3493 0.8193 -0.4547
vn -0.0226 0.8145 -0.5797
vn -0.2212 0.8141 -0.5369
vn -0.5739 0.8176 -0.0467
vn -0.5509 0.8183 0.1643
vn -0.4564 0.8184 0.3491
vn -0.3080 0.8187 0.4845
vn -0.1285 0.8196 0.5583
vn 0.0603 0.8213 0.5673
vn 0.2391 0.8234 0.5145
vn 0.5578 0.8269 0.0712
vn 0.5510 0.8254 -0.1230
vn 0.4793 0.8226 -0.3059
vn -0.0117 -0.9999 -0.0087
vn 0.6957 -0.6692 0.2610
vn 0.5616 -0.6699 0.4857
vn 0.3625 -0.6706 0.6472
vn 0.1250 -0.6711 0.7308
vn -0.1250 -0.6711 0.7308
vn -0.3625 -0.6706 0.6472
vn -0.5616 -0.6699 0.4857
vn -0.6957 -0.6692 0.2610
vn -0.7433 -0.6689 -0.0000
vn -0.6957 -0.6692 -0.2610
vn -0.5616 -0.6699 -0.4857
vn -0.3625 -0.6706 -0.6472
vn -0.1250 -0.6711 -0.7308
vn 0.1250 -0.6711 -0.7308
vn 0.3625 -0.6706 -0.6472
vn 0.5616 -0.6699 -0.4857
vn 0.6957 -0.6692 -0.2610
vn 0.7433 -0.6689 0.0000
vn 0.9363 0.0000 -0.3512
vn 1.0000 0.0000 0.0000
vn 0.7564 0.0000 -0.6541
vn 0.4887 0.0000 -0.8725
vn 0.1686 0.0000 -0.9857
vn -0.1686 0.0000 -0.9857
vn -0.4887 0.0000 -0.8725
vn -0.7564 0.0000 -0.6542
vn -0.9363 0.0000 -0.3512
vn -1.0000 0.0000 -0.0000
vn -0.9363 0.0000 0.3512
vn -0.7564 0.0000 0.6542
vn -0.4887 0.0000 0.8725
vn -0.1686 0.0000 0.9857
vn 0.1686 0.0000 0.9857
vn 0.4887 0.0000 0.8725
vn 0.7563 0.0000 0.6542
vn 0.9363 0.0000 0.3512
vn 0.6957 0.6692 -0.2610
vn 0.7433 0.6689 0.0000
vn 0.5616 0.6699 -0.4857
vn 0.3625 0.6706 -0.6472
vn 0.1250 0.6711 -0.7308
vn -0.1250 0.6711 -0.7308
vn -0.3625 0.6706 -0.6472
vn -0.5616 0.6699 -0.4857
vn -0.6957 0.6692 -0.2610
vn -0.7433 0.6689 -0.0000
vn -0.6957 0.6692 0.2610
vn -0.5616 0.6699 0.4857
vn -0.3625 0.6706 0.6472
vn -0.1250 0.6711 0.7308
vn 0.1250 0.6711 0.7308
vn 0.3625 0.6706 0.6472
vn 0.5616 0.6699 0.4857
vn 0.6957 0.6692 0.2610
# 1222 vertex normals

vt 0.0000 1.0000 0.0000
vt 0.0000 0.9375 0.0000
vt 0.0312 0.9375 0.0000
vt 0.0312 1.0000 0.0000
vt 0.0625 0.9375 0.0000
vt 0.9688 1.0000 0.0000
vt 0.9688 0.9375 0.0000
vt 1.0000 0.9375 0.0000
vt 0.0625 1.0000 0.0000
vt 0.0938 0.9375 0.0000
vt 0.9375 1.0000 0.0000
vt 0.9375 0.9375 0.0000
vt 0.0938 1.0000 0.0000
vt 0.1250 0.9375 0.0000
vt 0.9063 1.0000 0.0000
vt 0.9063 0.9375 0.0000
vt 0.1250 1.0000 0.0000
vt 0.1562 0.9375 0.0000
vt 0.0312 0.8750 0.0000
vt 0.0625 0.8750 0.0000
vt 0.8750 1.0000 0.0000
vt 0.8750 0.9375 0.0000
vt 0.9688 0.8750 0.0000
vt 1.0000 0.8750 0.0000
vt 0.0000 0.8750 0.0000
vt 0.1562 1.0000 0.0000
vt 0.1875 0.9375 0.0000
vt 0.0312 0.8125 0.0000
vt 0.0625 0.8125 0.0000
vt 0.8438 1.0000 0.0000
vt 0.8438 0.9375 0.0000
vt 0.9688 0.8125 0.0000
vt 1.0000 0.8125 0.0000
vt 0.0000 0.8125 0.0000
vt 0.1875 1.0000 0.0000
vt 0.2187 0.9375 0.0000
vt 0.0938 0.8750 0.0000
vt 0.1250 0.8750 0.0000
vt 0.0312 0.7500 0.0000
vt 0.0625 0.7500 0.0000
vt 0.8125 1.0000 0.0000
vt 0.8125 0.9375 0.0000
vt 0.9063 0.8750 0.0000
vt 0.9375 0.8750 0.0000
vt 0.9688 0.7500 0.0000
vt 1.0000 0.7500 0.0000
vt 0.0000 0.7500 0.0000
vt 0.2187 1.0000 0.0000
vt 0.2500 0.9375 0.0000
vt 0.0938 0.8125 0.0000
vt 0.1250 0.8125 0.0000
vt 0.0312 0.6875 0.0000
vt 0.0625 0.6875 0.0000
vt 0.7813 1.0000 0.0000
vt 0.7813 0.9375 0.0000
vt 0.9063 0.8125 0.0000
vt 0.9375 0.8125 0.0000
vt 0.9688 0.6875 0.0000
vt 1.0000 0.6875 0.0000
vt 0.0000 0.6875 0.0000
vt 0.2500 1.0000 0.0000
vt 0.2812 0.9375 0.0000
vt 0.1562 0.8750 0.0000
vt 0.1875 0.8750 0.0000
vt 0.0938 0.7500 0.0000
vt 0.1250 0.7500 0.0000
vt 0.0312 0.6250 0.0000
vt 0.0625 0.6250 0.0000
vt 0.7500 1.0000 0.0000
vt 0.7500 0.9375 0.0000
vt 0.8438 0.8750 0.0000
vt 0.8750 0.8750 0.0000
vt 0.9063 0.7500 0.0000
vt 0.9375 0.7500 0.0000
vt 0.9688 0.6250 0.0000
vt 1.0000 0.6250 0.0000
vt 0.0000 0.6250 0.0000
vt 0.2812 1.0000 0.0000
vt 0.3125 0.9375 0.0000
vt 0.1562 0.8125 0.0000
vt 0.1875 0.8125 0.0000
vt 0.0938 0.6875 0.0000
vt 0.1250 0.6875 0.0000
vt 0.0312 0.5625 0.0000
vt 0.0625 0.5625 0.0000
vt 0.7188 1.0000 0.0000
vt 0.7188 0.9375 0.0000
vt 0.8438 0.8125 0.0000
vt 0.8750 0.8125 0.0000
vt 0.9063 0.6875 0.0000
vt 0.9375 0.6875 0.0000
vt 0.9688 0.5625 0.0000
vt 1.0000 0.5625 0.0000
vt 0.0000 0.5625 0.0000
vt 0.3125 1.0000 0.0000
vt 0.3437 0.9375 0.0000
vt 0.2187 0.8750 0.0000
vt 0.2500 0.8750 0.0000
vt 0.1562 0.7500 0.0000
vt 0.1875 0.7500 0.0000
vt 0.0938 0.6250 0.0000
vt 0.1250 0.6250 0.0000
vt 0.0312 0.5000 0.0000
vt 0.0625 0.5000 0.0000
vt 0.6875 1.0000 0.0000
vt 0.6875 0.9375 0.0000
vt 0.7813 0.8750 0.0000
vt 0.8125 0.8750 0.0000
vt 0.8438 0.7500 0.0000
vt 0.8750 0.7500 0.0000
vt 0.9063 0.6250 0.0000
vt 0.9375 0.6250 0.0000
vt 0.9688 0.5000 0.0000
vt 1.0000 0.5000 0.0000
vt 0.0000 0.5000 0.0000
vt 0.3437 1.0000 0.0000
vt 0.3750 0.9375 0.0000
vt 0.2187 0.8125 0.0000
vt 0.2500 0.8125 0.0000
vt 0.1562 0.6875 0.0000
vt 0.1875 0.6875 0.0000
vt 0.0938 0.5625 0.0000
vt 0.1250 0.5625 0.0000
vt 0.0312 0.4375 0.0000
vt 0.0625 0.4375 0.0000
vt 0.6563 1.0000 0.0000
vt 0.6563 0.9375 0.0000
vt 0.7500 0.8750 0.0000
vt 0.7813 0.8125 0.0000
vt 0.8125 0.8125 0.0000
vt 0.8438 0.6875 0.0000
vt 0.8750 0.6875 0.0000
vt 0.9063 0.5625 0.0000
vt 0.9375 0.5625 0.0000
vt 0.9688 0.4375 0.0000
vt 1.0000 0.4375 0.0000
vt 0.0000 0.4375 0.0000
vt 0.3750 1.0000 0.0000
vt 0.4062 0.9375 0.0000
vt 0.2812 0.8750 0.0000
vt 0.3125 0.8750 0.0000
vt 0.2187 0.7500 0.0000
vt 0.2500 0.7500 0.0000
vt 0.1562 0.6250 0.0000
vt 0.1875 0.6250 0.0000
vt 0.0938 0.5000 0.0000
vt 0.1250 0.5000 0.0000
vt 0.0312 0.3750 0.0000
vt 0.0625 0.3750 0.0000
vt 0.6250 1.0000 0.0000
vt 0.6250 0.9375 0.0000
vt 0.7188 0.8750 0.0000
vt 0.7500 0.8125 0.0000
vt 0.7813 0.7500 0.0000
vt 0.8125 0.7500 0.0000
vt 0.8438 0.6250 0.0000
vt 0.8750 0.6250 0.0000
vt 0.9063 0.5000 0.0000
vt 0.9375 0.5000 0.0000
vt 0.9688 0.3750 0.0000
vt 1.0000 0.3750 0.0000
vt 0.0000 0.3750 0.0000
vt 0.4062 1.0000 0.0000
vt 0.4375 0.9375 0.0000
vt 0.2812 0.8125 0.0000
vt 0.3125 0.8125 0.0000
vt 0.2187 0.6875 0.0000
vt 0.2500 0.6875 0.0000
vt 0.1562 0.5625 0.0000
vt 0.1875 0.5625 0.0000
vt 0.0938 0.4375 0.0000
vt 0.1250 0.4375 0.0000
vt 0.0312 0.3125 0.0000
vt 0.0625 0.3125 0.0000
vt 0.5938 1.0000 0.0000
vt 0.5938 0.9375 0.0000
vt 0.6875 0.8750 0.0000
vt 0.7188 0.8125 0.0000
vt 0.7500 0.7500 0.0000
vt 0.7822 0.7458 0.0000
vt 0.7889 0.6875 0.0000
vt 0.8125 0.6875 0.0000
vt 0.7813 0.7467 0.0000
vt 0.8438 0.5625 0.0000
vt 0.8750 0.5625 0.0000
vt 0.9063 0.4375 0.0000
vt 0.9375 0.4375 0.0000
vt 0.9688 0.3125 0.0000
vt 1.0000 0.3125 0.0000
vt 0.0000 0.3125 0.0000
vt 0.4375 1.0000 0.0000
vt 0.4688 0.9375 0.0000
vt 0.3437 0.8750 0.0000
vt 0.3750 0.8750 0.0000
vt 0.2812 0.7500 0.0000
vt 0.3125 0.7500 0.0000
vt 0.2187 0.6250 0.0000
vt 0.2500 0.6250 0.0000
vt 0.1562 0.5000 0.0000
vt 0.1875 0.5000 0.0000
vt 0.0938 0.3750 0.0000
vt 0.1250 0.3750 0.0000
vt 0.0312 0.2500 0.0000
vt 0.0625 0.2500 0.0000
vt 0.5625 1.0000 0.0000
vt 0.5625 0.9375 0.0000
vt 0.6563 0.8750 0.0000
vt 0.6875 0.8125 0.0000
vt 0.7188 0.7500 0.0000
vt 0.7767 0.7481 0.0000
vt 0.7500 0.6875 0.0000
vt 0.7609 0.6875 0.0000
vt -0.0000 0.9087 0.0000
vt 0.1439 0.9153 0.0000
vt 0.3356 0.0000 0.0000
vt 0.2650 0.3561 0.0000
vt 1.0000 0.9087 0.0000
vt 1.0000 0.0000 0.0000
vt 0.7933 0.6503 0.0000
vt 0.7813 0.6534 0.0000
vt 0.7813 0.6250 0.0000
vt 0.8125 0.6250 0.0000
vt 0.8438 0.5000 0.0000
vt 0.8750 0.5000 0.0000
vt 0.9063 0.3750 0.0000
vt 0.9375 0.3750 0.0000
vt 0.9688 0.2500 0.0000
vt 1.0000 0.2500 0.0000
vt 0.0000 0.2500 0.0000
vt 0.4688 1.0000 0.0000
vt 0.5000 0.9375 0.0000
vt 0.3437 0.8125 0.0000
vt 0.3750 0.8125 0.0000
vt 0.2812 0.6875 0.0000
vt 0.3125 0.6875 0.0000
vt 0.2187 0.5625 0.0000
vt 0.2500 0.5625 0.0000
vt 0.1562 0.4375 0.0000
vt 0.1875 0.4375 0.0000
vt 0.0938 0.3125 0.0000
vt 0.1250 0.3125 0.0000
vt 0.0312 0.1875 0.0000
vt 0.0625 0.1875 0.0000
vt 0.5313 1.0000 0.0000
vt 0.5313 0.9375 0.0000
vt 0.6563 0.8125 0.0000
vt 0.6875 0.7500 0.0000
vt 0.7188 0.6875 0.0000
vt 0.0000 0.0000 0.0000
vt -0.0000 0.9254 0.0000
vt 0.9102 0.3220 0.0000
vt 0.8536 -0.0000 0.0000
vt 1.0000 0.9254 0.0000
vt 0.7543 0.6557 0.0000
vt 0.7500 0.6355 0.0000
vt 0.7529 0.6353 0.0000
vt 0.7504 0.6250 0.0000
vt 0.1464 0.0000 0.0000
vt 0.2275 0.6959 0.0000
vt 0.3356 1.0000 0.0000
vt 1.0000 1.0000 0.0000
vt 0.7829 0.5631 0.0000
vt 0.8125 0.5631 0.0000
vt 0.7813 0.5625 0.0000
vt 0.7829 0.5625 0.0000
vt 0.8218 0.5714 0.0000
vt 0.8183 0.5625 0.0000
vt 0.8125 0.5714 0.0000
vt 0.8438 0.4375 0.0000
vt 0.8750 0.4375 0.0000
vt 0.9063 0.3125 0.0000
vt 0.9375 0.3125 0.0000
vt 0.9688 0.1875 0.0000
vt 1.0000 0.1875 0.0000
vt 0.0000 0.1875 0.0000
vt 0.5000 1.0000 0.0000
vt 0.4062 0.8750 0.0000
vt 0.4375 0.8750 0.0000
vt 0.3437 0.7500 0.0000
vt 0.3750 0.7500 0.0000
vt 0.2812 0.6250 0.0000
vt 0.3125 0.6250 0.0000
vt 0.2187 0.5000 0.0000
vt 0.2500 0.5000 0.0000
vt 0.1562 0.3750 0.0000
vt 0.1875 0.3750 0.0000
vt 0.0938 0.2500 0.0000
vt 0.1250 0.2500 0.0000
vt 0.0312 0.1250 0.0000
vt 0.0625 0.1250 0.0000
vt 0.5938 0.8750 0.0000
vt 0.6250 0.8750 0.0000
vt 0.6563 0.7500 0.0000
vt 0.6875 0.6875 0.0000
vt 0.6894 0.6875 0.0000
vt 0.6910 0.7206 0.0000
vt 0.7020 0.7315 0.0000
vt 0.7167 0.6875 0.0000
vt 0.7250 0.6539 0.0000
vt 0.7188 0.6534 0.0000
vt 0.7188 0.6250 0.0000
vt 0.7322 0.6250 0.0000
vt 0.7301 0.6324 0.0000
vt 0.7188 0.6801 0.0000
vt 0.7500 0.6232 0.0000
vt 0.7500 0.5631 0.0000
vt 0.7687 0.5631 0.0000
vt 0.7687 0.5625 0.0000
vt 0.7193 0.7843 0.0000
vt 0.7222 0.7843 0.0000
vt 0.8205 0.7832 0.0000
vt 0.8191 0.7832 0.0000
vt 0.0000 0.7928 0.0000
vt 0.2421 0.9549 0.0000
vt 0.4171 0.9649 0.0000
vt 0.1175 1.0000 0.0000
vt 0.7813 0.5000 0.0000
vt 0.7819 0.5000 0.0000
vt 0.7024 0.8187 0.0000
vt 0.8040 0.9388 0.0000
vt 0.8825 1.0000 0.0000
vt 0.3007 0.3007 0.0000
vt 0.3399 0.4904 0.0000
vt 0.5529 0.8524 0.0000
vt 0.8125 0.5458 0.0000
vt 0.8125 0.5000 0.0000
vt 0.8438 0.3750 0.0000
vt 0.8750 0.3750 0.0000
vt 0.9063 0.2500 0.0000
vt 0.9375 0.2500 0.0000
vt 0.9688 0.1250 0.0000
vt 1.0000 0.1250 0.0000
vt 0.0000 0.1250 0.0000
vt 0.4062 0.8125 0.0000
vt 0.4375 0.8125 0.0000
vt 0.3437 0.6875 0.0000
vt 0.3750 0.6875 0.0000
vt 0.2812 0.5625 0.0000
vt 0.3125 0.5625 0.0000
vt 0.2187 0.4375 0.0000
vt 0.2500 0.4375 0.0000
vt 0.1562 0.3125 0.0000
vt 0.1875 0.3125 0.0000
vt 0.0938 0.1875 0.0000
vt 0.1250 0.1875 0.0000
vt 0.0312 0.0625 0.0000
vt 0.0625 0.0625 0.0000
vt 0.5938 0.8125 0.0000
vt 0.6250 0.8125 0.0000
vt 0.6563 0.6875 0.0000
vt 0.6875 0.6648 0.0000
vt 0.0000 0.7209 0.0000
vt 0.4466 0.4072 0.0000
vt 0.4627 0.1895 0.0000
vt 0.4646 0.0000 0.0000
vt 0.0000 0.8020 0.0000
vt 1.0000 0.7209 0.0000
vt 0.2085 0.0000 0.0000
vt 0.1920 0.2643 0.0000
vt 0.1959 0.3429 0.0000
vt 1.0000 0.8020 0.0000
vt 0.5354 0.0000 0.0000
vt 0.5111 0.0395 0.0000
vt 0.2275 0.8370 0.0000
vt 0.2085 1.0000 0.0000
vt 0.6875 0.6454 0.0000
vt 0.6875 0.6250 0.0000
vt 0.7438 0.5927 0.0000
vt 0.7407 0.5906 0.0000
vt 0.7188 0.5631 0.0000
vt 0.0000 0.6939 0.0000
vt 0.7961 0.6930 0.0000
vt 0.8843 0.5729 0.0000
vt 0.8544 0.3694 0.0000
vt 0.8305 0.3463 0.0000
vt 0.0000 0.3415 0.0000
vt 0.8891 0.6929 0.0000
vt 0.8903 0.6929 0.0000
vt 0.7988 0.6930 0.0000
vt 0.7681 0.5000 0.0000
vt 0.7813 0.4991 0.0000
vt 0.7819 0.4991 0.0000
vt 0.8256 0.7793 0.0000
vt 0.2072 1.0000 0.0000
vt 0.1489 0.6073 0.0000
vt 0.8125 0.5448 0.0000
vt 0.2990 0.0000 0.0000
vt 0.7925 0.4765 0.0000
vt 0.7824 0.4391 0.0000
vt 0.7813 0.4391 0.0000
vt 0.7813 0.4375 0.0000
vt 0.8125 0.4375 0.0000
vt 0.7988 0.5000 0.0000
vt 0.8438 0.3125 0.0000
vt 0.8750 0.3125 0.0000
vt 0.9063 0.1875 0.0000
vt 0.9375 0.1875 0.0000
vt 0.9688 0.0625 0.0000
vt 1.0000 0.0625 0.0000
vt 0.0000 0.0625 0.0000
vt 0.4688 0.8750 0.0000
vt 0.5000 0.8750 0.0000
vt 0.4062 0.7500 0.0000
vt 0.4375 0.7500 0.0000
vt 0.3437 0.6250 0.0000
vt 0.3750 0.6250 0.0000
vt 0.2812 0.5000 0.0000
vt 0.3125 0.5000 0.0000
vt 0.2187 0.3750 0.0000
vt 0.2500 0.3750 0.0000
vt 0.1562 0.2500 0.0000
vt 0.1875 0.2500 0.0000
vt 0.0938 0.1250 0.0000
vt 0.1250 0.1250 0.0000
vt 0.0312 -0.0000 0.0000
vt 0.5313 0.8750 0.0000
vt 0.5625 0.8750 0.0000
vt 0.5938 0.7500 0.0000
vt 0.6250 0.7500 0.0000
vt 0.6858 0.6447 0.0000
vt 0.6563 0.6250 0.0000
vt 0.6961 0.5625 0.0000
vt 0.7151 0.5625 0.0000
vt 0.7151 0.5631 0.0000
vt 0.6875 0.5631 0.0000
vt 0.6961 0.5631 0.0000
vt 0.3061 1.0000 0.0000
vt 0.6585 1.0000 0.0000
vt 0.8332 0.3463 0.0000
vt 0.9266 0.3469 0.0000
vt 0.9253 0.3469 0.0000
vt 0.2477 0.6073 0.0000
vt 0.7681 0.4991 0.0000
vt 0.3369 0.0000 0.0000
vt 0.1365 0.2716 0.0000
vt 0.0991 0.6318 0.0000
vt 0.2843 0.9876 0.0000
vt 0.2990 1.0000 0.0000
vt 0.7500 0.4392 0.0000
vt 0.7500 0.4375 0.0000
vt 0.7813 0.3750 0.0000
vt 0.8125 0.3750 0.0000
vt 0.8438 0.2500 0.0000
vt 0.8750 0.2500 0.0000
vt 0.9063 0.1250 0.0000
vt 0.9375 0.1250 0.0000
vt 0.9688 -0.0000 0.0000
vt 0.4688 0.8125 0.0000
vt 0.5000 0.8125 0.0000
vt 0.4062 0.6875 0.0000
vt 0.4375 0.6875 0.0000
vt 0.3437 0.5625 0.0000
vt 0.3750 0.5625 0.0000
vt 0.2812 0.4375 0.0000
vt 0.3125 0.4375 0.0000
vt 0.2187 0.3125 0.0000
vt 0.2500 0.3125 0.0000
vt 0.1562 0.1875 0.0000
vt 0.1875 0.1875 0.0000
vt 0.0938 0.0625 0.0000
vt 0.1250 0.0625 0.0000
vt 0.0000 -0.0000 0.0000
vt 0.0625 -0.0000 0.0000
vt 0.5313 0.8125 0.0000
vt 0.5625 0.8125 0.0000
vt 0.5938 0.6875 0.0000
vt 0.6250 0.6875 0.0000
vt 0.6586 0.5631 0.0000
vt 0.6563 0.5625 0.0000
vt 0.6588 0.5625 0.0000
vt 0.0000 0.2191 0.0000
vt 0.8000 0.2264 0.0000
vt 0.8013 0.2264 0.0000
vt 0.7076 0.2256 0.0000
vt 0.7048 0.2256 0.0000
vt 0.6971 0.5000 0.0000
vt 0.7157 0.5000 0.0000
vt 0.6482 0.1712 0.0000
vt 0.3018 0.0000 0.0000
vt 0.6520 0.6073 0.0000
vt 0.6971 0.4991 0.0000
vt 0.7157 0.4991 0.0000
vt 0.8250 0.6073 0.0000
vt 0.5245 0.5245 0.0000
vt 0.5512 0.4922 0.0000
vt 0.6433 0.2208 0.0000
vt 0.6631 0.0000 0.0000
vt 0.7188 0.4375 0.0000
vt 0.7188 0.4392 0.0000
vt 0.6945 0.4391 0.0000
vt 0.6875 0.4664 0.0000
vt 0.6875 0.4375 0.0000
vt 0.7500 0.3750 0.0000
vt 0.7813 0.3125 0.0000
vt 0.8125 0.3125 0.0000
vt 0.8438 0.1875 0.0000
vt 0.8750 0.1875 0.0000
vt 0.9063 0.0625 0.0000
vt 0.9375 0.0625 0.0000
vt 0.9375 -0.0000 0.0000
vt 0.4688 0.7500 0.0000
vt 0.5000 0.7500 0.0000
vt 0.4062 0.6250 0.0000
vt 0.4375 0.6250 0.0000
vt 0.3437 0.5000 0.0000
vt 0.3750 0.5000 0.0000
vt 0.2812 0.3750 0.0000
vt 0.3125 0.3750 0.0000
vt 0.2187 0.2500 0.0000
vt 0.2500 0.2500 0.0000
vt 0.1562 0.1250 0.0000
vt 0.1875 0.1250 0.0000
vt 0.0938 -0.0000 0.0000
vt 0.5313 0.7500 0.0000
vt 0.5625 0.7500 0.0000
vt 0.5938 0.6250 0.0000
vt 0.6250 0.6250 0.0000
vt 0.3018 1.0000 0.0000
vt 0.3060 0.9952 0.0000
vt 0.6772 0.5040 0.0000
vt 0.6563 0.5000 0.0000
vt 0.6784 0.5000 0.0000
vt 0.7809 1.0000 0.0000
vt 0.6563 0.4375 0.0000
vt 0.6875 0.3750 0.0000
vt 0.7188 0.3750 0.0000
vt 0.7500 0.3125 0.0000
vt 0.7813 0.2500 0.0000
vt 0.8125 0.2500 0.0000
vt 0.8438 0.1250 0.0000
vt 0.8750 0.1250 0.0000
vt 0.9063 -0.0000 0.0000
vt 0.4688 0.6875 0.0000
vt 0.5000 0.6875 0.0000
vt 0.4062 0.5625 0.0000
vt 0.4375 0.5625 0.0000
vt 0.3437 0.4375 0.0000
vt 0.3750 0.4375 0.0000
vt 0.2812 0.3125 0.0000
vt 0.3125 0.3125 0.0000
vt 0.2187 0.1875 0.0000
vt 0.2500 0.1875 0.0000
vt 0.1562 0.0625 0.0000
vt 0.1875 0.0625 0.0000
vt 0.1250 -0.0000 0.0000
vt 0.5313 0.6875 0.0000
vt 0.5625 0.6875 0.0000
vt 0.5938 0.5625 0.0000
vt 0.6250 0.5625 0.0000
vt 0.6563 0.3750 0.0000
vt 0.6875 0.3125 0.0000
vt 0.7188 0.3125 0.0000
vt 0.7500 0.2500 0.0000
vt 0.7813 0.1875 0.0000
vt 0.8125 0.1875 0.0000
vt 0.8438 0.0625 0.0000
vt 0.8750 0.0625 0.0000
vt 0.8750 -0.0000 0.0000
vt 0.4688 0.6250 0.0000
vt 0.5000 0.6250 0.0000
vt 0.4062 0.5000 0.0000
vt 0.4375 0.5000 0.0000
vt 0.3437 0.3750 0.0000
vt 0.3750 0.3750 0.0000
vt 0.2812 0.2500 0.0000
vt 0.3125 0.2500 0.0000
vt 0.2187 0.1250 0.0000
vt 0.2500 0.1250 0.0000
vt 0.1562 -0.0000 0.0000
vt 0.5313 0.6250 0.0000
vt 0.5625 0.6250 0.0000
vt 0.5938 0.5000 0.0000
vt 0.6250 0.5000 0.0000
vt 0.6250 0.4375 0.0000
vt 0.6563 0.3125 0.0000
vt 0.6875 0.2500 0.0000
vt 0.7188 0.2500 0.0000
vt 0.7500 0.1875 0.0000
vt 0.7813 0.1250 0.0000
vt 0.8125 0.1250 0.0000
vt 0.8438 -0.0000 0.0000
vt 0.4688 0.5625 0.0000
vt 0.5000 0.5625 0.0000
vt 0.4062 0.4375 0.0000
vt 0.4375 0.4375 0.0000
vt 0.3437 0.3125 0.0000
vt 0.3750 0.3125 0.0000
vt 0.2812 0.1875 0.0000
vt 0.3125 0.1875 0.0000
vt 0.2187 0.0625 0.0000
vt 0.2500 0.0625 0.0000
vt 0.1875 -0.0000 0.0000
vt 0.5313 0.5625 0.0000
vt 0.5625 0.5625 0.0000
vt 0.5938 0.4375 0.0000
vt 0.6250 0.3750 0.0000
vt 0.6563 0.2500 0.0000
vt 0.6875 0.1875 0.0000
vt 0.7188 0.1875 0.0000
vt 0.7500 0.1250 0.0000
vt 0.7813 0.0625 0.0000
vt 0.8125 0.0625 0.0000
vt 0.8125 -0.0000 0.0000
vt 0.4688 0.5000 0.0000
vt 0.5000 0.5000 0.0000
vt 0.4062 0.3750 0.0000
vt 0.4375 0.3750 0.0000
vt 0.3437 0.2500 0.0000
vt 0.3750 0.2500 0.0000
vt 0.2812 0.1250 0.0000
vt 0.3125 0.1250 0.0000
vt 0.2187 -0.0000 0.0000
vt 0.5313 0.5000 0.0000
vt 0.5625 0.5000 0.0000
vt 0.5938 0.3750 0.0000
vt 0.6250 0.3125 0.0000
vt 0.6563 0.1875 0.0000
vt 0.6875 0.1250 0.0000
vt 0.7188 0.1250 0.0000
vt 0.7500 0.0625 0.0000
vt 0.7813 -0.0000 0.0000
vt 0.4688 0.4375 0.0000
vt 0.5000 0.4375 0.0000
vt 0.4062 0.3125 0.0000
vt 0.4375 0.3125 0.0000
vt 0.3437 0.1875 0.0000
vt 0.3750 0.1875 0.0000
vt 0.2812 0.0625 0.0000
vt 0.3125 0.0625 0.0000
vt 0.2500 -0.0000 0.0000
vt 0.5313 0.4375 0.0000
vt 0.5625 0.4375 0.0000
vt 0.5938 0.3125 0.0000
vt 0.6250 0.2500 0.0000
vt 0.6563 0.1250 0.0000
vt 0.6875 0.0625 0.0000
vt 0.7188 0.0625 0.0000
vt 0.7500 -0.0000 0.0000
vt 0.4688 0.3750 0.0000
vt 0.5000 0.3750 0.0000
vt 0.4062 0.2500 0.0000
vt 0.4375 0.2500 0.0000
vt 0.3437 0.1250 0.0000
vt 0.3750 0.1250 0.0000
vt 0.2812 -0.0000 0.0000
vt 0.5313 0.3750 0.0000
vt 0.5625 0.3750 0.0000
vt 0.5938 0.2500 0.0000
vt 0.6250 0.1875 0.0000
vt 0.6563 0.0625 0.0000
vt 0.6875 -0.0000 0.0000
vt 0.7188 -0.0000 0.0000
vt 0.4688 0.3125 0.0000
vt 0.5000 0.3125 0.0000
vt 0.4062 0.1875 0.0000
vt 0.4375 0.1875 0.0000
vt 0.3437 0.0625 0.0000
vt 0.3750 0.0625 0.0000
vt 0.3125 -0.0000 0.0000
vt 0.5313 0.3125 0.0000
vt 0.5625 0.3125 0.0000
vt 0.5938 0.1875 0.0000
vt 0.6250 0.1250 0.0000
vt 0.6563 -0.0000 0.0000
vt 0.4688 0.2500 0.0000
vt 0.5000 0.2500 0.0000
vt 0.4062 0.1250 0.0000
vt 0.4375 0.1250 0.0000
vt 0.3437 -0.0000 0.0000
vt 0.5313 0.2500 0.0000
vt 0.5625 0.2500 0.0000
vt 0.5938 0.1250 0.0000
vt 0.6250 0.0625 0.0000
vt 0.6250 -0.0000 0.0000
vt 0.4688 0.1875 0.0000
vt 0.5000 0.1875 0.0000
vt 0.4062 0.0625 0.0000
vt 0.4375 0.0625 0.0000
vt 0.3750 -0.0000 0.0000
vt 0.5313 0.1875 0.0000
vt 0.5625 0.1875 0.0000
vt 0.5938 0.0625 0.0000
vt 0.5938 -0.0000 0.0000
vt 0.4688 0.1250 0.0000
vt 0.5000 0.1250 0.0000
vt 0.4062 -0.0000 0.0000
vt 0.5313 0.1250 0.0000
vt 0.5625 0.1250 0.0000
vt 0.5625 -0.0000 0.0000
vt 0.5625 0.0625 0.0000
vt 0.4688 0.0625 0.0000
vt 0.5000 0.0625 0.0000
vt 0.4375 -0.0000 0.0000
vt 0.5313 0.0625 0.0000
vt 0.5313 -0.0000 0.0000
vt 0.4688 -0.0000 0.0000
vt 0.5000 -0.0000 0.0000
vt 0.7556 0.0000 0.0000
vt 0.7358 0.1242 0.0000
vt 0.8679 1.0000 0.0000
vt 0.5794 0.8413 0.0000
vt 0.4405 0.2558 0.0000
vt 0.4254 0.2189 0.0000
vt 0.2444 -0.0000 0.0000
vt 0.8679 0.0000 0.0000
vt 0.7341 0.1618 0.0000
vt 0.4363 0.8727 0.0000
vt 0.5637 0.8727 0.0000
vt 0.4206 0.8413 0.0000
vt 0.7500 0.0000 1.0000
vt 0.8056 0.0000 1.0000
vt 0.8056 0.2000 1.0000
vt 0.7500 0.2000 1.0000
vt 0.8611 0.0000 1.0000
vt 0.8611 0.2000 1.0000
vt 0.9167 0.0000 1.0000
vt 0.9167 0.2000 1.0000
vt 0.9722 0.0000 1.0000
vt 0.9722 0.2000 1.0000
vt -0.0278 0.0000 1.0000
vt 0.0278 0.0000 1.0000
vt 0.0278 0.2000 1.0000
vt -0.0278 0.2000 1.0000
vt 0.0833 0.0000 1.0000
vt 0.0833 0.2000 1.0000
vt 0.1389 0.0000 1.0000
vt 0.1389 0.2000 1.0000
vt 0.1944 0.0000 1.0000
vt 0.1944 0.2000 1.0000
vt 0.2500 0.0000 1.0000
vt 0.2500 0.2000 1.0000
vt 0.3056 0.0000 1.0000
vt 0.3056 0.2000 1.0000
vt 0.3611 0.0000 1.0000
vt 0.3611 0.2000 1.0000
vt 0.4167 0.0000 1.0000
vt 0.4167 0.2000 1.0000
vt 0.4722 0.0000 1.0000
vt 0.4722 0.2000 1.0000
vt 0.5278 0.0000 1.0000
vt 0.5278 0.2000 1.0000
vt 0.5833 0.0000 1.0000
vt 0.5833 0.2000 1.0000
vt 0.6389 0.0000 1.0000
vt 0.6389 0.2000 1.0000
vt 0.6944 0.0000 1.0000
vt 0.6944 0.2000 1.0000
vt 0.8056 0.4000 1.0000
vt 0.7500 0.4000 1.0000
vt 0.8611 0.4000 1.0000
vt 0.9167 0.4000 1.0000
vt 0.9722 0.4000 1.0000
vt 0.0278 0.4000 1.0000
vt -0.0278 0.4000 1.0000
vt 0.0833 0.4000 1.0000
vt 0.1389 0.4000 1.0000
vt 0.1944 0.4000 1.0000
vt 0.2500 0.4000 1.0000
vt 0.3056 0.4000 1.0000
vt 0.3611 0.4000 1.0000
vt 0.4167 0.4000 1.0000
vt 0.4722 0.4000 1.0000
vt 0.5278 0.4000 1.0000
vt 0.5833 0.4000 1.0000
vt 0.6389 0.4000 1.0000
vt 0.6944 0.4000 1.0000
vt 0.8056 0.6000 1.0000
vt 0.7500 0.6000 1.0000
vt 0.8611 0.6000 1.0000
vt 0.9167 0.6000 1.0000
vt 0.9722 0.6000 1.0000
vt 0.0278 0.6000 1.0000
vt -0.0278 0.6000 1.0000
vt 0.0833 0.6000 1.0000
vt 0.1389 0.6000 1.0000
vt 0.1944 0.6000 1.0000
vt 0.2500 0.6000 1.0000
vt 0.3056 0.6000 1.0000
vt 0.3611 0.6000 1.0000
vt 0.4167 0.6000 1.0000
vt 0.4722 0.6000 1.0000
vt 0.5278 0.6000 1.0000
vt 0.5833 0.6000 1.0000
vt 0.6389 0.6000 1.0000
vt 0.6944 0.6000 1.0000
vt 0.8056 0.8000 1.0000
vt 0.7500 0.8000 1.0000
vt 0.8611 0.8000 1.0000
vt 0.9167 0.8000 1.0000
vt 0.9722 0.8000 1.0000
vt 0.0278 0.8000 1.0000
vt -0.0278 0.8000 1.0000
vt 0.0833 0.8000 1.0000
vt 0.1389 0.8000 1.0000
vt 0.1944 0.8000 1.0000
vt 0.2500 0.8000 1.0000
vt 0.3056 0.8000 1.0000
vt 0.3611 0.8000 1.0000
vt 0.4167 0.8000 1.0000
vt 0.4722 0.8000 1.0000
vt 0.5278 0.8000 1.0000
vt 0.5833 0.8000 1.0000
vt 0.6389 0.8000 1.0000
vt 0.6944 0.8000 1.0000
vt 0.8056 1.0000 1.0000
vt 0.7500 1.0000 1.0000
vt 0.8611 1.0000 1.0000
vt 0.9167 1.0000 1.0000
vt 0.9722 1.0000 1.0000
vt 0.0278 1.0000 1.0000
vt -0.0278 1.0000 1.0000
vt 0.0833 1.0000 1.0000
vt 0.1389 1.0000 1.0000
vt 0.1944 1.0000 1.0000
vt 0.2500 1.0000 1.0000
vt 0.3056 1.0000 1.0000
vt 0.3611 1.0000 1.0000
vt 0.4167 1.0000 1.0000
vt 0.4722 1.0000 1.0000
vt 0.5278 1.0000 1.0000
vt 0.5833 1.0000 1.0000
vt 0.6389 1.0000 1.0000
vt 0.6944 1.0000 1.0000
vt 0.9708 1.0000 0.8794
vt 0.0278 1.0000 -1.0000
vt 0.0292 1.0000 -0.8794
vt 0.9126 1.0000 0.6527
vt 0.8047 1.0000 0.3473
vt 0.6600 1.0000 0.0000
vt 0.4960 1.0000 -0.3473
vt 0.3325 1.0000 -0.6527
vt 0.1891 1.0000 -0.8794
vt 0.0833 1.0000 -1.0000
vt 0.0874 1.0000 -0.6527
vt 0.1953 1.0000 -0.3473
vt 0.5438 1.0000 0.1178
vt 0.5241 0.0000 0.0623
vt 0.3400 0.0000 -0.0000
vt 0.1953 0.0000 -0.3473
vt 0.0874 0.0000 -0.6527
vt 0.0292 0.0000 -0.8794
vt 0.0278 0.0000 -1.0000
vt 0.0833 0.0000 -1.0000
vt 0.1891 0.0000 -0.8794
vt 0.3325 0.0000 -0.6527
vt 0.4960 0.0000 -0.3473
vt 0.6600 0.0000 0.0000
vt 0.8047 0.0000 0.3473
vt 0.9126 0.0000 0.6527
vt 0.9708 0.0000 0.8794
vt 0.6600 1.0000 -0.0000
# 851 texture coords

o Sphere001
g Sphere001
usemtl wire_131037009
s 1
f 1/1/1 2/2/2 3/3/3 
f 1/4/1 3/3/3 4/5/4 
f 1/6/1 5/7/5 2/8/2 
f 6/2/6 7/3/7 3/3/3 2/2/2 
f 1/9/1 4/5/4 8/10/8 
f 7/3/7 9/5/9 4/5/4 3/3/3 
f 1/11/1 10/12/10 5/7/5 
f 11/7/11 6/8/6 2/8/2 5/7/5 
f 12/2/12 13/3/13 7/3/7 6/2/6 
f 1/13/1 8/10/8 14/14/14 
f 9/5/9 15/10/15 8/10/8 4/5/4 
f 13/3/13 16/5/16 9/5/9 7/3/7 
f 1/15/1 17/16/17 10/12/10 
f 18/12/18 11/7/11 5/7/5 10/12/10 
f 19/7/19 12/8/12 6/8/6 11/7/11 
s off
f 13/3/13 12/2/12 20/2/20 21/3/21 
s 1
f 1/17/1 14/14/14 22/18/22 
f 15/10/15 23/14/23 14/14/14 8/10/8 
f 16/5/16 24/10/24 15/10/15 9/5/9 
f 13/3/13 25/19/25 26/20/26 16/5/16 
f 1/21/1 27/22/27 17/16/17 
f 28/16/28 18/12/18 10/12/10 17/16/17 
f 29/12/29 19/7/19 11/7/11 18/12/18 
f 19/7/19 30/23/30 31/24/31 12/8/12 
s 2
f 25/19/25 13/3/13 21/3/21 
f 12/2/12 32/25/32 20/2/20 
s 1
f 20/2/20 32/25/32 33/19/33 21/3/21 
f 1/26/1 22/18/22 34/27/34 
f 23/14/23 35/18/35 22/18/22 14/14/14 
f 24/10/24 36/14/36 23/14/23 15/10/15 
s off
f 24/10/24 16/5/16 37/5/37 38/10/38 
s 1
f 25/19/25 39/28/39 40/29/40 26/20/26 
s 2
f 16/5/16 26/20/26 41/20/41 
s 1
f 1/30/1 42/31/42 27/22/27 
f 43/22/43 28/16/28 17/16/17 27/22/27 
f 44/16/44 29/12/29 18/12/18 28/16/28 
s off
f 19/7/19 29/12/29 45/12/45 46/7/46 
s 2
f 30/23/30 19/7/19 46/7/46 
s 1
f 30/23/30 47/32/47 48/33/48 31/24/31 
s 2
f 12/2/12 31/25/31 32/25/32 
f 25/19/25 21/3/21 33/19/33 
s 1
f 32/25/32 49/34/49 50/28/50 33/19/33 
f 1/35/1 34/27/34 51/36/51 
f 35/18/35 52/27/52 34/27/34 22/18/22 
f 36/14/36 53/18/53 35/18/35 23/14/23 
f 24/10/24 54/37/54 55/38/55 36/14/36 
s 2
f 54/37/54 24/10/24 38/10/38 
f 16/5/16 41/20/41 37/5/37 
s 1
f 37/5/37 41/20/41 56/37/56 38/10/38 
s 2
f 39/28/39 25/19/25 33/19/33 50/28/50 
s 1
f 39/28/39 57/39/57 58/40/58 40/29/40 
s 2
f 26/20/26 40/29/40 59/29/59 41/20/41 
s 1
f 1/41/1 60/42/60 42/31/42 
f 61/31/61 43/22/43 27/22/27 42/31/42 
f 62/22/62 44/16/44 28/16/28 43/22/43 
f 44/16/44 63/43/63 64/44/64 29/12/29 
s 2
f 29/12/29 65/44/65 45/12/45 
s 1
f 45/12/45 65/44/65 66/23/66 46/7/46 
s 2
f 30/23/30 46/7/46 66/23/66 
f 47/32/47 30/23/30 66/23/66 67/32/67 
s 1
f 47/32/47 68/45/68 69/46/69 48/33/48 
s 2
f 31/25/31 48/34/48 49/34/49 32/25/32 
s 1
f 49/34/49 70/47/70 71/39/71 50/28/50 
f 1/48/1 51/36/51 72/49/72 
f 52/27/52 73/36/73 51/36/51 34/27/34 
f 53/18/53 74/27/74 52/27/52 35/18/35 
s off
f 53/18/53 36/14/36 75/14/75 76/18/76 
s 1
f 54/37/54 77/50/77 78/51/78 55/38/55 
s 2
f 36/14/36 55/38/55 79/38/79 
f 54/37/54 38/10/38 56/37/56 
s 1
f 41/20/41 59/29/59 80/50/80 56/37/56 
s 2
f 57/39/57 39/28/39 50/28/50 71/39/71 
s 1
f 57/39/57 81/52/81 82/53/82 58/40/58 
s 2
f 40/29/40 58/40/58 83/40/83 59/29/59 
s 1
f 1/54/1 84/55/84 60/42/60 
f 85/42/85 61/31/61 42/31/42 60/42/60 
f 86/31/86 62/22/62 43/22/43 61/31/61 
s off
f 44/16/44 62/22/62 87/22/87 88/16/88 
s 2
f 63/43/63 44/16/44 88/16/88 
s 1
f 63/43/63 89/56/89 90/57/90 64/44/64 
s 2
f 29/12/29 64/44/64 65/44/65 
s 1
f 65/44/65 91/57/91 67/32/67 66/23/66 
s 2
f 68/45/68 47/32/47 67/32/67 92/45/92 
s 1
f 68/45/68 93/58/93 94/59/94 69/46/69 
s 2
f 48/34/48 69/47/69 70/47/70 49/34/49 
s 1
f 70/47/70 95/60/95 96/52/96 71/39/71 
f 1/61/1 72/49/72 97/62/97 
f 73/36/73 98/49/98 72/49/72 51/36/51 
f 74/27/74 99/36/99 73/36/73 52/27/52 
f 53/18/53 100/63/100 101/64/101 74/27/74 
s 2
f 100/63/100 53/18/53 76/18/76 
f 36/14/36 79/38/79 75/14/75 
s 1
f 75/14/75 79/38/79 102/63/102 76/18/76 
s 2
f 77/50/77 54/37/54 56/37/56 80/50/80 
s 1
f 77/50/77 103/65/103 104/66/104 78/51/78 
s 2
f 55/38/55 78/51/78 105/51/105 79/38/79 
s 1
f 59/29/59 83/40/83 106/65/106 80/50/80 
s 2
f 81/52/81 57/39/57 71/39/71 96/52/96 
s 1
f 81/52/81 107/67/107 108/68/108 82/53/82 
s 2
f 58/40/58 82/53/82 109/53/109 83/40/83 
s 1
f 1/69/1 110/70/110 84/55/84 
f 111/55/111 85/42/85 60/42/60 84/55/84 
f 112/42/112 86/31/86 61/31/61 85/42/85 
f 86/31/86 113/71/113 114/72/114 62/22/62 
s 2
f 62/22/62 115/72/115 87/22/87 
s 1
f 87/22/87 115/72/115 116/43/116 88/16/88 
s 2
f 63/43/63 88/16/88 116/43/116 
f 89/56/89 63/43/63 116/43/116 117/56/117 
s 1
f 89/56/89 118/73/118 119/74/119 90/57/90 
s 2
f 64/44/64 90/57/90 91/57/91 65/44/65 
s 1
f 91/57/91 120/74/120 92/45/92 67/32/67 
s 2
f 93/58/93 68/45/68 92/45/92 121/58/121 
s 1
f 93/58/93 122/75/122 123/76/123 94/59/94 
s 2
f 69/47/69 94/60/94 95/60/95 70/47/70 
s 1
f 95/60/95 124/77/124 125/67/125 96/52/96 
f 1/78/1 97/62/97 126/79/126 
f 98/49/98 127/62/127 97/62/97 72/49/72 
f 99/36/99 128/49/128 98/49/98 73/36/73 
s off
f 99/36/99 74/27/74 129/27/129 130/36/130 
s 1
f 100/63/100 131/80/131 132/81/132 101/64/101 
s 2
f 74/27/74 101/64/101 133/64/133 
f 100/63/100 76/18/76 102/63/102 
s 1
f 79/38/79 105/51/105 134/80/134 102/63/102 
s 2
f 103/65/103 77/50/77 80/50/80 106/65/106 
s 1
f 103/65/103 135/82/135 136/83/136 104/66/104 
s 2
f 78/51/78 104/66/104 137/66/137 105/51/105 
s 1
f 83/40/83 109/53/109 138/82/138 106/65/106 
s 2
f 107/67/107 81/52/81 96/52/96 125/67/125 
s 1
f 107/67/107 139/84/139 140/85/140 108/68/108 
s 2
f 82/53/82 108/68/108 141/68/141 109/53/109 
s 1
f 1/86/1 142/87/142 110/70/110 
f 143/70/143 111/55/111 84/55/84 110/70/110 
f 144/55/144 112/42/112 85/42/85 111/55/111 
s off
f 86/31/86 112/42/112 145/42/145 146/31/146 
s 2
f 113/71/113 86/31/86 146/31/146 
s 1
f 113/71/113 147/88/147 148/89/148 114/72/114 
s 2
f 62/22/62 114/72/114 115/72/115 
s 1
f 115/72/115 149/89/149 117/56/117 116/43/116 
s 2
f 118/73/118 89/56/89 117/56/117 150/73/150 
s 1
f 118/73/118 151/90/151 152/91/152 119/74/119 
s 2
f 90/57/90 119/74/119 120/74/120 91/57/91 
s 1
f 120/74/120 153/91/153 121/58/121 92/45/92 
s 2
f 122/75/122 93/58/93 121/58/121 154/75/154 
s 1
f 122/75/122 155/92/155 156/93/156 123/76/123 
s 2
f 94/60/94 123/77/123 124/77/124 95/60/95 
s 1
f 124/77/124 157/94/157 158/84/158 125/67/125 
f 1/95/1 126/79/126 159/96/159 
f 127/62/127 160/79/160 126/79/126 97/62/97 
f 128/49/128 161/62/161 127/62/127 98/49/98 
f 99/36/99 162/97/162 163/98/163 128/49/128 
s 2
f 162/97/162 99/36/99 130/36/130 
f 74/27/74 133/64/133 129/27/129 
s 1
f 129/27/129 133/64/133 164/97/164 130/36/130 
s 2
f 131/80/131 100/63/100 102/63/102 134/80/134 
s 1
f 131/80/131 165/99/165 166/100/166 132/81/132 
s 2
f 101/64/101 132/81/132 167/81/167 133/64/133 
s 1
f 105/51/105 137/66/137 168/99/168 134/80/134 
s 2
f 135/82/135 103/65/103 106/65/106 138/82/138 
s 1
f 135/82/135 169/101/169 170/102/170 136/83/136 
s 2
f 104/66/104 136/83/136 171/83/171 137/66/137 
s 1
f 109/53/109 141/68/141 172/101/172 138/82/138 
s 2
f 139/84/139 107/67/107 125/67/125 158/84/158 
s 1
f 139/84/139 173/103/173 174/104/174 140/85/140 
s 2
f 108/68/108 140/85/140 175/85/175 141/68/141 
s 1
f 1/105/1 176/106/176 142/87/142 
f 177/87/177 143/70/143 110/70/110 142/87/142 
f 178/70/178 144/55/144 111/55/111 143/70/143 
f 144/55/144 179/107/179 180/108/180 112/42/112 
s 2
f 112/42/112 181/108/181 145/42/145 
s 1
f 145/42/145 181/108/181 182/71/182 146/31/146 
s 2
f 113/71/113 146/31/146 182/71/182 
f 147/88/147 113/71/113 182/71/182 183/88/183 
s 1
f 147/88/147 184/109/184 185/110/185 148/89/148 
s 2
f 114/72/114 148/89/148 149/89/149 115/72/115 
s 1
f 149/89/149 186/110/186 150/73/150 117/56/117 
s 2
f 151/90/151 118/73/118 150/73/150 187/90/187 
s 1
f 151/90/151 188/111/188 189/112/189 152/91/152 
s 2
f 119/74/119 152/91/152 153/91/153 120/74/120 
s 1
f 153/91/153 190/112/190 154/75/154 121/58/121 
s 2
f 155/92/155 122/75/122 154/75/154 191/92/191 
s 1
f 155/92/155 192/113/192 193/114/193 156/93/156 
s 2
f 123/77/123 156/94/156 157/94/157 124/77/124 
s 1
f 157/94/157 194/115/194 195/103/195 158/84/158 
f 1/116/1 159/96/159 196/117/196 
f 160/79/160 197/96/197 159/96/159 126/79/126 
f 161/62/161 198/79/198 160/79/160 127/62/127 
s off
f 161/62/161 128/49/128 199/49/199 200/62/200 
s 1
f 162/97/162 201/118/201 202/119/202 163/98/163 
s 2
f 128/49/128 163/98/163 203/98/203 
f 162/97/162 130/36/130 164/97/164 
s 1
f 133/64/133 167/81/167 204/118/204 164/97/164 
s 2
f 165/99/165 131/80/131 134/80/134 168/99/168 
s 1
f 165/99/165 205/120/205 206/121/206 166/100/166 
s 2
f 132/81/132 166/100/166 207/100/207 167/81/167 
s 1
f 137/66/137 171/83/171 208/120/208 168/99/168 
s 2
f 169/101/169 135/82/135 138/82/138 172/101/172 
s 1
f 169/101/169 209/122/209 210/123/210 170/102/170 
s 2
f 136/83/136 170/102/170 211/102/211 171/83/171 
s 1
f 141/68/141 175/85/175 212/122/212 172/101/172 
s 2
f 173/103/173 139/84/139 158/84/158 195/103/195 
s 1
f 173/103/173 213/124/213 214/125/214 174/104/174 
s 2
f 140/85/140 174/104/174 215/104/215 175/85/175 
s 1
f 1/126/1 216/127/216 176/106/176 
f 217/106/217 177/87/177 142/87/142 176/106/176 
f 218/87/218 178/70/178 143/70/143 177/87/177 
f 178/70/178 219/128/219 179/107/179 144/55/144 
f 179/107/179 220/129/220 221/130/221 180/108/180 
s 2
f 112/42/112 180/108/180 181/108/181 
s 1
f 181/108/181 222/130/222 183/88/183 182/71/182 
s 2
f 184/109/184 147/88/147 183/88/183 223/109/223 
s 1
f 184/109/184 224/131/224 225/132/225 185/110/185 
s 2
f 148/89/148 185/110/185 186/110/186 149/89/149 
s 1
f 186/110/186 226/132/226 187/90/187 150/73/150 
s 2
f 188/111/188 151/90/151 187/90/187 227/111/227 
s 1
f 188/111/188 228/133/228 229/134/229 189/112/189 
s 2
f 152/91/152 189/112/189 190/112/190 153/91/153 
s 1
f 190/112/190 230/134/230 191/92/191 154/75/154 
s 2
f 192/113/192 155/92/155 191/92/191 231/113/231 
s 1
f 192/113/192 232/135/232 233/136/233 193/114/193 
s 2
f 156/94/156 193/115/193 194/115/194 157/94/157 
s 1
f 194/115/194 234/137/234 235/124/235 195/103/195 
f 1/138/1 196/117/196 236/139/236 
f 197/96/197 237/117/237 196/117/196 159/96/159 
f 198/79/198 238/96/238 197/96/197 160/79/160 
f 161/62/161 239/140/239 240/141/240 198/79/198 
s 2
f 239/140/239 161/62/161 200/62/200 
f 128/49/128 203/98/203 199/49/199 
s 1
f 199/49/199 203/98/203 241/140/241 200/62/200 
s 2
f 201/118/201 162/97/162 164/97/164 204/118/204 
s 1
f 201/118/201 242/142/242 243/143/243 202/119/202 
s 2
f 163/98/163 202/119/202 244/119/244 203/98/203 
s 1
f 167/81/167 207/100/207 245/142/245 204/118/204 
s 2
f 205/120/205 165/99/165 168/99/168 208/120/208 
s 1
f 205/120/205 246/144/246 247/145/247 206/121/206 
s 2
f 166/100/166 206/121/206 248/121/248 207/100/207 
s 1
f 171/83/171 211/102/211 249/144/249 208/120/208 
s 2
f 209/122/209 169/101/169 172/101/172 212/122/212 
s 1
f 209/122/209 250/146/250 251/147/251 210/123/210 
s 2
f 170/102/170 210/123/210 252/123/252 211/102/211 
s 1
f 175/85/175 215/104/215 253/146/253 212/122/212 
s 2
f 213/124/213 173/103/173 195/103/195 235/124/235 
s 1
f 213/124/213 254/148/254 255/149/255 214/125/214 
s 2
f 174/104/174 214/125/214 256/125/256 215/104/215 
s 1
f 1/150/1 257/151/257 216/127/216 
f 258/127/258 217/106/217 176/106/176 216/127/216 
f 259/106/259 218/87/218 177/87/177 217/106/217 
f 218/87/218 260/152/260 219/128/219 178/70/178 
f 219/128/219 261/153/261 220/129/220 179/107/179 
f 220/129/220 262/154/262 263/155/263 221/130/221 
s 2
f 180/108/180 221/130/221 222/130/222 181/108/181 
s 1
f 222/130/222 264/155/264 223/109/223 183/88/183 
s 2
f 224/131/224 184/109/184 223/109/223 265/131/265 
s 1
f 224/131/224 266/156/266 267/157/267 225/132/225 
s 2
f 185/110/185 225/132/225 226/132/226 186/110/186 
s 1
f 226/132/226 268/157/268 227/111/227 187/90/187 
s 2
f 228/133/228 188/111/188 227/111/227 269/133/269 
s 1
f 228/133/228 270/158/270 271/159/271 229/134/229 
s 2
f 189/112/189 229/134/229 230/134/230 190/112/190 
s 1
f 230/134/230 272/159/272 231/113/231 191/92/191 
s 2
f 232/135/232 192/113/192 231/113/231 273/135/273 
s 1
f 232/135/232 274/160/274 275/161/275 233/136/233 
s 2
f 193/115/193 233/137/233 234/137/234 194/115/194 
s 1
f 234/137/234 276/162/276 277/148/277 235/124/235 
f 1/163/1 236/139/236 278/164/278 
f 237/117/237 279/139/279 236/139/236 196/117/196 
f 238/96/238 280/117/280 237/117/237 197/96/197 
s off
f 238/96/238 198/79/198 281/79/281 282/96/282 
s 1
f 239/140/239 283/165/283 284/166/284 240/141/240 
s 2
f 198/79/198 240/141/240 285/141/285 
f 239/140/239 200/62/200 241/140/241 
s 1
f 203/98/203 244/119/244 286/165/286 241/140/241 
s 2
f 242/142/242 201/118/201 204/118/204 245/142/245 
s 1
f 242/142/242 287/167/287 288/168/288 243/143/243 
s 2
f 202/119/202 243/143/243 289/143/289 244/119/244 
s 1
f 207/100/207 248/121/248 290/167/290 245/142/245 
s 2
f 246/144/246 205/120/205 208/120/208 249/144/249 
s 1
f 246/144/246 291/169/291 292/170/292 247/145/247 
s 2
f 206/121/206 247/145/247 293/145/293 248/121/248 
s 1
f 211/102/211 252/123/252 294/169/294 249/144/249 
s 2
f 250/146/250 209/122/209 212/122/212 253/146/253 
s 1
f 250/146/250 295/171/295 296/172/296 251/147/251 
s 2
f 210/123/210 251/147/251 297/147/297 252/123/252 
s 1
f 215/104/215 256/125/256 298/171/298 253/146/253 
s 2
f 254/148/254 213/124/213 235/124/235 277/148/277 
s 1
f 254/148/254 299/173/299 300/174/300 255/149/255 
s 2
f 214/125/214 255/149/255 301/149/301 256/125/256 
s 1
f 1/175/1 302/176/302 257/151/257 
f 303/151/303 258/127/258 216/127/216 257/151/257 
f 304/127/304 259/106/259 217/106/217 258/127/258 
f 259/106/259 305/177/305 260/152/260 218/87/218 
f 260/152/260 306/178/306 261/153/261 219/128/219 
f 261/153/261 307/179/307 262/154/262 220/129/220 
f 308/180/308 309/181/309 310/182/310 263/155/263 262/154/262 311/183/311 
s 2
f 221/130/221 263/155/263 264/155/264 222/130/222 
s 1
f 264/155/264 312/182/312 265/131/265 223/109/223 
s 2
f 266/156/266 224/131/224 265/131/265 313/156/313 
s 1
f 266/156/266 314/184/314 315/185/315 267/157/267 
s 2
f 225/132/225 267/157/267 268/157/268 226/132/226 
s 1
f 268/157/268 316/185/316 269/133/269 227/111/227 
s 2
f 270/158/270 228/133/228 269/133/269 317/158/317 
s 1
f 270/158/270 318/186/318 319/187/319 271/159/271 
s 2
f 229/134/229 271/159/271 272/159/272 230/134/230 
s 1
f 272/159/272 320/187/320 273/135/273 231/113/231 
s 2
f 274/160/274 232/135/232 273/135/273 321/160/321 
s 1
f 274/160/274 322/188/322 323/189/323 275/161/275 
s 2
f 233/137/233 275/162/275 276/162/276 234/137/234 
s 1
f 276/162/276 324/190/324 325/173/325 277/148/277 
f 1/191/1 278/164/278 326/192/326 
f 279/139/279 327/164/327 278/164/278 236/139/236 
f 280/117/280 328/139/328 279/139/279 237/117/237 
f 238/96/238 329/193/329 330/194/330 280/117/280 
s 2
f 329/193/329 238/96/238 282/96/282 
f 198/79/198 285/141/285 281/79/281 
s 1
f 281/79/281 285/141/285 331/193/331 282/96/282 
s 2
f 283/165/283 239/140/239 241/140/241 286/165/286 
s 1
f 283/165/283 332/195/332 333/196/333 284/166/284 
s 2
f 240/141/240 284/166/284 334/166/334 285/141/285 
s 1
f 244/119/244 289/143/289 335/195/335 286/165/286 
s 2
f 287/167/287 242/142/242 245/142/245 290/167/290 
s 1
f 287/167/287 336/197/336 337/198/337 288/168/288 
s 2
f 243/143/243 288/168/288 338/168/338 289/143/289 
s 1
f 248/121/248 293/145/293 339/197/339 290/167/290 
s 2
f 291/169/291 246/144/246 249/144/249 294/169/294 
s 1
f 291/169/291 340/199/340 341/200/341 292/170/292 
s 2
f 247/145/247 292/170/292 342/170/342 293/145/293 
s 1
f 252/123/252 297/147/297 343/199/343 294/169/294 
s 2
f 295/171/295 250/146/250 253/146/253 298/171/298 
s 1
f 295/171/295 344/201/344 345/202/345 296/172/296 
s 2
f 251/147/251 296/172/296 346/172/346 297/147/297 
s 1
f 256/125/256 301/149/301 347/201/347 298/171/298 
s 2
f 299/173/299 254/148/254 277/148/277 325/173/325 
s 1
f 299/173/299 348/203/348 349/204/349 300/174/300 
s 2
f 255/149/255 300/174/300 350/174/350 301/149/301 
s 1
f 1/205/1 351/206/351 302/176/302 
f 352/176/352 303/151/303 257/151/257 302/176/302 
f 353/151/353 304/127/304 258/127/258 303/151/303 
f 304/127/304 354/207/354 305/177/305 259/106/259 
f 305/177/305 355/208/355 306/178/306 260/152/260 
f 306/178/306 356/209/356 307/179/307 261/153/261 
f 357/210/357 311/183/311 262/154/262 307/179/307 358/211/358 359/212/359 
s 2
f 308/213/308 311/214/311 360/214/360 361/213/361 
s 4096
f 362/215/362 309/216/309 308/217/308 363/218/363 
s 1
f 362/219/362 364/220/364 365/221/365 366/222/366 310/182/310 309/181/309 
s 2
f 263/155/263 310/182/310 312/182/312 264/155/264 
s 1
f 312/182/312 367/222/367 313/156/313 265/131/265 
s 2
f 314/184/314 266/156/266 313/156/313 368/184/368 
s 1
f 314/184/314 369/223/369 370/224/370 315/185/315 
s 2
f 267/157/267 315/185/315 316/185/316 268/157/268 
s 1
f 316/185/316 371/224/371 317/158/317 269/133/269 
s 2
f 318/186/318 270/158/270 317/158/317 372/186/372 
s 1
f 318/186/318 373/225/373 374/226/374 319/187/319 
s 2
f 271/159/271 319/187/319 320/187/320 272/159/272 
s 1
f 320/187/320 375/226/375 321/160/321 273/135/273 
s 2
f 322/188/322 274/160/274 321/160/321 376/188/376 
s 1
f 322/188/322 377/227/377 378/228/378 323/189/323 
s 2
f 275/162/275 323/190/323 324/190/324 276/162/276 
s 1
f 324/190/324 379/229/379 380/203/380 325/173/325 
f 1/230/1 326/192/326 381/231/381 
f 327/164/327 382/192/382 326/192/326 278/164/278 
f 328/139/328 383/164/383 327/164/327 279/139/279 
s off
f 328/139/328 280/117/280 384/117/384 385/139/385 
s 1
f 329/193/329 386/232/386 387/233/387 330/194/330 
s 2
f 280/117/280 330/194/330 388/194/388 
f 329/193/329 282/96/282 331/193/331 
s 1
f 285/141/285 334/166/334 389/232/389 331/193/331 
s 2
f 332/195/332 283/165/283 286/165/286 335/195/335 
s 1
f 332/195/332 390/234/390 391/235/391 333/196/333 
s 2
f 284/166/284 333/196/333 392/196/392 334/166/334 
s 1
f 289/143/289 338/168/338 393/234/393 335/195/335 
s 2
f 336/197/336 287/167/287 290/167/290 339/197/339 
s 1
f 336/197/336 394/236/394 395/237/395 337/198/337 
s 2
f 288/168/288 337/198/337 396/198/396 338/168/338 
s 1
f 293/145/293 342/170/342 397/236/397 339/197/339 
s 2
f 340/199/340 291/169/291 294/169/294 343/199/343 
s 1
f 340/199/340 398/238/398 399/239/399 341/200/341 
s 2
f 292/170/292 341/200/341 400/200/400 342/170/342 
s 1
f 297/147/297 346/172/346 401/238/401 343/199/343 
s 2
f 344/201/344 295/171/295 298/171/298 347/201/347 
s 1
f 344/201/344 402/240/402 403/241/403 345/202/345 
s 2
f 296/172/296 345/202/345 404/202/404 346/172/346 
s 1
f 301/149/301 350/174/350 405/240/405 347/201/347 
s 2
f 348/203/348 299/173/299 325/173/325 380/203/380 
s 1
f 348/203/348 406/242/406 407/243/407 349/204/349 
s 2
f 300/174/300 349/204/349 408/204/408 350/174/350 
s 1
f 1/244/1 409/245/409 351/206/351 
f 410/206/410 352/176/352 302/176/302 351/206/351 
f 411/176/411 353/151/353 303/151/303 352/176/352 
s off
f 304/127/304 353/151/353 412/151/412 413/127/413 
s 2
f 354/207/354 304/127/304 413/127/413 
s 1
f 354/207/354 414/246/414 355/208/355 305/177/305 
f 355/208/355 415/247/415 356/209/356 306/178/306 
f 356/209/356 416/248/416 358/211/358 307/179/307 
s 1024
f 417/249/417 357/250/357 359/251/359 418/252/418 
s 2
f 311/214/311 357/253/357 419/253/419 360/214/360 
s 1
f 418/254/418 359/212/359 358/211/358 420/255/420 421/256/421 422/257/422 365/221/365 364/220/364 
s off
f 363/249/363 308/213/308 361/213/361 423/249/423 
s 8192
f 423/249/423 361/213/361 360/214/360 419/253/419 424/218/424 
s 256
f 417/218/417 418/258/418 364/259/364 362/260/362 363/261/363 
s 1
f 425/262/425 426/263/426 366/222/366 365/221/365 427/264/427 428/265/428 
s 2
f 310/182/310 366/222/366 367/222/367 312/182/312 
s 1
f 429/266/429 430/267/430 368/184/368 313/156/313 367/222/367 431/268/431 
s 2
f 369/223/369 314/184/314 368/184/368 432/223/432 
s 1
f 369/223/369 433/269/433 434/270/434 370/224/370 
s 2
f 315/185/315 370/224/370 371/224/371 316/185/316 
s 1
f 371/224/371 435/270/435 372/186/372 317/158/317 
s 2
f 373/225/373 318/186/318 372/186/372 436/225/436 
s 1
f 373/225/373 437/271/437 438/272/438 374/226/374 
s 2
f 319/187/319 374/226/374 375/226/375 320/187/320 
s 1
f 375/226/375 439/272/439 376/188/376 321/160/321 
s 2
f 377/227/377 322/188/322 376/188/376 440/227/440 
s 1
f 377/227/377 441/273/441 442/274/442 378/228/378 
s 2
f 323/190/323 378/229/378 379/229/379 324/190/324 
s 1
f 379/229/379 443/275/443 444/242/444 380/203/380 
f 1/276/1 381/231/381 409/245/409 
f 382/192/382 445/231/445 381/231/381 326/192/326 
f 383/164/383 446/192/446 382/192/382 327/164/327 
f 328/139/328 447/277/447 448/278/448 383/164/383 
s 2
f 447/277/447 328/139/328 385/139/385 
f 280/117/280 388/194/388 384/117/384 
s 1
f 384/117/384 388/194/388 449/277/449 385/139/385 
s 2
f 386/232/386 329/193/329 331/193/331 389/232/389 
s 1
f 386/232/386 450/279/450 451/280/451 387/233/387 
s 2
f 330/194/330 387/233/387 452/233/452 388/194/388 
s 1
f 334/166/334 392/196/392 453/279/453 389/232/389 
s 2
f 390/234/390 332/195/332 335/195/335 393/234/393 
s 1
f 390/234/390 454/281/454 455/282/455 391/235/391 
s 2
f 333/196/333 391/235/391 456/235/456 392/196/392 
s 1
f 338/168/338 396/198/396 457/281/457 393/234/393 
s 2
f 394/236/394 336/197/336 339/197/339 397/236/397 
s 1
f 394/236/394 458/283/458 459/284/459 395/237/395 
s 2
f 337/198/337 395/237/395 460/237/460 396/198/396 
s 1
f 342/170/342 400/200/400 461/283/461 397/236/397 
s 2
f 398/238/398 340/199/340 343/199/343 401/238/401 
s 1
f 398/238/398 462/285/462 463/286/463 399/239/399 
s 2
f 341/200/341 399/239/399 464/239/464 400/200/400 
s 1
f 346/172/346 404/202/404 465/285/465 401/238/401 
s 2
f 402/240/402 344/201/344 347/201/347 405/240/405 
s 1
f 402/240/402 466/287/466 467/288/467 403/241/403 
s 2
f 345/202/345 403/241/403 468/241/468 404/202/404 
s 1
f 350/174/350 408/204/408 469/287/469 405/240/405 
s 2
f 406/242/406 348/203/348 380/203/380 444/242/444 
s 1
f 406/242/406 470/289/470 471/290/471 407/243/407 
s 2
f 349/204/349 407/243/407 472/243/472 408/204/408 
s 1
f 473/245/473 410/206/410 351/206/351 409/245/409 
f 474/206/474 411/176/411 352/176/352 410/206/410 
f 411/176/411 475/291/475 476/292/476 353/151/353 
s 2
f 353/151/353 477/292/477 412/151/412 
s 1
f 412/151/412 477/292/477 478/207/478 413/127/413 
s 2
f 354/207/354 413/127/413 478/207/478 
f 414/246/414 354/207/354 478/207/478 479/246/479 
s 1
f 414/246/414 480/293/480 415/247/415 355/208/355 
f 481/294/481 482/295/482 483/296/483 484/297/484 485/298/485 416/248/416 356/209/356 415/247/415 
f 486/299/486 487/300/487 488/301/488 489/302/489 490/303/490 420/255/420 358/211/358 416/248/416 491/304/491 
s off
f 357/253/357 417/218/417 424/218/424 419/253/419 
s 1
f 492/305/492 493/306/493 494/307/494 495/308/495 427/264/427 365/221/365 422/257/422 
s off
f 417/218/417 363/249/363 423/249/423 424/218/424 
f 425/309/425 428/310/428 496/311/496 497/312/497 498/313/498 499/313/499 
s 32768
f 431/314/431 426/315/426 425/309/425 499/313/499 500/1/500 429/316/429 
s 2
f 431/268/431 367/222/367 366/222/366 426/263/426 
s 1
f 427/264/427 501/317/501 496/318/496 428/265/428 
s 262144
f 502/319/502 430/320/430 429/321/429 500/261/500 503/322/503 504/323/504 505/324/505 
s 1
f 502/325/502 506/326/506 432/223/432 368/184/368 430/267/430 
s 2
f 433/269/433 369/223/369 432/223/432 507/269/507 
s 1
f 433/269/433 508/327/508 509/328/509 434/270/434 
s 2
f 370/224/370 434/270/434 435/270/435 371/224/371 
s 1
f 435/270/435 510/328/510 436/225/436 372/186/372 
s 2
f 437/271/437 373/225/373 436/225/436 511/271/511 
s 1
f 437/271/437 512/329/512 513/330/513 438/272/438 
s 2
f 374/226/374 438/272/438 439/272/439 375/226/375 
s 1
f 439/272/439 514/330/514 440/227/440 376/188/376 
s 2
f 441/273/441 377/227/377 440/227/440 515/273/515 
s 1
f 441/273/441 516/331/516 517/332/517 442/274/442 
s 2
f 378/229/378 442/275/442 443/275/443 379/229/379 
s 1
f 443/275/443 518/333/518 519/289/519 444/242/444 
f 445/231/445 473/245/473 409/245/409 381/231/381 
f 446/192/446 520/231/520 445/231/445 382/192/382 
s off
f 446/192/446 383/164/383 521/164/521 522/192/522 
s 1
f 447/277/447 523/334/523 524/335/524 448/278/448 
s 2
f 383/164/383 448/278/448 525/278/525 
f 447/277/447 385/139/385 449/277/449 
s 1
f 388/194/388 452/233/452 526/334/526 449/277/449 
s 2
f 450/279/450 386/232/386 389/232/389 453/279/453 
s 1
f 450/279/450 527/336/527 528/337/528 451/280/451 
s 2
f 387/233/387 451/280/451 529/280/529 452/233/452 
s 1
f 392/196/392 456/235/456 530/336/530 453/279/453 
s 2
f 454/281/454 390/234/390 393/234/393 457/281/457 
s 1
f 454/281/454 531/338/531 532/339/532 455/282/455 
s 2
f 391/235/391 455/282/455 533/282/533 456/235/456 
s 1
f 396/198/396 460/237/460 534/338/534 457/281/457 
s 2
f 458/283/458 394/236/394 397/236/397 461/283/461 
s 1
f 458/283/458 535/340/535 536/341/536 459/284/459 
s 2
f 395/237/395 459/284/459 537/284/537 460/237/460 
s 1
f 400/200/400 464/239/464 538/340/538 461/283/461 
s 2
f 462/285/462 398/238/398 401/238/401 465/285/465 
s 1
f 462/285/462 539/342/539 540/343/540 463/286/463 
s 2
f 399/239/399 463/286/463 541/286/541 464/239/464 
s 1
f 404/202/404 468/241/468 542/342/542 465/285/465 
s 2
f 466/287/466 402/240/402 405/240/405 469/287/469 
s 1
f 466/287/466 543/344/543 544/345/544 467/288/467 
s 2
f 403/241/403 467/288/467 545/288/545 468/241/468 
s 1
f 408/204/408 472/243/472 546/344/546 469/287/469 
s 2
f 470/289/470 406/242/406 444/242/444 519/289/519 
s 1
f 470/289/470 547/346/547 548/347/548 471/290/471 
s 2
f 407/243/407 471/290/471 549/290/549 472/243/472 
s 1
f 550/245/550 474/206/474 410/206/410 473/245/473 
s off
f 411/176/411 474/206/474 551/206/551 552/176/552 
s 2
f 475/291/475 411/176/411 552/176/552 
s 1
f 475/291/475 553/348/553 554/349/554 476/292/476 
s 2
f 353/151/353 476/292/476 477/292/477 
s 1
f 477/292/477 555/349/555 479/246/479 478/207/478 
s 2
f 480/293/480 414/246/414 479/246/479 556/293/556 
s 1
f 480/293/480 557/350/557 481/294/481 415/247/415 
f 481/294/481 558/351/558 482/295/482 
s 8
f 559/249/417 483/352/483 482/353/482 558/354/558 560/355/559 
s off
f 484/356/484 483/357/483 561/357/560 562/356/561 
s 32
f 486/358/486 491/359/491 485/360/485 484/361/484 563/218/363 
s 1
f 491/304/491 416/248/416 485/298/485 
s 128
f 559/218/417 560/362/559 564/363/562 487/364/487 486/365/486 563/261/363 
s 1
f 564/366/562 565/367/563 488/301/488 487/300/487 
f 493/306/493 492/305/492 566/368/564 567/369/565 489/302/489 488/301/488 568/370/566 
s 32768
f 569/371/567 494/372/494 493/373/493 568/374/566 570/375/568 571/376/569 
s off
f 569/371/567 572/371/570 573/377/571 574/378/572 495/379/495 494/372/494 
s 1
f 574/380/572 501/317/501 427/264/427 495/308/495 
f 501/317/501 575/381/573 497/382/497 496/318/496 
s 32768
f 498/313/498 497/312/497 575/383/573 573/377/571 572/371/570 
s off
f 499/384/499 498/385/498 576/385/574 577/384/575 
s 32768
f 500/1/500 499/384/499 577/384/575 578/1/576 
s 2
f 505/386/505 579/326/577 506/326/506 502/325/502 
s 262144
f 580/387/578 503/322/503 500/261/500 581/218/579 
s 1
f 503/388/503 580/389/578 582/390/580 583/391/581 584/392/582 579/326/577 504/393/504 
f 504/393/504 579/326/577 505/386/505 
f 506/326/506 585/392/583 507/269/507 432/223/432 
s 2
f 508/327/508 433/269/433 507/269/507 586/327/584 
s 1
f 508/327/508 587/394/585 588/395/586 509/328/509 
s 2
f 434/270/434 509/328/509 510/328/510 435/270/435 
s 1
f 510/328/510 589/395/587 511/271/511 436/225/436 
s 2
f 512/329/512 437/271/437 511/271/511 590/329/588 
s 1
f 512/329/512 591/396/589 592/397/590 513/330/513 
s 2
f 438/272/438 513/330/513 514/330/514 439/272/439 
s 1
f 514/330/514 593/397/591 515/273/515 440/227/440 
s 2
f 516/331/516 441/273/441 515/273/515 594/331/592 
s 1
f 516/331/516 595/398/593 596/399/594 517/332/517 
s 2
f 442/275/442 517/333/517 518/333/518 443/275/443 
s 1
f 518/333/518 597/400/595 598/346/596 519/289/519 
f 520/231/520 550/245/550 473/245/473 445/231/445 
f 446/192/446 599/401/597 600/402/598 520/231/520 
s 2
f 599/401/597 446/192/446 522/192/522 
f 383/164/383 525/278/525 521/164/521 
s 1
f 521/164/521 525/278/525 601/401/599 522/192/522 
s 2
f 523/334/523 447/277/447 449/277/449 526/334/526 
s 1
f 523/334/523 602/403/600 603/404/601 524/335/524 
s 2
f 448/278/448 524/335/524 604/335/602 525/278/525 
s 1
f 452/233/452 529/280/529 605/403/603 526/334/526 
s 2
f 527/336/527 450/279/450 453/279/453 530/336/530 
s 1
f 527/336/527 606/405/604 607/406/605 528/337/528 
s 2
f 451/280/451 528/337/528 608/337/606 529/280/529 
s 1
f 456/235/456 533/282/533 609/405/607 530/336/530 
s 2
f 531/338/531 454/281/454 457/281/457 534/338/534 
s 1
f 531/338/531 610/407/608 611/408/609 532/339/532 
s 2
f 455/282/455 532/339/532 612/339/610 533/282/533 
s 1
f 460/237/460 537/284/537 613/407/611 534/338/534 
s 2
f 535/340/535 458/283/458 461/283/461 538/340/538 
s 1
f 535/340/535 614/409/612 615/410/613 536/341/536 
s 2
f 459/284/459 536/341/536 616/341/614 537/284/537 
s 1
f 464/239/464 541/286/541 617/409/615 538/340/538 
s 2
f 539/342/539 462/285/462 465/285/465 542/342/542 
s 1
f 539/342/539 618/411/616 619/412/617 540/343/540 
s 2
f 463/286/463 540/343/540 620/343/618 541/286/541 
s 1
f 468/241/468 545/288/545 621/411/619 542/342/542 
s 2
f 543/344/543 466/287/466 469/287/469 546/344/546 
s 1
f 543/344/543 622/413/620 623/414/621 544/345/544 
s 2
f 467/288/467 544/345/544 624/345/622 545/288/545 
s 1
f 472/243/472 549/290/549 625/413/623 546/344/546 
s 2
f 547/346/547 470/289/470 519/289/519 598/346/596 
s 1
f 626/415/624 548/347/548 547/346/547 
s 2
f 471/290/471 548/347/548 627/347/625 549/290/549 
s 1
f 550/245/550 628/416/626 629/417/627 474/206/474 
s 2
f 474/206/474 630/417/628 551/206/551 
s 1
f 551/206/551 630/417/628 631/291/629 552/176/552 
s 2
f 475/291/475 552/176/552 631/291/629 
f 553/348/553 475/291/475 631/291/629 632/348/630 
s 1
f 553/348/553 633/418/631 634/419/632 554/349/554 
s 2
f 476/292/476 554/349/554 555/349/555 477/292/477 
s 1
f 555/349/555 635/419/633 556/293/556 479/246/479 
s 2
f 557/350/557 480/293/480 556/293/556 636/350/634 
s 1
f 560/420/559 558/351/558 481/294/481 557/350/557 637/421/635 565/367/563 564/366/562 
s off
f 483/357/483 559/218/417 638/218/424 561/357/560 
f 563/249/363 484/356/484 562/356/561 639/249/423 
s 64
f 562/356/561 561/357/560 638/218/424 639/249/423 
s off
f 559/218/417 563/249/363 639/249/423 638/218/424 
s 1
f 640/422/636 641/423/637 570/424/568 568/370/566 488/301/488 565/367/563 642/425/638 643/426/639 
s 32768
f 569/427/567 571/428/569 644/428/575 645/427/640 
s off
f 570/375/568 641/429/637 646/430/641 647/431/642 648/376/643 571/376/569 
f 572/432/570 569/427/567 645/427/640 649/432/644 
s 1
f 575/381/573 501/317/501 574/380/572 573/433/571 
s 32768
f 498/385/498 572/432/570 649/432/644 576/385/574 
s 524288
f 576/385/574 578/1/576 577/384/575 
s 262144
f 581/249/579 500/1/500 578/1/576 650/249/645 
s 2
f 579/326/577 584/392/582 585/392/583 506/326/506 
s 16384
f 651/218/646 652/434/647 653/435/648 654/436/649 582/437/580 580/438/578 581/261/579 
s 1
f 654/439/649 655/440/650 583/391/581 582/390/580 
f 583/391/581 656/441/651 657/442/652 584/392/582 
f 585/392/583 658/442/653 586/327/584 507/269/507 
s 2
f 587/394/585 508/327/508 586/327/584 659/394/654 
s 1
f 587/394/585 660/443/655 661/444/656 588/395/586 
s 2
f 509/328/509 588/395/586 589/395/587 510/328/510 
s 1
f 589/395/587 662/444/657 590/329/588 511/271/511 
s 2
f 591/396/589 512/329/512 590/329/588 663/396/658 
s 1
f 591/396/589 664/445/659 665/446/660 592/397/590 
s 2
f 513/330/513 592/397/590 593/397/591 514/330/514 
s 1
f 593/397/591 666/446/661 594/331/592 515/273/515 
s 2
f 595/398/593 516/331/516 594/331/592 667/398/662 
s 1
f 626/447/624 596/399/594 595/398/593 
s 2
f 517/333/517 596/400/594 597/400/595 518/333/518 
s off
f 596/400/594 547/346/547 598/346/596 597/400/595 
f 550/245/550 520/231/520 668/231/663 669/245/664 
s 1
f 599/401/597 670/448/665 671/449/666 600/402/598 
s 2
f 520/231/520 600/402/598 672/402/667 
f 599/401/597 522/192/522 601/401/599 
s 1
f 525/278/525 604/335/602 673/448/668 601/401/599 
s 2
f 602/403/600 523/334/523 526/334/526 605/403/603 
s 1
f 602/403/600 674/450/669 675/451/670 603/404/601 
s 2
f 524/335/524 603/404/601 676/404/671 604/335/602 
s 1
f 529/280/529 608/337/606 677/450/672 605/403/603 
s 2
f 606/405/604 527/336/527 530/336/530 609/405/607 
s 1
f 606/405/604 678/452/673 679/453/674 607/406/605 
s 2
f 528/337/528 607/406/605 680/406/675 608/337/606 
s 1
f 533/282/533 612/339/610 681/452/676 609/405/607 
s 2
f 610/407/608 531/338/531 534/338/534 613/407/611 
s 1
f 610/407/608 682/454/677 683/455/678 611/408/609 
s 2
f 532/339/532 611/408/609 684/408/679 612/339/610 
s 1
f 537/284/537 616/341/614 685/454/680 613/407/611 
s 2
f 614/409/612 535/340/535 538/340/538 617/409/615 
s 1
f 614/409/612 686/456/681 687/457/682 615/410/613 
s 2
f 536/341/536 615/410/613 688/410/683 616/341/614 
s 1
f 541/286/541 620/343/618 689/456/684 617/409/615 
s 2
f 618/411/616 539/342/539 542/342/542 621/411/619 
s 1
f 618/411/616 690/458/685 691/459/686 619/412/617 
s 2
f 540/343/540 619/412/617 692/412/687 620/343/618 
s 1
f 545/288/545 624/345/622 693/458/688 621/411/619 
s 2
f 622/413/620 543/344/543 546/344/546 625/413/623 
s 1
f 622/413/620 694/460/689 695/461/690 623/414/621 
s 2
f 544/345/544 623/414/621 696/414/691 624/345/622 
s 1
f 549/290/549 627/347/625 697/460/692 625/413/623 
f 626/462/624 547/346/547 596/400/594 
f 626/463/624 694/460/689 548/347/548 
s off
f 548/347/548 694/460/689 697/460/692 627/347/625 
s 2
f 628/416/626 550/245/550 669/245/664 
s 1
f 628/416/626 698/464/693 699/465/694 629/417/627 
s 2
f 474/206/474 629/417/627 630/417/628 
s 1
f 630/417/628 700/465/695 632/348/630 631/291/629 
s 2
f 633/418/631 553/348/553 632/348/630 701/418/696 
s 1
f 633/418/631 702/466/697 703/467/698 634/419/632 
s 2
f 554/349/554 634/419/632 635/419/633 555/349/555 
s 1
f 635/419/633 704/467/699 636/350/634 556/293/556 
s 2
f 637/421/635 557/350/557 636/350/634 705/421/700 
s 1
f 706/468/701 642/425/638 565/367/563 637/421/635 707/469/702 708/470/703 
s off
f 709/471/704 710/471/705 711/472/706 712/473/707 640/474/636 643/475/639 
s 1
f 712/476/707 646/477/641 641/423/637 640/422/636 
s 32768
f 709/471/704 643/475/639 642/478/638 706/479/701 713/249/708 
s off
f 571/428/569 648/480/643 714/480/709 644/428/575 
s 524288
f 714/480/709 649/432/644 645/427/640 644/428/575 
s 1
f 646/477/641 712/476/707 711/481/706 647/482/642 
s 32768
f 647/431/642 711/472/706 710/471/705 648/376/643 
s 524288
f 649/432/644 714/480/709 715/483/710 716/218/711 650/249/645 576/385/574 
f 576/385/574 650/249/645 578/1/576 
s 16384
f 651/218/646 581/249/579 650/249/645 716/218/711 
s 2
f 584/392/582 657/442/652 658/442/653 585/392/583 
s 65536
f 651/249/646 717/484/712 718/485/713 719/486/714 652/487/647 
s 1
f 720/488/715 653/489/648 652/490/647 719/491/714 721/492/716 
f 653/489/648 720/488/715 655/440/650 654/439/649 
f 655/440/650 722/493/717 656/441/651 583/391/581 
f 656/441/651 723/494/718 724/495/719 657/442/652 
f 658/442/653 725/495/720 659/394/654 586/327/584 
s 2
f 660/443/655 587/394/585 659/394/654 726/443/721 
s 1
f 660/443/655 727/496/722 728/497/723 661/444/656 
s 2
f 588/395/586 661/444/656 662/444/657 589/395/587 
s 1
f 662/444/657 729/497/724 663/396/658 590/329/588 
s 2
f 664/445/659 591/396/589 663/396/658 730/445/725 
s 1
f 664/445/659 731/498/726 732/499/727 665/446/660 
s 2
f 592/397/590 665/446/660 666/446/661 593/397/591 
s 1
f 666/446/661 733/499/728 667/398/662 594/331/592 
s off
f 732/499/727 595/398/593 667/398/662 733/499/728 
s 1
f 626/500/624 595/398/593 732/499/727 
s 2
f 520/231/520 672/402/667 668/231/663 
s 1
f 668/231/663 672/402/667 734/416/729 669/245/664 
s 2
f 670/448/665 599/401/597 601/401/599 673/448/668 
s 1
f 670/448/665 735/501/730 736/502/731 671/449/666 
s 2
f 600/402/598 671/449/666 737/449/732 672/402/667 
s 1
f 604/335/602 676/404/671 738/501/733 673/448/668 
s 2
f 674/450/669 602/403/600 605/403/603 677/450/672 
s 1
f 674/450/669 739/503/734 740/504/735 675/451/670 
s 2
f 603/404/601 675/451/670 741/451/736 676/404/671 
s 1
f 608/337/606 680/406/675 742/503/737 677/450/672 
s 2
f 678/452/673 606/405/604 609/405/607 681/452/676 
s 1
f 678/452/673 743/505/738 744/506/739 679/453/674 
s 2
f 607/406/605 679/453/674 745/453/740 680/406/675 
s 1
f 612/339/610 684/408/679 746/505/741 681/452/676 
s 2
f 682/454/677 610/407/608 613/407/611 685/454/680 
s 1
f 682/454/677 747/507/742 748/508/743 683/455/678 
s 2
f 611/408/609 683/455/678 749/455/744 684/408/679 
s 1
f 616/341/614 688/410/683 750/507/745 685/454/680 
s 2
f 686/456/681 614/409/612 617/409/615 689/456/684 
s 1
f 686/456/681 751/509/746 752/510/747 687/457/682 
s 2
f 615/410/613 687/457/682 753/457/748 688/410/683 
s 1
f 620/343/618 692/412/687 754/509/749 689/456/684 
s 2
f 690/458/685 618/411/616 621/411/619 693/458/688 
s 1
f 690/458/685 755/511/750 756/512/751 691/459/686 
s 2
f 619/412/617 691/459/686 757/459/752 692/412/687 
s 1
f 624/345/622 696/414/691 758/511/753 693/458/688 
s 2
f 694/460/689 622/413/620 625/413/623 697/460/692 
s 1
f 626/513/624 695/461/690 694/460/689 
s 2
f 623/414/621 695/461/690 759/461/754 696/414/691 
f 628/416/626 669/245/664 734/416/729 
f 698/464/693 628/416/626 734/416/729 760/464/755 
s 1
f 698/464/693 761/514/756 762/515/757 699/465/694 
s 2
f 629/417/627 699/465/694 700/465/695 630/417/628 
s 1
f 700/465/695 763/515/758 701/418/696 632/348/630 
s 2
f 702/466/697 633/418/631 701/418/696 764/466/759 
s 1
f 702/466/697 765/516/760 766/517/761 703/467/698 
s 2
f 634/419/632 703/467/698 704/467/699 635/419/633 
s 1
f 704/467/699 767/517/762 705/421/700 636/350/634 
s 2
f 707/469/702 637/421/635 705/421/700 768/469/763 
s 65536
f 651/249/646 713/1/708 706/518/701 708/519/703 717/484/712 
s 1
f 717/520/712 708/470/703 707/469/702 769/521/764 718/522/713 
s off
f 710/483/705 709/523/704 770/523/765 715/483/710 
s 32768
f 709/523/704 713/261/708 771/261/766 770/523/765 
f 648/480/643 710/483/705 715/483/710 714/480/709 
s 524288
f 715/483/710 771/261/766 716/218/711 
s 65536
f 713/261/708 651/218/646 716/218/711 771/261/766 
s 2
f 657/442/652 724/495/719 725/495/720 658/442/653 
s 1
f 718/522/713 769/521/764 772/524/767 721/492/716 719/491/714 
f 721/492/716 773/525/768 774/526/769 720/488/715 
f 720/488/715 774/526/769 722/493/717 655/440/650 
f 722/493/717 775/527/770 723/494/718 656/441/651 
f 723/494/718 776/528/771 777/529/772 724/495/719 
f 725/495/720 778/529/773 726/443/721 659/394/654 
s 2
f 727/496/722 660/443/655 726/443/721 779/496/774 
s 1
f 727/496/722 780/530/775 781/531/776 728/497/723 
s 2
f 661/444/656 728/497/723 729/497/724 662/444/657 
s 1
f 729/497/724 782/531/777 730/445/725 663/396/658 
s 2
f 731/498/726 664/445/659 730/445/725 783/498/778 
s 1
f 626/532/624 732/499/727 731/498/726 
s 2
f 665/446/660 732/499/727 733/499/728 666/446/661 
s 1
f 672/402/667 737/449/732 760/464/755 734/416/729 
s 2
f 735/501/730 670/448/665 673/448/668 738/501/733 
s 1
f 735/501/730 784/533/779 785/534/780 736/502/731 
s 2
f 671/449/666 736/502/731 786/502/781 737/449/732 
s 1
f 676/404/671 741/451/736 787/533/782 738/501/733 
s 2
f 739/503/734 674/450/669 677/450/672 742/503/737 
s 1
f 739/503/734 788/535/783 789/536/784 740/504/735 
s 2
f 675/451/670 740/504/735 790/504/785 741/451/736 
s 1
f 680/406/675 745/453/740 791/535/786 742/503/737 
s 2
f 743/505/738 678/452/673 681/452/676 746/505/741 
s 1
f 743/505/738 792/537/787 793/538/788 744/506/739 
s 2
f 679/453/674 744/506/739 794/506/789 745/453/740 
s 1
f 684/408/679 749/455/744 795/537/790 746/505/741 
s 2
f 747/507/742 682/454/677 685/454/680 750/507/745 
s 1
f 747/507/742 796/539/791 797/540/792 748/508/743 
s 2
f 683/455/678 748/508/743 798/508/793 749/455/744 
s 1
f 688/410/683 753/457/748 799/539/794 750/507/745 
s 2
f 751/509/746 686/456/681 689/456/684 754/509/749 
s 1
f 751/509/746 800/541/795 801/542/796 752/510/747 
s 2
f 687/457/682 752/510/747 802/510/797 753/457/748 
s 1
f 692/412/687 757/459/752 803/541/798 754/509/749 
s 2
f 755/511/750 690/458/685 693/458/688 758/511/753 
s 1
f 755/511/750 804/543/799 805/544/800 756/512/751 
s 2
f 691/459/686 756/512/751 806/512/801 757/459/752 
s 1
f 696/414/691 759/461/754 807/543/802 758/511/753 
f 626/545/624 804/543/799 695/461/690 
s off
f 695/461/690 804/543/799 807/543/802 759/461/754 
s 2
f 761/514/756 698/464/693 760/464/755 808/514/803 
s 1
f 761/514/756 809/546/804 810/547/805 762/515/757 
s 2
f 699/465/694 762/515/757 763/515/758 700/465/695 
s 1
f 763/515/758 811/547/806 764/466/759 701/418/696 
s 2
f 765/516/760 702/466/697 764/466/759 812/516/807 
s 1
f 765/516/760 813/548/808 814/549/809 766/517/761 
s 2
f 703/467/698 766/517/761 767/517/762 704/467/699 
s 1
f 767/517/762 815/549/810 768/469/763 705/421/700 
s 2
f 769/521/764 707/469/702 768/469/763 816/521/811 
s 524288
f 770/523/765 771/261/766 715/483/710 
s 2
f 724/495/719 777/529/772 778/529/773 725/495/720 
f 772/524/767 769/521/764 816/521/811 817/524/812 
s 1
f 772/524/767 818/550/813 773/525/768 721/492/716 
f 773/525/768 819/551/814 820/552/815 774/526/769 
f 774/526/769 820/552/815 775/527/770 722/493/717 
f 775/527/770 821/553/816 776/528/771 723/494/718 
f 776/528/771 822/554/817 823/555/818 777/529/772 
f 778/529/773 824/555/819 779/496/774 726/443/721 
s 2
f 780/530/775 727/496/722 779/496/774 825/530/820 
s 1
f 780/530/775 826/556/821 827/557/822 781/531/776 
s 2
f 728/497/723 781/531/776 782/531/777 729/497/724 
s 1
f 782/531/777 828/557/823 783/498/778 730/445/725 
s off
f 827/557/822 731/498/726 783/498/778 828/557/823 
s 1
f 626/558/624 731/498/726 827/557/822 
f 737/449/732 786/502/781 808/514/803 760/464/755 
s 2
f 784/533/779 735/501/730 738/501/733 787/533/782 
s 1
f 784/533/779 829/559/824 830/560/825 785/534/780 
s 2
f 736/502/731 785/534/780 831/534/826 786/502/781 
s 1
f 741/451/736 790/504/785 832/559/827 787/533/782 
s 2
f 788/535/783 739/503/734 742/503/737 791/535/786 
s 1
f 788/535/783 833/561/828 834/562/829 789/536/784 
s 2
f 740/504/735 789/536/784 835/536/830 790/504/785 
s 1
f 745/453/740 794/506/789 836/561/831 791/535/786 
s 2
f 792/537/787 743/505/738 746/505/741 795/537/790 
s 1
f 792/537/787 837/563/832 838/564/833 793/538/788 
s 2
f 744/506/739 793/538/788 839/538/834 794/506/789 
s 1
f 749/455/744 798/508/793 840/563/835 795/537/790 
s 2
f 796/539/791 747/507/742 750/507/745 799/539/794 
s 1
f 796/539/791 841/565/836 842/566/837 797/540/792 
s 2
f 748/508/743 797/540/792 843/540/838 798/508/793 
s 1
f 753/457/748 802/510/797 844/565/839 799/539/794 
s 2
f 800/541/795 751/509/746 754/509/749 803/541/798 
s 1
f 800/541/795 845/567/840 846/568/841 801/542/796 
s 2
f 752/510/747 801/542/796 847/542/842 802/510/797 
s 1
f 757/459/752 806/512/801 848/567/843 803/541/798 
s 2
f 804/543/799 755/511/750 758/511/753 807/543/802 
s 1
f 626/569/624 805/544/800 804/543/799 
s 2
f 756/512/751 805/544/800 849/544/844 806/512/801 
f 809/546/804 761/514/756 808/514/803 850/546/845 
s 1
f 809/546/804 851/570/846 852/571/847 810/547/805 
s 2
f 762/515/757 810/547/805 811/547/806 763/515/758 
s 1
f 811/547/806 853/571/848 812/516/807 764/466/759 
s 2
f 813/548/808 765/516/760 812/516/807 854/548/849 
s 1
f 813/548/808 855/572/850 856/573/851 814/549/809 
s 2
f 766/517/761 814/549/809 815/549/810 767/517/762 
s 1
f 815/549/810 857/573/852 816/521/811 768/469/763 
s 2
f 777/529/772 823/555/818 824/555/819 778/529/773 
f 818/550/813 772/524/767 817/524/812 858/550/853 
s 1
f 857/573/852 859/574/854 817/524/812 816/521/811 
f 818/550/813 860/575/855 819/551/814 773/525/768 
f 819/551/814 861/576/856 862/577/857 820/552/815 
f 820/552/815 862/577/857 821/553/816 775/527/770 
f 821/553/816 863/578/858 822/554/817 776/528/771 
f 822/554/817 864/579/859 865/580/860 823/555/818 
f 824/555/819 866/580/861 825/530/820 779/496/774 
s 2
f 826/556/821 780/530/775 825/530/820 867/556/862 
s 1
f 626/581/624 827/557/822 826/556/821 
s 2
f 781/531/776 827/557/822 828/557/823 782/531/777 
s 1
f 786/502/781 831/534/826 850/546/845 808/514/803 
s 2
f 829/559/824 784/533/779 787/533/782 832/559/827 
s 1
f 829/559/824 868/582/863 869/583/864 830/560/825 
s 2
f 785/534/780 830/560/825 870/560/865 831/534/826 
s 1
f 790/504/785 835/536/830 871/582/866 832/559/827 
s 2
f 833/561/828 788/535/783 791/535/786 836/561/831 
s 1
f 833/561/828 872/584/867 873/585/868 834/562/829 
s 2
f 789/536/784 834/562/829 874/562/869 835/536/830 
s 1
f 794/506/789 839/538/834 875/584/870 836/561/831 
s 2
f 837/563/832 792/537/787 795/537/790 840/563/835 
s 1
f 837/563/832 876/586/871 877/587/872 838/564/833 
s 2
f 793/538/788 838/564/833 878/564/873 839/538/834 
s 1
f 798/508/793 843/540/838 879/586/874 840/563/835 
s 2
f 841/565/836 796/539/791 799/539/794 844/565/839 
s 1
f 841/565/836 880/588/875 881/589/876 842/566/837 
s 2
f 797/540/792 842/566/837 882/566/877 843/540/838 
s 1
f 802/510/797 847/542/842 883/588/878 844/565/839 
s 2
f 845/567/840 800/541/795 803/541/798 848/567/843 
s 1
f 845/567/840 884/590/879 885/591/880 846/568/841 
s 2
f 801/542/796 846/568/841 886/568/881 847/542/842 
s 1
f 806/512/801 849/544/844 887/590/882 848/567/843 
f 626/592/624 884/590/879 805/544/800 
s off
f 805/544/800 884/590/879 887/590/882 849/544/844 
s 2
f 851/570/846 809/546/804 850/546/845 888/570/883 
s 1
f 851/570/846 889/593/884 890/594/885 852/571/847 
s 2
f 810/547/805 852/571/847 853/571/848 811/547/806 
s 1
f 853/571/848 891/594/886 854/548/849 812/516/807 
s 2
f 855/572/850 813/548/808 854/548/849 892/572/887 
s 1
f 855/572/850 893/595/888 894/574/889 856/573/851 
s 2
f 814/549/809 856/573/851 857/573/852 815/549/810 
f 823/555/818 865/580/860 866/580/861 824/555/819 
f 860/575/855 818/550/813 858/550/853 895/575/890 
s 1
f 859/574/854 896/596/891 858/550/853 817/524/812 
s 2
f 856/573/851 894/574/889 859/574/854 857/573/852 
s 1
f 860/575/855 897/597/892 861/576/856 819/551/814 
f 861/576/856 898/598/893 899/599/894 862/577/857 
f 862/577/857 899/599/894 863/578/858 821/553/816 
f 863/578/858 900/600/895 864/579/859 822/554/817 
f 864/579/859 901/601/896 902/602/897 865/580/860 
f 866/580/861 903/602/898 867/556/862 825/530/820 
s off
f 902/602/897 826/556/821 867/556/862 903/602/898 
s 1
f 626/603/624 826/556/821 902/602/897 
f 831/534/826 870/560/865 888/570/883 850/546/845 
s 2
f 868/582/863 829/559/824 832/559/827 871/582/866 
s 1
f 868/582/863 904/604/899 905/605/900 869/583/864 
s 2
f 830/560/825 869/583/864 906/583/901 870/560/865 
s 1
f 835/536/830 874/562/869 907/604/902 871/582/866 
s 2
f 872/584/867 833/561/828 836/561/831 875/584/870 
s 1
f 872/584/867 908/606/903 909/607/904 873/585/868 
s 2
f 834/562/829 873/585/868 910/585/905 874/562/869 
s 1
f 839/538/834 878/564/873 911/606/906 875/584/870 
s 2
f 876/586/871 837/563/832 840/563/835 879/586/874 
s 1
f 876/586/871 912/608/907 913/609/908 877/587/872 
s 2
f 838/564/833 877/587/872 914/587/909 878/564/873 
s 1
f 843/540/838 882/566/877 915/608/910 879/586/874 
s 2
f 880/588/875 841/565/836 844/565/839 883/588/878 
s 1
f 880/588/875 916/610/911 917/611/912 881/589/876 
s 2
f 842/566/837 881/589/876 918/589/913 882/566/877 
s 1
f 847/542/842 886/568/881 919/610/914 883/588/878 
s 2
f 884/590/879 845/567/840 848/567/843 887/590/882 
s 1
f 626/612/624 885/591/880 884/590/879 
s 2
f 846/568/841 885/591/880 920/591/915 886/568/881 
f 889/593/884 851/570/846 888/570/883 921/593/916 
s 1
f 889/593/884 922/613/917 923/614/918 890/594/885 
s 2
f 852/571/847 890/594/885 891/594/886 853/571/848 
s 1
f 891/594/886 924/614/919 892/572/887 854/548/849 
s 2
f 893/595/888 855/572/850 892/572/887 925/595/920 
s 1
f 893/595/888 926/615/921 927/596/922 894/574/889 
s 2
f 865/580/860 902/602/897 903/602/898 866/580/861 
f 897/597/892 860/575/855 895/575/890 928/597/923 
s 1
f 896/596/891 929/616/924 895/575/890 858/550/853 
s 2
f 894/574/889 927/596/922 896/596/891 859/574/854 
s 1
f 897/597/892 930/617/925 898/598/893 861/576/856 
f 898/598/893 931/618/926 932/619/927 899/599/894 
f 899/599/894 932/619/927 900/600/895 863/578/858 
f 900/600/895 933/620/928 901/601/896 864/579/859 
f 626/621/624 902/602/897 901/601/896 
f 870/560/865 906/583/901 921/593/916 888/570/883 
s 2
f 904/604/899 868/582/863 871/582/866 907/604/902 
s 1
f 904/604/899 934/622/929 935/623/930 905/605/900 
s 2
f 869/583/864 905/605/900 936/605/931 906/583/901 
s 1
f 874/562/869 910/585/905 937/622/932 907/604/902 
s 2
f 908/606/903 872/584/867 875/584/870 911/606/906 
s 1
f 908/606/903 938/624/933 939/625/934 909/607/904 
s 2
f 873/585/868 909/607/904 940/607/935 910/585/905 
s 1
f 878/564/873 914/587/909 941/624/936 911/606/906 
s 2
f 912/608/907 876/586/871 879/586/874 915/608/910 
s 1
f 912/608/907 942/626/937 943/627/938 913/609/908 
s 2
f 877/587/872 913/609/908 944/609/939 914/587/909 
s 1
f 882/566/877 918/589/913 945/626/940 915/608/910 
s 2
f 916/610/911 880/588/875 883/588/878 919/610/914 
s 1
f 916/610/911 946/628/941 947/629/942 917/611/912 
s 2
f 881/589/876 917/611/912 948/611/943 918/589/913 
s 1
f 886/568/881 920/591/915 949/628/944 919/610/914 
f 626/630/624 946/628/941 885/591/880 
s off
f 885/591/880 946/628/941 949/628/944 920/591/915 
s 2
f 922/613/917 889/593/884 921/593/916 950/613/945 
s 1
f 922/613/917 951/631/946 952/632/947 923/614/918 
s 2
f 890/594/885 923/614/918 924/614/919 891/594/886 
s 1
f 924/614/919 953/632/948 925/595/920 892/572/887 
s 2
f 926/615/921 893/595/888 925/595/920 954/615/949 
s 1
f 926/615/921 955/633/950 956/616/951 927/596/922 
s 2
f 930/617/925 897/597/892 928/597/923 957/617/952 
s 1
f 929/616/924 958/634/953 928/597/923 895/575/890 
s 2
f 927/596/922 956/616/951 929/616/924 896/596/891 
s 1
f 930/617/925 959/635/954 931/618/926 898/598/893 
f 931/618/926 960/636/955 961/637/956 932/619/927 
f 932/619/927 961/637/956 933/620/928 900/600/895 
f 626/638/624 901/601/896 933/620/928 
f 906/583/901 936/605/931 950/613/945 921/593/916 
s 2
f 934/622/929 904/604/899 907/604/902 937/622/932 
s 1
f 934/622/929 962/639/957 963/640/958 935/623/930 
s 2
f 905/605/900 935/623/930 964/623/959 936/605/931 
s 1
f 910/585/905 940/607/935 965/639/960 937/622/932 
s 2
f 938/624/933 908/606/903 911/606/906 941/624/936 
s 1
f 938/624/933 966/641/961 967/642/962 939/625/934 
s 2
f 909/607/904 939/625/934 968/625/963 940/607/935 
s 1
f 914/587/909 944/609/939 969/641/964 941/624/936 
s 2
f 942/626/937 912/608/907 915/608/910 945/626/940 
s 1
f 942/626/937 970/643/965 971/644/966 943/627/938 
s 2
f 913/609/908 943/627/938 972/627/967 944/609/939 
s 1
f 918/589/913 948/611/943 973/643/968 945/626/940 
s 2
f 946/628/941 916/610/911 919/610/914 949/628/944 
s 1
f 626/645/624 947/629/942 946/628/941 
s 2
f 917/611/912 947/629/942 974/629/969 948/611/943 
f 951/631/946 922/613/917 950/613/945 975/631/970 
s 1
f 951/631/946 976/646/971 977/647/972 952/632/947 
s 2
f 923/614/918 952/632/947 953/632/948 924/614/919 
s 1
f 953/632/948 978/647/973 954/615/949 925/595/920 
s 2
f 955/633/950 926/615/921 954/615/949 979/633/974 
s 1
f 955/633/950 980/648/975 981/634/976 956/616/951 
s 2
f 959/635/954 930/617/925 957/617/952 982/635/977 
s 1
f 958/634/953 983/649/978 957/617/952 928/597/923 
s 2
f 956/616/951 981/634/976 958/634/953 929/616/924 
s 1
f 959/635/954 984/650/979 960/636/955 931/618/926 
f 626/651/624 961/637/956 960/636/955 
f 626/652/624 933/620/928 961/637/956 
f 936/605/931 964/623/959 975/631/970 950/613/945 
s 2
f 962/639/957 934/622/929 937/622/932 965/639/960 
s 1
f 962/639/957 985/653/980 986/654/981 963/640/958 
s 2
f 935/623/930 963/640/958 987/640/982 964/623/959 
s 1
f 940/607/935 968/625/963 988/653/983 965/639/960 
s 2
f 966/641/961 938/624/933 941/624/936 969/641/964 
s 1
f 966/641/961 989/655/984 990/656/985 967/642/962 
s 2
f 939/625/934 967/642/962 991/642/986 968/625/963 
s 1
f 944/609/939 972/627/967 992/655/987 969/641/964 
s 2
f 970/643/965 942/626/937 945/626/940 973/643/968 
s 1
f 970/643/965 993/657/988 994/658/989 971/644/966 
s 2
f 943/627/938 971/644/966 995/644/990 972/627/967 
s 1
f 948/611/943 974/629/969 996/657/991 973/643/968 
f 626/659/624 993/657/988 947/629/942 
s off
f 947/629/942 993/657/988 996/657/991 974/629/969 
s 2
f 976/646/971 951/631/946 975/631/970 997/646/992 
s 1
f 976/646/971 998/660/993 999/661/994 977/647/972 
s 2
f 952/632/947 977/647/972 978/647/973 953/632/948 
s 1
f 978/647/973 1000/661/995 979/633/974 954/615/949 
s 2
f 980/648/975 955/633/950 979/633/974 1001/648/996 
s 1
f 980/648/975 1002/662/997 1003/649/998 981/634/976 
s 2
f 984/650/979 959/635/954 982/635/977 1004/650/999 
s 1
f 983/649/978 1005/663/1000 982/635/977 957/617/952 
s 2
f 981/634/976 1003/649/998 983/649/978 958/634/953 
s 1
f 626/664/624 960/636/955 984/650/979 
f 964/623/959 987/640/982 997/646/992 975/631/970 
s 2
f 985/653/980 962/639/957 965/639/960 988/653/983 
s 1
f 985/653/980 1006/665/1001 1007/666/1002 986/654/981 
s 2
f 963/640/958 986/654/981 1008/654/1003 987/640/982 
s 1
f 968/625/963 991/642/986 1009/665/1004 988/653/983 
s 2
f 989/655/984 966/641/961 969/641/964 992/655/987 
s 1
f 989/655/984 1010/667/1005 1011/668/1006 990/656/985 
s 2
f 967/642/962 990/656/985 1012/656/1007 991/642/986 
s 1
f 972/627/967 995/644/990 1013/667/1008 992/655/987 
s 2
f 993/657/988 970/643/965 973/643/968 996/657/991 
s 1
f 626/669/624 994/658/989 993/657/988 
s 2
f 971/644/966 994/658/989 1014/658/1009 995/644/990 
f 998/660/993 976/646/971 997/646/992 1015/660/1010 
s 1
f 998/660/993 1016/670/1011 1017/671/1012 999/661/994 
s 2
f 977/647/972 999/661/994 1000/661/995 978/647/973 
s 1
f 1000/661/995 1018/671/1013 1001/648/996 979/633/974 
s 2
f 1002/662/997 980/648/975 1001/648/996 1019/662/1014 
s 1
f 1002/662/997 1020/672/1015 1021/663/1016 1003/649/998 
s off
f 1022/673/1017 984/650/979 1004/650/999 1023/673/1018 
s 1
f 1005/663/1000 1023/673/1018 1004/650/999 982/635/977 
s 2
f 1003/649/998 1021/663/1016 1005/663/1000 983/649/978 
s 1
f 626/674/624 984/650/979 1022/673/1017 
f 987/640/982 1008/654/1003 1015/660/1010 997/646/992 
s 2
f 1006/665/1001 985/653/980 988/653/983 1009/665/1004 
s 1
f 1006/665/1001 1024/675/1019 1025/676/1020 1007/666/1002 
s 2
f 986/654/981 1007/666/1002 1026/666/1021 1008/654/1003 
s 1
f 991/642/986 1012/656/1007 1027/675/1022 1009/665/1004 
s 2
f 1010/667/1005 989/655/984 992/655/987 1013/667/1008 
s 1
f 1010/667/1005 1028/677/1023 1029/678/1024 1011/668/1006 
s 2
f 990/656/985 1011/668/1006 1030/668/1025 1012/656/1007 
s 1
f 995/644/990 1014/658/1009 1031/677/1026 1013/667/1008 
f 626/679/624 1028/677/1023 994/658/989 
s off
f 994/658/989 1028/677/1023 1031/677/1026 1014/658/1009 
s 2
f 1016/670/1011 998/660/993 1015/660/1010 1032/670/1027 
s 1
f 1016/670/1011 1033/680/1028 1034/681/1029 1017/671/1012 
s 2
f 999/661/994 1017/671/1012 1018/671/1013 1000/661/995 
s 1
f 1018/671/1013 1035/681/1030 1019/662/1014 1001/648/996 
s 2
f 1020/672/1015 1002/662/997 1019/662/1014 1036/672/1031 
s 1
f 1020/672/1015 1037/682/1032 1022/673/1017 1021/663/1016 
s 2
f 1021/663/1016 1022/673/1017 1023/673/1018 1005/663/1000 
s 1
f 626/683/624 1022/673/1017 1037/682/1032 
f 1008/654/1003 1026/666/1021 1032/670/1027 1015/660/1010 
s 2
f 1024/675/1019 1006/665/1001 1009/665/1004 1027/675/1022 
s 1
f 1024/675/1019 1038/684/1033 1039/685/1034 1025/676/1020 
s 2
f 1007/666/1002 1025/676/1020 1040/676/1035 1026/666/1021 
s 1
f 1012/656/1007 1030/668/1025 1041/684/1036 1027/675/1022 
s 2
f 1028/677/1023 1010/667/1005 1013/667/1008 1031/677/1026 
s 1
f 626/686/624 1029/678/1024 1028/677/1023 
s 2
f 1011/668/1006 1029/678/1024 1042/678/1037 1030/668/1025 
f 1033/680/1028 1016/670/1011 1032/670/1027 1043/680/1038 
s 1
f 1033/680/1028 1044/687/1039 1045/688/1040 1034/681/1029 
s 2
f 1017/671/1012 1034/681/1029 1035/681/1030 1018/671/1013 
s 1
f 1035/681/1030 1046/688/1041 1036/672/1031 1019/662/1014 
s 2
f 1037/682/1032 1020/672/1015 1036/672/1031 1047/682/1042 
s 1
f 626/689/624 1037/682/1032 1048/690/1043 
f 1026/666/1021 1040/676/1035 1043/680/1038 1032/670/1027 
s 2
f 1038/684/1033 1024/675/1019 1027/675/1022 1041/684/1036 
s 1
f 1038/684/1033 1049/691/1044 1050/692/1045 1039/685/1034 
s 2
f 1025/676/1020 1039/685/1034 1051/685/1046 1040/676/1035 
s 1
f 1030/668/1025 1042/678/1037 1052/691/1047 1041/684/1036 
f 626/693/624 1049/691/1044 1029/678/1024 
s off
f 1029/678/1024 1049/691/1044 1052/691/1047 1042/678/1037 
s 2
f 1044/687/1039 1033/680/1028 1043/680/1038 1053/687/1048 
s 1
f 1044/687/1039 1054/694/1049 1048/690/1043 1045/688/1040 
s 2
f 1034/681/1029 1045/688/1040 1046/688/1041 1035/681/1030 
s 1
f 1046/688/1041 1055/690/1050 1047/682/1042 1036/672/1031 
s off
f 1048/690/1043 1037/682/1032 1047/682/1042 1055/690/1050 
s 1
f 626/695/624 1048/690/1043 1054/694/1049 
f 1040/676/1035 1051/685/1046 1053/687/1048 1043/680/1038 
s 2
f 1049/691/1044 1038/684/1033 1041/684/1036 1052/691/1047 
s 1
f 626/696/624 1050/692/1045 1049/691/1044 
s 2
f 1039/685/1034 1050/692/1045 1056/692/1051 1051/685/1046 
f 1054/694/1049 1044/687/1039 1053/687/1048 1057/694/1052 
f 1045/688/1040 1048/690/1043 1055/690/1050 1046/688/1041 
s 1
f 626/697/624 1054/694/1049 1050/692/1045 
f 1051/685/1046 1056/692/1051 1057/694/1052 1053/687/1048 
s off
f 1050/692/1045 1054/694/1049 1057/694/1052 1056/692/1051 
s 4
f 1058/218/1053 421/698/421 420/699/420 490/700/490 1059/261/1054 
s 512
f 1058/249/1053 1060/276/1055 566/701/564 492/702/492 422/703/422 421/704/421 
s 131072
f 1059/249/1054 1060/276/1055 1058/218/1053 
s 2048
f 490/705/490 489/706/489 567/707/565 1060/276/1055 1059/218/1054 
s 16
f 567/708/565 566/709/564 1060/276/1055 
s 8
f 1061/710/1056 1062/711/1057 1063/712/1058 1064/713/1059 
f 1062/711/1057 1065/714/1060 1066/715/1061 1063/712/1058 
f 1065/714/1060 1067/716/1062 1068/717/1063 1066/715/1061 
f 1067/716/1062 1069/718/1064 1070/719/1065 1068/717/1063 
f 1069/720/1064 1071/721/1066 1072/722/1067 1070/723/1065 
f 1071/721/1066 1073/724/1068 1074/725/1069 1072/722/1067 
f 1073/724/1068 1075/726/1070 1076/727/1071 1074/725/1069 
f 1075/726/1070 1077/728/1072 1078/729/1073 1076/727/1071 
f 1077/728/1072 1079/730/1074 1080/731/1075 1078/729/1073 
f 1079/730/1074 1081/732/1076 1082/733/1077 1080/731/1075 
f 1081/732/1076 1083/734/1078 1084/735/1079 1082/733/1077 
f 1083/734/1078 1085/736/1080 1086/737/1081 1084/735/1079 
f 1085/736/1080 1087/738/1082 1088/739/1083 1086/737/1081 
f 1087/738/1082 1089/740/1084 1090/741/1085 1088/739/1083 
f 1089/740/1084 1091/742/1086 1092/743/1087 1090/741/1085 
f 1091/742/1086 1093/744/1088 1094/745/1089 1092/743/1087 
f 1093/744/1088 1095/746/1090 1096/747/1091 1094/745/1089 
f 1095/746/1090 1061/710/1056 1064/713/1059 1096/747/1091 
f 1064/713/1059 1063/712/1058 1097/748/1058 1098/749/1059 
f 1063/712/1058 1066/715/1061 1099/750/1061 1097/748/1058 
f 1066/715/1061 1068/717/1063 1100/751/1063 1099/750/1061 
f 1068/717/1063 1070/719/1065 1101/752/1065 1100/751/1063 
f 1070/723/1065 1072/722/1067 1102/753/1067 1101/754/1065 
f 1072/722/1067 1074/725/1069 1103/755/1069 1102/753/1067 
f 1074/725/1069 1076/727/1071 1104/756/1071 1103/755/1069 
f 1076/727/1071 1078/729/1073 1105/757/1073 1104/756/1071 
f 1078/729/1073 1080/731/1075 1106/758/1075 1105/757/1073 
f 1080/731/1075 1082/733/1077 1107/759/1077 1106/758/1075 
f 1082/733/1077 1084/735/1079 1108/760/1079 1107/759/1077 
f 1084/735/1079 1086/737/1081 1109/761/1081 1108/760/1079 
f 1086/737/1081 1088/739/1083 1110/762/1083 1109/761/1081 
f 1088/739/1083 1090/741/1085 1111/763/1085 1110/762/1083 
f 1090/741/1085 1092/743/1087 1112/764/1087 1111/763/1085 
f 1092/743/1087 1094/745/1089 1113/765/1089 1112/764/1087 
f 1094/745/1089 1096/747/1091 1114/766/1092 1113/765/1089 
f 1096/747/1091 1064/713/1059 1098/749/1059 1114/766/1092 
f 1098/749/1059 1097/748/1058 1115/767/1058 1116/768/1059 
f 1097/748/1058 1099/750/1061 1117/769/1061 1115/767/1058 
f 1099/750/1061 1100/751/1063 1118/770/1063 1117/769/1061 
f 1100/751/1063 1101/752/1065 1119/771/1065 1118/770/1063 
f 1101/754/1065 1102/753/1067 1120/772/1093 1119/773/1065 
f 1102/753/1067 1103/755/1069 1121/774/1069 1120/772/1093 
f 1103/755/1069 1104/756/1071 1122/775/1071 1121/774/1069 
f 1104/756/1071 1105/757/1073 1123/776/1073 1122/775/1071 
f 1105/757/1073 1106/758/1075 1124/777/1075 1123/776/1073 
f 1106/758/1075 1107/759/1077 1125/778/1077 1124/777/1075 
f 1107/759/1077 1108/760/1079 1126/779/1079 1125/778/1077 
f 1108/760/1079 1109/761/1081 1127/780/1081 1126/779/1079 
f 1109/761/1081 1110/762/1083 1128/781/1083 1127/780/1081 
f 1110/762/1083 1111/763/1085 1129/782/1094 1128/781/1083 
f 1111/763/1085 1112/764/1087 1130/783/1087 1129/782/1094 
f 1112/764/1087 1113/765/1089 1131/784/1089 1130/783/1087 
f 1113/765/1089 1114/766/1092 1132/785/1091 1131/784/1089 
f 1114/766/1092 1098/749/1059 1116/768/1059 1132/785/1091 
f 1116/768/1059 1115/767/1058 1133/786/1058 1134/787/1059 
f 1115/767/1058 1117/769/1061 1135/788/1061 1133/786/1058 
f 1117/769/1061 1118/770/1063 1136/789/1063 1135/788/1061 
f 1118/770/1063 1119/771/1065 1137/790/1065 1136/789/1063 
f 1119/773/1065 1120/772/1093 1138/791/1093 1137/792/1065 
f 1120/772/1093 1121/774/1069 1139/793/1069 1138/791/1093 
f 1121/774/1069 1122/775/1071 1140/794/1071 1139/793/1069 
f 1122/775/1071 1123/776/1073 1141/795/1073 1140/794/1071 
f 1123/776/1073 1124/777/1075 1142/796/1075 1141/795/1073 
f 1124/777/1075 1125/778/1077 1143/797/1077 1142/796/1075 
f 1125/778/1077 1126/779/1079 1144/798/1079 1143/797/1077 
f 1126/779/1079 1127/780/1081 1145/799/1081 1144/798/1079 
f 1127/780/1081 1128/781/1083 1146/800/1083 1145/799/1081 
f 1128/781/1083 1129/782/1094 1147/801/1085 1146/800/1083 
f 1129/782/1094 1130/783/1087 1148/802/1087 1147/801/1085 
f 1130/783/1087 1131/784/1089 1149/803/1089 1148/802/1087 
f 1131/784/1089 1132/785/1091 1150/804/1091 1149/803/1089 
f 1132/785/1091 1116/768/1059 1134/787/1059 1150/804/1091 
f 1134/787/1059 1133/786/1058 1151/805/1095 1152/806/1096 
f 1133/786/1058 1135/788/1061 1153/807/1097 1151/805/1095 
f 1135/788/1061 1136/789/1063 1154/808/1098 1153/807/1097 
f 1136/789/1063 1137/790/1065 1155/809/1099 1154/808/1098 
f 1137/792/1065 1138/791/1093 1156/810/1100 1155/811/1099 
f 1138/791/1093 1139/793/1069 1157/812/1101 1156/810/1100 
f 1139/793/1069 1140/794/1071 1158/813/1102 1157/812/1101 
f 1140/794/1071 1141/795/1073 1159/814/1103 1158/813/1102 
f 1141/795/1073 1142/796/1075 1160/815/1104 1159/814/1103 
f 1142/796/1075 1143/797/1077 1161/816/1105 1160/815/1104 
f 1143/797/1077 1144/798/1079 1162/817/1106 1161/816/1105 
f 1144/798/1079 1145/799/1081 1163/818/1107 1162/817/1106 
f 1145/799/1081 1146/800/1083 1164/819/1108 1163/818/1107 
f 1146/800/1083 1147/801/1085 1165/820/1109 1164/819/1108 
f 1147/801/1085 1148/802/1087 1166/821/1110 1165/820/1109 
f 1148/802/1087 1149/803/1089 1167/822/1111 1166/821/1110 
f 1149/803/1089 1150/804/1091 1168/823/1112 1167/822/1111 
f 1150/804/1091 1134/787/1059 1152/806/1096 1168/823/1112 
s 1
f 1155/809/1099 1156/824/1100 1169/824/1113 1170/809/1114 
f 1164/825/1108 1165/826/1109 1171/826/1115 1172/825/1116 
s 2
f 1170/809/1114 1169/824/1113 1173/824/1117 1174/809/1118 
f 1172/825/1116 1171/826/1115 1175/826/1119 1176/825/1120 
f 1177/806/1121 1178/805/1122 1179/805/1123 1180/806/1124 
f 1178/805/1122 1181/807/1125 1182/807/1126 1179/805/1123 
f 1181/807/1125 1183/808/1127 1184/808/1128 1182/807/1126 
f 1183/808/1127 1174/809/1118 1185/809/1129 1184/808/1128 
f 1174/809/1118 1173/824/1117 1186/824/1130 1185/809/1129 
f 1173/824/1117 1187/827/1131 1188/827/1132 1186/824/1130 
f 1187/827/1131 1189/828/1133 1190/828/1134 1188/827/1132 
f 1189/828/1133 1191/829/1135 1192/829/1136 1190/828/1134 
f 1191/829/1135 1193/830/1137 1194/830/1138 1192/829/1136 
f 1193/830/1137 1195/831/1139 1196/831/1140 1194/830/1138 
f 1195/831/1139 1197/832/1141 1198/832/1142 1196/831/1140 
f 1197/832/1141 1199/833/1143 1200/833/1144 1198/832/1142 
f 1199/833/1143 1176/825/1120 1201/825/1145 1200/833/1144 
f 1176/825/1120 1175/826/1119 1202/826/1146 1201/825/1145 
f 1175/826/1119 1203/834/1147 1204/834/1148 1202/826/1146 
f 1203/834/1147 1205/835/1149 1206/835/1150 1204/834/1148 
f 1205/835/1149 1207/823/1151 1208/823/1152 1206/835/1150 
f 1207/823/1151 1177/806/1121 1180/806/1124 1208/823/1152 
f 1180/806/1124 1179/805/1123 1209/836/1153 
f 1179/805/1123 1182/807/1126 1209/836/1153 
f 1182/807/1126 1184/808/1128 1209/836/1153 
f 1184/808/1128 1185/809/1129 1209/836/1153 
f 1185/809/1129 1186/824/1130 1209/836/1153 
f 1186/824/1130 1188/827/1132 1209/836/1153 
f 1188/827/1132 1190/828/1134 1209/836/1153 
f 1190/828/1134 1192/829/1136 1209/836/1153 
f 1192/829/1136 1194/830/1138 1209/836/1153 
f 1194/830/1138 1196/831/1140 1209/836/1153 
f 1196/831/1140 1198/832/1142 1209/836/1153 
f 1198/832/1142 1200/833/1144 1209/836/1153 
f 1200/833/1144 1201/825/1145 1209/836/1153 
f 1201/825/1145 1202/826/1146 1209/836/1153 
f 1202/826/1146 1204/834/1148 1209/836/1153 
f 1204/834/1148 1206/835/1150 1209/836/1153 
f 1206/835/1150 1208/823/1152 1209/836/1153 
f 1208/823/1152 1180/806/1124 1209/836/1153 
s 1
f 1152/806/1096 1151/805/1095 1210/805/1154 1211/806/1155 
f 1151/805/1095 1153/807/1097 1212/807/1156 1210/805/1154 
f 1153/807/1097 1154/808/1098 1213/808/1157 1212/807/1156 
f 1154/808/1098 1155/809/1099 1170/809/1114 1213/808/1157 
f 1156/824/1100 1157/827/1101 1214/827/1158 1169/824/1113 
f 1157/827/1101 1158/828/1102 1215/828/1159 1214/827/1158 
f 1158/828/1102 1159/829/1103 1216/829/1160 1215/828/1159 
f 1159/829/1103 1160/830/1104 1217/830/1161 1216/829/1160 
f 1160/830/1104 1161/831/1105 1218/831/1162 1217/830/1161 
f 1161/831/1105 1162/832/1106 1219/832/1163 1218/831/1162 
f 1162/832/1106 1163/833/1107 1220/833/1164 1219/832/1163 
f 1163/833/1107 1164/825/1108 1172/825/1116 1220/833/1164 
f 1165/826/1109 1166/834/1110 1221/834/1165 1171/826/1115 
f 1166/834/1110 1167/835/1111 1222/835/1166 1221/834/1165 
f 1167/835/1111 1168/823/1112 1223/823/1167 1222/835/1166 
f 1168/823/1112 1152/806/1096 1211/806/1155 1223/823/1167 
s 2
f 1211/806/1155 1210/805/1154 1178/805/1122 1177/806/1121 
f 1210/805/1154 1212/807/1156 1181/807/1125 1178/805/1122 
f 1212/807/1156 1213/808/1157 1183/808/1127 1181/807/1125 
f 1213/808/1157 1170/809/1114 1174/809/1118 1183/808/1127 
f 1169/824/1113 1214/827/1158 1187/827/1131 1173/824/1117 
f 1214/827/1158 1215/828/1159 1189/828/1133 1187/827/1131 
f 1215/828/1159 1216/829/1160 1191/829/1135 1189/828/1133 
f 1216/829/1160 1217/830/1161 1193/830/1137 1191/829/1135 
f 1217/830/1161 1218/831/1162 1195/831/1139 1193/830/1137 
f 1218/831/1162 1219/832/1163 1197/832/1141 1195/831/1139 
f 1219/832/1163 1220/833/1164 1199/833/1143 1197/832/1141 
f 1220/833/1164 1172/825/1116 1176/825/1120 1199/833/1143 
f 1171/826/1115 1221/834/1165 1203/834/1147 1175/826/1119 
f 1221/834/1165 1222/835/1166 1205/835/1149 1203/834/1147 
f 1222/835/1166 1223/823/1167 1207/823/1151 1205/835/1149 
f 1223/823/1167 1211/806/1155 1177/806/1121 1207/823/1151 
s 1
f 1062/711/1057 1061/710/1056 1224/837/1168 
f 1061/710/1056 1095/838/1090 1224/837/1168 
f 1095/838/1090 1093/839/1088 1224/837/1168 
f 1093/839/1088 1091/840/1086 1224/837/1168 
f 1091/840/1086 1089/841/1084 1224/837/1168 
f 1089/841/1084 1087/842/1082 1224/837/1168 
f 1087/842/1082 1085/843/1080 1224/837/1168 
f 1085/843/1080 1083/844/1078 1224/837/1168 
f 1083/844/1078 1081/845/1076 1224/837/1168 
f 1081/845/1076 1079/846/1074 1224/837/1168 
f 1079/846/1074 1077/847/1072 1224/837/1168 
f 1077/847/1072 1075/848/1070 1224/837/1168 
f 1075/848/1070 1073/849/1068 1224/837/1168 
f 1073/849/1068 1071/850/1066 1224/837/1168 
f 1071/850/1066 1069/718/1064 1224/837/1168 
f 1069/718/1064 1067/716/1062 1224/837/1168 
f 1067/716/1062 1065/714/1060 1224/837/1168 
f 1065/714/1060 1062/711/1057 1224/837/1168 
f 1225/838/1169 1226/839/1170 1227/840/1171 1228/841/1172 1229/842/1173 1230/843/1174 1231/844/1175 1232/845/1176 1233/846/1177 1234/847/1178 1235/848/1179 1236/849/1180 1237/850/1181 1238/718/1182 1239/716/1183 1240/714/1184 1241/711/1185 1242/710/1186 
s 8
f 1242/710/1186 1241/711/1185 1243/712/1187 1244/713/1188 
f 1241/711/1185 1240/714/1184 1245/715/1189 1243/712/1187 
f 1240/714/1184 1239/716/1183 1246/717/1190 1245/715/1189 
f 1239/716/1183 1238/718/1182 1247/719/1191 1246/717/1190 
f 1238/720/1182 1237/721/1181 1248/722/1192 1247/723/1191 
f 1237/721/1181 1236/724/1180 1249/725/1193 1248/722/1192 
f 1236/724/1180 1235/726/1179 1250/727/1194 1249/725/1193 
f 1235/726/1179 1234/728/1178 1251/729/1195 1250/727/1194 
f 1234/728/1178 1233/730/1177 1252/731/1196 1251/729/1195 
f 1233/730/1177 1232/732/1176 1253/733/1197 1252/731/1196 
f 1232/732/1176 1231/734/1175 1254/735/1198 1253/733/1197 
f 1231/734/1175 1230/736/1174 1255/737/1199 1254/735/1198 
f 1230/736/1174 1229/738/1173 1256/739/1200 1255/737/1199 
f 1229/738/1173 1228/740/1172 1257/741/1201 1256/739/1200 
f 1228/740/1172 1227/742/1171 1258/743/1202 1257/741/1201 
f 1227/742/1171 1226/744/1170 1259/745/1203 1258/743/1202 
f 1226/744/1170 1225/746/1169 1260/747/1204 1259/745/1203 
f 1225/746/1169 1242/710/1186 1244/713/1188 1260/747/1204 
f 1244/713/1188 1243/712/1187 1261/748/1187 1262/749/1188 
f 1243/712/1187 1245/715/1189 1263/750/1189 1261/748/1187 
f 1245/715/1189 1246/717/1190 1264/751/1190 1263/750/1189 
f 1246/717/1190 1247/719/1191 1265/752/1191 1264/751/1190 
f 1247/723/1191 1248/722/1192 1266/753/1192 1265/754/1191 
f 1248/722/1192 1249/725/1193 1267/755/1193 1266/753/1192 
f 1249/725/1193 1250/727/1194 1268/756/1194 1267/755/1193 
f 1250/727/1194 1251/729/1195 1269/757/1195 1268/756/1194 
f 1251/729/1195 1252/731/1196 1270/758/1196 1269/757/1195 
f 1252/731/1196 1253/733/1197 1271/759/1197 1270/758/1196 
f 1253/733/1197 1254/735/1198 1272/760/1198 1271/759/1197 
f 1254/735/1198 1255/737/1199 1273/761/1199 1272/760/1198 
f 1255/737/1199 1256/739/1200 1274/762/1200 1273/761/1199 
f 1256/739/1200 1257/741/1201 1275/763/1201 1274/762/1200 
f 1257/741/1201 1258/743/1202 1276/764/1202 1275/763/1201 
f 1258/743/1202 1259/745/1203 1277/765/1203 1276/764/1202 
f 1259/745/1203 1260/747/1204 1278/766/1204 1277/765/1203 
f 1260/747/1204 1244/713/1188 1262/749/1188 1278/766/1204 
f 1262/749/1188 1261/748/1187 1279/767/1187 1280/768/1188 
f 1261/748/1187 1263/750/1189 1281/769/1189 1279/767/1187 
f 1263/750/1189 1264/751/1190 1282/770/1190 1281/769/1189 
f 1264/751/1190 1265/752/1191 1283/771/1191 1282/770/1190 
f 1265/754/1191 1266/753/1192 1284/772/1192 1283/773/1191 
f 1266/753/1192 1267/755/1193 1285/774/1193 1284/772/1192 
f 1267/755/1193 1268/756/1194 1286/775/1194 1285/774/1193 
f 1268/756/1194 1269/757/1195 1287/776/1195 1286/775/1194 
f 1269/757/1195 1270/758/1196 1288/777/1196 1287/776/1195 
f 1270/758/1196 1271/759/1197 1289/778/1197 1288/777/1196 
f 1271/759/1197 1272/760/1198 1290/779/1198 1289/778/1197 
f 1272/760/1198 1273/761/1199 1291/780/1199 1290/779/1198 
f 1273/761/1199 1274/762/1200 1292/781/1200 1291/780/1199 
f 1274/762/1200 1275/763/1201 1293/782/1201 1292/781/1200 
f 1275/763/1201 1276/764/1202 1294/783/1202 1293/782/1201 
f 1276/764/1202 1277/765/1203 1295/784/1203 1294/783/1202 
f 1277/765/1203 1278/766/1204 1296/785/1204 1295/784/1203 
f 1278/766/1204 1262/749/1188 1280/768/1188 1296/785/1204 
f 1280/768/1188 1279/767/1187 1297/786/1187 1298/787/1188 
f 1279/767/1187 1281/769/1189 1299/788/1189 1297/786/1187 
f 1281/769/1189 1282/770/1190 1300/789/1190 1299/788/1189 
f 1282/770/1190 1283/771/1191 1301/790/1191 1300/789/1190 
f 1283/773/1191 1284/772/1192 1302/791/1192 1301/792/1191 
f 1284/772/1192 1285/774/1193 1303/793/1193 1302/791/1192 
f 1285/774/1193 1286/775/1194 1304/794/1194 1303/793/1193 
f 1286/775/1194 1287/776/1195 1305/795/1195 1304/794/1194 
f 1287/776/1195 1288/777/1196 1306/796/1196 1305/795/1195 
f 1288/777/1196 1289/778/1197 1307/797/1197 1306/796/1196 
f 1289/778/1197 1290/779/1198 1308/798/1198 1307/797/1197 
f 1290/779/1198 1291/780/1199 1309/799/1199 1308/798/1198 
f 1291/780/1199 1292/781/1200 1310/800/1200 1309/799/1199 
f 1292/781/1200 1293/782/1201 1311/801/1201 1310/800/1200 
f 1293/782/1201 1294/783/1202 1312/802/1202 1311/801/1201 
f 1294/783/1202 1295/784/1203 1313/803/1203 1312/802/1202 
f 1295/784/1203 1296/785/1204 1314/804/1204 1313/803/1203 
f 1296/785/1204 1280/768/1188 1298/787/1188 1314/804/1204 
f 1298/787/1188 1297/786/1187 1315/805/1205 1316/806/1206 
f 1297/786/1187 1299/788/1189 1317/807/1207 1315/805/1205 
f 1299/788/1189 1300/789/1190 1318/808/1208 1317/807/1207 
f 1300/789/1190 1301/790/1191 1319/809/1209 1318/808/1208 
f 1301/792/1191 1302/791/1192 1320/810/1210 1319/811/1209 
f 1302/791/1192 1303/793/1193 1321/812/1211 1320/810/1210 
f 1303/793/1193 1304/794/1194 1322/813/1212 1321/812/1211 
f 1304/794/1194 1305/795/1195 1323/814/1213 1322/813/1212 
f 1305/795/1195 1306/796/1196 1324/815/1214 1323/814/1213 
f 1306/796/1196 1307/797/1197 1325/816/1215 1324/815/1214 
f 1307/797/1197 1308/798/1198 1326/817/1216 1325/816/1215 
f 1308/798/1198 1309/799/1199 1327/818/1217 1326/817/1216 
f 1309/799/1199 1310/800/1200 1328/819/1218 1327/818/1217 
f 1310/800/1200 1311/801/1201 1329/820/1219 1328/819/1218 
f 1311/801/1201 1312/802/1202 1330/821/1220 1329/820/1219 
f 1312/802/1202 1313/803/1203 1331/822/1221 1330/821/1220 
f 1313/803/1203 1314/804/1204 1332/823/1222 1331/822/1221 
f 1314/804/1204 1298/787/1188 1316/806/1206 1332/823/1222 
s 1
f 1332/823/1222 1316/806/1206 1315/805/1205 1317/807/1207 1318/808/1208 1319/809/1209 1320/824/1210 1321/827/1211 1322/828/1212 1323/851/1213 1324/830/1214 1325/831/1215 1326/832/1216 1327/833/1217 1328/825/1218 1329/826/1219 1330/834/1220 1331/835/1221 
# 1190 polygons - 165 triangles

