# 3ds Max Wavefront OBJ Exporter v0.99 - (c)2007 guruware
# File Created: 27.09.2026 17:52:18

mtllib robot.mtl

#
# object Box003
#

v  -61.8221 19.3821 22.6727
v  -61.8221 19.3821 7.5022
v  -48.1237 19.3821 7.5022
v  -48.1237 19.3821 22.6727
v  -61.8221 45.2973 22.6727
v  -48.1237 45.2973 22.6727
v  -48.1237 45.2973 7.5022
v  -61.8221 45.2973 7.5022
v  -45.5738 21.4829 21.4430
v  -45.5738 21.4829 8.7320
v  -45.5738 43.1965 8.7320
v  -45.5738 43.1965 21.4430
v  -37.3442 0.0000 21.2502
v  -40.3355 0.0000 26.4314
v  -44.9186 0.0000 30.2770
v  -50.5405 0.0000 32.3232
v  -56.5232 0.0000 32.3232
v  -62.1451 0.0000 30.2770
v  -66.7281 0.0000 26.4314
v  -69.7195 0.0000 21.2502
v  -70.7584 0.0000 15.3584
v  -69.7195 0.0000 9.4665
v  -66.7281 0.0000 4.2854
v  -62.1451 0.0000 0.4398
v  -56.5232 0.0000 -1.6065
v  -50.5405 0.0000 -1.6065
v  -44.9186 0.0000 0.4398
v  -40.3355 0.0000 4.2854
v  -37.3442 0.0000 9.4665
v  -36.3053 0.0000 15.3584
v  -37.3442 1.1653 9.4665
v  -36.3053 1.1653 15.3584
v  -40.3355 1.1653 4.2854
v  -44.9186 1.1653 0.4398
v  -50.5405 1.1653 -1.6065
v  -56.5232 1.1653 -1.6065
v  -62.1451 1.1653 0.4398
v  -66.7281 1.1653 4.2854
v  -69.7195 1.1653 9.4665
v  -70.7584 1.1653 15.3584
v  -69.7195 1.1653 21.2502
v  -66.7281 1.1653 26.4314
v  -62.1451 1.1653 30.2770
v  -56.5232 1.1653 32.3232
v  -50.5405 1.1653 32.3232
v  -44.9186 1.1653 30.2770
v  -40.3355 1.1653 26.4314
v  -37.3442 1.1653 21.2502
v  -37.3442 2.3307 9.4665
v  -36.3053 2.3307 15.3584
v  -40.3355 2.3307 4.2854
v  -44.9186 2.3307 0.4398
v  -50.5405 2.3307 -1.6065
v  -56.5232 2.3307 -1.6065
v  -62.1451 2.3307 0.4398
v  -66.7281 2.3307 4.2854
v  -69.7195 2.3307 9.4665
v  -70.7584 2.3307 15.3584
v  -69.7195 2.3307 21.2502
v  -66.7281 2.3307 26.4314
v  -62.1451 2.3307 30.2770
v  -56.5232 2.3307 32.3232
v  -50.5405 2.3307 32.3232
v  -44.9186 2.3307 30.2770
v  -40.3355 2.3307 26.4314
v  -37.3442 2.3307 21.2502
v  -37.3442 3.4960 9.4665
v  -36.3053 3.4960 15.3584
v  -40.3355 3.4960 4.2854
v  -44.9186 3.4960 0.4398
v  -50.5405 3.4960 -1.6065
v  -56.5232 3.4960 -1.6065
v  -62.1451 3.4960 0.4398
v  -66.7281 3.4960 4.2854
v  -69.7195 3.4960 9.4665
v  -70.7584 3.4960 15.3584
v  -69.7195 3.4960 21.2502
v  -66.7281 3.4960 26.4314
v  -62.1451 3.4960 30.2770
v  -56.5232 3.4960 32.3232
v  -50.5405 3.4960 32.3232
v  -44.9186 3.4960 30.2770
v  -40.3355 3.4960 26.4314
v  -37.3442 3.4960 21.2502
v  -37.3442 4.6613 9.4665
v  -36.3053 4.6613 15.3584
v  -40.3355 4.6613 4.2854
v  -44.9186 4.6613 0.4398
v  -50.5405 4.6613 -1.6065
v  -56.5232 4.6613 -1.6065
v  -62.1451 4.6613 0.4398
v  -66.7281 4.6613 4.2854
v  -69.7195 4.6613 9.4665
v  -70.7584 4.6613 15.3584
v  -69.7195 4.6613 21.2502
v  -66.7281 4.6613 26.4314
v  -62.1451 4.6613 30.2770
v  -56.5232 4.6613 32.3232
v  -50.5405 4.6613 32.3232
v  -44.9186 4.6613 30.2770
v  -40.3355 4.6613 26.4314
v  -37.3442 4.6613 21.2502
v  -37.3442 5.8266 9.4665
v  -36.3053 5.8266 15.3584
v  -40.3355 5.8266 4.2854
v  -44.9186 5.8266 0.4398
v  -50.5405 5.8266 -1.6065
v  -56.5232 5.8266 -1.6065
v  -62.1451 5.8266 0.4398
v  -66.7281 5.8266 4.2854
v  -69.7195 5.8266 9.4665
v  -70.7584 5.8266 15.3584
v  -69.7195 5.8266 21.2502
v  -66.7281 5.8266 26.4314
v  -62.1451 5.8266 30.2770
v  -56.5232 5.8266 32.3232
v  -50.5405 5.8266 32.3232
v  -44.9186 5.8266 30.2770
v  -40.3355 5.8266 26.4314
v  -37.3442 5.8266 21.2502
v  -57.7764 5.8266 14.9637
v  -57.7764 5.8266 7.5747
v  -47.1934 5.8266 7.5747
v  -47.1934 5.8266 14.9637
v  -57.7764 9.1267 14.9637
v  -47.1934 9.1267 14.9637
v  -47.1934 9.1267 7.5747
v  -57.7764 9.1267 7.5747
v  -57.7764 5.8266 23.0243
v  -57.7764 5.8266 15.6354
v  -47.1934 5.8266 15.6354
v  -47.1934 5.8266 23.0243
v  -57.7764 9.1267 23.0243
v  -47.1934 9.1267 23.0243
v  -47.1934 9.1267 15.6354
v  -57.7764 9.1267 15.6354
v  -51.3618 19.3821 21.5924
v  -51.3618 19.3821 16.3751
v  -58.1801 19.3821 16.3751
v  -58.1801 19.3821 21.5923
v  -51.3618 7.1552 21.5923
v  -58.1801 7.1552 21.5923
v  -58.1801 7.1552 16.3750
v  -51.3618 7.1552 16.3751
v  -51.3618 19.3821 13.9132
v  -51.3618 19.3821 8.6959
v  -58.1801 19.3821 8.6959
v  -58.1801 19.3821 13.9132
v  -51.3618 7.1552 13.9132
v  -58.1801 7.1552 13.9132
v  -58.1801 7.1552 8.6959
v  -51.3618 7.1552 8.6959
v  -45.6626 32.1991 11.5685
v  -45.6739 34.6205 11.5877
v  -45.7127 34.6340 9.8603
v  -45.7013 32.2126 9.8411
v  -43.5697 32.2093 11.5216
v  -43.6085 32.2228 9.7942
v  -43.6198 34.6442 9.8134
v  -43.5811 34.6307 11.5408
v  -49.9211 37.9558 3.4069
v  -50.3262 37.5634 2.0452
v  -51.3042 36.6158 1.4812
v  -52.2822 35.6683 2.0452
v  -52.6873 35.2758 3.4069
v  -52.2822 35.6683 4.7686
v  -51.3042 36.6158 5.3327
v  -50.3262 37.5634 4.7686
v  -49.6506 37.6767 3.4069
v  -50.0557 37.2842 2.0452
v  -50.0557 37.2842 4.7686
v  -51.0337 36.3367 5.3327
v  -52.0117 35.3891 4.7686
v  -52.4168 34.9967 3.4069
v  -52.0117 35.3891 2.0452
v  -51.0337 36.3367 1.4812
v  -49.3802 37.3975 3.4069
v  -49.7852 37.0050 2.0452
v  -49.7852 37.0050 4.7686
v  -50.7632 36.0575 5.3327
v  -51.7412 35.1100 4.7686
v  -52.1463 34.7175 3.4069
v  -51.7412 35.1100 2.0452
v  -50.7632 36.0575 1.4812
v  -49.1097 37.1183 3.4069
v  -49.5148 36.7258 2.0452
v  -49.5148 36.7258 4.7686
v  -50.4928 35.7783 5.3327
v  -51.4707 34.8308 4.7686
v  -51.8758 34.4383 3.4069
v  -51.4707 34.8308 2.0452
v  -50.4928 35.7783 1.4812
v  -48.8392 36.8391 3.4069
v  -49.2443 36.4467 2.0452
v  -49.2443 36.4467 4.7686
v  -50.2223 35.4991 5.3327
v  -51.2003 34.5516 4.7686
v  -51.6054 34.1592 3.4069
v  -51.2003 34.5516 2.0452
v  -50.2223 35.4991 1.4812
v  -48.5946 36.5349 3.4069
v  -48.9921 36.1497 2.0707
v  -48.9921 36.1497 4.7431
v  -49.9518 35.2200 5.2966
v  -50.9115 34.2902 4.7431
v  -51.3090 33.9051 3.4069
v  -50.9115 34.2902 2.0707
v  -49.9518 35.2200 1.5173
v  -48.5033 36.0822 3.4069
v  -48.8483 35.7479 2.2471
v  -48.8483 35.7479 4.5668
v  -49.6813 34.9408 5.0472
v  -50.5143 34.1337 4.5668
v  -50.8594 33.7994 3.4069
v  -50.5143 34.1337 2.2471
v  -49.6813 34.9408 1.7666
v  -48.4630 35.5799 3.4069
v  -48.7407 35.3109 2.4738
v  -48.7407 35.3109 4.3401
v  -49.4109 34.6616 4.7266
v  -50.0810 34.0123 4.3401
v  -50.3587 33.7434 3.4069
v  -50.0810 34.0123 2.4738
v  -49.4109 34.6616 2.0872
v  -48.3095 35.1875 3.4069
v  -48.5528 34.9517 2.5889
v  -48.5528 34.9517 4.2250
v  -49.1404 34.3825 4.5638
v  -49.7279 33.8132 4.2250
v  -49.9713 33.5774 3.4069
v  -49.7279 33.8132 2.5889
v  -49.1404 34.3825 2.2500
v  -47.9590 34.9858 3.4069
v  -48.2258 34.7273 2.5101
v  -48.2258 34.7273 4.3037
v  -48.8699 34.1033 4.6752
v  -49.5140 33.4793 4.3037
v  -49.7808 33.2208 3.4069
v  -49.5140 33.4793 2.5101
v  -48.8699 34.1033 2.1387
v  -47.4689 34.9195 3.4069
v  -47.8000 34.5986 2.2938
v  -47.8000 34.5986 4.5200
v  -48.5994 33.8241 4.9811
v  -49.3989 33.0496 4.5200
v  -49.7300 32.7288 3.4069
v  -49.3989 33.0496 2.2938
v  -48.5994 33.8241 1.8328
v  -46.9959 34.8365 3.4069
v  -47.3863 34.4582 2.0945
v  -47.3863 34.4582 4.7194
v  -48.3289 33.5449 5.2630
v  -49.2716 32.6317 4.7194
v  -49.6620 32.2534 3.4069
v  -49.2716 32.6317 2.0945
v  -48.3289 33.5449 1.5508
v  -46.6848 34.5966 3.4069
v  -47.0872 34.2068 2.0545
v  -47.0872 34.2068 4.7593
v  -48.0585 33.2658 5.3195
v  -49.0298 32.3247 4.7593
v  -49.4321 31.9349 3.4069
v  -49.0298 32.3247 2.0545
v  -48.0585 33.2658 1.4943
v  -46.5646 34.1718 3.4069
v  -46.9229 33.8247 2.2025
v  -46.9229 33.8247 4.6114
v  -47.7880 32.9866 5.1103
v  -48.6530 32.1485 4.6114
v  -49.0114 31.8013 3.4069
v  -48.6530 32.1485 2.2025
v  -47.7880 32.9866 1.7036
v  -46.5280 33.6661 3.4069
v  -46.8178 33.3853 2.4327
v  -46.8178 33.3853 4.3812
v  -47.5175 32.7074 4.7847
v  -48.2172 32.0295 4.3812
v  -48.5071 31.7487 3.4069
v  -48.2172 32.0295 2.4327
v  -47.5175 32.7074 2.0291
v  -46.4078 33.2414 3.4069
v  -46.6536 33.0032 2.5806
v  -46.6536 33.0032 4.2332
v  -47.2470 32.4282 4.5755
v  -47.8405 31.8533 4.2332
v  -48.0863 31.6151 3.4069
v  -47.8405 31.8533 2.5806
v  -47.2470 32.4282 2.2384
v  -46.0967 33.0015 3.4069
v  -46.3544 32.7519 2.5406
v  -46.3544 32.7519 4.2732
v  -46.9766 32.1491 4.6320
v  -47.5987 31.5463 4.2732
v  -47.8564 31.2966 3.4069
v  -47.5987 31.5463 2.5406
v  -46.9766 32.1491 2.1818
v  -45.6237 32.9185 3.4069
v  -45.9408 32.6114 2.3413
v  -45.9408 32.6114 4.4725
v  -46.7061 31.8699 4.9139
v  -47.4714 31.1284 4.4725
v  -47.7884 30.8213 3.4069
v  -47.4714 31.1284 2.3413
v  -46.7061 31.8699 1.8999
v  -45.1336 32.8522 3.4069
v  -45.5149 32.4827 2.1250
v  -45.5149 32.4827 4.6889
v  -46.4356 31.5907 5.2199
v  -47.3563 30.6987 4.6889
v  -47.7377 30.3292 3.4069
v  -47.3563 30.6987 2.1250
v  -46.4356 31.5907 1.5940
v  -44.7831 32.6505 3.4069
v  -45.1879 32.2584 2.0463
v  -45.1879 32.2584 4.7676
v  -46.1651 31.3116 5.3312
v  -47.1424 30.3648 4.7676
v  -47.5472 29.9726 3.4069
v  -47.1424 30.3648 2.0463
v  -46.1651 31.3116 1.4826
v  -44.6295 32.2581 3.4069
v  -45.0001 31.8991 2.1614
v  -45.0001 31.8991 4.6525
v  -45.8947 31.0324 5.1684
v  -46.7892 30.1657 4.6525
v  -47.1598 29.8067 3.4069
v  -46.7892 30.1657 2.1614
v  -45.8947 31.0324 1.6454
v  -44.5893 31.7558 3.4069
v  -44.8924 31.4622 2.3880
v  -44.8924 31.4622 4.4258
v  -45.6242 30.7532 4.8478
v  -46.3559 30.0442 4.4258
v  -46.6591 29.7506 3.4069
v  -46.3559 30.0442 2.3880
v  -45.6242 30.7532 1.9660
v  -44.4979 31.3031 3.4069
v  -44.7486 31.0603 2.5644
v  -44.7486 31.0603 4.2495
v  -45.3537 30.4740 4.5985
v  -45.9588 29.8878 4.2495
v  -46.2095 29.6449 3.4069
v  -45.9588 29.8878 2.5644
v  -45.3537 30.4740 2.2154
v  -44.2275 31.0240 3.4069
v  -44.4781 30.7811 2.5644
v  -44.4781 30.7811 4.2495
v  -45.0832 30.1949 4.5985
v  -45.6884 29.6086 4.2495
v  -45.9390 29.3658 3.4069
v  -45.6883 29.6086 2.5644
v  -45.0832 30.1949 2.2154
v  -43.7779 30.9183 3.4069
v  -44.0810 30.6247 2.3880
v  -44.0810 30.6247 4.4258
v  -44.8128 29.9157 4.8478
v  -45.5445 29.2067 4.4258
v  -45.8476 28.9131 3.4069
v  -45.5445 29.2067 2.3880
v  -44.8128 29.9157 1.9660
v  -43.2772 30.8622 3.4069
v  -43.6477 30.5032 2.1614
v  -43.6477 30.5032 4.6525
v  -44.5423 29.6365 5.1684
v  -45.4369 28.7698 4.6525
v  -45.8074 28.4108 3.4069
v  -45.4369 28.7698 2.1613
v  -44.5423 29.6365 1.6454
v  -42.8898 30.6963 3.4069
v  -43.2946 30.3041 2.0463
v  -43.2946 30.3041 4.7676
v  -44.2718 29.3573 5.3312
v  -45.2490 28.4106 4.7676
v  -45.6538 28.0184 3.4069
v  -45.2490 28.4106 2.0463
v  -44.2718 29.3573 1.4826
v  -42.6993 30.3397 3.4069
v  -43.0806 29.9702 2.1250
v  -43.0806 29.9702 4.6889
v  -44.0013 29.0782 5.2199
v  -44.9220 28.1862 4.6889
v  -45.3034 27.8167 3.4069
v  -44.9220 28.1862 2.1250
v  -44.0013 29.0782 1.5940
v  -42.6485 29.8476 3.4069
v  -42.9655 29.5405 2.3413
v  -42.9655 29.5405 4.4725
v  -43.7309 28.7990 4.9139
v  -44.4962 28.0575 4.4725
v  -44.8132 27.7504 3.4069
v  -44.4962 28.0575 2.3413
v  -43.7309 28.7990 1.8999
v  -42.5805 29.3723 3.4069
v  -42.8382 29.1226 2.5406
v  -42.8382 29.1226 4.2732
v  -43.4604 28.5198 4.6320
v  -44.0825 27.9170 4.2732
v  -44.3402 27.6674 3.4069
v  -44.0825 27.9170 2.5406
v  -43.4604 28.5198 2.1818
v  -42.3506 29.0538 3.4069
v  -42.5965 28.8156 2.5806
v  -42.5965 28.8156 4.2332
v  -43.1899 28.2407 4.5755
v  -43.7834 27.6657 4.2332
v  -44.0292 27.4275 3.4069
v  -43.7834 27.6657 2.5806
v  -43.1899 28.2407 2.2384
v  -41.9299 28.9202 3.4069
v  -42.2197 28.6394 2.4327
v  -42.2197 28.6394 4.3812
v  -42.9194 27.9615 4.7847
v  -43.6191 27.2836 4.3812
v  -43.9090 27.0028 3.4069
v  -43.6191 27.2836 2.4327
v  -42.9194 27.9615 2.0291
v  -41.4256 28.8676 3.4069
v  -41.7839 28.5204 2.2025
v  -41.7839 28.5204 4.6114
v  -42.6489 27.6823 5.1103
v  -43.5140 26.8442 4.6114
v  -43.8723 26.4971 3.4069
v  -43.5140 26.8442 2.2025
v  -42.6489 27.6823 1.7036
v  -41.0048 28.7340 3.4069
v  -41.4072 28.3442 2.0545
v  -41.4072 28.3442 4.7593
v  -42.3785 27.4031 5.3195
v  -43.3498 26.4621 4.7593
v  -43.7521 26.0723 3.4069
v  -43.3498 26.4621 2.0545
v  -42.3785 27.4031 1.4943
v  -40.7749 28.4155 3.4069
v  -41.1654 28.0372 2.0945
v  -41.1654 28.0372 4.7194
v  -42.1080 27.1240 5.2630
v  -43.0506 26.2107 4.7194
v  -43.4410 25.8324 3.4069
v  -43.0506 26.2107 2.0945
v  -42.1080 27.1240 1.5508
v  -40.7070 27.9401 3.4069
v  -41.0381 27.6193 2.2938
v  -41.0381 27.6193 4.5200
v  -41.8375 26.8448 4.9811
v  -42.6370 26.0703 4.5200
v  -42.9681 25.7494 3.4069
v  -42.6370 26.0703 2.2938
v  -41.8375 26.8448 1.8328
v  -40.6562 27.4481 3.4069
v  -40.9230 27.1896 2.5101
v  -40.9230 27.1896 4.3037
v  -41.5670 26.5656 4.6752
v  -42.2111 25.9416 4.3037
v  -42.4779 25.6831 3.4069
v  -42.2111 25.9416 2.5101
v  -41.5670 26.5656 2.1387
v  -40.4657 27.0915 3.4069
v  -40.7090 26.8557 2.5889
v  -40.7090 26.8557 4.2250
v  -41.2966 26.2865 4.5638
v  -41.8841 25.7172 4.2250
v  -42.1275 25.4814 3.4069
v  -41.8841 25.7172 2.5889
v  -41.2966 26.2865 2.2500
v  -40.0783 26.9256 3.4069
v  -40.3559 26.6566 2.4738
v  -40.3559 26.6566 4.3401
v  -41.0261 26.0073 4.7266
v  -41.6963 25.3580 4.3401
v  -41.9739 25.0890 3.4069
v  -41.6963 25.3580 2.4738
v  -41.0261 26.0073 2.0872
v  -39.5776 26.8695 3.4069
v  -39.9226 26.5352 2.2471
v  -39.9226 26.5352 4.5668
v  -40.7556 25.7281 5.0472
v  -41.5886 24.9210 4.5668
v  -41.9337 24.5868 3.4069
v  -41.5886 24.9210 2.2471
v  -40.7556 25.7281 1.7666
v  -39.1280 26.7638 3.4069
v  -39.5255 26.3787 2.0707
v  -39.5255 26.3787 4.7431
v  -40.4851 25.4489 5.2966
v  -41.4448 24.5192 4.7431
v  -41.8423 24.1341 3.4069
v  -41.4448 24.5192 2.0707
v  -40.4851 25.4489 1.5173
v  -38.8316 26.5098 3.4069
v  -39.2367 26.1173 2.0452
v  -39.2367 26.1173 4.7686
v  -40.2147 25.1698 5.3327
v  -41.1926 24.2222 4.7686
v  -41.5977 23.8298 3.4069
v  -41.1926 24.2222 2.0452
v  -40.2147 25.1698 1.4812
v  -38.5611 26.2306 3.4069
v  -38.9662 25.8381 2.0452
v  -38.9662 25.8381 4.7686
v  -39.9442 24.8906 5.3327
v  -40.9222 23.9431 4.7686
v  -41.3273 23.5506 3.4069
v  -40.9222 23.9431 2.0452
v  -39.9442 24.8906 1.4812
v  -38.2906 25.9514 3.4069
v  -38.6957 25.5589 2.0452
v  -38.6957 25.5589 4.7686
v  -39.6737 24.6114 5.3327
v  -40.6517 23.6639 4.7686
v  -41.0568 23.2714 3.4069
v  -40.6517 23.6639 2.0452
v  -39.6737 24.6114 1.4812
v  -38.0202 25.6722 3.4069
v  -38.4253 25.2798 2.0452
v  -38.4253 25.2798 4.7686
v  -39.4032 24.3322 5.3327
v  -40.3812 23.3847 4.7686
v  -40.7863 22.9923 3.4069
v  -40.3812 23.3847 2.0452
v  -39.4032 24.3322 1.4812
v  -37.7497 25.3931 3.4069
v  -38.1548 25.0006 2.0452
v  -38.1548 25.0006 4.7686
v  -39.1328 24.0531 5.3327
v  -40.1107 23.1056 4.7686
v  -40.5158 22.7131 3.4069
v  -40.1107 23.1056 2.0452
v  -39.1328 24.0531 1.4812
v  -64.7064 46.9824 10.7452
v  -63.8705 46.9311 10.7452
v  -63.9825 46.9311 10.3272
v  -64.2884 46.9311 10.0213
v  -64.7064 46.9311 9.9093
v  -65.1243 46.9311 10.0213
v  -65.4303 46.9311 10.3272
v  -65.5422 46.9311 10.7452
v  -65.4303 46.9311 11.1631
v  -65.1243 46.9311 11.4691
v  -64.7064 46.9311 11.5811
v  -64.2884 46.9311 11.4691
v  -63.9825 46.9311 11.1631
v  -63.0471 46.7781 10.7452
v  -63.2694 46.7781 9.9156
v  -63.8767 46.7781 9.3082
v  -64.7064 46.7781 9.0859
v  -65.5360 46.7781 9.3082
v  -66.1433 46.7781 9.9156
v  -66.3656 46.7781 10.7452
v  -66.1433 46.7781 11.5748
v  -65.5360 46.7781 12.1821
v  -64.7064 46.7781 12.4044
v  -63.8767 46.7781 12.1821
v  -63.2694 46.7781 11.5748
v  -62.2486 46.5257 10.7452
v  -62.5779 46.5257 9.5163
v  -63.4775 46.5257 8.6167
v  -64.7064 46.5257 8.2874
v  -65.9352 46.5257 8.6167
v  -66.8348 46.5257 9.5163
v  -67.1641 46.5257 10.7452
v  -66.8348 46.5257 11.9740
v  -65.9352 46.5257 12.8736
v  -64.7064 46.5257 13.2029
v  -63.4775 46.5257 12.8736
v  -62.5779 46.5257 11.9740
v  -61.4869 46.1775 10.7452
v  -61.9183 46.1775 9.1355
v  -63.0966 46.1775 7.9571
v  -64.7064 46.1775 7.5258
v  -66.3161 46.1775 7.9571
v  -67.4944 46.1775 9.1355
v  -67.9258 46.1775 10.7452
v  -67.4944 46.1775 12.3549
v  -66.3161 46.1775 13.5333
v  -64.7064 46.1775 13.9646
v  -63.0967 46.1775 13.5333
v  -61.9183 46.1775 12.3549
v  -61.4869 31.3608 10.7452
v  -61.9183 31.3608 9.1355
v  -63.0966 31.3608 7.9571
v  -64.7064 31.3608 7.5258
v  -66.3161 31.3608 7.9571
v  -67.4944 31.3608 9.1355
v  -67.9258 31.3608 10.7452
v  -67.4944 31.3608 12.3549
v  -66.3161 31.3608 13.5333
v  -64.7064 31.3608 13.9646
v  -63.0967 31.3608 13.5333
v  -61.9183 31.3608 12.3549
v  -62.2486 31.0127 10.7452
v  -62.5779 31.0127 9.5163
v  -63.4775 31.0127 8.6167
v  -64.7064 31.0127 8.2874
v  -65.9352 31.0127 8.6167
v  -66.8348 31.0127 9.5163
v  -67.1641 31.0127 10.7452
v  -66.8348 31.0127 11.9740
v  -65.9352 31.0127 12.8736
v  -64.7064 31.0127 13.2029
v  -63.4775 31.0127 12.8736
v  -62.5779 31.0127 11.9740
v  -63.0471 30.7602 10.7452
v  -63.2694 30.7602 9.9156
v  -63.8767 30.7602 9.3082
v  -64.7064 30.7602 9.0859
v  -65.5360 30.7602 9.3082
v  -66.1433 30.7602 9.9156
v  -66.3656 30.7602 10.7452
v  -66.1433 30.7602 11.5748
v  -65.5360 30.7602 12.1821
v  -64.7064 30.7602 12.4044
v  -63.8767 30.7602 12.1821
v  -63.2694 30.7602 11.5748
v  -63.8705 30.6072 10.7452
v  -63.9825 30.6072 10.3272
v  -64.2884 30.6072 10.0213
v  -64.7064 30.6072 9.9093
v  -65.1243 30.6072 10.0213
v  -65.4303 30.6072 10.3272
v  -65.5422 30.6072 10.7452
v  -65.4303 30.6072 11.1631
v  -65.1243 30.6072 11.4691
v  -64.7064 30.6072 11.5811
v  -64.2884 30.6072 11.4691
v  -63.9825 30.6072 11.1631
v  -64.7064 30.5560 10.7452
v  -64.7064 46.9824 17.3892
v  -63.8705 46.9311 17.3892
v  -63.9825 46.9311 16.9713
v  -64.2884 46.9311 16.6653
v  -64.7064 46.9311 16.5534
v  -65.1243 46.9311 16.6653
v  -65.4303 46.9311 16.9713
v  -65.5422 46.9311 17.3892
v  -65.4303 46.9311 17.8072
v  -65.1243 46.9311 18.1131
v  -64.7064 46.9311 18.2251
v  -64.2884 46.9311 18.1131
v  -63.9825 46.9311 17.8072
v  -63.0471 46.7781 17.3892
v  -63.2694 46.7781 16.5596
v  -63.8767 46.7781 15.9523
v  -64.7064 46.7781 15.7300
v  -65.5360 46.7781 15.9523
v  -66.1433 46.7781 16.5596
v  -66.3656 46.7781 17.3892
v  -66.1433 46.7781 18.2189
v  -65.5360 46.7781 18.8262
v  -64.7064 46.7781 19.0485
v  -63.8767 46.7781 18.8262
v  -63.2694 46.7781 18.2189
v  -62.2486 46.5257 17.3892
v  -62.5779 46.5257 16.1604
v  -63.4775 46.5257 15.2608
v  -64.7064 46.5257 14.9315
v  -65.9352 46.5257 15.2608
v  -66.8348 46.5257 16.1604
v  -67.1641 46.5257 17.3892
v  -66.8348 46.5257 18.6181
v  -65.9352 46.5257 19.5177
v  -64.7064 46.5257 19.8470
v  -63.4775 46.5257 19.5177
v  -62.5779 46.5257 18.6181
v  -61.4869 46.1775 17.3892
v  -61.9183 46.1775 15.7795
v  -63.0966 46.1775 14.6012
v  -64.7064 46.1775 14.1698
v  -66.3161 46.1775 14.6012
v  -67.4944 46.1775 15.7795
v  -67.9258 46.1775 17.3892
v  -67.4944 46.1775 18.9989
v  -66.3161 46.1775 20.1773
v  -64.7064 46.1775 20.6086
v  -63.0967 46.1775 20.1773
v  -61.9183 46.1775 18.9989
v  -61.4869 31.3608 17.3892
v  -61.9183 31.3608 15.7795
v  -63.0966 31.3608 14.6012
v  -64.7064 31.3608 14.1698
v  -66.3161 31.3608 14.6012
v  -67.4944 31.3608 15.7795
v  -67.9258 31.3608 17.3892
v  -67.4944 31.3608 18.9989
v  -66.3161 31.3608 20.1773
v  -64.7064 31.3608 20.6086
v  -63.0967 31.3608 20.1773
v  -61.9183 31.3608 18.9989
v  -62.2486 31.0127 17.3892
v  -62.5779 31.0127 16.1604
v  -63.4775 31.0127 15.2608
v  -64.7064 31.0127 14.9315
v  -65.9352 31.0127 15.2608
v  -66.8348 31.0127 16.1604
v  -67.1641 31.0127 17.3892
v  -66.8348 31.0127 18.6181
v  -65.9352 31.0127 19.5177
v  -64.7064 31.0127 19.8470
v  -63.4775 31.0127 19.5177
v  -62.5779 31.0127 18.6181
v  -63.0471 30.7602 17.3892
v  -63.2694 30.7602 16.5596
v  -63.8767 30.7602 15.9523
v  -64.7064 30.7602 15.7300
v  -65.5360 30.7602 15.9523
v  -66.1433 30.7602 16.5596
v  -66.3656 30.7602 17.3892
v  -66.1433 30.7602 18.2189
v  -65.5360 30.7602 18.8262
v  -64.7064 30.7602 19.0485
v  -63.8767 30.7602 18.8262
v  -63.2694 30.7602 18.2189
v  -63.8705 30.6072 17.3892
v  -63.9825 30.6072 16.9713
v  -64.2884 30.6072 16.6653
v  -64.7064 30.6072 16.5534
v  -65.1243 30.6072 16.6653
v  -65.4303 30.6072 16.9713
v  -65.5422 30.6072 17.3892
v  -65.4303 30.6072 17.8072
v  -65.1243 30.6072 18.1131
v  -64.7064 30.6072 18.2251
v  -64.2884 30.6072 18.1131
v  -63.9825 30.6072 17.8072
v  -64.7064 30.5560 17.3892
v  -42.9461 23.3649 6.3436
v  -36.8469 28.3434 6.3436
v  -36.8469 28.3434 0.8809
v  -42.9461 23.3649 0.8809
v  -39.6144 20.4677 6.3436
v  -39.6144 20.4677 0.8809
v  -33.5152 25.4462 0.8809
v  -33.5152 25.4462 6.3436
v  -42.9461 23.3649 29.7985
v  -36.8469 28.3434 29.7985
v  -36.8469 28.3434 24.3358
v  -42.9461 23.3649 24.3358
v  -39.6144 20.4677 29.7985
v  -39.6144 20.4677 24.3358
v  -33.5152 25.4462 24.3358
v  -33.5152 25.4462 29.7985
v  -49.9211 37.9558 27.2213
v  -50.3262 37.5634 25.8596
v  -51.3042 36.6158 25.2955
v  -52.2822 35.6683 25.8596
v  -52.6873 35.2758 27.2213
v  -52.2822 35.6683 28.5830
v  -51.3042 36.6158 29.1470
v  -50.3262 37.5634 28.5830
v  -49.6506 37.6767 27.2213
v  -50.0557 37.2842 25.8596
v  -50.0557 37.2842 28.5830
v  -51.0337 36.3367 29.1470
v  -52.0117 35.3891 28.5830
v  -52.4168 34.9967 27.2213
v  -52.0117 35.3891 25.8596
v  -51.0337 36.3367 25.2955
v  -49.3802 37.3975 27.2213
v  -49.7852 37.0050 25.8596
v  -49.7852 37.0050 28.5830
v  -50.7632 36.0575 29.1470
v  -51.7412 35.1100 28.5830
v  -52.1463 34.7175 27.2213
v  -51.7412 35.1100 25.8596
v  -50.7632 36.0575 25.2955
v  -49.1097 37.1183 27.2213
v  -49.5148 36.7258 25.8596
v  -49.5148 36.7258 28.5830
v  -50.4928 35.7783 29.1470
v  -51.4707 34.8308 28.5830
v  -51.8758 34.4383 27.2213
v  -51.4707 34.8308 25.8596
v  -50.4928 35.7783 25.2955
v  -48.8392 36.8391 27.2213
v  -49.2443 36.4467 25.8596
v  -49.2443 36.4467 28.5830
v  -50.2223 35.4991 29.1470
v  -51.2003 34.5516 28.5830
v  -51.6054 34.1592 27.2213
v  -51.2003 34.5516 25.8596
v  -50.2223 35.4991 25.2955
v  -48.5946 36.5349 27.2213
v  -48.9921 36.1497 25.8851
v  -48.9921 36.1497 28.5575
v  -49.9518 35.2200 29.1109
v  -50.9115 34.2902 28.5575
v  -51.3090 33.9051 27.2213
v  -50.9115 34.2902 25.8851
v  -49.9518 35.2200 25.3316
v  -48.5033 36.0822 27.2213
v  -48.8483 35.7479 26.0614
v  -48.8483 35.7479 28.3811
v  -49.6813 34.9408 28.8615
v  -50.5143 34.1337 28.3811
v  -50.8594 33.7994 27.2213
v  -50.5143 34.1337 26.0614
v  -49.6813 34.9408 25.5810
v  -48.4630 35.5799 27.2213
v  -48.7407 35.3109 26.2881
v  -48.7407 35.3109 28.1544
v  -49.4109 34.6616 28.5410
v  -50.0810 34.0123 28.1544
v  -50.3587 33.7434 27.2213
v  -50.0810 34.0123 26.2881
v  -49.4109 34.6616 25.9016
v  -48.3095 35.1875 27.2213
v  -48.5528 34.9517 26.4032
v  -48.5528 34.9517 28.0393
v  -49.1404 34.3825 28.3782
v  -49.7279 33.8132 28.0393
v  -49.9713 33.5774 27.2213
v  -49.7279 33.8132 26.4032
v  -49.1404 34.3825 26.0644
v  -47.9590 34.9858 27.2213
v  -48.2258 34.7273 26.3245
v  -48.2258 34.7273 28.1181
v  -48.8699 34.1033 28.4895
v  -49.5140 33.4793 28.1181
v  -49.7808 33.2208 27.2213
v  -49.5140 33.4793 26.3245
v  -48.8699 34.1033 25.9530
v  -47.4689 34.9195 27.2213
v  -47.8000 34.5986 26.1082
v  -47.8000 34.5986 28.3344
v  -48.5994 33.8241 28.7954
v  -49.3989 33.0496 28.3344
v  -49.7300 32.7288 27.2213
v  -49.3989 33.0496 26.1082
v  -48.5994 33.8241 25.6471
v  -46.9959 34.8365 27.2213
v  -47.3863 34.4582 25.9088
v  -47.3863 34.4582 28.5337
v  -48.3289 33.5449 29.0774
v  -49.2716 32.6317 28.5337
v  -49.6620 32.2534 27.2213
v  -49.2716 32.6317 25.9088
v  -48.3289 33.5449 25.3652
v  -46.6848 34.5966 27.2213
v  -47.0872 34.2068 25.8688
v  -47.0872 34.2068 28.5737
v  -48.0585 33.2658 29.1339
v  -49.0298 32.3247 28.5737
v  -49.4321 31.9349 27.2213
v  -49.0298 32.3247 25.8688
v  -48.0585 33.2658 25.3087
v  -46.5646 34.1718 27.2213
v  -46.9229 33.8247 26.0168
v  -46.9229 33.8247 28.4257
v  -47.7880 32.9866 28.9246
v  -48.6530 32.1485 28.4257
v  -49.0114 31.8013 27.2213
v  -48.6530 32.1485 26.0168
v  -47.7880 32.9866 25.5179
v  -46.5280 33.6661 27.2213
v  -46.8178 33.3853 26.2470
v  -46.8178 33.3853 28.1955
v  -47.5175 32.7074 28.5991
v  -48.2172 32.0295 28.1955
v  -48.5071 31.7487 27.2213
v  -48.2172 32.0295 26.2470
v  -47.5175 32.7074 25.8435
v  -46.4078 33.2414 27.2213
v  -46.6536 33.0032 26.3950
v  -46.6536 33.0032 28.0476
v  -47.2470 32.4282 28.3898
v  -47.8405 31.8533 28.0476
v  -48.0863 31.6151 27.2213
v  -47.8405 31.8533 26.3950
v  -47.2470 32.4282 26.0527
v  -46.0967 33.0015 27.2213
v  -46.3544 32.7519 26.3550
v  -46.3544 32.7519 28.0875
v  -46.9766 32.1491 28.4464
v  -47.5987 31.5463 28.0875
v  -47.8564 31.2966 27.2213
v  -47.5987 31.5463 26.3550
v  -46.9766 32.1491 25.9962
v  -45.6237 32.9185 27.2213
v  -45.9408 32.6114 26.1556
v  -45.9408 32.6114 28.2869
v  -46.7061 31.8699 28.7283
v  -47.4714 31.1284 28.2869
v  -47.7884 30.8213 27.2213
v  -47.4714 31.1284 26.1556
v  -46.7061 31.8699 25.7142
v  -45.1336 32.8522 27.2213
v  -45.5149 32.4827 25.9393
v  -45.5149 32.4827 28.5032
v  -46.4356 31.5907 29.0342
v  -47.3563 30.6987 28.5032
v  -47.7377 30.3292 27.2213
v  -47.3563 30.6987 25.9393
v  -46.4356 31.5907 25.4083
v  -44.7831 32.6505 27.2213
v  -45.1879 32.2584 25.8606
v  -45.1879 32.2584 28.5819
v  -46.1651 31.3116 29.1455
v  -47.1424 30.3648 28.5819
v  -47.5472 29.9726 27.2213
v  -47.1424 30.3648 25.8606
v  -46.1651 31.3116 25.2970
v  -44.6295 32.2581 27.2213
v  -45.0001 31.8991 25.9757
v  -45.0001 31.8991 28.4668
v  -45.8947 31.0324 28.9828
v  -46.7892 30.1657 28.4668
v  -47.1598 29.8067 27.2213
v  -46.7892 30.1657 25.9757
v  -45.8947 31.0324 25.4598
v  -44.5893 31.7558 27.2213
v  -44.8924 31.4622 26.2024
v  -44.8924 31.4622 28.2401
v  -45.6242 30.7532 28.6622
v  -46.3559 30.0442 28.2401
v  -46.6591 29.7506 27.2213
v  -46.3559 30.0442 26.2024
v  -45.6242 30.7532 25.7804
v  -44.4979 31.3031 27.2213
v  -44.7486 31.0603 26.3787
v  -44.7486 31.0603 28.0638
v  -45.3537 30.4740 28.4128
v  -45.9588 29.8878 28.0638
v  -46.2095 29.6449 27.2213
v  -45.9588 29.8878 26.3787
v  -45.3537 30.4740 26.0297
v  -44.2275 31.0240 27.2213
v  -44.4781 30.7811 26.3787
v  -44.4781 30.7811 28.0638
v  -45.0832 30.1949 28.4128
v  -45.6884 29.6086 28.0638
v  -45.9390 29.3658 27.2213
v  -45.6883 29.6086 26.3787
v  -45.0832 30.1949 26.0297
v  -43.7779 30.9183 27.2213
v  -44.0810 30.6247 26.2024
v  -44.0810 30.6247 28.2401
v  -44.8128 29.9157 28.6622
v  -45.5445 29.2067 28.2401
v  -45.8476 28.9131 27.2213
v  -45.5445 29.2067 26.2024
v  -44.8128 29.9157 25.7804
v  -43.2772 30.8622 27.2213
v  -43.6477 30.5032 25.9757
v  -43.6477 30.5032 28.4668
v  -44.5423 29.6365 28.9828
v  -45.4369 28.7698 28.4668
v  -45.8074 28.4108 27.2213
v  -45.4369 28.7698 25.9757
v  -44.5423 29.6365 25.4598
v  -42.8898 30.6963 27.2213
v  -43.2946 30.3041 25.8606
v  -43.2946 30.3041 28.5819
v  -44.2718 29.3573 29.1455
v  -45.2490 28.4106 28.5819
v  -45.6538 28.0184 27.2213
v  -45.2490 28.4106 25.8606
v  -44.2718 29.3573 25.2970
v  -42.6993 30.3397 27.2213
v  -43.0806 29.9702 25.9393
v  -43.0806 29.9702 28.5032
v  -44.0013 29.0782 29.0342
v  -44.9220 28.1862 28.5032
v  -45.3034 27.8167 27.2213
v  -44.9220 28.1862 25.9393
v  -44.0013 29.0782 25.4083
v  -42.6485 29.8476 27.2213
v  -42.9655 29.5405 26.1556
v  -42.9655 29.5405 28.2869
v  -43.7309 28.7990 28.7283
v  -44.4962 28.0575 28.2869
v  -44.8132 27.7504 27.2213
v  -44.4962 28.0575 26.1556
v  -43.7309 28.7990 25.7142
v  -42.5805 29.3723 27.2213
v  -42.8382 29.1226 26.3550
v  -42.8382 29.1226 28.0875
v  -43.4604 28.5198 28.4464
v  -44.0825 27.9170 28.0875
v  -44.3402 27.6674 27.2213
v  -44.0825 27.9170 26.3550
v  -43.4604 28.5198 25.9962
v  -42.3506 29.0538 27.2213
v  -42.5965 28.8156 26.3950
v  -42.5965 28.8156 28.0476
v  -43.1899 28.2407 28.3898
v  -43.7834 27.6657 28.0476
v  -44.0292 27.4275 27.2213
v  -43.7834 27.6657 26.3950
v  -43.1899 28.2407 26.0527
v  -41.9299 28.9202 27.2213
v  -42.2197 28.6394 26.2470
v  -42.2197 28.6394 28.1955
v  -42.9194 27.9615 28.5991
v  -43.6191 27.2836 28.1955
v  -43.9090 27.0028 27.2213
v  -43.6191 27.2836 26.2470
v  -42.9194 27.9615 25.8435
v  -41.4256 28.8676 27.2213
v  -41.7839 28.5204 26.0168
v  -41.7839 28.5204 28.4257
v  -42.6489 27.6823 28.9246
v  -43.5140 26.8442 28.4257
v  -43.8723 26.4971 27.2213
v  -43.5140 26.8442 26.0168
v  -42.6489 27.6823 25.5179
v  -41.0048 28.7340 27.2213
v  -41.4072 28.3442 25.8688
v  -41.4072 28.3442 28.5737
v  -42.3785 27.4031 29.1339
v  -43.3498 26.4621 28.5737
v  -43.7521 26.0723 27.2213
v  -43.3498 26.4621 25.8688
v  -42.3785 27.4031 25.3087
v  -40.7749 28.4155 27.2213
v  -41.1654 28.0372 25.9088
v  -41.1654 28.0372 28.5337
v  -42.1080 27.1240 29.0774
v  -43.0506 26.2107 28.5337
v  -43.4410 25.8324 27.2213
v  -43.0506 26.2107 25.9088
v  -42.1080 27.1240 25.3652
v  -40.7070 27.9401 27.2213
v  -41.0381 27.6193 26.1082
v  -41.0381 27.6193 28.3344
v  -41.8375 26.8448 28.7954
v  -42.6370 26.0703 28.3344
v  -42.9681 25.7494 27.2213
v  -42.6370 26.0703 26.1082
v  -41.8375 26.8448 25.6471
v  -40.6562 27.4481 27.2213
v  -40.9230 27.1896 26.3245
v  -40.9230 27.1896 28.1181
v  -41.5670 26.5656 28.4895
v  -42.2111 25.9416 28.1181
v  -42.4779 25.6831 27.2213
v  -42.2111 25.9416 26.3245
v  -41.5670 26.5656 25.9530
v  -40.4657 27.0915 27.2213
v  -40.7090 26.8557 26.4032
v  -40.7090 26.8557 28.0393
v  -41.2966 26.2865 28.3782
v  -41.8841 25.7172 28.0393
v  -42.1275 25.4814 27.2213
v  -41.8841 25.7172 26.4032
v  -41.2966 26.2865 26.0644
v  -40.0783 26.9256 27.2213
v  -40.3559 26.6566 26.2881
v  -40.3559 26.6566 28.1544
v  -41.0261 26.0073 28.5410
v  -41.6963 25.3580 28.1544
v  -41.9739 25.0890 27.2213
v  -41.6963 25.3580 26.2881
v  -41.0261 26.0073 25.9016
v  -39.5776 26.8695 27.2213
v  -39.9226 26.5352 26.0614
v  -39.9226 26.5352 28.3811
v  -40.7556 25.7281 28.8615
v  -41.5886 24.9210 28.3811
v  -41.9337 24.5868 27.2213
v  -41.5886 24.9210 26.0614
v  -40.7556 25.7281 25.5810
v  -39.1280 26.7638 27.2213
v  -39.5255 26.3787 25.8851
v  -39.5255 26.3787 28.5575
v  -40.4851 25.4489 29.1109
v  -41.4448 24.5192 28.5575
v  -41.8423 24.1341 27.2213
v  -41.4448 24.5192 25.8851
v  -40.4851 25.4489 25.3316
v  -38.8316 26.5098 27.2213
v  -39.2367 26.1173 25.8596
v  -39.2367 26.1173 28.5830
v  -40.2147 25.1698 29.1470
v  -41.1926 24.2222 28.5830
v  -41.5977 23.8298 27.2213
v  -41.1926 24.2222 25.8596
v  -40.2147 25.1698 25.2955
v  -38.5611 26.2306 27.2213
v  -38.9662 25.8381 25.8596
v  -38.9662 25.8381 28.5830
v  -39.9442 24.8906 29.1470
v  -40.9222 23.9431 28.5830
v  -41.3273 23.5506 27.2213
v  -40.9222 23.9431 25.8596
v  -39.9442 24.8906 25.2955
v  -38.2906 25.9514 27.2213
v  -38.6957 25.5589 25.8596
v  -38.6957 25.5589 28.5830
v  -39.6737 24.6114 29.1470
v  -40.6517 23.6639 28.5830
v  -41.0568 23.2714 27.2213
v  -40.6517 23.6639 25.8596
v  -39.6737 24.6114 25.2955
v  -38.0202 25.6722 27.2213
v  -38.4253 25.2798 25.8596
v  -38.4253 25.2798 28.5830
v  -39.4032 24.3322 29.1470
v  -40.3812 23.3847 28.5830
v  -40.7863 22.9923 27.2213
v  -40.3812 23.3847 25.8596
v  -39.4032 24.3322 25.2955
v  -37.7497 25.3931 27.2213
v  -38.1548 25.0006 25.8596
v  -38.1548 25.0006 28.5830
v  -39.1328 24.0531 29.1470
v  -40.1107 23.1056 28.5830
v  -40.5158 22.7131 27.2213
v  -40.1107 23.1056 25.8596
v  -39.1328 24.0531 25.2955
v  -60.9702 38.8094 31.9652
v  -59.9373 37.0203 31.9652
v  -58.3547 35.6924 31.9652
v  -56.4135 34.9858 31.9652
v  -54.3476 34.9858 31.9652
v  -52.4063 35.6924 31.9652
v  -50.8238 37.0203 31.9652
v  -49.7908 38.8094 31.9652
v  -49.4321 40.8439 31.9652
v  -49.7908 42.8784 31.9652
v  -50.8238 44.6674 31.9652
v  -52.4063 45.9954 31.9652
v  -54.3476 46.7019 31.9652
v  -56.4135 46.7019 31.9652
v  -58.3547 45.9954 31.9652
v  -59.9373 44.6674 31.9652
v  -60.9702 42.8784 31.9652
v  -61.3290 40.8439 31.9652
v  -60.9702 42.8784 30.1147
v  -61.3290 40.8439 30.1147
v  -59.9373 44.6674 30.1147
v  -58.3547 45.9954 30.1147
v  -56.4135 46.7019 30.1147
v  -54.3476 46.7019 30.1147
v  -52.4063 45.9954 30.1147
v  -50.8238 44.6674 30.1147
v  -49.7908 42.8784 30.1147
v  -49.4321 40.8439 30.1147
v  -49.7908 38.8094 30.1147
v  -50.8238 37.0203 30.1147
v  -52.4063 35.6924 30.1147
v  -54.3476 34.9858 30.1147
v  -56.4135 34.9858 30.1147
v  -58.3547 35.6924 30.1147
v  -59.9373 37.0203 30.1147
v  -60.9702 38.8094 30.1147
v  -60.9702 42.8784 28.2642
v  -61.3290 40.8439 28.2642
v  -59.9373 44.6674 28.2642
v  -58.3547 45.9954 28.2642
v  -56.4135 46.7019 28.2642
v  -54.3476 46.7019 28.2642
v  -52.4063 45.9954 28.2642
v  -50.8238 44.6674 28.2642
v  -49.7908 42.8784 28.2642
v  -49.4321 40.8439 28.2642
v  -49.7908 38.8094 28.2642
v  -50.8238 37.0203 28.2642
v  -52.4063 35.6924 28.2642
v  -54.3476 34.9858 28.2642
v  -56.4135 34.9858 28.2642
v  -58.3547 35.6924 28.2642
v  -59.9373 37.0203 28.2642
v  -60.9702 38.8094 28.2642
v  -60.9702 42.8784 26.4137
v  -61.3290 40.8439 26.4137
v  -59.9373 44.6674 26.4137
v  -58.3547 45.9954 26.4137
v  -56.4135 46.7019 26.4137
v  -54.3476 46.7019 26.4137
v  -52.4063 45.9954 26.4137
v  -50.8238 44.6674 26.4137
v  -49.7908 42.8784 26.4137
v  -49.4321 40.8439 26.4137
v  -49.7908 38.8094 26.4137
v  -50.8238 37.0203 26.4137
v  -52.4063 35.6924 26.4137
v  -54.3476 34.9858 26.4137
v  -56.4135 34.9858 26.4137
v  -58.3547 35.6924 26.4137
v  -59.9373 37.0203 26.4137
v  -60.9702 38.8094 26.4137
v  -60.9702 42.8784 24.5632
v  -61.3290 40.8439 24.5632
v  -59.9373 44.6674 24.5632
v  -58.3547 45.9954 24.5632
v  -56.4135 46.7019 24.5632
v  -54.3476 46.7019 24.5632
v  -52.4063 45.9954 24.5632
v  -50.8238 44.6674 24.5632
v  -49.7908 42.8784 24.5632
v  -49.4321 40.8439 24.5632
v  -49.7908 38.8094 24.5632
v  -50.8238 37.0203 24.5632
v  -52.4063 35.6924 24.5632
v  -54.3476 34.9858 24.5632
v  -56.4135 34.9858 24.5632
v  -58.3547 35.6924 24.5632
v  -59.9373 37.0203 24.5632
v  -60.9702 38.8094 24.5632
v  -60.9702 42.8784 22.7127
v  -61.3290 40.8439 22.7127
v  -59.9373 44.6674 22.7127
v  -58.3547 45.9954 22.7127
v  -56.4135 46.7019 22.7127
v  -54.3476 46.7019 22.7127
v  -52.4063 45.9954 22.7127
v  -50.8238 44.6674 22.7127
v  -49.7908 42.8784 22.7127
v  -49.4321 40.8439 22.7127
v  -49.7908 38.8094 22.7127
v  -50.8238 37.0203 22.7127
v  -52.4063 35.6924 22.7127
v  -54.3476 34.9858 22.7127
v  -56.4135 34.9858 22.7127
v  -58.3547 35.6924 22.7127
v  -59.9373 37.0203 22.7127
v  -60.9702 38.8094 22.7127
v  -60.9702 38.8094 7.5022
v  -59.9373 37.0203 7.5022
v  -58.3547 35.6924 7.5022
v  -56.4135 34.9858 7.5022
v  -54.3476 34.9858 7.5022
v  -52.4063 35.6924 7.5022
v  -50.8238 37.0203 7.5022
v  -49.7908 38.8094 7.5022
v  -49.4321 40.8439 7.5022
v  -49.7908 42.8784 7.5022
v  -50.8238 44.6674 7.5022
v  -52.4063 45.9954 7.5022
v  -54.3476 46.7019 7.5022
v  -56.4135 46.7019 7.5022
v  -58.3547 45.9954 7.5022
v  -59.9373 44.6674 7.5022
v  -60.9702 42.8784 7.5022
v  -61.3290 40.8439 7.5022
v  -60.9702 42.8784 5.6517
v  -61.3290 40.8439 5.6517
v  -59.9373 44.6674 5.6517
v  -58.3547 45.9954 5.6517
v  -56.4135 46.7019 5.6517
v  -54.3476 46.7019 5.6517
v  -52.4063 45.9954 5.6517
v  -50.8238 44.6674 5.6517
v  -49.7908 42.8784 5.6517
v  -49.4321 40.8439 5.6517
v  -49.7908 38.8094 5.6517
v  -50.8238 37.0203 5.6517
v  -52.4063 35.6924 5.6517
v  -54.3476 34.9858 5.6517
v  -56.4135 34.9858 5.6517
v  -58.3547 35.6924 5.6517
v  -59.9373 37.0203 5.6517
v  -60.9702 38.8094 5.6517
v  -60.9702 42.8784 3.8012
v  -61.3290 40.8439 3.8012
v  -59.9373 44.6674 3.8012
v  -58.3547 45.9954 3.8012
v  -56.4135 46.7019 3.8012
v  -54.3476 46.7019 3.8012
v  -52.4063 45.9954 3.8012
v  -50.8238 44.6674 3.8012
v  -49.7908 42.8784 3.8012
v  -49.4321 40.8439 3.8012
v  -49.7908 38.8094 3.8012
v  -50.8238 37.0203 3.8012
v  -52.4063 35.6924 3.8012
v  -54.3476 34.9858 3.8012
v  -56.4135 34.9858 3.8012
v  -58.3547 35.6924 3.8012
v  -59.9373 37.0203 3.8012
v  -60.9702 38.8094 3.8012
v  -60.9702 42.8784 1.9507
v  -61.3290 40.8439 1.9507
v  -59.9373 44.6674 1.9507
v  -58.3547 45.9954 1.9507
v  -56.4135 46.7019 1.9507
v  -54.3476 46.7019 1.9507
v  -52.4063 45.9954 1.9507
v  -50.8238 44.6674 1.9507
v  -49.7908 42.8784 1.9507
v  -49.4321 40.8439 1.9507
v  -49.7908 38.8094 1.9507
v  -50.8238 37.0203 1.9507
v  -52.4063 35.6924 1.9507
v  -54.3476 34.9858 1.9507
v  -56.4135 34.9858 1.9507
v  -58.3547 35.6924 1.9507
v  -59.9373 37.0203 1.9507
v  -60.9702 38.8094 1.9507
v  -60.9702 42.8784 0.1002
v  -61.3290 40.8439 0.1002
v  -59.9373 44.6674 0.1002
v  -58.3547 45.9954 0.1002
v  -56.4135 46.7019 0.1002
v  -54.3476 46.7019 0.1002
v  -52.4063 45.9954 0.1002
v  -50.8238 44.6674 0.1002
v  -49.7908 42.8784 0.1002
v  -49.4321 40.8439 0.1002
v  -49.7908 38.8094 0.1002
v  -50.8238 37.0203 0.1002
v  -52.4063 35.6924 0.1002
v  -54.3476 34.9858 0.1002
v  -56.4135 34.9858 0.1002
v  -58.3547 35.6924 0.1002
v  -59.9373 37.0203 0.1002
v  -60.9702 38.8094 0.1002
v  -60.9702 42.8784 -1.7502
v  -61.3290 40.8439 -1.7502
v  -59.9373 44.6674 -1.7502
v  -58.3547 45.9954 -1.7502
v  -56.4135 46.7019 -1.7502
v  -54.3476 46.7019 -1.7502
v  -52.4063 45.9954 -1.7502
v  -50.8238 44.6674 -1.7502
v  -49.7908 42.8784 -1.7502
v  -49.4321 40.8439 -1.7502
v  -49.7908 38.8094 -1.7502
v  -50.8238 37.0203 -1.7502
v  -52.4063 35.6924 -1.7502
v  -54.3476 34.9858 -1.7502
v  -56.4135 34.9858 -1.7502
v  -58.3547 35.6924 -1.7502
v  -59.9373 37.0203 -1.7502
v  -60.9702 38.8094 -1.7502
v  -56.9341 49.1772 9.6019
v  -56.9341 49.1772 20.0145
v  -50.0510 49.1772 20.0145
v  -50.0510 49.1772 9.6019
v  -56.9341 49.0365 9.0766
v  -57.1967 49.0365 9.1470
v  -57.3890 49.0365 9.3393
v  -57.4594 49.0365 9.6019
v  -57.4594 49.0365 20.0145
v  -57.3890 49.0365 20.2771
v  -57.1967 49.0365 20.4694
v  -56.9341 49.0365 20.5398
v  -50.0510 49.0365 20.5398
v  -49.7883 49.0365 20.4694
v  -49.5961 49.0365 20.2771
v  -49.5257 49.0365 20.0145
v  -49.5257 49.0365 9.6019
v  -49.5961 49.0365 9.3393
v  -49.7883 49.0365 9.1470
v  -50.0510 49.0365 9.0766
v  -56.9341 48.6520 8.6921
v  -57.3890 48.6520 8.8140
v  -57.7220 48.6520 9.1470
v  -57.8439 48.6520 9.6019
v  -57.8439 48.6520 20.0145
v  -57.7220 48.6520 20.4694
v  -57.3890 48.6520 20.8024
v  -56.9341 48.6520 20.9243
v  -50.0510 48.6520 20.9243
v  -49.5961 48.6520 20.8024
v  -49.2630 48.6520 20.4694
v  -49.1412 48.6520 20.0145
v  -49.1412 48.6520 9.6019
v  -49.2630 48.6520 9.1470
v  -49.5961 48.6520 8.8140
v  -50.0510 48.6520 8.6921
v  -56.9341 48.1267 8.5513
v  -57.4594 48.1267 8.6921
v  -57.8439 48.1267 9.0766
v  -57.9847 48.1267 9.6019
v  -57.9847 48.1267 20.0145
v  -57.8439 48.1267 20.5398
v  -57.4594 48.1267 20.9243
v  -56.9341 48.1267 21.0651
v  -50.0510 48.1267 21.0651
v  -49.5257 48.1267 20.9243
v  -49.1412 48.1267 20.5398
v  -49.0004 48.1267 20.0145
v  -49.0004 48.1267 9.6019
v  -49.1412 48.1267 9.0766
v  -49.5257 48.1267 8.6921
v  -50.0510 48.1267 8.5513
v  -56.9341 46.3529 8.5513
v  -57.4594 46.3529 8.6921
v  -57.8439 46.3529 9.0766
v  -57.9847 46.3529 9.6019
v  -57.9847 46.3529 20.0145
v  -57.8439 46.3529 20.5398
v  -57.4594 46.3529 20.9243
v  -56.9341 46.3529 21.0651
v  -50.0510 46.3529 21.0651
v  -49.5257 46.3529 20.9243
v  -49.1412 46.3529 20.5398
v  -49.0004 46.3529 20.0145
v  -49.0004 46.3529 9.6019
v  -49.1412 46.3529 9.0766
v  -49.5257 46.3529 8.6921
v  -50.0510 46.3529 8.5513
v  -56.9341 45.8276 8.6921
v  -57.3890 45.8276 8.8140
v  -57.7220 45.8276 9.1470
v  -57.8439 45.8276 9.6019
v  -57.8439 45.8276 20.0145
v  -57.7220 45.8276 20.4694
v  -57.3890 45.8276 20.8024
v  -56.9341 45.8276 20.9243
v  -50.0510 45.8276 20.9243
v  -49.5961 45.8276 20.8024
v  -49.2630 45.8276 20.4694
v  -49.1412 45.8276 20.0145
v  -49.1412 45.8276 9.6019
v  -49.2630 45.8276 9.1470
v  -49.5961 45.8276 8.8140
v  -50.0510 45.8276 8.6921
v  -56.9341 45.4430 9.0766
v  -57.1967 45.4430 9.1470
v  -57.3890 45.4430 9.3393
v  -57.4594 45.4430 9.6019
v  -57.4594 45.4430 20.0145
v  -57.3890 45.4430 20.2771
v  -57.1967 45.4430 20.4694
v  -56.9341 45.4430 20.5398
v  -50.0510 45.4430 20.5398
v  -49.7883 45.4430 20.4694
v  -49.5961 45.4430 20.2771
v  -49.5257 45.4430 20.0145
v  -49.5257 45.4430 9.6019
v  -49.5961 45.4430 9.3393
v  -49.7883 45.4430 9.1470
v  -50.0510 45.4430 9.0766
v  -56.9341 45.3023 9.6019
v  -56.9341 45.3023 20.0145
v  -50.0510 45.3023 20.0145
v  -50.0510 45.3023 9.6019
v  -54.5297 58.0505 16.8420
v  -54.5297 58.0505 16.1895
v  -53.1349 58.0505 16.1895
v  -53.1349 58.0505 16.8420
v  -54.2511 68.6100 16.7117
v  -53.4135 68.6100 16.7117
v  -53.4135 68.6100 16.3199
v  -54.2511 68.6100 16.3199
v  -52.6964 64.5052 17.0472
v  -54.9682 64.5052 17.0472
v  -52.6964 64.5052 15.9844
v  -54.9682 64.5052 15.9844
v  -52.6964 66.8897 17.0472
v  -54.9682 66.8897 17.0472
v  -52.6964 66.8897 15.9844
v  -54.9682 66.8897 15.9844
v  -54.5297 58.0505 13.4661
v  -54.5297 58.0505 12.8137
v  -53.1349 58.0505 12.8137
v  -53.1349 58.0505 13.4661
v  -54.2511 68.6100 13.3358
v  -53.4135 68.6100 13.3358
v  -53.4135 68.6100 12.9440
v  -54.2511 68.6100 12.9440
v  -52.6964 64.5052 13.6713
v  -54.9682 64.5052 13.6713
v  -52.6964 64.5052 12.6085
v  -54.9682 64.5052 12.6085
v  -52.6964 66.8897 13.6713
v  -54.9682 66.8897 13.6713
v  -52.6964 66.8897 12.6085
v  -54.9682 66.8897 12.6085
v  -56.8055 50.9929 17.7673
v  -56.8055 50.9929 11.7103
v  -49.8962 50.9929 11.7103
v  -49.8962 50.9929 17.7673
v  -56.8055 58.0505 17.7673
v  -49.8962 58.0505 17.7673
v  -49.8962 58.0505 11.7103
v  -56.8055 58.0505 11.7103
v  -49.8962 54.0315 16.6918
v  -49.8962 56.6464 16.6918
v  -49.8962 56.6464 15.2233
v  -49.8962 54.0315 15.2233
v  -48.9347 54.0315 16.6918
v  -48.9347 54.0315 15.2233
v  -48.9347 56.6464 15.2233
v  -48.9347 56.6464 16.6918
v  -49.8962 54.0315 14.1148
v  -49.8962 56.6464 14.1148
v  -49.8962 56.6464 12.6462
v  -49.8962 54.0315 12.6462
v  -48.9347 54.0315 14.1148
v  -48.9347 54.0315 12.6462
v  -48.9347 56.6464 12.6462
v  -48.9347 56.6464 14.1148
v  -55.6970 51.4708 11.4733
v  -55.6970 51.4708 18.1431
v  -51.2880 51.4708 18.1431
v  -51.2880 51.4708 11.4733
v  -55.6970 51.3806 11.1368
v  -55.8653 51.3806 11.1819
v  -55.9884 51.3806 11.3051
v  -56.0335 51.3806 11.4733
v  -56.0335 51.3806 18.1431
v  -55.9884 51.3806 18.3113
v  -55.8653 51.3806 18.4345
v  -55.6970 51.3806 18.4796
v  -51.2880 51.3806 18.4796
v  -51.1198 51.3806 18.4345
v  -50.9966 51.3806 18.3113
v  -50.9516 51.3806 18.1431
v  -50.9516 51.3806 11.4733
v  -50.9966 51.3806 11.3051
v  -51.1198 51.3806 11.1819
v  -51.2880 51.3806 11.1368
v  -55.6970 51.1343 10.8905
v  -55.9884 51.1343 10.9686
v  -56.2018 51.1343 11.1819
v  -56.2798 51.1343 11.4733
v  -56.2798 51.1343 18.1431
v  -56.2018 51.1343 18.4345
v  -55.9884 51.1343 18.6478
v  -55.6970 51.1343 18.7259
v  -51.2880 51.1343 18.7259
v  -50.9966 51.1343 18.6478
v  -50.7833 51.1343 18.4345
v  -50.7052 51.1343 18.1431
v  -50.7052 51.1343 11.4733
v  -50.7833 51.1343 11.1819
v  -50.9966 51.1343 10.9686
v  -51.2880 51.1343 10.8905
v  -55.6970 50.7978 10.8003
v  -56.0335 50.7978 10.8905
v  -56.2798 50.7978 11.1368
v  -56.3700 50.7978 11.4733
v  -56.3700 50.7978 18.1431
v  -56.2798 50.7978 18.4796
v  -56.0335 50.7978 18.7259
v  -55.6970 50.7978 18.8161
v  -51.2880 50.7978 18.8161
v  -50.9516 50.7978 18.7259
v  -50.7052 50.7978 18.4796
v  -50.6151 50.7978 18.1431
v  -50.6151 50.7978 11.4733
v  -50.7052 50.7978 11.1368
v  -50.9516 50.7978 10.8905
v  -51.2880 50.7978 10.8003
v  -55.6970 49.6616 10.8003
v  -56.0335 49.6616 10.8905
v  -56.2798 49.6616 11.1368
v  -56.3700 49.6616 11.4733
v  -56.3700 49.6616 18.1431
v  -56.2798 49.6616 18.4796
v  -56.0335 49.6616 18.7259
v  -55.6970 49.6616 18.8161
v  -51.2880 49.6616 18.8161
v  -50.9516 49.6616 18.7259
v  -50.7052 49.6616 18.4796
v  -50.6151 49.6616 18.1431
v  -50.6151 49.6616 11.4733
v  -50.7052 49.6616 11.1368
v  -50.9516 49.6616 10.8905
v  -51.2880 49.6616 10.8003
v  -55.6970 49.3251 10.8905
v  -55.9884 49.3251 10.9686
v  -56.2018 49.3251 11.1819
v  -56.2798 49.3251 11.4733
v  -56.2798 49.3251 18.1431
v  -56.2018 49.3251 18.4345
v  -55.9884 49.3251 18.6478
v  -55.6970 49.3251 18.7259
v  -51.2880 49.3251 18.7259
v  -50.9966 49.3251 18.6478
v  -50.7833 49.3251 18.4345
v  -50.7052 49.3251 18.1431
v  -50.7052 49.3251 11.4733
v  -50.7833 49.3251 11.1819
v  -50.9966 49.3251 10.9686
v  -51.2880 49.3251 10.8905
v  -55.6970 49.0788 11.1368
v  -55.8653 49.0788 11.1819
v  -55.9884 49.0788 11.3051
v  -56.0335 49.0788 11.4733
v  -56.0335 49.0788 18.1431
v  -55.9884 49.0788 18.3113
v  -55.8653 49.0788 18.4345
v  -55.6970 49.0788 18.4796
v  -51.2880 49.0788 18.4796
v  -51.1198 49.0788 18.4345
v  -50.9966 49.0788 18.3113
v  -50.9516 49.0788 18.1431
v  -50.9516 49.0788 11.4733
v  -50.9966 49.0788 11.3051
v  -51.1198 49.0788 11.1819
v  -51.2880 49.0788 11.1368
v  -55.6970 48.9886 11.4733
v  -55.6970 48.9886 18.1431
v  -51.2880 48.9886 18.1431
v  -51.2880 48.9886 11.4733
# 1588 vertices

vn -0.5774 -0.5774 0.5774
vn -0.5774 -0.5774 -0.5774
vn 0.3206 -0.6829 -0.6564
vn 0.3206 -0.6829 0.6564
vn -0.5774 0.5774 0.5774
vn 0.3206 0.6829 0.6564
vn 0.3206 0.6829 -0.6564
vn -0.5774 0.5774 -0.5774
vn 0.8341 -0.3303 0.4419
vn 0.8341 -0.3303 -0.4419
vn 0.8341 0.3303 -0.4419
vn 0.8341 0.3303 0.4419
vn 0.6975 -0.6701 0.2539
vn 0.5687 -0.6700 0.4772
vn 0.3712 -0.6700 0.6429
vn 0.1289 -0.6700 0.7311
vn -0.1289 -0.6700 0.7311
vn -0.3712 -0.6700 0.6429
vn -0.5687 -0.6700 0.4772
vn -0.6975 -0.6701 0.2539
vn -0.7423 -0.6701 -0.0000
vn -0.6975 -0.6701 -0.2539
vn -0.5687 -0.6700 -0.4772
vn -0.3712 -0.6700 -0.6429
vn -0.1289 -0.6700 -0.7311
vn 0.1289 -0.6700 -0.7311
vn 0.3712 -0.6700 -0.6429
vn 0.5687 -0.6700 -0.4772
vn 0.6975 -0.6701 -0.2539
vn 0.7423 -0.6701 0.0000
vn 0.9397 0.0000 -0.3420
vn 1.0000 0.0000 0.0000
vn 0.7660 0.0000 -0.6428
vn 0.5000 0.0000 -0.8660
vn 0.1736 0.0000 -0.9848
vn -0.1736 0.0000 -0.9848
vn -0.5000 0.0000 -0.8660
vn -0.7660 0.0000 -0.6428
vn -0.9397 0.0000 -0.3420
vn -1.0000 0.0000 -0.0000
vn -0.9397 0.0000 0.3420
vn -0.7660 0.0000 0.6428
vn -0.5000 0.0000 0.8660
vn -0.1736 0.0000 0.9848
vn 0.1736 0.0000 0.9848
vn 0.5000 0.0000 0.8660
vn 0.7660 0.0000 0.6428
vn 0.9397 0.0000 0.3420
vn 0.6975 0.6701 -0.2539
vn 0.7423 0.6701 0.0000
vn 0.5687 0.6700 -0.4772
vn 0.3712 0.6700 -0.6429
vn 0.1289 0.6700 -0.7311
vn -0.1289 0.6700 -0.7311
vn -0.3712 0.6700 -0.6429
vn -0.5687 0.6700 -0.4772
vn -0.6975 0.6701 -0.2539
vn -0.7423 0.6701 -0.0000
vn -0.6975 0.6701 0.2539
vn -0.5687 0.6700 0.4772
vn -0.3712 0.6700 0.6429
vn -0.1289 0.6700 0.7311
vn 0.1289 0.6700 0.7311
vn 0.3712 0.6700 0.6429
vn 0.5687 0.6700 0.4772
vn 0.6975 0.6701 0.2539
vn 0.5774 -0.5774 -0.5774
vn 0.5774 -0.5774 0.5774
vn 0.5774 0.5774 0.5774
vn 0.5774 0.5774 -0.5774
vn -0.5615 -0.5847 0.5855
vn -0.5670 0.5700 0.5947
vn -0.5928 0.5790 -0.5597
vn -0.5874 -0.5756 -0.5688
vn 0.5928 -0.5791 0.5597
vn 0.5671 -0.5700 -0.5946
vn 0.5615 0.5847 -0.5856
vn 0.5875 0.5756 0.5688
vn 0.1191 0.9929 0.0000
vn -0.0444 0.8347 -0.5489
vn -0.4386 0.4527 -0.7764
vn -0.8328 0.0707 -0.5490
vn -0.9962 -0.0876 -0.0000
vn -0.8328 0.0706 0.5490
vn -0.4385 0.4527 0.7764
vn -0.0443 0.8347 0.5489
vn 0.7182 0.6958 -0.0000
vn 0.5078 0.4920 -0.7071
vn 0.5078 0.4920 0.7071
vn -0.0000 -0.0000 1.0000
vn -0.5078 -0.4920 0.7071
vn -0.7182 -0.6958 0.0000
vn -0.5078 -0.4920 -0.7071
vn 0.0000 0.0000 -1.0000
vn 0.7182 0.6958 0.0000
vn 0.5079 0.4920 -0.7071
vn 0.5079 0.4920 0.7071
vn -0.7182 -0.6958 -0.0000
vn 0.0000 0.0000 1.0000
vn -0.0000 -0.0000 -1.0000
vn 0.7493 0.6622 -0.0000
vn 0.5391 0.4586 -0.7064
vn 0.5391 0.4586 0.7064
vn 0.0318 -0.0329 0.9990
vn -0.4755 -0.5244 0.7064
vn -0.6856 -0.7280 0.0000
vn -0.4755 -0.5244 -0.7064
vn 0.0318 -0.0329 -0.9990
vn 0.8980 0.4399 0.0000
vn 0.6980 0.2461 -0.6725
vn 0.6980 0.2461 0.6725
vn 0.2150 -0.2219 0.9511
vn -0.2680 -0.6898 0.6725
vn -0.4681 -0.8837 -0.0000
vn -0.2680 -0.6898 -0.6725
vn 0.2150 -0.2219 -0.9511
vn 0.9891 0.1475 -0.0000
vn 0.8181 -0.0182 -0.5749
vn 0.8181 -0.0182 0.5749
vn 0.4052 -0.4182 0.8130
vn -0.0077 -0.8182 0.5749
vn -0.1787 -0.9839 0.0000
vn -0.0077 -0.8182 -0.5749
vn 0.4052 -0.4182 -0.8130
vn 0.9786 0.2056 -0.0000
vn 0.8007 0.0332 -0.5982
vn 0.8007 0.0332 0.5982
vn 0.3711 -0.3830 0.8459
vn -0.0585 -0.7992 0.5982
vn -0.2365 -0.9716 -0.0000
vn -0.0585 -0.7992 -0.5982
vn 0.3711 -0.3830 -0.8459
vn 0.7614 0.6483 -0.0000
vn 0.5514 0.4450 -0.7057
vn 0.5514 0.4450 0.7057
vn 0.0446 -0.0461 0.9979
vn -0.4622 -0.5371 0.7057
vn -0.6721 -0.7405 -0.0000
vn -0.4622 -0.5371 -0.7057
vn 0.0446 -0.0461 -0.9979
vn 0.3007 0.9537 -0.0000
vn 0.1157 0.7744 -0.6220
vn 0.1157 0.7744 0.6220
vn -0.3310 0.3417 0.8796
vn -0.7777 -0.0911 0.6220
vn -0.9627 -0.2704 -0.0000
vn -0.7777 -0.0911 -0.6220
vn -0.3310 0.3417 -0.8796
vn 0.1563 0.9877 -0.0000
vn -0.0119 0.8247 -0.5654
vn -0.0119 0.8247 0.5654
vn -0.4179 0.4313 0.7996
vn -0.8240 0.0379 0.5654
vn -0.9922 -0.1250 -0.0000
vn -0.8240 0.0379 -0.5654
vn -0.4179 0.4313 -0.7996
vn 0.4220 0.9066 -0.0000
vn 0.2255 0.7163 -0.6604
vn 0.2255 0.7163 0.6604
vn -0.2487 0.2567 0.9339
vn -0.7230 -0.2028 0.6604
vn -0.9195 -0.3931 -0.0000
vn -0.7230 -0.2028 -0.6604
vn -0.2487 0.2567 -0.9339
vn 0.8215 0.5703 -0.0000
vn 0.6139 0.3692 -0.6978
vn 0.6139 0.3692 0.6978
vn 0.1127 -0.1164 0.9868
vn -0.3884 -0.6019 0.6978
vn -0.5960 -0.8030 -0.0000
vn -0.3884 -0.6019 -0.6978
vn 0.1127 -0.1164 -0.9868
vn 0.9824 0.1865 -0.0000
vn 0.8067 0.0163 -0.5907
vn 0.8067 0.0163 0.5907
vn 0.3825 -0.3948 0.8354
vn -0.0418 -0.8058 0.5907
vn -0.2175 -0.9761 0.0000
vn -0.0418 -0.8058 -0.5907
vn 0.3825 -0.3948 -0.8354
vn 0.9873 0.1590 -0.0000
vn 0.8149 -0.0081 -0.5796
vn 0.8149 -0.0081 0.5796
vn 0.3986 -0.4114 0.8197
vn -0.0177 -0.8147 0.5796
vn -0.1901 -0.9818 -0.0000
vn -0.0177 -0.8147 -0.5796
vn 0.3986 -0.4114 -0.8197
vn 0.8365 0.5479 -0.0000
vn 0.6299 0.3478 -0.6944
vn 0.6299 0.3478 0.6944
vn 0.1312 -0.1354 0.9821
vn -0.3676 -0.6186 0.6944
vn -0.5741 -0.8188 -0.0000
vn -0.3676 -0.6186 -0.6944
vn 0.1312 -0.1354 -0.9821
vn 0.3814 0.9244 -0.0000
vn 0.1885 0.7375 -0.6485
vn 0.1885 0.7375 0.6485
vn -0.2773 0.2862 0.9172
vn -0.7431 -0.1651 0.6485
vn -0.9360 -0.3520 -0.0000
vn -0.7431 -0.1651 -0.6485
vn -0.2773 0.2862 -0.9172
vn 0.1506 0.9886 0.0000
vn -0.0169 0.8264 -0.5629
vn -0.0169 0.8264 0.5629
vn -0.4211 0.4347 0.7961
vn -0.8254 0.0430 0.5629
vn -0.9929 -0.1192 -0.0000
vn -0.8254 0.0430 -0.5629
vn -0.4211 0.4347 -0.7961
vn 0.3416 0.9399 0.0000
vn 0.1524 0.7566 -0.6359
vn 0.1524 0.7566 0.6359
vn -0.3043 0.3141 0.8993
vn -0.7610 -0.1284 0.6359
vn -0.9502 -0.3117 -0.0000
vn -0.7610 -0.1284 -0.6359
vn -0.3043 0.3141 -0.8993
vn 0.7551 0.6556 0.0000
vn 0.5450 0.4521 -0.7061
vn 0.5450 0.4521 0.7061
vn 0.0379 -0.0392 0.9985
vn -0.4692 -0.5305 0.7061
vn -0.6792 -0.7340 -0.0000
vn -0.4692 -0.5305 -0.7061
vn 0.0379 -0.0392 -0.9985
vn 0.9703 0.2417 0.0000
vn 0.7884 0.0654 -0.6117
vn 0.7884 0.0654 0.6117
vn 0.3490 -0.3602 0.8651
vn -0.0903 -0.7859 0.6117
vn -0.2723 -0.9622 -0.0000
vn -0.0903 -0.7859 -0.6117
vn 0.3490 -0.3602 -0.8651
vn 0.9915 0.1304 0.0000
vn 0.8226 -0.0332 -0.5677
vn 0.8226 -0.0332 0.5677
vn 0.4149 -0.4282 0.8028
vn 0.0072 -0.8232 0.5677
vn -0.1617 -0.9868 -0.0000
vn 0.0072 -0.8232 -0.5677
vn 0.4149 -0.4282 -0.8028
vn 0.8947 0.4466 0.0000
vn 0.6942 0.2523 -0.6741
vn 0.6942 0.2523 0.6741
vn 0.2100 -0.2168 0.9534
vn -0.2741 -0.6858 0.6742
vn -0.4747 -0.8801 0.0000
vn -0.2741 -0.6859 -0.6741
vn 0.2100 -0.2168 -0.9534
vn 0.4747 0.8802 0.0000
vn 0.2741 0.6859 -0.6741
vn 0.2741 0.6859 0.6741
vn -0.2100 0.2168 0.9534
vn -0.6942 -0.2523 0.6741
vn -0.8947 -0.4466 -0.0000
vn -0.6942 -0.2523 -0.6741
vn -0.2100 0.2168 -0.9534
vn 0.1617 0.9868 0.0000
vn -0.0072 0.8232 -0.5677
vn -0.0072 0.8232 0.5677
vn -0.4149 0.4282 0.8028
vn -0.8226 0.0332 0.5677
vn -0.9915 -0.1304 -0.0000
vn -0.8226 0.0332 -0.5677
vn -0.4149 0.4282 -0.8028
vn 0.2723 0.9622 -0.0000
vn 0.0903 0.7859 -0.6117
vn 0.0903 0.7859 0.6117
vn -0.3490 0.3602 0.8651
vn -0.7884 -0.0654 0.6117
vn -0.9703 -0.2417 -0.0000
vn -0.7884 -0.0654 -0.6117
vn -0.3490 0.3602 -0.8651
vn 0.6792 0.7340 0.0000
vn 0.4692 0.5305 -0.7061
vn 0.4692 0.5305 0.7061
vn -0.0379 0.0392 0.9985
vn -0.5450 -0.4521 0.7061
vn -0.7551 -0.6556 -0.0000
vn -0.5450 -0.4521 -0.7061
vn -0.0379 0.0392 -0.9985
vn 0.9502 0.3117 0.0000
vn 0.7610 0.1284 -0.6359
vn 0.7610 0.1284 0.6359
vn 0.3043 -0.3141 0.8993
vn -0.1524 -0.7566 0.6359
vn -0.3416 -0.9399 -0.0000
vn -0.1524 -0.7566 -0.6359
vn 0.3043 -0.3141 -0.8993
vn 0.9929 0.1192 -0.0000
vn 0.8254 -0.0430 -0.5629
vn 0.8254 -0.0430 0.5629
vn 0.4211 -0.4347 0.7961
vn 0.0169 -0.8264 0.5629
vn -0.1506 -0.9886 -0.0000
vn 0.0169 -0.8264 -0.5629
vn 0.4211 -0.4347 -0.7961
vn 0.9360 0.3520 -0.0000
vn 0.7431 0.1651 -0.6485
vn 0.7431 0.1651 0.6485
vn 0.2773 -0.2862 0.9172
vn -0.1885 -0.7375 0.6485
vn -0.3814 -0.9244 0.0000
vn -0.1885 -0.7375 -0.6485
vn 0.2773 -0.2862 -0.9172
vn 0.5741 0.8188 0.0000
vn 0.3676 0.6186 -0.6944
vn 0.3676 0.6186 0.6944
vn -0.1312 0.1354 0.9821
vn -0.6299 -0.3478 0.6944
vn -0.8365 -0.5479 0.0000
vn -0.6299 -0.3478 -0.6944
vn -0.1312 0.1354 -0.9821
vn 0.1901 0.9818 -0.0000
vn 0.0177 0.8147 -0.5796
vn 0.0177 0.8147 0.5796
vn -0.3986 0.4114 0.8197
vn -0.8149 0.0081 0.5796
vn -0.9873 -0.1590 0.0000
vn -0.8149 0.0081 -0.5796
vn -0.3986 0.4114 -0.8197
vn 0.2175 0.9761 0.0000
vn 0.0418 0.8058 -0.5907
vn 0.0418 0.8058 0.5907
vn -0.3825 0.3948 0.8354
vn -0.8067 -0.0163 0.5907
vn -0.9824 -0.1865 -0.0000
vn -0.8067 -0.0163 -0.5907
vn -0.3825 0.3948 -0.8354
vn 0.5960 0.8030 -0.0000
vn 0.3884 0.6019 -0.6978
vn 0.3884 0.6019 0.6978
vn -0.1127 0.1164 0.9868
vn -0.6139 -0.3692 0.6978
vn -0.8215 -0.5703 0.0000
vn -0.6139 -0.3692 -0.6978
vn -0.1127 0.1164 -0.9868
vn 0.9195 0.3931 0.0000
vn 0.7230 0.2028 -0.6604
vn 0.7230 0.2028 0.6604
vn 0.2487 -0.2567 0.9339
vn -0.2255 -0.7163 0.6604
vn -0.4220 -0.9066 -0.0000
vn -0.2255 -0.7163 -0.6604
vn 0.2488 -0.2567 -0.9339
vn 0.9922 0.1250 -0.0000
vn 0.8240 -0.0379 -0.5654
vn 0.8240 -0.0379 0.5654
vn 0.4179 -0.4313 0.7996
vn 0.0119 -0.8247 0.5654
vn -0.1563 -0.9877 0.0000
vn 0.0119 -0.8247 -0.5654
vn 0.4179 -0.4313 -0.7996
vn 0.9627 0.2704 0.0000
vn 0.7777 0.0911 -0.6220
vn 0.7777 0.0911 0.6220
vn 0.3310 -0.3417 0.8796
vn -0.1157 -0.7744 0.6220
vn -0.3007 -0.9537 -0.0000
vn -0.1157 -0.7744 -0.6220
vn 0.3310 -0.3417 -0.8796
vn 0.6721 0.7405 0.0000
vn 0.4622 0.5371 -0.7057
vn 0.4622 0.5371 0.7057
vn -0.0446 0.0461 0.9979
vn -0.5514 -0.4450 0.7057
vn -0.7614 -0.6483 -0.0000
vn -0.5514 -0.4450 -0.7057
vn -0.0446 0.0461 -0.9979
vn 0.2365 0.9716 0.0000
vn 0.0585 0.7992 -0.5982
vn 0.0585 0.7992 0.5982
vn -0.3711 0.3830 0.8459
vn -0.8007 -0.0332 0.5982
vn -0.9786 -0.2056 -0.0000
vn -0.8007 -0.0332 -0.5982
vn -0.3711 0.3830 -0.8459
vn 0.1787 0.9839 -0.0000
vn 0.0077 0.8182 -0.5749
vn 0.0077 0.8182 0.5749
vn -0.4052 0.4182 0.8130
vn -0.8181 0.0182 0.5749
vn -0.9891 -0.1475 -0.0000
vn -0.8181 0.0182 -0.5749
vn -0.4052 0.4182 -0.8130
vn 0.4681 0.8837 0.0000
vn 0.2680 0.6898 -0.6725
vn 0.2680 0.6898 0.6725
vn -0.2150 0.2219 0.9511
vn -0.6980 -0.2461 0.6725
vn -0.8980 -0.4399 -0.0000
vn -0.6980 -0.2461 -0.6725
vn -0.2150 0.2219 -0.9511
vn 0.6856 0.7280 -0.0000
vn 0.4755 0.5244 -0.7064
vn 0.4755 0.5244 0.7064
vn -0.0318 0.0329 0.9990
vn -0.5392 -0.4587 0.7063
vn -0.7493 -0.6622 0.0000
vn -0.5391 -0.4587 -0.7064
vn -0.0318 0.0329 -0.9990
vn -0.5079 -0.4920 -0.7071
vn 0.9962 0.0876 -0.0000
vn 0.8328 -0.0706 -0.5490
vn 0.8328 -0.0706 0.5490
vn 0.4386 -0.4527 0.7763
vn 0.0443 -0.8347 0.5490
vn -0.1190 -0.9929 0.0000
vn 0.0443 -0.8347 -0.5489
vn 0.4385 -0.4527 -0.7764
vn 0.0000 1.0000 0.0000
vn 0.1322 0.9912 -0.0000
vn 0.1145 0.9912 -0.0661
vn 0.0661 0.9912 -0.1145
vn 0.0000 0.9912 -0.1322
vn -0.0661 0.9912 -0.1145
vn -0.1145 0.9912 -0.0661
vn -0.1322 0.9912 -0.0000
vn -0.1145 0.9912 0.0661
vn -0.0661 0.9912 0.1145
vn -0.0000 0.9912 0.1322
vn 0.0661 0.9912 0.1145
vn 0.1145 0.9912 0.0661
vn 0.2521 0.9677 0.0000
vn 0.2183 0.9677 -0.1260
vn 0.1260 0.9677 -0.2183
vn -0.0000 0.9677 -0.2521
vn -0.1260 0.9677 -0.2183
vn -0.2183 0.9677 -0.1260
vn -0.2521 0.9677 -0.0000
vn -0.2183 0.9677 0.1260
vn -0.1260 0.9677 0.2183
vn -0.0000 0.9677 0.2521
vn 0.1260 0.9677 0.2183
vn 0.2183 0.9677 0.1260
vn 0.3681 0.9298 -0.0000
vn 0.3187 0.9298 -0.1840
vn 0.1840 0.9298 -0.3187
vn 0.0000 0.9298 -0.3681
vn -0.1840 0.9298 -0.3187
vn -0.3187 0.9298 -0.1840
vn -0.3681 0.9298 -0.0000
vn -0.3187 0.9298 0.1840
vn -0.1840 0.9298 0.3187
vn -0.0000 0.9298 0.3681
vn 0.1840 0.9298 0.3188
vn 0.3187 0.9298 0.1840
vn 0.8640 0.5035 0.0000
vn 0.7483 0.5035 -0.4320
vn 0.4320 0.5035 -0.7483
vn 0.0000 0.5035 -0.8640
vn -0.4320 0.5035 -0.7483
vn -0.7483 0.5035 -0.4320
vn -0.8640 0.5035 -0.0000
vn -0.7483 0.5035 0.4320
vn -0.4320 0.5035 0.7483
vn -0.0000 0.5035 0.8640
vn 0.4320 0.5035 0.7483
vn 0.7483 0.5035 0.4320
vn 0.8640 -0.5035 0.0000
vn 0.7483 -0.5035 -0.4320
vn 0.4320 -0.5035 -0.7483
vn 0.0000 -0.5035 -0.8640
vn -0.4320 -0.5035 -0.7483
vn -0.7483 -0.5035 -0.4320
vn -0.8640 -0.5035 -0.0000
vn -0.7483 -0.5035 0.4320
vn -0.4320 -0.5035 0.7483
vn -0.0000 -0.5035 0.8640
vn 0.4320 -0.5035 0.7483
vn 0.7483 -0.5035 0.4320
vn 0.3681 -0.9298 -0.0000
vn 0.3187 -0.9298 -0.1840
vn 0.1840 -0.9298 -0.3187
vn 0.0000 -0.9298 -0.3681
vn -0.1840 -0.9298 -0.3187
vn -0.3187 -0.9298 -0.1840
vn -0.3681 -0.9298 -0.0000
vn -0.3187 -0.9298 0.1840
vn -0.1840 -0.9298 0.3187
vn -0.0000 -0.9298 0.3681
vn 0.1840 -0.9298 0.3187
vn 0.3187 -0.9298 0.1840
vn 0.2521 -0.9677 0.0000
vn 0.2183 -0.9677 -0.1260
vn 0.1260 -0.9677 -0.2183
vn -0.0000 -0.9677 -0.2521
vn -0.1260 -0.9677 -0.2183
vn -0.2183 -0.9677 -0.1260
vn -0.2521 -0.9677 -0.0000
vn -0.2183 -0.9677 0.1260
vn -0.1260 -0.9677 0.2183
vn -0.0000 -0.9677 0.2521
vn 0.1260 -0.9677 0.2183
vn 0.2183 -0.9677 0.1260
vn 0.1322 -0.9912 -0.0000
vn 0.1145 -0.9912 -0.0661
vn 0.0661 -0.9912 -0.1145
vn 0.0000 -0.9912 -0.1322
vn -0.0661 -0.9912 -0.1145
vn -0.1145 -0.9912 -0.0661
vn -0.1322 -0.9912 -0.0000
vn -0.1145 -0.9912 0.0661
vn -0.0661 -0.9912 0.1145
vn -0.0000 -0.9912 0.1322
vn 0.0661 -0.9912 0.1145
vn 0.1145 -0.9912 0.0661
vn 0.0000 -1.0000 0.0000
vn 0.0000 0.9677 -0.2521
vn -0.2521 0.9677 0.0000
vn -0.4320 0.5035 -0.7482
vn 0.4320 0.5035 0.7482
vn -0.4320 -0.5035 -0.7482
vn 0.4320 -0.5035 0.7482
vn 0.0000 -0.9677 -0.2521
vn -0.2521 -0.9677 0.0000
vn -0.8223 0.0128 0.5689
vn 0.0126 0.8096 0.5868
vn 0.0126 0.8096 -0.5868
vn -0.8223 0.0127 -0.5689
vn -0.0126 -0.8096 0.5868
vn -0.0126 -0.8095 -0.5869
vn 0.8223 -0.0127 -0.5690
vn 0.8223 -0.0128 0.5689
vn -0.6975 -0.2539 0.6701
vn -0.5687 -0.4772 0.6700
vn -0.3712 -0.6428 0.6701
vn -0.1289 -0.7311 0.6700
vn 0.1289 -0.7311 0.6700
vn 0.3712 -0.6429 0.6700
vn 0.5687 -0.4772 0.6700
vn 0.6976 -0.2539 0.6700
vn 0.7424 0.0000 0.6700
vn 0.6975 0.2539 0.6701
vn 0.5687 0.4772 0.6700
vn 0.3712 0.6429 0.6700
vn 0.1289 0.7310 0.6701
vn -0.1289 0.7311 0.6700
vn -0.3712 0.6429 0.6700
vn -0.5687 0.4772 0.6700
vn -0.6976 0.2539 0.6700
vn -0.7423 0.0000 0.6701
vn -0.9397 0.3420 -0.0000
vn -1.0000 -0.0000 -0.0000
vn -0.7660 0.6428 -0.0000
vn -0.5000 0.8660 -0.0000
vn -0.1736 0.9848 -0.0000
vn 0.1736 0.9848 0.0000
vn 0.5000 0.8660 0.0000
vn 0.7660 0.6428 0.0000
vn 0.9397 0.3420 0.0000
vn 1.0000 -0.0000 0.0000
vn 0.9397 -0.3420 0.0000
vn 0.7660 -0.6428 0.0000
vn 0.5000 -0.8660 0.0000
vn 0.1736 -0.9848 0.0000
vn -0.1736 -0.9848 -0.0000
vn -0.5000 -0.8660 -0.0000
vn -0.7660 -0.6428 -0.0000
vn -0.9397 -0.3420 -0.0000
vn 0.5000 0.8660 -0.0000
vn -0.1736 -0.9848 0.0000
vn -0.6976 0.2539 -0.6700
vn -0.7423 -0.0000 -0.6700
vn -0.5686 0.4772 -0.6701
vn -0.3712 0.6429 -0.6700
vn -0.1289 0.7311 -0.6700
vn 0.1289 0.7311 -0.6700
vn 0.3712 0.6429 -0.6700
vn 0.5687 0.4772 -0.6700
vn 0.6976 0.2539 -0.6700
vn 0.7423 0.0000 -0.6701
vn 0.6975 -0.2539 -0.6701
vn 0.5687 -0.4772 -0.6700
vn 0.3712 -0.6429 -0.6700
vn 0.1289 -0.7311 -0.6700
vn -0.1289 -0.7311 -0.6700
vn -0.3712 -0.6429 -0.6700
vn -0.5687 -0.4772 -0.6700
vn -0.6976 -0.2539 -0.6700
vn -0.1087 0.9881 -0.1087
vn -0.1087 0.9881 0.1087
vn 0.1087 0.9881 0.1087
vn 0.1087 0.9881 -0.1087
vn -0.0698 0.8549 -0.5140
vn -0.2655 0.8474 -0.4598
vn -0.4598 0.8474 -0.2654
vn -0.5140 0.8549 -0.0698
vn -0.5140 0.8549 0.0698
vn -0.4598 0.8474 0.2654
vn -0.2655 0.8474 0.4598
vn -0.0698 0.8549 0.5140
vn 0.0698 0.8549 0.5140
vn 0.2655 0.8474 0.4598
vn 0.4598 0.8474 0.2654
vn 0.5140 0.8549 0.0698
vn 0.5140 0.8549 -0.0698
vn 0.4598 0.8474 -0.2654
vn 0.2655 0.8474 -0.4598
vn 0.0698 0.8549 -0.5140
vn -0.1129 0.4883 -0.8653
vn -0.4380 0.4823 -0.7586
vn -0.7586 0.4823 -0.4380
vn -0.8653 0.4883 -0.1129
vn -0.8653 0.4883 0.1129
vn -0.7586 0.4823 0.4380
vn -0.4380 0.4823 0.7586
vn -0.1129 0.4883 0.8653
vn 0.1129 0.4883 0.8653
vn 0.4380 0.4823 0.7586
vn 0.7586 0.4823 0.4380
vn 0.8653 0.4883 0.1129
vn 0.8653 0.4883 -0.1129
vn 0.7586 0.4823 -0.4380
vn 0.4380 0.4823 -0.7586
vn 0.1129 0.4883 -0.8653
vn -0.1281 0.1281 -0.9834
vn -0.4959 0.1278 -0.8589
vn -0.8589 0.1278 -0.4959
vn -0.9834 0.1281 -0.1281
vn -0.9834 0.1281 0.1281
vn -0.8589 0.1278 0.4959
vn -0.4959 0.1278 0.8589
vn -0.1281 0.1281 0.9834
vn 0.1281 0.1281 0.9834
vn 0.4959 0.1278 0.8589
vn 0.8589 0.1278 0.4959
vn 0.9834 0.1281 0.1281
vn 0.9834 0.1281 -0.1281
vn 0.8589 0.1278 -0.4959
vn 0.4959 0.1278 -0.8589
vn 0.1281 0.1281 -0.9834
vn -0.1281 -0.1281 -0.9834
vn -0.4959 -0.1278 -0.8589
vn -0.8589 -0.1278 -0.4959
vn -0.9834 -0.1281 -0.1282
vn -0.9834 -0.1281 0.1282
vn -0.8589 -0.1278 0.4959
vn -0.4959 -0.1278 0.8589
vn -0.1281 -0.1281 0.9834
vn 0.1281 -0.1281 0.9834
vn 0.4959 -0.1278 0.8589
vn 0.8589 -0.1278 0.4959
vn 0.9834 -0.1281 0.1282
vn 0.9834 -0.1281 -0.1282
vn 0.8589 -0.1278 -0.4959
vn 0.4959 -0.1278 -0.8589
vn 0.1281 -0.1281 -0.9834
vn -0.1129 -0.4883 -0.8653
vn -0.4380 -0.4823 -0.7586
vn -0.7586 -0.4823 -0.4380
vn -0.8653 -0.4883 -0.1129
vn -0.8653 -0.4883 0.1129
vn -0.7586 -0.4823 0.4380
vn -0.4380 -0.4823 0.7586
vn -0.1129 -0.4883 0.8653
vn 0.1129 -0.4883 0.8653
vn 0.4380 -0.4823 0.7586
vn 0.7586 -0.4823 0.4380
vn 0.8653 -0.4883 0.1129
vn 0.8653 -0.4883 -0.1129
vn 0.7586 -0.4823 -0.4380
vn 0.4380 -0.4823 -0.7586
vn 0.1129 -0.4883 -0.8653
vn -0.0698 -0.8549 -0.5140
vn -0.2655 -0.8474 -0.4598
vn -0.4598 -0.8474 -0.2654
vn -0.5140 -0.8549 -0.0698
vn -0.5140 -0.8549 0.0698
vn -0.4598 -0.8474 0.2654
vn -0.2655 -0.8474 0.4598
vn -0.0698 -0.8549 0.5140
vn 0.0698 -0.8549 0.5140
vn 0.2655 -0.8474 0.4598
vn 0.4598 -0.8474 0.2654
vn 0.5140 -0.8549 0.0698
vn 0.5140 -0.8549 -0.0698
vn 0.4598 -0.8474 -0.2654
vn 0.2655 -0.8474 -0.4598
vn 0.0698 -0.8549 -0.5140
vn -0.1087 -0.9881 -0.1087
vn -0.1087 -0.9881 0.1087
vn 0.1087 -0.9881 0.1087
vn 0.1087 -0.9881 -0.1087
vn -0.5571 -0.6033 0.5707
vn -0.5571 -0.6033 -0.5707
vn 0.5571 -0.6033 -0.5707
vn 0.5571 -0.6033 0.5707
vn -0.4450 0.7218 0.5301
vn 0.4450 0.7218 0.5301
vn 0.4450 0.7218 -0.5301
vn -0.4450 0.7218 -0.5301
vn 0.7105 -0.0348 0.7029
vn -0.7105 -0.0348 0.7029
vn 0.7105 -0.0348 -0.7029
vn -0.7105 -0.0348 -0.7029
vn 0.7097 0.1894 0.6786
vn -0.7097 0.1894 0.6786
vn 0.7097 0.1894 -0.6786
vn -0.7097 0.1894 -0.6786
vn -0.2654 0.8474 -0.4598
vn -0.2654 0.8474 0.4598
vn 0.2654 0.8474 0.4598
vn 0.2654 0.8474 -0.4598
vn -0.4598 -0.8474 -0.2655
vn -0.4598 -0.8474 0.2655
vn 0.4598 -0.8474 0.2655
vn 0.4598 -0.8474 -0.2655
# 711 vertex normals

vt 1.0000 0.0000 0.0000
vt 1.0000 1.0000 0.0000
vt 0.0000 1.0000 0.0000
vt 0.0000 0.0000 0.0000
vt 0.3400 0.0000 -0.0000
vt 0.1953 0.0000 -0.3473
vt 0.0874 0.0000 -0.6527
vt 0.0292 0.0000 -0.8794
vt 0.0278 0.0000 -1.0000
vt 0.0833 0.0000 -1.0000
vt 0.1891 0.0000 -0.8794
vt 0.3325 0.0000 -0.6527
vt 0.4960 0.0000 -0.3473
vt 0.6600 0.0000 0.0000
vt 0.8047 0.0000 0.3473
vt 0.9126 0.0000 0.6527
vt 0.9708 0.0000 0.8794
vt 0.9722 0.0000 1.0000
vt 0.9167 0.0000 1.0000
vt 0.8611 0.0000 1.0000
vt 0.8056 0.0000 1.0000
vt 0.7500 0.0000 1.0000
vt 0.8056 0.2000 1.0000
vt 0.7500 0.2000 1.0000
vt 0.8611 0.2000 1.0000
vt 0.9167 0.2000 1.0000
vt 0.9722 0.2000 1.0000
vt -0.0278 0.0000 1.0000
vt 0.0278 0.0000 1.0000
vt 0.0278 0.2000 1.0000
vt -0.0278 0.2000 1.0000
vt 0.0833 0.0000 1.0000
vt 0.0833 0.2000 1.0000
vt 0.1389 0.0000 1.0000
vt 0.1389 0.2000 1.0000
vt 0.1944 0.0000 1.0000
vt 0.1944 0.2000 1.0000
vt 0.2500 0.0000 1.0000
vt 0.2500 0.2000 1.0000
vt 0.3056 0.0000 1.0000
vt 0.3056 0.2000 1.0000
vt 0.3611 0.0000 1.0000
vt 0.3611 0.2000 1.0000
vt 0.4167 0.0000 1.0000
vt 0.4167 0.2000 1.0000
vt 0.4722 0.0000 1.0000
vt 0.4722 0.2000 1.0000
vt 0.5278 0.0000 1.0000
vt 0.5278 0.2000 1.0000
vt 0.5833 0.0000 1.0000
vt 0.5833 0.2000 1.0000
vt 0.6389 0.0000 1.0000
vt 0.6389 0.2000 1.0000
vt 0.6944 0.0000 1.0000
vt 0.6944 0.2000 1.0000
vt 0.8056 0.4000 1.0000
vt 0.7500 0.4000 1.0000
vt 0.8611 0.4000 1.0000
vt 0.9167 0.4000 1.0000
vt 0.9722 0.4000 1.0000
vt 0.0278 0.4000 1.0000
vt -0.0278 0.4000 1.0000
vt 0.0833 0.4000 1.0000
vt 0.1389 0.4000 1.0000
vt 0.1944 0.4000 1.0000
vt 0.2500 0.4000 1.0000
vt 0.3056 0.4000 1.0000
vt 0.3611 0.4000 1.0000
vt 0.4167 0.4000 1.0000
vt 0.4722 0.4000 1.0000
vt 0.5278 0.4000 1.0000
vt 0.5833 0.4000 1.0000
vt 0.6389 0.4000 1.0000
vt 0.6944 0.4000 1.0000
vt 0.8056 0.6000 1.0000
vt 0.7500 0.6000 1.0000
vt 0.8611 0.6000 1.0000
vt 0.9167 0.6000 1.0000
vt 0.9722 0.6000 1.0000
vt 0.0278 0.6000 1.0000
vt -0.0278 0.6000 1.0000
vt 0.0833 0.6000 1.0000
vt 0.1389 0.6000 1.0000
vt 0.1944 0.6000 1.0000
vt 0.2500 0.6000 1.0000
vt 0.3056 0.6000 1.0000
vt 0.3611 0.6000 1.0000
vt 0.4167 0.6000 1.0000
vt 0.4722 0.6000 1.0000
vt 0.5278 0.6000 1.0000
vt 0.5833 0.6000 1.0000
vt 0.6389 0.6000 1.0000
vt 0.6944 0.6000 1.0000
vt 0.8056 0.8000 1.0000
vt 0.7500 0.8000 1.0000
vt 0.8611 0.8000 1.0000
vt 0.9167 0.8000 1.0000
vt 0.9722 0.8000 1.0000
vt 0.0278 0.8000 1.0000
vt -0.0278 0.8000 1.0000
vt 0.0833 0.8000 1.0000
vt 0.1389 0.8000 1.0000
vt 0.1944 0.8000 1.0000
vt 0.2500 0.8000 1.0000
vt 0.3056 0.8000 1.0000
vt 0.3611 0.8000 1.0000
vt 0.4167 0.8000 1.0000
vt 0.4722 0.8000 1.0000
vt 0.5278 0.8000 1.0000
vt 0.5833 0.8000 1.0000
vt 0.6389 0.8000 1.0000
vt 0.6944 0.8000 1.0000
vt 0.8056 1.0000 1.0000
vt 0.7500 1.0000 1.0000
vt 0.8611 1.0000 1.0000
vt 0.9167 1.0000 1.0000
vt 0.9722 1.0000 1.0000
vt 0.0278 1.0000 1.0000
vt -0.0278 1.0000 1.0000
vt 0.0833 1.0000 1.0000
vt 0.1389 1.0000 1.0000
vt 0.1944 1.0000 1.0000
vt 0.2500 1.0000 1.0000
vt 0.3056 1.0000 1.0000
vt 0.3611 1.0000 1.0000
vt 0.4167 1.0000 1.0000
vt 0.4722 1.0000 1.0000
vt 0.5278 1.0000 1.0000
vt 0.5833 1.0000 1.0000
vt 0.6389 1.0000 1.0000
vt 0.6944 1.0000 1.0000
vt 0.9708 1.0000 0.8794
vt 0.9126 1.0000 0.6527
vt 0.8047 1.0000 0.3473
vt 0.6600 1.0000 -0.0000
vt 0.4960 1.0000 -0.3473
vt 0.3325 1.0000 -0.6527
vt 0.1891 1.0000 -0.8794
vt 0.0833 1.0000 -1.0000
vt 0.0278 1.0000 -1.0000
vt 0.0292 1.0000 -0.8794
vt 0.0874 1.0000 -0.6527
vt 0.1953 1.0000 -0.3473
vt 0.0000 0.1250 0.5000
vt 0.0000 0.0000 0.5000
vt 0.0000 0.8750 0.5000
vt 0.0000 0.7500 0.5000
vt 0.0000 0.6250 0.5000
vt 0.0000 0.5000 0.5000
vt 0.0000 0.3750 0.5000
vt 0.0000 0.2500 0.5000
vt 0.0222 0.1250 0.5000
vt 0.0222 0.0000 0.5000
vt 0.0222 0.2500 0.5000
vt 0.0222 0.3750 0.5000
vt 0.0222 0.5000 0.5000
vt 0.0222 0.6250 0.5000
vt 0.0222 0.7500 0.5000
vt 0.0222 0.8750 0.5000
vt 0.0222 0.9990 0.0000
vt 0.0000 0.9990 0.0000
vt 0.0444 0.1250 0.5000
vt 0.0444 0.0000 0.5000
vt 0.0444 0.2500 0.5000
vt 0.0444 0.3750 0.5000
vt 0.0444 0.5000 0.5000
vt 0.0444 0.6250 0.5000
vt 0.0444 0.7500 0.5000
vt 0.0444 0.8750 0.5000
vt 0.0444 0.9990 0.0000
vt 0.0667 0.1250 0.5000
vt 0.0667 0.0000 0.5000
vt 0.0667 0.2500 0.5000
vt 0.0667 0.3750 0.5000
vt 0.0667 0.5000 0.5000
vt 0.0667 0.6250 0.5000
vt 0.0667 0.7500 0.5000
vt 0.0667 0.8750 0.5000
vt 0.0667 0.9990 0.0000
vt 0.0889 0.1250 0.5000
vt 0.0889 0.0000 0.5000
vt 0.0889 0.2500 0.5000
vt 0.0889 0.3750 0.5000
vt 0.0889 0.5000 0.5000
vt 0.0889 0.6250 0.5000
vt 0.0889 0.7500 0.5000
vt 0.0889 0.8750 0.5000
vt 0.0889 0.9990 0.0000
vt 0.1111 0.1250 0.5000
vt 0.1111 0.0000 0.5000
vt 0.1111 0.2500 0.5000
vt 0.1111 0.3750 0.5000
vt 0.1111 0.5000 0.5000
vt 0.1111 0.6250 0.5000
vt 0.1111 0.7500 0.5000
vt 0.1111 0.8750 0.5000
vt 0.1111 0.9990 0.0000
vt 0.1333 0.1250 0.5000
vt 0.1333 0.0000 0.5000
vt 0.1333 0.2500 0.5000
vt 0.1333 0.3750 0.5000
vt 0.1333 0.5000 0.5000
vt 0.1333 0.6250 0.5000
vt 0.1333 0.7500 0.5000
vt 0.1333 0.8750 0.5000
vt 0.1333 0.9990 0.0000
vt 0.1556 0.1250 0.5000
vt 0.1556 0.0000 0.5000
vt 0.1556 0.2500 0.5000
vt 0.1556 0.3750 0.5000
vt 0.1556 0.5000 0.5000
vt 0.1556 0.6250 0.5000
vt 0.1556 0.7500 0.5000
vt 0.1556 0.8750 0.5000
vt 0.1556 0.9990 0.0000
vt 0.1778 0.1250 0.5000
vt 0.1778 0.0000 0.5000
vt 0.1778 0.2500 0.5000
vt 0.1778 0.3750 0.5000
vt 0.1778 0.5000 0.5000
vt 0.1778 0.6250 0.5000
vt 0.1778 0.7500 0.5000
vt 0.1778 0.8750 0.5000
vt 0.1778 0.9990 0.0000
vt 0.2000 0.1250 0.5000
vt 0.2000 0.0000 0.5000
vt 0.2000 0.2500 0.5000
vt 0.2000 0.3750 0.5000
vt 0.2000 0.5000 0.5000
vt 0.2000 0.6250 0.5000
vt 0.2000 0.7500 0.5000
vt 0.2000 0.8750 0.5000
vt 0.2000 0.9990 0.0000
vt 0.2222 0.1250 0.5000
vt 0.2222 0.0000 0.5000
vt 0.2222 0.2500 0.5000
vt 0.2222 0.3750 0.5000
vt 0.2222 0.5000 0.5000
vt 0.2222 0.6250 0.5000
vt 0.2222 0.7500 0.5000
vt 0.2222 0.8750 0.5000
vt 0.2222 0.9990 0.0000
vt 0.2444 0.1250 0.5000
vt 0.2444 0.0000 0.5000
vt 0.2444 0.2500 0.5000
vt 0.2444 0.3750 0.5000
vt 0.2444 0.5000 0.5000
vt 0.2444 0.6250 0.5000
vt 0.2444 0.7500 0.5000
vt 0.2444 0.8750 0.5000
vt 0.2444 0.9990 0.0000
vt 0.2667 0.1250 0.5000
vt 0.2667 0.0000 0.5000
vt 0.2667 0.2500 0.5000
vt 0.2667 0.3750 0.5000
vt 0.2667 0.5000 0.5000
vt 0.2667 0.6250 0.5000
vt 0.2667 0.7500 0.5000
vt 0.2667 0.8750 0.5000
vt 0.2667 0.9990 0.0000
vt 0.2889 0.1250 0.5000
vt 0.2889 0.0000 0.5000
vt 0.2889 0.2500 0.5000
vt 0.2889 0.3750 0.5000
vt 0.2889 0.5000 0.5000
vt 0.2889 0.6250 0.5000
vt 0.2889 0.7500 0.5000
vt 0.2889 0.8750 0.5000
vt 0.2889 0.9990 0.0000
vt 0.3111 0.1250 0.5000
vt 0.3111 0.0000 0.5000
vt 0.3111 0.2500 0.5000
vt 0.3111 0.3750 0.5000
vt 0.3111 0.5000 0.5000
vt 0.3111 0.6250 0.5000
vt 0.3111 0.7500 0.5000
vt 0.3111 0.8750 0.5000
vt 0.3111 0.9990 0.0000
vt 0.3333 0.1250 0.5000
vt 0.3333 0.0000 0.5000
vt 0.3333 0.2500 0.5000
vt 0.3333 0.3750 0.5000
vt 0.3333 0.5000 0.5000
vt 0.3333 0.6250 0.5000
vt 0.3333 0.7500 0.5000
vt 0.3333 0.8750 0.5000
vt 0.3333 0.9990 0.0000
vt 0.3556 0.1250 0.5000
vt 0.3556 0.0000 0.5000
vt 0.3556 0.2500 0.5000
vt 0.3556 0.3750 0.5000
vt 0.3556 0.5000 0.5000
vt 0.3556 0.6250 0.5000
vt 0.3556 0.7500 0.5000
vt 0.3556 0.8750 0.5000
vt 0.3556 0.9990 0.0000
vt 0.3778 0.1250 0.5000
vt 0.3778 0.0000 0.5000
vt 0.3778 0.2500 0.5000
vt 0.3778 0.3750 0.5000
vt 0.3778 0.5000 0.5000
vt 0.3778 0.6250 0.5000
vt 0.3778 0.7500 0.5000
vt 0.3778 0.8750 0.5000
vt 0.3778 0.9990 0.0000
vt 0.4000 0.1250 0.5000
vt 0.4000 0.0000 0.5000
vt 0.4000 0.2500 0.5000
vt 0.4000 0.3750 0.5000
vt 0.4000 0.5000 0.5000
vt 0.4000 0.6250 0.5000
vt 0.4000 0.7500 0.5000
vt 0.4000 0.8750 0.5000
vt 0.4000 0.9990 0.0000
vt 0.4222 0.1250 0.5000
vt 0.4222 0.0000 0.5000
vt 0.4222 0.2500 0.5000
vt 0.4222 0.3750 0.5000
vt 0.4222 0.5000 0.5000
vt 0.4222 0.6250 0.5000
vt 0.4222 0.7500 0.5000
vt 0.4222 0.8750 0.5000
vt 0.4222 0.9990 0.0000
vt 0.4444 0.1250 0.5000
vt 0.4444 0.0000 0.5000
vt 0.4444 0.2500 0.5000
vt 0.4444 0.3750 0.5000
vt 0.4444 0.5000 0.5000
vt 0.4444 0.6250 0.5000
vt 0.4444 0.7500 0.5000
vt 0.4444 0.8750 0.5000
vt 0.4444 0.9990 0.0000
vt 0.4667 0.1250 0.5000
vt 0.4667 0.0000 0.5000
vt 0.4667 0.2500 0.5000
vt 0.4667 0.3750 0.5000
vt 0.4667 0.5000 0.5000
vt 0.4667 0.6250 0.5000
vt 0.4667 0.7500 0.5000
vt 0.4667 0.8750 0.5000
vt 0.4667 0.9990 0.0000
vt 0.4889 0.1250 0.5000
vt 0.4889 0.0000 0.5000
vt 0.4889 0.2500 0.5000
vt 0.4889 0.3750 0.5000
vt 0.4889 0.5000 0.5000
vt 0.4889 0.6250 0.5000
vt 0.4889 0.7500 0.5000
vt 0.4889 0.8750 0.5000
vt 0.4889 0.9990 0.0000
vt 0.5111 0.1250 0.5000
vt 0.5111 0.0000 0.5000
vt 0.5111 0.2500 0.5000
vt 0.5111 0.3750 0.5000
vt 0.5111 0.5000 0.5000
vt 0.5111 0.6250 0.5000
vt 0.5111 0.7500 0.5000
vt 0.5111 0.8750 0.5000
vt 0.5111 0.9990 0.0000
vt 0.5333 0.1250 0.5000
vt 0.5333 0.0000 0.5000
vt 0.5333 0.2500 0.5000
vt 0.5333 0.3750 0.5000
vt 0.5333 0.5000 0.5000
vt 0.5333 0.6250 0.5000
vt 0.5333 0.7500 0.5000
vt 0.5333 0.8750 0.5000
vt 0.5333 0.9990 0.0000
vt 0.5556 0.1250 0.5000
vt 0.5556 0.0000 0.5000
vt 0.5556 0.2500 0.5000
vt 0.5556 0.3750 0.5000
vt 0.5556 0.5000 0.5000
vt 0.5556 0.6250 0.5000
vt 0.5556 0.7500 0.5000
vt 0.5556 0.8750 0.5000
vt 0.5556 0.9990 0.0000
vt 0.5778 0.1250 0.5000
vt 0.5778 0.0000 0.5000
vt 0.5778 0.2500 0.5000
vt 0.5778 0.3750 0.5000
vt 0.5778 0.5000 0.5000
vt 0.5778 0.6250 0.5000
vt 0.5778 0.7500 0.5000
vt 0.5778 0.8750 0.5000
vt 0.5778 0.9990 0.0000
vt 0.6000 0.1250 0.5000
vt 0.6000 0.0000 0.5000
vt 0.6000 0.2500 0.5000
vt 0.6000 0.3750 0.5000
vt 0.6000 0.5000 0.5000
vt 0.6000 0.6250 0.5000
vt 0.6000 0.7500 0.5000
vt 0.6000 0.8750 0.5000
vt 0.6000 0.9990 0.0000
vt 0.6222 0.1250 0.5000
vt 0.6222 0.0000 0.5000
vt 0.6222 0.2500 0.5000
vt 0.6222 0.3750 0.5000
vt 0.6222 0.5000 0.5000
vt 0.6222 0.6250 0.5000
vt 0.6222 0.7500 0.5000
vt 0.6222 0.8750 0.5000
vt 0.6222 0.9990 0.0000
vt 0.6444 0.1250 0.5000
vt 0.6444 0.0000 0.5000
vt 0.6444 0.2500 0.5000
vt 0.6444 0.3750 0.5000
vt 0.6444 0.5000 0.5000
vt 0.6444 0.6250 0.5000
vt 0.6444 0.7500 0.5000
vt 0.6444 0.8750 0.5000
vt 0.6444 0.9990 0.0000
vt 0.6667 0.1250 0.5000
vt 0.6667 0.0000 0.5000
vt 0.6667 0.2500 0.5000
vt 0.6667 0.3750 0.5000
vt 0.6667 0.5000 0.5000
vt 0.6667 0.6250 0.5000
vt 0.6667 0.7500 0.5000
vt 0.6667 0.8750 0.5000
vt 0.6667 0.9990 0.0000
vt 0.6889 0.1250 0.5000
vt 0.6889 0.0000 0.5000
vt 0.6889 0.2500 0.5000
vt 0.6889 0.3750 0.5000
vt 0.6889 0.5000 0.5000
vt 0.6889 0.6250 0.5000
vt 0.6889 0.7500 0.5000
vt 0.6889 0.8750 0.5000
vt 0.6889 0.9990 0.0000
vt 0.7111 0.1250 0.5000
vt 0.7111 0.0000 0.5000
vt 0.7111 0.2500 0.5000
vt 0.7111 0.3750 0.5000
vt 0.7111 0.5000 0.5000
vt 0.7111 0.6250 0.5000
vt 0.7111 0.7500 0.5000
vt 0.7111 0.8750 0.5000
vt 0.7111 0.9990 0.0000
vt 0.7333 0.1250 0.5000
vt 0.7333 0.0000 0.5000
vt 0.7333 0.2500 0.5000
vt 0.7333 0.3750 0.5000
vt 0.7333 0.5000 0.5000
vt 0.7333 0.6250 0.5000
vt 0.7333 0.7500 0.5000
vt 0.7333 0.8750 0.5000
vt 0.7333 0.9990 0.0000
vt 0.7556 0.1250 0.5000
vt 0.7556 0.0000 0.5000
vt 0.7556 0.2500 0.5000
vt 0.7556 0.3750 0.5000
vt 0.7556 0.5000 0.5000
vt 0.7556 0.6250 0.5000
vt 0.7556 0.7500 0.5000
vt 0.7556 0.8750 0.5000
vt 0.7556 0.9990 0.0000
vt 0.7778 0.1250 0.5000
vt 0.7778 0.0000 0.5000
vt 0.7778 0.2500 0.5000
vt 0.7778 0.3750 0.5000
vt 0.7778 0.5000 0.5000
vt 0.7778 0.6250 0.5000
vt 0.7778 0.7500 0.5000
vt 0.7778 0.8750 0.5000
vt 0.7778 0.9990 0.0000
vt 0.8000 0.1250 0.5000
vt 0.8000 0.0000 0.5000
vt 0.8000 0.2500 0.5000
vt 0.8000 0.3750 0.5000
vt 0.8000 0.5000 0.5000
vt 0.8000 0.6250 0.5000
vt 0.8000 0.7500 0.5000
vt 0.8000 0.8750 0.5000
vt 0.8000 0.9990 0.0000
vt 0.8222 0.1250 0.5000
vt 0.8222 0.0000 0.5000
vt 0.8222 0.2500 0.5000
vt 0.8222 0.3750 0.5000
vt 0.8222 0.5000 0.5000
vt 0.8222 0.6250 0.5000
vt 0.8222 0.7500 0.5000
vt 0.8222 0.8750 0.5000
vt 0.8222 0.9990 0.0000
vt 0.8444 0.1250 0.5000
vt 0.8444 0.0000 0.5000
vt 0.8444 0.2500 0.5000
vt 0.8444 0.3750 0.5000
vt 0.8444 0.5000 0.5000
vt 0.8444 0.6250 0.5000
vt 0.8444 0.7500 0.5000
vt 0.8444 0.8750 0.5000
vt 0.8444 0.9990 0.0000
vt 0.8667 0.1250 0.5000
vt 0.8667 0.0000 0.5000
vt 0.8667 0.2500 0.5000
vt 0.8667 0.3750 0.5000
vt 0.8667 0.5000 0.5000
vt 0.8667 0.6250 0.5000
vt 0.8667 0.7500 0.5000
vt 0.8667 0.8750 0.5000
vt 0.8667 0.9990 0.0000
vt 0.8889 0.1250 0.5000
vt 0.8889 0.0000 0.5000
vt 0.8889 0.2500 0.5000
vt 0.8889 0.3750 0.5000
vt 0.8889 0.5000 0.5000
vt 0.8889 0.6250 0.5000
vt 0.8889 0.7500 0.5000
vt 0.8889 0.8750 0.5000
vt 0.8889 0.9990 0.0000
vt 0.9111 0.1250 0.5000
vt 0.9111 0.0000 0.5000
vt 0.9111 0.2500 0.5000
vt 0.9111 0.3750 0.5000
vt 0.9111 0.5000 0.5000
vt 0.9111 0.6250 0.5000
vt 0.9111 0.7500 0.5000
vt 0.9111 0.8750 0.5000
vt 0.9111 0.9990 0.0000
vt 0.9333 0.1250 0.5000
vt 0.9333 0.0000 0.5000
vt 0.9333 0.2500 0.5000
vt 0.9333 0.3750 0.5000
vt 0.9333 0.5000 0.5000
vt 0.9333 0.6250 0.5000
vt 0.9333 0.7500 0.5000
vt 0.9333 0.8750 0.5000
vt 0.9333 0.9990 0.0000
vt 0.9556 0.1250 0.5000
vt 0.9556 0.0000 0.5000
vt 0.9556 0.2500 0.5000
vt 0.9556 0.3750 0.5000
vt 0.9556 0.5000 0.5000
vt 0.9556 0.6250 0.5000
vt 0.9556 0.7500 0.5000
vt 0.9556 0.8750 0.5000
vt 0.9556 0.9990 0.0000
vt 0.9778 0.1250 0.5000
vt 0.9778 0.0000 0.5000
vt 0.9778 0.2500 0.5000
vt 0.9778 0.3750 0.5000
vt 0.9778 0.5000 0.5000
vt 0.9778 0.6250 0.5000
vt 0.9778 0.7500 0.5000
vt 0.9778 0.8750 0.5000
vt 0.9778 0.9990 0.0000
vt 1.0000 0.1250 0.5000
vt 1.0000 0.0000 0.5000
vt 1.0000 0.2500 0.5000
vt 1.0000 0.3750 0.5000
vt 1.0000 0.5000 0.5000
vt 1.0000 0.6250 0.5000
vt 1.0000 0.7500 0.5000
vt 1.0000 0.8750 0.5000
vt 1.0000 0.9990 0.0000
vt 1.0000 0.4608 0.7929
vt 0.5000 0.5000 0.0000
vt 0.6298 0.5000 0.0000
vt 0.6124 0.5649 0.0000
vt 0.5649 0.6124 0.0000
vt 0.5000 0.6298 0.0000
vt 0.4351 0.6124 0.0000
vt 0.3876 0.5649 0.0000
vt 0.3702 0.5000 0.0000
vt 0.3876 0.4351 0.0000
vt 0.4351 0.3876 0.0000
vt 0.5000 0.3702 0.0000
vt 0.5649 0.3876 0.0000
vt 0.6124 0.4351 0.0000
vt 0.7577 0.5000 0.0000
vt 0.7232 0.6288 0.0000
vt 0.6288 0.7232 0.0000
vt 0.5000 0.7577 0.0000
vt 0.3712 0.7232 0.0000
vt 0.2768 0.6288 0.0000
vt 0.2423 0.5000 0.0000
vt 0.2768 0.3712 0.0000
vt 0.3712 0.2768 0.0000
vt 0.5000 0.2423 0.0000
vt 0.6288 0.2768 0.0000
vt 0.7232 0.3712 0.0000
vt 0.8817 0.5000 0.0000
vt 0.8306 0.6909 0.0000
vt 0.6909 0.8306 0.0000
vt 0.5000 0.8817 0.0000
vt 0.3091 0.8306 0.0000
vt 0.1694 0.6909 0.0000
vt 0.1183 0.5000 0.0000
vt 0.1694 0.3091 0.0000
vt 0.3091 0.1694 0.0000
vt 0.5000 0.1183 0.0000
vt 0.6909 0.1694 0.0000
vt 0.8306 0.3091 0.0000
vt 1.0000 0.5000 0.0000
vt 0.9330 0.7500 0.0000
vt 0.7500 0.9330 0.0000
vt 0.5000 1.0000 0.0000
vt 0.2500 0.9330 0.0000
vt 0.0670 0.7500 0.0000
vt 0.0000 0.5000 0.0000
vt 0.0670 0.2500 0.0000
vt 0.2500 0.0670 0.0000
vt 0.5000 0.0000 0.0000
vt 0.7500 0.0670 0.0000
vt 0.9330 0.2500 0.0000
vt 0.0833 0.0000 0.0000
vt 0.0833 1.0000 0.0000
vt 0.1667 0.0000 0.0000
vt 0.1667 1.0000 0.0000
vt 0.2500 0.0000 0.0000
vt 0.2500 1.0000 0.0000
vt 0.3333 0.0000 0.0000
vt 0.3333 1.0000 0.0000
vt 0.4167 0.0000 0.0000
vt 0.4167 1.0000 0.0000
vt 0.5833 0.0000 0.0000
vt 0.5833 1.0000 0.0000
vt 0.6667 0.0000 0.0000
vt 0.6667 1.0000 0.0000
vt 0.7500 0.0000 0.0000
vt 0.7500 1.0000 0.0000
vt 0.8333 0.0000 0.0000
vt 0.8333 1.0000 0.0000
vt 0.9167 0.0000 0.0000
vt 0.9167 1.0000 0.0000
vt 0.6600 1.0000 0.0000
vt 0.1169 0.9160 0.0000
vt 0.1169 0.0840 0.0000
vt 0.8831 0.0840 0.0000
vt 0.8831 0.9160 0.0000
vt 0.1169 0.9580 0.0000
vt 0.0877 0.9524 0.0000
vt 0.0663 0.9370 0.0000
vt 0.0585 0.9160 0.0000
vt 0.0585 0.0840 0.0000
vt 0.0663 0.0630 0.0000
vt 0.0877 0.0476 0.0000
vt 0.1169 0.0420 0.0000
vt 0.8831 0.0420 0.0000
vt 0.9123 0.0476 0.0000
vt 0.9337 0.0630 0.0000
vt 0.9415 0.0840 0.0000
vt 0.9415 0.9160 0.0000
vt 0.9337 0.9370 0.0000
vt 0.9123 0.9524 0.0000
vt 0.8831 0.9580 0.0000
vt 0.1169 0.9888 0.0000
vt 0.0663 0.9790 0.0000
vt 0.0292 0.9524 0.0000
vt 0.0157 0.9160 0.0000
vt 0.0157 0.0840 0.0000
vt 0.0292 0.0476 0.0000
vt 0.0663 0.0210 0.0000
vt 0.1169 0.0112 0.0000
vt 0.8831 0.0112 0.0000
vt 0.9337 0.0210 0.0000
vt 0.9708 0.0476 0.0000
vt 0.9843 0.0840 0.0000
vt 0.9843 0.9160 0.0000
vt 0.9708 0.9524 0.0000
vt 0.9337 0.9790 0.0000
vt 0.8831 0.9888 0.0000
vt 0.1169 1.0000 0.0000
vt 0.0585 0.9888 0.0000
vt 0.0157 0.9580 0.0000
vt 0.0000 0.9160 0.0000
vt 0.0000 0.0840 0.0000
vt 0.0157 0.0420 0.0000
vt 0.0585 0.0112 0.0000
vt 0.1169 0.0000 0.0000
vt 0.8831 0.0000 0.0000
vt 0.9415 0.0112 0.0000
vt 0.9843 0.0420 0.0000
vt 1.0000 0.0840 0.0000
vt 1.0000 0.9160 0.0000
vt 0.9843 0.9580 0.0000
vt 0.9415 0.9888 0.0000
vt 0.8831 1.0000 0.0000
vt 0.0120 0.0000 0.0000
vt 0.0120 1.0000 0.0000
vt 0.0240 0.0000 0.0000
vt 0.0240 1.0000 0.0000
vt 0.0360 0.0000 0.0000
vt 0.0360 1.0000 0.0000
vt 0.2658 0.0000 0.0000
vt 0.2658 1.0000 0.0000
vt 0.2778 0.0000 0.0000
vt 0.2778 1.0000 0.0000
vt 0.2898 0.0000 0.0000
vt 0.2898 1.0000 0.0000
vt 0.3018 0.0000 0.0000
vt 0.3018 1.0000 0.0000
vt 0.4536 0.0000 0.0000
vt 0.4536 1.0000 0.0000
vt 0.4656 0.0000 0.0000
vt 0.4656 1.0000 0.0000
vt 0.4776 0.0000 0.0000
vt 0.4776 1.0000 0.0000
vt 0.4896 0.0000 0.0000
vt 0.4896 1.0000 0.0000
vt 0.7194 0.0000 0.0000
vt 0.7194 1.0000 0.0000
vt 0.7314 0.0000 0.0000
vt 0.7314 1.0000 0.0000
vt 0.7434 0.0000 0.0000
vt 0.7434 1.0000 0.0000
vt 0.7554 0.0000 0.0000
vt 0.7554 1.0000 0.0000
# 710 texture coords

o Box003
g Box003
usemtl wire_044013120
s 2
f 1/1/1 2/2/2 3/3/3 4/4/4 
s 4
f 5/4/5 6/1/6 7/2/7 8/3/8 
s 8
f 1/4/1 4/1/4 6/2/6 5/3/5 
s 16
f 9/4/9 10/1/10 11/2/11 12/3/12 
s 32
f 3/4/3 2/1/2 8/2/8 7/3/7 
s 64
f 2/4/2 1/1/1 5/2/5 8/3/8 
s 16
f 4/4/4 3/1/3 10/1/10 9/4/9 
f 3/1/3 7/2/7 11/2/11 10/1/10 
f 7/2/7 6/3/6 12/3/12 11/2/11 
f 6/3/6 4/4/4 9/4/9 12/3/12 
s 1
f 13/5/13 14/6/14 15/7/15 16/8/16 17/9/17 18/10/18 19/11/19 20/12/20 21/13/21 22/14/22 23/15/23 24/16/24 25/17/25 26/18/26 27/19/27 28/20/28 29/21/29 30/22/30 
s 8
f 30/22/30 29/21/29 31/23/31 32/24/32 
f 29/21/29 28/20/28 33/25/33 31/23/31 
f 28/20/28 27/19/27 34/26/34 33/25/33 
f 27/19/27 26/18/26 35/27/35 34/26/34 
f 26/28/26 25/29/25 36/30/36 35/31/35 
f 25/29/25 24/32/24 37/33/37 36/30/36 
f 24/32/24 23/34/23 38/35/38 37/33/37 
f 23/34/23 22/36/22 39/37/39 38/35/38 
f 22/36/22 21/38/21 40/39/40 39/37/39 
f 21/38/21 20/40/20 41/41/41 40/39/40 
f 20/40/20 19/42/19 42/43/42 41/41/41 
f 19/42/19 18/44/18 43/45/43 42/43/42 
f 18/44/18 17/46/17 44/47/44 43/45/43 
f 17/46/17 16/48/16 45/49/45 44/47/44 
f 16/48/16 15/50/15 46/51/46 45/49/45 
f 15/50/15 14/52/14 47/53/47 46/51/46 
f 14/52/14 13/54/13 48/55/48 47/53/47 
f 13/54/13 30/22/30 32/24/32 48/55/48 
f 32/24/32 31/23/31 49/56/31 50/57/32 
f 31/23/31 33/25/33 51/58/33 49/56/31 
f 33/25/33 34/26/34 52/59/34 51/58/33 
f 34/26/34 35/27/35 53/60/35 52/59/34 
f 35/31/35 36/30/36 54/61/36 53/62/35 
f 36/30/36 37/33/37 55/63/37 54/61/36 
f 37/33/37 38/35/38 56/64/38 55/63/37 
f 38/35/38 39/37/39 57/65/39 56/64/38 
f 39/37/39 40/39/40 58/66/40 57/65/39 
f 40/39/40 41/41/41 59/67/41 58/66/40 
f 41/41/41 42/43/42 60/68/42 59/67/41 
f 42/43/42 43/45/43 61/69/43 60/68/42 
f 43/45/43 44/47/44 62/70/44 61/69/43 
f 44/47/44 45/49/45 63/71/45 62/70/44 
f 45/49/45 46/51/46 64/72/46 63/71/45 
f 46/51/46 47/53/47 65/73/47 64/72/46 
f 47/53/47 48/55/48 66/74/48 65/73/47 
f 48/55/48 32/24/32 50/57/32 66/74/48 
f 50/57/32 49/56/31 67/75/31 68/76/32 
f 49/56/31 51/58/33 69/77/33 67/75/31 
f 51/58/33 52/59/34 70/78/34 69/77/33 
f 52/59/34 53/60/35 71/79/35 70/78/34 
f 53/62/35 54/61/36 72/80/36 71/81/35 
f 54/61/36 55/63/37 73/82/37 72/80/36 
f 55/63/37 56/64/38 74/83/38 73/82/37 
f 56/64/38 57/65/39 75/84/39 74/83/38 
f 57/65/39 58/66/40 76/85/40 75/84/39 
f 58/66/40 59/67/41 77/86/41 76/85/40 
f 59/67/41 60/68/42 78/87/42 77/86/41 
f 60/68/42 61/69/43 79/88/43 78/87/42 
f 61/69/43 62/70/44 80/89/44 79/88/43 
f 62/70/44 63/71/45 81/90/45 80/89/44 
f 63/71/45 64/72/46 82/91/46 81/90/45 
f 64/72/46 65/73/47 83/92/47 82/91/46 
f 65/73/47 66/74/48 84/93/48 83/92/47 
f 66/74/48 50/57/32 68/76/32 84/93/48 
f 68/76/32 67/75/31 85/94/31 86/95/32 
f 67/75/31 69/77/33 87/96/33 85/94/31 
f 69/77/33 70/78/34 88/97/34 87/96/33 
f 70/78/34 71/79/35 89/98/35 88/97/34 
f 71/81/35 72/80/36 90/99/36 89/100/35 
f 72/80/36 73/82/37 91/101/37 90/99/36 
f 73/82/37 74/83/38 92/102/38 91/101/37 
f 74/83/38 75/84/39 93/103/39 92/102/38 
f 75/84/39 76/85/40 94/104/40 93/103/39 
f 76/85/40 77/86/41 95/105/41 94/104/40 
f 77/86/41 78/87/42 96/106/42 95/105/41 
f 78/87/42 79/88/43 97/107/43 96/106/42 
f 79/88/43 80/89/44 98/108/44 97/107/43 
f 80/89/44 81/90/45 99/109/45 98/108/44 
f 81/90/45 82/91/46 100/110/46 99/109/45 
f 82/91/46 83/92/47 101/111/47 100/110/46 
f 83/92/47 84/93/48 102/112/48 101/111/47 
f 84/93/48 68/76/32 86/95/32 102/112/48 
f 86/95/32 85/94/31 103/113/49 104/114/50 
f 85/94/31 87/96/33 105/115/51 103/113/49 
f 87/96/33 88/97/34 106/116/52 105/115/51 
f 88/97/34 89/98/35 107/117/53 106/116/52 
f 89/100/35 90/99/36 108/118/54 107/119/53 
f 90/99/36 91/101/37 109/120/55 108/118/54 
f 91/101/37 92/102/38 110/121/56 109/120/55 
f 92/102/38 93/103/39 111/122/57 110/121/56 
f 93/103/39 94/104/40 112/123/58 111/122/57 
f 94/104/40 95/105/41 113/124/59 112/123/58 
f 95/105/41 96/106/42 114/125/60 113/124/59 
f 96/106/42 97/107/43 115/126/61 114/125/60 
f 97/107/43 98/108/44 116/127/62 115/126/61 
f 98/108/44 99/109/45 117/128/63 116/127/62 
f 99/109/45 100/110/46 118/129/64 117/128/63 
f 100/110/46 101/111/47 119/130/65 118/129/64 
f 101/111/47 102/112/48 120/131/66 119/130/65 
f 102/112/48 86/95/32 104/114/50 120/131/66 
s 1
f 120/131/66 104/114/50 103/113/49 105/115/51 106/116/52 107/117/53 108/132/54 109/133/55 110/134/56 111/135/57 112/136/58 113/137/59 114/138/60 115/139/61 116/140/62 117/141/63 118/142/64 119/143/65 
s 2
f 121/1/1 122/2/2 123/3/67 124/4/68 
s 4
f 125/4/5 126/1/69 127/2/70 128/3/8 
s 8
f 121/4/1 124/1/68 126/2/69 125/3/5 
s 16
f 124/4/68 123/1/67 127/2/70 126/3/69 
s 32
f 123/4/67 122/1/2 128/2/8 127/3/70 
s 64
f 122/4/2 121/1/1 125/2/5 128/3/8 
s 2
f 129/1/1 130/2/2 131/3/67 132/4/68 
s 4
f 133/4/5 134/1/69 135/2/70 136/3/8 
s 8
f 129/4/1 132/1/68 134/2/69 133/3/5 
s 16
f 132/4/68 131/1/67 135/2/70 134/3/69 
s 32
f 131/4/67 130/1/2 136/2/8 135/3/70 
s 64
f 130/4/2 129/1/1 133/2/5 136/3/8 
s 2
f 137/1/69 138/2/70 139/3/8 140/4/5 
s 4
f 141/4/68 142/1/1 143/2/2 144/3/67 
s 8
f 137/4/69 140/1/5 142/2/1 141/3/68 
s 16
f 140/4/5 139/1/8 143/2/2 142/3/1 
s 32
f 139/4/8 138/1/70 144/2/67 143/3/2 
s 64
f 138/4/70 137/1/69 141/2/68 144/3/67 
s 2
f 145/1/69 146/2/70 147/3/8 148/4/5 
s 4
f 149/4/68 150/1/1 151/2/2 152/3/67 
s 8
f 145/4/69 148/1/5 150/2/1 149/3/68 
s 16
f 148/4/5 147/1/8 151/2/2 150/3/1 
s 32
f 147/4/8 146/1/70 152/2/67 151/3/2 
s 64
f 146/4/70 145/1/69 149/2/68 152/3/67 
s 2
f 153/1/71 154/2/72 155/3/73 156/4/74 
s 4
f 157/4/75 158/1/76 159/2/77 160/3/78 
s 8
f 153/4/71 156/1/74 158/2/76 157/3/75 
s 16
f 156/4/74 155/1/73 159/2/77 158/3/76 
s 32
f 155/4/73 154/1/72 160/2/78 159/3/77 
s 64
f 154/4/72 153/1/71 157/2/75 160/3/78 
s 1
f 161/144/79 162/145/80 163/146/81 164/147/82 165/148/83 166/149/84 167/150/85 168/151/86 
s 2
f 169/152/87 170/153/88 162/145/80 161/144/79 
f 171/154/89 169/152/87 161/144/79 168/151/86 
f 172/155/90 171/154/89 168/151/86 167/150/85 
f 173/156/91 172/155/90 167/150/85 166/149/84 
f 174/157/92 173/156/91 166/149/84 165/148/83 
f 175/158/93 174/157/92 165/148/83 164/147/82 
f 176/159/94 175/158/93 164/147/82 163/146/81 
f 170/160/88 176/159/94 163/146/81 162/161/80 
f 177/162/95 178/163/96 170/153/88 169/152/87 
f 179/164/97 177/162/95 169/152/87 171/154/89 
f 180/165/90 179/164/97 171/154/89 172/155/90 
f 181/166/91 180/165/90 172/155/90 173/156/91 
f 182/167/98 181/166/91 173/156/91 174/157/92 
f 183/168/93 182/167/98 174/157/92 175/158/93 
f 184/169/94 183/168/93 175/158/93 176/159/94 
f 178/170/96 184/169/94 176/159/94 170/160/88 
f 185/171/87 186/172/96 178/163/96 177/162/95 
f 187/173/89 185/171/87 177/162/95 179/164/97 
f 188/174/99 187/173/89 179/164/97 180/165/90 
f 189/175/91 188/174/99 180/165/90 181/166/91 
f 190/176/98 189/175/91 181/166/91 182/167/98 
f 191/177/93 190/176/98 182/167/98 183/168/93 
f 192/178/100 191/177/93 183/168/93 184/169/94 
f 186/179/96 192/178/100 184/169/94 178/170/96 
f 193/180/101 194/181/102 186/172/96 185/171/87 
f 195/182/103 193/180/101 185/171/87 187/173/89 
f 196/183/104 195/182/103 187/173/89 188/174/99 
f 197/184/105 196/183/104 188/174/99 189/175/91 
f 198/185/106 197/184/105 189/175/91 190/176/98 
f 199/186/107 198/185/106 190/176/98 191/177/93 
f 200/187/108 199/186/107 191/177/93 192/178/100 
f 194/188/102 200/187/108 192/178/100 186/179/96 
f 201/189/109 202/190/110 194/181/102 193/180/101 
f 203/191/111 201/189/109 193/180/101 195/182/103 
f 204/192/112 203/191/111 195/182/103 196/183/104 
f 205/193/113 204/192/112 196/183/104 197/184/105 
f 206/194/114 205/193/113 197/184/105 198/185/106 
f 207/195/115 206/194/114 198/185/106 199/186/107 
f 208/196/116 207/195/115 199/186/107 200/187/108 
f 202/197/110 208/196/116 200/187/108 194/188/102 
f 209/198/117 210/199/118 202/190/110 201/189/109 
f 211/200/119 209/198/117 201/189/109 203/191/111 
f 212/201/120 211/200/119 203/191/111 204/192/112 
f 213/202/121 212/201/120 204/192/112 205/193/113 
f 214/203/122 213/202/121 205/193/113 206/194/114 
f 215/204/123 214/203/122 206/194/114 207/195/115 
f 216/205/124 215/204/123 207/195/115 208/196/116 
f 210/206/118 216/205/124 208/196/116 202/197/110 
f 217/207/125 218/208/126 210/199/118 209/198/117 
f 219/209/127 217/207/125 209/198/117 211/200/119 
f 220/210/128 219/209/127 211/200/119 212/201/120 
f 221/211/129 220/210/128 212/201/120 213/202/121 
f 222/212/130 221/211/129 213/202/121 214/203/122 
f 223/213/131 222/212/130 214/203/122 215/204/123 
f 224/214/132 223/213/131 215/204/123 216/205/124 
f 218/215/126 224/214/132 216/205/124 210/206/118 
f 225/216/133 226/217/134 218/208/126 217/207/125 
f 227/218/135 225/216/133 217/207/125 219/209/127 
f 228/219/136 227/218/135 219/209/127 220/210/128 
f 229/220/137 228/219/136 220/210/128 221/211/129 
f 230/221/138 229/220/137 221/211/129 222/212/130 
f 231/222/139 230/221/138 222/212/130 223/213/131 
f 232/223/140 231/222/139 223/213/131 224/214/132 
f 226/224/134 232/223/140 224/214/132 218/215/126 
f 233/225/141 234/226/142 226/217/134 225/216/133 
f 235/227/143 233/225/141 225/216/133 227/218/135 
f 236/228/144 235/227/143 227/218/135 228/219/136 
f 237/229/145 236/228/144 228/219/136 229/220/137 
f 238/230/146 237/229/145 229/220/137 230/221/138 
f 239/231/147 238/230/146 230/221/138 231/222/139 
f 240/232/148 239/231/147 231/222/139 232/223/140 
f 234/233/142 240/232/148 232/223/140 226/224/134 
f 241/234/149 242/235/150 234/226/142 233/225/141 
f 243/236/151 241/234/149 233/225/141 235/227/143 
f 244/237/152 243/236/151 235/227/143 236/228/144 
f 245/238/153 244/237/152 236/228/144 237/229/145 
f 246/239/154 245/238/153 237/229/145 238/230/146 
f 247/240/155 246/239/154 238/230/146 239/231/147 
f 248/241/156 247/240/155 239/231/147 240/232/148 
f 242/242/150 248/241/156 240/232/148 234/233/142 
f 249/243/157 250/244/158 242/235/150 241/234/149 
f 251/245/159 249/243/157 241/234/149 243/236/151 
f 252/246/160 251/245/159 243/236/151 244/237/152 
f 253/247/161 252/246/160 244/237/152 245/238/153 
f 254/248/162 253/247/161 245/238/153 246/239/154 
f 255/249/163 254/248/162 246/239/154 247/240/155 
f 256/250/164 255/249/163 247/240/155 248/241/156 
f 250/251/158 256/250/164 248/241/156 242/242/150 
f 257/252/165 258/253/166 250/244/158 249/243/157 
f 259/254/167 257/252/165 249/243/157 251/245/159 
f 260/255/168 259/254/167 251/245/159 252/246/160 
f 261/256/169 260/255/168 252/246/160 253/247/161 
f 262/257/170 261/256/169 253/247/161 254/248/162 
f 263/258/171 262/257/170 254/248/162 255/249/163 
f 264/259/172 263/258/171 255/249/163 256/250/164 
f 258/260/166 264/259/172 256/250/164 250/251/158 
f 265/261/173 266/262/174 258/253/166 257/252/165 
f 267/263/175 265/261/173 257/252/165 259/254/167 
f 268/264/176 267/263/175 259/254/167 260/255/168 
f 269/265/177 268/264/176 260/255/168 261/256/169 
f 270/266/178 269/265/177 261/256/169 262/257/170 
f 271/267/179 270/266/178 262/257/170 263/258/171 
f 272/268/180 271/267/179 263/258/171 264/259/172 
f 266/269/174 272/268/180 264/259/172 258/260/166 
f 273/270/181 274/271/182 266/262/174 265/261/173 
f 275/272/183 273/270/181 265/261/173 267/263/175 
f 276/273/184 275/272/183 267/263/175 268/264/176 
f 277/274/185 276/273/184 268/264/176 269/265/177 
f 278/275/186 277/274/185 269/265/177 270/266/178 
f 279/276/187 278/275/186 270/266/178 271/267/179 
f 280/277/188 279/276/187 271/267/179 272/268/180 
f 274/278/182 280/277/188 272/268/180 266/269/174 
f 281/279/189 282/280/190 274/271/182 273/270/181 
f 283/281/191 281/279/189 273/270/181 275/272/183 
f 284/282/192 283/281/191 275/272/183 276/273/184 
f 285/283/193 284/282/192 276/273/184 277/274/185 
f 286/284/194 285/283/193 277/274/185 278/275/186 
f 287/285/195 286/284/194 278/275/186 279/276/187 
f 288/286/196 287/285/195 279/276/187 280/277/188 
f 282/287/190 288/286/196 280/277/188 274/278/182 
f 289/288/197 290/289/198 282/280/190 281/279/189 
f 291/290/199 289/288/197 281/279/189 283/281/191 
f 292/291/200 291/290/199 283/281/191 284/282/192 
f 293/292/201 292/291/200 284/282/192 285/283/193 
f 294/293/202 293/292/201 285/283/193 286/284/194 
f 295/294/203 294/293/202 286/284/194 287/285/195 
f 296/295/204 295/294/203 287/285/195 288/286/196 
f 290/296/198 296/295/204 288/286/196 282/287/190 
f 297/297/205 298/298/206 290/289/198 289/288/197 
f 299/299/207 297/297/205 289/288/197 291/290/199 
f 300/300/208 299/299/207 291/290/199 292/291/200 
f 301/301/209 300/300/208 292/291/200 293/292/201 
f 302/302/210 301/301/209 293/292/201 294/293/202 
f 303/303/211 302/302/210 294/293/202 295/294/203 
f 304/304/212 303/303/211 295/294/203 296/295/204 
f 298/305/206 304/304/212 296/295/204 290/296/198 
f 305/306/213 306/307/214 298/298/206 297/297/205 
f 307/308/215 305/306/213 297/297/205 299/299/207 
f 308/309/216 307/308/215 299/299/207 300/300/208 
f 309/310/217 308/309/216 300/300/208 301/301/209 
f 310/311/218 309/310/217 301/301/209 302/302/210 
f 311/312/219 310/311/218 302/302/210 303/303/211 
f 312/313/220 311/312/219 303/303/211 304/304/212 
f 306/314/214 312/313/220 304/304/212 298/305/206 
f 313/315/221 314/316/222 306/307/214 305/306/213 
f 315/317/223 313/315/221 305/306/213 307/308/215 
f 316/318/224 315/317/223 307/308/215 308/309/216 
f 317/319/225 316/318/224 308/309/216 309/310/217 
f 318/320/226 317/319/225 309/310/217 310/311/218 
f 319/321/227 318/320/226 310/311/218 311/312/219 
f 320/322/228 319/321/227 311/312/219 312/313/220 
f 314/323/222 320/322/228 312/313/220 306/314/214 
f 321/324/229 322/325/230 314/316/222 313/315/221 
f 323/326/231 321/324/229 313/315/221 315/317/223 
f 324/327/232 323/326/231 315/317/223 316/318/224 
f 325/328/233 324/327/232 316/318/224 317/319/225 
f 326/329/234 325/328/233 317/319/225 318/320/226 
f 327/330/235 326/329/234 318/320/226 319/321/227 
f 328/331/236 327/330/235 319/321/227 320/322/228 
f 322/332/230 328/331/236 320/322/228 314/323/222 
f 329/333/237 330/334/238 322/325/230 321/324/229 
f 331/335/239 329/333/237 321/324/229 323/326/231 
f 332/336/240 331/335/239 323/326/231 324/327/232 
f 333/337/241 332/336/240 324/327/232 325/328/233 
f 334/338/242 333/337/241 325/328/233 326/329/234 
f 335/339/243 334/338/242 326/329/234 327/330/235 
f 336/340/244 335/339/243 327/330/235 328/331/236 
f 330/341/238 336/340/244 328/331/236 322/332/230 
f 337/342/245 338/343/246 330/334/238 329/333/237 
f 339/344/247 337/342/245 329/333/237 331/335/239 
f 340/345/248 339/344/247 331/335/239 332/336/240 
f 341/346/249 340/345/248 332/336/240 333/337/241 
f 342/347/250 341/346/249 333/337/241 334/338/242 
f 343/348/251 342/347/250 334/338/242 335/339/243 
f 344/349/252 343/348/251 335/339/243 336/340/244 
f 338/350/246 344/349/252 336/340/244 330/341/238 
f 345/351/253 346/352/254 338/343/246 337/342/245 
f 347/353/255 345/351/253 337/342/245 339/344/247 
f 348/354/256 347/353/255 339/344/247 340/345/248 
f 349/355/257 348/354/256 340/345/248 341/346/249 
f 350/356/258 349/355/257 341/346/249 342/347/250 
f 351/357/259 350/356/258 342/347/250 343/348/251 
f 352/358/260 351/357/259 343/348/251 344/349/252 
f 346/359/254 352/358/260 344/349/252 338/350/246 
f 353/360/261 354/361/262 346/352/254 345/351/253 
f 355/362/263 353/360/261 345/351/253 347/353/255 
f 356/363/264 355/362/263 347/353/255 348/354/256 
f 357/364/265 356/363/264 348/354/256 349/355/257 
f 358/365/266 357/364/265 349/355/257 350/356/258 
f 359/366/267 358/365/266 350/356/258 351/357/259 
f 360/367/268 359/366/267 351/357/259 352/358/260 
f 354/368/262 360/367/268 352/358/260 346/359/254 
f 361/369/269 362/370/270 354/361/262 353/360/261 
f 363/371/271 361/369/269 353/360/261 355/362/263 
f 364/372/272 363/371/271 355/362/263 356/363/264 
f 365/373/273 364/372/272 356/363/264 357/364/265 
f 366/374/274 365/373/273 357/364/265 358/365/266 
f 367/375/275 366/374/274 358/365/266 359/366/267 
f 368/376/276 367/375/275 359/366/267 360/367/268 
f 362/377/270 368/376/276 360/367/268 354/368/262 
f 369/378/277 370/379/278 362/370/270 361/369/269 
f 371/380/279 369/378/277 361/369/269 363/371/271 
f 372/381/280 371/380/279 363/371/271 364/372/272 
f 373/382/281 372/381/280 364/372/272 365/373/273 
f 374/383/282 373/382/281 365/373/273 366/374/274 
f 375/384/283 374/383/282 366/374/274 367/375/275 
f 376/385/284 375/384/283 367/375/275 368/376/276 
f 370/386/278 376/385/284 368/376/276 362/377/270 
f 377/387/285 378/388/286 370/379/278 369/378/277 
f 379/389/287 377/387/285 369/378/277 371/380/279 
f 380/390/288 379/389/287 371/380/279 372/381/280 
f 381/391/289 380/390/288 372/381/280 373/382/281 
f 382/392/290 381/391/289 373/382/281 374/383/282 
f 383/393/291 382/392/290 374/383/282 375/384/283 
f 384/394/292 383/393/291 375/384/283 376/385/284 
f 378/395/286 384/394/292 376/385/284 370/386/278 
f 385/396/293 386/397/294 378/388/286 377/387/285 
f 387/398/295 385/396/293 377/387/285 379/389/287 
f 388/399/296 387/398/295 379/389/287 380/390/288 
f 389/400/297 388/399/296 380/390/288 381/391/289 
f 390/401/298 389/400/297 381/391/289 382/392/290 
f 391/402/299 390/401/298 382/392/290 383/393/291 
f 392/403/300 391/402/299 383/393/291 384/394/292 
f 386/404/294 392/403/300 384/394/292 378/395/286 
f 393/405/301 394/406/302 386/397/294 385/396/293 
f 395/407/303 393/405/301 385/396/293 387/398/295 
f 396/408/304 395/407/303 387/398/295 388/399/296 
f 397/409/305 396/408/304 388/399/296 389/400/297 
f 398/410/306 397/409/305 389/400/297 390/401/298 
f 399/411/307 398/410/306 390/401/298 391/402/299 
f 400/412/308 399/411/307 391/402/299 392/403/300 
f 394/413/302 400/412/308 392/403/300 386/404/294 
f 401/414/309 402/415/310 394/406/302 393/405/301 
f 403/416/311 401/414/309 393/405/301 395/407/303 
f 404/417/312 403/416/311 395/407/303 396/408/304 
f 405/418/313 404/417/312 396/408/304 397/409/305 
f 406/419/314 405/418/313 397/409/305 398/410/306 
f 407/420/315 406/419/314 398/410/306 399/411/307 
f 408/421/316 407/420/315 399/411/307 400/412/308 
f 402/422/310 408/421/316 400/412/308 394/413/302 
f 409/423/317 410/424/318 402/415/310 401/414/309 
f 411/425/319 409/423/317 401/414/309 403/416/311 
f 412/426/320 411/425/319 403/416/311 404/417/312 
f 413/427/321 412/426/320 404/417/312 405/418/313 
f 414/428/322 413/427/321 405/418/313 406/419/314 
f 415/429/323 414/428/322 406/419/314 407/420/315 
f 416/430/324 415/429/323 407/420/315 408/421/316 
f 410/431/318 416/430/324 408/421/316 402/422/310 
f 417/432/325 418/433/326 410/424/318 409/423/317 
f 419/434/327 417/432/325 409/423/317 411/425/319 
f 420/435/328 419/434/327 411/425/319 412/426/320 
f 421/436/329 420/435/328 412/426/320 413/427/321 
f 422/437/330 421/436/329 413/427/321 414/428/322 
f 423/438/331 422/437/330 414/428/322 415/429/323 
f 424/439/332 423/438/331 415/429/323 416/430/324 
f 418/440/326 424/439/332 416/430/324 410/431/318 
f 425/441/333 426/442/334 418/433/326 417/432/325 
f 427/443/335 425/441/333 417/432/325 419/434/327 
f 428/444/336 427/443/335 419/434/327 420/435/328 
f 429/445/337 428/444/336 420/435/328 421/436/329 
f 430/446/338 429/445/337 421/436/329 422/437/330 
f 431/447/339 430/446/338 422/437/330 423/438/331 
f 432/448/340 431/447/339 423/438/331 424/439/332 
f 426/449/334 432/448/340 424/439/332 418/440/326 
f 433/450/341 434/451/342 426/442/334 425/441/333 
f 435/452/343 433/450/341 425/441/333 427/443/335 
f 436/453/344 435/452/343 427/443/335 428/444/336 
f 437/454/345 436/453/344 428/444/336 429/445/337 
f 438/455/346 437/454/345 429/445/337 430/446/338 
f 439/456/347 438/455/346 430/446/338 431/447/339 
f 440/457/348 439/456/347 431/447/339 432/448/340 
f 434/458/342 440/457/348 432/448/340 426/449/334 
f 441/459/349 442/460/350 434/451/342 433/450/341 
f 443/461/351 441/459/349 433/450/341 435/452/343 
f 444/462/352 443/461/351 435/452/343 436/453/344 
f 445/463/353 444/462/352 436/453/344 437/454/345 
f 446/464/354 445/463/353 437/454/345 438/455/346 
f 447/465/355 446/464/354 438/455/346 439/456/347 
f 448/466/356 447/465/355 439/456/347 440/457/348 
f 442/467/350 448/466/356 440/457/348 434/458/342 
f 449/468/357 450/469/358 442/460/350 441/459/349 
f 451/470/359 449/468/357 441/459/349 443/461/351 
f 452/471/360 451/470/359 443/461/351 444/462/352 
f 453/472/361 452/471/360 444/462/352 445/463/353 
f 454/473/362 453/472/361 445/463/353 446/464/354 
f 455/474/363 454/473/362 446/464/354 447/465/355 
f 456/475/364 455/474/363 447/465/355 448/466/356 
f 450/476/358 456/475/364 448/466/356 442/467/350 
f 457/477/365 458/478/366 450/469/358 449/468/357 
f 459/479/367 457/477/365 449/468/357 451/470/359 
f 460/480/368 459/479/367 451/470/359 452/471/360 
f 461/481/369 460/480/368 452/471/360 453/472/361 
f 462/482/370 461/481/369 453/472/361 454/473/362 
f 463/483/371 462/482/370 454/473/362 455/474/363 
f 464/484/372 463/483/371 455/474/363 456/475/364 
f 458/485/366 464/484/372 456/475/364 450/476/358 
f 465/486/373 466/487/374 458/478/366 457/477/365 
f 467/488/375 465/486/373 457/477/365 459/479/367 
f 468/489/376 467/488/375 459/479/367 460/480/368 
f 469/490/377 468/489/376 460/480/368 461/481/369 
f 470/491/378 469/490/377 461/481/369 462/482/370 
f 471/492/379 470/491/378 462/482/370 463/483/371 
f 472/493/380 471/492/379 463/483/371 464/484/372 
f 466/494/374 472/493/380 464/484/372 458/485/366 
f 473/495/381 474/496/382 466/487/374 465/486/373 
f 475/497/383 473/495/381 465/486/373 467/488/375 
f 476/498/384 475/497/383 467/488/375 468/489/376 
f 477/499/385 476/498/384 468/489/376 469/490/377 
f 478/500/386 477/499/385 469/490/377 470/491/378 
f 479/501/387 478/500/386 470/491/378 471/492/379 
f 480/502/388 479/501/387 471/492/379 472/493/380 
f 474/503/382 480/502/388 472/493/380 466/494/374 
f 481/504/389 482/505/390 474/496/382 473/495/381 
f 483/506/391 481/504/389 473/495/381 475/497/383 
f 484/507/392 483/506/391 475/497/383 476/498/384 
f 485/508/393 484/507/392 476/498/384 477/499/385 
f 486/509/394 485/508/393 477/499/385 478/500/386 
f 487/510/395 486/509/394 478/500/386 479/501/387 
f 488/511/396 487/510/395 479/501/387 480/502/388 
f 482/512/390 488/511/396 480/502/388 474/503/382 
f 489/513/397 490/514/398 482/505/390 481/504/389 
f 491/515/399 489/513/397 481/504/389 483/506/391 
f 492/516/400 491/515/399 483/506/391 484/507/392 
f 493/517/401 492/516/400 484/507/392 485/508/393 
f 494/518/402 493/517/401 485/508/393 486/509/394 
f 495/519/403 494/518/402 486/509/394 487/510/395 
f 496/520/404 495/519/403 487/510/395 488/511/396 
f 490/521/398 496/520/404 488/511/396 482/512/390 
f 497/522/87 498/523/88 490/514/398 489/513/397 
f 499/524/97 497/522/87 489/513/397 491/515/399 
f 500/525/99 499/524/97 491/515/399 492/516/400 
f 501/526/91 500/525/99 492/516/400 493/517/401 
f 502/527/98 501/526/91 493/517/401 494/518/402 
f 503/528/93 502/527/98 494/518/402 495/519/403 
f 504/529/94 503/528/93 495/519/403 496/520/404 
f 498/530/88 504/529/94 496/520/404 490/521/398 
f 505/531/95 506/532/88 498/523/88 497/522/87 
f 507/533/89 505/531/95 497/522/87 499/524/97 
f 508/534/99 507/533/89 499/524/97 500/525/99 
f 509/535/91 508/534/99 500/525/99 501/526/91 
f 510/536/98 509/535/91 501/526/91 502/527/98 
f 511/537/405 510/536/98 502/527/98 503/528/93 
f 512/538/100 511/537/405 503/528/93 504/529/94 
f 506/539/88 512/538/100 504/529/94 498/530/88 
f 513/540/87 514/541/88 506/532/88 505/531/95 
f 515/542/97 513/540/87 505/531/95 507/533/89 
f 516/543/99 515/542/97 507/533/89 508/534/99 
f 517/544/91 516/543/99 508/534/99 509/535/91 
f 518/545/98 517/544/91 509/535/91 510/536/98 
f 519/546/93 518/545/98 510/536/98 511/537/405 
f 520/547/94 519/546/93 511/537/405 512/538/100 
f 514/548/88 520/547/94 512/538/100 506/539/88 
f 521/549/406 522/550/407 514/541/88 513/540/87 
f 523/551/408 521/549/406 513/540/87 515/542/97 
f 524/552/409 523/551/408 515/542/97 516/543/99 
f 525/553/410 524/552/409 516/543/99 517/544/91 
f 526/554/411 525/553/410 517/544/91 518/545/98 
f 527/555/412 526/554/411 518/545/98 519/546/93 
f 528/556/413 527/555/412 519/546/93 520/547/94 
f 522/557/407 528/556/413 520/547/94 514/548/88 
s 1
f 522/550/407 521/549/406 523/551/408 524/552/409 525/553/410 526/554/411 527/555/412 528/558/413 
s 4
f 529/559/414 530/560/415 531/561/416 
f 529/559/414 531/561/416 532/562/417 
f 529/559/414 532/562/417 533/563/418 
f 529/559/414 533/563/418 534/564/419 
f 529/559/414 534/564/419 535/565/420 
f 529/559/414 535/565/420 536/566/421 
f 529/559/414 536/566/421 537/567/422 
f 529/559/414 537/567/422 538/568/423 
f 529/559/414 538/568/423 539/569/424 
f 529/559/414 539/569/424 540/570/425 
f 529/559/414 540/570/425 541/571/426 
f 529/559/414 541/571/426 530/560/415 
f 530/560/415 542/572/427 543/573/428 531/561/416 
f 531/561/416 543/573/428 544/574/429 532/562/417 
f 532/562/417 544/574/429 545/575/430 533/563/418 
f 533/563/418 545/575/430 546/576/431 534/564/419 
f 534/564/419 546/576/431 547/577/432 535/565/420 
f 535/565/420 547/577/432 548/578/433 536/566/421 
f 536/566/421 548/578/433 549/579/434 537/567/422 
f 537/567/422 549/579/434 550/580/435 538/568/423 
f 538/568/423 550/580/435 551/581/436 539/569/424 
f 539/569/424 551/581/436 552/582/437 540/570/425 
f 540/570/425 552/582/437 553/583/438 541/571/426 
f 541/571/426 553/583/438 542/572/427 530/560/415 
f 542/572/427 554/584/439 555/585/440 543/573/428 
f 543/573/428 555/585/440 556/586/441 544/574/429 
f 544/574/429 556/586/441 557/587/442 545/575/430 
f 545/575/430 557/587/442 558/588/443 546/576/431 
f 546/576/431 558/588/443 559/589/444 547/577/432 
f 547/577/432 559/589/444 560/590/445 548/578/433 
f 548/578/433 560/590/445 561/591/446 549/579/434 
f 549/579/434 561/591/446 562/592/447 550/580/435 
f 550/580/435 562/592/447 563/593/448 551/581/436 
f 551/581/436 563/593/448 564/594/449 552/582/437 
f 552/582/437 564/594/449 565/595/450 553/583/438 
f 553/583/438 565/595/450 554/584/439 542/572/427 
f 554/584/439 566/596/451 567/597/452 555/585/440 
f 555/585/440 567/597/452 568/598/453 556/586/441 
f 556/586/441 568/598/453 569/599/454 557/587/442 
f 557/587/442 569/599/454 570/600/455 558/588/443 
f 558/588/443 570/600/455 571/601/456 559/589/444 
f 559/589/444 571/601/456 572/602/457 560/590/445 
f 560/590/445 572/602/457 573/603/458 561/591/446 
f 561/591/446 573/603/458 574/604/459 562/592/447 
f 562/592/447 574/604/459 575/605/460 563/593/448 
f 563/593/448 575/605/460 576/606/461 564/594/449 
f 564/594/449 576/606/461 577/607/462 565/595/450 
f 565/595/450 577/607/462 566/596/451 554/584/439 
s 8
f 566/3/451 578/4/463 579/608/464 567/609/452 
f 567/609/452 579/608/464 580/610/465 568/611/453 
f 568/611/453 580/610/465 581/612/466 569/613/454 
f 569/613/454 581/612/466 582/614/467 570/615/455 
f 570/615/455 582/614/467 583/616/468 571/617/456 
f 571/617/456 583/616/468 584/605/469 572/599/457 
f 572/599/457 584/605/469 585/618/470 573/619/458 
f 573/619/458 585/618/470 586/620/471 574/621/459 
f 574/621/459 586/620/471 587/622/472 575/623/460 
f 575/623/460 587/622/472 588/624/473 576/625/461 
f 576/625/461 588/624/473 589/626/474 577/627/462 
f 577/627/462 589/626/474 578/1/463 566/2/451 
s 4
f 578/596/463 590/584/475 591/585/476 579/597/464 
f 579/597/464 591/585/476 592/586/477 580/598/465 
f 580/598/465 592/586/477 593/587/478 581/599/466 
f 581/599/466 593/587/478 594/588/479 582/600/467 
f 582/600/467 594/588/479 595/589/480 583/601/468 
f 583/601/468 595/589/480 596/590/481 584/602/469 
f 584/602/469 596/590/481 597/591/482 585/603/470 
f 585/603/470 597/591/482 598/592/483 586/604/471 
f 586/604/471 598/592/483 599/593/484 587/605/472 
f 587/605/472 599/593/484 600/594/485 588/606/473 
f 588/606/473 600/594/485 601/595/486 589/607/474 
f 589/607/474 601/595/486 590/584/475 578/596/463 
f 590/584/475 602/572/487 603/573/488 591/585/476 
f 591/585/476 603/573/488 604/574/489 592/586/477 
f 592/586/477 604/574/489 605/575/490 593/587/478 
f 593/587/478 605/575/490 606/576/491 594/588/479 
f 594/588/479 606/576/491 607/577/492 595/589/480 
f 595/589/480 607/577/492 608/578/493 596/590/481 
f 596/590/481 608/578/493 609/579/494 597/591/482 
f 597/591/482 609/579/494 610/580/495 598/592/483 
f 598/592/483 610/580/495 611/581/496 599/593/484 
f 599/593/484 611/581/496 612/582/497 600/594/485 
f 600/594/485 612/582/497 613/583/498 601/595/486 
f 601/595/486 613/583/498 602/572/487 590/584/475 
f 602/572/487 614/560/499 615/561/500 603/573/488 
f 603/573/488 615/561/500 616/562/501 604/574/489 
f 604/574/489 616/562/501 617/563/502 605/575/490 
f 605/575/490 617/563/502 618/564/503 606/576/491 
f 606/576/491 618/564/503 619/565/504 607/577/492 
f 607/577/492 619/565/504 620/566/505 608/578/493 
f 608/578/493 620/566/505 621/567/506 609/579/494 
f 609/579/494 621/567/506 622/568/507 610/580/495 
f 610/580/495 622/568/507 623/569/508 611/581/496 
f 611/581/496 623/569/508 624/570/509 612/582/497 
f 612/582/497 624/570/509 625/571/510 613/583/498 
f 613/583/498 625/571/510 614/560/499 602/572/487 
f 614/560/499 626/559/511 615/561/500 
f 615/561/500 626/559/511 616/562/501 
f 616/562/501 626/559/511 617/563/502 
f 617/563/502 626/559/511 618/564/503 
f 618/564/503 626/559/511 619/565/504 
f 619/565/504 626/559/511 620/566/505 
f 620/566/505 626/559/511 621/567/506 
f 621/567/506 626/559/511 622/568/507 
f 622/568/507 626/559/511 623/569/508 
f 623/569/508 626/559/511 624/570/509 
f 624/570/509 626/559/511 625/571/510 
f 625/571/510 626/559/511 614/560/499 
f 627/559/414 628/560/415 629/561/416 
f 627/559/414 629/561/416 630/562/417 
f 627/559/414 630/562/417 631/563/418 
f 627/559/414 631/563/418 632/564/419 
f 627/559/414 632/564/419 633/565/420 
f 627/559/414 633/565/420 634/566/421 
f 627/559/414 634/566/421 635/567/422 
f 627/559/414 635/567/422 636/568/423 
f 627/559/414 636/568/423 637/569/424 
f 627/559/414 637/569/424 638/570/425 
f 627/559/414 638/570/425 639/571/426 
f 627/559/414 639/571/426 628/560/415 
f 628/560/415 640/572/427 641/573/428 629/561/416 
f 629/561/416 641/573/428 642/574/429 630/562/417 
f 630/562/417 642/574/429 643/575/512 631/563/418 
f 631/563/418 643/575/512 644/576/431 632/564/419 
f 632/564/419 644/576/431 645/577/432 633/565/420 
f 633/565/420 645/577/432 646/578/513 634/566/421 
f 634/566/421 646/578/513 647/579/434 635/567/422 
f 635/567/422 647/579/434 648/580/435 636/568/423 
f 636/568/423 648/580/435 649/581/436 637/569/424 
f 637/569/424 649/581/436 650/582/437 638/570/425 
f 638/570/425 650/582/437 651/583/438 639/571/426 
f 639/571/426 651/583/438 640/572/427 628/560/415 
f 640/572/427 652/584/439 653/585/440 641/573/428 
f 641/573/428 653/585/440 654/586/441 642/574/429 
f 642/574/429 654/586/441 655/587/442 643/575/512 
f 643/575/512 655/587/442 656/588/443 644/576/431 
f 644/576/431 656/588/443 657/589/444 645/577/432 
f 645/577/432 657/589/444 658/590/445 646/578/513 
f 646/578/513 658/590/445 659/591/446 647/579/434 
f 647/579/434 659/591/446 660/592/447 648/580/435 
f 648/580/435 660/592/447 661/593/448 649/581/436 
f 649/581/436 661/593/448 662/594/449 650/582/437 
f 650/582/437 662/594/449 663/595/450 651/583/438 
f 651/583/438 663/595/450 652/584/439 640/572/427 
f 652/584/439 664/596/451 665/597/452 653/585/440 
f 653/585/440 665/597/452 666/598/453 654/586/441 
f 654/586/441 666/598/453 667/599/454 655/587/442 
f 655/587/442 667/599/454 668/600/514 656/588/443 
f 656/588/443 668/600/514 669/601/456 657/589/444 
f 657/589/444 669/601/456 670/602/457 658/590/445 
f 658/590/445 670/602/457 671/603/458 659/591/446 
f 659/591/446 671/603/458 672/604/459 660/592/447 
f 660/592/447 672/604/459 673/605/460 661/593/448 
f 661/593/448 673/605/460 674/606/515 662/594/449 
f 662/594/449 674/606/515 675/607/462 663/595/450 
f 663/595/450 675/607/462 664/596/451 652/584/439 
s 8
f 664/3/451 676/4/463 677/608/464 665/609/452 
f 665/609/452 677/608/464 678/610/465 666/611/453 
f 666/611/453 678/610/465 679/612/466 667/613/454 
f 667/613/454 679/612/466 680/614/516 668/615/514 
f 668/615/514 680/614/516 681/616/468 669/617/456 
f 669/617/456 681/616/468 682/605/469 670/599/457 
f 670/599/457 682/605/469 683/618/470 671/619/458 
f 671/619/458 683/618/470 684/620/471 672/621/459 
f 672/621/459 684/620/471 685/622/472 673/623/460 
f 673/623/460 685/622/472 686/624/517 674/625/515 
f 674/625/515 686/624/517 687/626/474 675/627/462 
f 675/627/462 687/626/474 676/1/463 664/2/451 
s 4
f 676/596/463 688/584/475 689/585/476 677/597/464 
f 677/597/464 689/585/476 690/586/477 678/598/465 
f 678/598/465 690/586/477 691/587/478 679/599/466 
f 679/599/466 691/587/478 692/588/479 680/600/516 
f 680/600/516 692/588/479 693/589/480 681/601/468 
f 681/601/468 693/589/480 694/590/481 682/602/469 
f 682/602/469 694/590/481 695/591/482 683/603/470 
f 683/603/470 695/591/482 696/592/483 684/604/471 
f 684/604/471 696/592/483 697/593/484 685/605/472 
f 685/605/472 697/593/484 698/594/485 686/606/517 
f 686/606/517 698/594/485 699/595/486 687/607/474 
f 687/607/474 699/595/486 688/584/475 676/596/463 
f 688/584/475 700/572/487 701/573/488 689/585/476 
f 689/585/476 701/573/488 702/574/489 690/586/477 
f 690/586/477 702/574/489 703/575/518 691/587/478 
f 691/587/478 703/575/518 704/576/491 692/588/479 
f 692/588/479 704/576/491 705/577/492 693/589/480 
f 693/589/480 705/577/492 706/578/519 694/590/481 
f 694/590/481 706/578/519 707/579/494 695/591/482 
f 695/591/482 707/579/494 708/580/495 696/592/483 
f 696/592/483 708/580/495 709/581/496 697/593/484 
f 697/593/484 709/581/496 710/582/497 698/594/485 
f 698/594/485 710/582/497 711/583/498 699/595/486 
f 699/595/486 711/583/498 700/572/487 688/584/475 
f 700/572/487 712/560/499 713/561/500 701/573/488 
f 701/573/488 713/561/500 714/562/501 702/574/489 
f 702/574/489 714/562/501 715/563/502 703/575/518 
f 703/575/518 715/563/502 716/564/503 704/576/491 
f 704/576/491 716/564/503 717/565/504 705/577/492 
f 705/577/492 717/565/504 718/566/505 706/578/519 
f 706/578/519 718/566/505 719/567/506 707/579/494 
f 707/579/494 719/567/506 720/568/507 708/580/495 
f 708/580/495 720/568/507 721/569/508 709/581/496 
f 709/581/496 721/569/508 722/570/509 710/582/497 
f 710/582/497 722/570/509 723/571/510 711/583/498 
f 711/583/498 723/571/510 712/560/499 700/572/487 
f 712/560/499 724/559/511 713/561/500 
f 713/561/500 724/559/511 714/562/501 
f 714/562/501 724/559/511 715/563/502 
f 715/563/502 724/559/511 716/564/503 
f 716/564/503 724/559/511 717/565/504 
f 717/565/504 724/559/511 718/566/505 
f 718/566/505 724/559/511 719/567/506 
f 719/567/506 724/559/511 720/568/507 
f 720/568/507 724/559/511 721/569/508 
f 721/569/508 724/559/511 722/570/509 
f 722/570/509 724/559/511 723/571/510 
f 723/571/510 724/559/511 712/560/499 
s 2
f 725/1/520 726/2/521 727/3/522 728/4/523 
s 4
f 729/4/524 730/1/525 731/2/526 732/3/527 
s 8
f 725/4/520 728/1/523 730/2/525 729/3/524 
s 16
f 728/4/523 727/1/522 731/2/526 730/3/525 
s 32
f 727/4/522 726/1/521 732/2/527 731/3/526 
s 64
f 726/4/521 725/1/520 729/2/524 732/3/527 
s 2
f 733/1/520 734/2/521 735/3/522 736/4/523 
s 4
f 737/4/524 738/1/525 739/2/526 740/3/527 
s 8
f 733/4/520 736/1/523 738/2/525 737/3/524 
s 16
f 736/4/523 735/1/522 739/2/526 738/3/525 
s 32
f 735/4/522 734/1/521 740/2/527 739/3/526 
s 64
f 734/4/521 733/1/520 737/2/524 740/3/527 
s 1
f 741/144/79 742/145/80 743/146/81 744/147/82 745/148/83 746/149/84 747/150/85 748/151/86 
s 2
f 749/152/87 750/153/88 742/145/80 741/144/79 
f 751/154/89 749/152/87 741/144/79 748/151/86 
f 752/155/90 751/154/89 748/151/86 747/150/85 
f 753/156/91 752/155/90 747/150/85 746/149/84 
f 754/157/92 753/156/91 746/149/84 745/148/83 
f 755/158/93 754/157/92 745/148/83 744/147/82 
f 756/159/94 755/158/93 744/147/82 743/146/81 
f 750/160/88 756/159/94 743/146/81 742/161/80 
f 757/162/95 758/163/96 750/153/88 749/152/87 
f 759/164/97 757/162/95 749/152/87 751/154/89 
f 760/165/90 759/164/97 751/154/89 752/155/90 
f 761/166/91 760/165/90 752/155/90 753/156/91 
f 762/167/98 761/166/91 753/156/91 754/157/92 
f 763/168/93 762/167/98 754/157/92 755/158/93 
f 764/169/94 763/168/93 755/158/93 756/159/94 
f 758/170/96 764/169/94 756/159/94 750/160/88 
f 765/171/87 766/172/96 758/163/96 757/162/95 
f 767/173/89 765/171/87 757/162/95 759/164/97 
f 768/174/99 767/173/89 759/164/97 760/165/90 
f 769/175/91 768/174/99 760/165/90 761/166/91 
f 770/176/98 769/175/91 761/166/91 762/167/98 
f 771/177/93 770/176/98 762/167/98 763/168/93 
f 772/178/100 771/177/93 763/168/93 764/169/94 
f 766/179/96 772/178/100 764/169/94 758/170/96 
f 773/180/101 774/181/102 766/172/96 765/171/87 
f 775/182/103 773/180/101 765/171/87 767/173/89 
f 776/183/104 775/182/103 767/173/89 768/174/99 
f 777/184/105 776/183/104 768/174/99 769/175/91 
f 778/185/106 777/184/105 769/175/91 770/176/98 
f 779/186/107 778/185/106 770/176/98 771/177/93 
f 780/187/108 779/186/107 771/177/93 772/178/100 
f 774/188/102 780/187/108 772/178/100 766/179/96 
f 781/189/109 782/190/110 774/181/102 773/180/101 
f 783/191/111 781/189/109 773/180/101 775/182/103 
f 784/192/112 783/191/111 775/182/103 776/183/104 
f 785/193/113 784/192/112 776/183/104 777/184/105 
f 786/194/114 785/193/113 777/184/105 778/185/106 
f 787/195/115 786/194/114 778/185/106 779/186/107 
f 788/196/116 787/195/115 779/186/107 780/187/108 
f 782/197/110 788/196/116 780/187/108 774/188/102 
f 789/198/117 790/199/118 782/190/110 781/189/109 
f 791/200/119 789/198/117 781/189/109 783/191/111 
f 792/201/120 791/200/119 783/191/111 784/192/112 
f 793/202/121 792/201/120 784/192/112 785/193/113 
f 794/203/122 793/202/121 785/193/113 786/194/114 
f 795/204/123 794/203/122 786/194/114 787/195/115 
f 796/205/124 795/204/123 787/195/115 788/196/116 
f 790/206/118 796/205/124 788/196/116 782/197/110 
f 797/207/125 798/208/126 790/199/118 789/198/117 
f 799/209/127 797/207/125 789/198/117 791/200/119 
f 800/210/128 799/209/127 791/200/119 792/201/120 
f 801/211/129 800/210/128 792/201/120 793/202/121 
f 802/212/130 801/211/129 793/202/121 794/203/122 
f 803/213/131 802/212/130 794/203/122 795/204/123 
f 804/214/132 803/213/131 795/204/123 796/205/124 
f 798/215/126 804/214/132 796/205/124 790/206/118 
f 805/216/133 806/217/134 798/208/126 797/207/125 
f 807/218/135 805/216/133 797/207/125 799/209/127 
f 808/219/136 807/218/135 799/209/127 800/210/128 
f 809/220/137 808/219/136 800/210/128 801/211/129 
f 810/221/138 809/220/137 801/211/129 802/212/130 
f 811/222/139 810/221/138 802/212/130 803/213/131 
f 812/223/140 811/222/139 803/213/131 804/214/132 
f 806/224/134 812/223/140 804/214/132 798/215/126 
f 813/225/141 814/226/142 806/217/134 805/216/133 
f 815/227/143 813/225/141 805/216/133 807/218/135 
f 816/228/144 815/227/143 807/218/135 808/219/136 
f 817/229/145 816/228/144 808/219/136 809/220/137 
f 818/230/146 817/229/145 809/220/137 810/221/138 
f 819/231/147 818/230/146 810/221/138 811/222/139 
f 820/232/148 819/231/147 811/222/139 812/223/140 
f 814/233/142 820/232/148 812/223/140 806/224/134 
f 821/234/149 822/235/150 814/226/142 813/225/141 
f 823/236/151 821/234/149 813/225/141 815/227/143 
f 824/237/152 823/236/151 815/227/143 816/228/144 
f 825/238/153 824/237/152 816/228/144 817/229/145 
f 826/239/154 825/238/153 817/229/145 818/230/146 
f 827/240/155 826/239/154 818/230/146 819/231/147 
f 828/241/156 827/240/155 819/231/147 820/232/148 
f 822/242/150 828/241/156 820/232/148 814/233/142 
f 829/243/157 830/244/158 822/235/150 821/234/149 
f 831/245/159 829/243/157 821/234/149 823/236/151 
f 832/246/160 831/245/159 823/236/151 824/237/152 
f 833/247/161 832/246/160 824/237/152 825/238/153 
f 834/248/162 833/247/161 825/238/153 826/239/154 
f 835/249/163 834/248/162 826/239/154 827/240/155 
f 836/250/164 835/249/163 827/240/155 828/241/156 
f 830/251/158 836/250/164 828/241/156 822/242/150 
f 837/252/165 838/253/166 830/244/158 829/243/157 
f 839/254/167 837/252/165 829/243/157 831/245/159 
f 840/255/168 839/254/167 831/245/159 832/246/160 
f 841/256/169 840/255/168 832/246/160 833/247/161 
f 842/257/170 841/256/169 833/247/161 834/248/162 
f 843/258/171 842/257/170 834/248/162 835/249/163 
f 844/259/172 843/258/171 835/249/163 836/250/164 
f 838/260/166 844/259/172 836/250/164 830/251/158 
f 845/261/173 846/262/174 838/253/166 837/252/165 
f 847/263/175 845/261/173 837/252/165 839/254/167 
f 848/264/176 847/263/175 839/254/167 840/255/168 
f 849/265/177 848/264/176 840/255/168 841/256/169 
f 850/266/178 849/265/177 841/256/169 842/257/170 
f 851/267/179 850/266/178 842/257/170 843/258/171 
f 852/268/180 851/267/179 843/258/171 844/259/172 
f 846/269/174 852/268/180 844/259/172 838/260/166 
f 853/270/181 854/271/182 846/262/174 845/261/173 
f 855/272/183 853/270/181 845/261/173 847/263/175 
f 856/273/184 855/272/183 847/263/175 848/264/176 
f 857/274/185 856/273/184 848/264/176 849/265/177 
f 858/275/186 857/274/185 849/265/177 850/266/178 
f 859/276/187 858/275/186 850/266/178 851/267/179 
f 860/277/188 859/276/187 851/267/179 852/268/180 
f 854/278/182 860/277/188 852/268/180 846/269/174 
f 861/279/189 862/280/190 854/271/182 853/270/181 
f 863/281/191 861/279/189 853/270/181 855/272/183 
f 864/282/192 863/281/191 855/272/183 856/273/184 
f 865/283/193 864/282/192 856/273/184 857/274/185 
f 866/284/194 865/283/193 857/274/185 858/275/186 
f 867/285/195 866/284/194 858/275/186 859/276/187 
f 868/286/196 867/285/195 859/276/187 860/277/188 
f 862/287/190 868/286/196 860/277/188 854/278/182 
f 869/288/197 870/289/198 862/280/190 861/279/189 
f 871/290/199 869/288/197 861/279/189 863/281/191 
f 872/291/200 871/290/199 863/281/191 864/282/192 
f 873/292/201 872/291/200 864/282/192 865/283/193 
f 874/293/202 873/292/201 865/283/193 866/284/194 
f 875/294/203 874/293/202 866/284/194 867/285/195 
f 876/295/204 875/294/203 867/285/195 868/286/196 
f 870/296/198 876/295/204 868/286/196 862/287/190 
f 877/297/205 878/298/206 870/289/198 869/288/197 
f 879/299/207 877/297/205 869/288/197 871/290/199 
f 880/300/208 879/299/207 871/290/199 872/291/200 
f 881/301/209 880/300/208 872/291/200 873/292/201 
f 882/302/210 881/301/209 873/292/201 874/293/202 
f 883/303/211 882/302/210 874/293/202 875/294/203 
f 884/304/212 883/303/211 875/294/203 876/295/204 
f 878/305/206 884/304/212 876/295/204 870/296/198 
f 885/306/213 886/307/214 878/298/206 877/297/205 
f 887/308/215 885/306/213 877/297/205 879/299/207 
f 888/309/216 887/308/215 879/299/207 880/300/208 
f 889/310/217 888/309/216 880/300/208 881/301/209 
f 890/311/218 889/310/217 881/301/209 882/302/210 
f 891/312/219 890/311/218 882/302/210 883/303/211 
f 892/313/220 891/312/219 883/303/211 884/304/212 
f 886/314/214 892/313/220 884/304/212 878/305/206 
f 893/315/221 894/316/222 886/307/214 885/306/213 
f 895/317/223 893/315/221 885/306/213 887/308/215 
f 896/318/224 895/317/223 887/308/215 888/309/216 
f 897/319/225 896/318/224 888/309/216 889/310/217 
f 898/320/226 897/319/225 889/310/217 890/311/218 
f 899/321/227 898/320/226 890/311/218 891/312/219 
f 900/322/228 899/321/227 891/312/219 892/313/220 
f 894/323/222 900/322/228 892/313/220 886/314/214 
f 901/324/229 902/325/230 894/316/222 893/315/221 
f 903/326/231 901/324/229 893/315/221 895/317/223 
f 904/327/232 903/326/231 895/317/223 896/318/224 
f 905/328/233 904/327/232 896/318/224 897/319/225 
f 906/329/234 905/328/233 897/319/225 898/320/226 
f 907/330/235 906/329/234 898/320/226 899/321/227 
f 908/331/236 907/330/235 899/321/227 900/322/228 
f 902/332/230 908/331/236 900/322/228 894/323/222 
f 909/333/237 910/334/238 902/325/230 901/324/229 
f 911/335/239 909/333/237 901/324/229 903/326/231 
f 912/336/240 911/335/239 903/326/231 904/327/232 
f 913/337/241 912/336/240 904/327/232 905/328/233 
f 914/338/242 913/337/241 905/328/233 906/329/234 
f 915/339/243 914/338/242 906/329/234 907/330/235 
f 916/340/244 915/339/243 907/330/235 908/331/236 
f 910/341/238 916/340/244 908/331/236 902/332/230 
f 917/342/245 918/343/246 910/334/238 909/333/237 
f 919/344/247 917/342/245 909/333/237 911/335/239 
f 920/345/248 919/344/247 911/335/239 912/336/240 
f 921/346/249 920/345/248 912/336/240 913/337/241 
f 922/347/250 921/346/249 913/337/241 914/338/242 
f 923/348/251 922/347/250 914/338/242 915/339/243 
f 924/349/252 923/348/251 915/339/243 916/340/244 
f 918/350/246 924/349/252 916/340/244 910/341/238 
f 925/351/253 926/352/254 918/343/246 917/342/245 
f 927/353/255 925/351/253 917/342/245 919/344/247 
f 928/354/256 927/353/255 919/344/247 920/345/248 
f 929/355/257 928/354/256 920/345/248 921/346/249 
f 930/356/258 929/355/257 921/346/249 922/347/250 
f 931/357/259 930/356/258 922/347/250 923/348/251 
f 932/358/260 931/357/259 923/348/251 924/349/252 
f 926/359/254 932/358/260 924/349/252 918/350/246 
f 933/360/261 934/361/262 926/352/254 925/351/253 
f 935/362/263 933/360/261 925/351/253 927/353/255 
f 936/363/264 935/362/263 927/353/255 928/354/256 
f 937/364/265 936/363/264 928/354/256 929/355/257 
f 938/365/266 937/364/265 929/355/257 930/356/258 
f 939/366/267 938/365/266 930/356/258 931/357/259 
f 940/367/268 939/366/267 931/357/259 932/358/260 
f 934/368/262 940/367/268 932/358/260 926/359/254 
f 941/369/269 942/370/270 934/361/262 933/360/261 
f 943/371/271 941/369/269 933/360/261 935/362/263 
f 944/372/272 943/371/271 935/362/263 936/363/264 
f 945/373/273 944/372/272 936/363/264 937/364/265 
f 946/374/274 945/373/273 937/364/265 938/365/266 
f 947/375/275 946/374/274 938/365/266 939/366/267 
f 948/376/276 947/375/275 939/366/267 940/367/268 
f 942/377/270 948/376/276 940/367/268 934/368/262 
f 949/378/277 950/379/278 942/370/270 941/369/269 
f 951/380/279 949/378/277 941/369/269 943/371/271 
f 952/381/280 951/380/279 943/371/271 944/372/272 
f 953/382/281 952/381/280 944/372/272 945/373/273 
f 954/383/282 953/382/281 945/373/273 946/374/274 
f 955/384/283 954/383/282 946/374/274 947/375/275 
f 956/385/284 955/384/283 947/375/275 948/376/276 
f 950/386/278 956/385/284 948/376/276 942/377/270 
f 957/387/285 958/388/286 950/379/278 949/378/277 
f 959/389/287 957/387/285 949/378/277 951/380/279 
f 960/390/288 959/389/287 951/380/279 952/381/280 
f 961/391/289 960/390/288 952/381/280 953/382/281 
f 962/392/290 961/391/289 953/382/281 954/383/282 
f 963/393/291 962/392/290 954/383/282 955/384/283 
f 964/394/292 963/393/291 955/384/283 956/385/284 
f 958/395/286 964/394/292 956/385/284 950/386/278 
f 965/396/293 966/397/294 958/388/286 957/387/285 
f 967/398/295 965/396/293 957/387/285 959/389/287 
f 968/399/296 967/398/295 959/389/287 960/390/288 
f 969/400/297 968/399/296 960/390/288 961/391/289 
f 970/401/298 969/400/297 961/391/289 962/392/290 
f 971/402/299 970/401/298 962/392/290 963/393/291 
f 972/403/300 971/402/299 963/393/291 964/394/292 
f 966/404/294 972/403/300 964/394/292 958/395/286 
f 973/405/301 974/406/302 966/397/294 965/396/293 
f 975/407/303 973/405/301 965/396/293 967/398/295 
f 976/408/304 975/407/303 967/398/295 968/399/296 
f 977/409/305 976/408/304 968/399/296 969/400/297 
f 978/410/306 977/409/305 969/400/297 970/401/298 
f 979/411/307 978/410/306 970/401/298 971/402/299 
f 980/412/308 979/411/307 971/402/299 972/403/300 
f 974/413/302 980/412/308 972/403/300 966/404/294 
f 981/414/309 982/415/310 974/406/302 973/405/301 
f 983/416/311 981/414/309 973/405/301 975/407/303 
f 984/417/312 983/416/311 975/407/303 976/408/304 
f 985/418/313 984/417/312 976/408/304 977/409/305 
f 986/419/314 985/418/313 977/409/305 978/410/306 
f 987/420/315 986/419/314 978/410/306 979/411/307 
f 988/421/316 987/420/315 979/411/307 980/412/308 
f 982/422/310 988/421/316 980/412/308 974/413/302 
f 989/423/317 990/424/318 982/415/310 981/414/309 
f 991/425/319 989/423/317 981/414/309 983/416/311 
f 992/426/320 991/425/319 983/416/311 984/417/312 
f 993/427/321 992/426/320 984/417/312 985/418/313 
f 994/428/322 993/427/321 985/418/313 986/419/314 
f 995/429/323 994/428/322 986/419/314 987/420/315 
f 996/430/324 995/429/323 987/420/315 988/421/316 
f 990/431/318 996/430/324 988/421/316 982/422/310 
f 997/432/325 998/433/326 990/424/318 989/423/317 
f 999/434/327 997/432/325 989/423/317 991/425/319 
f 1000/435/328 999/434/327 991/425/319 992/426/320 
f 1001/436/329 1000/435/328 992/426/320 993/427/321 
f 1002/437/330 1001/436/329 993/427/321 994/428/322 
f 1003/438/331 1002/437/330 994/428/322 995/429/323 
f 1004/439/332 1003/438/331 995/429/323 996/430/324 
f 998/440/326 1004/439/332 996/430/324 990/431/318 
f 1005/441/333 1006/442/334 998/433/326 997/432/325 
f 1007/443/335 1005/441/333 997/432/325 999/434/327 
f 1008/444/336 1007/443/335 999/434/327 1000/435/328 
f 1009/445/337 1008/444/336 1000/435/328 1001/436/329 
f 1010/446/338 1009/445/337 1001/436/329 1002/437/330 
f 1011/447/339 1010/446/338 1002/437/330 1003/438/331 
f 1012/448/340 1011/447/339 1003/438/331 1004/439/332 
f 1006/449/334 1012/448/340 1004/439/332 998/440/326 
f 1013/450/341 1014/451/342 1006/442/334 1005/441/333 
f 1015/452/343 1013/450/341 1005/441/333 1007/443/335 
f 1016/453/344 1015/452/343 1007/443/335 1008/444/336 
f 1017/454/345 1016/453/344 1008/444/336 1009/445/337 
f 1018/455/346 1017/454/345 1009/445/337 1010/446/338 
f 1019/456/347 1018/455/346 1010/446/338 1011/447/339 
f 1020/457/348 1019/456/347 1011/447/339 1012/448/340 
f 1014/458/342 1020/457/348 1012/448/340 1006/449/334 
f 1021/459/349 1022/460/350 1014/451/342 1013/450/341 
f 1023/461/351 1021/459/349 1013/450/341 1015/452/343 
f 1024/462/352 1023/461/351 1015/452/343 1016/453/344 
f 1025/463/353 1024/462/352 1016/453/344 1017/454/345 
f 1026/464/354 1025/463/353 1017/454/345 1018/455/346 
f 1027/465/355 1026/464/354 1018/455/346 1019/456/347 
f 1028/466/356 1027/465/355 1019/456/347 1020/457/348 
f 1022/467/350 1028/466/356 1020/457/348 1014/458/342 
f 1029/468/357 1030/469/358 1022/460/350 1021/459/349 
f 1031/470/359 1029/468/357 1021/459/349 1023/461/351 
f 1032/471/360 1031/470/359 1023/461/351 1024/462/352 
f 1033/472/361 1032/471/360 1024/462/352 1025/463/353 
f 1034/473/362 1033/472/361 1025/463/353 1026/464/354 
f 1035/474/363 1034/473/362 1026/464/354 1027/465/355 
f 1036/475/364 1035/474/363 1027/465/355 1028/466/356 
f 1030/476/358 1036/475/364 1028/466/356 1022/467/350 
f 1037/477/365 1038/478/366 1030/469/358 1029/468/357 
f 1039/479/367 1037/477/365 1029/468/357 1031/470/359 
f 1040/480/368 1039/479/367 1031/470/359 1032/471/360 
f 1041/481/369 1040/480/368 1032/471/360 1033/472/361 
f 1042/482/370 1041/481/369 1033/472/361 1034/473/362 
f 1043/483/371 1042/482/370 1034/473/362 1035/474/363 
f 1044/484/372 1043/483/371 1035/474/363 1036/475/364 
f 1038/485/366 1044/484/372 1036/475/364 1030/476/358 
f 1045/486/373 1046/487/374 1038/478/366 1037/477/365 
f 1047/488/375 1045/486/373 1037/477/365 1039/479/367 
f 1048/489/376 1047/488/375 1039/479/367 1040/480/368 
f 1049/490/377 1048/489/376 1040/480/368 1041/481/369 
f 1050/491/378 1049/490/377 1041/481/369 1042/482/370 
f 1051/492/379 1050/491/378 1042/482/370 1043/483/371 
f 1052/493/380 1051/492/379 1043/483/371 1044/484/372 
f 1046/494/374 1052/493/380 1044/484/372 1038/485/366 
f 1053/495/381 1054/496/382 1046/487/374 1045/486/373 
f 1055/497/383 1053/495/381 1045/486/373 1047/488/375 
f 1056/498/384 1055/497/383 1047/488/375 1048/489/376 
f 1057/499/385 1056/498/384 1048/489/376 1049/490/377 
f 1058/500/386 1057/499/385 1049/490/377 1050/491/378 
f 1059/501/387 1058/500/386 1050/491/378 1051/492/379 
f 1060/502/388 1059/501/387 1051/492/379 1052/493/380 
f 1054/503/382 1060/502/388 1052/493/380 1046/494/374 
f 1061/504/389 1062/505/390 1054/496/382 1053/495/381 
f 1063/506/391 1061/504/389 1053/495/381 1055/497/383 
f 1064/507/392 1063/506/391 1055/497/383 1056/498/384 
f 1065/508/393 1064/507/392 1056/498/384 1057/499/385 
f 1066/509/394 1065/508/393 1057/499/385 1058/500/386 
f 1067/510/395 1066/509/394 1058/500/386 1059/501/387 
f 1068/511/396 1067/510/395 1059/501/387 1060/502/388 
f 1062/512/390 1068/511/396 1060/502/388 1054/503/382 
f 1069/513/397 1070/514/398 1062/505/390 1061/504/389 
f 1071/515/399 1069/513/397 1061/504/389 1063/506/391 
f 1072/516/400 1071/515/399 1063/506/391 1064/507/392 
f 1073/517/401 1072/516/400 1064/507/392 1065/508/393 
f 1074/518/402 1073/517/401 1065/508/393 1066/509/394 
f 1075/519/403 1074/518/402 1066/509/394 1067/510/395 
f 1076/520/404 1075/519/403 1067/510/395 1068/511/396 
f 1070/521/398 1076/520/404 1068/511/396 1062/512/390 
f 1077/522/87 1078/523/88 1070/514/398 1069/513/397 
f 1079/524/97 1077/522/87 1069/513/397 1071/515/399 
f 1080/525/99 1079/524/97 1071/515/399 1072/516/400 
f 1081/526/91 1080/525/99 1072/516/400 1073/517/401 
f 1082/527/98 1081/526/91 1073/517/401 1074/518/402 
f 1083/528/93 1082/527/98 1074/518/402 1075/519/403 
f 1084/529/94 1083/528/93 1075/519/403 1076/520/404 
f 1078/530/88 1084/529/94 1076/520/404 1070/521/398 
f 1085/531/95 1086/532/88 1078/523/88 1077/522/87 
f 1087/533/89 1085/531/95 1077/522/87 1079/524/97 
f 1088/534/99 1087/533/89 1079/524/97 1080/525/99 
f 1089/535/91 1088/534/99 1080/525/99 1081/526/91 
f 1090/536/98 1089/535/91 1081/526/91 1082/527/98 
f 1091/537/405 1090/536/98 1082/527/98 1083/528/93 
f 1092/538/100 1091/537/405 1083/528/93 1084/529/94 
f 1086/539/88 1092/538/100 1084/529/94 1078/530/88 
f 1093/540/87 1094/541/88 1086/532/88 1085/531/95 
f 1095/542/97 1093/540/87 1085/531/95 1087/533/89 
f 1096/543/99 1095/542/97 1087/533/89 1088/534/99 
f 1097/544/91 1096/543/99 1088/534/99 1089/535/91 
f 1098/545/98 1097/544/91 1089/535/91 1090/536/98 
f 1099/546/93 1098/545/98 1090/536/98 1091/537/405 
f 1100/547/94 1099/546/93 1091/537/405 1092/538/100 
f 1094/548/88 1100/547/94 1092/538/100 1086/539/88 
f 1101/549/406 1102/550/407 1094/541/88 1093/540/87 
f 1103/551/408 1101/549/406 1093/540/87 1095/542/97 
f 1104/552/409 1103/551/408 1095/542/97 1096/543/99 
f 1105/553/410 1104/552/409 1096/543/99 1097/544/91 
f 1106/554/411 1105/553/410 1097/544/91 1098/545/98 
f 1107/555/412 1106/554/411 1098/545/98 1099/546/93 
f 1108/556/413 1107/555/412 1099/546/93 1100/547/94 
f 1102/557/407 1108/556/413 1100/547/94 1094/548/88 
s 1
f 1102/550/407 1101/549/406 1103/551/408 1104/552/409 1105/553/410 1106/554/411 1107/555/412 1108/558/413 
f 1109/5/528 1110/6/529 1111/7/530 1112/8/531 1113/9/532 1114/10/533 1115/11/534 1116/12/535 1117/13/536 1118/14/537 1119/15/538 1120/16/539 1121/17/540 1122/18/541 1123/19/542 1124/20/543 1125/21/544 1126/22/545 
s 8
f 1126/22/545 1125/21/544 1127/23/546 1128/24/547 
f 1125/21/544 1124/20/543 1129/25/548 1127/23/546 
f 1124/20/543 1123/19/542 1130/26/549 1129/25/548 
f 1123/19/542 1122/18/541 1131/27/550 1130/26/549 
f 1122/28/541 1121/29/540 1132/30/551 1131/31/550 
f 1121/29/540 1120/32/539 1133/33/552 1132/30/551 
f 1120/32/539 1119/34/538 1134/35/553 1133/33/552 
f 1119/34/538 1118/36/537 1135/37/554 1134/35/553 
f 1118/36/537 1117/38/536 1136/39/555 1135/37/554 
f 1117/38/536 1116/40/535 1137/41/556 1136/39/555 
f 1116/40/535 1115/42/534 1138/43/557 1137/41/556 
f 1115/42/534 1114/44/533 1139/45/558 1138/43/557 
f 1114/44/533 1113/46/532 1140/47/559 1139/45/558 
f 1113/46/532 1112/48/531 1141/49/560 1140/47/559 
f 1112/48/531 1111/50/530 1142/51/561 1141/49/560 
f 1111/50/530 1110/52/529 1143/53/562 1142/51/561 
f 1110/52/529 1109/54/528 1144/55/563 1143/53/562 
f 1109/54/528 1126/22/545 1128/24/547 1144/55/563 
f 1128/24/547 1127/23/546 1145/56/546 1146/57/40 
f 1127/23/546 1129/25/548 1147/58/548 1145/56/546 
f 1129/25/548 1130/26/549 1148/59/549 1147/58/548 
f 1130/26/549 1131/27/550 1149/60/550 1148/59/549 
f 1131/31/550 1132/30/551 1150/61/551 1149/62/550 
f 1132/30/551 1133/33/552 1151/63/564 1150/61/551 
f 1133/33/552 1134/35/553 1152/64/553 1151/63/564 
f 1134/35/553 1135/37/554 1153/65/554 1152/64/553 
f 1135/37/554 1136/39/555 1154/66/555 1153/65/554 
f 1136/39/555 1137/41/556 1155/67/556 1154/66/555 
f 1137/41/556 1138/43/557 1156/68/557 1155/67/556 
f 1138/43/557 1139/45/558 1157/69/558 1156/68/557 
f 1139/45/558 1140/47/559 1158/70/559 1157/69/558 
f 1140/47/559 1141/49/560 1159/71/565 1158/70/559 
f 1141/49/560 1142/51/561 1160/72/561 1159/71/565 
f 1142/51/561 1143/53/562 1161/73/562 1160/72/561 
f 1143/53/562 1144/55/563 1162/74/563 1161/73/562 
f 1144/55/563 1128/24/547 1146/57/40 1162/74/563 
f 1146/57/40 1145/56/546 1163/75/546 1164/76/547 
f 1145/56/546 1147/58/548 1165/77/548 1163/75/546 
f 1147/58/548 1148/59/549 1166/78/549 1165/77/548 
f 1148/59/549 1149/60/550 1167/79/550 1166/78/549 
f 1149/62/550 1150/61/551 1168/80/551 1167/81/550 
f 1150/61/551 1151/63/564 1169/82/564 1168/80/551 
f 1151/63/564 1152/64/553 1170/83/553 1169/82/564 
f 1152/64/553 1153/65/554 1171/84/554 1170/83/553 
f 1153/65/554 1154/66/555 1172/85/555 1171/84/554 
f 1154/66/555 1155/67/556 1173/86/556 1172/85/555 
f 1155/67/556 1156/68/557 1174/87/557 1173/86/556 
f 1156/68/557 1157/69/558 1175/88/558 1174/87/557 
f 1157/69/558 1158/70/559 1176/89/559 1175/88/558 
f 1158/70/559 1159/71/565 1177/90/565 1176/89/559 
f 1159/71/565 1160/72/561 1178/91/561 1177/90/565 
f 1160/72/561 1161/73/562 1179/92/562 1178/91/561 
f 1161/73/562 1162/74/563 1180/93/563 1179/92/562 
f 1162/74/563 1146/57/40 1164/76/547 1180/93/563 
f 1164/76/547 1163/75/546 1181/94/546 1182/95/547 
f 1163/75/546 1165/77/548 1183/96/548 1181/94/546 
f 1165/77/548 1166/78/549 1184/97/549 1183/96/548 
f 1166/78/549 1167/79/550 1185/98/550 1184/97/549 
f 1167/81/550 1168/80/551 1186/99/551 1185/100/550 
f 1168/80/551 1169/82/564 1187/101/552 1186/99/551 
f 1169/82/564 1170/83/553 1188/102/553 1187/101/552 
f 1170/83/553 1171/84/554 1189/103/554 1188/102/553 
f 1171/84/554 1172/85/555 1190/104/555 1189/103/554 
f 1172/85/555 1173/86/556 1191/105/556 1190/104/555 
f 1173/86/556 1174/87/557 1192/106/557 1191/105/556 
f 1174/87/557 1175/88/558 1193/107/558 1192/106/557 
f 1175/88/558 1176/89/559 1194/108/559 1193/107/558 
f 1176/89/559 1177/90/565 1195/109/560 1194/108/559 
f 1177/90/565 1178/91/561 1196/110/561 1195/109/560 
f 1178/91/561 1179/92/562 1197/111/562 1196/110/561 
f 1179/92/562 1180/93/563 1198/112/563 1197/111/562 
f 1180/93/563 1164/76/547 1182/95/547 1198/112/563 
f 1182/95/547 1181/94/546 1199/113/566 1200/114/567 
f 1181/94/546 1183/96/548 1201/115/568 1199/113/566 
f 1183/96/548 1184/97/549 1202/116/569 1201/115/568 
f 1184/97/549 1185/98/550 1203/117/570 1202/116/569 
f 1185/100/550 1186/99/551 1204/118/571 1203/119/570 
f 1186/99/551 1187/101/552 1205/120/572 1204/118/571 
f 1187/101/552 1188/102/553 1206/121/573 1205/120/572 
f 1188/102/553 1189/103/554 1207/122/574 1206/121/573 
f 1189/103/554 1190/104/555 1208/123/575 1207/122/574 
f 1190/104/555 1191/105/556 1209/124/576 1208/123/575 
f 1191/105/556 1192/106/557 1210/125/577 1209/124/576 
f 1192/106/557 1193/107/558 1211/126/578 1210/125/577 
f 1193/107/558 1194/108/559 1212/127/579 1211/126/578 
f 1194/108/559 1195/109/560 1213/128/580 1212/127/579 
f 1195/109/560 1196/110/561 1214/129/581 1213/128/580 
f 1196/110/561 1197/111/562 1215/130/582 1214/129/581 
f 1197/111/562 1198/112/563 1216/131/583 1215/130/582 
f 1198/112/563 1182/95/547 1200/114/567 1216/131/583 
s 1
f 1216/131/583 1200/114/567 1199/113/566 1201/115/568 1202/116/569 1203/117/570 1204/132/571 1205/133/572 1206/134/573 1207/628/574 1208/136/575 1209/137/576 1210/138/577 1211/139/578 1212/140/579 1213/141/580 1214/142/581 1215/143/582 
f 1217/5/528 1218/6/529 1219/7/530 1220/8/531 1221/9/532 1222/10/533 1223/11/534 1224/12/535 1225/13/536 1226/14/537 1227/15/538 1228/16/539 1229/17/540 1230/18/541 1231/19/542 1232/20/543 1233/21/544 1234/22/545 
s 8
f 1234/22/545 1233/21/544 1235/23/546 1236/24/547 
f 1233/21/544 1232/20/543 1237/25/548 1235/23/546 
f 1232/20/543 1231/19/542 1238/26/549 1237/25/548 
f 1231/19/542 1230/18/541 1239/27/550 1238/26/549 
f 1230/28/541 1229/29/540 1240/30/551 1239/31/550 
f 1229/29/540 1228/32/539 1241/33/552 1240/30/551 
f 1228/32/539 1227/34/538 1242/35/553 1241/33/552 
f 1227/34/538 1226/36/537 1243/37/554 1242/35/553 
f 1226/36/537 1225/38/536 1244/39/555 1243/37/554 
f 1225/38/536 1224/40/535 1245/41/556 1244/39/555 
f 1224/40/535 1223/42/534 1246/43/557 1245/41/556 
f 1223/42/534 1222/44/533 1247/45/558 1246/43/557 
f 1222/44/533 1221/46/532 1248/47/559 1247/45/558 
f 1221/46/532 1220/48/531 1249/49/560 1248/47/559 
f 1220/48/531 1219/50/530 1250/51/561 1249/49/560 
f 1219/50/530 1218/52/529 1251/53/562 1250/51/561 
f 1218/52/529 1217/54/528 1252/55/563 1251/53/562 
f 1217/54/528 1234/22/545 1236/24/547 1252/55/563 
f 1236/24/547 1235/23/546 1253/56/546 1254/57/40 
f 1235/23/546 1237/25/548 1255/58/548 1253/56/546 
f 1237/25/548 1238/26/549 1256/59/549 1255/58/548 
f 1238/26/549 1239/27/550 1257/60/550 1256/59/549 
f 1239/31/550 1240/30/551 1258/61/551 1257/62/550 
f 1240/30/551 1241/33/552 1259/63/564 1258/61/551 
f 1241/33/552 1242/35/553 1260/64/553 1259/63/564 
f 1242/35/553 1243/37/554 1261/65/554 1260/64/553 
f 1243/37/554 1244/39/555 1262/66/555 1261/65/554 
f 1244/39/555 1245/41/556 1263/67/556 1262/66/555 
f 1245/41/556 1246/43/557 1264/68/557 1263/67/556 
f 1246/43/557 1247/45/558 1265/69/558 1264/68/557 
f 1247/45/558 1248/47/559 1266/70/559 1265/69/558 
f 1248/47/559 1249/49/560 1267/71/565 1266/70/559 
f 1249/49/560 1250/51/561 1268/72/561 1267/71/565 
f 1250/51/561 1251/53/562 1269/73/562 1268/72/561 
f 1251/53/562 1252/55/563 1270/74/563 1269/73/562 
f 1252/55/563 1236/24/547 1254/57/40 1270/74/563 
f 1254/57/40 1253/56/546 1271/75/546 1272/76/547 
f 1253/56/546 1255/58/548 1273/77/548 1271/75/546 
f 1255/58/548 1256/59/549 1274/78/549 1273/77/548 
f 1256/59/549 1257/60/550 1275/79/550 1274/78/549 
f 1257/62/550 1258/61/551 1276/80/551 1275/81/550 
f 1258/61/551 1259/63/564 1277/82/564 1276/80/551 
f 1259/63/564 1260/64/553 1278/83/553 1277/82/564 
f 1260/64/553 1261/65/554 1279/84/554 1278/83/553 
f 1261/65/554 1262/66/555 1280/85/555 1279/84/554 
f 1262/66/555 1263/67/556 1281/86/556 1280/85/555 
f 1263/67/556 1264/68/557 1282/87/557 1281/86/556 
f 1264/68/557 1265/69/558 1283/88/558 1282/87/557 
f 1265/69/558 1266/70/559 1284/89/559 1283/88/558 
f 1266/70/559 1267/71/565 1285/90/565 1284/89/559 
f 1267/71/565 1268/72/561 1286/91/561 1285/90/565 
f 1268/72/561 1269/73/562 1287/92/562 1286/91/561 
f 1269/73/562 1270/74/563 1288/93/563 1287/92/562 
f 1270/74/563 1254/57/40 1272/76/547 1288/93/563 
f 1272/76/547 1271/75/546 1289/94/546 1290/95/547 
f 1271/75/546 1273/77/548 1291/96/548 1289/94/546 
f 1273/77/548 1274/78/549 1292/97/549 1291/96/548 
f 1274/78/549 1275/79/550 1293/98/550 1292/97/549 
f 1275/81/550 1276/80/551 1294/99/551 1293/100/550 
f 1276/80/551 1277/82/564 1295/101/552 1294/99/551 
f 1277/82/564 1278/83/553 1296/102/553 1295/101/552 
f 1278/83/553 1279/84/554 1297/103/554 1296/102/553 
f 1279/84/554 1280/85/555 1298/104/555 1297/103/554 
f 1280/85/555 1281/86/556 1299/105/556 1298/104/555 
f 1281/86/556 1282/87/557 1300/106/557 1299/105/556 
f 1282/87/557 1283/88/558 1301/107/558 1300/106/557 
f 1283/88/558 1284/89/559 1302/108/559 1301/107/558 
f 1284/89/559 1285/90/565 1303/109/560 1302/108/559 
f 1285/90/565 1286/91/561 1304/110/561 1303/109/560 
f 1286/91/561 1287/92/562 1305/111/562 1304/110/561 
f 1287/92/562 1288/93/563 1306/112/563 1305/111/562 
f 1288/93/563 1272/76/547 1290/95/547 1306/112/563 
f 1290/95/547 1289/94/546 1307/113/566 1308/114/567 
f 1289/94/546 1291/96/548 1309/115/568 1307/113/566 
f 1291/96/548 1292/97/549 1310/116/569 1309/115/568 
f 1292/97/549 1293/98/550 1311/117/570 1310/116/569 
f 1293/100/550 1294/99/551 1312/118/571 1311/119/570 
f 1294/99/551 1295/101/552 1313/120/572 1312/118/571 
f 1295/101/552 1296/102/553 1314/121/573 1313/120/572 
f 1296/102/553 1297/103/554 1315/122/574 1314/121/573 
f 1297/103/554 1298/104/555 1316/123/575 1315/122/574 
f 1298/104/555 1299/105/556 1317/124/576 1316/123/575 
f 1299/105/556 1300/106/557 1318/125/577 1317/124/576 
f 1300/106/557 1301/107/558 1319/126/578 1318/125/577 
f 1301/107/558 1302/108/559 1320/127/579 1319/126/578 
f 1302/108/559 1303/109/560 1321/128/580 1320/127/579 
f 1303/109/560 1304/110/561 1322/129/581 1321/128/580 
f 1304/110/561 1305/111/562 1323/130/582 1322/129/581 
f 1305/111/562 1306/112/563 1324/131/583 1323/130/582 
f 1306/112/563 1290/95/547 1308/114/567 1324/131/583 
s 1
f 1324/131/583 1308/114/567 1307/113/566 1309/115/568 1310/116/569 1311/117/570 1312/132/571 1313/133/572 1314/134/573 1315/628/574 1316/136/575 1317/137/576 1318/138/577 1319/139/578 1320/140/579 1321/141/580 1322/142/581 1323/143/582 
f 1325/629/584 1326/630/585 1327/631/586 1328/632/587 
f 1325/629/584 1329/633/588 1330/634/589 
f 1325/629/584 1330/634/589 1331/635/590 
f 1325/629/584 1331/635/590 1332/636/591 
f 1325/629/584 1332/636/591 1333/637/592 1326/630/585 
f 1326/630/585 1333/637/592 1334/638/593 
f 1326/630/585 1334/638/593 1335/639/594 
f 1326/630/585 1335/639/594 1336/640/595 
f 1326/630/585 1336/640/595 1337/641/596 1327/631/586 
f 1327/631/586 1337/641/596 1338/642/597 
f 1327/631/586 1338/642/597 1339/643/598 
f 1327/631/586 1339/643/598 1340/644/599 
f 1327/631/586 1340/644/599 1341/645/600 1328/632/587 
f 1328/632/587 1341/645/600 1342/646/601 
f 1328/632/587 1342/646/601 1343/647/602 
f 1328/632/587 1343/647/602 1344/648/603 
f 1328/632/587 1344/648/603 1329/633/588 1325/629/584 
f 1329/633/588 1345/649/604 1346/650/605 1330/634/589 
f 1330/634/589 1346/650/605 1347/651/606 1331/635/590 
f 1331/635/590 1347/651/606 1348/652/607 1332/636/591 
f 1332/636/591 1348/652/607 1349/653/608 1333/637/592 
f 1333/637/592 1349/653/608 1350/654/609 1334/638/593 
f 1334/638/593 1350/654/609 1351/655/610 1335/639/594 
f 1335/639/594 1351/655/610 1352/656/611 1336/640/595 
f 1336/640/595 1352/656/611 1353/657/612 1337/641/596 
f 1337/641/596 1353/657/612 1354/658/613 1338/642/597 
f 1338/642/597 1354/658/613 1355/659/614 1339/643/598 
f 1339/643/598 1355/659/614 1356/660/615 1340/644/599 
f 1340/644/599 1356/660/615 1357/661/616 1341/645/600 
f 1341/645/600 1357/661/616 1358/662/617 1342/646/601 
f 1342/646/601 1358/662/617 1359/663/618 1343/647/602 
f 1343/647/602 1359/663/618 1360/664/619 1344/648/603 
f 1344/648/603 1360/664/619 1345/649/604 1329/633/588 
f 1345/649/604 1361/665/620 1362/666/621 1346/650/605 
f 1346/650/605 1362/666/621 1363/667/622 1347/651/606 
f 1347/651/606 1363/667/622 1364/668/623 1348/652/607 
f 1348/652/607 1364/668/623 1365/669/624 1349/653/608 
f 1349/653/608 1365/669/624 1366/670/625 1350/654/609 
f 1350/654/609 1366/670/625 1367/671/626 1351/655/610 
f 1351/655/610 1367/671/626 1368/672/627 1352/656/611 
f 1352/656/611 1368/672/627 1369/673/628 1353/657/612 
f 1353/657/612 1369/673/628 1370/674/629 1354/658/613 
f 1354/658/613 1370/674/629 1371/675/630 1355/659/614 
f 1355/659/614 1371/675/630 1372/676/631 1356/660/615 
f 1356/660/615 1372/676/631 1373/677/632 1357/661/616 
f 1357/661/616 1373/677/632 1374/678/633 1358/662/617 
f 1358/662/617 1374/678/633 1375/679/634 1359/663/618 
f 1359/663/618 1375/679/634 1376/680/635 1360/664/619 
f 1360/664/619 1376/680/635 1361/665/620 1345/649/604 
f 1361/3/620 1377/4/636 1378/681/637 1362/682/621 
f 1362/682/621 1378/681/637 1379/683/638 1363/684/622 
f 1363/684/622 1379/683/638 1380/685/639 1364/686/623 
f 1364/686/623 1380/685/639 1381/687/640 1365/688/624 
f 1365/688/624 1381/687/640 1382/689/641 1366/690/625 
f 1366/690/625 1382/689/641 1383/691/642 1367/692/626 
f 1367/692/626 1383/691/642 1384/693/643 1368/694/627 
f 1368/694/627 1384/693/643 1385/695/644 1369/696/628 
f 1369/696/628 1385/695/644 1386/697/645 1370/698/629 
f 1370/698/629 1386/697/645 1387/699/646 1371/700/630 
f 1371/700/630 1387/699/646 1388/701/647 1372/702/631 
f 1372/702/631 1388/701/647 1389/703/648 1373/704/632 
f 1373/704/632 1389/703/648 1390/705/649 1374/706/633 
f 1374/706/633 1390/705/649 1391/707/650 1375/708/634 
f 1375/708/634 1391/707/650 1392/709/651 1376/710/635 
f 1376/710/635 1392/709/651 1377/1/636 1361/2/620 
f 1377/672/636 1393/656/652 1394/655/653 1378/671/637 
f 1378/671/637 1394/655/653 1395/654/654 1379/670/638 
f 1379/670/638 1395/654/654 1396/653/655 1380/669/639 
f 1380/669/639 1396/653/655 1397/652/656 1381/668/640 
f 1381/668/640 1397/652/656 1398/651/657 1382/667/641 
f 1382/667/641 1398/651/657 1399/650/658 1383/666/642 
f 1383/666/642 1399/650/658 1400/649/659 1384/665/643 
f 1384/665/643 1400/649/659 1401/664/660 1385/680/644 
f 1385/680/644 1401/664/660 1402/663/661 1386/679/645 
f 1386/679/645 1402/663/661 1403/662/662 1387/678/646 
f 1387/678/646 1403/662/662 1404/661/663 1388/677/647 
f 1388/677/647 1404/661/663 1405/660/664 1389/676/648 
f 1389/676/648 1405/660/664 1406/659/665 1390/675/649 
f 1390/675/649 1406/659/665 1407/658/666 1391/674/650 
f 1391/674/650 1407/658/666 1408/657/667 1392/673/651 
f 1392/673/651 1408/657/667 1393/656/652 1377/672/636 
f 1393/656/652 1409/640/668 1410/639/669 1394/655/653 
f 1394/655/653 1410/639/669 1411/638/670 1395/654/654 
f 1395/654/654 1411/638/670 1412/637/671 1396/653/655 
f 1396/653/655 1412/637/671 1413/636/672 1397/652/656 
f 1397/652/656 1413/636/672 1414/635/673 1398/651/657 
f 1398/651/657 1414/635/673 1415/634/674 1399/650/658 
f 1399/650/658 1415/634/674 1416/633/675 1400/649/659 
f 1400/649/659 1416/633/675 1417/648/676 1401/664/660 
f 1401/664/660 1417/648/676 1418/647/677 1402/663/661 
f 1402/663/661 1418/647/677 1419/646/678 1403/662/662 
f 1403/662/662 1419/646/678 1420/645/679 1404/661/663 
f 1404/661/663 1420/645/679 1421/644/680 1405/660/664 
f 1405/660/664 1421/644/680 1422/643/681 1406/659/665 
f 1406/659/665 1422/643/681 1423/642/682 1407/658/666 
f 1407/658/666 1423/642/682 1424/641/683 1408/657/667 
f 1408/657/667 1424/641/683 1409/640/668 1393/656/652 
f 1409/640/668 1425/630/684 1410/639/669 
f 1410/639/669 1425/630/684 1411/638/670 
f 1411/638/670 1425/630/684 1412/637/671 
f 1412/637/671 1425/630/684 1426/629/685 1413/636/672 
f 1413/636/672 1426/629/685 1414/635/673 
f 1414/635/673 1426/629/685 1415/634/674 
f 1415/634/674 1426/629/685 1416/633/675 
f 1416/633/675 1426/629/685 1427/632/686 1417/648/676 
f 1417/648/676 1427/632/686 1418/647/677 
f 1418/647/677 1427/632/686 1419/646/678 
f 1419/646/678 1427/632/686 1420/645/679 
f 1420/645/679 1427/632/686 1428/631/687 1421/644/680 
f 1421/644/680 1428/631/687 1422/643/681 
f 1422/643/681 1428/631/687 1423/642/682 
f 1423/642/682 1428/631/687 1424/641/683 
f 1424/641/683 1428/631/687 1425/630/684 1409/640/668 
f 1428/631/687 1427/632/686 1426/629/685 1425/630/684 
s 2
f 1429/1/688 1430/2/689 1431/3/690 1432/4/691 
s 4
f 1433/4/692 1434/1/693 1435/2/694 1436/3/695 
s 8
f 1429/4/688 1432/1/691 1437/2/696 1438/3/697 
s 16
f 1432/4/691 1431/1/690 1439/2/698 1437/3/696 
s 32
f 1431/4/690 1430/1/689 1440/2/699 1439/3/698 
s 64
f 1430/4/689 1429/1/688 1438/2/697 1440/3/699 
s 8
f 1438/4/697 1437/1/696 1441/1/700 1442/4/701 
s 16
f 1437/1/696 1439/2/698 1443/2/702 1441/1/700 
s 32
f 1439/2/698 1440/3/699 1444/3/703 1443/2/702 
s 64
f 1440/3/699 1438/4/697 1442/4/701 1444/3/703 
s 8
f 1442/4/701 1441/1/700 1434/1/693 1433/4/692 
s 16
f 1441/1/700 1443/2/702 1435/2/694 1434/1/693 
s 32
f 1443/2/702 1444/3/703 1436/3/695 1435/2/694 
s 64
f 1444/3/703 1442/4/701 1433/4/692 1436/3/695 
s 2
f 1445/1/688 1446/2/689 1447/3/690 1448/4/691 
s 4
f 1449/4/692 1450/1/693 1451/2/694 1452/3/695 
s 8
f 1445/4/688 1448/1/691 1453/2/696 1454/3/697 
s 16
f 1448/4/691 1447/1/690 1455/2/698 1453/3/696 
s 32
f 1447/4/690 1446/1/689 1456/2/699 1455/3/698 
s 64
f 1446/4/689 1445/1/688 1454/2/697 1456/3/699 
s 8
f 1454/4/697 1453/1/696 1457/1/700 1458/4/701 
s 16
f 1453/1/696 1455/2/698 1459/2/702 1457/1/700 
s 32
f 1455/2/698 1456/3/699 1460/3/703 1459/2/702 
s 64
f 1456/3/699 1454/4/697 1458/4/701 1460/3/703 
s 8
f 1458/4/701 1457/1/700 1450/1/693 1449/4/692 
s 16
f 1457/1/700 1459/2/702 1451/2/694 1450/1/693 
s 32
f 1459/2/702 1460/3/703 1452/3/695 1451/2/694 
s 64
f 1460/3/703 1458/4/701 1449/4/692 1452/3/695 
s 2
f 1461/1/1 1462/2/2 1463/3/67 1464/4/68 
s 4
f 1465/4/5 1466/1/69 1467/2/70 1468/3/8 
s 8
f 1461/4/1 1464/1/68 1466/2/69 1465/3/5 
s 16
f 1464/4/68 1463/1/67 1467/2/70 1466/3/69 
s 32
f 1463/4/67 1462/1/2 1468/2/8 1467/3/70 
s 64
f 1462/4/2 1461/1/1 1465/2/5 1468/3/8 
s 2
f 1469/1/1 1470/2/5 1471/3/8 1472/4/2 
s 4
f 1473/4/68 1474/1/67 1475/2/70 1476/3/69 
s 8
f 1469/4/1 1472/1/2 1474/2/67 1473/3/68 
s 16
f 1472/4/2 1471/1/8 1475/2/70 1474/3/67 
s 32
f 1471/4/8 1470/1/5 1476/2/69 1475/3/70 
s 64
f 1470/4/5 1469/1/1 1473/2/68 1476/3/69 
s 2
f 1477/1/1 1478/2/5 1479/3/8 1480/4/2 
s 4
f 1481/4/68 1482/1/67 1483/2/70 1484/3/69 
s 8
f 1477/4/1 1480/1/2 1482/2/67 1481/3/68 
s 16
f 1480/4/2 1479/1/8 1483/2/70 1482/3/67 
s 32
f 1479/4/8 1478/1/5 1484/2/69 1483/3/70 
s 64
f 1478/4/5 1477/1/1 1481/2/68 1484/3/69 
s 1
f 1485/629/584 1486/630/585 1487/631/586 1488/632/587 
f 1485/629/584 1489/633/588 1490/634/704 
f 1485/629/584 1490/634/704 1491/635/590 
f 1485/629/584 1491/635/590 1492/636/591 
f 1485/629/584 1492/636/591 1493/637/592 1486/630/585 
f 1486/630/585 1493/637/592 1494/638/593 
f 1486/630/585 1494/638/593 1495/639/705 
f 1486/630/585 1495/639/705 1496/640/595 
f 1486/630/585 1496/640/595 1497/641/596 1487/631/586 
f 1487/631/586 1497/641/596 1498/642/706 
f 1487/631/586 1498/642/706 1499/643/598 
f 1487/631/586 1499/643/598 1500/644/599 
f 1487/631/586 1500/644/599 1501/645/600 1488/632/587 
f 1488/632/587 1501/645/600 1502/646/601 
f 1488/632/587 1502/646/601 1503/647/707 
f 1488/632/587 1503/647/707 1504/648/603 
f 1488/632/587 1504/648/603 1489/633/588 1485/629/584 
f 1489/633/588 1505/649/604 1506/650/605 1490/634/704 
f 1490/634/704 1506/650/605 1507/651/606 1491/635/590 
f 1491/635/590 1507/651/606 1508/652/607 1492/636/591 
f 1492/636/591 1508/652/607 1509/653/608 1493/637/592 
f 1493/637/592 1509/653/608 1510/654/609 1494/638/593 
f 1494/638/593 1510/654/609 1511/655/610 1495/639/705 
f 1495/639/705 1511/655/610 1512/656/611 1496/640/595 
f 1496/640/595 1512/656/611 1513/657/612 1497/641/596 
f 1497/641/596 1513/657/612 1514/658/613 1498/642/706 
f 1498/642/706 1514/658/613 1515/659/614 1499/643/598 
f 1499/643/598 1515/659/614 1516/660/615 1500/644/599 
f 1500/644/599 1516/660/615 1517/661/616 1501/645/600 
f 1501/645/600 1517/661/616 1518/662/617 1502/646/601 
f 1502/646/601 1518/662/617 1519/663/618 1503/647/707 
f 1503/647/707 1519/663/618 1520/664/619 1504/648/603 
f 1504/648/603 1520/664/619 1505/649/604 1489/633/588 
f 1505/649/604 1521/665/620 1522/666/621 1506/650/605 
f 1506/650/605 1522/666/621 1523/667/622 1507/651/606 
f 1507/651/606 1523/667/622 1524/668/623 1508/652/607 
f 1508/652/607 1524/668/623 1525/669/624 1509/653/608 
f 1509/653/608 1525/669/624 1526/670/625 1510/654/609 
f 1510/654/609 1526/670/625 1527/671/626 1511/655/610 
f 1511/655/610 1527/671/626 1528/672/627 1512/656/611 
f 1512/656/611 1528/672/627 1529/673/628 1513/657/612 
f 1513/657/612 1529/673/628 1530/674/629 1514/658/613 
f 1514/658/613 1530/674/629 1531/675/630 1515/659/614 
f 1515/659/614 1531/675/630 1532/676/631 1516/660/615 
f 1516/660/615 1532/676/631 1533/677/632 1517/661/616 
f 1517/661/616 1533/677/632 1534/678/633 1518/662/617 
f 1518/662/617 1534/678/633 1535/679/634 1519/663/618 
f 1519/663/618 1535/679/634 1536/680/635 1520/664/619 
f 1520/664/619 1536/680/635 1521/665/620 1505/649/604 
f 1521/3/620 1537/4/636 1538/681/637 1522/682/621 
f 1522/682/621 1538/681/637 1539/683/638 1523/684/622 
f 1523/684/622 1539/683/638 1540/685/639 1524/686/623 
f 1524/686/623 1540/685/639 1541/687/640 1525/688/624 
f 1525/688/624 1541/687/640 1542/689/641 1526/690/625 
f 1526/690/625 1542/689/641 1543/691/642 1527/692/626 
f 1527/692/626 1543/691/642 1544/693/643 1528/694/627 
f 1528/694/627 1544/693/643 1545/695/644 1529/696/628 
f 1529/696/628 1545/695/644 1546/697/645 1530/698/629 
f 1530/698/629 1546/697/645 1547/699/646 1531/700/630 
f 1531/700/630 1547/699/646 1548/701/647 1532/702/631 
f 1532/702/631 1548/701/647 1549/703/648 1533/704/632 
f 1533/704/632 1549/703/648 1550/705/649 1534/706/633 
f 1534/706/633 1550/705/649 1551/707/650 1535/708/634 
f 1535/708/634 1551/707/650 1552/709/651 1536/710/635 
f 1536/710/635 1552/709/651 1537/1/636 1521/2/620 
f 1537/672/636 1553/656/652 1554/655/653 1538/671/637 
f 1538/671/637 1554/655/653 1555/654/654 1539/670/638 
f 1539/670/638 1555/654/654 1556/653/655 1540/669/639 
f 1540/669/639 1556/653/655 1557/652/656 1541/668/640 
f 1541/668/640 1557/652/656 1558/651/657 1542/667/641 
f 1542/667/641 1558/651/657 1559/650/658 1543/666/642 
f 1543/666/642 1559/650/658 1560/649/659 1544/665/643 
f 1544/665/643 1560/649/659 1561/664/660 1545/680/644 
f 1545/680/644 1561/664/660 1562/663/661 1546/679/645 
f 1546/679/645 1562/663/661 1563/662/662 1547/678/646 
f 1547/678/646 1563/662/662 1564/661/663 1548/677/647 
f 1548/677/647 1564/661/663 1565/660/664 1549/676/648 
f 1549/676/648 1565/660/664 1566/659/665 1550/675/649 
f 1550/675/649 1566/659/665 1567/658/666 1551/674/650 
f 1551/674/650 1567/658/666 1568/657/667 1552/673/651 
f 1552/673/651 1568/657/667 1553/656/652 1537/672/636 
f 1553/656/652 1569/640/668 1570/639/669 1554/655/653 
f 1554/655/653 1570/639/669 1571/638/708 1555/654/654 
f 1555/654/654 1571/638/708 1572/637/671 1556/653/655 
f 1556/653/655 1572/637/671 1573/636/672 1557/652/656 
f 1557/652/656 1573/636/672 1574/635/709 1558/651/657 
f 1558/651/657 1574/635/709 1575/634/674 1559/650/658 
f 1559/650/658 1575/634/674 1576/633/675 1560/649/659 
f 1560/649/659 1576/633/675 1577/648/676 1561/664/660 
f 1561/664/660 1577/648/676 1578/647/677 1562/663/661 
f 1562/663/661 1578/647/677 1579/646/710 1563/662/662 
f 1563/662/662 1579/646/710 1580/645/679 1564/661/663 
f 1564/661/663 1580/645/679 1581/644/680 1565/660/664 
f 1565/660/664 1581/644/680 1582/643/711 1566/659/665 
f 1566/659/665 1582/643/711 1583/642/682 1567/658/666 
f 1567/658/666 1583/642/682 1584/641/683 1568/657/667 
f 1568/657/667 1584/641/683 1569/640/668 1553/656/652 
f 1569/640/668 1585/630/684 1570/639/669 
f 1570/639/669 1585/630/684 1571/638/708 
f 1571/638/708 1585/630/684 1572/637/671 
f 1572/637/671 1585/630/684 1586/629/685 1573/636/672 
f 1573/636/672 1586/629/685 1574/635/709 
f 1574/635/709 1586/629/685 1575/634/674 
f 1575/634/674 1586/629/685 1576/633/675 
f 1576/633/675 1586/629/685 1587/632/686 1577/648/676 
f 1577/648/676 1587/632/686 1578/647/677 
f 1578/647/677 1587/632/686 1579/646/710 
f 1579/646/710 1587/632/686 1580/645/679 
f 1580/645/679 1587/632/686 1588/631/687 1581/644/680 
f 1581/644/680 1588/631/687 1582/643/711 
f 1582/643/711 1588/631/687 1583/642/682 
f 1583/642/682 1588/631/687 1584/641/683 
f 1584/641/683 1588/631/687 1585/630/684 1569/640/668 
f 1588/631/687 1587/632/686 1586/629/685 1585/630/684 
# 1446 polygons - 96 triangles

