# 3ds Max Wavefront OBJ Exporter v0.99 - (c)2007 guruware
# File Created: 19.09.2026 03:11:11

mtllib Licorice Plant.mtl

#
# object Licorice_Plant
#

v  -16.2417 0.0000 54.1271
v  -15.9729 0.0000 54.4424
v  -16.2417 0.0000 54.5831
v  -15.8269 0.0000 54.1271
v  -15.9729 2.0714 54.4424
v  -16.2417 2.0714 54.5831
v  -15.8269 2.0713 54.1271
v  -15.9729 2.3876 54.4424
v  -16.2417 2.3876 54.5831
v  -15.9729 2.7815 54.4424
v  -15.9729 3.2349 54.4424
v  -16.2417 3.2349 54.5831
v  -16.2417 2.7815 54.5831
v  -15.8269 2.7819 54.1271
v  -15.8269 3.2349 54.1271
v  -9.3176 6.5842 54.1271
v  -9.0121 6.8948 54.2808
v  -8.9070 7.0065 54.1271
v  -9.0833 6.5446 54.1271
v  -8.7724 7.1274 54.1271
v  -8.9162 6.9076 54.2672
v  -9.1939 6.6266 54.4629
v  -9.2937 6.6751 54.4091
v  -9.7652 5.6998 55.6617
v  -9.5153 5.7729 55.6091
v  -9.4670 6.0691 55.7392
v  -9.8912 5.7389 55.5140
v  -9.5690 5.9963 55.6811
v  -9.5787 5.7950 55.5609
v  -9.7259 6.0613 55.7175
v  -9.6622 6.0534 55.7661
v  -9.9669 6.0413 55.7457
v  -9.6328 5.4368 55.3897
v  -9.7093 5.5276 55.3522
v  -9.9900 6.0353 55.6512
v  -10.7280 5.1397 55.6617
v  -10.4781 5.2128 55.6091
v  -10.4298 5.5090 55.7392
v  -10.8540 5.1789 55.5140
v  -10.5318 5.4363 55.6811
v  -10.5415 5.2350 55.5609
v  -10.6887 5.5013 55.7175
v  -10.6250 5.4934 55.7661
v  -10.9297 5.4812 55.7457
v  -10.5956 4.8768 55.3897
v  -10.6721 4.9676 55.3522
v  -10.9528 5.4752 55.6512
v  -11.7812 4.5106 55.6617
v  -11.5313 4.5837 55.6091
v  -11.4831 4.8799 55.7392
v  -11.9072 4.5498 55.5140
v  -11.5851 4.8072 55.6811
v  -11.5947 4.6059 55.5609
v  -11.7419 4.8721 55.7175
v  -11.6782 4.8642 55.7661
v  -11.9829 4.8521 55.7457
v  -11.6488 4.2476 55.3897
v  -11.7254 4.3384 55.3522
v  -12.0060 4.8461 55.6512
v  -13.0485 3.7450 55.6617
v  -12.7987 3.8182 55.6091
v  -12.7504 4.1144 55.7392
v  -13.1746 3.7842 55.5140
v  -12.8524 4.0416 55.6811
v  -12.8620 3.8403 55.5609
v  -13.0092 4.1066 55.7175
v  -12.9456 4.0987 55.7661
v  -13.2503 4.0866 55.7457
v  -12.9162 3.4821 55.3897
v  -12.9927 3.5729 55.3522
v  -13.2733 4.0805 55.6512
v  -15.9729 3.5511 54.4424
v  -16.2417 3.5511 54.5831
v  -11.7010 8.7027 54.1271
v  -11.5258 9.0391 54.2808
v  -11.4663 9.1581 54.1271
v  -11.5269 8.7722 54.1271
v  -11.3868 9.2955 54.1271
v  -11.4587 9.0872 54.2672
v  -11.6181 8.7824 54.4629
v  -11.6968 8.7743 54.4091
v  -11.8962 7.9186 55.6617
v  -11.7270 8.0709 55.6091
v  -11.7347 8.2918 55.7392
v  -11.9924 7.8934 55.5140
v  -11.7976 8.2005 55.6811
v  -11.7757 8.0599 55.5609
v  -11.9197 8.1802 55.7175
v  -11.8728 8.2010 55.7661
v  -12.0901 8.0675 55.7457
v  -11.7634 7.7946 55.3897
v  -11.8314 7.8247 55.3522
v  -12.1058 8.0540 55.6512
v  -12.5082 7.1429 55.6617
v  -12.3390 7.2952 55.6091
v  -12.3467 7.5161 55.7392
v  -12.6044 7.1177 55.5140
v  -12.4097 7.4248 55.6811
v  -12.3878 7.2842 55.5609
v  -12.5317 7.4045 55.7175
v  -12.4848 7.4253 55.7661
v  -12.7021 7.2918 55.7457
v  -12.3754 7.0189 55.3897
v  -12.4434 7.0490 55.3522
v  -12.7178 7.2783 55.6512
v  -13.1753 6.2832 55.6617
v  -13.0062 6.4355 55.6091
v  -13.0139 6.6563 55.7392
v  -13.2716 6.2580 55.5140
v  -13.0768 6.5651 55.6811
v  -13.0549 6.4245 55.5609
v  -13.1988 6.5447 55.7175
v  -13.1519 6.5655 55.7661
v  -13.3693 6.4321 55.7457
v  -13.0425 6.1591 55.3897
v  -13.1106 6.1893 55.3522
v  -13.3850 6.4185 55.6512
v  -13.9769 5.2429 55.6617
v  -13.8077 5.3952 55.6091
v  -13.8154 5.6160 55.7392
v  -14.0731 5.2177 55.5140
v  -13.8784 5.5248 55.6811
v  -13.8565 5.3842 55.5609
v  -14.0004 5.5044 55.7175
v  -13.9535 5.5252 55.7661
v  -14.1708 5.3918 55.7457
v  -13.8441 5.1188 55.3897
v  -13.9121 5.1490 55.3522
v  -14.1865 5.3782 55.6512
v  -15.4001 5.2280 55.0529
v  -15.4614 4.8708 55.2104
v  -15.2394 4.8752 55.1412
v  -15.2606 4.8981 54.7826
v  -15.1719 4.8855 54.9569
v  -15.6560 4.9170 54.7966
v  -15.7369 4.8979 54.9841
v  -15.4487 4.9129 54.7304
v  -15.3275 5.2514 54.1271
v  -15.2400 5.2159 54.2913
v  -14.9772 5.5727 54.1271
v  -16.2417 5.6406 55.5272
v  -16.0610 5.1561 55.5071
v  -15.9812 5.2334 55.3445
v  -16.0616 5.3214 55.1620
v  -14.8961 5.0584 54.1271
v  -14.9662 5.0904 54.2905
v  -15.3469 4.3311 54.8175
v  -15.4356 4.3437 54.6433
v  -15.6237 4.3585 54.5911
v  -15.8310 4.3626 54.6572
v  -15.9118 4.3435 54.8447
v  -15.8309 4.3260 54.9897
v  -15.6560 4.8803 55.1291
v  -15.6363 4.3164 55.0711
v  -15.4144 4.3208 55.0019
v  -16.2417 5.3608 55.0794
v  -16.2417 5.1235 55.5747
v  -15.0944 5.1493 54.3634
v  -16.2417 4.6071 55.3273
v  -16.0610 4.6397 55.2597
v  -15.9812 4.7170 55.0971
v  -16.0616 4.8050 54.9146
v  -16.2417 4.8444 54.8320
v  -15.3986 4.6095 54.2488
v  -15.4652 4.6398 54.2136
v  -15.5722 4.5310 54.2127
v  -15.5320 4.4704 54.2488
v  -15.4759 4.7283 54.2913
v  -15.3303 4.6617 54.3634
v  -15.2021 4.6028 54.2905
v  -15.1320 4.5709 54.1271
v  -15.4001 6.2212 55.0529
v  -15.4614 5.8640 55.2104
v  -15.2394 5.8683 55.1412
v  -15.2606 5.8913 54.7826
v  -15.1719 5.8787 54.9569
v  -15.6560 5.9102 54.7966
v  -15.7369 5.8911 54.9841
v  -15.4487 5.9061 54.7304
v  -15.3275 6.2446 54.1271
v  -15.2400 6.2090 54.2913
v  -14.9772 6.5659 54.1271
v  -16.2417 6.6338 55.5272
v  -16.0610 6.1493 55.5071
v  -15.9812 6.2265 55.3445
v  -16.0616 6.3146 55.1620
v  -14.8961 6.0516 54.1271
v  -14.9662 6.0836 54.2905
v  -15.3469 5.3243 54.8175
v  -15.4356 5.3369 54.6433
v  -15.6237 5.3517 54.5911
v  -15.8310 5.3558 54.6572
v  -15.9118 5.3367 54.8447
v  -15.8309 5.3192 54.9897
v  -15.6560 5.8735 55.1291
v  -15.6363 5.3096 55.0711
v  -15.4144 5.3140 55.0019
v  -16.2417 6.3540 55.0794
v  -16.2417 6.1167 55.5747
v  -15.0944 6.1425 54.3634
v  -16.2417 5.6003 55.3273
v  -16.0610 5.6329 55.2597
v  -15.9812 5.7102 55.0971
v  -16.0616 5.7982 54.9146
v  -16.2417 5.8376 54.8320
v  -15.3986 5.6027 54.2488
v  -15.4652 5.6330 54.2136
v  -15.5722 5.5242 54.2127
v  -15.5320 5.4635 54.2488
v  -15.4759 5.7215 54.2913
v  -15.3303 5.6549 54.3634
v  -15.2021 5.5960 54.2905
v  -15.1320 5.5641 54.1271
v  -16.1204 7.5525 54.2078
v  -16.1641 7.5230 54.4292
v  -15.9648 7.9102 54.3814
v  -15.8915 7.5154 54.1947
v  -15.4001 7.2150 55.0529
v  -15.4614 6.8578 55.2104
v  -15.2394 6.8621 55.1412
v  -15.2606 6.8851 54.7826
v  -15.1719 6.8725 54.9569
v  -15.6560 6.9040 54.7966
v  -15.7369 6.8849 54.9841
v  -15.4487 6.8999 54.7304
v  -15.3275 7.2383 54.1271
v  -15.2400 7.2028 54.2913
v  -14.9772 7.5596 54.1271
v  -16.2417 7.6276 55.5272
v  -16.0610 7.1431 55.5071
v  -15.9812 7.2203 55.3445
v  -16.0616 7.3084 55.1620
v  -14.8961 7.0454 54.1271
v  -14.9662 7.0774 54.2905
v  -15.3469 6.3181 54.8175
v  -15.4356 6.3307 54.6433
v  -15.6237 6.3455 54.5911
v  -15.8310 6.3496 54.6572
v  -15.9118 6.3305 54.8447
v  -15.8309 6.3129 54.9897
v  -15.6560 6.8673 55.1291
v  -15.6363 6.3034 55.0711
v  -15.4144 6.3077 55.0019
v  -16.2417 7.3478 55.0794
v  -16.2417 7.1105 55.5747
v  -15.0944 7.1363 54.3634
v  -16.2417 6.5941 55.3273
v  -16.0610 6.6267 55.2597
v  -15.9812 6.7039 55.0971
v  -16.0616 6.7920 54.9146
v  -16.2417 6.8314 54.8320
v  -15.3986 6.5965 54.2488
v  -15.4652 6.6268 54.2136
v  -15.5722 6.5180 54.2127
v  -15.5320 6.4573 54.2488
v  -15.4759 6.7153 54.2913
v  -15.3303 6.6487 54.3634
v  -15.2021 6.5898 54.2905
v  -15.1320 6.5579 54.1271
v  -15.7468 7.4591 54.3555
v  -16.0217 6.7896 54.1271
v  -16.2417 6.7896 54.1271
v  -16.1567 6.7874 54.2074
v  -16.0960 6.7874 54.2074
v  -16.0265 7.4681 54.5880
v  -15.8354 7.4471 54.5159
v  -16.0063 6.9869 54.2741
v  -16.0661 6.9967 54.2775
v  -16.1628 7.0746 54.1736
v  -15.9339 7.0374 54.1606
v  -16.0775 6.9889 54.3354
v  -16.2065 7.0450 54.3951
v  -16.0416 6.9746 54.3768
v  -16.0689 6.9901 54.5538
v  -15.9917 6.9691 54.3580
v  -15.8779 6.9691 54.4817
v  -15.9685 6.9722 54.3161
v  -15.7892 6.9811 54.3213
v  -15.5614 4.2029 54.7359
v  -15.5922 4.2186 54.6747
v  -15.6582 4.2362 54.6571
v  -15.7314 4.2460 54.6813
v  -15.7607 4.2353 54.7476
v  -15.7328 4.2187 54.7983
v  -15.6643 4.2021 54.8264
v  -15.5857 4.1954 54.8013
v  -16.1713 4.3474 54.5796
v  -16.1713 4.5084 54.9802
v  -16.2417 4.5306 55.0822
v  -16.2417 4.3024 54.5831
v  -16.1392 4.4118 54.5779
v  -16.1392 4.5343 54.9300
v  -16.1715 4.4851 54.5796
v  -16.1715 4.5702 54.8883
v  -16.2417 4.5380 54.5831
v  -16.2417 4.6343 54.8973
v  -15.8269 3.9837 54.1271
v  -15.8269 4.3025 54.1271
v  -15.9470 4.0566 54.3472
v  -15.9567 3.9834 54.3755
v  -15.9787 3.9461 54.4425
v  -16.2417 3.9451 54.5831
v  -8.7114 7.2992 54.1271
v  -8.9599 7.0264 54.3139
v  -15.4425 2.6339 54.3606
v  -15.3949 2.7635 54.1271
v  -15.4777 2.4851 54.4734
v  -15.5157 2.2711 54.3606
v  -15.5407 2.1915 54.1271
v  -14.8751 2.7363 54.2869
v  -15.1050 2.7967 54.1271
v  -14.9354 2.6504 54.3319
v  -14.8769 2.5704 54.2869
v  -15.1079 2.4006 54.1271
v  -13.0952 4.0265 54.1271
v  -12.9093 3.9698 54.2348
v  -12.8548 4.0709 54.2342
v  -12.8764 4.1371 54.1271
v  -12.8948 3.6630 54.1271
v  -12.7615 3.7579 54.1271
v  -12.7846 3.8086 54.2342
v  -12.8474 3.7953 54.2348
v  -11.0828 4.9844 54.1271
v  -11.0831 5.0538 54.2242
v  -10.7188 5.4382 54.3509
v  -10.7394 5.3507 54.1271
v  -11.0829 5.0190 54.2410
v  -10.6951 5.5485 54.4696
v  -11.0824 4.9167 54.2242
v  -10.6468 5.3579 54.3936
v  -10.5273 5.2472 54.1271
v  -10.0915 6.0127 54.4806
v  -10.1159 5.9169 54.1271
v  -10.0599 6.1247 54.6446
v  -9.9771 5.9611 54.5481
v  -9.8842 5.8323 54.1271
v  -9.2659 6.7903 54.5549
v  -13.8981 3.4509 54.2430
v  -13.9110 3.5752 54.1271
v  -14.1267 3.4572 54.1271
v  -13.9592 3.3903 54.2454
v  -14.0395 2.9794 54.1271
v  -13.8027 3.1328 54.1271
v  -13.8325 3.1685 54.2430
v  -13.9194 3.1639 54.2454
v  -11.8858 4.6101 54.2282
v  -11.8950 4.6765 54.1271
v  -12.1357 4.5678 54.1271
v  -11.9383 4.5501 54.2317
v  -11.9817 4.2222 54.1271
v  -11.8213 4.3414 54.1271
v  -11.8443 4.3944 54.2282
v  -11.9041 4.3918 54.2317
v  -12.6576 4.2477 54.1271
v  -12.7810 4.0550 54.2335
v  -12.7288 3.9966 54.2533
v  -11.9435 4.4486 54.2615
v  -12.7434 3.8642 54.2335
v  -12.5050 3.9345 54.1271
v  -13.6954 3.6932 54.1271
v  -13.8229 3.4569 54.2407
v  -13.7515 3.3700 54.2681
v  -12.9037 3.8482 54.2587
v  -13.7639 3.2695 54.2407
v  -13.5659 3.2861 54.1271
v  -11.7414 4.7591 54.1271
v  -11.8239 4.6140 54.2267
v  -11.7956 4.5276 54.2531
v  -11.7953 4.4376 54.2267
v  -11.6600 4.4641 54.1271
v  -14.7741 2.7703 54.2798
v  -14.6711 2.7451 54.2729
v  -14.3963 2.9471 54.1271
v  -14.7426 2.8696 54.1271
v  -14.3919 2.6093 54.1271
v  -14.6469 2.6066 54.2729
v  -14.7297 2.5537 54.2798
v  -14.7291 2.5178 54.1271
v  -13.9810 3.2494 54.2751
v  -14.6499 2.6652 54.2829
v  -9.4885 5.8193 55.5320
v  -9.3967 6.1796 55.7437
v  -9.6838 6.1726 55.7401
v  -11.2462 4.7277 54.7692
v  -11.2034 4.6703 54.7241
v  -10.7572 4.7319 54.7895
v  -10.8593 4.9192 55.0391
v  -11.1806 4.7139 54.7021
v  -10.7168 4.8088 54.6942
v  -11.1810 4.7435 54.7032
v  -10.8063 4.8333 54.7574
v  -11.2162 4.8258 54.7412
v  -10.9595 4.9995 54.8928
v  -11.2587 4.8841 54.7860
v  -11.0347 5.2466 55.0008
v  -11.2704 4.8765 54.7978
v  -11.0517 5.4148 55.0512
v  -11.2811 4.8108 54.8069
v  -11.0292 5.2240 55.0794
v  -10.2151 5.0329 55.0414
v  -10.3705 5.2717 55.3150
v  -10.1852 5.0669 54.9148
v  -10.2999 5.1275 54.9952
v  -10.4858 5.3406 55.1605
v  -10.6154 5.6981 55.3313
v  -10.6478 5.9038 55.4077
v  -10.5907 5.7124 55.4417
v  -9.6042 5.4841 55.2776
v  -10.0157 6.2286 55.7161
v  -10.4513 5.2593 55.5320
v  -10.3595 5.6196 55.7437
v  -10.6466 5.6125 55.7401
v  -12.2090 4.1677 54.7692
v  -12.1662 4.1102 54.7241
v  -11.7200 4.1719 54.7895
v  -11.8221 4.3591 55.0391
v  -12.1434 4.1539 54.7021
v  -11.6796 4.2487 54.6942
v  -12.1438 4.1835 54.7032
v  -11.7691 4.2733 54.7574
v  -12.1790 4.2658 54.7412
v  -11.9223 4.4395 54.8928
v  -12.2215 4.3241 54.7860
v  -11.9975 4.6865 55.0008
v  -12.2332 4.3164 54.7978
v  -12.0145 4.8547 55.0512
v  -12.2439 4.2508 54.8069
v  -11.9920 4.6639 55.0794
v  -11.1779 4.4729 55.0414
v  -11.3333 4.7116 55.3150
v  -11.1480 4.5069 54.9148
v  -11.2627 4.5674 54.9952
v  -11.4486 4.7805 55.1605
v  -11.5782 5.1381 55.3313
v  -11.6106 5.3437 55.4077
v  -11.5535 5.1523 55.4417
v  -10.5670 4.9240 55.2776
v  -10.9785 5.6685 55.7161
v  -11.5045 4.6301 55.5320
v  -11.4127 4.9905 55.7437
v  -11.6998 4.9834 55.7401
v  -13.2622 3.5385 54.7692
v  -13.2194 3.4811 54.7241
v  -12.7732 3.5427 54.7895
v  -12.8753 3.7300 55.0391
v  -13.1966 3.5248 54.7021
v  -12.7328 3.6196 54.6942
v  -13.1970 3.5543 54.7032
v  -12.8223 3.6441 54.7574
v  -13.2322 3.6367 54.7412
v  -12.9755 3.8103 54.8928
v  -13.2747 3.6949 54.7860
v  -13.0508 4.0574 55.0008
v  -13.2864 3.6873 54.7978
v  -13.0678 4.2256 55.0512
v  -13.2971 3.6217 54.8069
v  -13.0452 4.0348 55.0794
v  -12.2311 3.8437 55.0414
v  -12.3865 4.0825 55.3150
v  -12.2012 3.8778 54.9148
v  -12.3159 3.9383 54.9952
v  -12.5018 4.1514 55.1605
v  -12.6314 4.5090 55.3313
v  -12.6638 4.7146 55.4077
v  -12.6067 4.5232 55.4417
v  -11.6202 4.2949 55.2776
v  -12.0317 5.0394 55.7161
v  -12.7719 3.8646 55.5320
v  -12.6801 4.2249 55.7437
v  -12.9672 4.2179 55.7401
v  -14.5296 2.7730 54.7692
v  -14.4868 2.7155 54.7241
v  -14.0406 2.7772 54.7895
v  -14.1427 2.9645 55.0391
v  -14.4639 2.7592 54.7021
v  -14.0001 2.8540 54.6942
v  -14.4643 2.7888 54.7032
v  -14.0897 2.8786 54.7574
v  -14.4995 2.8711 54.7412
v  -14.2429 3.0448 54.8928
v  -14.5420 2.9294 54.7860
v  -14.3181 3.2918 55.0008
v  -14.5538 2.9218 54.7978
v  -14.3351 3.4600 55.0512
v  -14.5645 2.8561 54.8069
v  -14.3126 3.2692 55.0794
v  -13.4985 3.0782 55.0414
v  -13.6539 3.3169 55.3150
v  -13.4686 3.1122 54.9148
v  -13.5833 3.1728 54.9952
v  -13.7691 3.3859 55.1605
v  -13.8987 3.7434 55.3313
v  -13.9312 3.9491 55.4077
v  -13.8741 3.7577 55.4417
v  -12.8876 3.5294 55.2776
v  -13.2991 4.2738 55.7161
v  -11.3675 9.4372 54.1271
v  -11.5072 9.1499 54.3139
v  -15.8269 3.9454 54.1271
v  -15.5496 3.7840 54.3606
v  -15.5881 3.9414 54.1271
v  -15.5425 3.6292 54.4734
v  -15.5368 3.4509 54.3606
v  -15.5089 3.3722 54.1271
v  -15.0962 3.9815 54.2869
v  -15.2812 3.9812 54.1271
v  -15.1113 3.8853 54.3319
v  -15.0430 3.8244 54.2869
v  -15.1535 3.6063 54.1271
v  -14.0507 5.4147 54.1271
v  -13.9090 5.4527 54.2348
v  -13.8843 5.5436 54.2342
v  -13.9092 5.5797 54.1271
v  -13.8547 5.2504 54.1271
v  -13.7724 5.3696 54.1271
v  -13.7962 5.3945 54.2342
v  -13.8395 5.3597 54.2348
v  -12.7410 6.8917 54.1271
v  -12.7512 6.9387 54.2242
v  -12.5443 7.3493 54.3509
v  -12.5466 7.2814 54.1271
v  -12.7461 6.9152 54.2410
v  -12.5431 7.4339 54.4696
v  -12.7311 6.8459 54.2242
v  -12.4811 7.3244 54.3936
v  -12.3793 7.2984 54.1271
v  -12.1756 7.9969 54.4806
v  -12.1794 7.9219 54.1271
v  -12.1689 8.0859 54.6446
v  -12.0859 8.0090 54.5481
v  -12.0007 7.9597 54.1271
v  -11.6933 8.8639 54.5549
v  -14.5456 4.6942 54.2430
v  -14.5727 4.7732 54.1271
v  -14.7108 4.6045 54.1271
v  -14.5808 4.6279 54.2454
v  -14.5797 4.3161 54.1271
v  -14.4314 4.5175 54.1271
v  -14.4580 4.5295 54.2430
v  -14.5198 4.4906 54.2454
v  -13.2648 6.3077 54.2282
v  -13.2809 6.3490 54.1271
v  -13.4384 6.1764 54.1271
v  -13.2939 6.2455 54.2317
v  -13.2782 6.0051 54.1271
v  -13.1800 6.1519 54.1271
v  -13.2041 6.1784 54.2282
v  -13.2467 6.1521 54.2317
v  -13.7678 5.7447 54.1271
v  -13.8289 5.5632 54.2335
v  -13.7830 5.5450 54.2533
v  -13.2832 6.1744 54.2615
v  -13.7746 5.4491 54.2335
v  -13.6132 5.5948 54.1271
v  -14.4345 4.9419 54.1271
v  -14.4923 4.7291 54.2407
v  -14.4286 4.6995 54.2681
v  -13.8876 5.3724 54.2587
v  -14.4231 4.6262 54.2407
v  -14.2831 4.7189 54.1271
v  -13.1823 6.4682 54.1271
v  -13.2208 6.3358 54.2267
v  -13.1881 6.2888 54.2531
v  -13.1750 6.2279 54.2267
v  -13.0815 6.3014 54.1271
v  -15.0347 4.0389 54.2798
v  -14.9524 4.0408 54.2729
v  -14.8211 4.3002 54.1271
v  -15.0446 4.1405 54.1271
v  -14.7071 3.9822 54.1271
v  -14.8895 3.9159 54.2729
v  -14.9318 3.8453 54.2798
v  -14.9195 3.8116 54.1271
v  -14.5763 4.5234 54.2751
v  -14.9109 3.9705 54.2829
v  -11.7144 8.1134 55.5320
v  -11.7000 8.3957 55.7437
v  -11.9053 8.2730 55.7401
v  -12.8218 6.6504 54.7692
v  -12.7828 6.6290 54.7241
v  -12.4709 6.8541 54.7895
v  -12.5711 6.9393 55.0391
v  -12.7726 6.6680 54.7021
v  -12.4528 6.9229 54.6942
v  -12.7772 6.6879 54.7032
v  -12.5207 6.9028 54.7574
v  -12.8143 6.7293 54.7412
v  -12.6546 6.9526 54.8928
v  -12.8532 6.7514 54.7860
v  -12.7440 7.0894 55.0008
v  -12.8605 6.7414 54.7978
v  -12.7803 7.1966 55.0512
v  -12.8588 6.6925 54.8069
v  -12.7368 7.0763 55.0794
v  -12.1242 7.2812 55.0414
v  -12.2701 7.3794 55.3150
v  -12.1076 7.3165 54.9148
v  -12.1987 7.3105 54.9952
v  -12.3628 7.3788 55.1605
v  -12.5072 7.5682 55.3313
v  -12.5599 7.6945 55.4077
v  -12.4915 7.5880 55.4417
v  -11.7496 7.8384 55.2776
v  -12.1520 8.1746 55.7161
v  -12.3264 7.3377 55.5320
v  -12.3120 7.6200 55.7437
v  -12.5174 7.4973 55.7401
v  -13.4338 5.8747 54.7692
v  -13.3948 5.8533 54.7241
v  -13.0829 6.0784 54.7895
v  -13.1831 6.1636 55.0391
v  -13.3847 5.8923 54.7021
v  -13.0648 6.1472 54.6942
v  -13.3892 5.9122 54.7032
v  -13.1327 6.1271 54.7574
v  -13.4263 5.9536 54.7412
v  -13.2666 6.1770 54.8928
v  -13.4652 5.9757 54.7860
v  -13.3561 6.3137 55.0008
v  -13.4725 5.9657 54.7978
v  -13.3924 6.4209 55.0512
v  -13.4708 5.9168 54.8069
v  -13.3488 6.3006 55.0794
v  -12.7362 6.5055 55.0414
v  -12.8821 6.6037 55.3150
v  -12.7196 6.5408 54.9148
v  -12.8107 6.5348 54.9952
v  -12.9749 6.6031 55.1605
v  -13.1192 6.7925 55.3313
v  -13.1719 6.9188 55.4077
v  -13.1035 6.8123 55.4417
v  -12.3616 7.0627 55.2776
v  -12.7640 7.3989 55.7161
v  -12.9936 6.4780 55.5320
v  -12.9791 6.7603 55.7437
v  -13.1845 6.6375 55.7401
v  -14.1010 5.0149 54.7692
v  -14.0620 4.9935 54.7241
v  -13.7500 5.2187 54.7895
v  -13.8502 5.3039 55.0391
v  -14.0518 5.0326 54.7021
v  -13.7319 5.2875 54.6942
v  -14.0563 5.0525 54.7032
v  -13.7998 5.2673 54.7574
v  -14.0934 5.0939 54.7412
v  -13.9337 5.3172 54.8928
v  -14.1323 5.1159 54.7860
v  -14.0232 5.4540 55.0008
v  -14.1397 5.1060 54.7978
v  -14.0595 5.5611 55.0512
v  -14.1379 5.0570 54.8069
v  -14.0160 5.4409 55.0794
v  -13.4034 5.6457 55.0414
v  -13.5493 5.7439 55.3150
v  -13.3867 5.6811 54.9148
v  -13.4779 5.6751 54.9952
v  -13.6420 5.7433 55.1605
v  -13.7863 5.9328 55.3313
v  -13.8391 6.0590 55.4077
v  -13.7707 5.9526 55.4417
v  -13.0288 6.2029 55.2776
v  -13.4312 6.5391 55.7161
v  -13.7951 5.4377 55.5320
v  -13.7807 5.7200 55.7437
v  -13.9861 5.5972 55.7401
v  -14.9025 3.9746 54.7692
v  -14.8635 3.9532 54.7241
v  -14.5516 4.1784 54.7895
v  -14.6518 4.2636 55.0391
v  -14.8534 3.9922 54.7021
v  -14.5335 4.2472 54.6942
v  -14.8579 4.0122 54.7032
v  -14.6014 4.2270 54.7574
v  -14.8950 4.0536 54.7412
v  -14.7353 4.2769 54.8928
v  -14.9339 4.0756 54.7860
v  -14.8248 4.4137 55.0008
v  -14.9412 4.0657 54.7978
v  -14.8611 4.5208 55.0512
v  -14.9395 4.0167 54.8069
v  -14.8175 4.4006 55.0794
v  -14.2049 4.6054 55.0414
v  -14.3508 4.7036 55.3150
v  -14.1883 4.6408 54.9148
v  -14.2794 4.6348 54.9952
v  -14.4436 4.7030 55.1605
v  -14.5879 4.8925 55.3313
v  -14.6406 5.0187 55.4077
v  -14.5722 4.9123 55.4417
v  -13.8303 5.1626 55.2776
v  -14.2327 5.4988 55.7161
v  -16.0489 3.9834 54.4807
v  -16.2417 3.9832 54.5831
v  -16.0725 4.0566 54.4930
v  -16.0489 4.1203 54.4807
v  -15.9721 4.4095 54.4417
v  -15.9726 4.4842 54.4421
v  -15.8803 4.4114 54.2488
v  -15.8647 4.4846 54.2135
v  -15.9567 4.1207 54.3758
v  -15.8646 4.3468 54.2131
v  -15.8269 4.5380 54.1271
v  -15.9729 4.5381 54.4424
v  -15.9783 4.1548 54.4420
v  -15.7295 4.0711 54.5516
v  -15.7219 4.0266 54.5964
v  -15.7610 4.1119 54.5571
v  -15.8013 4.1339 54.6023
v  -15.8485 4.1112 54.6548
v  -15.8490 4.0711 54.6863
v  -15.8096 4.0262 54.6942
v  -15.7427 4.0042 54.6625
v  -16.1713 4.5853 55.0980
v  -16.1392 4.6125 55.0397
v  -16.1715 4.6448 54.9738
v  -15.6011 4.5746 54.1271
v  -15.4961 4.4161 54.2140
v  -15.4710 4.3782 54.1271
v  -15.5139 4.6619 54.1271
v  -15.3399 4.5827 54.2131
v  -15.2996 4.5642 54.1271
v  -15.5625 4.7671 54.1271
v  -15.5614 5.1961 54.7359
v  -15.5922 5.2118 54.6747
v  -15.6582 5.2294 54.6571
v  -15.7314 5.2392 54.6813
v  -15.7607 5.2284 54.7476
v  -15.7328 5.2118 54.7983
v  -15.6643 5.1953 54.8264
v  -15.5857 5.1886 54.8013
v  -16.1713 5.3406 54.5796
v  -16.1713 5.5016 54.9802
v  -16.2417 5.5238 55.0822
v  -16.2417 5.2956 54.5831
v  -16.1392 5.4050 54.5779
v  -16.1392 5.5275 54.9300
v  -16.1715 5.4783 54.5796
v  -16.1715 5.5633 54.8883
v  -16.2417 5.5312 54.5831
v  -16.2417 5.6275 54.8973
v  -15.8269 4.9769 54.1271
v  -15.8269 5.2956 54.1271
v  -15.9470 5.0498 54.3472
v  -15.9567 4.9766 54.3755
v  -16.2417 4.9382 54.5831
v  -15.9787 4.9393 54.4425
v  -16.0489 4.9766 54.4807
v  -16.2417 4.9764 54.5831
v  -16.0725 5.0498 54.4930
v  -16.0489 5.1134 54.4807
v  -15.9721 5.4027 54.4417
v  -15.9726 5.4774 54.4421
v  -15.8803 5.4046 54.2488
v  -15.8647 5.4778 54.2135
v  -15.9567 5.1139 54.3758
v  -15.8646 5.3400 54.2131
v  -15.8269 5.5312 54.1271
v  -15.9729 5.5313 54.4424
v  -15.9783 5.1480 54.4420
v  -15.7295 5.0643 54.5516
v  -15.7219 5.0198 54.5964
v  -15.7610 5.1051 54.5571
v  -15.8013 5.1271 54.6023
v  -15.8485 5.1044 54.6548
v  -15.8490 5.0643 54.6863
v  -15.8096 5.0194 54.6942
v  -15.7427 4.9974 54.6625
v  -15.8269 4.9386 54.1271
v  -16.1713 5.5785 55.0980
v  -16.1392 5.6057 55.0397
v  -16.1715 5.6379 54.9738
v  -15.6011 5.5678 54.1271
v  -15.4961 5.4093 54.2140
v  -15.4710 5.3714 54.1271
v  -15.5139 5.6551 54.1271
v  -15.3399 5.5759 54.2131
v  -15.2996 5.5574 54.1271
v  -15.5625 5.7603 54.1271
v  -15.5614 6.1899 54.7359
v  -15.5922 6.2056 54.6747
v  -15.6582 6.2232 54.6571
v  -15.7314 6.2330 54.6813
v  -15.7607 6.2222 54.7476
v  -15.7328 6.2056 54.7983
v  -15.6643 6.1891 54.8264
v  -15.5857 6.1824 54.8013
v  -16.1713 6.3344 54.5796
v  -16.1713 6.4954 54.9802
v  -16.2417 6.5176 55.0822
v  -16.2417 6.2894 54.5831
v  -16.1392 6.3988 54.5779
v  -16.1392 6.5213 54.9300
v  -16.1715 6.4721 54.5796
v  -16.1715 6.5571 54.8883
v  -16.2417 6.5250 54.5831
v  -16.2417 6.6213 54.8973
v  -15.8269 5.9707 54.1271
v  -15.8269 6.2894 54.1271
v  -15.9470 6.0436 54.3472
v  -15.9567 5.9704 54.3755
v  -15.9729 6.5251 54.4424
v  -16.0420 6.6861 54.3605
v  -16.2417 6.6860 54.4399
v  -15.8269 6.5249 54.1271
v  -15.9243 6.6860 54.1271
v  -16.2417 5.9320 54.5831
v  -15.9787 5.9331 54.4425
v  -16.0489 5.9704 54.4807
v  -16.2417 5.9702 54.5831
v  -16.0725 6.0436 54.4930
v  -16.0489 6.1072 54.4807
v  -15.9721 6.3965 54.4417
v  -15.9726 6.4712 54.4421
v  -15.8803 6.3984 54.2488
v  -15.8647 6.4716 54.2135
v  -15.9567 6.1077 54.3758
v  -15.8646 6.3338 54.2131
v  -15.9783 6.1418 54.4420
v  -15.7295 6.0581 54.5516
v  -15.7219 6.0136 54.5964
v  -15.7610 6.0989 54.5571
v  -15.8013 6.1209 54.6023
v  -15.8485 6.0982 54.6548
v  -15.8490 6.0581 54.6863
v  -15.8096 6.0132 54.6942
v  -15.7427 5.9912 54.6625
v  -15.8269 5.9324 54.1271
v  -16.1713 6.5722 55.0980
v  -16.1392 6.5995 55.0397
v  -16.1715 6.6317 54.9738
v  -15.6011 6.5616 54.1271
v  -15.4961 6.4031 54.2140
v  -15.4710 6.3652 54.1271
v  -15.5139 6.6489 54.1271
v  -15.3399 6.5697 54.2131
v  -15.2996 6.5512 54.1271
v  -15.5625 6.7541 54.1271
v  -16.2417 6.7896 54.2968
v  -16.1739 6.7874 54.2671
v  -16.1345 6.7467 54.3096
v  -16.0834 6.7468 54.2934
v  -16.0466 6.7467 54.2426
v  -16.0839 6.8485 54.2659
v  -16.0237 6.8436 54.2642
v  -16.0983 6.8446 54.3247
v  -16.0606 6.8171 54.3667
v  -16.0101 6.8144 54.3492
v  -15.9801 6.8159 54.3028
v  -16.5104 0.0000 54.4424
v  -16.6564 0.0000 54.1271
v  -16.5104 2.0714 54.4424
v  -16.6564 2.0713 54.1271
v  -16.5104 2.3876 54.4424
v  -16.5104 2.7815 54.4424
v  -16.5104 3.2349 54.4424
v  -16.6564 2.7819 54.1271
v  -16.6564 3.2349 54.1271
v  -23.1657 6.5842 54.1271
v  -23.5763 7.0065 54.1271
v  -23.4712 6.8948 54.2808
v  -23.4000 6.5446 54.1271
v  -23.5671 6.9076 54.2672
v  -23.7109 7.1274 54.1271
v  -23.2894 6.6266 54.4629
v  -23.1896 6.6751 54.4091
v  -22.7181 5.6998 55.6617
v  -23.0163 6.0691 55.7392
v  -22.9680 5.7729 55.6091
v  -22.5921 5.7389 55.5140
v  -22.9046 5.7950 55.5609
v  -22.9143 5.9963 55.6811
v  -22.7575 6.0613 55.7175
v  -22.8211 6.0534 55.7661
v  -22.5164 6.0413 55.7457
v  -22.8505 5.4368 55.3897
v  -22.7740 5.5276 55.3522
v  -22.4933 6.0353 55.6512
v  -21.7553 5.1397 55.6617
v  -22.0535 5.5090 55.7392
v  -22.0052 5.2128 55.6091
v  -21.6293 5.1789 55.5140
v  -21.9418 5.2350 55.5609
v  -21.9515 5.4363 55.6811
v  -21.7947 5.5013 55.7175
v  -21.8583 5.4934 55.7661
v  -21.5536 5.4812 55.7457
v  -21.8877 4.8768 55.3897
v  -21.8112 4.9676 55.3522
v  -21.5305 5.4752 55.6512
v  -20.7021 4.5106 55.6617
v  -21.0002 4.8799 55.7392
v  -20.9520 4.5837 55.6091
v  -20.5761 4.5498 55.5140
v  -20.8886 4.6059 55.5609
v  -20.8982 4.8072 55.6811
v  -20.7414 4.8721 55.7175
v  -20.8051 4.8642 55.7661
v  -20.5004 4.8521 55.7457
v  -20.8345 4.2476 55.3897
v  -20.7579 4.3384 55.3522
v  -20.4773 4.8461 55.6512
v  -19.4348 3.7450 55.6617
v  -19.7329 4.1144 55.7392
v  -19.6846 3.8182 55.6091
v  -19.3087 3.7842 55.5140
v  -19.6213 3.8403 55.5609
v  -19.6309 4.0416 55.6811
v  -19.4741 4.1066 55.7175
v  -19.5377 4.0987 55.7661
v  -19.2330 4.0866 55.7457
v  -19.5671 3.4821 55.3897
v  -19.4906 3.5729 55.3522
v  -19.2100 4.0805 55.6512
v  -16.5104 3.5511 54.4424
v  -20.7823 8.7027 54.1271
v  -21.0170 9.1581 54.1271
v  -20.9575 9.0391 54.2808
v  -20.9564 8.7722 54.1271
v  -21.0246 9.0872 54.2672
v  -21.0965 9.2955 54.1271
v  -20.8652 8.7824 54.4629
v  -20.7865 8.7743 54.4091
v  -20.5871 7.9186 55.6617
v  -20.7486 8.2918 55.7392
v  -20.7563 8.0709 55.6091
v  -20.4909 7.8934 55.5140
v  -20.7076 8.0599 55.5609
v  -20.6857 8.2005 55.6811
v  -20.5636 8.1802 55.7175
v  -20.6105 8.2010 55.7661
v  -20.3932 8.0675 55.7457
v  -20.7199 7.7946 55.3897
v  -20.6519 7.8247 55.3522
v  -20.3775 8.0540 55.6512
v  -19.9751 7.1429 55.6617
v  -20.1366 7.5161 55.7392
v  -20.1443 7.2952 55.6091
v  -19.8789 7.1177 55.5140
v  -20.0956 7.2842 55.5609
v  -20.0737 7.4248 55.6811
v  -19.9516 7.4045 55.7175
v  -19.9985 7.4253 55.7661
v  -19.7812 7.2918 55.7457
v  -20.1079 7.0189 55.3897
v  -20.0399 7.0490 55.3522
v  -19.7655 7.2783 55.6512
v  -19.3080 6.2832 55.6617
v  -19.4694 6.6563 55.7392
v  -19.4771 6.4355 55.6091
v  -19.2118 6.2580 55.5140
v  -19.4284 6.4245 55.5609
v  -19.4065 6.5651 55.6811
v  -19.2845 6.5447 55.7175
v  -19.3314 6.5655 55.7661
v  -19.1140 6.4321 55.7457
v  -19.4408 6.1591 55.3897
v  -19.3727 6.1893 55.3522
v  -19.0983 6.4185 55.6512
v  -18.5064 5.2429 55.6617
v  -18.6679 5.6160 55.7392
v  -18.6756 5.3952 55.6091
v  -18.4102 5.2177 55.5140
v  -18.6268 5.3842 55.5609
v  -18.6050 5.5248 55.6811
v  -18.4829 5.5044 55.7175
v  -18.5298 5.5252 55.7661
v  -18.3125 5.3918 55.7457
v  -18.6392 5.1188 55.3897
v  -18.5712 5.1490 55.3522
v  -18.2968 5.3782 55.6512
v  -17.0833 5.2280 55.0529
v  -17.2439 4.8752 55.1412
v  -17.0219 4.8708 55.2104
v  -17.2227 4.8981 54.7826
v  -17.3114 4.8855 54.9569
v  -16.7464 4.8979 54.9841
v  -16.8273 4.9170 54.7966
v  -17.0346 4.9129 54.7304
v  -17.1558 5.2514 54.1271
v  -17.5061 5.5727 54.1271
v  -17.2433 5.2159 54.2913
v  -16.5021 5.2334 55.3445
v  -16.4223 5.1561 55.5071
v  -16.4217 5.3214 55.1620
v  -17.5872 5.0584 54.1271
v  -17.5171 5.0904 54.2905
v  -17.1364 4.3311 54.8175
v  -17.0477 4.3437 54.6433
v  -16.8596 4.3585 54.5911
v  -16.6523 4.3626 54.6572
v  -16.5715 4.3435 54.8447
v  -16.8273 4.8803 55.1291
v  -16.6524 4.3260 54.9897
v  -16.8470 4.3164 55.0711
v  -17.0689 4.3208 55.0019
v  -17.3889 5.1493 54.3634
v  -16.4223 4.6397 55.2597
v  -16.5021 4.7170 55.0971
v  -16.4217 4.8050 54.9146
v  -17.0847 4.6095 54.2488
v  -16.9513 4.4704 54.2488
v  -16.9111 4.5310 54.2127
v  -17.0181 4.6398 54.2136
v  -17.0074 4.7283 54.2913
v  -17.1530 4.6617 54.3634
v  -17.2812 4.6028 54.2905
v  -17.3513 4.5709 54.1271
v  -17.0833 6.2212 55.0529
v  -17.2439 5.8683 55.1412
v  -17.0219 5.8640 55.2104
v  -17.2227 5.8913 54.7826
v  -17.3114 5.8787 54.9569
v  -16.7464 5.8911 54.9841
v  -16.8273 5.9102 54.7966
v  -17.0346 5.9061 54.7304
v  -17.1558 6.2446 54.1271
v  -17.5061 6.5659 54.1271
v  -17.2433 6.2090 54.2913
v  -16.5021 6.2265 55.3445
v  -16.4223 6.1493 55.5071
v  -16.4217 6.3146 55.1620
v  -17.5872 6.0516 54.1271
v  -17.5171 6.0836 54.2905
v  -17.1364 5.3243 54.8175
v  -17.0477 5.3369 54.6433
v  -16.8596 5.3517 54.5911
v  -16.6523 5.3558 54.6572
v  -16.5715 5.3367 54.8447
v  -16.8273 5.8735 55.1291
v  -16.6524 5.3192 54.9897
v  -16.8470 5.3096 55.0711
v  -17.0689 5.3140 55.0019
v  -17.3889 6.1425 54.3634
v  -16.4223 5.6329 55.2597
v  -16.5021 5.7102 55.0971
v  -16.4217 5.7982 54.9146
v  -17.0847 5.6027 54.2488
v  -16.9513 5.4635 54.2488
v  -16.9111 5.5242 54.2127
v  -17.0181 5.6330 54.2136
v  -17.0074 5.7215 54.2913
v  -17.1530 5.6549 54.3634
v  -17.2812 5.5960 54.2905
v  -17.3513 5.5641 54.1271
v  -16.3629 7.5525 54.2078
v  -16.5185 7.9102 54.3814
v  -16.3192 7.5230 54.4292
v  -16.5918 7.5154 54.1947
v  -17.0833 7.2150 55.0529
v  -17.2439 6.8621 55.1412
v  -17.0219 6.8578 55.2104
v  -17.2227 6.8851 54.7826
v  -17.3114 6.8725 54.9569
v  -16.7464 6.8849 54.9841
v  -16.8273 6.9040 54.7966
v  -17.0346 6.8999 54.7304
v  -17.1558 7.2383 54.1271
v  -17.5061 7.5596 54.1271
v  -17.2433 7.2028 54.2913
v  -16.5021 7.2203 55.3445
v  -16.4223 7.1431 55.5071
v  -16.4217 7.3084 55.1620
v  -17.5872 7.0454 54.1271
v  -17.5171 7.0774 54.2905
v  -17.1364 6.3181 54.8175
v  -17.0477 6.3307 54.6433
v  -16.8596 6.3455 54.5911
v  -16.6523 6.3496 54.6572
v  -16.5715 6.3305 54.8447
v  -16.8273 6.8673 55.1291
v  -16.6524 6.3129 54.9897
v  -16.8470 6.3034 55.0711
v  -17.0689 6.3077 55.0019
v  -17.3889 7.1363 54.3634
v  -16.4223 6.6267 55.2597
v  -16.5021 6.7039 55.0971
v  -16.4217 6.7920 54.9146
v  -17.0847 6.5965 54.2488
v  -16.9513 6.4573 54.2488
v  -16.9111 6.5180 54.2127
v  -17.0181 6.6268 54.2136
v  -17.0074 6.7153 54.2913
v  -17.1530 6.6487 54.3634
v  -17.2812 6.5898 54.2905
v  -17.3513 6.5579 54.1271
v  -16.7365 7.4591 54.3555
v  -16.4616 6.7896 54.1271
v  -16.3873 6.7874 54.2074
v  -16.3266 6.7874 54.2074
v  -16.4568 7.4681 54.5880
v  -16.6479 7.4471 54.5159
v  -16.4770 6.9869 54.2741
v  -16.5494 7.0374 54.1606
v  -16.3205 7.0746 54.1736
v  -16.4172 6.9967 54.2775
v  -16.2768 7.0450 54.3951
v  -16.4058 6.9889 54.3354
v  -16.4144 6.9901 54.5538
v  -16.4417 6.9746 54.3768
v  -16.6054 6.9691 54.4817
v  -16.4916 6.9691 54.3580
v  -16.6941 6.9811 54.3213
v  -16.5148 6.9722 54.3161
v  -16.9220 4.2029 54.7359
v  -16.8911 4.2186 54.6747
v  -16.8251 4.2362 54.6571
v  -16.7519 4.2460 54.6813
v  -16.7226 4.2353 54.7476
v  -16.7505 4.2187 54.7983
v  -16.8190 4.2021 54.8264
v  -16.8977 4.1954 54.8013
v  -16.3120 4.3474 54.5796
v  -16.3120 4.5084 54.9802
v  -16.3441 4.4118 54.5779
v  -16.3441 4.5343 54.9300
v  -16.3118 4.4851 54.5796
v  -16.3118 4.5702 54.8883
v  -16.6564 3.9837 54.1271
v  -16.5266 3.9834 54.3755
v  -16.5363 4.0566 54.3472
v  -16.6564 4.3025 54.1271
v  -16.5046 3.9461 54.4425
v  -23.5234 7.0264 54.3139
v  -23.7719 7.2992 54.1271
v  -17.0884 2.7635 54.1271
v  -17.0408 2.6339 54.3606
v  -17.0056 2.4851 54.4734
v  -16.9676 2.2711 54.3606
v  -16.9426 2.1915 54.1271
v  -17.3783 2.7967 54.1271
v  -17.6082 2.7363 54.2869
v  -17.5479 2.6504 54.3319
v  -17.6064 2.5704 54.2869
v  -17.3754 2.4006 54.1271
v  -19.3882 4.0265 54.1271
v  -19.6069 4.1371 54.1271
v  -19.6285 4.0709 54.2342
v  -19.5740 3.9698 54.2348
v  -19.5885 3.6630 54.1271
v  -19.6359 3.7953 54.2348
v  -19.6987 3.8086 54.2342
v  -19.7218 3.7579 54.1271
v  -21.4005 4.9844 54.1271
v  -21.7439 5.3507 54.1271
v  -21.7645 5.4382 54.3509
v  -21.4002 5.0538 54.2242
v  -21.7882 5.5485 54.4696
v  -21.4004 5.0190 54.2410
v  -21.8365 5.3579 54.3936
v  -21.4009 4.9167 54.2242
v  -21.9560 5.2472 54.1271
v  -22.3674 5.9169 54.1271
v  -22.3918 6.0127 54.4806
v  -22.4234 6.1247 54.6446
v  -22.5063 5.9611 54.5481
v  -22.5991 5.8323 54.1271
v  -23.2174 6.7903 54.5549
v  -18.5852 3.4509 54.2430
v  -18.5241 3.3903 54.2454
v  -18.3566 3.4572 54.1271
v  -18.5723 3.5752 54.1271
v  -18.4438 2.9794 54.1271
v  -18.5639 3.1639 54.2454
v  -18.6508 3.1685 54.2430
v  -18.6806 3.1328 54.1271
v  -20.5975 4.6101 54.2282
v  -20.5450 4.5501 54.2317
v  -20.3476 4.5678 54.1271
v  -20.5883 4.6765 54.1271
v  -20.5016 4.2222 54.1271
v  -20.5792 4.3918 54.2317
v  -20.6390 4.3944 54.2282
v  -20.6620 4.3414 54.1271
v  -19.7023 4.0550 54.2335
v  -19.8257 4.2477 54.1271
v  -19.7545 3.9966 54.2533
v  -20.5398 4.4486 54.2615
v  -19.7399 3.8642 54.2335
v  -19.9783 3.9345 54.1271
v  -18.6604 3.4569 54.2407
v  -18.7879 3.6932 54.1271
v  -18.7318 3.3700 54.2681
v  -19.5796 3.8482 54.2587
v  -18.7195 3.2695 54.2407
v  -18.9174 3.2861 54.1271
v  -20.6594 4.6140 54.2267
v  -20.7419 4.7591 54.1271
v  -20.6878 4.5276 54.2531
v  -20.6880 4.4376 54.2267
v  -20.8234 4.4641 54.1271
v  -17.7092 2.7703 54.2798
v  -17.7407 2.8696 54.1271
v  -18.0870 2.9471 54.1271
v  -17.8122 2.7451 54.2729
v  -18.0914 2.6093 54.1271
v  -17.7542 2.5178 54.1271
v  -17.7536 2.5537 54.2798
v  -17.8364 2.6066 54.2729
v  -18.5023 3.2494 54.2751
v  -17.8334 2.6652 54.2829
v  -23.0866 6.1796 55.7437
v  -22.9948 5.8193 55.5320
v  -22.7995 6.1726 55.7401
v  -21.2371 4.7277 54.7692
v  -21.6240 4.9192 55.0391
v  -21.7261 4.7319 54.7895
v  -21.2799 4.6703 54.7241
v  -21.7665 4.8088 54.6942
v  -21.3028 4.7139 54.7021
v  -21.6770 4.8333 54.7574
v  -21.3023 4.7435 54.7032
v  -21.5238 4.9995 54.8928
v  -21.2671 4.8258 54.7412
v  -21.4486 5.2466 55.0008
v  -21.2246 4.8841 54.7860
v  -21.4316 5.4148 55.0512
v  -21.2129 4.8765 54.7978
v  -21.4541 5.2240 55.0794
v  -21.2022 4.8108 54.8069
v  -22.1128 5.2717 55.3150
v  -22.2682 5.0329 55.0414
v  -22.2981 5.0669 54.9148
v  -22.1834 5.1275 54.9952
v  -21.9975 5.3406 55.1605
v  -21.8680 5.6981 55.3313
v  -21.8355 5.9038 55.4077
v  -21.8926 5.7124 55.4417
v  -22.8791 5.4841 55.2776
v  -22.4676 6.2286 55.7161
v  -22.1238 5.6196 55.7437
v  -22.0320 5.2593 55.5320
v  -21.8367 5.6125 55.7401
v  -20.2743 4.1677 54.7692
v  -20.6612 4.3591 55.0391
v  -20.7633 4.1719 54.7895
v  -20.3171 4.1102 54.7241
v  -20.8037 4.2487 54.6942
v  -20.3400 4.1539 54.7021
v  -20.7142 4.2733 54.7574
v  -20.3395 4.1835 54.7032
v  -20.5610 4.4395 54.8928
v  -20.3043 4.2658 54.7412
v  -20.4858 4.6865 55.0008
v  -20.2618 4.3241 54.7860
v  -20.4688 4.8547 55.0512
v  -20.2501 4.3164 54.7978
v  -20.4913 4.6639 55.0794
v  -20.2394 4.2508 54.8069
v  -21.1500 4.7116 55.3150
v  -21.3054 4.4729 55.0414
v  -21.3353 4.5069 54.9148
v  -21.2206 4.5674 54.9952
v  -21.0347 4.7805 55.1605
v  -20.9052 5.1381 55.3313
v  -20.8727 5.3437 55.4077
v  -20.9298 5.1523 55.4417
v  -21.9163 4.9240 55.2776
v  -21.5048 5.6685 55.7161
v  -21.0706 4.9905 55.7437
v  -20.9788 4.6301 55.5320
v  -20.7835 4.9834 55.7401
v  -19.2211 3.5385 54.7692
v  -19.6080 3.7300 55.0391
v  -19.7101 3.5427 54.7895
v  -19.2639 3.4811 54.7241
v  -19.7505 3.6196 54.6942
v  -19.2867 3.5248 54.7021
v  -19.6610 3.6441 54.7574
v  -19.2863 3.5543 54.7032
v  -19.5078 3.8103 54.8928
v  -19.2511 3.6367 54.7412
v  -19.4326 4.0574 55.0008
v  -19.2086 3.6949 54.7860
v  -19.4156 4.2256 55.0512
v  -19.1969 3.6873 54.7978
v  -19.4381 4.0348 55.0794
v  -19.1862 3.6217 54.8069
v  -20.0968 4.0825 55.3150
v  -20.2522 3.8437 55.0414
v  -20.2821 3.8778 54.9148
v  -20.1674 3.9383 54.9952
v  -19.9815 4.1514 55.1605
v  -19.8519 4.5090 55.3313
v  -19.8195 4.7146 55.4077
v  -19.8766 4.5232 55.4417
v  -20.8631 4.2949 55.2776
v  -20.4516 5.0394 55.7161
v  -19.8032 4.2249 55.7437
v  -19.7114 3.8646 55.5320
v  -19.5162 4.2179 55.7401
v  -17.9537 2.7730 54.7692
v  -18.3406 2.9645 55.0391
v  -18.4427 2.7772 54.7895
v  -17.9965 2.7155 54.7241
v  -18.4832 2.8540 54.6942
v  -18.0194 2.7592 54.7021
v  -18.3936 2.8786 54.7574
v  -18.0190 2.7888 54.7032
v  -18.2404 3.0448 54.8928
v  -17.9838 2.8711 54.7412
v  -18.1652 3.2918 55.0008
v  -17.9413 2.9294 54.7860
v  -18.1482 3.4600 55.0512
v  -17.9295 2.9218 54.7978
v  -18.1707 3.2692 55.0794
v  -17.9188 2.8561 54.8069
v  -18.8294 3.3169 55.3150
v  -18.9848 3.0782 55.0414
v  -19.0147 3.1122 54.9148
v  -18.9000 3.1728 54.9952
v  -18.7142 3.3859 55.1605
v  -18.5846 3.7434 55.3313
v  -18.5522 3.9491 55.4077
v  -18.6092 3.7577 55.4417
v  -19.5957 3.5294 55.2776
v  -19.1842 4.2738 55.7161
v  -20.9761 9.1499 54.3139
v  -21.1158 9.4372 54.1271
v  -16.6564 3.9454 54.1271
v  -16.8952 3.9414 54.1271
v  -16.9337 3.7840 54.3606
v  -16.9409 3.6292 54.4734
v  -16.9465 3.4509 54.3606
v  -16.9744 3.3722 54.1271
v  -17.2021 3.9812 54.1271
v  -17.3871 3.9815 54.2869
v  -17.3720 3.8853 54.3319
v  -17.4403 3.8244 54.2869
v  -17.3298 3.6063 54.1271
v  -18.4326 5.4147 54.1271
v  -18.5741 5.5797 54.1271
v  -18.5990 5.5436 54.2342
v  -18.5743 5.4527 54.2348
v  -18.6287 5.2504 54.1271
v  -18.6438 5.3597 54.2348
v  -18.6871 5.3945 54.2342
v  -18.7109 5.3696 54.1271
v  -19.7423 6.8917 54.1271
v  -19.9367 7.2814 54.1271
v  -19.9390 7.3493 54.3509
v  -19.7321 6.9387 54.2242
v  -19.9402 7.4339 54.4696
v  -19.7372 6.9152 54.2410
v  -20.0023 7.3244 54.3936
v  -19.7522 6.8459 54.2242
v  -20.1040 7.2984 54.1271
v  -20.3039 7.9219 54.1271
v  -20.3077 7.9969 54.4806
v  -20.3144 8.0859 54.6446
v  -20.3974 8.0090 54.5481
v  -20.4826 7.9597 54.1271
v  -20.7900 8.8639 54.5549
v  -17.9377 4.6942 54.2430
v  -17.9025 4.6279 54.2454
v  -17.7725 4.6045 54.1271
v  -17.9106 4.7732 54.1271
v  -17.9036 4.3161 54.1271
v  -17.9635 4.4906 54.2454
v  -18.0253 4.5295 54.2430
v  -18.0519 4.5175 54.1271
v  -19.2185 6.3077 54.2282
v  -19.1894 6.2455 54.2317
v  -19.0449 6.1764 54.1271
v  -19.2024 6.3490 54.1271
v  -19.2051 6.0051 54.1271
v  -19.2366 6.1521 54.2317
v  -19.2792 6.1784 54.2282
v  -19.3033 6.1519 54.1271
v  -18.6544 5.5632 54.2335
v  -18.7155 5.7447 54.1271
v  -18.7003 5.5450 54.2533
v  -19.2001 6.1744 54.2615
v  -18.7087 5.4491 54.2335
v  -18.8701 5.5948 54.1271
v  -17.9910 4.7291 54.2407
v  -18.0488 4.9419 54.1271
v  -18.0547 4.6995 54.2681
v  -18.5958 5.3724 54.2587
v  -18.0602 4.6262 54.2407
v  -18.2002 4.7189 54.1271
v  -19.2625 6.3358 54.2267
v  -19.3010 6.4682 54.1271
v  -19.2952 6.2888 54.2531
v  -19.3083 6.2279 54.2267
v  -19.4018 6.3014 54.1271
v  -17.4486 4.0389 54.2798
v  -17.4387 4.1405 54.1271
v  -17.6623 4.3002 54.1271
v  -17.5309 4.0408 54.2729
v  -17.7762 3.9822 54.1271
v  -17.5638 3.8116 54.1271
v  -17.5515 3.8453 54.2798
v  -17.5938 3.9159 54.2729
v  -17.9070 4.5234 54.2751
v  -17.5724 3.9705 54.2829
v  -20.7833 8.3957 55.7437
v  -20.7689 8.1134 55.5320
v  -20.5780 8.2730 55.7401
v  -19.6615 6.6504 54.7692
v  -19.9123 6.9393 55.0391
v  -20.0124 6.8541 54.7895
v  -19.7005 6.6290 54.7241
v  -20.0305 6.9229 54.6942
v  -19.7107 6.6680 54.7021
v  -19.9626 6.9028 54.7574
v  -19.7061 6.6879 54.7032
v  -19.8287 6.9526 54.8928
v  -19.6690 6.7293 54.7412
v  -19.7393 7.0894 55.0008
v  -19.6302 6.7514 54.7860
v  -19.7030 7.1966 55.0512
v  -19.6228 6.7414 54.7978
v  -19.7465 7.0763 55.0794
v  -19.6245 6.6925 54.8069
v  -20.2132 7.3794 55.3150
v  -20.3591 7.2812 55.0414
v  -20.3757 7.3165 54.9148
v  -20.2846 7.3105 54.9952
v  -20.1205 7.3788 55.1605
v  -19.9761 7.5682 55.3313
v  -19.9234 7.6945 55.4077
v  -19.9918 7.5880 55.4417
v  -20.7337 7.8384 55.2776
v  -20.3313 8.1746 55.7161
v  -20.1713 7.6200 55.7437
v  -20.1569 7.3377 55.5320
v  -19.9659 7.4973 55.7401
v  -19.0495 5.8747 54.7692
v  -19.3002 6.1636 55.0391
v  -19.4004 6.0784 54.7895
v  -19.0885 5.8533 54.7241
v  -19.4185 6.1472 54.6942
v  -19.0986 5.8923 54.7021
v  -19.3506 6.1271 54.7574
v  -19.0941 5.9122 54.7032
v  -19.2167 6.1770 54.8928
v  -19.0570 5.9536 54.7412
v  -19.1272 6.3137 55.0008
v  -19.0181 5.9757 54.7860
v  -19.0910 6.4209 55.0512
v  -19.0108 5.9657 54.7978
v  -19.1345 6.3006 55.0794
v  -19.0125 5.9168 54.8069
v  -19.6012 6.6037 55.3150
v  -19.7471 6.5055 55.0414
v  -19.7637 6.5408 54.9148
v  -19.6726 6.5348 54.9952
v  -19.5084 6.6031 55.1605
v  -19.3641 6.7925 55.3313
v  -19.3114 6.9188 55.4077
v  -19.3798 6.8123 55.4417
v  -20.1217 7.0627 55.2776
v  -19.7193 7.3989 55.7161
v  -19.5042 6.7603 55.7437
v  -19.4897 6.4780 55.5320
v  -19.2988 6.6375 55.7401
v  -18.3823 5.0149 54.7692
v  -18.6331 5.3039 55.0391
v  -18.7333 5.2187 54.7895
v  -18.4213 4.9935 54.7241
v  -18.7514 5.2875 54.6942
v  -18.4315 5.0326 54.7021
v  -18.6835 5.2673 54.7574
v  -18.4270 5.0525 54.7032
v  -18.5496 5.3172 54.8928
v  -18.3899 5.0939 54.7412
v  -18.4601 5.4540 55.0008
v  -18.3510 5.1159 54.7860
v  -18.4238 5.5611 55.0512
v  -18.3436 5.1060 54.7978
v  -18.4673 5.4409 55.0794
v  -18.3454 5.0570 54.8069
v  -18.9340 5.7439 55.3150
v  -19.0799 5.6457 55.0414
v  -19.0966 5.6811 54.9148
v  -19.0054 5.6751 54.9952
v  -18.8413 5.7433 55.1605
v  -18.6970 5.9328 55.3313
v  -18.6442 6.0590 55.4077
v  -18.7127 5.9526 55.4417
v  -19.4545 6.2029 55.2776
v  -19.0521 6.5391 55.7161
v  -18.7026 5.7200 55.7437
v  -18.6882 5.4377 55.5320
v  -18.4972 5.5972 55.7401
v  -17.5808 3.9746 54.7692
v  -17.8315 4.2636 55.0391
v  -17.9317 4.1784 54.7895
v  -17.6198 3.9532 54.7241
v  -17.9498 4.2472 54.6942
v  -17.6299 3.9922 54.7021
v  -17.8819 4.2270 54.7574
v  -17.6254 4.0122 54.7032
v  -17.7480 4.2769 54.8928
v  -17.5883 4.0536 54.7412
v  -17.6585 4.4137 55.0008
v  -17.5494 4.0756 54.7860
v  -17.6223 4.5208 55.0512
v  -17.5421 4.0657 54.7978
v  -17.6658 4.4006 55.0794
v  -17.5438 4.0167 54.8069
v  -18.1325 4.7036 55.3150
v  -18.2784 4.6054 55.0414
v  -18.2950 4.6408 54.9148
v  -18.2039 4.6348 54.9952
v  -18.0397 4.7030 55.1605
v  -17.8954 4.8925 55.3313
v  -17.8427 5.0187 55.4077
v  -17.9111 4.9123 55.4417
v  -18.6530 5.1626 55.2776
v  -18.2506 5.4988 55.7161
v  -16.4344 3.9834 54.4807
v  -16.4344 4.1203 54.4807
v  -16.4108 4.0566 54.4930
v  -16.5107 4.4842 54.4421
v  -16.5112 4.4095 54.4417
v  -16.6186 4.4846 54.2135
v  -16.6031 4.4114 54.2488
v  -16.5266 4.1207 54.3758
v  -16.6187 4.3468 54.2131
v  -16.5104 4.5381 54.4424
v  -16.6564 4.5380 54.1271
v  -16.5050 4.1548 54.4420
v  -16.7615 4.0266 54.5964
v  -16.7538 4.0711 54.5516
v  -16.7223 4.1119 54.5571
v  -16.6820 4.1339 54.6023
v  -16.6348 4.1112 54.6548
v  -16.6343 4.0711 54.6863
v  -16.6737 4.0262 54.6942
v  -16.7406 4.0042 54.6625
v  -16.3120 4.5853 55.0980
v  -16.3441 4.6125 55.0397
v  -16.3118 4.6448 54.9738
v  -16.8822 4.5746 54.1271
v  -16.9872 4.4161 54.2140
v  -17.0123 4.3782 54.1271
v  -16.9694 4.6619 54.1271
v  -17.1434 4.5827 54.2131
v  -17.1837 4.5642 54.1271
v  -16.9208 4.7671 54.1271
v  -16.9220 5.1961 54.7359
v  -16.8911 5.2118 54.6747
v  -16.8251 5.2294 54.6571
v  -16.7519 5.2392 54.6813
v  -16.7226 5.2284 54.7476
v  -16.7505 5.2118 54.7983
v  -16.8190 5.1953 54.8264
v  -16.8977 5.1886 54.8013
v  -16.3120 5.3406 54.5796
v  -16.3120 5.5016 54.9802
v  -16.3441 5.4050 54.5779
v  -16.3441 5.5275 54.9300
v  -16.3118 5.4783 54.5796
v  -16.3118 5.5633 54.8883
v  -16.6564 4.9769 54.1271
v  -16.5266 4.9766 54.3755
v  -16.5363 5.0498 54.3472
v  -16.6564 5.2956 54.1271
v  -16.4344 4.9766 54.4807
v  -16.5046 4.9393 54.4425
v  -16.4344 5.1134 54.4807
v  -16.4108 5.0498 54.4930
v  -16.5107 5.4774 54.4421
v  -16.5112 5.4027 54.4417
v  -16.6186 5.4778 54.2135
v  -16.6031 5.4046 54.2488
v  -16.5266 5.1139 54.3758
v  -16.6187 5.3400 54.2131
v  -16.5104 5.5313 54.4424
v  -16.6564 5.5312 54.1271
v  -16.5050 5.1480 54.4420
v  -16.7615 5.0198 54.5964
v  -16.7538 5.0643 54.5516
v  -16.7223 5.1051 54.5571
v  -16.6820 5.1271 54.6023
v  -16.6348 5.1044 54.6548
v  -16.6343 5.0643 54.6863
v  -16.6737 5.0194 54.6942
v  -16.7406 4.9974 54.6625
v  -16.6564 4.9386 54.1271
v  -16.3120 5.5785 55.0980
v  -16.3441 5.6057 55.0397
v  -16.3118 5.6379 54.9738
v  -16.8822 5.5678 54.1271
v  -16.9872 5.4093 54.2140
v  -17.0123 5.3714 54.1271
v  -16.9694 5.6551 54.1271
v  -17.1434 5.5759 54.2131
v  -17.1837 5.5574 54.1271
v  -16.9208 5.7603 54.1271
v  -16.9220 6.1899 54.7359
v  -16.8911 6.2056 54.6747
v  -16.8251 6.2232 54.6571
v  -16.7519 6.2330 54.6813
v  -16.7226 6.2222 54.7476
v  -16.7505 6.2056 54.7983
v  -16.8190 6.1891 54.8264
v  -16.8977 6.1824 54.8013
v  -16.3120 6.3344 54.5796
v  -16.3120 6.4954 54.9802
v  -16.3441 6.3988 54.5779
v  -16.3441 6.5213 54.9300
v  -16.3118 6.4721 54.5796
v  -16.3118 6.5571 54.8883
v  -16.6564 5.9707 54.1271
v  -16.5266 5.9704 54.3755
v  -16.5363 6.0436 54.3472
v  -16.6564 6.2894 54.1271
v  -16.5104 6.5251 54.4424
v  -16.4414 6.6861 54.3605
v  -16.6564 6.5249 54.1271
v  -16.5590 6.6860 54.1271
v  -16.4344 5.9704 54.4807
v  -16.5046 5.9331 54.4425
v  -16.4344 6.1072 54.4807
v  -16.4108 6.0436 54.4930
v  -16.5107 6.4712 54.4421
v  -16.5112 6.3965 54.4417
v  -16.6186 6.4716 54.2135
v  -16.6031 6.3984 54.2488
v  -16.5266 6.1077 54.3758
v  -16.6187 6.3338 54.2131
v  -16.5050 6.1418 54.4420
v  -16.7615 6.0136 54.5964
v  -16.7538 6.0581 54.5516
v  -16.7223 6.0989 54.5571
v  -16.6820 6.1209 54.6023
v  -16.6348 6.0982 54.6548
v  -16.6343 6.0581 54.6863
v  -16.6737 6.0132 54.6942
v  -16.7406 5.9912 54.6625
v  -16.6564 5.9324 54.1271
v  -16.3120 6.5722 55.0980
v  -16.3441 6.5995 55.0397
v  -16.3118 6.6317 54.9738
v  -16.8822 6.5616 54.1271
v  -16.9872 6.4031 54.2140
v  -17.0123 6.3652 54.1271
v  -16.9694 6.6489 54.1271
v  -17.1434 6.5697 54.2131
v  -17.1837 6.5512 54.1271
v  -16.9208 6.7541 54.1271
v  -16.3094 6.7874 54.2671
v  -16.3488 6.7467 54.3096
v  -16.3999 6.7468 54.2934
v  -16.4367 6.7467 54.2426
v  -16.4596 6.8436 54.2642
v  -16.3994 6.8485 54.2659
v  -16.3850 6.8446 54.3247
v  -16.4227 6.8171 54.3667
v  -16.4732 6.8144 54.3492
v  -16.5032 6.8159 54.3028
v  -16.2417 0.0000 53.6711
v  -15.9729 0.0000 53.8118
v  -16.2417 2.0714 53.6711
v  -15.9729 2.0714 53.8118
v  -16.2417 2.3876 53.6711
v  -15.9729 2.3876 53.8118
v  -15.9729 2.7815 53.8118
v  -16.2417 2.7815 53.6711
v  -16.2417 3.2349 53.6711
v  -15.9729 3.2349 53.8118
v  -9.0121 6.8948 53.9733
v  -8.9162 6.9076 53.9869
v  -9.1939 6.6266 53.7913
v  -9.2937 6.6751 53.8451
v  -9.7652 5.6998 52.5924
v  -9.4670 6.0691 52.5149
v  -9.5153 5.7729 52.6450
v  -9.8912 5.7389 52.7401
v  -9.5787 5.7950 52.6932
v  -9.5690 5.9963 52.5730
v  -9.7259 6.0613 52.5366
v  -9.6622 6.0534 52.4880
v  -9.9669 6.0413 52.5084
v  -9.6328 5.4368 52.8645
v  -9.7093 5.5276 52.9020
v  -9.9900 6.0353 52.6029
v  -10.7280 5.1397 52.5924
v  -10.4298 5.5090 52.5149
v  -10.4781 5.2128 52.6450
v  -10.8540 5.1789 52.7401
v  -10.5415 5.2350 52.6932
v  -10.5318 5.4363 52.5730
v  -10.6887 5.5013 52.5366
v  -10.6250 5.4934 52.4880
v  -10.9297 5.4812 52.5084
v  -10.5956 4.8768 52.8645
v  -10.6721 4.9676 52.9020
v  -10.9528 5.4752 52.6029
v  -11.7812 4.5106 52.5924
v  -11.4831 4.8799 52.5149
v  -11.5313 4.5837 52.6450
v  -11.9072 4.5498 52.7401
v  -11.5947 4.6059 52.6932
v  -11.5851 4.8072 52.5730
v  -11.7419 4.8721 52.5366
v  -11.6782 4.8642 52.4880
v  -11.9829 4.8521 52.5084
v  -11.6488 4.2476 52.8645
v  -11.7254 4.3384 52.9020
v  -12.0060 4.8461 52.6029
v  -13.0485 3.7450 52.5924
v  -12.7504 4.1144 52.5149
v  -12.7987 3.8182 52.6450
v  -13.1746 3.7842 52.7401
v  -12.8620 3.8403 52.6932
v  -12.8524 4.0416 52.5730
v  -13.0092 4.1066 52.5366
v  -12.9456 4.0987 52.4880
v  -13.2503 4.0866 52.5084
v  -12.9162 3.4821 52.8645
v  -12.9927 3.5729 52.9020
v  -13.2733 4.0805 52.6029
v  -16.2417 3.5511 53.6711
v  -15.9729 3.5511 53.8118
v  -11.5258 9.0391 53.9733
v  -11.4587 9.0872 53.9869
v  -11.6181 8.7824 53.7913
v  -11.6968 8.7743 53.8451
v  -11.8962 7.9186 52.5924
v  -11.7347 8.2918 52.5149
v  -11.7270 8.0709 52.6450
v  -11.9924 7.8934 52.7401
v  -11.7757 8.0599 52.6932
v  -11.7976 8.2005 52.5730
v  -11.9197 8.1802 52.5366
v  -11.8728 8.2010 52.4880
v  -12.0901 8.0675 52.5084
v  -11.7634 7.7946 52.8645
v  -11.8314 7.8247 52.9020
v  -12.1058 8.0540 52.6029
v  -12.5082 7.1429 52.5924
v  -12.3467 7.5161 52.5149
v  -12.3390 7.2952 52.6450
v  -12.6044 7.1177 52.7401
v  -12.3878 7.2842 52.6932
v  -12.4097 7.4248 52.5730
v  -12.5317 7.4045 52.5366
v  -12.4848 7.4253 52.4880
v  -12.7021 7.2918 52.5084
v  -12.3754 7.0189 52.8645
v  -12.4434 7.0490 52.9020
v  -12.7178 7.2783 52.6029
v  -13.1753 6.2832 52.5924
v  -13.0139 6.6563 52.5149
v  -13.0062 6.4355 52.6450
v  -13.2716 6.2580 52.7401
v  -13.0549 6.4245 52.6932
v  -13.0768 6.5651 52.5730
v  -13.1988 6.5447 52.5366
v  -13.1519 6.5655 52.4880
v  -13.3693 6.4321 52.5084
v  -13.0425 6.1591 52.8645
v  -13.1106 6.1893 52.9020
v  -13.3850 6.4185 52.6029
v  -13.9769 5.2429 52.5924
v  -13.8154 5.6160 52.5149
v  -13.8077 5.3952 52.6450
v  -14.0731 5.2177 52.7401
v  -13.8565 5.3842 52.6932
v  -13.8784 5.5248 52.5730
v  -14.0004 5.5044 52.5366
v  -13.9535 5.5252 52.4880
v  -14.1708 5.3918 52.5084
v  -13.8441 5.1188 52.8645
v  -13.9121 5.1490 52.9020
v  -14.1865 5.3782 52.6029
v  -15.4001 5.2280 53.2012
v  -15.2394 4.8752 53.1129
v  -15.4614 4.8708 53.0437
v  -15.2606 4.8981 53.4715
v  -15.1719 4.8855 53.2973
v  -15.7369 4.8979 53.2700
v  -15.6560 4.9170 53.4575
v  -15.4487 4.9129 53.5237
v  -15.2400 5.2159 53.9628
v  -16.2417 5.6406 52.7269
v  -15.9812 5.2334 52.9096
v  -16.0610 5.1561 52.7471
v  -16.0616 5.3214 53.0921
v  -14.9662 5.0904 53.9636
v  -15.3469 4.3311 53.4366
v  -15.4356 4.3437 53.6108
v  -15.6237 4.3585 53.6631
v  -15.8310 4.3626 53.5969
v  -15.9118 4.3435 53.4094
v  -15.6560 4.8803 53.1250
v  -15.8309 4.3260 53.2644
v  -15.6363 4.3164 53.1830
v  -15.4144 4.3208 53.2522
v  -16.2417 5.3608 53.1747
v  -16.2417 5.1235 52.6794
v  -15.0944 5.1493 53.8907
v  -16.2417 4.6071 52.9268
v  -16.0610 4.6397 52.9944
v  -15.9812 4.7170 53.1570
v  -16.0616 4.8050 53.3395
v  -16.2417 4.8444 53.4221
v  -15.3986 4.6095 54.0053
v  -15.5320 4.4704 54.0053
v  -15.5722 4.5310 54.0414
v  -15.4652 4.6398 54.0405
v  -15.4759 4.7283 53.9628
v  -15.3303 4.6617 53.8907
v  -15.2021 4.6028 53.9636
v  -15.4001 6.2212 53.2012
v  -15.2394 5.8683 53.1129
v  -15.4614 5.8640 53.0437
v  -15.2606 5.8913 53.4715
v  -15.1719 5.8787 53.2973
v  -15.7369 5.8911 53.2700
v  -15.6560 5.9102 53.4575
v  -15.4487 5.9061 53.5237
v  -15.2400 6.2090 53.9628
v  -16.2417 6.6338 52.7269
v  -15.9812 6.2265 52.9096
v  -16.0610 6.1493 52.7471
v  -16.0616 6.3146 53.0921
v  -14.9662 6.0836 53.9636
v  -15.3469 5.3243 53.4366
v  -15.4356 5.3369 53.6108
v  -15.6237 5.3517 53.6631
v  -15.8310 5.3558 53.5969
v  -15.9118 5.3367 53.4094
v  -15.6560 5.8735 53.1250
v  -15.8309 5.3192 53.2644
v  -15.6363 5.3096 53.1830
v  -15.4144 5.3140 53.2522
v  -16.2417 6.3540 53.1747
v  -16.2417 6.1167 52.6794
v  -15.0944 6.1425 53.8907
v  -16.2417 5.6003 52.9268
v  -16.0610 5.6329 52.9944
v  -15.9812 5.7102 53.1570
v  -16.0616 5.7982 53.3395
v  -16.2417 5.8376 53.4221
v  -15.3986 5.6027 54.0053
v  -15.5320 5.4635 54.0053
v  -15.5722 5.5242 54.0414
v  -15.4652 5.6330 54.0405
v  -15.4759 5.7215 53.9628
v  -15.3303 5.6549 53.8907
v  -15.2021 5.5960 53.9636
v  -16.1204 7.5525 54.0464
v  -15.9648 7.9102 53.8727
v  -16.1641 7.5230 53.8249
v  -15.8915 7.5154 54.0594
v  -15.4001 7.2150 53.2012
v  -15.2394 6.8621 53.1129
v  -15.4614 6.8578 53.0437
v  -15.2606 6.8851 53.4715
v  -15.1719 6.8725 53.2973
v  -15.7369 6.8849 53.2700
v  -15.6560 6.9040 53.4575
v  -15.4487 6.8999 53.5237
v  -15.2400 7.2028 53.9628
v  -16.2417 7.6276 52.7269
v  -15.9812 7.2203 52.9096
v  -16.0610 7.1431 52.7471
v  -16.0616 7.3084 53.0921
v  -14.9662 7.0774 53.9636
v  -15.3469 6.3181 53.4366
v  -15.4356 6.3307 53.6108
v  -15.6237 6.3455 53.6631
v  -15.8310 6.3496 53.5969
v  -15.9118 6.3305 53.4094
v  -15.6560 6.8673 53.1250
v  -15.8309 6.3129 53.2644
v  -15.6363 6.3034 53.1830
v  -15.4144 6.3077 53.2522
v  -16.2417 7.3478 53.1747
v  -16.2417 7.1105 52.6794
v  -15.0944 7.1363 53.8907
v  -16.2417 6.5941 52.9268
v  -16.0610 6.6267 52.9944
v  -15.9812 6.7039 53.1570
v  -16.0616 6.7920 53.3395
v  -16.2417 6.8314 53.4221
v  -15.3986 6.5965 54.0053
v  -15.5320 6.4573 54.0053
v  -15.5722 6.5180 54.0414
v  -15.4652 6.6268 54.0405
v  -15.4759 6.7153 53.9628
v  -15.3303 6.6487 53.8907
v  -15.2021 6.5898 53.9636
v  -15.7468 7.4591 53.8987
v  -16.0960 6.7874 54.0468
v  -16.1567 6.7874 54.0468
v  -16.0265 7.4681 53.6661
v  -15.8354 7.4471 53.7382
v  -16.0063 6.9869 53.9800
v  -15.9339 7.0374 54.0936
v  -16.1628 7.0746 54.0805
v  -16.0661 6.9967 53.9766
v  -16.2065 7.0450 53.8590
v  -16.0775 6.9889 53.9188
v  -16.0689 6.9901 53.7003
v  -16.0416 6.9746 53.8773
v  -15.8779 6.9691 53.7724
v  -15.9917 6.9691 53.8961
v  -15.7892 6.9811 53.9328
v  -15.9685 6.9722 53.9380
v  -15.5614 4.2029 53.5182
v  -15.5922 4.2186 53.5794
v  -15.6582 4.2362 53.5970
v  -15.7314 4.2460 53.5728
v  -15.7607 4.2353 53.5065
v  -15.7328 4.2187 53.4558
v  -15.6643 4.2021 53.4277
v  -15.5857 4.1954 53.4528
v  -16.1713 4.3474 53.6745
v  -16.2417 4.3024 53.6711
v  -16.2417 4.5306 53.1719
v  -16.1713 4.5084 53.2739
v  -16.1392 4.4118 53.6762
v  -16.1392 4.5343 53.3242
v  -16.1715 4.4851 53.6745
v  -16.1715 4.5702 53.3658
v  -16.2417 4.5380 53.6711
v  -16.2417 4.6343 53.3568
v  -15.9567 3.9834 53.8786
v  -15.9470 4.0566 53.9069
v  -15.9787 3.9461 53.8116
v  -16.2417 3.9451 53.6711
v  -8.9599 7.0264 53.9402
v  -15.4425 2.6339 53.8935
v  -15.4777 2.4851 53.7807
v  -15.5157 2.2711 53.8935
v  -14.8751 2.7363 53.9672
v  -14.9354 2.6504 53.9222
v  -14.8769 2.5704 53.9672
v  -12.8548 4.0709 54.0200
v  -12.9093 3.9698 54.0193
v  -12.8474 3.7953 54.0193
v  -12.7846 3.8086 54.0200
v  -10.7188 5.4382 53.9032
v  -11.0831 5.0538 54.0300
v  -10.6951 5.5485 53.7845
v  -11.0829 5.0190 54.0131
v  -10.6468 5.3579 53.8605
v  -11.0824 4.9167 54.0300
v  -10.0915 6.0127 53.7735
v  -10.0599 6.1247 53.6096
v  -9.9771 5.9611 53.7061
v  -9.2659 6.7903 53.6992
v  -13.8981 3.4509 54.0111
v  -13.9592 3.3903 54.0087
v  -13.9194 3.1639 54.0087
v  -13.8325 3.1685 54.0111
v  -11.8858 4.6101 54.0260
v  -11.9383 4.5501 54.0224
v  -11.9041 4.3918 54.0224
v  -11.8443 4.3944 54.0260
v  -12.7810 4.0550 54.0206
v  -12.7288 3.9966 54.0008
v  -11.9435 4.4486 53.9926
v  -12.7434 3.8642 54.0206
v  -13.8229 3.4569 54.0135
v  -13.7515 3.3700 53.9860
v  -12.9037 3.8482 53.9954
v  -13.7639 3.2695 54.0135
v  -11.8239 4.6140 54.0274
v  -11.7956 4.5276 54.0010
v  -11.7953 4.4376 54.0274
v  -14.7741 2.7703 53.9743
v  -14.6711 2.7451 53.9813
v  -14.7297 2.5537 53.9743
v  -14.6469 2.6066 53.9813
v  -13.9810 3.2494 53.9790
v  -14.6499 2.6652 53.9712
v  -9.3967 6.1796 52.5104
v  -9.4885 5.8193 52.7222
v  -9.6838 6.1726 52.5140
v  -11.2462 4.7277 53.4849
v  -10.8593 4.9192 53.2150
v  -10.7572 4.7319 53.4646
v  -11.2034 4.6703 53.5300
v  -10.7168 4.8088 53.5599
v  -11.1806 4.7139 53.5521
v  -10.8063 4.8333 53.4967
v  -11.1810 4.7435 53.5509
v  -10.9595 4.9995 53.3613
v  -11.2162 4.8258 53.5129
v  -11.0347 5.2466 53.2533
v  -11.2587 4.8841 53.4681
v  -11.0517 5.4148 53.2029
v  -11.2704 4.8765 53.4563
v  -11.0292 5.2240 53.1748
v  -11.2811 4.8108 53.4472
v  -10.3705 5.2717 52.9391
v  -10.2151 5.0329 53.2127
v  -10.1852 5.0669 53.3394
v  -10.2999 5.1275 53.2590
v  -10.4858 5.3406 53.0936
v  -10.6154 5.6981 52.9228
v  -10.6478 5.9038 52.8464
v  -10.5907 5.7124 52.8124
v  -9.6042 5.4841 52.9765
v  -10.0157 6.2286 52.5380
v  -10.3595 5.6196 52.5104
v  -10.4513 5.2593 52.7222
v  -10.6466 5.6125 52.5140
v  -12.2090 4.1677 53.4849
v  -11.8221 4.3591 53.2150
v  -11.7200 4.1719 53.4646
v  -12.1662 4.1102 53.5300
v  -11.6796 4.2487 53.5599
v  -12.1434 4.1539 53.5521
v  -11.7691 4.2733 53.4967
v  -12.1438 4.1835 53.5509
v  -11.9223 4.4395 53.3613
v  -12.1790 4.2658 53.5129
v  -11.9975 4.6865 53.2533
v  -12.2215 4.3241 53.4681
v  -12.0145 4.8547 53.2029
v  -12.2332 4.3164 53.4563
v  -11.9920 4.6639 53.1748
v  -12.2439 4.2508 53.4472
v  -11.3333 4.7116 52.9391
v  -11.1779 4.4729 53.2127
v  -11.1480 4.5069 53.3394
v  -11.2627 4.5674 53.2590
v  -11.4486 4.7805 53.0936
v  -11.5782 5.1381 52.9228
v  -11.6106 5.3437 52.8464
v  -11.5535 5.1523 52.8124
v  -10.5670 4.9240 52.9765
v  -10.9785 5.6685 52.5380
v  -11.4127 4.9905 52.5104
v  -11.5045 4.6301 52.7222
v  -11.6998 4.9834 52.5140
v  -13.2622 3.5385 53.4849
v  -12.8753 3.7300 53.2150
v  -12.7732 3.5427 53.4646
v  -13.2194 3.4811 53.5300
v  -12.7328 3.6196 53.5599
v  -13.1966 3.5248 53.5521
v  -12.8223 3.6441 53.4967
v  -13.1970 3.5543 53.5509
v  -12.9755 3.8103 53.3613
v  -13.2322 3.6367 53.5129
v  -13.0508 4.0574 53.2533
v  -13.2747 3.6949 53.4681
v  -13.0678 4.2256 53.2029
v  -13.2864 3.6873 53.4563
v  -13.0452 4.0348 53.1748
v  -13.2971 3.6217 53.4472
v  -12.3865 4.0825 52.9391
v  -12.2311 3.8437 53.2127
v  -12.2012 3.8778 53.3394
v  -12.3159 3.9383 53.2590
v  -12.5018 4.1514 53.0936
v  -12.6314 4.5090 52.9228
v  -12.6638 4.7146 52.8464
v  -12.6067 4.5232 52.8124
v  -11.6202 4.2949 52.9765
v  -12.0317 5.0394 52.5380
v  -12.6801 4.2249 52.5104
v  -12.7719 3.8646 52.7222
v  -12.9672 4.2179 52.5140
v  -14.5296 2.7730 53.4849
v  -14.1427 2.9645 53.2150
v  -14.0406 2.7772 53.4646
v  -14.4868 2.7155 53.5300
v  -14.0001 2.8540 53.5599
v  -14.4639 2.7592 53.5521
v  -14.0897 2.8786 53.4967
v  -14.4643 2.7888 53.5509
v  -14.2429 3.0448 53.3613
v  -14.4995 2.8711 53.5129
v  -14.3181 3.2918 53.2533
v  -14.5420 2.9294 53.4681
v  -14.3351 3.4600 53.2029
v  -14.5538 2.9218 53.4563
v  -14.3126 3.2692 53.1748
v  -14.5645 2.8561 53.4472
v  -13.6539 3.3169 52.9391
v  -13.4985 3.0782 53.2127
v  -13.4686 3.1122 53.3394
v  -13.5833 3.1728 53.2590
v  -13.7691 3.3859 53.0936
v  -13.8987 3.7434 52.9228
v  -13.9312 3.9491 52.8464
v  -13.8741 3.7577 52.8124
v  -12.8876 3.5294 52.9765
v  -13.2991 4.2738 52.5380
v  -11.5072 9.1499 53.9402
v  -15.5496 3.7840 53.8935
v  -15.5425 3.6292 53.7807
v  -15.5368 3.4509 53.8935
v  -15.0962 3.9815 53.9672
v  -15.1113 3.8853 53.9222
v  -15.0430 3.8244 53.9672
v  -13.8843 5.5436 54.0200
v  -13.9090 5.4527 54.0193
v  -13.8395 5.3597 54.0193
v  -13.7962 5.3945 54.0200
v  -12.5443 7.3493 53.9032
v  -12.7512 6.9387 54.0300
v  -12.5431 7.4339 53.7845
v  -12.7461 6.9152 54.0131
v  -12.4811 7.3244 53.8605
v  -12.7311 6.8459 54.0300
v  -12.1756 7.9969 53.7735
v  -12.1689 8.0859 53.6096
v  -12.0859 8.0090 53.7061
v  -11.6933 8.8639 53.6992
v  -14.5456 4.6942 54.0111
v  -14.5808 4.6279 54.0087
v  -14.5198 4.4906 54.0087
v  -14.4580 4.5295 54.0111
v  -13.2648 6.3077 54.0260
v  -13.2939 6.2455 54.0224
v  -13.2467 6.1521 54.0224
v  -13.2041 6.1784 54.0260
v  -13.8289 5.5632 54.0206
v  -13.7830 5.5450 54.0008
v  -13.2832 6.1744 53.9926
v  -13.7746 5.4491 54.0206
v  -14.4923 4.7291 54.0135
v  -14.4286 4.6995 53.9860
v  -13.8876 5.3724 53.9954
v  -14.4231 4.6262 54.0135
v  -13.2208 6.3358 54.0274
v  -13.1881 6.2888 54.0010
v  -13.1750 6.2279 54.0274
v  -15.0347 4.0389 53.9743
v  -14.9524 4.0408 53.9813
v  -14.9318 3.8453 53.9743
v  -14.8895 3.9159 53.9813
v  -14.5763 4.5234 53.9790
v  -14.9109 3.9705 53.9712
v  -11.7000 8.3957 52.5104
v  -11.7144 8.1134 52.7222
v  -11.9053 8.2730 52.5140
v  -12.8218 6.6504 53.4849
v  -12.5711 6.9393 53.2150
v  -12.4709 6.8541 53.4646
v  -12.7828 6.6290 53.5300
v  -12.4528 6.9229 53.5599
v  -12.7726 6.6680 53.5521
v  -12.5207 6.9028 53.4967
v  -12.7772 6.6879 53.5509
v  -12.6546 6.9526 53.3613
v  -12.8143 6.7293 53.5129
v  -12.7440 7.0894 53.2533
v  -12.8532 6.7514 53.4681
v  -12.7803 7.1966 53.2029
v  -12.8605 6.7414 53.4563
v  -12.7368 7.0763 53.1748
v  -12.8588 6.6925 53.4472
v  -12.2701 7.3794 52.9391
v  -12.1242 7.2812 53.2127
v  -12.1076 7.3165 53.3394
v  -12.1987 7.3105 53.2590
v  -12.3628 7.3788 53.0936
v  -12.5072 7.5682 52.9228
v  -12.5599 7.6945 52.8464
v  -12.4915 7.5880 52.8124
v  -11.7496 7.8384 52.9765
v  -12.1520 8.1746 52.5380
v  -12.3120 7.6200 52.5104
v  -12.3264 7.3377 52.7222
v  -12.5174 7.4973 52.5140
v  -13.4338 5.8747 53.4849
v  -13.1831 6.1636 53.2150
v  -13.0829 6.0784 53.4646
v  -13.3948 5.8533 53.5300
v  -13.0648 6.1472 53.5599
v  -13.3847 5.8923 53.5521
v  -13.1327 6.1271 53.4967
v  -13.3892 5.9122 53.5509
v  -13.2666 6.1770 53.3613
v  -13.4263 5.9536 53.5129
v  -13.3561 6.3137 53.2533
v  -13.4652 5.9757 53.4681
v  -13.3924 6.4209 53.2029
v  -13.4725 5.9657 53.4563
v  -13.3488 6.3006 53.1748
v  -13.4708 5.9168 53.4472
v  -12.8821 6.6037 52.9391
v  -12.7362 6.5055 53.2127
v  -12.7196 6.5408 53.3394
v  -12.8107 6.5348 53.2590
v  -12.9749 6.6031 53.0936
v  -13.1192 6.7925 52.9228
v  -13.1719 6.9188 52.8464
v  -13.1035 6.8123 52.8124
v  -12.3616 7.0627 52.9765
v  -12.7640 7.3989 52.5380
v  -12.9791 6.7603 52.5104
v  -12.9936 6.4780 52.7222
v  -13.1845 6.6375 52.5140
v  -14.1010 5.0149 53.4849
v  -13.8502 5.3039 53.2150
v  -13.7500 5.2187 53.4646
v  -14.0620 4.9935 53.5300
v  -13.7319 5.2875 53.5599
v  -14.0518 5.0326 53.5521
v  -13.7998 5.2673 53.4967
v  -14.0563 5.0525 53.5509
v  -13.9337 5.3172 53.3613
v  -14.0934 5.0939 53.5129
v  -14.0232 5.4540 53.2533
v  -14.1323 5.1159 53.4681
v  -14.0595 5.5611 53.2029
v  -14.1397 5.1060 53.4563
v  -14.0160 5.4409 53.1748
v  -14.1379 5.0570 53.4472
v  -13.5493 5.7439 52.9391
v  -13.4034 5.6457 53.2127
v  -13.3867 5.6811 53.3394
v  -13.4779 5.6751 53.2590
v  -13.6420 5.7433 53.0936
v  -13.7863 5.9328 52.9228
v  -13.8391 6.0590 52.8464
v  -13.7707 5.9526 52.8124
v  -13.0288 6.2029 52.9765
v  -13.4312 6.5391 52.5380
v  -13.7807 5.7200 52.5104
v  -13.7951 5.4377 52.7222
v  -13.9861 5.5972 52.5140
v  -14.9025 3.9746 53.4849
v  -14.6518 4.2636 53.2150
v  -14.5516 4.1784 53.4646
v  -14.8635 3.9532 53.5300
v  -14.5335 4.2472 53.5599
v  -14.8534 3.9922 53.5521
v  -14.6014 4.2270 53.4967
v  -14.8579 4.0122 53.5509
v  -14.7353 4.2769 53.3613
v  -14.8950 4.0536 53.5129
v  -14.8248 4.4137 53.2533
v  -14.9339 4.0756 53.4681
v  -14.8611 4.5208 53.2029
v  -14.9412 4.0657 53.4563
v  -14.8175 4.4006 53.1748
v  -14.9395 4.0167 53.4472
v  -14.3508 4.7036 52.9391
v  -14.2049 4.6054 53.2127
v  -14.1883 4.6408 53.3394
v  -14.2794 4.6348 53.2590
v  -14.4436 4.7030 53.0936
v  -14.5879 4.8925 52.9228
v  -14.6406 5.0187 52.8464
v  -14.5722 4.9123 52.8124
v  -13.8303 5.1626 52.9765
v  -14.2327 5.4988 52.5380
v  -16.2417 3.9832 53.6711
v  -16.0489 3.9834 53.7735
v  -16.0489 4.1203 53.7735
v  -16.0725 4.0566 53.7612
v  -15.9726 4.4842 53.8120
v  -15.9721 4.4095 53.8124
v  -15.8647 4.4846 54.0406
v  -15.8803 4.4114 54.0054
v  -15.9567 4.1207 53.8783
v  -15.8646 4.3468 54.0410
v  -15.9729 4.5381 53.8118
v  -15.9783 4.1548 53.8122
v  -15.7219 4.0266 53.6577
v  -15.7295 4.0711 53.7025
v  -15.7610 4.1119 53.6970
v  -15.8013 4.1339 53.6518
v  -15.8485 4.1112 53.5993
v  -15.8490 4.0711 53.5678
v  -15.8096 4.0262 53.5599
v  -15.7427 4.0042 53.5916
v  -16.1713 4.5853 53.1561
v  -16.1392 4.6125 53.2145
v  -16.1715 4.6448 53.2803
v  -15.4961 4.4161 54.0402
v  -15.3399 4.5827 54.0411
v  -15.5614 5.1961 53.5182
v  -15.5922 5.2118 53.5794
v  -15.6582 5.2294 53.5970
v  -15.7314 5.2392 53.5728
v  -15.7607 5.2284 53.5065
v  -15.7328 5.2118 53.4558
v  -15.6643 5.1953 53.4277
v  -15.5857 5.1886 53.4528
v  -16.1713 5.3406 53.6745
v  -16.2417 5.2956 53.6711
v  -16.2417 5.5238 53.1719
v  -16.1713 5.5016 53.2739
v  -16.1392 5.4050 53.6762
v  -16.1392 5.5275 53.3242
v  -16.1715 5.4783 53.6745
v  -16.1715 5.5633 53.3658
v  -16.2417 5.5312 53.6711
v  -16.2417 5.6275 53.3568
v  -15.9567 4.9766 53.8786
v  -15.9470 5.0498 53.9069
v  -16.2417 4.9382 53.6711
v  -16.2417 4.9764 53.6711
v  -16.0489 4.9766 53.7735
v  -15.9787 4.9393 53.8116
v  -16.0489 5.1134 53.7735
v  -16.0725 5.0498 53.7612
v  -15.9726 5.4774 53.8120
v  -15.9721 5.4027 53.8124
v  -15.8647 5.4778 54.0406
v  -15.8803 5.4046 54.0054
v  -15.9567 5.1139 53.8783
v  -15.8646 5.3400 54.0410
v  -15.9729 5.5313 53.8118
v  -15.9783 5.1480 53.8122
v  -15.7219 5.0198 53.6577
v  -15.7295 5.0643 53.7025
v  -15.7610 5.1051 53.6970
v  -15.8013 5.1271 53.6518
v  -15.8485 5.1044 53.5993
v  -15.8490 5.0643 53.5678
v  -15.8096 5.0194 53.5599
v  -15.7427 4.9974 53.5916
v  -16.1713 5.5785 53.1561
v  -16.1392 5.6057 53.2145
v  -16.1715 5.6379 53.2803
v  -15.4961 5.4093 54.0402
v  -15.3399 5.5759 54.0411
v  -15.5614 6.1899 53.5182
v  -15.5922 6.2056 53.5794
v  -15.6582 6.2232 53.5970
v  -15.7314 6.2330 53.5728
v  -15.7607 6.2222 53.5065
v  -15.7328 6.2056 53.4558
v  -15.6643 6.1891 53.4277
v  -15.5857 6.1824 53.4528
v  -16.1713 6.3344 53.6745
v  -16.2417 6.2894 53.6711
v  -16.2417 6.5176 53.1719
v  -16.1713 6.4954 53.2739
v  -16.1392 6.3988 53.6762
v  -16.1392 6.5213 53.3242
v  -16.1715 6.4721 53.6745
v  -16.1715 6.5571 53.3658
v  -16.2417 6.5250 53.6711
v  -16.2417 6.6213 53.3568
v  -15.9567 5.9704 53.8786
v  -15.9470 6.0436 53.9069
v  -15.9729 6.5251 53.8118
v  -16.2417 6.6860 53.8142
v  -16.0420 6.6861 53.8936
v  -16.2417 5.9320 53.6711
v  -16.2417 5.9702 53.6711
v  -16.0489 5.9704 53.7735
v  -15.9787 5.9331 53.8116
v  -16.0489 6.1072 53.7735
v  -16.0725 6.0436 53.7612
v  -15.9726 6.4712 53.8120
v  -15.9721 6.3965 53.8124
v  -15.8647 6.4716 54.0406
v  -15.8803 6.3984 54.0054
v  -15.9567 6.1077 53.8783
v  -15.8646 6.3338 54.0410
v  -15.9783 6.1418 53.8122
v  -15.7219 6.0136 53.6577
v  -15.7295 6.0581 53.7025
v  -15.7610 6.0989 53.6970
v  -15.8013 6.1209 53.6518
v  -15.8485 6.0982 53.5993
v  -15.8490 6.0581 53.5678
v  -15.8096 6.0132 53.5599
v  -15.7427 5.9912 53.5916
v  -16.1713 6.5722 53.1561
v  -16.1392 6.5995 53.2145
v  -16.1715 6.6317 53.2803
v  -15.4961 6.4031 54.0402
v  -15.3399 6.5697 54.0411
v  -16.1739 6.7874 53.9871
v  -16.2417 6.7896 53.9574
v  -16.1345 6.7467 53.9445
v  -16.0834 6.7468 53.9607
v  -16.0466 6.7467 54.0115
v  -16.0237 6.8436 53.9899
v  -16.0839 6.8485 53.9882
v  -16.0983 6.8446 53.9295
v  -16.0606 6.8171 53.8874
v  -16.0101 6.8144 53.9050
v  -15.9801 6.8159 53.9513
v  -16.5104 0.0000 53.8118
v  -16.5104 2.0714 53.8118
v  -16.5104 2.3876 53.8118
v  -16.5104 2.7815 53.8118
v  -16.5104 3.2349 53.8118
v  -23.4712 6.8948 53.9733
v  -23.5671 6.9076 53.9869
v  -23.2894 6.6266 53.7913
v  -23.1896 6.6751 53.8451
v  -22.7181 5.6998 52.5924
v  -22.9680 5.7729 52.6450
v  -23.0163 6.0691 52.5149
v  -22.5921 5.7389 52.7401
v  -22.9143 5.9963 52.5730
v  -22.9046 5.7950 52.6932
v  -22.7575 6.0613 52.5366
v  -22.8211 6.0534 52.4880
v  -22.5164 6.0413 52.5084
v  -22.8505 5.4368 52.8645
v  -22.7740 5.5276 52.9020
v  -22.4933 6.0353 52.6029
v  -21.7553 5.1397 52.5924
v  -22.0052 5.2128 52.6450
v  -22.0535 5.5090 52.5149
v  -21.6293 5.1789 52.7401
v  -21.9515 5.4363 52.5730
v  -21.9418 5.2350 52.6932
v  -21.7947 5.5013 52.5366
v  -21.8583 5.4934 52.4880
v  -21.5536 5.4812 52.5084
v  -21.8877 4.8768 52.8645
v  -21.8112 4.9676 52.9020
v  -21.5305 5.4752 52.6029
v  -20.7021 4.5106 52.5924
v  -20.9520 4.5837 52.6450
v  -21.0002 4.8799 52.5149
v  -20.5761 4.5498 52.7401
v  -20.8982 4.8072 52.5730
v  -20.8886 4.6059 52.6932
v  -20.7414 4.8721 52.5366
v  -20.8051 4.8642 52.4880
v  -20.5004 4.8521 52.5084
v  -20.8345 4.2476 52.8645
v  -20.7579 4.3384 52.9020
v  -20.4773 4.8461 52.6029
v  -19.4348 3.7450 52.5924
v  -19.6846 3.8182 52.6450
v  -19.7329 4.1144 52.5149
v  -19.3087 3.7842 52.7401
v  -19.6309 4.0416 52.5730
v  -19.6213 3.8403 52.6932
v  -19.4741 4.1066 52.5366
v  -19.5377 4.0987 52.4880
v  -19.2330 4.0866 52.5084
v  -19.5671 3.4821 52.8645
v  -19.4906 3.5729 52.9020
v  -19.2100 4.0805 52.6029
v  -16.5104 3.5511 53.8118
v  -20.9575 9.0391 53.9733
v  -21.0246 9.0872 53.9869
v  -20.8652 8.7824 53.7913
v  -20.7865 8.7743 53.8451
v  -20.5871 7.9186 52.5924
v  -20.7563 8.0709 52.6450
v  -20.7486 8.2918 52.5149
v  -20.4909 7.8934 52.7401
v  -20.6857 8.2005 52.5730
v  -20.7076 8.0599 52.6932
v  -20.5636 8.1802 52.5366
v  -20.6105 8.2010 52.4880
v  -20.3932 8.0675 52.5084
v  -20.7199 7.7946 52.8645
v  -20.6519 7.8247 52.9020
v  -20.3775 8.0540 52.6029
v  -19.9751 7.1429 52.5924
v  -20.1443 7.2952 52.6450
v  -20.1366 7.5161 52.5149
v  -19.8789 7.1177 52.7401
v  -20.0737 7.4248 52.5730
v  -20.0956 7.2842 52.6932
v  -19.9516 7.4045 52.5366
v  -19.9985 7.4253 52.4880
v  -19.7812 7.2918 52.5084
v  -20.1079 7.0189 52.8645
v  -20.0399 7.0490 52.9020
v  -19.7655 7.2783 52.6029
v  -19.3080 6.2832 52.5924
v  -19.4771 6.4355 52.6450
v  -19.4694 6.6563 52.5149
v  -19.2118 6.2580 52.7401
v  -19.4065 6.5651 52.5730
v  -19.4284 6.4245 52.6932
v  -19.2845 6.5447 52.5366
v  -19.3314 6.5655 52.4880
v  -19.1140 6.4321 52.5084
v  -19.4408 6.1591 52.8645
v  -19.3727 6.1893 52.9020
v  -19.0983 6.4185 52.6029
v  -18.5064 5.2429 52.5924
v  -18.6756 5.3952 52.6450
v  -18.6679 5.6160 52.5149
v  -18.4102 5.2177 52.7401
v  -18.6050 5.5248 52.5730
v  -18.6268 5.3842 52.6932
v  -18.4829 5.5044 52.5366
v  -18.5298 5.5252 52.4880
v  -18.3125 5.3918 52.5084
v  -18.6392 5.1188 52.8645
v  -18.5712 5.1490 52.9020
v  -18.2968 5.3782 52.6029
v  -17.0833 5.2280 53.2012
v  -17.0219 4.8708 53.0437
v  -17.2439 4.8752 53.1129
v  -17.2227 4.8981 53.4715
v  -17.3114 4.8855 53.2973
v  -16.8273 4.9170 53.4575
v  -16.7464 4.8979 53.2700
v  -17.0346 4.9129 53.5237
v  -17.2433 5.2159 53.9628
v  -16.4223 5.1561 52.7471
v  -16.5021 5.2334 52.9096
v  -16.4217 5.3214 53.0921
v  -17.5171 5.0904 53.9636
v  -17.1364 4.3311 53.4366
v  -17.0477 4.3437 53.6108
v  -16.8596 4.3585 53.6631
v  -16.6523 4.3626 53.5969
v  -16.5715 4.3435 53.4094
v  -16.6524 4.3260 53.2644
v  -16.8273 4.8803 53.1250
v  -16.8470 4.3164 53.1830
v  -17.0689 4.3208 53.2522
v  -17.3889 5.1493 53.8907
v  -16.4223 4.6397 52.9944
v  -16.5021 4.7170 53.1570
v  -16.4217 4.8050 53.3395
v  -17.0847 4.6095 54.0053
v  -17.0181 4.6398 54.0405
v  -16.9111 4.5310 54.0414
v  -16.9513 4.4704 54.0053
v  -17.0074 4.7283 53.9628
v  -17.1530 4.6617 53.8907
v  -17.2812 4.6028 53.9636
v  -17.0833 6.2212 53.2012
v  -17.0219 5.8640 53.0437
v  -17.2439 5.8683 53.1129
v  -17.2227 5.8913 53.4715
v  -17.3114 5.8787 53.2973
v  -16.8273 5.9102 53.4575
v  -16.7464 5.8911 53.2700
v  -17.0346 5.9061 53.5237
v  -17.2433 6.2090 53.9628
v  -16.4223 6.1493 52.7471
v  -16.5021 6.2265 52.9096
v  -16.4217 6.3146 53.0921
v  -17.5171 6.0836 53.9636
v  -17.1364 5.3243 53.4366
v  -17.0477 5.3369 53.6108
v  -16.8596 5.3517 53.6631
v  -16.6523 5.3558 53.5969
v  -16.5715 5.3367 53.4094
v  -16.6524 5.3192 53.2644
v  -16.8273 5.8735 53.1250
v  -16.8470 5.3096 53.1830
v  -17.0689 5.3140 53.2522
v  -17.3889 6.1425 53.8907
v  -16.4223 5.6329 52.9944
v  -16.5021 5.7102 53.1570
v  -16.4217 5.7982 53.3395
v  -17.0847 5.6027 54.0053
v  -17.0181 5.6330 54.0405
v  -16.9111 5.5242 54.0414
v  -16.9513 5.4635 54.0053
v  -17.0074 5.7215 53.9628
v  -17.1530 5.6549 53.8907
v  -17.2812 5.5960 53.9636
v  -16.3629 7.5525 54.0464
v  -16.3192 7.5230 53.8249
v  -16.5185 7.9102 53.8727
v  -16.5918 7.5154 54.0594
v  -17.0833 7.2150 53.2012
v  -17.0219 6.8578 53.0437
v  -17.2439 6.8621 53.1129
v  -17.2227 6.8851 53.4715
v  -17.3114 6.8725 53.2973
v  -16.8273 6.9040 53.4575
v  -16.7464 6.8849 53.2700
v  -17.0346 6.8999 53.5237
v  -17.2433 7.2028 53.9628
v  -16.4223 7.1431 52.7471
v  -16.5021 7.2203 52.9096
v  -16.4217 7.3084 53.0921
v  -17.5171 7.0774 53.9636
v  -17.1364 6.3181 53.4366
v  -17.0477 6.3307 53.6108
v  -16.8596 6.3455 53.6631
v  -16.6523 6.3496 53.5969
v  -16.5715 6.3305 53.4094
v  -16.6524 6.3129 53.2644
v  -16.8273 6.8673 53.1250
v  -16.8470 6.3034 53.1830
v  -17.0689 6.3077 53.2522
v  -17.3889 7.1363 53.8907
v  -16.4223 6.6267 52.9944
v  -16.5021 6.7039 53.1570
v  -16.4217 6.7920 53.3395
v  -17.0847 6.5965 54.0053
v  -17.0181 6.6268 54.0405
v  -16.9111 6.5180 54.0414
v  -16.9513 6.4573 54.0053
v  -17.0074 6.7153 53.9628
v  -17.1530 6.6487 53.8907
v  -17.2812 6.5898 53.9636
v  -16.7365 7.4591 53.8987
v  -16.3266 6.7874 54.0468
v  -16.3873 6.7874 54.0468
v  -16.4568 7.4681 53.6661
v  -16.6479 7.4471 53.7382
v  -16.4770 6.9869 53.9800
v  -16.4172 6.9967 53.9766
v  -16.3205 7.0746 54.0805
v  -16.5494 7.0374 54.0936
v  -16.4058 6.9889 53.9188
v  -16.2768 7.0450 53.8590
v  -16.4417 6.9746 53.8773
v  -16.4144 6.9901 53.7003
v  -16.4916 6.9691 53.8961
v  -16.6054 6.9691 53.7724
v  -16.5148 6.9722 53.9380
v  -16.6941 6.9811 53.9328
v  -16.9220 4.2029 53.5182
v  -16.8911 4.2186 53.5794
v  -16.8251 4.2362 53.5970
v  -16.7519 4.2460 53.5728
v  -16.7226 4.2353 53.5065
v  -16.7505 4.2187 53.4558
v  -16.8190 4.2021 53.4277
v  -16.8977 4.1954 53.4528
v  -16.3120 4.3474 53.6745
v  -16.3120 4.5084 53.2739
v  -16.3441 4.4118 53.6762
v  -16.3441 4.5343 53.3242
v  -16.3118 4.4851 53.6745
v  -16.3118 4.5702 53.3658
v  -16.5363 4.0566 53.9069
v  -16.5266 3.9834 53.8786
v  -16.5046 3.9461 53.8116
v  -23.5234 7.0264 53.9402
v  -17.0408 2.6339 53.8935
v  -17.0056 2.4851 53.7807
v  -16.9676 2.2711 53.8935
v  -17.6082 2.7363 53.9672
v  -17.5479 2.6504 53.9222
v  -17.6064 2.5704 53.9672
v  -19.5740 3.9698 54.0193
v  -19.6285 4.0709 54.0200
v  -19.6987 3.8086 54.0200
v  -19.6359 3.7953 54.0193
v  -21.4002 5.0538 54.0300
v  -21.7645 5.4382 53.9032
v  -21.4004 5.0190 54.0131
v  -21.7882 5.5485 53.7845
v  -21.4009 4.9167 54.0300
v  -21.8365 5.3579 53.8605
v  -22.3918 6.0127 53.7735
v  -22.4234 6.1247 53.6096
v  -22.5063 5.9611 53.7061
v  -23.2174 6.7903 53.6992
v  -18.5852 3.4509 54.0111
v  -18.5241 3.3903 54.0087
v  -18.6508 3.1685 54.0111
v  -18.5639 3.1639 54.0087
v  -20.5975 4.6101 54.0260
v  -20.5450 4.5501 54.0224
v  -20.6390 4.3944 54.0260
v  -20.5792 4.3918 54.0224
v  -19.7023 4.0550 54.0206
v  -19.7545 3.9966 54.0008
v  -20.5398 4.4486 53.9926
v  -19.7399 3.8642 54.0206
v  -18.6604 3.4569 54.0135
v  -18.7318 3.3700 53.9860
v  -19.5796 3.8482 53.9954
v  -18.7195 3.2695 54.0135
v  -20.6594 4.6140 54.0274
v  -20.6878 4.5276 54.0010
v  -20.6880 4.4376 54.0274
v  -17.7092 2.7703 53.9743
v  -17.8122 2.7451 53.9813
v  -17.8364 2.6066 53.9813
v  -17.7536 2.5537 53.9743
v  -18.5023 3.2494 53.9790
v  -17.8334 2.6652 53.9712
v  -22.9948 5.8193 52.7222
v  -23.0866 6.1796 52.5104
v  -22.7995 6.1726 52.5140
v  -21.2371 4.7277 53.4849
v  -21.2799 4.6703 53.5300
v  -21.7261 4.7319 53.4646
v  -21.6240 4.9192 53.2150
v  -21.3028 4.7139 53.5521
v  -21.7665 4.8088 53.5599
v  -21.3023 4.7435 53.5509
v  -21.6770 4.8333 53.4967
v  -21.2671 4.8258 53.5129
v  -21.5238 4.9995 53.3613
v  -21.2246 4.8841 53.4681
v  -21.4486 5.2466 53.2533
v  -21.2129 4.8765 53.4563
v  -21.4316 5.4148 53.2029
v  -21.2022 4.8108 53.4472
v  -21.4541 5.2240 53.1748
v  -22.2682 5.0329 53.2127
v  -22.1128 5.2717 52.9391
v  -22.2981 5.0669 53.3394
v  -22.1834 5.1275 53.2590
v  -21.9975 5.3406 53.0936
v  -21.8680 5.6981 52.9228
v  -21.8355 5.9038 52.8464
v  -21.8926 5.7124 52.8124
v  -22.8791 5.4841 52.9765
v  -22.4676 6.2286 52.5380
v  -22.0320 5.2593 52.7222
v  -22.1238 5.6196 52.5104
v  -21.8367 5.6125 52.5140
v  -20.2743 4.1677 53.4849
v  -20.3171 4.1102 53.5300
v  -20.7633 4.1719 53.4646
v  -20.6612 4.3591 53.2150
v  -20.3400 4.1539 53.5521
v  -20.8037 4.2487 53.5599
v  -20.3395 4.1835 53.5509
v  -20.7142 4.2733 53.4967
v  -20.3043 4.2658 53.5129
v  -20.5610 4.4395 53.3613
v  -20.2618 4.3241 53.4681
v  -20.4858 4.6865 53.2533
v  -20.2501 4.3164 53.4563
v  -20.4688 4.8547 53.2029
v  -20.2394 4.2508 53.4472
v  -20.4913 4.6639 53.1748
v  -21.3054 4.4729 53.2127
v  -21.1500 4.7116 52.9391
v  -21.3353 4.5069 53.3394
v  -21.2206 4.5674 53.2590
v  -21.0347 4.7805 53.0936
v  -20.9052 5.1381 52.9228
v  -20.8727 5.3437 52.8464
v  -20.9298 5.1523 52.8124
v  -21.9163 4.9240 52.9765
v  -21.5048 5.6685 52.5380
v  -20.9788 4.6301 52.7222
v  -21.0706 4.9905 52.5104
v  -20.7835 4.9834 52.5140
v  -19.2211 3.5385 53.4849
v  -19.2639 3.4811 53.5300
v  -19.7101 3.5427 53.4646
v  -19.6080 3.7300 53.2150
v  -19.2867 3.5248 53.5521
v  -19.7505 3.6196 53.5599
v  -19.2863 3.5543 53.5509
v  -19.6610 3.6441 53.4967
v  -19.2511 3.6367 53.5129
v  -19.5078 3.8103 53.3613
v  -19.2086 3.6949 53.4681
v  -19.4326 4.0574 53.2533
v  -19.1969 3.6873 53.4563
v  -19.4156 4.2256 53.2029
v  -19.1862 3.6217 53.4472
v  -19.4381 4.0348 53.1748
v  -20.2522 3.8437 53.2127
v  -20.0968 4.0825 52.9391
v  -20.2821 3.8778 53.3394
v  -20.1674 3.9383 53.2590
v  -19.9815 4.1514 53.0936
v  -19.8519 4.5090 52.9228
v  -19.8195 4.7146 52.8464
v  -19.8766 4.5232 52.8124
v  -20.8631 4.2949 52.9765
v  -20.4516 5.0394 52.5380
v  -19.7114 3.8646 52.7222
v  -19.8032 4.2249 52.5104
v  -19.5162 4.2179 52.5140
v  -17.9537 2.7730 53.4849
v  -17.9965 2.7155 53.5300
v  -18.4427 2.7772 53.4646
v  -18.3406 2.9645 53.2150
v  -18.0194 2.7592 53.5521
v  -18.4832 2.8540 53.5599
v  -18.0190 2.7888 53.5509
v  -18.3936 2.8786 53.4967
v  -17.9838 2.8711 53.5129
v  -18.2404 3.0448 53.3613
v  -17.9413 2.9294 53.4681
v  -18.1652 3.2918 53.2533
v  -17.9295 2.9218 53.4563
v  -18.1482 3.4600 53.2029
v  -17.9188 2.8561 53.4472
v  -18.1707 3.2692 53.1748
v  -18.9848 3.0782 53.2127
v  -18.8294 3.3169 52.9391
v  -19.0147 3.1122 53.3394
v  -18.9000 3.1728 53.2590
v  -18.7142 3.3859 53.0936
v  -18.5846 3.7434 52.9228
v  -18.5522 3.9491 52.8464
v  -18.6092 3.7577 52.8124
v  -19.5957 3.5294 52.9765
v  -19.1842 4.2738 52.5380
v  -20.9761 9.1499 53.9402
v  -16.9337 3.7840 53.8935
v  -16.9409 3.6292 53.7807
v  -16.9465 3.4509 53.8935
v  -17.3871 3.9815 53.9672
v  -17.3720 3.8853 53.9222
v  -17.4403 3.8244 53.9672
v  -18.5743 5.4527 54.0193
v  -18.5990 5.5436 54.0200
v  -18.6871 5.3945 54.0200
v  -18.6438 5.3597 54.0193
v  -19.7321 6.9387 54.0300
v  -19.9390 7.3493 53.9032
v  -19.7372 6.9152 54.0131
v  -19.9402 7.4339 53.7845
v  -19.7522 6.8459 54.0300
v  -20.0023 7.3244 53.8605
v  -20.3077 7.9969 53.7735
v  -20.3144 8.0859 53.6096
v  -20.3974 8.0090 53.7061
v  -20.7900 8.8639 53.6992
v  -17.9377 4.6942 54.0111
v  -17.9025 4.6279 54.0087
v  -18.0253 4.5295 54.0111
v  -17.9635 4.4906 54.0087
v  -19.2185 6.3077 54.0260
v  -19.1894 6.2455 54.0224
v  -19.2792 6.1784 54.0260
v  -19.2366 6.1521 54.0224
v  -18.6544 5.5632 54.0206
v  -18.7003 5.5450 54.0008
v  -19.2001 6.1744 53.9926
v  -18.7087 5.4491 54.0206
v  -17.9910 4.7291 54.0135
v  -18.0547 4.6995 53.9860
v  -18.5958 5.3724 53.9954
v  -18.0602 4.6262 54.0135
v  -19.2625 6.3358 54.0274
v  -19.2952 6.2888 54.0010
v  -19.3083 6.2279 54.0274
v  -17.4486 4.0389 53.9743
v  -17.5309 4.0408 53.9813
v  -17.5938 3.9159 53.9813
v  -17.5515 3.8453 53.9743
v  -17.9070 4.5234 53.9790
v  -17.5724 3.9705 53.9712
v  -20.7689 8.1134 52.7222
v  -20.7833 8.3957 52.5104
v  -20.5780 8.2730 52.5140
v  -19.6615 6.6504 53.4849
v  -19.7005 6.6290 53.5300
v  -20.0124 6.8541 53.4646
v  -19.9123 6.9393 53.2150
v  -19.7107 6.6680 53.5521
v  -20.0305 6.9229 53.5599
v  -19.7061 6.6879 53.5509
v  -19.9626 6.9028 53.4967
v  -19.6690 6.7293 53.5129
v  -19.8287 6.9526 53.3613
v  -19.6302 6.7514 53.4681
v  -19.7393 7.0894 53.2533
v  -19.6228 6.7414 53.4563
v  -19.7030 7.1966 53.2029
v  -19.6245 6.6925 53.4472
v  -19.7465 7.0763 53.1748
v  -20.3591 7.2812 53.2127
v  -20.2132 7.3794 52.9391
v  -20.3757 7.3165 53.3394
v  -20.2846 7.3105 53.2590
v  -20.1205 7.3788 53.0936
v  -19.9761 7.5682 52.9228
v  -19.9234 7.6945 52.8464
v  -19.9918 7.5880 52.8124
v  -20.7337 7.8384 52.9765
v  -20.3313 8.1746 52.5380
v  -20.1569 7.3377 52.7222
v  -20.1713 7.6200 52.5104
v  -19.9659 7.4973 52.5140
v  -19.0495 5.8747 53.4849
v  -19.0885 5.8533 53.5300
v  -19.4004 6.0784 53.4646
v  -19.3002 6.1636 53.2150
v  -19.0986 5.8923 53.5521
v  -19.4185 6.1472 53.5599
v  -19.0941 5.9122 53.5509
v  -19.3506 6.1271 53.4967
v  -19.0570 5.9536 53.5129
v  -19.2167 6.1770 53.3613
v  -19.0181 5.9757 53.4681
v  -19.1272 6.3137 53.2533
v  -19.0108 5.9657 53.4563
v  -19.0910 6.4209 53.2029
v  -19.0125 5.9168 53.4472
v  -19.1345 6.3006 53.1748
v  -19.7471 6.5055 53.2127
v  -19.6012 6.6037 52.9391
v  -19.7637 6.5408 53.3394
v  -19.6726 6.5348 53.2590
v  -19.5084 6.6031 53.0936
v  -19.3641 6.7925 52.9228
v  -19.3114 6.9188 52.8464
v  -19.3798 6.8123 52.8124
v  -20.1217 7.0627 52.9765
v  -19.7193 7.3989 52.5380
v  -19.4897 6.4780 52.7222
v  -19.5042 6.7603 52.5104
v  -19.2988 6.6375 52.5140
v  -18.3823 5.0149 53.4849
v  -18.4213 4.9935 53.5300
v  -18.7333 5.2187 53.4646
v  -18.6331 5.3039 53.2150
v  -18.4315 5.0326 53.5521
v  -18.7514 5.2875 53.5599
v  -18.4270 5.0525 53.5509
v  -18.6835 5.2673 53.4967
v  -18.3899 5.0939 53.5129
v  -18.5496 5.3172 53.3613
v  -18.3510 5.1159 53.4681
v  -18.4601 5.4540 53.2533
v  -18.3436 5.1060 53.4563
v  -18.4238 5.5611 53.2029
v  -18.3454 5.0570 53.4472
v  -18.4673 5.4409 53.1748
v  -19.0799 5.6457 53.2127
v  -18.9340 5.7439 52.9391
v  -19.0966 5.6811 53.3394
v  -19.0054 5.6751 53.2590
v  -18.8413 5.7433 53.0936
v  -18.6970 5.9328 52.9228
v  -18.6442 6.0590 52.8464
v  -18.7127 5.9526 52.8124
v  -19.4545 6.2029 52.9765
v  -19.0521 6.5391 52.5380
v  -18.6882 5.4377 52.7222
v  -18.7026 5.7200 52.5104
v  -18.4972 5.5972 52.5140
v  -17.5808 3.9746 53.4849
v  -17.6198 3.9532 53.5300
v  -17.9317 4.1784 53.4646
v  -17.8315 4.2636 53.2150
v  -17.6299 3.9922 53.5521
v  -17.9498 4.2472 53.5599
v  -17.6254 4.0122 53.5509
v  -17.8819 4.2270 53.4967
v  -17.5883 4.0536 53.5129
v  -17.7480 4.2769 53.3613
v  -17.5494 4.0756 53.4681
v  -17.6585 4.4137 53.2533
v  -17.5421 4.0657 53.4563
v  -17.6223 4.5208 53.2029
v  -17.5438 4.0167 53.4472
v  -17.6658 4.4006 53.1748
v  -18.2784 4.6054 53.2127
v  -18.1325 4.7036 52.9391
v  -18.2950 4.6408 53.3394
v  -18.2039 4.6348 53.2590
v  -18.0397 4.7030 53.0936
v  -17.8954 4.8925 52.9228
v  -17.8427 5.0187 52.8464
v  -17.9111 4.9123 52.8124
v  -18.6530 5.1626 52.9765
v  -18.2506 5.4988 52.5380
v  -16.4344 3.9834 53.7735
v  -16.4108 4.0566 53.7612
v  -16.4344 4.1203 53.7735
v  -16.5112 4.4095 53.8124
v  -16.5107 4.4842 53.8120
v  -16.6031 4.4114 54.0054
v  -16.6186 4.4846 54.0406
v  -16.5266 4.1207 53.8783
v  -16.6187 4.3468 54.0410
v  -16.5104 4.5381 53.8118
v  -16.5050 4.1548 53.8122
v  -16.7538 4.0711 53.7025
v  -16.7615 4.0266 53.6577
v  -16.7223 4.1119 53.6970
v  -16.6820 4.1339 53.6518
v  -16.6348 4.1112 53.5993
v  -16.6343 4.0711 53.5678
v  -16.6737 4.0262 53.5599
v  -16.7406 4.0042 53.5916
v  -16.3120 4.5853 53.1561
v  -16.3441 4.6125 53.2145
v  -16.3118 4.6448 53.2803
v  -16.9872 4.4161 54.0402
v  -17.1434 4.5827 54.0411
v  -16.9220 5.1961 53.5182
v  -16.8911 5.2118 53.5794
v  -16.8251 5.2294 53.5970
v  -16.7519 5.2392 53.5728
v  -16.7226 5.2284 53.5065
v  -16.7505 5.2118 53.4558
v  -16.8190 5.1953 53.4277
v  -16.8977 5.1886 53.4528
v  -16.3120 5.3406 53.6745
v  -16.3120 5.5016 53.2739
v  -16.3441 5.4050 53.6762
v  -16.3441 5.5275 53.3242
v  -16.3118 5.4783 53.6745
v  -16.3118 5.5633 53.3658
v  -16.5363 5.0498 53.9069
v  -16.5266 4.9766 53.8786
v  -16.5046 4.9393 53.8116
v  -16.4344 4.9766 53.7735
v  -16.4108 5.0498 53.7612
v  -16.4344 5.1134 53.7735
v  -16.5112 5.4027 53.8124
v  -16.5107 5.4774 53.8120
v  -16.6031 5.4046 54.0054
v  -16.6186 5.4778 54.0406
v  -16.5266 5.1139 53.8783
v  -16.6187 5.3400 54.0410
v  -16.5104 5.5313 53.8118
v  -16.5050 5.1480 53.8122
v  -16.7538 5.0643 53.7025
v  -16.7615 5.0198 53.6577
v  -16.7223 5.1051 53.6970
v  -16.6820 5.1271 53.6518
v  -16.6348 5.1044 53.5993
v  -16.6343 5.0643 53.5678
v  -16.6737 5.0194 53.5599
v  -16.7406 4.9974 53.5916
v  -16.3120 5.5785 53.1561
v  -16.3441 5.6057 53.2145
v  -16.3118 5.6379 53.2803
v  -16.9872 5.4093 54.0402
v  -17.1434 5.5759 54.0411
v  -16.9220 6.1899 53.5182
v  -16.8911 6.2056 53.5794
v  -16.8251 6.2232 53.5970
v  -16.7519 6.2330 53.5728
v  -16.7226 6.2222 53.5065
v  -16.7505 6.2056 53.4558
v  -16.8190 6.1891 53.4277
v  -16.8977 6.1824 53.4528
v  -16.3120 6.3344 53.6745
v  -16.3120 6.4954 53.2739
v  -16.3441 6.3988 53.6762
v  -16.3441 6.5213 53.3242
v  -16.3118 6.4721 53.6745
v  -16.3118 6.5571 53.3658
v  -16.5363 6.0436 53.9069
v  -16.5266 5.9704 53.8786
v  -16.5104 6.5251 53.8118
v  -16.4414 6.6861 53.8936
v  -16.5046 5.9331 53.8116
v  -16.4344 5.9704 53.7735
v  -16.4108 6.0436 53.7612
v  -16.4344 6.1072 53.7735
v  -16.5112 6.3965 53.8124
v  -16.5107 6.4712 53.8120
v  -16.6031 6.3984 54.0054
v  -16.6186 6.4716 54.0406
v  -16.5266 6.1077 53.8783
v  -16.6187 6.3338 54.0410
v  -16.5050 6.1418 53.8122
v  -16.7538 6.0581 53.7025
v  -16.7615 6.0136 53.6577
v  -16.7223 6.0989 53.6970
v  -16.6820 6.1209 53.6518
v  -16.6348 6.0982 53.5993
v  -16.6343 6.0581 53.5678
v  -16.6737 6.0132 53.5599
v  -16.7406 5.9912 53.5916
v  -16.3120 6.5722 53.1561
v  -16.3441 6.5995 53.2145
v  -16.3118 6.6317 53.2803
v  -16.9872 6.4031 54.0402
v  -17.1434 6.5697 54.0411
v  -16.3094 6.7874 53.9871
v  -16.3488 6.7467 53.9445
v  -16.3999 6.7468 53.9607
v  -16.4367 6.7467 54.0115
v  -16.3994 6.8485 53.9882
v  -16.4596 6.8436 53.9899
v  -16.3850 6.8446 53.9295
v  -16.4227 6.8171 53.8874
v  -16.4732 6.8144 53.9050
v  -16.5032 6.8159 53.9513
# 3070 vertices

vn 0.0000 -1.0000 -0.0000
vn 0.5555 -0.6414 0.5292
vn 0.0000 -0.6161 0.7877
vn 0.7817 -0.6236 -0.0000
vn 0.5852 -0.1497 0.7969
vn 0.0000 0.0000 1.0000
vn 0.7728 -0.6347 -0.0000
vn 0.2083 0.0000 0.9781
vn 0.5619 0.1597 0.8117
vn 0.5928 -0.1459 0.7920
vn 0.6026 0.7980 -0.0000
vn 0.7770 -0.6295 0.0000
vn -0.6575 0.7534 -0.0000
vn -0.7430 0.5767 -0.3397
vn -0.8049 0.5935 -0.0000
vn 0.7665 -0.6422 0.0000
vn 0.9335 -0.3585 -0.0000
vn 0.8087 -0.2878 0.5129
vn 0.6220 -0.4389 0.6484
vn -0.6418 0.7034 -0.3055
vn 0.0553 -0.4909 0.8694
vn 0.7074 -0.4576 0.5387
vn 0.3605 -0.3099 0.8798
vn 0.0990 0.5424 -0.8343
vn -0.1026 0.4755 -0.8737
vn -0.2034 0.5899 -0.7815
vn 0.0785 0.3101 -0.9475
vn 0.0518 -0.0458 0.9976
vn -0.2249 -0.0959 0.9696
vn 0.5815 -0.7296 0.3600
vn -0.0926 0.6813 -0.7261
vn 0.2172 0.3930 -0.8935
vn 0.2025 0.0014 0.9793
vn -0.8610 0.5086 0.0000
vn -0.8982 0.3645 -0.2456
vn -0.9296 0.3685 -0.0000
vn 0.9153 -0.4027 -0.0000
vn 0.9874 -0.1584 0.0000
vn 0.9003 -0.0951 0.4248
vn 0.8079 -0.2825 0.5172
vn -0.8516 0.4851 -0.1985
vn 0.3379 -0.5354 0.7740
vn 0.8581 -0.3021 0.4151
vn 0.5550 -0.2561 0.7915
vn -0.2384 0.6418 -0.7289
vn -0.4132 0.5074 -0.7562
vn -0.5283 0.5705 -0.6288
vn -0.0999 0.3958 -0.9129
vn 0.0943 -0.0410 0.9947
vn -0.1998 -0.1944 0.9604
vn 0.8094 -0.5235 0.2663
vn -0.4753 0.6733 -0.5664
vn -0.0218 0.5412 -0.8406
vn 0.5550 -0.2561 0.7914
vn -0.2385 0.6418 -0.7289
vn -0.5284 0.5705 -0.6288
vn -0.0999 0.3957 -0.9129
vn 0.1009 0.9755 0.1955
vn -0.0226 0.0749 0.9969
vn 0.7048 0.0317 0.7087
vn 0.6492 0.3104 -0.6944
vn 0.9903 0.1333 -0.0396
vn -0.5649 0.5584 -0.6075
vn -0.8732 0.4736 0.1152
vn 0.0285 0.4755 -0.8793
vn -0.8102 0.5862 0.0000
vn -0.5107 0.4528 0.7309
vn 0.3187 0.9479 -0.0000
vn -0.0000 0.8996 0.4366
vn 0.6763 -0.0748 0.7328
vn 0.9691 0.2131 0.1245
vn 0.7137 0.5075 -0.4828
vn 0.9860 -0.1666 -0.0000
vn 0.7415 -0.0644 0.6678
vn 0.8228 -0.5595 -0.1003
vn 0.5657 -0.3420 -0.7503
vn -0.0335 -0.1022 -0.9942
vn -0.6954 -0.1006 -0.7115
vn -0.9609 -0.2760 0.0216
vn -0.6382 -0.4590 0.6181
vn -0.6118 0.2625 0.7462
vn -0.0806 -0.5832 0.8083
vn 0.5363 -0.6375 0.5531
vn 0.0000 0.6512 -0.7589
vn 0.0000 -0.1924 0.9813
vn 0.1356 0.1957 0.9712
vn 0.0000 -0.7333 0.6799
vn 0.6339 -0.6569 0.4083
vn 0.9128 -0.3763 -0.1589
vn 0.6685 -0.1102 -0.7355
vn -0.0000 0.1061 -0.9944
vn -0.2054 -0.5142 0.8327
vn -0.7051 -0.0578 0.7067
vn -0.2939 0.5750 0.7636
vn 0.0420 -0.1010 0.9940
vn -0.7183 -0.0936 0.6894
vn -0.1468 -0.4058 0.9021
vn 0.3805 -0.6977 0.6071
vn 0.6002 -0.7998 -0.0000
vn -0.6152 0.3295 -0.7162
vn -0.9161 0.2656 0.3002
vn 0.0431 0.9982 0.0415
vn 0.4212 0.2405 -0.8745
vn 0.9845 0.1571 -0.0786
vn 0.5262 0.8503 -0.0000
vn 0.0000 1.0000 -0.0000
vn -0.1061 0.9869 -0.1216
vn 0.2239 0.9164 -0.3318
vn -0.2009 0.1753 0.9638
vn 0.6543 0.1165 0.7472
vn 0.1346 -0.6226 -0.7708
vn -0.5190 -0.6175 -0.5911
vn -0.6216 -0.3537 -0.6990
vn 0.2562 -0.4623 -0.8489
vn -0.8076 -0.5873 0.0540
vn -0.8846 -0.4385 0.1586
vn -0.3320 -0.7858 0.5218
vn -0.2850 -0.5966 0.7502
vn 0.3709 -0.8131 0.4486
vn 0.4607 -0.6951 0.5518
vn 0.5335 -0.8065 -0.2549
vn 0.7652 -0.6214 -0.1684
vn 0.6557 -0.7351 -0.1724
vn 0.5247 -0.3824 -0.7606
vn 0.0094 0.0400 -0.9992
vn -0.6249 0.0297 -0.7801
vn -0.9664 -0.2569 -0.0107
vn -0.6134 -0.5845 0.5311
vn -0.1169 -0.7789 0.6162
vn 0.3850 -0.8460 0.3689
vn 0.5795 -0.5907 -0.5614
vn 0.5832 -0.7306 0.3552
vn -0.0000 -0.9011 0.4336
vn 0.0000 -0.4870 0.8734
vn 0.8446 -0.0066 0.5353
vn 0.9962 -0.0864 0.0131
vn 0.7275 0.5903 0.3499
vn 0.7487 0.5998 -0.2824
vn 0.0000 0.7510 0.6603
vn 0.0000 0.5551 -0.8318
vn 1.0000 0.0000 -0.0000
vn 0.7960 -0.6054 -0.0000
vn 0.9980 0.0530 0.0359
vn 0.9872 -0.1502 0.0541
vn 0.5175 -0.4234 0.7436
vn 0.5233 0.8522 -0.0000
vn -0.2649 0.7369 0.6220
vn 0.1308 0.7201 0.6814
vn -0.0457 0.9990 -0.0000
vn 0.0859 0.0608 0.9944
vn 0.4117 -0.7229 0.5549
vn 0.4078 -0.9131 0.0000
vn -0.3588 0.8144 0.4560
vn -0.1323 0.9912 -0.0000
vn -0.1391 0.0171 0.9901
vn -0.0217 -0.7020 0.7119
vn 0.4116 -0.9113 -0.0000
vn -0.4756 0.8797 -0.0000
vn -0.4752 0.2675 0.8382
vn -0.4794 0.7327 0.4831
vn -0.4512 0.8924 -0.0000
vn 0.5165 -0.8563 -0.0000
vn 0.5738 -0.8190 -0.0000
vn 0.4365 -0.8446 0.3100
vn 0.0905 -0.6284 0.7726
vn 0.8429 -0.5380 -0.0000
vn -0.6697 0.7278 0.1478
vn -0.5903 0.7103 -0.3835
vn -0.7074 0.7068 -0.0000
vn -0.3342 0.1018 0.9370
vn -0.6716 0.4653 0.5767
vn 0.5618 -0.7357 0.3783
vn 0.2832 -0.5585 0.7797
vn 0.5652 -0.8249 -0.0000
vn -0.6198 0.7348 -0.2755
vn -0.6591 0.7520 -0.0000
vn -0.4421 0.4538 0.7737
vn 0.4544 -0.5781 0.6777
vn 0.6689 -0.7434 -0.0000
vn -0.1828 0.6273 0.7570
vn -0.4354 0.7269 0.5310
vn -0.4801 0.8772 0.0000
vn -0.7462 0.6657 -0.0000
vn -0.4965 0.4015 0.7696
vn 0.6962 -0.7178 -0.0000
vn 0.5436 -0.8393 -0.0000
vn 0.3586 -0.8743 0.3272
vn 0.0460 -0.5419 0.8392
vn -0.4873 0.7676 0.4163
vn -0.4465 0.8948 0.0000
vn -0.4963 0.8681 0.0000
vn -0.4883 0.3993 0.7760
vn 0.5112 -0.8595 -0.0000
vn 0.6006 -0.7996 0.0000
vn 0.2792 -0.8762 0.3928
vn 0.0609 -0.5834 0.8099
vn -0.5090 0.8608 -0.0000
vn 0.2060 0.9175 0.3403
vn 0.9349 0.2420 0.2596
vn -0.2483 -0.1153 0.9618
vn 0.8102 -0.5420 0.2230
vn 0.4945 -0.8692 -0.0000
vn -0.4843 0.8749 0.0000
vn 0.0168 0.8727 0.4880
vn 0.9652 0.1887 0.1812
vn -0.1920 -0.1484 0.9701
vn 0.8182 -0.5323 0.2171
vn 0.5013 -0.8653 -0.0000
vn -0.3654 0.9309 -0.0000
vn 0.0381 0.9037 0.4265
vn 0.9933 0.0566 0.1005
vn 0.7163 -0.6787 0.1622
vn 0.6537 -0.7567 -0.0000
vn -0.0895 0.9811 0.1717
vn 0.3831 0.7190 0.5799
vn -0.8028 0.5963 -0.0000
vn -0.2097 0.9778 -0.0000
vn 0.6152 -0.7884 -0.0000
vn 0.6193 -0.5984 0.5084
vn 0.1882 -0.9509 0.2457
vn 0.2794 -0.9602 -0.0000
vn -0.2530 -0.0458 0.9664
vn 0.8833 0.0710 0.4635
vn 0.6673 0.2552 -0.6997
vn 0.6974 0.6946 0.1767
vn 0.0427 0.9991 0.0074
vn -0.2693 -0.6002 0.7531
vn 0.2332 -0.9550 0.1832
vn 0.2756 -0.9606 0.0347
vn -0.1318 -0.5886 0.7976
vn 0.3453 -0.2721 -0.8982
vn 0.2317 -0.0271 -0.9724
vn 0.2751 0.2821 -0.9191
vn -0.0924 0.7500 -0.6550
vn 0.2416 0.5916 -0.7692
vn 0.1028 0.5446 -0.8324
vn -0.3208 0.7831 -0.5328
vn 0.2840 0.3698 -0.8846
vn -0.8373 0.4963 0.2296
vn -0.6636 0.6707 -0.3315
vn -0.5086 -0.2020 0.8370
vn -0.5723 -0.1500 0.8062
vn 0.3725 -0.8705 0.3218
vn -0.0637 -0.5657 0.8221
vn 0.5100 -0.1413 -0.8485
vn -0.0371 0.6805 -0.7318
vn 0.0948 0.5521 -0.8284
vn 0.2348 0.4206 -0.8763
vn -0.5895 0.8062 -0.0512
vn -0.4250 -0.1859 0.8859
vn 0.6848 0.0375 -0.7278
vn -0.2189 0.9646 0.1469
vn -0.2614 -0.5968 0.7586
vn 0.2481 -0.9480 0.1991
vn 0.2756 -0.9606 0.0348
vn 0.3495 -0.2705 -0.8970
vn 0.2898 0.2828 -0.9144
vn 0.2406 0.5913 -0.7697
vn -0.3141 0.7880 -0.5296
vn -0.8384 0.4966 0.2247
vn -0.5117 -0.1971 0.8363
vn 0.6848 0.0375 -0.7277
vn -0.2535 -0.5955 0.7623
vn 0.2561 -0.9450 0.2033
vn 0.3558 -0.2744 -0.8934
vn 0.2924 0.2839 -0.9132
vn 0.2512 0.5932 -0.7648
vn -0.3124 0.7893 -0.5285
vn -0.8313 0.5000 0.2429
vn -0.4964 -0.2007 0.8446
vn -0.3718 -0.6156 0.6948
vn 0.1394 -0.9513 0.2748
vn 0.5631 -0.3102 -0.7659
vn 0.4920 0.3190 -0.8101
vn 0.3999 0.6342 -0.6617
vn -0.3445 0.7991 -0.4927
vn -0.8744 0.4519 0.1767
vn -0.5984 -0.2149 0.7719
vn 0.2989 0.9543 -0.0000
vn -0.3296 0.6536 0.6813
vn 0.5827 0.8127 0.0000
vn 0.0980 0.7014 0.7060
vn -0.0510 0.9987 -0.0000
vn 0.1332 -0.0066 0.9911
vn 0.4971 -0.6607 0.5625
vn 0.4726 -0.8813 -0.0000
vn -0.5932 0.6429 0.4845
vn -0.2357 0.9718 -0.0000
vn -0.2875 -0.0955 0.9530
vn 0.1660 -0.7354 0.6569
vn 0.5771 -0.8167 -0.0000
vn -0.7717 0.6359 -0.0000
vn -0.6675 0.1834 0.7217
vn -0.7665 0.5564 0.3209
vn -0.7591 0.6510 -0.0000
vn 0.7917 -0.6109 -0.0000
vn 0.8200 -0.5724 -0.0000
vn 0.7503 -0.6325 0.1925
vn 0.4518 -0.6335 0.6281
vn 0.9991 -0.0418 0.0000
vn -0.8648 0.4847 0.1312
vn -0.8235 0.5076 -0.2535
vn -0.8838 0.4678 0.0000
vn -0.4595 0.0256 0.8878
vn -0.6898 0.1341 0.7115
vn 0.7579 -0.5052 0.4128
vn 0.5628 -0.5085 0.6516
vn 0.8168 -0.5769 0.0000
vn -0.8409 0.5113 -0.1771
vn -0.8611 0.5085 -0.0000
vn -0.4445 0.2095 0.8709
vn 0.7067 -0.4576 0.5396
vn 0.8659 -0.5003 -0.0000
vn -0.2401 0.5011 0.8314
vn -0.7350 0.5735 0.3616
vn -0.7737 0.6336 -0.0000
vn -0.8923 0.4515 -0.0000
vn -0.7185 0.3174 0.6189
vn 0.9156 -0.4021 0.0000
vn 0.8052 -0.5930 0.0000
vn 0.7041 -0.6788 0.2084
vn 0.3797 -0.5784 0.7220
vn -0.7704 0.5785 0.2679
vn -0.7568 0.6536 -0.0000
vn -0.7826 0.6225 -0.0000
vn -0.7153 0.3110 0.6258
vn 0.7886 -0.6149 -0.0000
vn 0.8331 -0.5532 0.0000
vn 0.6576 -0.7086 0.2558
vn 0.4173 -0.6072 0.6761
vn -0.7884 0.6152 -0.0000
vn -0.2959 0.8950 0.3339
vn 0.8467 0.4706 0.2482
vn -0.2028 -0.2142 0.9555
vn 0.9243 -0.3251 0.2002
vn 0.7812 -0.6242 -0.0000
vn -0.7759 0.6309 -0.0000
vn -0.4158 0.7928 0.4456
vn 0.8964 0.4285 0.1134
vn -0.1107 -0.2234 0.9684
vn 0.9284 -0.3171 0.1938
vn 0.7843 -0.6204 0.0000
vn -0.7128 0.7013 -0.0000
vn -0.4126 0.8225 0.3915
vn 0.9563 0.2914 0.0222
vn 0.8894 -0.4395 0.1258
vn 0.8589 -0.5122 -0.0000
vn -0.3739 0.8757 0.3056
vn 0.1494 0.6954 0.7029
vn -0.9052 0.4250 -0.0000
vn -0.5719 0.8204 0.0000
vn 0.8660 -0.5001 0.0000
vn 0.8305 -0.2634 0.4908
vn 0.5544 -0.8142 0.1724
vn 0.6438 -0.7652 -0.0000
vn -0.2350 -0.1338 0.9627
vn 0.7456 0.2993 0.5954
vn 0.4910 0.5130 -0.7041
vn 0.4449 0.8705 0.2102
vn -0.4786 0.8780 -0.0050
vn 0.0926 -0.7460 0.6594
vn 0.6038 -0.7783 0.1723
vn 0.6598 -0.7506 0.0343
vn 0.1775 -0.6727 0.7183
vn 0.5514 -0.2202 -0.8047
vn 0.2197 0.1028 -0.9701
vn 0.1226 0.4211 -0.8987
vn -0.4969 0.7103 -0.4986
vn -0.1266 0.7309 -0.6707
vn -0.2336 0.6428 -0.7296
vn -0.6500 0.6521 -0.3901
vn 0.0724 0.5336 -0.8426
vn -0.9506 0.2638 0.1637
vn -0.7931 0.5095 -0.3339
vn -0.4464 -0.3882 0.8063
vn -0.5417 -0.3397 0.7689
vn 0.6983 -0.6758 0.2360
vn 0.2638 -0.6400 0.7217
vn 0.4806 0.1537 -0.8633
vn -0.4338 0.6927 -0.5762
vn -0.2522 0.6471 -0.7195
vn -0.0221 0.5745 -0.8182
vn -0.8250 0.5628 -0.0503
vn -0.3611 -0.3540 0.8627
vn 0.5619 0.3368 -0.7555
vn -0.6149 0.7743 0.1497
vn 0.0997 -0.7410 0.6640
vn 0.6115 -0.7699 0.1825
vn 0.6598 -0.7506 0.0342
vn 0.5544 -0.2181 -0.8031
vn 0.1386 0.4267 -0.8937
vn -0.4969 0.7102 -0.4986
vn -0.1275 0.7303 -0.6711
vn -0.6467 0.6569 -0.3875
vn -0.9510 0.2639 0.1609
vn -0.4504 -0.3852 0.8054
vn 0.4449 0.8706 0.2102
vn 0.1077 -0.7372 0.6670
vn 0.6165 -0.7653 0.1850
vn 0.5617 -0.2202 -0.7975
vn 0.1408 0.4283 -0.8926
vn -0.1180 0.7357 -0.6670
vn -0.6460 0.6582 -0.3867
vn -0.9479 0.2681 0.1720
vn -0.4359 -0.3831 0.8144
vn -0.0221 0.5746 -0.8182
vn -0.8251 0.5628 -0.0503
vn -0.1269 -0.8331 0.5383
vn 0.3999 -0.8935 0.2044
vn 0.7900 -0.2330 -0.5671
vn 0.4940 0.5241 -0.6938
vn 0.1746 0.8637 -0.4728
vn -0.6405 0.7132 -0.2847
vn -0.9683 0.2056 0.1418
vn -0.5641 -0.4690 0.6795
vn 0.1094 -0.3102 0.9444
vn -0.0000 0.0000 1.0000
vn 0.0142 0.0083 0.9999
vn 0.1790 0.2732 0.9452
vn 0.7876 -0.0084 0.6162
vn 0.7625 0.0010 0.6470
vn 0.6641 -0.0376 0.7467
vn 0.5810 0.3738 0.7230
vn 0.9597 0.2809 -0.0087
vn -0.6842 -0.6337 0.3609
vn 0.6741 0.7386 -0.0000
vn 0.7244 0.0054 0.6894
vn 0.6176 0.6239 0.4789
vn 0.6787 -0.0830 -0.7297
vn 0.6605 -0.6821 -0.3136
vn 0.3032 0.6979 -0.6488
vn -0.2731 0.9201 -0.2807
vn -0.6467 0.6855 0.3346
vn -0.6738 -0.0367 0.7380
vn -0.2578 -0.6590 0.7065
vn 0.3612 -0.8810 0.3056
vn 0.6489 -0.7599 0.0390
vn 0.8396 -0.5195 -0.1586
vn 0.8099 -0.1889 -0.5554
vn -0.4441 0.8960 -0.0000
vn 0.3536 -0.6479 0.6747
vn 0.4996 -0.8662 -0.0000
vn -0.9938 0.1108 -0.0000
vn 0.2325 -0.8180 0.5261
vn 0.3418 -0.9398 0.0000
vn -0.9984 0.0561 -0.0000
vn 0.6260 -0.5512 0.5516
vn 0.0000 -0.9011 0.4336
vn 0.0000 0.9261 0.3772
vn 0.6930 0.2733 0.6671
vn 0.5029 0.6622 0.5556
vn -0.0000 0.7318 0.6816
vn 0.4626 0.8865 -0.0000
vn 0.8018 0.5975 0.0000
vn 0.0000 0.9271 0.3749
vn -0.2035 0.9407 0.2715
vn -0.0384 0.5575 0.8293
vn 0.5659 0.0039 0.8245
vn 0.9294 0.3367 0.1512
vn -0.4663 0.5918 -0.6575
vn 0.4368 0.0968 -0.8943
vn -0.8622 0.3003 0.4080
vn -0.1730 -0.2968 0.9391
vn 0.5445 -0.4725 0.6931
vn 0.9283 -0.3608 -0.0903
vn -0.5555 -0.6414 0.5292
vn -0.7817 -0.6236 -0.0000
vn -0.5852 -0.1497 0.7969
vn -0.7728 -0.6347 -0.0000
vn -0.2083 0.0000 0.9781
vn -0.5619 0.1597 0.8117
vn -0.5928 -0.1459 0.7920
vn -0.6026 0.7980 -0.0000
vn -0.7770 -0.6295 0.0000
vn 0.6575 0.7534 -0.0000
vn 0.8049 0.5935 -0.0000
vn 0.7430 0.5767 -0.3397
vn -0.7665 -0.6422 0.0000
vn -0.8087 -0.2878 0.5129
vn -0.9335 -0.3585 -0.0000
vn -0.6220 -0.4389 0.6484
vn 0.6418 0.7034 -0.3055
vn -0.0553 -0.4909 0.8694
vn -0.3605 -0.3099 0.8798
vn -0.7074 -0.4576 0.5387
vn -0.0990 0.5424 -0.8343
vn 0.2034 0.5899 -0.7815
vn 0.1026 0.4755 -0.8737
vn -0.0785 0.3101 -0.9475
vn -0.0518 -0.0458 0.9976
vn 0.2249 -0.0959 0.9696
vn -0.5815 -0.7296 0.3600
vn 0.0926 0.6813 -0.7261
vn -0.2172 0.3930 -0.8935
vn -0.2025 0.0014 0.9793
vn 0.8610 0.5086 0.0000
vn 0.9296 0.3685 -0.0000
vn 0.8982 0.3645 -0.2456
vn -0.9153 -0.4027 -0.0000
vn -0.9003 -0.0951 0.4248
vn -0.9874 -0.1584 0.0000
vn -0.8079 -0.2825 0.5172
vn 0.8516 0.4851 -0.1985
vn -0.3379 -0.5354 0.7740
vn -0.5550 -0.2561 0.7915
vn -0.8581 -0.3021 0.4151
vn 0.2384 0.6418 -0.7289
vn 0.5283 0.5705 -0.6288
vn 0.4132 0.5074 -0.7562
vn 0.0999 0.3958 -0.9129
vn -0.0943 -0.0410 0.9947
vn 0.1998 -0.1944 0.9604
vn -0.8094 -0.5235 0.2663
vn 0.4753 0.6733 -0.5664
vn 0.0218 0.5412 -0.8406
vn -0.5550 -0.2561 0.7914
vn 0.2385 0.6418 -0.7289
vn 0.5284 0.5705 -0.6288
vn 0.0999 0.3957 -0.9129
vn -0.1009 0.9755 0.1955
vn -0.7048 0.0317 0.7087
vn 0.0226 0.0749 0.9969
vn -0.6492 0.3104 -0.6944
vn -0.9903 0.1333 -0.0396
vn 0.8732 0.4736 0.1152
vn 0.5649 0.5584 -0.6075
vn -0.0285 0.4755 -0.8793
vn 0.8102 0.5862 0.0000
vn -0.3187 0.9479 -0.0000
vn 0.5107 0.4528 0.7309
vn -0.9691 0.2131 0.1245
vn -0.6763 -0.0748 0.7328
vn -0.7137 0.5075 -0.4828
vn -0.9860 -0.1666 -0.0000
vn -0.7415 -0.0644 0.6678
vn -0.8228 -0.5595 -0.1003
vn -0.5657 -0.3420 -0.7503
vn 0.0335 -0.1022 -0.9942
vn 0.6954 -0.1006 -0.7115
vn 0.9609 -0.2760 0.0216
vn 0.6118 0.2625 0.7462
vn 0.6382 -0.4590 0.6181
vn 0.0806 -0.5832 0.8083
vn -0.5363 -0.6375 0.5531
vn -0.1356 0.1957 0.9712
vn -0.6339 -0.6569 0.4083
vn -0.9128 -0.3763 -0.1589
vn -0.6685 -0.1102 -0.7355
vn 0.2054 -0.5142 0.8327
vn -0.0420 -0.1010 0.9940
vn 0.2939 0.5750 0.7636
vn 0.7051 -0.0578 0.7067
vn 0.7183 -0.0936 0.6894
vn 0.1468 -0.4058 0.9021
vn -0.3805 -0.6977 0.6071
vn -0.6002 -0.7998 -0.0000
vn 0.6152 0.3295 -0.7162
vn -0.0431 0.9982 0.0415
vn 0.9161 0.2656 0.3002
vn -0.4212 0.2405 -0.8745
vn -0.9845 0.1571 -0.0786
vn -0.5262 0.8503 -0.0000
vn -0.2239 0.9164 -0.3318
vn 0.1061 0.9869 -0.1216
vn 0.2009 0.1753 0.9638
vn -0.6543 0.1165 0.7472
vn -0.1346 -0.6226 -0.7708
vn -0.2562 -0.4623 -0.8489
vn 0.6216 -0.3537 -0.6990
vn 0.5190 -0.6175 -0.5911
vn 0.8846 -0.4385 0.1586
vn 0.8076 -0.5873 0.0540
vn 0.2850 -0.5966 0.7502
vn 0.3320 -0.7858 0.5218
vn -0.4607 -0.6951 0.5518
vn -0.3709 -0.8131 0.4486
vn -0.7652 -0.6214 -0.1684
vn -0.5335 -0.8065 -0.2549
vn -0.6557 -0.7351 -0.1724
vn -0.5247 -0.3824 -0.7606
vn -0.0094 0.0400 -0.9992
vn 0.6249 0.0297 -0.7801
vn 0.9664 -0.2569 -0.0107
vn 0.6134 -0.5845 0.5311
vn 0.1169 -0.7789 0.6162
vn -0.3850 -0.8460 0.3689
vn -0.5795 -0.5907 -0.5614
vn -0.5832 -0.7306 0.3552
vn -0.8446 -0.0066 0.5353
vn -0.9962 -0.0864 0.0131
vn -0.7275 0.5903 0.3499
vn -0.7487 0.5998 -0.2824
vn -1.0000 0.0000 -0.0000
vn -0.9872 -0.1502 0.0541
vn -0.9980 0.0530 0.0359
vn -0.7960 -0.6054 -0.0000
vn -0.5175 -0.4234 0.7436
vn 0.2649 0.7369 0.6220
vn -0.5233 0.8522 -0.0000
vn 0.0457 0.9990 -0.0000
vn -0.1308 0.7201 0.6814
vn -0.0859 0.0608 0.9944
vn -0.4117 -0.7229 0.5549
vn -0.4078 -0.9131 0.0000
vn 0.1323 0.9912 -0.0000
vn 0.3588 0.8144 0.4560
vn 0.1391 0.0171 0.9901
vn 0.0217 -0.7020 0.7119
vn -0.4116 -0.9113 -0.0000
vn 0.4756 0.8797 -0.0000
vn 0.4512 0.8924 -0.0000
vn 0.4794 0.7327 0.4831
vn 0.4752 0.2675 0.8382
vn -0.5165 -0.8563 -0.0000
vn -0.0905 -0.6284 0.7726
vn -0.4365 -0.8446 0.3100
vn -0.5738 -0.8190 -0.0000
vn -0.8429 -0.5380 -0.0000
vn 0.7074 0.7068 -0.0000
vn 0.5903 0.7103 -0.3835
vn 0.6697 0.7278 0.1478
vn 0.6716 0.4653 0.5767
vn 0.3342 0.1018 0.9370
vn -0.2832 -0.5585 0.7797
vn -0.5618 -0.7357 0.3783
vn -0.5652 -0.8249 -0.0000
vn 0.6591 0.7520 -0.0000
vn 0.6198 0.7348 -0.2755
vn 0.4421 0.4538 0.7737
vn -0.4544 -0.5781 0.6777
vn -0.6689 -0.7434 -0.0000
vn 0.1828 0.6273 0.7570
vn 0.4354 0.7269 0.5310
vn 0.4965 0.4015 0.7696
vn 0.7462 0.6657 -0.0000
vn 0.4801 0.8772 0.0000
vn -0.6962 -0.7178 -0.0000
vn -0.0460 -0.5419 0.8392
vn -0.3586 -0.8743 0.3272
vn -0.5436 -0.8393 -0.0000
vn 0.4873 0.7676 0.4163
vn 0.4883 0.3993 0.7760
vn 0.4963 0.8681 0.0000
vn 0.4465 0.8948 0.0000
vn -0.5112 -0.8595 -0.0000
vn -0.0609 -0.5834 0.8099
vn -0.2792 -0.8762 0.3928
vn -0.6006 -0.7996 0.0000
vn -0.2060 0.9175 0.3403
vn 0.5090 0.8608 -0.0000
vn -0.9349 0.2420 0.2596
vn 0.2483 -0.1153 0.9618
vn -0.8102 -0.5420 0.2230
vn -0.4945 -0.8692 -0.0000
vn -0.0168 0.8727 0.4880
vn 0.4843 0.8749 0.0000
vn -0.9652 0.1887 0.1812
vn 0.1920 -0.1484 0.9701
vn -0.8182 -0.5323 0.2171
vn -0.5013 -0.8653 -0.0000
vn -0.0381 0.9037 0.4265
vn 0.3654 0.9309 -0.0000
vn -0.9933 0.0566 0.1005
vn -0.7163 -0.6787 0.1622
vn -0.6537 -0.7567 -0.0000
vn 0.0895 0.9811 0.1717
vn 0.2097 0.9778 -0.0000
vn 0.8028 0.5963 -0.0000
vn -0.3831 0.7190 0.5799
vn -0.6152 -0.7884 -0.0000
vn -0.2794 -0.9602 -0.0000
vn -0.1882 -0.9509 0.2457
vn -0.6193 -0.5984 0.5084
vn 0.2530 -0.0458 0.9664
vn -0.8833 0.0710 0.4635
vn -0.6974 0.6946 0.1767
vn -0.6673 0.2552 -0.6997
vn -0.0427 0.9991 0.0074
vn 0.2693 -0.6002 0.7531
vn 0.1318 -0.5886 0.7976
vn -0.2756 -0.9606 0.0347
vn -0.2332 -0.9550 0.1832
vn -0.2317 -0.0271 -0.9724
vn -0.3453 -0.2721 -0.8982
vn 0.0924 0.7500 -0.6550
vn -0.2751 0.2821 -0.9191
vn -0.1028 0.5446 -0.8324
vn -0.2416 0.5916 -0.7692
vn -0.2840 0.3698 -0.8846
vn 0.3208 0.7831 -0.5328
vn 0.6636 0.6707 -0.3315
vn 0.8373 0.4963 0.2296
vn 0.5723 -0.1500 0.8062
vn 0.5086 -0.2020 0.8370
vn 0.0637 -0.5657 0.8221
vn -0.3725 -0.8705 0.3218
vn -0.5100 -0.1413 -0.8485
vn 0.0371 0.6805 -0.7318
vn -0.0948 0.5521 -0.8284
vn -0.2348 0.4206 -0.8763
vn 0.5895 0.8062 -0.0512
vn 0.4250 -0.1859 0.8859
vn -0.6848 0.0375 -0.7278
vn 0.2189 0.9646 0.1469
vn 0.2614 -0.5968 0.7586
vn -0.2756 -0.9606 0.0348
vn -0.2481 -0.9480 0.1991
vn -0.3495 -0.2705 -0.8970
vn -0.2898 0.2828 -0.9144
vn -0.2406 0.5913 -0.7697
vn 0.3141 0.7880 -0.5296
vn 0.8384 0.4966 0.2247
vn 0.5117 -0.1971 0.8363
vn -0.6848 0.0375 -0.7277
vn 0.2535 -0.5955 0.7623
vn -0.2561 -0.9450 0.2033
vn -0.3558 -0.2744 -0.8934
vn -0.2924 0.2839 -0.9132
vn -0.2512 0.5932 -0.7648
vn 0.3124 0.7893 -0.5285
vn 0.8313 0.5000 0.2429
vn 0.4964 -0.2007 0.8446
vn 0.3718 -0.6156 0.6948
vn -0.1394 -0.9513 0.2748
vn -0.5631 -0.3102 -0.7659
vn -0.4920 0.3190 -0.8101
vn -0.3999 0.6342 -0.6617
vn 0.3445 0.7991 -0.4927
vn 0.8744 0.4519 0.1767
vn 0.5984 -0.2149 0.7719
vn 0.3296 0.6536 0.6813
vn -0.2989 0.9543 -0.0000
vn -0.5827 0.8127 0.0000
vn 0.0510 0.9987 -0.0000
vn -0.0980 0.7014 0.7060
vn -0.1332 -0.0066 0.9911
vn -0.4971 -0.6607 0.5625
vn -0.4726 -0.8813 -0.0000
vn 0.2357 0.9718 -0.0000
vn 0.5932 0.6429 0.4845
vn 0.2875 -0.0955 0.9530
vn -0.1660 -0.7354 0.6569
vn -0.5771 -0.8167 -0.0000
vn 0.7717 0.6359 -0.0000
vn 0.7591 0.6510 -0.0000
vn 0.7665 0.5564 0.3209
vn 0.6675 0.1834 0.7217
vn -0.7917 -0.6109 -0.0000
vn -0.4518 -0.6335 0.6281
vn -0.7503 -0.6325 0.1925
vn -0.8200 -0.5724 -0.0000
vn -0.9991 -0.0418 0.0000
vn 0.8838 0.4678 0.0000
vn 0.8235 0.5076 -0.2535
vn 0.8648 0.4847 0.1312
vn 0.6898 0.1341 0.7115
vn 0.4595 0.0256 0.8878
vn -0.5628 -0.5085 0.6516
vn -0.7579 -0.5052 0.4128
vn -0.8168 -0.5769 0.0000
vn 0.8611 0.5085 -0.0000
vn 0.8409 0.5113 -0.1771
vn 0.4445 0.2095 0.8709
vn -0.7067 -0.4576 0.5396
vn -0.8659 -0.5003 -0.0000
vn 0.2401 0.5011 0.8314
vn 0.7350 0.5735 0.3616
vn 0.7185 0.3174 0.6189
vn 0.8923 0.4515 -0.0000
vn 0.7737 0.6336 -0.0000
vn -0.9156 -0.4021 0.0000
vn -0.3797 -0.5784 0.7220
vn -0.7041 -0.6788 0.2084
vn -0.8052 -0.5930 0.0000
vn 0.7704 0.5785 0.2679
vn 0.7153 0.3110 0.6258
vn 0.7826 0.6225 -0.0000
vn 0.7568 0.6536 -0.0000
vn -0.7886 -0.6149 -0.0000
vn -0.4173 -0.6072 0.6761
vn -0.6576 -0.7086 0.2558
vn -0.8331 -0.5532 0.0000
vn 0.2959 0.8950 0.3339
vn 0.7884 0.6152 -0.0000
vn -0.8467 0.4706 0.2482
vn 0.2028 -0.2142 0.9555
vn -0.9243 -0.3251 0.2002
vn -0.7812 -0.6242 -0.0000
vn 0.4158 0.7928 0.4456
vn 0.7759 0.6309 -0.0000
vn -0.8964 0.4285 0.1134
vn 0.1107 -0.2234 0.9684
vn -0.9284 -0.3171 0.1938
vn -0.7843 -0.6204 0.0000
vn 0.4126 0.8225 0.3915
vn 0.7128 0.7013 -0.0000
vn -0.9563 0.2914 0.0222
vn -0.8894 -0.4395 0.1258
vn -0.8589 -0.5122 -0.0000
vn 0.3739 0.8757 0.3056
vn 0.5719 0.8204 0.0000
vn 0.9052 0.4250 -0.0000
vn -0.1494 0.6954 0.7029
vn -0.8660 -0.5001 0.0000
vn -0.6438 -0.7652 -0.0000
vn -0.5544 -0.8142 0.1724
vn -0.8305 -0.2634 0.4908
vn 0.2350 -0.1338 0.9627
vn -0.7456 0.2993 0.5954
vn -0.4449 0.8705 0.2102
vn -0.4910 0.5130 -0.7041
vn 0.4786 0.8780 -0.0050
vn -0.0926 -0.7460 0.6594
vn -0.1775 -0.6727 0.7183
vn -0.6598 -0.7506 0.0343
vn -0.6038 -0.7783 0.1723
vn -0.2197 0.1028 -0.9701
vn -0.5514 -0.2202 -0.8047
vn 0.4969 0.7103 -0.4986
vn -0.1226 0.4211 -0.8987
vn 0.2336 0.6428 -0.7296
vn 0.1266 0.7309 -0.6707
vn -0.0724 0.5336 -0.8426
vn 0.6500 0.6521 -0.3901
vn 0.7931 0.5095 -0.3339
vn 0.9506 0.2638 0.1637
vn 0.5417 -0.3397 0.7689
vn 0.4464 -0.3882 0.8063
vn -0.2638 -0.6400 0.7217
vn -0.6983 -0.6758 0.2360
vn -0.4806 0.1537 -0.8633
vn 0.4338 0.6927 -0.5762
vn 0.2522 0.6471 -0.7195
vn 0.0221 0.5745 -0.8182
vn 0.8250 0.5628 -0.0503
vn 0.3611 -0.3540 0.8627
vn -0.5619 0.3368 -0.7555
vn 0.6149 0.7743 0.1497
vn -0.0997 -0.7410 0.6640
vn -0.6598 -0.7506 0.0342
vn -0.6115 -0.7699 0.1825
vn -0.5544 -0.2181 -0.8031
vn 0.4969 0.7102 -0.4986
vn -0.1386 0.4267 -0.8937
vn 0.1275 0.7303 -0.6711
vn 0.6467 0.6569 -0.3875
vn 0.9510 0.2639 0.1609
vn 0.4504 -0.3852 0.8054
vn -0.4449 0.8706 0.2102
vn -0.1077 -0.7372 0.6670
vn -0.6165 -0.7653 0.1850
vn -0.5617 -0.2202 -0.7975
vn -0.1408 0.4283 -0.8926
vn 0.1180 0.7357 -0.6670
vn 0.6460 0.6582 -0.3867
vn 0.9479 0.2681 0.1720
vn 0.4359 -0.3831 0.8144
vn 0.0221 0.5746 -0.8182
vn 0.8251 0.5628 -0.0503
vn 0.1269 -0.8331 0.5383
vn -0.3999 -0.8935 0.2044
vn -0.7900 -0.2330 -0.5671
vn -0.4940 0.5241 -0.6938
vn -0.1746 0.8637 -0.4728
vn 0.6405 0.7132 -0.2847
vn 0.9683 0.2056 0.1418
vn 0.5641 -0.4690 0.6795
vn -0.1094 -0.3102 0.9444
vn -0.1790 0.2732 0.9452
vn -0.0142 0.0083 0.9999
vn -0.7625 0.0010 0.6470
vn -0.7876 -0.0084 0.6162
vn -0.5810 0.3738 0.7230
vn -0.6641 -0.0376 0.7467
vn -0.9597 0.2809 -0.0087
vn 0.6842 -0.6337 0.3609
vn -0.7244 0.0054 0.6894
vn -0.6741 0.7386 -0.0000
vn -0.6176 0.6239 0.4789
vn -0.6605 -0.6821 -0.3136
vn -0.6787 -0.0830 -0.7297
vn -0.3032 0.6979 -0.6488
vn 0.2731 0.9201 -0.2807
vn 0.6467 0.6855 0.3346
vn 0.6738 -0.0367 0.7380
vn 0.2578 -0.6590 0.7065
vn -0.3612 -0.8810 0.3056
vn -0.6489 -0.7599 0.0390
vn -0.8396 -0.5195 -0.1586
vn -0.8099 -0.1889 -0.5554
vn 0.4441 0.8960 -0.0000
vn -0.3536 -0.6479 0.6747
vn -0.4996 -0.8662 -0.0000
vn 0.9938 0.1108 -0.0000
vn -0.2325 -0.8180 0.5261
vn -0.3418 -0.9398 0.0000
vn 0.9984 0.0561 -0.0000
vn -0.6260 -0.5512 0.5516
vn -0.6930 0.2733 0.6671
vn -0.5029 0.6622 0.5556
vn -0.4626 0.8865 -0.0000
vn -0.8018 0.5975 0.0000
vn 0.2035 0.9407 0.2715
vn 0.0384 0.5575 0.8293
vn -0.5659 0.0039 0.8245
vn -0.9294 0.3367 0.1512
vn -0.4368 0.0968 -0.8943
vn 0.4663 0.5918 -0.6575
vn 0.8622 0.3003 0.4080
vn 0.1730 -0.2968 0.9391
vn -0.5445 -0.4725 0.6931
vn -0.9283 -0.3608 -0.0903
vn 0.0000 -0.6161 -0.7877
vn 0.5555 -0.6414 -0.5292
vn 0.0000 0.0000 -1.0000
vn 0.5852 -0.1497 -0.7969
vn 0.2083 0.0000 -0.9781
vn 0.5619 0.1597 -0.8117
vn 0.5928 -0.1459 -0.7920
vn -0.7430 0.5767 0.3397
vn 0.8087 -0.2878 -0.5129
vn 0.6220 -0.4389 -0.6484
vn -0.6418 0.7034 0.3055
vn 0.0553 -0.4909 -0.8694
vn 0.3605 -0.3099 -0.8798
vn 0.7074 -0.4576 -0.5387
vn 0.0990 0.5424 0.8343
vn -0.2034 0.5899 0.7815
vn -0.1026 0.4755 0.8737
vn 0.0785 0.3101 0.9475
vn 0.0518 -0.0458 -0.9976
vn -0.2249 -0.0959 -0.9696
vn 0.5815 -0.7296 -0.3600
vn -0.0926 0.6813 0.7261
vn 0.2172 0.3930 0.8935
vn 0.2025 0.0014 -0.9793
vn -0.8982 0.3645 0.2456
vn 0.9003 -0.0951 -0.4248
vn 0.8079 -0.2825 -0.5172
vn -0.8516 0.4851 0.1985
vn 0.3379 -0.5354 -0.7740
vn 0.5550 -0.2561 -0.7915
vn 0.8581 -0.3021 -0.4151
vn -0.2384 0.6418 0.7289
vn -0.5283 0.5705 0.6288
vn -0.4132 0.5074 0.7562
vn -0.0999 0.3958 0.9129
vn 0.0943 -0.0410 -0.9947
vn -0.1998 -0.1944 -0.9604
vn 0.8094 -0.5235 -0.2663
vn -0.4753 0.6733 0.5664
vn -0.0218 0.5412 0.8406
vn 0.5550 -0.2561 -0.7914
vn -0.2385 0.6418 0.7289
vn -0.5284 0.5705 0.6288
vn -0.0999 0.3957 0.9129
vn 0.1009 0.9755 -0.1955
vn 0.7048 0.0317 -0.7087
vn -0.0226 0.0749 -0.9969
vn 0.6492 0.3104 0.6944
vn 0.9903 0.1333 0.0396
vn -0.8732 0.4736 -0.1152
vn -0.5649 0.5584 0.6075
vn 0.0285 0.4755 0.8793
vn -0.5107 0.4528 -0.7309
vn -0.0000 0.8996 -0.4366
vn 0.9691 0.2131 -0.1245
vn 0.6763 -0.0748 -0.7328
vn 0.7137 0.5075 0.4828
vn 0.7415 -0.0644 -0.6678
vn 0.8228 -0.5595 0.1003
vn 0.5657 -0.3420 0.7503
vn -0.0335 -0.1022 0.9942
vn -0.6954 -0.1006 0.7115
vn -0.9609 -0.2760 -0.0216
vn -0.6118 0.2625 -0.7462
vn -0.6382 -0.4590 -0.6181
vn -0.0806 -0.5832 -0.8083
vn 0.5363 -0.6375 -0.5531
vn 0.0000 0.6512 0.7589
vn 0.0000 -0.1924 -0.9813
vn 0.1356 0.1957 -0.9712
vn 0.0000 -0.7333 -0.6799
vn 0.6339 -0.6569 -0.4083
vn 0.9128 -0.3763 0.1589
vn 0.6685 -0.1102 0.7355
vn -0.0000 0.1061 0.9944
vn -0.2054 -0.5142 -0.8327
vn 0.0420 -0.1010 -0.9940
vn -0.2939 0.5750 -0.7636
vn -0.7051 -0.0578 -0.7067
vn -0.7183 -0.0936 -0.6894
vn -0.1468 -0.4058 -0.9021
vn 0.3805 -0.6977 -0.6071
vn -0.6152 0.3295 0.7162
vn 0.0431 0.9982 -0.0415
vn -0.9161 0.2656 -0.3002
vn 0.4212 0.2405 0.8745
vn 0.9845 0.1571 0.0786
vn 0.2239 0.9164 0.3318
vn -0.1061 0.9869 0.1216
vn -0.2009 0.1753 -0.9638
vn 0.6543 0.1165 -0.7472
vn 0.1346 -0.6226 0.7708
vn 0.2562 -0.4623 0.8489
vn -0.6216 -0.3537 0.6990
vn -0.5190 -0.6175 0.5911
vn -0.8846 -0.4385 -0.1586
vn -0.8076 -0.5873 -0.0540
vn -0.2850 -0.5966 -0.7502
vn -0.3320 -0.7858 -0.5218
vn 0.4607 -0.6951 -0.5518
vn 0.3709 -0.8131 -0.4486
vn 0.7652 -0.6214 0.1684
vn 0.5335 -0.8065 0.2549
vn 0.6557 -0.7351 0.1724
vn 0.5247 -0.3824 0.7606
vn 0.0094 0.0400 0.9992
vn -0.6249 0.0297 0.7801
vn -0.9664 -0.2569 0.0107
vn -0.6134 -0.5845 -0.5311
vn -0.1169 -0.7789 -0.6162
vn 0.3850 -0.8460 -0.3689
vn 0.5795 -0.5907 0.5614
vn 0.0000 -0.4870 -0.8734
vn -0.0000 -0.9011 -0.4336
vn 0.5832 -0.7306 -0.3552
vn 0.8446 -0.0066 -0.5353
vn 0.9962 -0.0864 -0.0131
vn 0.7275 0.5903 -0.3499
vn 0.7487 0.5998 0.2824
vn 0.0000 0.7510 -0.6603
vn 0.0000 0.5551 0.8318
vn 0.9872 -0.1502 -0.0541
vn 0.9980 0.0530 -0.0359
vn 0.5175 -0.4234 -0.7436
vn -0.2649 0.7369 -0.6220
vn 0.1308 0.7201 -0.6814
vn 0.0859 0.0608 -0.9944
vn 0.4117 -0.7229 -0.5549
vn -0.3588 0.8144 -0.4560
vn -0.1391 0.0171 -0.9901
vn -0.0217 -0.7020 -0.7119
vn -0.4794 0.7327 -0.4831
vn -0.4752 0.2675 -0.8382
vn 0.0905 -0.6284 -0.7726
vn 0.4365 -0.8446 -0.3100
vn -0.5903 0.7103 0.3835
vn -0.6697 0.7278 -0.1478
vn -0.6716 0.4653 -0.5767
vn -0.3342 0.1018 -0.9370
vn 0.2832 -0.5585 -0.7797
vn 0.5618 -0.7357 -0.3783
vn -0.6198 0.7348 0.2755
vn -0.4421 0.4538 -0.7737
vn 0.4544 -0.5781 -0.6777
vn -0.1828 0.6273 -0.7570
vn -0.4354 0.7269 -0.5310
vn -0.4965 0.4015 -0.7696
vn 0.0460 -0.5419 -0.8392
vn 0.3586 -0.8743 -0.3272
vn -0.4873 0.7676 -0.4163
vn -0.4883 0.3993 -0.7760
vn 0.0609 -0.5834 -0.8099
vn 0.2792 -0.8762 -0.3928
vn 0.2060 0.9175 -0.3403
vn 0.9349 0.2420 -0.2596
vn -0.2483 -0.1153 -0.9618
vn 0.8102 -0.5420 -0.2230
vn 0.0168 0.8727 -0.4880
vn 0.9652 0.1887 -0.1812
vn -0.1920 -0.1484 -0.9701
vn 0.8182 -0.5323 -0.2171
vn 0.0381 0.9037 -0.4265
vn 0.9933 0.0566 -0.1005
vn 0.7163 -0.6787 -0.1622
vn -0.0895 0.9811 -0.1717
vn 0.3831 0.7190 -0.5799
vn 0.1882 -0.9509 -0.2457
vn 0.6193 -0.5984 -0.5084
vn -0.2530 -0.0458 -0.9664
vn 0.8833 0.0710 -0.4635
vn 0.6974 0.6946 -0.1767
vn 0.6673 0.2552 0.6997
vn 0.0427 0.9991 -0.0074
vn -0.2693 -0.6002 -0.7531
vn -0.1318 -0.5886 -0.7976
vn 0.2756 -0.9606 -0.0347
vn 0.2332 -0.9550 -0.1832
vn 0.2317 -0.0271 0.9724
vn 0.3453 -0.2721 0.8982
vn -0.0924 0.7500 0.6550
vn 0.2751 0.2821 0.9191
vn 0.1028 0.5446 0.8324
vn 0.2416 0.5916 0.7692
vn 0.2840 0.3698 0.8846
vn -0.3208 0.7831 0.5328
vn -0.6636 0.6707 0.3315
vn -0.8373 0.4963 -0.2296
vn -0.5723 -0.1500 -0.8062
vn -0.5086 -0.2020 -0.8370
vn -0.0637 -0.5657 -0.8221
vn 0.3725 -0.8705 -0.3218
vn 0.5100 -0.1413 0.8485
vn -0.0371 0.6805 0.7318
vn 0.0948 0.5521 0.8284
vn 0.2348 0.4206 0.8763
vn -0.5895 0.8062 0.0512
vn -0.4250 -0.1859 -0.8859
vn 0.6848 0.0375 0.7278
vn -0.2189 0.9646 -0.1469
vn -0.2614 -0.5968 -0.7586
vn 0.2756 -0.9606 -0.0348
vn 0.2481 -0.9480 -0.1991
vn 0.3495 -0.2705 0.8970
vn 0.2898 0.2828 0.9144
vn 0.2406 0.5913 0.7697
vn -0.3141 0.7880 0.5296
vn -0.8384 0.4966 -0.2247
vn -0.5117 -0.1971 -0.8363
vn 0.6848 0.0375 0.7277
vn -0.2535 -0.5955 -0.7623
vn 0.2561 -0.9450 -0.2033
vn 0.3558 -0.2744 0.8934
vn 0.2924 0.2839 0.9132
vn 0.2512 0.5932 0.7648
vn -0.3124 0.7893 0.5285
vn -0.8313 0.5000 -0.2429
vn -0.4964 -0.2007 -0.8446
vn -0.3718 -0.6156 -0.6948
vn 0.1394 -0.9513 -0.2748
vn 0.5631 -0.3102 0.7659
vn 0.4920 0.3190 0.8101
vn 0.3999 0.6342 0.6617
vn -0.3445 0.7991 0.4927
vn -0.8744 0.4519 -0.1767
vn -0.5984 -0.2149 -0.7719
vn -0.3296 0.6536 -0.6813
vn 0.0980 0.7014 -0.7060
vn 0.1332 -0.0066 -0.9911
vn 0.4971 -0.6607 -0.5625
vn -0.5932 0.6429 -0.4845
vn -0.2875 -0.0955 -0.9530
vn 0.1660 -0.7354 -0.6569
vn -0.7665 0.5564 -0.3209
vn -0.6675 0.1834 -0.7217
vn 0.4518 -0.6335 -0.6281
vn 0.7503 -0.6325 -0.1925
vn -0.8235 0.5076 0.2535
vn -0.8648 0.4847 -0.1312
vn -0.6898 0.1341 -0.7115
vn -0.4595 0.0256 -0.8878
vn 0.5628 -0.5085 -0.6516
vn 0.7579 -0.5052 -0.4128
vn -0.8409 0.5113 0.1771
vn -0.4445 0.2095 -0.8709
vn 0.7067 -0.4576 -0.5396
vn -0.2401 0.5011 -0.8314
vn -0.7350 0.5735 -0.3616
vn -0.7185 0.3174 -0.6189
vn 0.3797 -0.5784 -0.7220
vn 0.7041 -0.6788 -0.2084
vn -0.7704 0.5785 -0.2679
vn -0.7153 0.3110 -0.6258
vn 0.4173 -0.6072 -0.6761
vn 0.6576 -0.7086 -0.2558
vn -0.2959 0.8950 -0.3339
vn 0.8467 0.4706 -0.2482
vn -0.2028 -0.2142 -0.9555
vn 0.9243 -0.3251 -0.2002
vn -0.4158 0.7928 -0.4456
vn 0.8964 0.4285 -0.1134
vn -0.1107 -0.2234 -0.9684
vn 0.9284 -0.3171 -0.1938
vn -0.4126 0.8225 -0.3915
vn 0.9563 0.2914 -0.0222
vn 0.8894 -0.4395 -0.1258
vn -0.3739 0.8757 -0.3056
vn 0.1494 0.6954 -0.7029
vn 0.5544 -0.8142 -0.1724
vn 0.8305 -0.2634 -0.4908
vn -0.2350 -0.1338 -0.9627
vn 0.7456 0.2993 -0.5954
vn 0.4449 0.8705 -0.2102
vn 0.4910 0.5130 0.7041
vn -0.4786 0.8780 0.0050
vn 0.0926 -0.7460 -0.6594
vn 0.1775 -0.6727 -0.7183
vn 0.6598 -0.7506 -0.0343
vn 0.6038 -0.7783 -0.1723
vn 0.2197 0.1028 0.9701
vn 0.5514 -0.2202 0.8047
vn -0.4969 0.7103 0.4986
vn 0.1226 0.4211 0.8987
vn -0.2336 0.6428 0.7296
vn -0.1266 0.7309 0.6707
vn 0.0724 0.5336 0.8426
vn -0.6500 0.6521 0.3901
vn -0.7931 0.5095 0.3339
vn -0.9506 0.2638 -0.1637
vn -0.5417 -0.3397 -0.7689
vn -0.4464 -0.3882 -0.8063
vn 0.2638 -0.6400 -0.7217
vn 0.6983 -0.6758 -0.2360
vn 0.4806 0.1537 0.8633
vn -0.4338 0.6927 0.5762
vn -0.2522 0.6471 0.7195
vn -0.0221 0.5745 0.8182
vn -0.8250 0.5628 0.0503
vn -0.3611 -0.3540 -0.8627
vn 0.5619 0.3368 0.7555
vn -0.6149 0.7743 -0.1497
vn 0.0997 -0.7410 -0.6640
vn 0.6598 -0.7506 -0.0342
vn 0.6115 -0.7699 -0.1825
vn 0.5544 -0.2181 0.8031
vn -0.4969 0.7102 0.4986
vn 0.1386 0.4267 0.8937
vn -0.1275 0.7303 0.6711
vn -0.6467 0.6569 0.3875
vn -0.9510 0.2639 -0.1609
vn -0.4504 -0.3852 -0.8054
vn 0.4449 0.8706 -0.2102
vn 0.1077 -0.7372 -0.6670
vn 0.6165 -0.7653 -0.1850
vn 0.5617 -0.2202 0.7975
vn 0.1408 0.4283 0.8926
vn -0.1180 0.7357 0.6670
vn -0.6460 0.6582 0.3867
vn -0.9479 0.2681 -0.1720
vn -0.4359 -0.3831 -0.8144
vn -0.0221 0.5746 0.8182
vn -0.8251 0.5628 0.0503
vn -0.1269 -0.8331 -0.5383
vn 0.3999 -0.8935 -0.2044
vn 0.7900 -0.2330 0.5671
vn 0.4940 0.5241 0.6938
vn 0.1746 0.8637 0.4728
vn -0.6405 0.7132 0.2847
vn -0.9683 0.2056 -0.1418
vn -0.5641 -0.4690 -0.6795
vn -0.0000 0.0000 -1.0000
vn 0.1094 -0.3102 -0.9444
vn 0.1790 0.2732 -0.9452
vn 0.0142 0.0083 -0.9999
vn 0.7625 0.0010 -0.6470
vn 0.7876 -0.0084 -0.6162
vn 0.5810 0.3738 -0.7230
vn 0.6641 -0.0376 -0.7467
vn 0.9597 0.2809 0.0087
vn -0.6842 -0.6337 -0.3609
vn 0.7244 0.0054 -0.6894
vn 0.6176 0.6239 -0.4789
vn 0.6605 -0.6821 0.3136
vn 0.6787 -0.0830 0.7297
vn 0.3032 0.6979 0.6488
vn -0.2731 0.9201 0.2807
vn -0.6467 0.6855 -0.3346
vn -0.6738 -0.0367 -0.7380
vn -0.2578 -0.6590 -0.7065
vn 0.3612 -0.8810 -0.3056
vn 0.6489 -0.7599 -0.0390
vn 0.8396 -0.5195 0.1586
vn 0.8099 -0.1889 0.5554
vn 0.3536 -0.6479 -0.6747
vn 0.2325 -0.8180 -0.5261
vn 0.6260 -0.5512 -0.5516
vn 0.0000 -0.9011 -0.4336
vn -0.0000 0.9261 -0.3772
vn 0.6930 0.2733 -0.6671
vn -0.0000 0.7318 -0.6816
vn 0.5029 0.6622 -0.5556
vn -0.2035 0.9407 -0.2715
vn 0.0000 0.9271 -0.3749
vn -0.0384 0.5575 -0.8293
vn 0.5659 0.0039 -0.8245
vn 0.9294 0.3367 -0.1512
vn 0.4368 0.0968 0.8943
vn -0.4663 0.5918 0.6575
vn -0.8622 0.3003 -0.4080
vn -0.1730 -0.2968 -0.9391
vn 0.5445 -0.4725 -0.6931
vn 0.9283 -0.3608 0.0903
vn -0.5555 -0.6414 -0.5292
vn -0.5852 -0.1497 -0.7969
vn -0.2083 0.0000 -0.9781
vn -0.5619 0.1597 -0.8117
vn -0.5928 -0.1459 -0.7920
vn 0.7430 0.5767 0.3397
vn -0.8087 -0.2878 -0.5129
vn -0.6220 -0.4389 -0.6484
vn 0.6418 0.7034 0.3055
vn -0.0553 -0.4909 -0.8694
vn -0.7074 -0.4576 -0.5387
vn -0.3605 -0.3099 -0.8798
vn -0.0990 0.5424 0.8343
vn 0.1026 0.4755 0.8737
vn 0.2034 0.5899 0.7815
vn -0.0785 0.3101 0.9475
vn -0.0518 -0.0458 -0.9976
vn 0.2249 -0.0959 -0.9696
vn -0.5815 -0.7296 -0.3600
vn 0.0926 0.6813 0.7261
vn -0.2172 0.3930 0.8935
vn -0.2025 0.0014 -0.9793
vn 0.8982 0.3645 0.2456
vn -0.9003 -0.0951 -0.4248
vn -0.8079 -0.2825 -0.5172
vn 0.8516 0.4851 0.1985
vn -0.3379 -0.5354 -0.7740
vn -0.8581 -0.3021 -0.4151
vn -0.5550 -0.2561 -0.7915
vn 0.2384 0.6418 0.7289
vn 0.4132 0.5074 0.7562
vn 0.5283 0.5705 0.6288
vn 0.0999 0.3958 0.9129
vn -0.0943 -0.0410 -0.9947
vn 0.1998 -0.1944 -0.9604
vn -0.8094 -0.5235 -0.2663
vn 0.4753 0.6733 0.5664
vn 0.0218 0.5412 0.8406
vn -0.5550 -0.2561 -0.7914
vn 0.2385 0.6418 0.7289
vn 0.5284 0.5705 0.6288
vn 0.0999 0.3957 0.9129
vn -0.1009 0.9755 -0.1955
vn 0.0226 0.0749 -0.9969
vn -0.7048 0.0317 -0.7087
vn -0.6492 0.3104 0.6944
vn -0.9903 0.1333 0.0396
vn 0.5649 0.5584 0.6075
vn 0.8732 0.4736 -0.1152
vn -0.0285 0.4755 0.8793
vn 0.5107 0.4528 -0.7309
vn -0.6763 -0.0748 -0.7328
vn -0.9691 0.2131 -0.1245
vn -0.7137 0.5075 0.4828
vn -0.7415 -0.0644 -0.6678
vn -0.8228 -0.5595 0.1003
vn -0.5657 -0.3420 0.7503
vn 0.0335 -0.1022 0.9942
vn 0.6954 -0.1006 0.7115
vn 0.9609 -0.2760 -0.0216
vn 0.6382 -0.4590 -0.6181
vn 0.6118 0.2625 -0.7462
vn 0.0806 -0.5832 -0.8083
vn -0.5363 -0.6375 -0.5531
vn -0.1356 0.1957 -0.9712
vn -0.6339 -0.6569 -0.4083
vn -0.9128 -0.3763 0.1589
vn -0.6685 -0.1102 0.7355
vn 0.2054 -0.5142 -0.8327
vn 0.7051 -0.0578 -0.7067
vn 0.2939 0.5750 -0.7636
vn -0.0420 -0.1010 -0.9940
vn 0.7183 -0.0936 -0.6894
vn 0.1468 -0.4058 -0.9021
vn -0.3805 -0.6977 -0.6071
vn 0.6152 0.3295 0.7162
vn 0.9161 0.2656 -0.3002
vn -0.0431 0.9982 -0.0415
vn -0.4212 0.2405 0.8745
vn -0.9845 0.1571 0.0786
vn 0.1061 0.9869 0.1216
vn -0.2239 0.9164 0.3318
vn 0.2009 0.1753 -0.9638
vn -0.6543 0.1165 -0.7472
vn -0.1346 -0.6226 0.7708
vn 0.5190 -0.6175 0.5911
vn 0.6216 -0.3537 0.6990
vn -0.2562 -0.4623 0.8489
vn 0.8076 -0.5873 -0.0540
vn 0.8846 -0.4385 -0.1586
vn 0.3320 -0.7858 -0.5218
vn 0.2850 -0.5966 -0.7502
vn -0.3709 -0.8131 -0.4486
vn -0.4607 -0.6951 -0.5518
vn -0.5335 -0.8065 0.2549
vn -0.7652 -0.6214 0.1684
vn -0.6557 -0.7351 0.1724
vn -0.5247 -0.3824 0.7606
vn -0.0094 0.0400 0.9992
vn 0.6249 0.0297 0.7801
vn 0.9664 -0.2569 0.0107
vn 0.6134 -0.5845 -0.5311
vn 0.1169 -0.7789 -0.6162
vn -0.3850 -0.8460 -0.3689
vn -0.5795 -0.5907 0.5614
vn -0.5832 -0.7306 -0.3552
vn -0.8446 -0.0066 -0.5353
vn -0.9962 -0.0864 -0.0131
vn -0.7275 0.5903 -0.3499
vn -0.7487 0.5998 0.2824
vn -0.9980 0.0530 -0.0359
vn -0.9872 -0.1502 -0.0541
vn -0.5175 -0.4234 -0.7436
vn 0.2649 0.7369 -0.6220
vn -0.1308 0.7201 -0.6814
vn -0.0859 0.0608 -0.9944
vn -0.4117 -0.7229 -0.5549
vn 0.3588 0.8144 -0.4560
vn 0.1391 0.0171 -0.9901
vn 0.0217 -0.7020 -0.7119
vn 0.4752 0.2675 -0.8382
vn 0.4794 0.7327 -0.4831
vn -0.4365 -0.8446 -0.3100
vn -0.0905 -0.6284 -0.7726
vn 0.6697 0.7278 -0.1478
vn 0.5903 0.7103 0.3835
vn 0.3342 0.1018 -0.9370
vn 0.6716 0.4653 -0.5767
vn -0.5618 -0.7357 -0.3783
vn -0.2832 -0.5585 -0.7797
vn 0.6198 0.7348 0.2755
vn 0.4421 0.4538 -0.7737
vn -0.4544 -0.5781 -0.6777
vn 0.1828 0.6273 -0.7570
vn 0.4354 0.7269 -0.5310
vn 0.4965 0.4015 -0.7696
vn -0.3586 -0.8743 -0.3272
vn -0.0460 -0.5419 -0.8392
vn 0.4873 0.7676 -0.4163
vn 0.4883 0.3993 -0.7760
vn -0.2792 -0.8762 -0.3928
vn -0.0609 -0.5834 -0.8099
vn -0.2060 0.9175 -0.3403
vn -0.9349 0.2420 -0.2596
vn 0.2483 -0.1153 -0.9618
vn -0.8102 -0.5420 -0.2230
vn -0.0168 0.8727 -0.4880
vn -0.9652 0.1887 -0.1812
vn 0.1920 -0.1484 -0.9701
vn -0.8182 -0.5323 -0.2171
vn -0.0381 0.9037 -0.4265
vn -0.9933 0.0566 -0.1005
vn -0.7163 -0.6787 -0.1622
vn 0.0895 0.9811 -0.1717
vn -0.3831 0.7190 -0.5799
vn -0.6193 -0.5984 -0.5084
vn -0.1882 -0.9509 -0.2457
vn 0.2530 -0.0458 -0.9664
vn -0.8833 0.0710 -0.4635
vn -0.6673 0.2552 0.6997
vn -0.6974 0.6946 -0.1767
vn -0.0427 0.9991 -0.0074
vn 0.2693 -0.6002 -0.7531
vn -0.2332 -0.9550 -0.1832
vn -0.2756 -0.9606 -0.0347
vn 0.1318 -0.5886 -0.7976
vn -0.3453 -0.2721 0.8982
vn -0.2317 -0.0271 0.9724
vn -0.2751 0.2821 0.9191
vn 0.0924 0.7500 0.6550
vn -0.2416 0.5916 0.7692
vn -0.1028 0.5446 0.8324
vn 0.3208 0.7831 0.5328
vn -0.2840 0.3698 0.8846
vn 0.8373 0.4963 -0.2296
vn 0.6636 0.6707 0.3315
vn 0.5086 -0.2020 -0.8370
vn 0.5723 -0.1500 -0.8062
vn -0.3725 -0.8705 -0.3218
vn 0.0637 -0.5657 -0.8221
vn -0.5100 -0.1413 0.8485
vn 0.0371 0.6805 0.7318
vn -0.0948 0.5521 0.8284
vn -0.2348 0.4206 0.8763
vn 0.5895 0.8062 0.0512
vn 0.4250 -0.1859 -0.8859
vn -0.6848 0.0375 0.7278
vn 0.2189 0.9646 -0.1469
vn 0.2614 -0.5968 -0.7586
vn -0.2481 -0.9480 -0.1991
vn -0.2756 -0.9606 -0.0348
vn -0.3495 -0.2705 0.8970
vn -0.2898 0.2828 0.9144
vn -0.2406 0.5913 0.7697
vn 0.3141 0.7880 0.5296
vn 0.8384 0.4966 -0.2247
vn 0.5117 -0.1971 -0.8363
vn -0.6848 0.0375 0.7277
vn 0.2535 -0.5955 -0.7623
vn -0.2561 -0.9450 -0.2033
vn -0.3558 -0.2744 0.8934
vn -0.2924 0.2839 0.9132
vn -0.2512 0.5932 0.7648
vn 0.3124 0.7893 0.5285
vn 0.8313 0.5000 -0.2429
vn 0.4964 -0.2007 -0.8446
vn 0.3718 -0.6156 -0.6948
vn -0.1394 -0.9513 -0.2748
vn -0.5631 -0.3102 0.7659
vn -0.4920 0.3190 0.8101
vn -0.3999 0.6342 0.6617
vn 0.3445 0.7991 0.4927
vn 0.8744 0.4519 -0.1767
vn 0.5984 -0.2149 -0.7719
vn 0.3296 0.6536 -0.6813
vn -0.0980 0.7014 -0.7060
vn -0.1332 -0.0066 -0.9911
vn -0.4971 -0.6607 -0.5625
vn 0.5932 0.6429 -0.4845
vn 0.2875 -0.0955 -0.9530
vn -0.1660 -0.7354 -0.6569
vn 0.6675 0.1834 -0.7217
vn 0.7665 0.5564 -0.3209
vn -0.7503 -0.6325 -0.1925
vn -0.4518 -0.6335 -0.6281
vn 0.8648 0.4847 -0.1312
vn 0.8235 0.5076 0.2535
vn 0.4595 0.0256 -0.8878
vn 0.6898 0.1341 -0.7115
vn -0.7579 -0.5052 -0.4128
vn -0.5628 -0.5085 -0.6516
vn 0.8409 0.5113 0.1771
vn 0.4445 0.2095 -0.8709
vn -0.7067 -0.4576 -0.5396
vn 0.2401 0.5011 -0.8314
vn 0.7350 0.5735 -0.3616
vn 0.7185 0.3174 -0.6189
vn -0.7041 -0.6788 -0.2084
vn -0.3797 -0.5784 -0.7220
vn 0.7704 0.5785 -0.2679
vn 0.7153 0.3110 -0.6258
vn -0.6576 -0.7086 -0.2558
vn -0.4173 -0.6072 -0.6761
vn 0.2959 0.8950 -0.3339
vn -0.8467 0.4706 -0.2482
vn 0.2028 -0.2142 -0.9555
vn -0.9243 -0.3251 -0.2002
vn 0.4158 0.7928 -0.4456
vn -0.8964 0.4285 -0.1134
vn 0.1107 -0.2234 -0.9684
vn -0.9284 -0.3171 -0.1938
vn 0.4126 0.8225 -0.3915
vn -0.9563 0.2914 -0.0222
vn -0.8894 -0.4395 -0.1258
vn 0.3739 0.8757 -0.3056
vn -0.1494 0.6954 -0.7029
vn -0.8305 -0.2634 -0.4908
vn -0.5544 -0.8142 -0.1724
vn 0.2350 -0.1338 -0.9627
vn -0.7456 0.2993 -0.5954
vn -0.4910 0.5130 0.7041
vn -0.4449 0.8705 -0.2102
vn 0.4786 0.8780 0.0050
vn -0.0926 -0.7460 -0.6594
vn -0.6038 -0.7783 -0.1723
vn -0.6598 -0.7506 -0.0343
vn -0.1775 -0.6727 -0.7183
vn -0.5514 -0.2202 0.8047
vn -0.2197 0.1028 0.9701
vn -0.1226 0.4211 0.8987
vn 0.4969 0.7103 0.4986
vn 0.1266 0.7309 0.6707
vn 0.2336 0.6428 0.7296
vn 0.6500 0.6521 0.3901
vn -0.0724 0.5336 0.8426
vn 0.9506 0.2638 -0.1637
vn 0.7931 0.5095 0.3339
vn 0.4464 -0.3882 -0.8063
vn 0.5417 -0.3397 -0.7689
vn -0.6983 -0.6758 -0.2360
vn -0.2638 -0.6400 -0.7217
vn -0.4806 0.1537 0.8633
vn 0.4338 0.6927 0.5762
vn 0.2522 0.6471 0.7195
vn 0.0221 0.5745 0.8182
vn 0.8250 0.5628 0.0503
vn 0.3611 -0.3540 -0.8627
vn -0.5619 0.3368 0.7555
vn 0.6149 0.7743 -0.1497
vn -0.0997 -0.7410 -0.6640
vn -0.6115 -0.7699 -0.1825
vn -0.6598 -0.7506 -0.0342
vn -0.5544 -0.2181 0.8031
vn -0.1386 0.4267 0.8937
vn 0.4969 0.7102 0.4986
vn 0.1275 0.7303 0.6711
vn 0.6467 0.6569 0.3875
vn 0.9510 0.2639 -0.1609
vn 0.4504 -0.3852 -0.8054
vn -0.4449 0.8706 -0.2102
vn -0.1077 -0.7372 -0.6670
vn -0.6165 -0.7653 -0.1850
vn -0.5617 -0.2202 0.7975
vn -0.1408 0.4283 0.8926
vn 0.1180 0.7357 0.6670
vn 0.6460 0.6582 0.3867
vn 0.9479 0.2681 -0.1720
vn 0.4359 -0.3831 -0.8144
vn 0.0221 0.5746 0.8182
vn 0.8251 0.5628 0.0503
vn 0.1269 -0.8331 -0.5383
vn -0.3999 -0.8935 -0.2044
vn -0.7900 -0.2330 0.5671
vn -0.4940 0.5241 0.6938
vn -0.1746 0.8637 0.4728
vn 0.6405 0.7132 0.2847
vn 0.9683 0.2056 -0.1418
vn 0.5641 -0.4690 -0.6795
vn -0.1094 -0.3102 -0.9444
vn -0.0142 0.0083 -0.9999
vn -0.1790 0.2732 -0.9452
vn -0.7876 -0.0084 -0.6162
vn -0.7625 0.0010 -0.6470
vn -0.6641 -0.0376 -0.7467
vn -0.5810 0.3738 -0.7230
vn -0.9597 0.2809 0.0087
vn 0.6842 -0.6337 -0.3609
vn -0.7244 0.0054 -0.6894
vn -0.6176 0.6239 -0.4789
vn -0.6787 -0.0830 0.7297
vn -0.6605 -0.6821 0.3136
vn -0.3032 0.6979 0.6488
vn 0.2731 0.9201 0.2807
vn 0.6467 0.6855 -0.3346
vn 0.6738 -0.0367 -0.7380
vn 0.2578 -0.6590 -0.7065
vn -0.3612 -0.8810 -0.3056
vn -0.6489 -0.7599 -0.0390
vn -0.8396 -0.5195 0.1586
vn -0.8099 -0.1889 0.5554
vn -0.3536 -0.6479 -0.6747
vn -0.2325 -0.8180 -0.5261
vn -0.6260 -0.5512 -0.5516
vn -0.6930 0.2733 -0.6671
vn -0.5029 0.6622 -0.5556
vn 0.2035 0.9407 -0.2715
vn 0.0384 0.5575 -0.8293
vn -0.5659 0.0039 -0.8245
vn -0.9294 0.3367 -0.1512
vn 0.4663 0.5918 0.6575
vn -0.4368 0.0968 0.8943
vn 0.8622 0.3003 -0.4080
vn 0.1730 -0.2968 -0.9391
vn -0.5445 -0.4725 -0.6931
vn -0.9283 -0.3608 0.0903
# 1638 vertex normals

vt 0.6600 0.6263 0.0000
vt 0.6638 0.6410 0.0000
vt 0.6527 0.6413 0.0000
vt 0.6736 0.6330 0.0000
vt 0.3578 0.0989 0.0000
vt 0.3564 0.1086 0.0000
vt 0.2815 0.0981 0.0000
vt 0.2829 0.0883 0.0000
vt 0.4596 0.6344 0.0000
vt 0.4596 0.6229 0.0000
vt 0.5352 0.6229 0.0000
vt 0.5352 0.6344 0.0000
vt 0.2701 0.0964 0.0000
vt 0.2714 0.0867 0.0000
vt 0.2558 0.0944 0.0000
vt 0.2394 0.0921 0.0000
vt 0.2408 0.0824 0.0000
vt 0.2572 0.0847 0.0000
vt 0.6099 0.6796 0.0000
vt 0.5934 0.6796 0.0000
vt 0.5934 0.6681 0.0000
vt 0.6099 0.6681 0.0000
vt 0.3938 0.2636 0.0000
vt 0.3812 0.2637 0.0000
vt 0.3800 0.2569 0.0000
vt 0.7045 0.5306 0.0000
vt 0.6844 0.5233 0.0000
vt 0.6937 0.5213 0.0000
vt 0.7058 0.5181 0.0000
vt 0.1032 0.1219 0.0000
vt 0.0935 0.1170 0.0000
vt 0.1007 0.1052 0.0000
vt 0.4166 0.1743 0.0000
vt 0.4084 0.1790 0.0000
vt 0.3994 0.1728 0.0000
vt 0.2779 0.4610 0.0000
vt 0.2772 0.4460 0.0000
vt 0.2830 0.4506 0.0000
vt 0.2719 0.4492 0.0000
vt 0.4047 0.1681 0.0000
vt 0.4128 0.1604 0.0000
vt 0.4202 0.1845 0.0000
vt 0.2881 0.4602 0.0000
vt 0.2670 0.4576 0.0000
vt 0.4558 0.1632 0.0000
vt 0.4475 0.1679 0.0000
vt 0.4385 0.1617 0.0000
vt 0.3904 0.3174 0.0000
vt 0.3753 0.3180 0.0000
vt 0.3799 0.3123 0.0000
vt 0.3786 0.3233 0.0000
vt 0.4439 0.1570 0.0000
vt 0.4519 0.1493 0.0000
vt 0.4594 0.1734 0.0000
vt 0.3895 0.3072 0.0000
vt 0.3869 0.3282 0.0000
vt 0.1612 0.4397 0.0000
vt 0.1529 0.4444 0.0000
vt 0.1439 0.4382 0.0000
vt 0.3458 0.4796 0.0000
vt 0.3307 0.4803 0.0000
vt 0.3353 0.4745 0.0000
vt 0.3340 0.4855 0.0000
vt 0.1493 0.4335 0.0000
vt 0.1573 0.4258 0.0000
vt 0.1647 0.4499 0.0000
vt 0.3449 0.4694 0.0000
vt 0.3423 0.4904 0.0000
vt 0.4694 0.5262 0.0000
vt 0.4611 0.5309 0.0000
vt 0.4521 0.5246 0.0000
vt 0.0995 0.3232 0.0000
vt 0.0988 0.3081 0.0000
vt 0.1045 0.3127 0.0000
vt 0.0935 0.3114 0.0000
vt 0.4574 0.5199 0.0000
vt 0.4655 0.5122 0.0000
vt 0.4729 0.5363 0.0000
vt 0.1096 0.3223 0.0000
vt 0.0886 0.3197 0.0000
vt 0.2280 0.0905 0.0000
vt 0.2293 0.0808 0.0000
vt 0.2256 0.4662 0.0000
vt 0.2384 0.4619 0.0000
vt 0.2421 0.4680 0.0000
vt 0.4861 0.2574 0.0000
vt 0.5052 0.2587 0.0000
vt 0.4973 0.2633 0.0000
vt 0.4857 0.2696 0.0000
vt 0.2293 0.4563 0.0000
vt 0.2954 0.0544 0.0000
vt 0.2873 0.0561 0.0000
vt 0.2809 0.0511 0.0000
vt 0.5967 0.1289 0.0000
vt 0.5936 0.1160 0.0000
vt 0.5978 0.1190 0.0000
vt 0.5910 0.1197 0.0000
vt 0.2865 0.0490 0.0000
vt 0.2952 0.0454 0.0000
vt 0.3505 0.0355 0.0000
vt 0.3502 0.0474 0.0000
vt 0.3422 0.0373 0.0000
vt 0.5507 0.5213 0.0000
vt 0.5487 0.5098 0.0000
vt 0.5567 0.5132 0.0000
vt 0.5896 0.1278 0.0000
vt 0.4900 0.5815 0.0000
vt 0.4819 0.5833 0.0000
vt 0.4755 0.5783 0.0000
vt 0.4265 0.6917 0.0000
vt 0.4394 0.6886 0.0000
vt 0.4364 0.6928 0.0000
vt 0.4356 0.6860 0.0000
vt 0.4812 0.5762 0.0000
vt 0.4898 0.5726 0.0000
vt 0.3865 0.0381 0.0000
vt 0.3862 0.0501 0.0000
vt 0.3782 0.0399 0.0000
vt 0.4898 0.3671 0.0000
vt 0.4878 0.3556 0.0000
vt 0.4959 0.3589 0.0000
vt 0.4276 0.6846 0.0000
vt 0.1737 0.2287 0.0000
vt 0.1656 0.2305 0.0000
vt 0.1592 0.2255 0.0000
vt 0.4589 0.6471 0.0000
vt 0.4718 0.6440 0.0000
vt 0.4688 0.6482 0.0000
vt 0.4681 0.6414 0.0000
vt 0.1649 0.2234 0.0000
vt 0.1735 0.2198 0.0000
vt 0.4262 0.0412 0.0000
vt 0.4258 0.0532 0.0000
vt 0.4178 0.0430 0.0000
vt 0.5178 0.2887 0.0000
vt 0.5198 0.3002 0.0000
vt 0.5118 0.2968 0.0000
vt 0.4600 0.6400 0.0000
vt 0.0952 0.4428 0.0000
vt 0.1033 0.4410 0.0000
vt 0.1097 0.4460 0.0000
vt 0.4273 0.6576 0.0000
vt 0.4144 0.6607 0.0000
vt 0.4174 0.6565 0.0000
vt 0.4181 0.6633 0.0000
vt 0.1040 0.4481 0.0000
vt 0.0954 0.4517 0.0000
vt 0.5731 0.5988 0.0000
vt 0.5838 0.5935 0.0000
vt 0.5786 0.6054 0.0000
vt 0.6440 0.3252 0.0000
vt 0.6460 0.3367 0.0000
vt 0.6380 0.3333 0.0000
vt 0.4262 0.6647 0.0000
vt 0.8853 0.7350 0.0000
vt 0.9114 0.7305 0.0000
vt 0.9111 0.7467 0.0000
vt 0.9094 0.7990 0.0000
vt 0.8853 0.8092 0.0000
vt 0.9103 0.7925 0.0000
vt 0.9080 0.8279 0.0000
vt 0.9094 0.8338 0.0000
vt 0.9083 0.8127 0.0000
vt 0.1745 0.1619 0.0000
vt 0.1676 0.1620 0.0000
vt 0.1707 0.1450 0.0000
vt 0.8552 0.6736 0.0000
vt 0.8906 0.6868 0.0000
vt 0.8849 0.6926 0.0000
vt 0.8785 0.8575 0.0000
vt 0.8552 0.8706 0.0000
vt 0.8849 0.8516 0.0000
vt 0.8977 0.7718 0.0000
vt 0.8602 0.7658 0.0000
vt 0.8954 0.7666 0.0000
vt 0.9508 0.8053 0.0000
vt 0.9498 0.8118 0.0000
vt 0.9488 0.8255 0.0000
vt 0.9485 0.8406 0.0000
vt 0.9499 0.8465 0.0000
vt 0.9499 0.6976 0.0000
vt 0.9511 0.7035 0.0000
vt 0.9107 0.7163 0.0000
vt 0.9094 0.7104 0.0000
vt 0.9518 0.7177 0.0000
vt 0.9515 0.7339 0.0000
vt 0.9508 0.7389 0.0000
vt 0.9103 0.7516 0.0000
vt 0.8756 0.8706 0.0000
vt 0.8929 0.6736 0.0000
vt 0.8862 0.7467 0.0000
vt 0.8911 0.7573 0.0000
vt 0.9306 0.6736 0.0000
vt 0.9282 0.6868 0.0000
vt 0.9226 0.6926 0.0000
vt 0.9226 0.8516 0.0000
vt 0.9162 0.8575 0.0000
vt 0.9133 0.8706 0.0000
vt 0.2541 0.5966 0.0000
vt 0.2517 0.5977 0.0000
vt 0.2478 0.5937 0.0000
vt 0.2492 0.5915 0.0000
vt 0.9218 0.7295 0.0000
vt 0.9266 0.7401 0.0000
vt 0.9309 0.7494 0.0000
vt 0.9333 0.7546 0.0000
vt 0.8128 0.7350 0.0000
vt 0.8389 0.7305 0.0000
vt 0.8386 0.7467 0.0000
vt 0.8369 0.7990 0.0000
vt 0.8128 0.8092 0.0000
vt 0.8378 0.7925 0.0000
vt 0.8355 0.8279 0.0000
vt 0.8369 0.8338 0.0000
vt 0.8358 0.8127 0.0000
vt 0.8111 0.7403 0.0000
vt 0.8137 0.7467 0.0000
vt 0.7877 0.7658 0.0000
vt 0.7827 0.6736 0.0000
vt 0.8181 0.6868 0.0000
vt 0.8124 0.6926 0.0000
vt 0.8060 0.8575 0.0000
vt 0.7827 0.8706 0.0000
vt 0.8124 0.8516 0.0000
vt 0.8252 0.7718 0.0000
vt 0.8229 0.7666 0.0000
vt 0.8783 0.8053 0.0000
vt 0.8774 0.8118 0.0000
vt 0.8763 0.8255 0.0000
vt 0.8760 0.8406 0.0000
vt 0.8774 0.8465 0.0000
vt 0.8774 0.6976 0.0000
vt 0.8787 0.7035 0.0000
vt 0.8382 0.7163 0.0000
vt 0.8369 0.7104 0.0000
vt 0.8794 0.7177 0.0000
vt 0.8790 0.7339 0.0000
vt 0.8783 0.7389 0.0000
vt 0.8378 0.7516 0.0000
vt 0.8031 0.8706 0.0000
vt 0.8205 0.6736 0.0000
vt 0.8186 0.7573 0.0000
vt 0.8581 0.6736 0.0000
vt 0.8558 0.6868 0.0000
vt 0.8501 0.6926 0.0000
vt 0.8501 0.8516 0.0000
vt 0.8437 0.8575 0.0000
vt 0.8408 0.8706 0.0000
vt 0.3106 0.4667 0.0000
vt 0.3095 0.4643 0.0000
vt 0.3135 0.4604 0.0000
vt 0.3157 0.4619 0.0000
vt 0.8493 0.7295 0.0000
vt 0.8542 0.7401 0.0000
vt 0.8585 0.7494 0.0000
vt 0.8608 0.7546 0.0000
vt 0.7157 0.8618 0.0000
vt 0.7178 0.8650 0.0000
vt 0.6896 0.8504 0.0000
vt 0.7184 0.8451 0.0000
vt 0.7403 0.7350 0.0000
vt 0.7664 0.7305 0.0000
vt 0.7661 0.7467 0.0000
vt 0.7644 0.7990 0.0000
vt 0.7403 0.8092 0.0000
vt 0.7653 0.7925 0.0000
vt 0.7630 0.8279 0.0000
vt 0.7644 0.8338 0.0000
vt 0.7633 0.8127 0.0000
vt 0.7386 0.7403 0.0000
vt 0.7412 0.7467 0.0000
vt 0.7152 0.7658 0.0000
vt 0.7102 0.6736 0.0000
vt 0.7456 0.6868 0.0000
vt 0.7399 0.6926 0.0000
vt 0.7335 0.8575 0.0000
vt 0.7102 0.8706 0.0000
vt 0.7399 0.8516 0.0000
vt 0.7527 0.7718 0.0000
vt 0.7504 0.7666 0.0000
vt 0.8058 0.8053 0.0000
vt 0.8048 0.8118 0.0000
vt 0.8038 0.8255 0.0000
vt 0.8035 0.8406 0.0000
vt 0.8049 0.8465 0.0000
vt 0.8049 0.6976 0.0000
vt 0.8061 0.7035 0.0000
vt 0.7657 0.7163 0.0000
vt 0.7644 0.7104 0.0000
vt 0.8068 0.7177 0.0000
vt 0.8065 0.7339 0.0000
vt 0.8058 0.7389 0.0000
vt 0.7653 0.7516 0.0000
vt 0.7306 0.8706 0.0000
vt 0.7479 0.6736 0.0000
vt 0.7461 0.7573 0.0000
vt 0.7856 0.6736 0.0000
vt 0.7832 0.6868 0.0000
vt 0.7776 0.6926 0.0000
vt 0.7776 0.8516 0.0000
vt 0.7712 0.8575 0.0000
vt 0.7683 0.8706 0.0000
vt 0.4001 0.5074 0.0000
vt 0.3977 0.5085 0.0000
vt 0.3938 0.5045 0.0000
vt 0.3952 0.5023 0.0000
vt 0.7768 0.7295 0.0000
vt 0.7816 0.7401 0.0000
vt 0.7859 0.7494 0.0000
vt 0.7883 0.7546 0.0000
vt 0.7225 0.8345 0.0000
vt 0.5445 0.3476 0.0000
vt 0.5365 0.3470 0.0000
vt 0.5398 0.3443 0.0000
vt 0.5420 0.3444 0.0000
vt 0.7218 0.6893 0.0000
vt 0.7234 0.7032 0.0000
vt 0.6896 0.6938 0.0000
vt 0.7178 0.6792 0.0000
vt 0.7225 0.7097 0.0000
vt 0.7570 0.8534 0.0000
vt 0.7562 0.8578 0.0000
vt 0.7506 0.8649 0.0000
vt 0.7533 0.8482 0.0000
vt 0.7568 0.8586 0.0000
vt 0.7527 0.8681 0.0000
vt 0.7568 0.6856 0.0000
vt 0.7579 0.6882 0.0000
vt 0.7567 0.6862 0.0000
vt 0.7527 0.6761 0.0000
vt 0.7583 0.6918 0.0000
vt 0.7583 0.7001 0.0000
vt 0.7583 0.8524 0.0000
vt 0.7580 0.8507 0.0000
vt 0.7574 0.8376 0.0000
vt 0.7583 0.8441 0.0000
vt 0.9601 0.8210 0.0000
vt 0.9590 0.8232 0.0000
vt 0.9577 0.8280 0.0000
vt 0.9570 0.8334 0.0000
vt 0.9578 0.8355 0.0000
vt 0.9578 0.7087 0.0000
vt 0.9590 0.7107 0.0000
vt 0.9602 0.7157 0.0000
vt 0.9607 0.7214 0.0000
vt 0.9601 0.7232 0.0000
vt 0.6107 0.2950 0.0000
vt 0.6107 0.3097 0.0000
vt 0.6081 0.3134 0.0000
vt 0.6081 0.2952 0.0000
vt 0.4958 0.2892 0.0000
vt 0.4822 0.2885 0.0000
vt 0.4808 0.2869 0.0000
vt 0.4966 0.2870 0.0000
vt 0.4947 0.2916 0.0000
vt 0.4831 0.2903 0.0000
vt 0.3954 0.1855 0.0000
vt 0.4074 0.1856 0.0000
vt 0.4064 0.1889 0.0000
vt 0.3947 0.1887 0.0000
vt 0.2258 0.6594 0.0000
vt 0.2374 0.6594 0.0000
vt 0.2284 0.6674 0.0000
vt 0.2257 0.6684 0.0000
vt 0.2137 0.0883 0.0000
vt 0.2151 0.0788 0.0000
vt 0.6785 0.5212 0.0000
vt 0.6902 0.5182 0.0000
vt 0.3763 0.2627 0.0000
vt 0.3703 0.2522 0.0000
vt 0.6740 0.5223 0.0000
vt 0.6794 0.5338 0.0000
vt 0.6600 0.5308 0.0000
vt 0.6583 0.5223 0.0000
vt 0.2640 0.1139 0.0000
vt 0.2584 0.1144 0.0000
vt 0.2719 0.1136 0.0000
vt 0.1473 0.5505 0.0000
vt 0.1588 0.5558 0.0000
vt 0.1588 0.5663 0.0000
vt 0.1502 0.5672 0.0000
vt 0.6393 0.5281 0.0000
vt 0.6477 0.5223 0.0000
vt 0.2553 0.1327 0.0000
vt 0.2519 0.1344 0.0000
vt 0.2579 0.1352 0.0000
vt 0.1588 0.5821 0.0000
vt 0.1529 0.5906 0.0000
vt 0.5451 0.1293 0.0000
vt 0.5419 0.1356 0.0000
vt 0.5379 0.1345 0.0000
vt 0.5367 0.1322 0.0000
vt 0.6171 0.3808 0.0000
vt 0.6134 0.3776 0.0000
vt 0.6165 0.3752 0.0000
vt 0.6183 0.3766 0.0000
vt 0.0860 0.2073 0.0000
vt 0.0826 0.2049 0.0000
vt 0.0817 0.1850 0.0000
vt 0.0893 0.1893 0.0000
vt 0.0820 0.2056 0.0000
vt 0.0777 0.1808 0.0000
vt 0.5257 0.2231 0.0000
vt 0.5283 0.2257 0.0000
vt 0.5057 0.2260 0.0000
vt 0.5019 0.2199 0.0000
vt 0.1136 0.6116 0.0000
vt 0.1101 0.6112 0.0000
vt 0.1130 0.5911 0.0000
vt 0.1220 0.5967 0.0000
vt 0.0832 0.1536 0.0000
vt 0.0954 0.1591 0.0000
vt 0.0777 0.1488 0.0000
vt 0.4728 0.2283 0.0000
vt 0.4706 0.2219 0.0000
vt 0.3883 0.1291 0.0000
vt 0.3879 0.1405 0.0000
vt 0.3564 0.1411 0.0000
vt 0.3559 0.1251 0.0000
vt 0.0886 0.1124 0.0000
vt 0.4355 0.2320 0.0000
vt 0.4330 0.2259 0.0000
vt 0.3176 0.1421 0.0000
vt 0.3187 0.1291 0.0000
vt 0.1001 0.1004 0.0000
vt 0.4210 0.2321 0.0000
vt 0.4190 0.2280 0.0000
vt 0.5807 0.1228 0.0000
vt 0.5777 0.1193 0.0000
vt 0.5863 0.1166 0.0000
vt 0.5838 0.1227 0.0000
vt 0.5123 0.2393 0.0000
vt 0.5191 0.2446 0.0000
vt 0.5156 0.2473 0.0000
vt 0.5131 0.2454 0.0000
vt 0.5352 0.2138 0.0000
vt 0.5365 0.2180 0.0000
vt 0.5269 0.2194 0.0000
vt 0.5324 0.2134 0.0000
vt 0.4510 0.1348 0.0000
vt 0.4439 0.1353 0.0000
vt 0.4432 0.1312 0.0000
vt 0.4447 0.1303 0.0000
vt 0.5020 0.1464 0.0000
vt 0.5066 0.1407 0.0000
vt 0.5282 0.1352 0.0000
vt 0.5364 0.1368 0.0000
vt 0.5366 0.1397 0.0000
vt 0.5048 0.1488 0.0000
vt 0.5405 0.1426 0.0000
vt 0.5053 0.1513 0.0000
vt 0.4715 0.1316 0.0000
vt 0.4794 0.1260 0.0000
vt 0.5691 0.1219 0.0000
vt 0.5786 0.1246 0.0000
vt 0.5791 0.1287 0.0000
vt 0.5450 0.1388 0.0000
vt 0.5820 0.1309 0.0000
vt 0.5449 0.1416 0.0000
vt 0.5148 0.1260 0.0000
vt 0.4883 0.1300 0.0000
vt 0.4838 0.1255 0.0000
vt 0.5203 0.1200 0.0000
vt 0.5592 0.6878 0.0000
vt 0.5568 0.6905 0.0000
vt 0.5389 0.6744 0.0000
vt 0.5391 0.6697 0.0000
vt 0.5247 0.2222 0.0000
vt 0.5551 0.2139 0.0000
vt 0.5567 0.2169 0.0000
vt 0.5590 0.2192 0.0000
vt 0.1101 0.6375 0.0000
vt 0.1072 0.6321 0.0000
vt 0.5348 0.6706 0.0000
vt 0.5375 0.6681 0.0000
vt 0.4367 0.1358 0.0000
vt 0.4408 0.1313 0.0000
vt 0.4825 0.1305 0.0000
vt 0.4819 0.1262 0.0000
vt 0.5247 0.1249 0.0000
vt 0.5247 0.1204 0.0000
vt 0.6356 0.5279 0.0000
vt 0.6318 0.5276 0.0000
vt 0.6218 0.5223 0.0000
vt 0.6344 0.5223 0.0000
vt 0.1588 0.6083 0.0000
vt 0.1534 0.5990 0.0000
vt 0.1532 0.5959 0.0000
vt 0.1588 0.5960 0.0000
vt 0.0459 0.3546 0.0000
vt 0.0538 0.3203 0.0000
vt 0.0564 0.3238 0.0000
vt 0.0537 0.3435 0.0000
vt 0.2501 0.4139 0.0000
vt 0.2459 0.4109 0.0000
vt 0.2809 0.4086 0.0000
vt 0.2825 0.4112 0.0000
vt 0.2839 0.4127 0.0000
vt 0.2508 0.4177 0.0000
vt 0.5346 0.1237 0.0000
vt 0.5269 0.1192 0.0000
vt 0.5597 0.1161 0.0000
vt 0.5533 0.1241 0.0000
vt 0.3923 0.3632 0.0000
vt 0.3932 0.3664 0.0000
vt 0.3785 0.3705 0.0000
vt 0.3814 0.3677 0.0000
vt 0.3947 0.1718 0.0000
vt 0.4021 0.1645 0.0000
vt 0.2755 0.4370 0.0000
vt 0.2842 0.4474 0.0000
vt 0.2696 0.4456 0.0000
vt 0.4882 0.4812 0.0000
vt 0.4883 0.4834 0.0000
vt 0.4752 0.4935 0.0000
vt 0.4713 0.4845 0.0000
vt 0.4883 0.4846 0.0000
vt 0.4767 0.4970 0.0000
vt 0.2805 0.5212 0.0000
vt 0.2796 0.5206 0.0000
vt 0.2850 0.5076 0.0000
vt 0.2877 0.5054 0.0000
vt 0.2765 0.5198 0.0000
vt 0.2768 0.5085 0.0000
vt 0.2738 0.5198 0.0000
vt 0.2679 0.5054 0.0000
vt 0.2738 0.5203 0.0000
vt 0.2626 0.5023 0.0000
vt 0.5580 0.1943 0.0000
vt 0.5563 0.1929 0.0000
vt 0.5715 0.1896 0.0000
vt 0.5746 0.1943 0.0000
vt 0.4785 0.1570 0.0000
vt 0.4798 0.1601 0.0000
vt 0.4649 0.1654 0.0000
vt 0.4612 0.1532 0.0000
vt 0.4548 0.5014 0.0000
vt 0.4516 0.4903 0.0000
vt 0.4574 0.5054 0.0000
vt 0.2378 0.1348 0.0000
vt 0.2396 0.1384 0.0000
vt 0.2192 0.1374 0.0000
vt 0.2169 0.1328 0.0000
vt 0.2769 0.4872 0.0000
vt 0.2872 0.4863 0.0000
vt 0.2636 0.4833 0.0000
vt 0.2568 0.4799 0.0000
vt 0.4568 0.1477 0.0000
vt 0.4373 0.1523 0.0000
vt 0.4337 0.1459 0.0000
vt 0.4433 0.1693 0.0000
vt 0.4309 0.5078 0.0000
vt 0.4271 0.4974 0.0000
vt 0.4331 0.5114 0.0000
vt 0.1940 0.1388 0.0000
vt 0.1919 0.1346 0.0000
vt 0.2608 0.4542 0.0000
vt 0.4091 0.1543 0.0000
vt 0.4066 0.3599 0.0000
vt 0.4084 0.3640 0.0000
vt 0.7107 0.3276 0.0000
vt 0.7089 0.3322 0.0000
vt 0.6957 0.3309 0.0000
vt 0.6948 0.3275 0.0000
vt 0.5190 0.4775 0.0000
vt 0.5176 0.4792 0.0000
vt 0.5768 0.4380 0.0000
vt 0.5760 0.4398 0.0000
vt 0.5448 0.4393 0.0000
vt 0.5466 0.4378 0.0000
vt 0.2755 0.5453 0.0000
vt 0.2728 0.5434 0.0000
vt 0.2697 0.5423 0.0000
vt 0.5682 0.6683 0.0000
vt 0.5682 0.6706 0.0000
vt 0.5585 0.1946 0.0000
vt 0.5302 0.2107 0.0000
vt 0.4107 0.1523 0.0000
vt 0.4099 0.1491 0.0000
vt 0.4246 0.1450 0.0000
vt 0.4217 0.1478 0.0000
vt 0.4338 0.1607 0.0000
vt 0.4413 0.1534 0.0000
vt 0.3663 0.3198 0.0000
vt 0.3767 0.3111 0.0000
vt 0.3749 0.3257 0.0000
vt 0.6130 0.3467 0.0000
vt 0.6107 0.3469 0.0000
vt 0.5998 0.3346 0.0000
vt 0.6085 0.3300 0.0000
vt 0.6096 0.3470 0.0000
vt 0.5964 0.3364 0.0000
vt 0.4505 0.3147 0.0000
vt 0.4499 0.3156 0.0000
vt 0.4369 0.3102 0.0000
vt 0.4348 0.3076 0.0000
vt 0.4492 0.3188 0.0000
vt 0.4378 0.3184 0.0000
vt 0.4492 0.3215 0.0000
vt 0.4348 0.3274 0.0000
vt 0.4497 0.3215 0.0000
vt 0.4316 0.3327 0.0000
vt 0.5174 0.1974 0.0000
vt 0.5158 0.1961 0.0000
vt 0.5309 0.1928 0.0000
vt 0.5341 0.1975 0.0000
vt 0.5176 0.1459 0.0000
vt 0.5189 0.1490 0.0000
vt 0.5041 0.1543 0.0000
vt 0.5004 0.1421 0.0000
vt 0.5905 0.3149 0.0000
vt 0.6013 0.3108 0.0000
vt 0.5867 0.3177 0.0000
vt 0.4592 0.2842 0.0000
vt 0.4605 0.2880 0.0000
vt 0.4374 0.2883 0.0000
vt 0.4362 0.2829 0.0000
vt 0.4165 0.3183 0.0000
vt 0.4156 0.3081 0.0000
vt 0.4127 0.3317 0.0000
vt 0.4092 0.3385 0.0000
vt 0.4959 0.1366 0.0000
vt 0.4764 0.1412 0.0000
vt 0.4728 0.1349 0.0000
vt 0.4824 0.1582 0.0000
vt 0.5824 0.2914 0.0000
vt 0.5925 0.2869 0.0000
vt 0.5789 0.2939 0.0000
vt 0.4085 0.2915 0.0000
vt 0.4071 0.2867 0.0000
vt 0.3835 0.3345 0.0000
vt 0.4483 0.1432 0.0000
vt 0.3964 0.1555 0.0000
vt 0.3947 0.1514 0.0000
vt 0.3973 0.2985 0.0000
vt 0.3947 0.2963 0.0000
vt 0.5849 0.3455 0.0000
vt 0.5841 0.3474 0.0000
vt 0.5533 0.3469 0.0000
vt 0.5551 0.3452 0.0000
vt 0.4745 0.3191 0.0000
vt 0.4712 0.3227 0.0000
vt 0.4715 0.3255 0.0000
vt 0.4727 0.2991 0.0000
vt 0.4730 0.2961 0.0000
vt 0.5013 0.2926 0.0000
vt 0.5032 0.2944 0.0000
vt 0.4912 0.2162 0.0000
vt 0.5179 0.1977 0.0000
vt 0.4948 0.2173 0.0000
vt 0.5156 0.1446 0.0000
vt 0.4572 0.4281 0.0000
vt 0.4580 0.4312 0.0000
vt 0.4433 0.4353 0.0000
vt 0.4463 0.4325 0.0000
vt 0.1392 0.4372 0.0000
vt 0.1467 0.4299 0.0000
vt 0.3217 0.4820 0.0000
vt 0.3321 0.4733 0.0000
vt 0.3303 0.4879 0.0000
vt 0.5202 0.2752 0.0000
vt 0.5225 0.2749 0.0000
vt 0.5338 0.2868 0.0000
vt 0.5253 0.2917 0.0000
vt 0.5236 0.2748 0.0000
vt 0.5371 0.2850 0.0000
vt 0.4059 0.4770 0.0000
vt 0.4053 0.4778 0.0000
vt 0.3923 0.4724 0.0000
vt 0.3901 0.4698 0.0000
vt 0.4045 0.4810 0.0000
vt 0.3932 0.4806 0.0000
vt 0.4045 0.4837 0.0000
vt 0.3901 0.4896 0.0000
vt 0.4051 0.4837 0.0000
vt 0.3870 0.4949 0.0000
vt 0.4727 0.2006 0.0000
vt 0.4710 0.1992 0.0000
vt 0.4862 0.1959 0.0000
vt 0.4894 0.2006 0.0000
vt 0.2230 0.4224 0.0000
vt 0.2243 0.4255 0.0000
vt 0.2095 0.4308 0.0000
vt 0.2058 0.4186 0.0000
vt 0.5438 0.3063 0.0000
vt 0.5331 0.3107 0.0000
vt 0.5475 0.3033 0.0000
vt 0.5100 0.0678 0.0000
vt 0.5082 0.0643 0.0000
vt 0.5286 0.0653 0.0000
vt 0.5310 0.0698 0.0000
vt 0.3719 0.4806 0.0000
vt 0.3710 0.4703 0.0000
vt 0.3680 0.4939 0.0000
vt 0.3646 0.5007 0.0000
vt 0.2013 0.4131 0.0000
vt 0.1818 0.4177 0.0000
vt 0.1782 0.4113 0.0000
vt 0.1878 0.4347 0.0000
vt 0.5527 0.3294 0.0000
vt 0.5428 0.3343 0.0000
vt 0.5561 0.3268 0.0000
vt 0.5538 0.0639 0.0000
vt 0.5559 0.0681 0.0000
vt 0.3389 0.4967 0.0000
vt 0.1536 0.4197 0.0000
vt 0.4715 0.4248 0.0000
vt 0.4732 0.4289 0.0000
vt 0.4836 0.3276 0.0000
vt 0.4818 0.3322 0.0000
vt 0.4686 0.3309 0.0000
vt 0.4677 0.3275 0.0000
vt 0.1235 0.1531 0.0000
vt 0.1254 0.1538 0.0000
vt 0.1262 0.1845 0.0000
vt 0.1230 0.1814 0.0000
vt 0.4281 0.4816 0.0000
vt 0.4256 0.4843 0.0000
vt 0.4259 0.4884 0.0000
vt 0.5449 0.4464 0.0000
vt 0.5448 0.4441 0.0000
vt 0.5731 0.4440 0.0000
vt 0.5751 0.4458 0.0000
vt 0.5768 0.4473 0.0000
vt 0.5449 0.4470 0.0000
vt 0.4475 0.2199 0.0000
vt 0.4440 0.2167 0.0000
vt 0.3087 0.4387 0.0000
vt 0.3055 0.4395 0.0000
vt 0.3014 0.4248 0.0000
vt 0.3042 0.4277 0.0000
vt 0.4474 0.5237 0.0000
vt 0.4549 0.5163 0.0000
vt 0.0971 0.2991 0.0000
vt 0.1058 0.3095 0.0000
vt 0.0911 0.3077 0.0000
vt 0.1353 0.6033 0.0000
vt 0.1370 0.6048 0.0000
vt 0.1346 0.6211 0.0000
vt 0.1254 0.6174 0.0000
vt 0.1378 0.6057 0.0000
vt 0.1380 0.6226 0.0000
vt 0.1021 0.3833 0.0000
vt 0.1012 0.3827 0.0000
vt 0.1066 0.3697 0.0000
vt 0.1093 0.3676 0.0000
vt 0.0980 0.3820 0.0000
vt 0.0984 0.3706 0.0000
vt 0.0954 0.3820 0.0000
vt 0.0895 0.3676 0.0000
vt 0.0954 0.3825 0.0000
vt 0.0841 0.3644 0.0000
vt 0.4187 0.2042 0.0000
vt 0.4171 0.2028 0.0000
vt 0.4323 0.1995 0.0000
vt 0.4354 0.2042 0.0000
vt 0.5312 0.5089 0.0000
vt 0.5325 0.5119 0.0000
vt 0.5176 0.5172 0.0000
vt 0.5139 0.5050 0.0000
vt 0.1254 0.6409 0.0000
vt 0.1154 0.6353 0.0000
vt 0.1300 0.6420 0.0000
vt 0.1207 0.1408 0.0000
vt 0.1189 0.1372 0.0000
vt 0.1393 0.1383 0.0000
vt 0.1417 0.1428 0.0000
vt 0.0985 0.3493 0.0000
vt 0.1088 0.3484 0.0000
vt 0.0851 0.3455 0.0000
vt 0.0784 0.3420 0.0000
vt 0.5095 0.4996 0.0000
vt 0.4900 0.5042 0.0000
vt 0.4864 0.4978 0.0000
vt 0.4960 0.5211 0.0000
vt 0.1126 0.6622 0.0000
vt 0.1027 0.6574 0.0000
vt 0.1167 0.6633 0.0000
vt 0.1645 0.1369 0.0000
vt 0.1666 0.1411 0.0000
vt 0.0823 0.3163 0.0000
vt 0.4618 0.5062 0.0000
vt 0.3119 0.4530 0.0000
vt 0.3079 0.4547 0.0000
vt 0.5161 0.2141 0.0000
vt 0.5142 0.2187 0.0000
vt 0.5010 0.2174 0.0000
vt 0.5001 0.2139 0.0000
vt 0.2137 0.5310 0.0000
vt 0.2126 0.5307 0.0000
vt 0.2122 0.5140 0.0000
vt 0.2141 0.5150 0.0000
vt 0.2170 0.5156 0.0000
vt 0.2161 0.5333 0.0000
vt 0.6271 0.5464 0.0000
vt 0.6255 0.5447 0.0000
vt 0.6275 0.5468 0.0000
vt 0.4064 0.2194 0.0000
vt 0.4028 0.2174 0.0000
vt 0.1630 0.5375 0.0000
vt 0.1416 0.5459 0.0000
vt 0.1392 0.5433 0.0000
vt 0.1606 0.5343 0.0000
vt 0.5104 0.2591 0.0000
vt 0.4994 0.2652 0.0000
vt 0.2426 0.4612 0.0000
vt 0.2523 0.4690 0.0000
vt 0.5827 0.6553 0.0000
vt 0.5772 0.6438 0.0000
vt 0.5928 0.6468 0.0000
vt 0.5914 0.6553 0.0000
vt 0.2229 0.1057 0.0000
vt 0.2174 0.1047 0.0000
vt 0.2294 0.1068 0.0000
vt 0.6760 0.3842 0.0000
vt 0.6875 0.3896 0.0000
vt 0.6875 0.4012 0.0000
vt 0.6790 0.4002 0.0000
vt 0.6094 0.6495 0.0000
vt 0.6026 0.6553 0.0000
vt 0.2115 0.1200 0.0000
vt 0.2079 0.1201 0.0000
vt 0.2133 0.1228 0.0000
vt 0.6875 0.4142 0.0000
vt 0.6817 0.4182 0.0000
vt 0.0732 0.1825 0.0000
vt 0.0682 0.1783 0.0000
vt 0.0689 0.1750 0.0000
vt 0.0730 0.1746 0.0000
vt 0.6137 0.6198 0.0000
vt 0.6168 0.6229 0.0000
vt 0.6147 0.6263 0.0000
vt 0.6138 0.6254 0.0000
vt 0.1598 0.4593 0.0000
vt 0.1619 0.4560 0.0000
vt 0.1773 0.4529 0.0000
vt 0.1739 0.4608 0.0000
vt 0.1611 0.4553 0.0000
vt 0.1808 0.4489 0.0000
vt 0.2607 0.1575 0.0000
vt 0.2626 0.1593 0.0000
vt 0.2429 0.1584 0.0000
vt 0.2405 0.1545 0.0000
vt 0.4157 0.2560 0.0000
vt 0.4176 0.2526 0.0000
vt 0.4324 0.2536 0.0000
vt 0.4327 0.2634 0.0000
vt 0.2013 0.4507 0.0000
vt 0.1972 0.4633 0.0000
vt 0.2052 0.4451 0.0000
vt 0.2140 0.1584 0.0000
vt 0.2131 0.1544 0.0000
vt 0.4565 0.2553 0.0000
vt 0.4572 0.2708 0.0000
vt 0.2331 0.4513 0.0000
vt 0.1810 0.1591 0.0000
vt 0.1797 0.1552 0.0000
vt 0.4884 0.2732 0.0000
vt 0.0687 0.2142 0.0000
vt 0.0736 0.2126 0.0000
vt 0.0737 0.2205 0.0000
vt 0.0684 0.2170 0.0000
vt 0.5109 0.0965 0.0000
vt 0.5018 0.0957 0.0000
vt 0.5024 0.0916 0.0000
vt 0.5049 0.0913 0.0000
vt 0.0687 0.1392 0.0000
vt 0.0725 0.1384 0.0000
vt 0.0729 0.1469 0.0000
vt 0.0683 0.1417 0.0000
vt 0.4333 0.0904 0.0000
vt 0.4269 0.0896 0.0000
vt 0.4269 0.0858 0.0000
vt 0.4287 0.0855 0.0000
vt 0.0728 0.1667 0.0000
vt 0.0683 0.1733 0.0000
vt 0.0767 0.1356 0.0000
vt 0.0765 0.1062 0.0000
vt 0.0784 0.1044 0.0000
vt 0.0784 0.1361 0.0000
vt 0.0743 0.1382 0.0000
vt 0.0749 0.1061 0.0000
vt 0.6227 0.6286 0.0000
vt 0.6335 0.6390 0.0000
vt 0.6347 0.6455 0.0000
vt 0.6162 0.6277 0.0000
vt 0.0735 0.2047 0.0000
vt 0.0683 0.2121 0.0000
vt 0.5432 0.0821 0.0000
vt 0.5436 0.1136 0.0000
vt 0.5412 0.1155 0.0000
vt 0.5407 0.0815 0.0000
vt 0.5450 0.0801 0.0000
vt 0.5453 0.1144 0.0000
vt 0.4927 0.0949 0.0000
vt 0.4678 0.0932 0.0000
vt 0.4647 0.0886 0.0000
vt 0.4989 0.0908 0.0000
vt 0.1444 0.4577 0.0000
vt 0.1400 0.4536 0.0000
vt 0.2600 0.1569 0.0000
vt 0.2877 0.1531 0.0000
vt 0.2885 0.1550 0.0000
vt 0.2902 0.1565 0.0000
vt 0.3931 0.2545 0.0000
vt 0.3961 0.2511 0.0000
vt 0.0684 0.1375 0.0000
vt 0.0724 0.1328 0.0000
vt 0.3906 0.2507 0.0000
vt 0.3913 0.2545 0.0000
vt 0.6071 0.6180 0.0000
vt 0.6071 0.6106 0.0000
vt 0.6112 0.6140 0.0000
vt 0.6113 0.6176 0.0000
vt 0.0673 0.2440 0.0000
vt 0.0662 0.2423 0.0000
vt 0.0718 0.2320 0.0000
vt 0.0733 0.2414 0.0000
vt 0.5231 0.0996 0.0000
vt 0.5296 0.0936 0.0000
vt 0.5326 0.0938 0.0000
vt 0.5329 0.0991 0.0000
vt 0.0673 0.2470 0.0000
vt 0.0751 0.2511 0.0000
vt 0.6875 0.4227 0.0000
vt 0.6820 0.4223 0.0000
vt 0.3014 0.5302 0.0000
vt 0.3229 0.5312 0.0000
vt 0.3220 0.5356 0.0000
vt 0.3109 0.5356 0.0000
vt 0.2558 0.2251 0.0000
vt 0.2529 0.2227 0.0000
vt 0.2782 0.2244 0.0000
vt 0.2794 0.2271 0.0000
vt 0.2805 0.2289 0.0000
vt 0.2556 0.2275 0.0000
vt 0.4673 0.6874 0.0000
vt 0.4682 0.6905 0.0000
vt 0.4555 0.6925 0.0000
vt 0.4583 0.6899 0.0000
vt 0.2771 0.0499 0.0000
vt 0.2851 0.0465 0.0000
vt 0.5535 0.5274 0.0000
vt 0.5516 0.5352 0.0000
vt 0.5482 0.5229 0.0000
vt 0.5889 0.1170 0.0000
vt 0.5909 0.1085 0.0000
vt 0.0397 0.2755 0.0000
vt 0.0419 0.2753 0.0000
vt 0.0485 0.2849 0.0000
vt 0.0395 0.2889 0.0000
vt 0.2325 0.5505 0.0000
vt 0.2339 0.5514 0.0000
vt 0.2380 0.5657 0.0000
vt 0.2338 0.5647 0.0000
vt 0.5668 0.4532 0.0000
vt 0.5670 0.4537 0.0000
vt 0.5598 0.4638 0.0000
vt 0.5565 0.4638 0.0000
vt 0.5688 0.4552 0.0000
vt 0.5665 0.4664 0.0000
vt 0.6064 0.1801 0.0000
vt 0.6049 0.1805 0.0000
vt 0.5988 0.1691 0.0000
vt 0.6046 0.1702 0.0000
vt 0.6050 0.1810 0.0000
vt 0.5950 0.1673 0.0000
vt 0.6924 0.1816 0.0000
vt 0.6938 0.1804 0.0000
vt 0.6924 0.1976 0.0000
vt 0.6888 0.2003 0.0000
vt 0.3523 0.0522 0.0000
vt 0.3528 0.0542 0.0000
vt 0.3388 0.0554 0.0000
vt 0.3383 0.0476 0.0000
vt 0.3924 0.0591 0.0000
vt 0.3918 0.0693 0.0000
vt 0.3723 0.0604 0.0000
vt 0.3736 0.0486 0.0000
vt 0.5197 0.6762 0.0000
vt 0.5205 0.6805 0.0000
vt 0.5047 0.6852 0.0000
vt 0.5023 0.6811 0.0000
vt 0.5539 0.4838 0.0000
vt 0.5495 0.4834 0.0000
vt 0.5621 0.4872 0.0000
vt 0.5922 0.1507 0.0000
vt 0.6008 0.1517 0.0000
vt 0.5875 0.1489 0.0000
vt 0.6905 0.2204 0.0000
vt 0.6871 0.2226 0.0000
vt 0.3194 0.0549 0.0000
vt 0.3179 0.0439 0.0000
vt 0.4819 0.6897 0.0000
vt 0.4801 0.6857 0.0000
vt 0.5447 0.5096 0.0000
vt 0.5853 0.1260 0.0000
vt 0.3163 0.0396 0.0000
vt 0.2933 0.0413 0.0000
vt 0.0422 0.2506 0.0000
vt 0.0434 0.2516 0.0000
vt 0.4080 0.2730 0.0000
vt 0.4065 0.2737 0.0000
vt 0.0560 0.6375 0.0000
vt 0.0554 0.6371 0.0000
vt 0.0540 0.6154 0.0000
vt 0.0560 0.6166 0.0000
vt 0.0580 0.6169 0.0000
vt 0.0581 0.6376 0.0000
vt 0.1757 0.3977 0.0000
vt 0.1758 0.3956 0.0000
vt 0.1996 0.3924 0.0000
vt 0.2007 0.3935 0.0000
vt 0.6882 0.1544 0.0000
vt 0.6918 0.1816 0.0000
vt 0.6866 0.1560 0.0000
vt 0.6907 0.1531 0.0000
vt 0.0378 0.2755 0.0000
vt 0.0405 0.2504 0.0000
vt 0.6538 0.4563 0.0000
vt 0.6548 0.4593 0.0000
vt 0.6420 0.4614 0.0000
vt 0.6448 0.4588 0.0000
vt 0.4717 0.5771 0.0000
vt 0.4798 0.5737 0.0000
vt 0.4927 0.3732 0.0000
vt 0.4907 0.3810 0.0000
vt 0.4874 0.3687 0.0000
vt 0.4384 0.6840 0.0000
vt 0.4469 0.6859 0.0000
vt 0.0519 0.6728 0.0000
vt 0.0541 0.6726 0.0000
vt 0.0606 0.6822 0.0000
vt 0.0516 0.6862 0.0000
vt 0.0500 0.2139 0.0000
vt 0.0514 0.2148 0.0000
vt 0.0555 0.2291 0.0000
vt 0.0513 0.2281 0.0000
vt 0.5060 0.2990 0.0000
vt 0.5061 0.2995 0.0000
vt 0.4990 0.3096 0.0000
vt 0.4957 0.3096 0.0000
vt 0.5080 0.3010 0.0000
vt 0.5057 0.3122 0.0000
vt 0.3753 0.7015 0.0000
vt 0.3748 0.6999 0.0000
vt 0.3863 0.6938 0.0000
vt 0.3852 0.6996 0.0000
vt 0.3744 0.7000 0.0000
vt 0.3881 0.6900 0.0000
vt 0.1163 0.1860 0.0000
vt 0.1149 0.1871 0.0000
vt 0.1163 0.1700 0.0000
vt 0.1199 0.1673 0.0000
vt 0.5470 0.5794 0.0000
vt 0.5474 0.5814 0.0000
vt 0.5335 0.5826 0.0000
vt 0.5330 0.5748 0.0000
vt 0.4284 0.0617 0.0000
vt 0.4279 0.0720 0.0000
vt 0.4083 0.0630 0.0000
vt 0.4096 0.0512 0.0000
vt 0.7063 0.4451 0.0000
vt 0.7070 0.4493 0.0000
vt 0.6912 0.4541 0.0000
vt 0.6888 0.4499 0.0000
vt 0.4930 0.3296 0.0000
vt 0.4887 0.3292 0.0000
vt 0.5012 0.3330 0.0000
vt 0.4047 0.6872 0.0000
vt 0.4037 0.6958 0.0000
vt 0.4065 0.6825 0.0000
vt 0.1181 0.1472 0.0000
vt 0.1216 0.1450 0.0000
vt 0.5140 0.5821 0.0000
vt 0.5126 0.5710 0.0000
vt 0.6684 0.4586 0.0000
vt 0.6666 0.4546 0.0000
vt 0.4839 0.3554 0.0000
vt 0.4294 0.6803 0.0000
vt 0.5109 0.5667 0.0000
vt 0.4880 0.5685 0.0000
vt 0.0548 0.6484 0.0000
vt 0.0560 0.6495 0.0000
vt 0.6159 0.6512 0.0000
vt 0.6143 0.6508 0.0000
vt 0.5483 0.2772 0.0000
vt 0.5486 0.2766 0.0000
vt 0.5762 0.2761 0.0000
vt 0.5738 0.2789 0.0000
vt 0.5116 0.2748 0.0000
vt 0.5105 0.2752 0.0000
vt 0.0459 0.2545 0.0000
vt 0.0481 0.2546 0.0000
vt 0.0512 0.2781 0.0000
vt 0.0498 0.2795 0.0000
vt 0.1200 0.2136 0.0000
vt 0.1168 0.1860 0.0000
vt 0.1221 0.2110 0.0000
vt 0.1174 0.2153 0.0000
vt 0.0500 0.6728 0.0000
vt 0.0529 0.6478 0.0000
vt 0.6952 0.4461 0.0000
vt 0.6943 0.4431 0.0000
vt 0.7070 0.4410 0.0000
vt 0.7043 0.4436 0.0000
vt 0.1554 0.2243 0.0000
vt 0.1635 0.2209 0.0000
vt 0.5150 0.2826 0.0000
vt 0.5169 0.2748 0.0000
vt 0.5203 0.2871 0.0000
vt 0.4708 0.6393 0.0000
vt 0.4793 0.6413 0.0000
vt 0.0465 0.3328 0.0000
vt 0.0444 0.3330 0.0000
vt 0.0378 0.3234 0.0000
vt 0.0468 0.3194 0.0000
vt 0.3014 0.1384 0.0000
vt 0.3023 0.1369 0.0000
vt 0.3166 0.1328 0.0000
vt 0.3156 0.1370 0.0000
vt 0.5017 0.3568 0.0000
vt 0.5015 0.3563 0.0000
vt 0.5087 0.3462 0.0000
vt 0.5120 0.3462 0.0000
vt 0.4997 0.3548 0.0000
vt 0.5020 0.3436 0.0000
vt 0.4077 0.6569 0.0000
vt 0.4073 0.6553 0.0000
vt 0.4187 0.6492 0.0000
vt 0.4176 0.6550 0.0000
vt 0.4068 0.6554 0.0000
vt 0.4205 0.6454 0.0000
vt 0.0437 0.5467 0.0000
vt 0.0451 0.5455 0.0000
vt 0.0437 0.5626 0.0000
vt 0.0401 0.5653 0.0000
vt 0.2307 0.2266 0.0000
vt 0.2311 0.2286 0.0000
vt 0.2172 0.2298 0.0000
vt 0.2167 0.2220 0.0000
vt 0.4681 0.0648 0.0000
vt 0.4675 0.0751 0.0000
vt 0.4479 0.0661 0.0000
vt 0.4493 0.0543 0.0000
vt 0.6428 0.4573 0.0000
vt 0.6420 0.4531 0.0000
vt 0.6578 0.4483 0.0000
vt 0.6603 0.4525 0.0000
vt 0.5146 0.3262 0.0000
vt 0.5190 0.3266 0.0000
vt 0.5064 0.3228 0.0000
vt 0.4371 0.6426 0.0000
vt 0.4361 0.6512 0.0000
vt 0.4389 0.6379 0.0000
vt 0.0418 0.5855 0.0000
vt 0.0384 0.5877 0.0000
vt 0.1977 0.2293 0.0000
vt 0.1963 0.2182 0.0000
vt 0.6806 0.4438 0.0000
vt 0.6824 0.4478 0.0000
vt 0.5238 0.3004 0.0000
vt 0.4618 0.6357 0.0000
vt 0.1946 0.2139 0.0000
vt 0.1717 0.2157 0.0000
vt 0.0442 0.3572 0.0000
vt 0.0426 0.3557 0.0000
vt 0.6281 0.5992 0.0000
vt 0.6289 0.6006 0.0000
vt 0.1769 0.1328 0.0000
vt 0.1775 0.1332 0.0000
vt 0.1777 0.1594 0.0000
vt 0.1757 0.1574 0.0000
vt 0.4961 0.3801 0.0000
vt 0.4976 0.3796 0.0000
vt 0.2084 0.4329 0.0000
vt 0.2083 0.4351 0.0000
vt 0.1851 0.4381 0.0000
vt 0.1838 0.4367 0.0000
vt 0.0394 0.5203 0.0000
vt 0.0431 0.5467 0.0000
vt 0.0378 0.5221 0.0000
vt 0.0427 0.5181 0.0000
vt 0.4560 0.6976 0.0000
vt 0.4550 0.6945 0.0000
vt 0.4678 0.6924 0.0000
vt 0.4650 0.6951 0.0000
vt 0.1135 0.4472 0.0000
vt 0.1055 0.4506 0.0000
vt 0.6411 0.3191 0.0000
vt 0.6431 0.3113 0.0000
vt 0.6465 0.3236 0.0000
vt 0.4154 0.6653 0.0000
vt 0.4068 0.6634 0.0000
vt 0.6641 0.4234 0.0000
vt 0.6657 0.4248 0.0000
vt 0.6633 0.4362 0.0000
vt 0.6542 0.4325 0.0000
vt 0.1716 0.5100 0.0000
vt 0.1730 0.5108 0.0000
vt 0.1772 0.5252 0.0000
vt 0.1730 0.5242 0.0000
vt 0.6279 0.3933 0.0000
vt 0.6277 0.3928 0.0000
vt 0.6349 0.3827 0.0000
vt 0.6382 0.3827 0.0000
vt 0.6258 0.3913 0.0000
vt 0.6282 0.3801 0.0000
vt 0.4784 0.6478 0.0000
vt 0.4789 0.6494 0.0000
vt 0.4674 0.6555 0.0000
vt 0.4686 0.6497 0.0000
vt 0.4793 0.6493 0.0000
vt 0.4657 0.6593 0.0000
vt 0.6505 0.5358 0.0000
vt 0.6494 0.5343 0.0000
vt 0.6664 0.5369 0.0000
vt 0.6689 0.5407 0.0000
vt 0.0383 0.4449 0.0000
vt 0.0378 0.4429 0.0000
vt 0.0517 0.4417 0.0000
vt 0.0522 0.4495 0.0000
vt 0.5743 0.5508 0.0000
vt 0.5836 0.5465 0.0000
vt 0.5849 0.5679 0.0000
vt 0.5738 0.5723 0.0000
vt 0.4035 0.7087 0.0000
vt 0.4028 0.7045 0.0000
vt 0.4186 0.6998 0.0000
vt 0.4210 0.7039 0.0000
vt 0.6408 0.3627 0.0000
vt 0.6451 0.3631 0.0000
vt 0.6326 0.3593 0.0000
vt 0.4491 0.6621 0.0000
vt 0.4501 0.6535 0.0000
vt 0.4472 0.6668 0.0000
vt 0.6891 0.5403 0.0000
vt 0.6910 0.5439 0.0000
vt 0.0712 0.4422 0.0000
vt 0.0726 0.4532 0.0000
vt 0.4414 0.6953 0.0000
vt 0.4432 0.6993 0.0000
vt 0.6499 0.3369 0.0000
vt 0.4243 0.6690 0.0000
vt 0.0743 0.4576 0.0000
vt 0.0973 0.4558 0.0000
vt 0.0982 0.2203 0.0000
vt 0.0989 0.2218 0.0000
vt 0.0826 0.2251 0.0000
vt 0.0824 0.2225 0.0000
vt 0.0983 0.2196 0.0000
vt 0.0829 0.2206 0.0000
vt 0.0826 0.2180 0.0000
vt 0.0997 0.2181 0.0000
vt 0.0838 0.1191 0.0000
vt 0.0824 0.1175 0.0000
vt 0.0845 0.1004 0.0000
vt 0.0875 0.1006 0.0000
vt 0.0898 0.1009 0.0000
vt 0.0841 0.1196 0.0000
vt 0.6353 0.5471 0.0000
vt 0.6339 0.5434 0.0000
vt 0.6627 0.4220 0.0000
vt 0.6801 0.4157 0.0000
vt 0.2127 0.0856 0.0000
vt 0.2137 0.0786 0.0000
vt 0.2021 0.0770 0.0000
vt 0.2102 0.0844 0.0000
vt 0.2077 0.0849 0.0000
vt 0.1977 0.0801 0.0000
vt 0.2001 0.0793 0.0000
vt 0.1969 0.0862 0.0000
vt 0.1942 0.0858 0.0000
vt 0.1952 0.0786 0.0000
vt 0.2440 0.6709 0.0000
vt 0.2413 0.6709 0.0000
vt 0.2414 0.6638 0.0000
vt 0.2441 0.6625 0.0000
vt 0.2308 0.6685 0.0000
vt 0.2390 0.6625 0.0000
vt 0.2460 0.6594 0.0000
vt 0.2460 0.6709 0.0000
vt 0.1922 0.0855 0.0000
vt 0.1936 0.0758 0.0000
vt 0.2061 0.0873 0.0000
vt 0.2320 0.6709 0.0000
vt 0.1433 0.4251 0.0000
vt 0.1460 0.4145 0.0000
vt 0.1482 0.4138 0.0000
vt 0.1461 0.4255 0.0000
vt 0.4486 0.2799 0.0000
vt 0.4389 0.2793 0.0000
vt 0.4383 0.2775 0.0000
vt 0.4492 0.2773 0.0000
vt 0.6971 0.2961 0.0000
vt 0.6971 0.3048 0.0000
vt 0.6949 0.3048 0.0000
vt 0.6948 0.2950 0.0000
vt 0.6999 0.2951 0.0000
vt 0.6997 0.3048 0.0000
vt 0.5024 0.1977 0.0000
vt 0.5028 0.2002 0.0000
vt 0.4920 0.1997 0.0000
vt 0.4927 0.1980 0.0000
vt 0.2099 0.0940 0.0000
vt 0.2085 0.0924 0.0000
vt 0.3634 0.5615 0.0000
vt 0.3752 0.5608 0.0000
vt 0.3743 0.5634 0.0000
vt 0.3627 0.5643 0.0000
vt 0.3622 0.5592 0.0000
vt 0.3740 0.5586 0.0000
vt 0.2244 0.6709 0.0000
vt 0.2244 0.6594 0.0000
vt 0.9362 0.6736 0.0000
vt 0.9322 0.6787 0.0000
vt 0.9322 0.8655 0.0000
vt 0.9302 0.8631 0.0000
vt 0.9282 0.8574 0.0000
vt 0.9279 0.8655 0.0000
vt 0.9286 0.8706 0.0000
vt 0.1432 0.4065 0.0000
vt 0.1448 0.4045 0.0000
vt 0.6826 0.0408 0.0000
vt 0.6847 0.0396 0.0000
vt 0.6851 0.0469 0.0000
vt 0.6833 0.0467 0.0000
vt 0.5881 0.4153 0.0000
vt 0.5853 0.4151 0.0000
vt 0.5877 0.4086 0.0000
vt 0.5896 0.4099 0.0000
vt 0.5918 0.4102 0.0000
vt 0.5899 0.4164 0.0000
vt 0.5434 0.1956 0.0000
vt 0.5366 0.1955 0.0000
vt 0.5373 0.1937 0.0000
vt 0.5429 0.1938 0.0000
vt 0.2028 0.0984 0.0000
vt 0.2026 0.0958 0.0000
vt 0.2104 0.0966 0.0000
vt 0.2027 0.1013 0.0000
vt 0.6177 0.1707 0.0000
vt 0.6199 0.1693 0.0000
vt 0.6236 0.1790 0.0000
vt 0.6213 0.1801 0.0000
vt 0.6107 0.3140 0.0000
vt 0.4774 0.2896 0.0000
vt 0.4758 0.2879 0.0000
vt 0.4792 0.2916 0.0000
vt 0.4101 0.1879 0.0000
vt 0.5177 0.5010 0.0000
vt 0.5163 0.4978 0.0000
vt 0.5270 0.4978 0.0000
vt 0.5260 0.5010 0.0000
vt 0.2371 0.5920 0.0000
vt 0.2365 0.5894 0.0000
vt 0.2371 0.5870 0.0000
vt 0.2506 0.5895 0.0000
vt 0.3289 0.6411 0.0000
vt 0.3289 0.6541 0.0000
vt 0.3257 0.6532 0.0000
vt 0.3258 0.6397 0.0000
vt 0.1064 0.6940 0.0000
vt 0.1028 0.6933 0.0000
vt 0.1027 0.6888 0.0000
vt 0.1063 0.6884 0.0000
vt 0.2563 0.5956 0.0000
vt 0.5306 0.0830 0.0000
vt 0.5214 0.0827 0.0000
vt 0.5220 0.0793 0.0000
vt 0.5304 0.0794 0.0000
vt 0.9266 0.7267 0.0000
vt 0.9282 0.7302 0.0000
vt 0.9189 0.7231 0.0000
vt 0.9304 0.7351 0.0000
vt 0.9324 0.7394 0.0000
vt 0.9338 0.7423 0.0000
vt 0.8836 0.7403 0.0000
vt 0.8876 0.8210 0.0000
vt 0.8865 0.8232 0.0000
vt 0.8852 0.8280 0.0000
vt 0.8845 0.8334 0.0000
vt 0.8853 0.8355 0.0000
vt 0.8853 0.7087 0.0000
vt 0.8865 0.7107 0.0000
vt 0.8877 0.7157 0.0000
vt 0.8882 0.7214 0.0000
vt 0.8876 0.7232 0.0000
vt 0.3755 0.3761 0.0000
vt 0.3755 0.3908 0.0000
vt 0.3729 0.3945 0.0000
vt 0.3729 0.3763 0.0000
vt 0.2512 0.4610 0.0000
vt 0.2518 0.4474 0.0000
vt 0.2534 0.4461 0.0000
vt 0.2534 0.4618 0.0000
vt 0.2487 0.4600 0.0000
vt 0.2500 0.4483 0.0000
vt 0.7272 0.1030 0.0000
vt 0.7272 0.0910 0.0000
vt 0.7306 0.0920 0.0000
vt 0.7303 0.1037 0.0000
vt 0.2620 0.6594 0.0000
vt 0.2737 0.6594 0.0000
vt 0.2647 0.6674 0.0000
vt 0.2620 0.6684 0.0000
vt 0.1791 0.0737 0.0000
vt 0.1777 0.0833 0.0000
vt 0.1768 0.0805 0.0000
vt 0.1777 0.0736 0.0000
vt 0.1662 0.0719 0.0000
vt 0.1742 0.0793 0.0000
vt 0.1718 0.0798 0.0000
vt 0.1617 0.0751 0.0000
vt 0.1642 0.0742 0.0000
vt 0.1609 0.0811 0.0000
vt 0.1582 0.0807 0.0000
vt 0.1592 0.0735 0.0000
vt 0.2803 0.6709 0.0000
vt 0.2776 0.6709 0.0000
vt 0.2777 0.6638 0.0000
vt 0.2803 0.6625 0.0000
vt 0.2671 0.6685 0.0000
vt 0.2753 0.6625 0.0000
vt 0.2823 0.6594 0.0000
vt 0.2823 0.6709 0.0000
vt 0.1563 0.0805 0.0000
vt 0.1577 0.0707 0.0000
vt 0.1702 0.0822 0.0000
vt 0.2683 0.6709 0.0000
vt 0.4502 0.2924 0.0000
vt 0.4393 0.2916 0.0000
vt 0.4383 0.2895 0.0000
vt 0.4501 0.2895 0.0000
vt 0.3564 0.0867 0.0000
vt 0.3467 0.0861 0.0000
vt 0.3460 0.0843 0.0000
vt 0.3569 0.0842 0.0000
vt 0.5336 0.5533 0.0000
vt 0.5423 0.5533 0.0000
vt 0.5423 0.5555 0.0000
vt 0.5326 0.5556 0.0000
vt 0.5326 0.5505 0.0000
vt 0.5423 0.5507 0.0000
vt 0.7272 0.2751 0.0000
vt 0.7297 0.2748 0.0000
vt 0.7292 0.2856 0.0000
vt 0.7275 0.2848 0.0000
vt 0.1740 0.0890 0.0000
vt 0.1726 0.0873 0.0000
vt 0.6124 0.3165 0.0000
vt 0.6130 0.3283 0.0000
vt 0.6105 0.3274 0.0000
vt 0.6096 0.3157 0.0000
vt 0.6147 0.3153 0.0000
vt 0.6153 0.3271 0.0000
vt 0.2607 0.6709 0.0000
vt 0.2606 0.6594 0.0000
vt 0.8637 0.6736 0.0000
vt 0.8597 0.6787 0.0000
vt 0.8597 0.8655 0.0000
vt 0.8578 0.8631 0.0000
vt 0.8558 0.8574 0.0000
vt 0.8554 0.8655 0.0000
vt 0.8562 0.8706 0.0000
vt 0.4544 0.3234 0.0000
vt 0.4556 0.3254 0.0000
vt 0.4474 0.3265 0.0000
vt 0.4474 0.3242 0.0000
vt 0.7082 0.0461 0.0000
vt 0.7069 0.0440 0.0000
vt 0.7143 0.0436 0.0000
vt 0.7141 0.0455 0.0000
vt 0.4120 0.6223 0.0000
vt 0.4122 0.6195 0.0000
vt 0.4187 0.6219 0.0000
vt 0.4174 0.6238 0.0000
vt 0.4171 0.6260 0.0000
vt 0.4109 0.6240 0.0000
vt 0.4501 0.2077 0.0000
vt 0.4433 0.2077 0.0000
vt 0.4440 0.2058 0.0000
vt 0.4497 0.2059 0.0000
vt 0.1669 0.0933 0.0000
vt 0.1666 0.0908 0.0000
vt 0.1744 0.0915 0.0000
vt 0.1667 0.0962 0.0000
vt 0.4571 0.3272 0.0000
vt 0.4486 0.3287 0.0000
vt 0.3755 0.3951 0.0000
vt 0.2507 0.4426 0.0000
vt 0.2524 0.4410 0.0000
vt 0.2487 0.4444 0.0000
vt 0.7295 0.0882 0.0000
vt 0.6168 0.3937 0.0000
vt 0.6200 0.3924 0.0000
vt 0.6199 0.4030 0.0000
vt 0.6168 0.4020 0.0000
vt 0.3152 0.4497 0.0000
vt 0.3179 0.4491 0.0000
vt 0.3202 0.4497 0.0000
vt 0.3177 0.4632 0.0000
vt 0.3289 0.6127 0.0000
vt 0.3289 0.6257 0.0000
vt 0.3257 0.6248 0.0000
vt 0.3258 0.6113 0.0000
vt 0.2119 0.6412 0.0000
vt 0.2082 0.6406 0.0000
vt 0.2081 0.6361 0.0000
vt 0.2118 0.6357 0.0000
vt 0.3116 0.4689 0.0000
vt 0.5034 0.0685 0.0000
vt 0.4941 0.0682 0.0000
vt 0.4948 0.0648 0.0000
vt 0.5031 0.0649 0.0000
vt 0.8541 0.7267 0.0000
vt 0.8558 0.7302 0.0000
vt 0.8465 0.7231 0.0000
vt 0.8580 0.7351 0.0000
vt 0.8599 0.7394 0.0000
vt 0.8613 0.7423 0.0000
vt 0.8151 0.8210 0.0000
vt 0.8140 0.8232 0.0000
vt 0.8127 0.8280 0.0000
vt 0.8120 0.8334 0.0000
vt 0.8128 0.8355 0.0000
vt 0.8128 0.7087 0.0000
vt 0.8140 0.7107 0.0000
vt 0.8152 0.7157 0.0000
vt 0.8157 0.7214 0.0000
vt 0.8151 0.7232 0.0000
vt 0.5718 0.2353 0.0000
vt 0.5571 0.2353 0.0000
vt 0.5534 0.2327 0.0000
vt 0.5716 0.2327 0.0000
vt 0.3039 0.3921 0.0000
vt 0.3045 0.3785 0.0000
vt 0.3061 0.3771 0.0000
vt 0.3061 0.3929 0.0000
vt 0.3014 0.3910 0.0000
vt 0.3028 0.3794 0.0000
vt 0.7272 0.0787 0.0000
vt 0.7272 0.0667 0.0000
vt 0.7306 0.0677 0.0000
vt 0.7303 0.0794 0.0000
vt 0.2984 0.6594 0.0000
vt 0.3100 0.6594 0.0000
vt 0.3010 0.6674 0.0000
vt 0.2983 0.6684 0.0000
vt 0.1203 0.0754 0.0000
vt 0.1149 0.0721 0.0000
vt 0.1159 0.0649 0.0000
vt 0.1217 0.0657 0.0000
vt 0.3186 0.6594 0.0000
vt 0.3245 0.6594 0.0000
vt 0.3245 0.6679 0.0000
vt 0.3186 0.6709 0.0000
vt 0.1432 0.0687 0.0000
vt 0.1418 0.0782 0.0000
vt 0.1408 0.0755 0.0000
vt 0.1418 0.0685 0.0000
vt 0.1302 0.0669 0.0000
vt 0.1383 0.0742 0.0000
vt 0.1358 0.0748 0.0000
vt 0.1258 0.0700 0.0000
vt 0.1282 0.0692 0.0000
vt 0.1250 0.0761 0.0000
vt 0.1223 0.0757 0.0000
vt 0.1233 0.0685 0.0000
vt 0.3166 0.6709 0.0000
vt 0.3139 0.6709 0.0000
vt 0.3140 0.6638 0.0000
vt 0.3167 0.6625 0.0000
vt 0.3034 0.6685 0.0000
vt 0.3116 0.6625 0.0000
vt 0.1342 0.0772 0.0000
vt 0.3046 0.6709 0.0000
vt 0.2236 0.5707 0.0000
vt 0.2244 0.5598 0.0000
vt 0.2265 0.5587 0.0000
vt 0.2265 0.5706 0.0000
vt 0.4599 0.2799 0.0000
vt 0.4502 0.2793 0.0000
vt 0.4496 0.2775 0.0000
vt 0.4605 0.2773 0.0000
vt 0.2862 0.6790 0.0000
vt 0.2949 0.6790 0.0000
vt 0.2949 0.6812 0.0000
vt 0.2852 0.6813 0.0000
vt 0.2852 0.6762 0.0000
vt 0.2949 0.6764 0.0000
vt 0.7297 0.3906 0.0000
vt 0.7272 0.3910 0.0000
vt 0.7277 0.3802 0.0000
vt 0.7294 0.3809 0.0000
vt 0.1380 0.0839 0.0000
vt 0.1366 0.0823 0.0000
vt 0.5216 0.3790 0.0000
vt 0.5334 0.3784 0.0000
vt 0.5325 0.3809 0.0000
vt 0.5208 0.3818 0.0000
vt 0.5204 0.3767 0.0000
vt 0.5322 0.3761 0.0000
vt 0.2970 0.6709 0.0000
vt 0.2970 0.6594 0.0000
vt 0.7912 0.6736 0.0000
vt 0.7872 0.6787 0.0000
vt 0.7872 0.8655 0.0000
vt 0.7852 0.8631 0.0000
vt 0.7832 0.8574 0.0000
vt 0.7829 0.8655 0.0000
vt 0.7836 0.8706 0.0000
vt 0.0691 0.5992 0.0000
vt 0.0703 0.6011 0.0000
vt 0.0622 0.6022 0.0000
vt 0.0621 0.5999 0.0000
vt 0.5082 0.0814 0.0000
vt 0.5104 0.0801 0.0000
vt 0.5107 0.0875 0.0000
vt 0.5089 0.0873 0.0000
vt 0.4079 0.5979 0.0000
vt 0.4082 0.5951 0.0000
vt 0.4147 0.5975 0.0000
vt 0.4133 0.5995 0.0000
vt 0.4130 0.6017 0.0000
vt 0.4068 0.5997 0.0000
vt 0.4409 0.0898 0.0000
vt 0.4341 0.0897 0.0000
vt 0.4348 0.0879 0.0000
vt 0.4405 0.0880 0.0000
vt 0.1309 0.0883 0.0000
vt 0.1307 0.0857 0.0000
vt 0.1385 0.0864 0.0000
vt 0.1308 0.0912 0.0000
vt 0.0719 0.6030 0.0000
vt 0.0634 0.6045 0.0000
vt 0.5528 0.2353 0.0000
vt 0.3034 0.3737 0.0000
vt 0.3051 0.3721 0.0000
vt 0.3014 0.3755 0.0000
vt 0.7295 0.0639 0.0000
vt 0.3735 0.3532 0.0000
vt 0.3767 0.3518 0.0000
vt 0.3766 0.3625 0.0000
vt 0.3735 0.3614 0.0000
vt 0.3831 0.5028 0.0000
vt 0.3825 0.5002 0.0000
vt 0.3831 0.4978 0.0000
vt 0.3965 0.5003 0.0000
vt 0.4285 0.5172 0.0000
vt 0.4415 0.5172 0.0000
vt 0.4406 0.5204 0.0000
vt 0.4271 0.5203 0.0000
vt 0.0865 0.5867 0.0000
vt 0.0871 0.5830 0.0000
vt 0.0916 0.5830 0.0000
vt 0.0921 0.5866 0.0000
vt 0.4023 0.5064 0.0000
vt 0.4761 0.0540 0.0000
vt 0.4669 0.0537 0.0000
vt 0.4675 0.0503 0.0000
vt 0.4758 0.0504 0.0000
vt 0.7816 0.7267 0.0000
vt 0.7832 0.7302 0.0000
vt 0.7739 0.7231 0.0000
vt 0.7854 0.7351 0.0000
vt 0.7874 0.7394 0.0000
vt 0.7888 0.7423 0.0000
vt 0.5369 0.3408 0.0000
vt 0.5393 0.3421 0.0000
vt 0.5373 0.3356 0.0000
vt 0.5409 0.3406 0.0000
vt 0.5444 0.3390 0.0000
vt 0.5427 0.3413 0.0000
vt 0.1149 0.0842 0.0000
vt 0.1244 0.0844 0.0000
vt 0.1186 0.0873 0.0000
vt 0.1163 0.0875 0.0000
vt 0.1227 0.0893 0.0000
vt 0.1188 0.0899 0.0000
vt 0.4672 0.3727 0.0000
vt 0.4672 0.3749 0.0000
vt 0.4650 0.3722 0.0000
vt 0.4651 0.3700 0.0000
vt 0.5422 0.3402 0.0000
vt 0.5426 0.3423 0.0000
vt 0.4843 0.0645 0.0000
vt 0.4885 0.0639 0.0000
vt 0.4878 0.0661 0.0000
vt 0.4839 0.0671 0.0000
vt 0.4426 0.1427 0.0000
vt 0.4393 0.1432 0.0000
vt 0.4401 0.1414 0.0000
vt 0.4435 0.1409 0.0000
vt 0.4430 0.1449 0.0000
vt 0.4397 0.1452 0.0000
vt 0.4687 0.3709 0.0000
vt 0.4662 0.3685 0.0000
vt 0.4596 0.3716 0.0000
vt 0.4599 0.3694 0.0000
vt 0.1048 0.5555 0.0000
vt 0.1049 0.5608 0.0000
vt 0.1027 0.5609 0.0000
vt 0.1027 0.5555 0.0000
vt 0.1065 0.5546 0.0000
vt 0.1064 0.5603 0.0000
vt 0.6043 0.6079 0.0000
vt 0.6100 0.6078 0.0000
vt 0.6100 0.6096 0.0000
vt 0.6042 0.6097 0.0000
vt 0.6968 0.1856 0.0000
vt 0.6963 0.1913 0.0000
vt 0.6948 0.1912 0.0000
vt 0.6951 0.1855 0.0000
vt 0.4604 0.3680 0.0000
vt 0.7574 0.7066 0.0000
vt 0.6461 0.6324 0.0000
vt 0.6464 0.6197 0.0000
vt 0.2842 0.0786 0.0000
vt 0.3592 0.0891 0.0000
vt 0.4717 0.5870 0.0000
vt 0.5474 0.5870 0.0000
vt 0.5474 0.5985 0.0000
vt 0.4717 0.5985 0.0000
vt 0.2728 0.0770 0.0000
vt 0.2585 0.0750 0.0000
vt 0.2421 0.0727 0.0000
vt 0.6910 0.3633 0.0000
vt 0.6911 0.3748 0.0000
vt 0.6745 0.3748 0.0000
vt 0.6745 0.3633 0.0000
vt 0.4425 0.2231 0.0000
vt 0.4286 0.2163 0.0000
vt 0.4347 0.2131 0.0000
vt 0.1284 0.7151 0.0000
vt 0.1426 0.7148 0.0000
vt 0.1484 0.7224 0.0000
vt 0.1354 0.7046 0.0000
vt 0.0558 0.0602 0.0000
vt 0.0611 0.0442 0.0000
vt 0.0662 0.0571 0.0000
vt 0.7052 0.0600 0.0000
vt 0.6989 0.0438 0.0000
vt 0.7074 0.0507 0.0000
vt 0.4610 0.3417 0.0000
vt 0.4704 0.3349 0.0000
vt 0.4759 0.3397 0.0000
vt 0.4737 0.3455 0.0000
vt 0.6959 0.0503 0.0000
vt 0.6907 0.0601 0.0000
vt 0.7159 0.0606 0.0000
vt 0.4601 0.3315 0.0000
vt 0.4663 0.3518 0.0000
vt 0.7053 0.1007 0.0000
vt 0.6991 0.0845 0.0000
vt 0.7076 0.0914 0.0000
vt 0.3945 0.4570 0.0000
vt 0.3851 0.4638 0.0000
vt 0.3795 0.4589 0.0000
vt 0.3818 0.4531 0.0000
vt 0.6960 0.0910 0.0000
vt 0.6908 0.1008 0.0000
vt 0.7160 0.1013 0.0000
vt 0.3954 0.4671 0.0000
vt 0.3892 0.4469 0.0000
vt 0.6079 0.0600 0.0000
vt 0.6016 0.0438 0.0000
vt 0.6101 0.0507 0.0000
vt 0.2728 0.5827 0.0000
vt 0.2634 0.5895 0.0000
vt 0.2579 0.5846 0.0000
vt 0.2602 0.5789 0.0000
vt 0.5985 0.0503 0.0000
vt 0.5934 0.0601 0.0000
vt 0.6186 0.0606 0.0000
vt 0.2738 0.5928 0.0000
vt 0.2675 0.5726 0.0000
vt 0.2113 0.6951 0.0000
vt 0.1959 0.7030 0.0000
vt 0.2019 0.6938 0.0000
vt 0.3976 0.6337 0.0000
vt 0.4070 0.6269 0.0000
vt 0.4125 0.6317 0.0000
vt 0.4102 0.6375 0.0000
vt 0.2027 0.7054 0.0000
vt 0.2130 0.7095 0.0000
vt 0.2108 0.6843 0.0000
vt 0.3966 0.6235 0.0000
vt 0.4029 0.6438 0.0000
vt 0.2307 0.0711 0.0000
vt 0.3503 0.3044 0.0000
vt 0.3486 0.3209 0.0000
vt 0.3434 0.3160 0.0000
vt 0.0772 0.6234 0.0000
vt 0.0729 0.6116 0.0000
vt 0.0785 0.6043 0.0000
vt 0.0650 0.6222 0.0000
vt 0.3398 0.3059 0.0000
vt 0.2079 0.2718 0.0000
vt 0.2216 0.2660 0.0000
vt 0.2162 0.2720 0.0000
vt 0.5809 0.0923 0.0000
vt 0.5834 0.1019 0.0000
vt 0.5796 0.1055 0.0000
vt 0.5766 0.1021 0.0000
vt 0.2157 0.2649 0.0000
vt 0.2066 0.2629 0.0000
vt 0.2318 0.2879 0.0000
vt 0.2233 0.2888 0.0000
vt 0.2278 0.2766 0.0000
vt 0.1644 0.6370 0.0000
vt 0.1686 0.6462 0.0000
vt 0.1601 0.6478 0.0000
vt 0.5740 0.0943 0.0000
vt 0.3620 0.6732 0.0000
vt 0.3757 0.6675 0.0000
vt 0.3703 0.6735 0.0000
vt 0.5606 0.5992 0.0000
vt 0.5631 0.6088 0.0000
vt 0.5593 0.6124 0.0000
vt 0.5563 0.6091 0.0000
vt 0.3698 0.6664 0.0000
vt 0.3607 0.6644 0.0000
vt 0.2652 0.2742 0.0000
vt 0.2567 0.2751 0.0000
vt 0.2612 0.2630 0.0000
vt 0.1810 0.2384 0.0000
vt 0.1902 0.2342 0.0000
vt 0.1919 0.2428 0.0000
vt 0.5538 0.6012 0.0000
vt 0.2768 0.4299 0.0000
vt 0.2905 0.4242 0.0000
vt 0.2851 0.4302 0.0000
vt 0.6539 0.4005 0.0000
vt 0.6564 0.4101 0.0000
vt 0.6526 0.4137 0.0000
vt 0.6496 0.4103 0.0000
vt 0.2846 0.4231 0.0000
vt 0.2755 0.4211 0.0000
vt 0.3020 0.2591 0.0000
vt 0.2935 0.2600 0.0000
vt 0.2980 0.2478 0.0000
vt 0.3631 0.3653 0.0000
vt 0.3673 0.3745 0.0000
vt 0.3588 0.3761 0.0000
vt 0.6470 0.4025 0.0000
vt 0.5951 0.2177 0.0000
vt 0.6008 0.2315 0.0000
vt 0.5948 0.2260 0.0000
vt 0.6215 0.4775 0.0000
vt 0.6240 0.4872 0.0000
vt 0.6202 0.4907 0.0000
vt 0.6171 0.4874 0.0000
vt 0.6019 0.2255 0.0000
vt 0.6039 0.2164 0.0000
vt 0.1716 0.1252 0.0000
vt 0.1780 0.1309 0.0000
vt 0.1659 0.1357 0.0000
vt 0.4402 0.5599 0.0000
vt 0.4444 0.5691 0.0000
vt 0.4358 0.5707 0.0000
vt 0.6146 0.4796 0.0000
vt 0.8853 0.6122 0.0000
vt 0.9111 0.6004 0.0000
vt 0.9114 0.6166 0.0000
vt 0.9094 0.9422 0.0000
vt 0.9103 0.9487 0.0000
vt 0.8853 0.9320 0.0000
vt 0.9094 0.9074 0.0000
vt 0.9080 0.9133 0.0000
vt 0.9083 0.9285 0.0000
vt 0.8836 0.6069 0.0000
vt 0.8602 0.5813 0.0000
vt 0.8862 0.6005 0.0000
vt 0.8849 0.6546 0.0000
vt 0.8906 0.6604 0.0000
vt 0.8785 0.8838 0.0000
vt 0.8849 0.8896 0.0000
vt 0.8977 0.5754 0.0000
vt 0.8954 0.5805 0.0000
vt 0.9508 0.9359 0.0000
vt 0.9498 0.9294 0.0000
vt 0.9488 0.9157 0.0000
vt 0.9485 0.9006 0.0000
vt 0.9499 0.8947 0.0000
vt 0.9499 0.6495 0.0000
vt 0.9094 0.6367 0.0000
vt 0.9107 0.6308 0.0000
vt 0.9511 0.6436 0.0000
vt 0.9518 0.6294 0.0000
vt 0.9515 0.6132 0.0000
vt 0.9103 0.5955 0.0000
vt 0.9508 0.6083 0.0000
vt 0.8911 0.5899 0.0000
vt 0.9282 0.6604 0.0000
vt 0.9226 0.6546 0.0000
vt 0.9226 0.8896 0.0000
vt 0.9162 0.8838 0.0000
vt 0.2355 0.4429 0.0000
vt 0.2292 0.4460 0.0000
vt 0.2286 0.4434 0.0000
vt 0.2336 0.4410 0.0000
vt 0.9218 0.6177 0.0000
vt 0.9266 0.6071 0.0000
vt 0.9309 0.5977 0.0000
vt 0.9333 0.5926 0.0000
vt 0.8128 0.6122 0.0000
vt 0.8386 0.6004 0.0000
vt 0.8389 0.6166 0.0000
vt 0.8369 0.9422 0.0000
vt 0.8378 0.9487 0.0000
vt 0.8128 0.9320 0.0000
vt 0.8369 0.9074 0.0000
vt 0.8355 0.9133 0.0000
vt 0.8358 0.9285 0.0000
vt 0.8111 0.6069 0.0000
vt 0.7877 0.5813 0.0000
vt 0.8137 0.6005 0.0000
vt 0.8124 0.6546 0.0000
vt 0.8181 0.6604 0.0000
vt 0.8060 0.8838 0.0000
vt 0.8124 0.8896 0.0000
vt 0.8252 0.5754 0.0000
vt 0.8229 0.5805 0.0000
vt 0.8783 0.9359 0.0000
vt 0.8774 0.9294 0.0000
vt 0.8763 0.9157 0.0000
vt 0.8760 0.9006 0.0000
vt 0.8774 0.8947 0.0000
vt 0.8774 0.6495 0.0000
vt 0.8369 0.6367 0.0000
vt 0.8382 0.6308 0.0000
vt 0.8787 0.6436 0.0000
vt 0.8794 0.6294 0.0000
vt 0.8790 0.6132 0.0000
vt 0.8378 0.5955 0.0000
vt 0.8783 0.6083 0.0000
vt 0.8186 0.5899 0.0000
vt 0.8558 0.6604 0.0000
vt 0.8501 0.6546 0.0000
vt 0.8501 0.8896 0.0000
vt 0.8437 0.8838 0.0000
vt 0.3398 0.4386 0.0000
vt 0.3429 0.4450 0.0000
vt 0.3403 0.4456 0.0000
vt 0.3379 0.4406 0.0000
vt 0.8493 0.6177 0.0000
vt 0.8542 0.6071 0.0000
vt 0.8585 0.5977 0.0000
vt 0.8608 0.5926 0.0000
vt 0.7157 0.8795 0.0000
vt 0.6896 0.8908 0.0000
vt 0.7178 0.8763 0.0000
vt 0.7184 0.8962 0.0000
vt 0.7403 0.6122 0.0000
vt 0.7661 0.6004 0.0000
vt 0.7664 0.6166 0.0000
vt 0.7644 0.9422 0.0000
vt 0.7653 0.9487 0.0000
vt 0.7403 0.9320 0.0000
vt 0.7644 0.9074 0.0000
vt 0.7630 0.9133 0.0000
vt 0.7633 0.9285 0.0000
vt 0.7386 0.6069 0.0000
vt 0.7152 0.5813 0.0000
vt 0.7412 0.6005 0.0000
vt 0.7399 0.6546 0.0000
vt 0.7456 0.6604 0.0000
vt 0.7335 0.8838 0.0000
vt 0.7399 0.8896 0.0000
vt 0.7527 0.5754 0.0000
vt 0.7504 0.5805 0.0000
vt 0.8058 0.9359 0.0000
vt 0.8048 0.9294 0.0000
vt 0.8038 0.9157 0.0000
vt 0.8035 0.9006 0.0000
vt 0.8049 0.8947 0.0000
vt 0.8049 0.6495 0.0000
vt 0.7644 0.6367 0.0000
vt 0.7657 0.6308 0.0000
vt 0.8061 0.6436 0.0000
vt 0.8068 0.6294 0.0000
vt 0.8065 0.6132 0.0000
vt 0.7653 0.5955 0.0000
vt 0.8058 0.6083 0.0000
vt 0.7461 0.5899 0.0000
vt 0.7832 0.6604 0.0000
vt 0.7776 0.6546 0.0000
vt 0.7776 0.8896 0.0000
vt 0.7712 0.8838 0.0000
vt 0.1000 0.6509 0.0000
vt 0.0969 0.6446 0.0000
vt 0.0995 0.6440 0.0000
vt 0.1019 0.6490 0.0000
vt 0.7768 0.6177 0.0000
vt 0.7816 0.6071 0.0000
vt 0.7859 0.5977 0.0000
vt 0.7883 0.5926 0.0000
vt 0.7225 0.9067 0.0000
vt 0.5285 0.3464 0.0000
vt 0.5314 0.3437 0.0000
vt 0.5336 0.3438 0.0000
vt 0.7218 0.6579 0.0000
vt 0.6896 0.6534 0.0000
vt 0.7234 0.6439 0.0000
vt 0.7178 0.6679 0.0000
vt 0.7225 0.6375 0.0000
vt 0.7570 0.8878 0.0000
vt 0.7533 0.8931 0.0000
vt 0.7506 0.8764 0.0000
vt 0.7562 0.8834 0.0000
vt 0.7527 0.8732 0.0000
vt 0.7568 0.8826 0.0000
vt 0.7568 0.6616 0.0000
vt 0.7527 0.6710 0.0000
vt 0.7567 0.6610 0.0000
vt 0.7579 0.6590 0.0000
vt 0.7583 0.6470 0.0000
vt 0.7583 0.6553 0.0000
vt 0.7583 0.8889 0.0000
vt 0.7583 0.8972 0.0000
vt 0.7574 0.9036 0.0000
vt 0.7580 0.8905 0.0000
vt 0.9601 0.9203 0.0000
vt 0.9590 0.9180 0.0000
vt 0.9577 0.9132 0.0000
vt 0.9570 0.9079 0.0000
vt 0.9578 0.9057 0.0000
vt 0.9578 0.6385 0.0000
vt 0.9590 0.6364 0.0000
vt 0.9602 0.6314 0.0000
vt 0.9607 0.6257 0.0000
vt 0.9601 0.6239 0.0000
vt 0.6055 0.2950 0.0000
vt 0.6055 0.3097 0.0000
vt 0.5799 0.1454 0.0000
vt 0.5799 0.1477 0.0000
vt 0.5652 0.1419 0.0000
vt 0.5671 0.1409 0.0000
vt 0.5799 0.1427 0.0000
vt 0.5686 0.1396 0.0000
vt 0.3915 0.3680 0.0000
vt 0.3933 0.3707 0.0000
vt 0.3824 0.3749 0.0000
vt 0.3803 0.3722 0.0000
vt 0.2258 0.6350 0.0000
vt 0.2257 0.6260 0.0000
vt 0.2284 0.6270 0.0000
vt 0.2374 0.6350 0.0000
vt 0.2164 0.0693 0.0000
vt 0.1473 0.7147 0.0000
vt 0.1543 0.7245 0.0000
vt 0.4190 0.2116 0.0000
vt 0.4310 0.2099 0.0000
vt 0.6636 0.4939 0.0000
vt 0.6794 0.4939 0.0000
vt 0.6776 0.5025 0.0000
vt 0.6583 0.5054 0.0000
vt 0.2666 0.0565 0.0000
vt 0.2718 0.0586 0.0000
vt 0.2793 0.0610 0.0000
vt 0.1662 0.4775 0.0000
vt 0.1633 0.4942 0.0000
vt 0.1547 0.4933 0.0000
vt 0.1547 0.4829 0.0000
vt 0.6900 0.4939 0.0000
vt 0.6984 0.4998 0.0000
vt 0.2658 0.0355 0.0000
vt 0.2686 0.0381 0.0000
vt 0.2717 0.0364 0.0000
vt 0.1606 0.5176 0.0000
vt 0.1547 0.5091 0.0000
vt 0.6973 0.1959 0.0000
vt 0.6978 0.1870 0.0000
vt 0.7003 0.1875 0.0000
vt 0.7025 0.1911 0.0000
vt 0.5135 0.3861 0.0000
vt 0.5173 0.3842 0.0000
vt 0.5191 0.3857 0.0000
vt 0.5172 0.3893 0.0000
vt 0.0579 0.1473 0.0000
vt 0.0577 0.1290 0.0000
vt 0.0661 0.1261 0.0000
vt 0.0617 0.1455 0.0000
vt 0.0707 0.1226 0.0000
vt 0.0622 0.1463 0.0000
vt 0.7260 0.1461 0.0000
vt 0.7203 0.1228 0.0000
vt 0.7268 0.1260 0.0000
vt 0.7289 0.1485 0.0000
vt 0.5641 0.6462 0.0000
vt 0.5681 0.6629 0.0000
vt 0.5578 0.6658 0.0000
vt 0.5606 0.6457 0.0000
vt 0.0570 0.0982 0.0000
vt 0.0700 0.0949 0.0000
vt 0.0762 0.0911 0.0000
vt 0.7191 0.0915 0.0000
vt 0.7256 0.0930 0.0000
vt 0.2388 0.1872 0.0000
vt 0.2093 0.2010 0.0000
vt 0.2048 0.1856 0.0000
vt 0.2349 0.1765 0.0000
vt 0.0718 0.0534 0.0000
vt 0.7191 0.0537 0.0000
vt 0.7254 0.0555 0.0000
vt 0.1726 0.2087 0.0000
vt 0.1676 0.1967 0.0000
vt 0.0626 0.0396 0.0000
vt 0.7197 0.0396 0.0000
vt 0.7240 0.0411 0.0000
vt 0.7008 0.2319 0.0000
vt 0.7016 0.2349 0.0000
vt 0.6965 0.2390 0.0000
vt 0.6967 0.2300 0.0000
vt 0.6803 0.2423 0.0000
vt 0.6810 0.2484 0.0000
vt 0.6789 0.2509 0.0000
vt 0.6749 0.2491 0.0000
vt 0.6957 0.2790 0.0000
vt 0.6964 0.2817 0.0000
vt 0.6907 0.2876 0.0000
vt 0.6914 0.2780 0.0000
vt 0.2967 0.1624 0.0000
vt 0.2921 0.1686 0.0000
vt 0.2904 0.1682 0.0000
vt 0.2898 0.1641 0.0000
vt 0.7019 0.1498 0.0000
vt 0.7021 0.1855 0.0000
vt 0.6983 0.1780 0.0000
vt 0.6977 0.1557 0.0000
vt 0.7049 0.1849 0.0000
vt 0.7050 0.1518 0.0000
vt 0.7089 0.1878 0.0000
vt 0.7075 0.1516 0.0000
vt 0.3172 0.1591 0.0000
vt 0.3264 0.1620 0.0000
vt 0.7020 0.2294 0.0000
vt 0.6969 0.2210 0.0000
vt 0.7061 0.2287 0.0000
vt 0.7064 0.1931 0.0000
vt 0.7090 0.2309 0.0000
vt 0.7091 0.1923 0.0000
vt 0.3601 0.1511 0.0000
vt 0.3671 0.1551 0.0000
vt 0.3307 0.1611 0.0000
vt 0.3337 0.1554 0.0000
vt 0.6022 0.6211 0.0000
vt 0.5841 0.6412 0.0000
vt 0.5834 0.6366 0.0000
vt 0.5995 0.6187 0.0000
vt 0.7230 0.1776 0.0000
vt 0.7199 0.1764 0.0000
vt 0.7250 0.1453 0.0000
vt 0.7256 0.1797 0.0000
vt 0.5636 0.6249 0.0000
vt 0.5679 0.6205 0.0000
vt 0.5826 0.6430 0.0000
vt 0.5797 0.6407 0.0000
vt 0.2881 0.1689 0.0000
vt 0.2827 0.1658 0.0000
vt 0.3280 0.1567 0.0000
vt 0.3287 0.1610 0.0000
vt 0.3699 0.1491 0.0000
vt 0.3712 0.1533 0.0000
vt 0.7021 0.4995 0.0000
vt 0.7032 0.4939 0.0000
vt 0.7159 0.4939 0.0000
vt 0.7058 0.4992 0.0000
vt 0.1547 0.5353 0.0000
vt 0.1547 0.5230 0.0000
vt 0.1603 0.5229 0.0000
vt 0.1600 0.5260 0.0000
vt 0.0718 0.2993 0.0000
vt 0.0660 0.2870 0.0000
vt 0.0669 0.2672 0.0000
vt 0.0700 0.2642 0.0000
vt 0.6076 0.1526 0.0000
vt 0.6138 0.1845 0.0000
vt 0.6109 0.1837 0.0000
vt 0.6035 0.1494 0.0000
vt 0.6157 0.1855 0.0000
vt 0.6114 0.1523 0.0000
vt 0.3796 0.1471 0.0000
vt 0.3972 0.1409 0.0000
vt 0.4059 0.1465 0.0000
vt 0.3737 0.1538 0.0000
vt 0.1110 0.4038 0.0000
vt 0.1089 0.4155 0.0000
vt 0.1068 0.4189 0.0000
vt 0.1077 0.4037 0.0000
vt 0.6917 0.0488 0.0000
vt 0.6967 0.0396 0.0000
vt 0.4733 0.3331 0.0000
vt 0.4851 0.3399 0.0000
vt 0.4777 0.3472 0.0000
vt 0.0931 0.4068 0.0000
vt 0.0946 0.4240 0.0000
vt 0.0849 0.4226 0.0000
vt 0.0909 0.4073 0.0000
vt 0.0811 0.4222 0.0000
vt 0.0898 0.4076 0.0000
vt 0.4013 0.3495 0.0000
vt 0.4156 0.3398 0.0000
vt 0.4140 0.3427 0.0000
vt 0.4021 0.3503 0.0000
vt 0.4144 0.3510 0.0000
vt 0.4034 0.3533 0.0000
vt 0.4190 0.3592 0.0000
vt 0.4038 0.3559 0.0000
vt 0.4230 0.3640 0.0000
vt 0.4033 0.3560 0.0000
vt 0.7136 0.2549 0.0000
vt 0.7124 0.2383 0.0000
vt 0.7173 0.2410 0.0000
vt 0.7151 0.2564 0.0000
vt 0.7056 0.1242 0.0000
vt 0.6971 0.1087 0.0000
vt 0.7099 0.1089 0.0000
vt 0.7089 0.1246 0.0000
vt 0.0944 0.4445 0.0000
vt 0.0829 0.4444 0.0000
vt 0.0784 0.4430 0.0000
vt 0.6102 0.5771 0.0000
vt 0.6295 0.5687 0.0000
vt 0.6287 0.5738 0.0000
vt 0.6096 0.5811 0.0000
vt 0.4345 0.3369 0.0000
vt 0.4354 0.3472 0.0000
vt 0.4415 0.3597 0.0000
vt 0.4461 0.3657 0.0000
vt 0.6907 0.1059 0.0000
vt 0.6826 0.0842 0.0000
vt 0.6897 0.0859 0.0000
vt 0.7077 0.0870 0.0000
vt 0.0943 0.4700 0.0000
vt 0.0833 0.4692 0.0000
vt 0.0792 0.4680 0.0000
vt 0.6538 0.5627 0.0000
vt 0.6531 0.5673 0.0000
vt 0.4707 0.3574 0.0000
vt 0.6839 0.0582 0.0000
vt 0.1112 0.3892 0.0000
vt 0.1068 0.3883 0.0000
vt 0.4028 0.4937 0.0000
vt 0.4187 0.4941 0.0000
vt 0.4177 0.4976 0.0000
vt 0.4045 0.4984 0.0000
vt 0.0870 0.3780 0.0000
vt 0.0882 0.3761 0.0000
vt 0.0784 0.4678 0.0000
vt 0.1066 0.4572 0.0000
vt 0.1089 0.4580 0.0000
vt 0.0797 0.4692 0.0000
vt 0.3808 0.3610 0.0000
vt 0.3785 0.3587 0.0000
vt 0.3824 0.3639 0.0000
vt 0.6131 0.6396 0.0000
vt 0.6130 0.6373 0.0000
vt 0.7133 0.2544 0.0000
vt 0.6992 0.2838 0.0000
vt 0.1150 0.3268 0.0000
vt 0.1129 0.3384 0.0000
vt 0.1108 0.3418 0.0000
vt 0.1118 0.3266 0.0000
vt 0.6918 0.0895 0.0000
vt 0.6969 0.0803 0.0000
vt 0.3821 0.4655 0.0000
vt 0.3703 0.4588 0.0000
vt 0.3778 0.4514 0.0000
vt 0.5478 0.3843 0.0000
vt 0.5649 0.3858 0.0000
vt 0.5619 0.3952 0.0000
vt 0.5479 0.3866 0.0000
vt 0.5608 0.3988 0.0000
vt 0.5480 0.3877 0.0000
vt 0.4541 0.4491 0.0000
vt 0.4399 0.4589 0.0000
vt 0.4415 0.4559 0.0000
vt 0.4534 0.4483 0.0000
vt 0.4410 0.4477 0.0000
vt 0.4521 0.4453 0.0000
vt 0.4364 0.4394 0.0000
vt 0.4517 0.4427 0.0000
vt 0.4325 0.4347 0.0000
vt 0.4522 0.4426 0.0000
vt 0.7133 0.2956 0.0000
vt 0.7121 0.2790 0.0000
vt 0.7170 0.2817 0.0000
vt 0.7148 0.2971 0.0000
vt 0.7057 0.1649 0.0000
vt 0.6973 0.1494 0.0000
vt 0.7100 0.1496 0.0000
vt 0.7090 0.1653 0.0000
vt 0.5851 0.3896 0.0000
vt 0.5830 0.4009 0.0000
vt 0.5809 0.4051 0.0000
vt 0.2316 0.5577 0.0000
vt 0.2337 0.5806 0.0000
vt 0.2283 0.5795 0.0000
vt 0.2277 0.5564 0.0000
vt 0.4209 0.4618 0.0000
vt 0.4200 0.4515 0.0000
vt 0.4139 0.4390 0.0000
vt 0.4093 0.4329 0.0000
vt 0.6908 0.1466 0.0000
vt 0.6827 0.1249 0.0000
vt 0.6898 0.1266 0.0000
vt 0.7078 0.1277 0.0000
vt 0.6102 0.3941 0.0000
vt 0.6075 0.4048 0.0000
vt 0.6057 0.4086 0.0000
vt 0.2309 0.6098 0.0000
vt 0.2260 0.6086 0.0000
vt 0.3848 0.4413 0.0000
vt 0.6840 0.0989 0.0000
vt 0.1153 0.3121 0.0000
vt 0.1109 0.3113 0.0000
vt 0.2218 0.6226 0.0000
vt 0.2195 0.6200 0.0000
vt 0.2244 0.2529 0.0000
vt 0.2522 0.2423 0.0000
vt 0.2545 0.2433 0.0000
vt 0.2257 0.2543 0.0000
vt 0.4731 0.4377 0.0000
vt 0.4770 0.4407 0.0000
vt 0.4729 0.4349 0.0000
vt 0.2162 0.5447 0.0000
vt 0.2198 0.5140 0.0000
vt 0.2217 0.5159 0.0000
vt 0.2192 0.5443 0.0000
vt 0.6965 0.3231 0.0000
vt 0.6950 0.3195 0.0000
vt 0.7130 0.2951 0.0000
vt 0.7039 0.1634 0.0000
vt 0.0988 0.6147 0.0000
vt 0.0967 0.6263 0.0000
vt 0.0946 0.6298 0.0000
vt 0.0955 0.6145 0.0000
vt 0.5944 0.0488 0.0000
vt 0.5994 0.0396 0.0000
vt 0.2605 0.5912 0.0000
vt 0.2487 0.5845 0.0000
vt 0.2562 0.5771 0.0000
vt 0.6813 0.2791 0.0000
vt 0.6803 0.2964 0.0000
vt 0.6709 0.2937 0.0000
vt 0.6790 0.2794 0.0000
vt 0.6672 0.2927 0.0000
vt 0.6779 0.2795 0.0000
vt 0.3325 0.5748 0.0000
vt 0.3182 0.5846 0.0000
vt 0.3199 0.5816 0.0000
vt 0.3317 0.5741 0.0000
vt 0.3194 0.5734 0.0000
vt 0.3305 0.5710 0.0000
vt 0.3148 0.5651 0.0000
vt 0.3300 0.5684 0.0000
vt 0.3108 0.5604 0.0000
vt 0.3305 0.5683 0.0000
vt 0.7133 0.3404 0.0000
vt 0.7121 0.3238 0.0000
vt 0.7170 0.3266 0.0000
vt 0.7148 0.3420 0.0000
vt 0.6083 0.1242 0.0000
vt 0.5998 0.1087 0.0000
vt 0.6126 0.1089 0.0000
vt 0.6116 0.1246 0.0000
vt 0.6773 0.3166 0.0000
vt 0.6659 0.3150 0.0000
vt 0.6616 0.3130 0.0000
vt 0.6937 0.4328 0.0000
vt 0.6744 0.4412 0.0000
vt 0.6752 0.4361 0.0000
vt 0.6943 0.4289 0.0000
vt 0.2993 0.5875 0.0000
vt 0.2984 0.5772 0.0000
vt 0.2923 0.5647 0.0000
vt 0.2877 0.5586 0.0000
vt 0.5934 0.1059 0.0000
vt 0.5853 0.0842 0.0000
vt 0.5924 0.0859 0.0000
vt 0.6103 0.0870 0.0000
vt 0.6736 0.3419 0.0000
vt 0.6628 0.3396 0.0000
vt 0.6590 0.3379 0.0000
vt 0.6502 0.4472 0.0000
vt 0.6509 0.4426 0.0000
vt 0.2631 0.5670 0.0000
vt 0.5865 0.0582 0.0000
vt 0.0990 0.6000 0.0000
vt 0.0947 0.5992 0.0000
vt 0.3298 0.4691 0.0000
vt 0.3302 0.4532 0.0000
vt 0.3336 0.4542 0.0000
vt 0.3345 0.4675 0.0000
vt 0.5342 0.1262 0.0000
vt 0.5082 0.1373 0.0000
vt 0.5042 0.1354 0.0000
vt 0.5329 0.1247 0.0000
vt 0.3506 0.5642 0.0000
vt 0.3536 0.5664 0.0000
vt 0.3502 0.5601 0.0000
vt 0.5533 0.3425 0.0000
vt 0.5834 0.3399 0.0000
vt 0.5815 0.3419 0.0000
vt 0.5534 0.3447 0.0000
vt 0.5849 0.3382 0.0000
vt 0.5533 0.3419 0.0000
vt 0.6992 0.3701 0.0000
vt 0.6958 0.3669 0.0000
vt 0.3692 0.2019 0.0000
vt 0.3576 0.1998 0.0000
vt 0.3541 0.1977 0.0000
vt 0.3694 0.1987 0.0000
vt 0.2016 0.7097 0.0000
vt 0.1919 0.7056 0.0000
vt 0.4099 0.6251 0.0000
vt 0.4217 0.6318 0.0000
vt 0.4142 0.6392 0.0000
vt 0.1782 0.5303 0.0000
vt 0.1880 0.5444 0.0000
vt 0.1789 0.5481 0.0000
vt 0.1765 0.5318 0.0000
vt 0.1754 0.5496 0.0000
vt 0.1757 0.5327 0.0000
vt 0.3379 0.6415 0.0000
vt 0.3522 0.6317 0.0000
vt 0.3505 0.6347 0.0000
vt 0.3387 0.6423 0.0000
vt 0.3510 0.6430 0.0000
vt 0.3399 0.6453 0.0000
vt 0.3556 0.6512 0.0000
vt 0.3404 0.6479 0.0000
vt 0.3596 0.6559 0.0000
vt 0.3399 0.6480 0.0000
vt 0.7135 0.3945 0.0000
vt 0.7122 0.3779 0.0000
vt 0.7172 0.3807 0.0000
vt 0.7149 0.3960 0.0000
vt 0.2752 0.6879 0.0000
vt 0.2606 0.6980 0.0000
vt 0.2595 0.6853 0.0000
vt 0.2752 0.6846 0.0000
vt 0.1981 0.5623 0.0000
vt 0.1881 0.5679 0.0000
vt 0.1835 0.5690 0.0000
vt 0.1918 0.5876 0.0000
vt 0.2002 0.6069 0.0000
vt 0.1951 0.6061 0.0000
vt 0.1879 0.5870 0.0000
vt 0.3711 0.6289 0.0000
vt 0.3720 0.6392 0.0000
vt 0.3781 0.6517 0.0000
vt 0.3827 0.6577 0.0000
vt 0.2585 0.7047 0.0000
vt 0.2378 0.7150 0.0000
vt 0.2387 0.7078 0.0000
vt 0.2379 0.6898 0.0000
vt 0.2108 0.5844 0.0000
vt 0.2009 0.5892 0.0000
vt 0.1968 0.5903 0.0000
vt 0.2063 0.6312 0.0000
vt 0.2016 0.6305 0.0000
vt 0.4073 0.6494 0.0000
vt 0.2118 0.7165 0.0000
vt 0.3839 0.2022 0.0000
vt 0.3847 0.1978 0.0000
vt 0.1757 0.5908 0.0000
vt 0.1761 0.5748 0.0000
vt 0.1795 0.5759 0.0000
vt 0.1804 0.5891 0.0000
vt 0.3698 0.4639 0.0000
vt 0.3545 0.4594 0.0000
vt 0.3541 0.4572 0.0000
vt 0.3698 0.4628 0.0000
vt 0.3541 0.4623 0.0000
vt 0.3712 0.4669 0.0000
vt 0.7105 0.5180 0.0000
vt 0.7121 0.5164 0.0000
vt 0.7101 0.5184 0.0000
vt 0.7014 0.4113 0.0000
vt 0.6991 0.4078 0.0000
vt 0.5000 0.1125 0.0000
vt 0.4990 0.1164 0.0000
vt 0.4758 0.1161 0.0000
vt 0.4771 0.1127 0.0000
vt 0.0714 0.6092 0.0000
vt 0.0789 0.5992 0.0000
vt 0.3475 0.3311 0.0000
vt 0.3418 0.3199 0.0000
vt 0.5624 0.6877 0.0000
vt 0.5712 0.6877 0.0000
vt 0.5726 0.6963 0.0000
vt 0.5569 0.6993 0.0000
vt 0.2244 0.0546 0.0000
vt 0.2300 0.0551 0.0000
vt 0.2365 0.0558 0.0000
vt 0.5731 0.5237 0.0000
vt 0.5890 0.5266 0.0000
vt 0.5901 0.5352 0.0000
vt 0.5784 0.5352 0.0000
vt 0.5824 0.6877 0.0000
vt 0.5891 0.6936 0.0000
vt 0.2196 0.0372 0.0000
vt 0.2230 0.0382 0.0000
vt 0.2255 0.0360 0.0000
vt 0.6071 0.5293 0.0000
vt 0.6030 0.5352 0.0000
vt 0.1362 0.6823 0.0000
vt 0.1331 0.6896 0.0000
vt 0.1294 0.6876 0.0000
vt 0.1300 0.6844 0.0000
vt 0.6461 0.5793 0.0000
vt 0.6517 0.5792 0.0000
vt 0.6526 0.5801 0.0000
vt 0.6492 0.5823 0.0000
vt 0.3572 0.2386 0.0000
vt 0.3557 0.2527 0.0000
vt 0.3473 0.2543 0.0000
vt 0.3535 0.2399 0.0000
vt 0.3427 0.2570 0.0000
vt 0.3530 0.2390 0.0000
vt 0.3785 0.5293 0.0000
vt 0.3600 0.5378 0.0000
vt 0.3612 0.5333 0.0000
vt 0.3799 0.5271 0.0000
vt 0.0688 0.6934 0.0000
vt 0.0638 0.6755 0.0000
vt 0.0734 0.6771 0.0000
vt 0.0724 0.6920 0.0000
vt 0.3533 0.2760 0.0000
vt 0.3401 0.2774 0.0000
vt 0.3338 0.2800 0.0000
vt 0.3337 0.5454 0.0000
vt 0.3334 0.5413 0.0000
vt 0.0599 0.6502 0.0000
vt 0.0751 0.6530 0.0000
vt 0.3341 0.3086 0.0000
vt 0.3014 0.5538 0.0000
vt 0.3015 0.5498 0.0000
vt 0.0618 0.6190 0.0000
vt 0.1439 0.6512 0.0000
vt 0.1446 0.6485 0.0000
vt 0.1510 0.6473 0.0000
vt 0.1479 0.6546 0.0000
vt 0.3655 0.1802 0.0000
vt 0.3614 0.1871 0.0000
vt 0.3588 0.1876 0.0000
vt 0.3571 0.1839 0.0000
vt 0.1158 0.7207 0.0000
vt 0.1163 0.7183 0.0000
vt 0.1226 0.7152 0.0000
vt 0.1191 0.7229 0.0000
vt 0.2935 0.2101 0.0000
vt 0.2907 0.2162 0.0000
vt 0.2889 0.2164 0.0000
vt 0.2877 0.2128 0.0000
vt 0.1282 0.6890 0.0000
vt 0.1299 0.6968 0.0000
vt 0.1738 0.3254 0.0000
vt 0.1731 0.3237 0.0000
vt 0.2045 0.3194 0.0000
vt 0.2030 0.3215 0.0000
vt 0.1716 0.3281 0.0000
vt 0.2034 0.3230 0.0000
vt 0.6552 0.5880 0.0000
vt 0.6540 0.5815 0.0000
vt 0.6725 0.5994 0.0000
vt 0.6659 0.5984 0.0000
vt 0.1428 0.6531 0.0000
vt 0.1448 0.6619 0.0000
vt 0.0706 0.4715 0.0000
vt 0.0715 0.4739 0.0000
vt 0.0378 0.4781 0.0000
vt 0.0393 0.4754 0.0000
vt 0.0723 0.4694 0.0000
vt 0.0383 0.4739 0.0000
vt 0.3487 0.1875 0.0000
vt 0.3558 0.1894 0.0000
vt 0.3240 0.2021 0.0000
vt 0.3255 0.1967 0.0000
vt 0.3557 0.2180 0.0000
vt 0.3588 0.2232 0.0000
vt 0.4061 0.5241 0.0000
vt 0.4057 0.5261 0.0000
vt 0.3781 0.5301 0.0000
vt 0.4073 0.5221 0.0000
vt 0.0709 0.7135 0.0000
vt 0.0671 0.7159 0.0000
vt 0.1149 0.7222 0.0000
vt 0.1169 0.7281 0.0000
vt 0.0705 0.7189 0.0000
vt 0.0669 0.7177 0.0000
vt 0.6233 0.5870 0.0000
vt 0.6275 0.5874 0.0000
vt 0.6275 0.5910 0.0000
vt 0.6233 0.5944 0.0000
vt 0.1538 0.6230 0.0000
vt 0.1584 0.6278 0.0000
vt 0.1534 0.6359 0.0000
vt 0.1521 0.6243 0.0000
vt 0.3762 0.1736 0.0000
vt 0.3856 0.1710 0.0000
vt 0.3869 0.1762 0.0000
vt 0.3842 0.1773 0.0000
vt 0.1549 0.6203 0.0000
vt 0.1637 0.6195 0.0000
vt 0.6116 0.5352 0.0000
vt 0.6111 0.5296 0.0000
vt 0.4839 0.3924 0.0000
vt 0.4892 0.4018 0.0000
vt 0.4892 0.4130 0.0000
vt 0.4849 0.4138 0.0000
vt 0.1953 0.4406 0.0000
vt 0.1725 0.4466 0.0000
vt 0.1732 0.4437 0.0000
vt 0.1978 0.4377 0.0000
vt 0.1716 0.4486 0.0000
vt 0.1959 0.4429 0.0000
vt 0.6421 0.0521 0.0000
vt 0.6426 0.0428 0.0000
vt 0.6446 0.0396 0.0000
vt 0.6453 0.0524 0.0000
vt 0.2166 0.2622 0.0000
vt 0.2252 0.2642 0.0000
vt 0.1623 0.6349 0.0000
vt 0.1682 0.6235 0.0000
vt 0.1685 0.6316 0.0000
vt 0.5780 0.1133 0.0000
vt 0.5749 0.1051 0.0000
vt 0.1282 0.0428 0.0000
vt 0.1149 0.0449 0.0000
vt 0.1176 0.0355 0.0000
vt 0.1280 0.0406 0.0000
vt 0.1241 0.2058 0.0000
vt 0.1267 0.2198 0.0000
vt 0.1230 0.2220 0.0000
vt 0.1230 0.2070 0.0000
vt 0.1660 0.7069 0.0000
vt 0.1582 0.6944 0.0000
vt 0.1614 0.6951 0.0000
vt 0.1663 0.7065 0.0000
vt 0.1685 0.6939 0.0000
vt 0.1684 0.7054 0.0000
vt 0.5834 0.0402 0.0000
vt 0.5830 0.0503 0.0000
vt 0.5774 0.0522 0.0000
vt 0.5818 0.0400 0.0000
vt 0.5739 0.0545 0.0000
vt 0.5818 0.0396 0.0000
vt 0.4308 0.2966 0.0000
vt 0.4126 0.3021 0.0000
vt 0.4149 0.2982 0.0000
vt 0.4318 0.2950 0.0000
vt 0.1515 0.2796 0.0000
vt 0.1644 0.2726 0.0000
vt 0.1653 0.2804 0.0000
vt 0.1514 0.2816 0.0000
vt 0.2643 0.2525 0.0000
vt 0.2497 0.2683 0.0000
vt 0.2448 0.2575 0.0000
vt 0.2606 0.2429 0.0000
vt 0.6420 0.1058 0.0000
vt 0.6431 0.0877 0.0000
vt 0.6477 0.0892 0.0000
vt 0.6463 0.1056 0.0000
vt 0.1554 0.6738 0.0000
vt 0.1598 0.6743 0.0000
vt 0.1685 0.6727 0.0000
vt 0.5818 0.0691 0.0000
vt 0.5734 0.0713 0.0000
vt 0.5690 0.0738 0.0000
vt 0.3906 0.3061 0.0000
vt 0.3924 0.3025 0.0000
vt 0.1838 0.2653 0.0000
vt 0.1844 0.2764 0.0000
vt 0.6431 0.0650 0.0000
vt 0.6474 0.0660 0.0000
vt 0.1562 0.6472 0.0000
vt 0.5700 0.0968 0.0000
vt 0.1847 0.2608 0.0000
vt 0.2077 0.2585 0.0000
vt 0.1513 0.0358 0.0000
vt 0.1525 0.0369 0.0000
vt 0.0509 0.6987 0.0000
vt 0.0500 0.7000 0.0000
vt 0.4284 0.1031 0.0000
vt 0.4546 0.0985 0.0000
vt 0.4564 0.1001 0.0000
vt 0.4288 0.1037 0.0000
vt 0.4545 0.0963 0.0000
vt 0.4271 0.1013 0.0000
vt 0.6359 0.2796 0.0000
vt 0.6352 0.3049 0.0000
vt 0.6339 0.3039 0.0000
vt 0.6338 0.2800 0.0000
vt 0.4583 0.2979 0.0000
vt 0.4568 0.2996 0.0000
vt 0.4309 0.2971 0.0000
vt 0.4593 0.2953 0.0000
vt 0.1529 0.0386 0.0000
vt 0.1284 0.0447 0.0000
vt 0.4721 0.6656 0.0000
vt 0.4628 0.6651 0.0000
vt 0.4596 0.6631 0.0000
vt 0.4724 0.6624 0.0000
vt 0.3707 0.6637 0.0000
vt 0.3792 0.6657 0.0000
vt 0.1790 0.2405 0.0000
vt 0.1676 0.2346 0.0000
vt 0.1756 0.2343 0.0000
vt 0.5578 0.6202 0.0000
vt 0.5546 0.6120 0.0000
vt 0.2641 0.5223 0.0000
vt 0.2662 0.5356 0.0000
vt 0.2568 0.5329 0.0000
vt 0.2619 0.5225 0.0000
vt 0.0389 0.1653 0.0000
vt 0.0416 0.1793 0.0000
vt 0.0378 0.1814 0.0000
vt 0.0378 0.1665 0.0000
vt 0.2510 0.2368 0.0000
vt 0.2385 0.2447 0.0000
vt 0.2392 0.2414 0.0000
vt 0.2505 0.2365 0.0000
vt 0.2380 0.2343 0.0000
vt 0.2495 0.2344 0.0000
vt 0.5632 0.5471 0.0000
vt 0.5627 0.5572 0.0000
vt 0.5571 0.5591 0.0000
vt 0.5615 0.5469 0.0000
vt 0.5536 0.5614 0.0000
vt 0.5616 0.5465 0.0000
vt 0.3915 0.0856 0.0000
vt 0.4097 0.0801 0.0000
vt 0.4074 0.0840 0.0000
vt 0.3905 0.0871 0.0000
vt 0.3056 0.6810 0.0000
vt 0.3185 0.6740 0.0000
vt 0.3194 0.6818 0.0000
vt 0.3055 0.6831 0.0000
vt 0.2978 0.2389 0.0000
vt 0.2832 0.2547 0.0000
vt 0.2782 0.2438 0.0000
vt 0.2941 0.2293 0.0000
vt 0.5258 0.6657 0.0000
vt 0.5077 0.6646 0.0000
vt 0.5092 0.6600 0.0000
vt 0.5256 0.6614 0.0000
vt 0.2179 0.2474 0.0000
vt 0.2184 0.2431 0.0000
vt 0.2168 0.2343 0.0000
vt 0.5615 0.5760 0.0000
vt 0.5531 0.5782 0.0000
vt 0.5488 0.5807 0.0000
vt 0.4317 0.0761 0.0000
vt 0.4299 0.0797 0.0000
vt 0.3379 0.6668 0.0000
vt 0.3385 0.6779 0.0000
vt 0.4850 0.6646 0.0000
vt 0.4860 0.6603 0.0000
vt 0.1912 0.2467 0.0000
vt 0.5497 0.6037 0.0000
vt 0.3388 0.6623 0.0000
vt 0.3618 0.6600 0.0000
vt 0.2569 0.4999 0.0000
vt 0.2578 0.4986 0.0000
vt 0.6776 0.5805 0.0000
vt 0.6771 0.5789 0.0000
vt 0.5483 0.2924 0.0000
vt 0.5732 0.2863 0.0000
vt 0.5759 0.2886 0.0000
vt 0.5487 0.2930 0.0000
vt 0.2759 0.2363 0.0000
vt 0.2752 0.2373 0.0000
vt 0.1373 0.3437 0.0000
vt 0.1369 0.3690 0.0000
vt 0.1353 0.3678 0.0000
vt 0.1351 0.3441 0.0000
vt 0.3636 0.0848 0.0000
vt 0.3659 0.0824 0.0000
vt 0.3914 0.0851 0.0000
vt 0.3622 0.0875 0.0000
vt 0.2596 0.4978 0.0000
vt 0.2660 0.5221 0.0000
vt 0.5416 0.6438 0.0000
vt 0.5509 0.6444 0.0000
vt 0.5541 0.6464 0.0000
vt 0.5413 0.6470 0.0000
vt 0.2855 0.4204 0.0000
vt 0.2941 0.4224 0.0000
vt 0.3610 0.3632 0.0000
vt 0.3669 0.3518 0.0000
vt 0.3672 0.3599 0.0000
vt 0.6510 0.4215 0.0000
vt 0.6479 0.4133 0.0000
vt 0.4284 0.1412 0.0000
vt 0.4149 0.1419 0.0000
vt 0.4187 0.1328 0.0000
vt 0.4285 0.1390 0.0000
vt 0.0754 0.2869 0.0000
vt 0.0781 0.3009 0.0000
vt 0.0743 0.3031 0.0000
vt 0.0743 0.2881 0.0000
vt 0.3647 0.4352 0.0000
vt 0.3569 0.4227 0.0000
vt 0.3601 0.4234 0.0000
vt 0.3650 0.4348 0.0000
vt 0.3672 0.4222 0.0000
vt 0.3671 0.4337 0.0000
vt 0.6564 0.3484 0.0000
vt 0.6560 0.3585 0.0000
vt 0.6504 0.3604 0.0000
vt 0.6548 0.3482 0.0000
vt 0.6469 0.3627 0.0000
vt 0.6548 0.3478 0.0000
vt 0.6313 0.2217 0.0000
vt 0.6258 0.2035 0.0000
vt 0.6297 0.2058 0.0000
vt 0.6329 0.2227 0.0000
vt 0.2204 0.4377 0.0000
vt 0.2333 0.4307 0.0000
vt 0.2342 0.4385 0.0000
vt 0.2203 0.4398 0.0000
vt 0.3345 0.2237 0.0000
vt 0.3199 0.2395 0.0000
vt 0.3150 0.2287 0.0000
vt 0.3308 0.2141 0.0000
vt 0.4879 0.6438 0.0000
vt 0.5060 0.6449 0.0000
vt 0.5045 0.6494 0.0000
vt 0.4881 0.6481 0.0000
vt 0.3541 0.4021 0.0000
vt 0.3585 0.4026 0.0000
vt 0.3672 0.4010 0.0000
vt 0.6548 0.3773 0.0000
vt 0.6464 0.3795 0.0000
vt 0.6420 0.3820 0.0000
vt 0.6218 0.1815 0.0000
vt 0.6254 0.1833 0.0000
vt 0.2527 0.4235 0.0000
vt 0.2533 0.4346 0.0000
vt 0.5287 0.6448 0.0000
vt 0.5277 0.6491 0.0000
vt 0.3549 0.3755 0.0000
vt 0.6430 0.4050 0.0000
vt 0.2536 0.4190 0.0000
vt 0.2766 0.4167 0.0000
vt 0.4511 0.1364 0.0000
vt 0.4527 0.1381 0.0000
vt 0.6443 0.6058 0.0000
vt 0.6451 0.6044 0.0000
vt 0.6264 0.3049 0.0000
vt 0.6209 0.2809 0.0000
vt 0.6226 0.2786 0.0000
vt 0.6270 0.3044 0.0000
vt 0.3654 0.4592 0.0000
vt 0.3640 0.4584 0.0000
vt 0.4723 0.1147 0.0000
vt 0.4474 0.1144 0.0000
vt 0.4485 0.1128 0.0000
vt 0.4719 0.1125 0.0000
vt 0.6299 0.2484 0.0000
vt 0.6281 0.2467 0.0000
vt 0.6308 0.2218 0.0000
vt 0.6334 0.2502 0.0000
vt 0.3383 0.7102 0.0000
vt 0.3290 0.7097 0.0000
vt 0.3257 0.7077 0.0000
vt 0.3386 0.7070 0.0000
vt 0.6047 0.2265 0.0000
vt 0.6027 0.2350 0.0000
vt 0.4381 0.5578 0.0000
vt 0.4439 0.5465 0.0000
vt 0.4442 0.5545 0.0000
vt 0.6186 0.4985 0.0000
vt 0.6154 0.4904 0.0000
vt 0.6122 0.5117 0.0000
vt 0.6214 0.5018 0.0000
vt 0.6250 0.5110 0.0000
vt 0.6136 0.5134 0.0000
vt 0.1971 0.1004 0.0000
vt 0.1997 0.1144 0.0000
vt 0.1960 0.1165 0.0000
vt 0.1960 0.1016 0.0000
vt 0.4418 0.6299 0.0000
vt 0.4339 0.6173 0.0000
vt 0.4371 0.6180 0.0000
vt 0.4421 0.6294 0.0000
vt 0.4442 0.6169 0.0000
vt 0.4442 0.6283 0.0000
vt 0.6240 0.4255 0.0000
vt 0.6236 0.4355 0.0000
vt 0.6179 0.4374 0.0000
vt 0.6224 0.4253 0.0000
vt 0.6145 0.4397 0.0000
vt 0.6224 0.4248 0.0000
vt 0.6742 0.5480 0.0000
vt 0.6559 0.5535 0.0000
vt 0.6583 0.5496 0.0000
vt 0.6752 0.5465 0.0000
vt 0.5873 0.1613 0.0000
vt 0.5943 0.1743 0.0000
vt 0.5865 0.1751 0.0000
vt 0.5853 0.1612 0.0000
vt 0.1236 0.1247 0.0000
vt 0.1451 0.1250 0.0000
vt 0.1403 0.1359 0.0000
vt 0.1189 0.1339 0.0000
vt 0.3919 0.7103 0.0000
vt 0.3738 0.7092 0.0000
vt 0.3754 0.7046 0.0000
vt 0.3918 0.7060 0.0000
vt 0.4312 0.5968 0.0000
vt 0.4355 0.5972 0.0000
vt 0.4442 0.5956 0.0000
vt 0.6224 0.4543 0.0000
vt 0.6140 0.4566 0.0000
vt 0.6096 0.4590 0.0000
vt 0.6339 0.5575 0.0000
vt 0.6357 0.5539 0.0000
vt 0.6015 0.1937 0.0000
vt 0.5904 0.1942 0.0000
vt 0.3512 0.7092 0.0000
vt 0.3521 0.7049 0.0000
vt 0.4319 0.5701 0.0000
vt 0.6105 0.4820 0.0000
vt 0.6061 0.1946 0.0000
vt 0.6083 0.2175 0.0000
vt 0.5298 0.3127 0.0000
vt 0.5270 0.3284 0.0000
vt 0.5244 0.3281 0.0000
vt 0.5284 0.3119 0.0000
vt 0.5305 0.3126 0.0000
vt 0.5290 0.3280 0.0000
vt 0.5316 0.3284 0.0000
vt 0.5321 0.3113 0.0000
vt 0.3220 0.0362 0.0000
vt 0.3408 0.0377 0.0000
vt 0.3402 0.0407 0.0000
vt 0.3232 0.0380 0.0000
vt 0.3412 0.0355 0.0000
vt 0.3217 0.0358 0.0000
vt 0.6910 0.5551 0.0000
vt 0.6897 0.5587 0.0000
vt 0.6046 0.5277 0.0000
vt 0.6109 0.5103 0.0000
vt 0.2147 0.0716 0.0000
vt 0.2009 0.0742 0.0000
vt 0.1987 0.0727 0.0000
vt 0.2097 0.0709 0.0000
vt 0.2119 0.0721 0.0000
vt 0.1959 0.0735 0.0000
vt 0.1969 0.0663 0.0000
vt 0.1996 0.0667 0.0000
vt 0.2440 0.6235 0.0000
vt 0.2441 0.6319 0.0000
vt 0.2414 0.6306 0.0000
vt 0.2413 0.6235 0.0000
vt 0.2308 0.6259 0.0000
vt 0.2390 0.6319 0.0000
vt 0.2460 0.6235 0.0000
vt 0.2460 0.6350 0.0000
vt 0.1950 0.0661 0.0000
vt 0.2088 0.0682 0.0000
vt 0.2320 0.6235 0.0000
vt 0.0344 0.0396 0.0000
vt 0.0373 0.0400 0.0000
vt 0.0356 0.0518 0.0000
vt 0.0338 0.0505 0.0000
vt 0.0459 0.5915 0.0000
vt 0.0485 0.5911 0.0000
vt 0.0480 0.6020 0.0000
vt 0.0462 0.6013 0.0000
vt 0.1947 0.6892 0.0000
vt 0.1925 0.6904 0.0000
vt 0.1919 0.6806 0.0000
vt 0.1941 0.6805 0.0000
vt 0.1967 0.6803 0.0000
vt 0.1975 0.6899 0.0000
vt 0.4537 0.0501 0.0000
vt 0.4440 0.0495 0.0000
vt 0.4433 0.0478 0.0000
vt 0.4541 0.0477 0.0000
vt 0.2125 0.0640 0.0000
vt 0.2143 0.0628 0.0000
vt 0.1429 0.6989 0.0000
vt 0.1438 0.7016 0.0000
vt 0.1321 0.7016 0.0000
vt 0.1311 0.6991 0.0000
vt 0.1321 0.6968 0.0000
vt 0.1439 0.6965 0.0000
vt 0.2244 0.6350 0.0000
vt 0.2244 0.6235 0.0000
vt 0.9322 0.6684 0.0000
vt 0.9322 0.8757 0.0000
vt 0.9282 0.8838 0.0000
vt 0.9302 0.8781 0.0000
vt 0.9279 0.8757 0.0000
vt 0.2410 0.4565 0.0000
vt 0.2406 0.4495 0.0000
vt 0.2429 0.4491 0.0000
vt 0.2432 0.4573 0.0000
vt 0.0459 0.1837 0.0000
vt 0.0462 0.1778 0.0000
vt 0.0480 0.1774 0.0000
vt 0.0481 0.1848 0.0000
vt 0.1737 0.4797 0.0000
vt 0.1741 0.4741 0.0000
vt 0.1764 0.4735 0.0000
vt 0.1764 0.4804 0.0000
vt 0.1719 0.4736 0.0000
vt 0.1716 0.4801 0.0000
vt 0.2229 0.4167 0.0000
vt 0.2227 0.4185 0.0000
vt 0.2172 0.4194 0.0000
vt 0.2162 0.4177 0.0000
vt 0.2078 0.0590 0.0000
vt 0.2087 0.0566 0.0000
vt 0.2155 0.0604 0.0000
vt 0.2093 0.0538 0.0000
vt 0.2453 0.4499 0.0000
vt 0.2453 0.4585 0.0000
vt 0.6055 0.3140 0.0000
vt 0.5631 0.1381 0.0000
vt 0.5609 0.1391 0.0000
vt 0.5655 0.1369 0.0000
vt 0.3785 0.3753 0.0000
vt 0.3107 0.5253 0.0000
vt 0.3025 0.5253 0.0000
vt 0.3014 0.5222 0.0000
vt 0.3121 0.5221 0.0000
vt 0.2180 0.4414 0.0000
vt 0.2165 0.4437 0.0000
vt 0.2162 0.4461 0.0000
vt 0.2298 0.4483 0.0000
vt 0.5253 0.4929 0.0000
vt 0.5267 0.4960 0.0000
vt 0.5132 0.4960 0.0000
vt 0.5123 0.4929 0.0000
vt 0.3866 0.5199 0.0000
vt 0.3918 0.5181 0.0000
vt 0.3927 0.5216 0.0000
vt 0.3884 0.5231 0.0000
vt 0.2372 0.4446 0.0000
vt 0.3884 0.1871 0.0000
vt 0.3893 0.1905 0.0000
vt 0.3814 0.1933 0.0000
vt 0.3797 0.1902 0.0000
vt 0.9266 0.6205 0.0000
vt 0.9189 0.6240 0.0000
vt 0.9282 0.6169 0.0000
vt 0.9304 0.6121 0.0000
vt 0.9324 0.6078 0.0000
vt 0.9338 0.6048 0.0000
vt 0.8876 0.9203 0.0000
vt 0.8865 0.9180 0.0000
vt 0.8852 0.9132 0.0000
vt 0.8845 0.9079 0.0000
vt 0.8853 0.9057 0.0000
vt 0.8853 0.6385 0.0000
vt 0.8865 0.6364 0.0000
vt 0.8877 0.6314 0.0000
vt 0.8882 0.6257 0.0000
vt 0.8876 0.6239 0.0000
vt 0.3703 0.3761 0.0000
vt 0.3703 0.3908 0.0000
vt 0.4924 0.3031 0.0000
vt 0.4948 0.3032 0.0000
vt 0.4889 0.3178 0.0000
vt 0.4879 0.3160 0.0000
vt 0.4897 0.3032 0.0000
vt 0.4866 0.3145 0.0000
vt 0.2537 0.6154 0.0000
vt 0.2554 0.6181 0.0000
vt 0.2445 0.6223 0.0000
vt 0.2424 0.6195 0.0000
vt 0.2620 0.6350 0.0000
vt 0.2620 0.6260 0.0000
vt 0.2647 0.6270 0.0000
vt 0.2737 0.6350 0.0000
vt 0.1787 0.0666 0.0000
vt 0.1804 0.0642 0.0000
vt 0.1649 0.0692 0.0000
vt 0.1628 0.0677 0.0000
vt 0.1738 0.0659 0.0000
vt 0.1759 0.0671 0.0000
vt 0.1599 0.0685 0.0000
vt 0.1610 0.0613 0.0000
vt 0.1637 0.0616 0.0000
vt 0.2803 0.6235 0.0000
vt 0.2803 0.6319 0.0000
vt 0.2777 0.6306 0.0000
vt 0.2776 0.6235 0.0000
vt 0.2671 0.6259 0.0000
vt 0.2753 0.6319 0.0000
vt 0.2823 0.6235 0.0000
vt 0.2823 0.6350 0.0000
vt 0.1590 0.0610 0.0000
vt 0.1729 0.0632 0.0000
vt 0.2683 0.6235 0.0000
vt 0.2649 0.2168 0.0000
vt 0.2654 0.2139 0.0000
vt 0.2772 0.2156 0.0000
vt 0.2758 0.2174 0.0000
vt 0.4113 0.0867 0.0000
vt 0.4109 0.0842 0.0000
vt 0.4218 0.0847 0.0000
vt 0.4211 0.0864 0.0000
vt 0.1825 0.7054 0.0000
vt 0.1803 0.7066 0.0000
vt 0.1797 0.6968 0.0000
vt 0.1820 0.6967 0.0000
vt 0.1845 0.6965 0.0000
vt 0.1854 0.7062 0.0000
vt 0.6948 0.1756 0.0000
vt 0.6954 0.1660 0.0000
vt 0.6971 0.1653 0.0000
vt 0.6972 0.1761 0.0000
vt 0.1766 0.0589 0.0000
vt 0.1784 0.0577 0.0000
vt 0.4299 0.6231 0.0000
vt 0.4271 0.6241 0.0000
vt 0.4272 0.6124 0.0000
vt 0.4297 0.6113 0.0000
vt 0.4320 0.6124 0.0000
vt 0.4322 0.6242 0.0000
vt 0.2606 0.6350 0.0000
vt 0.2607 0.6235 0.0000
vt 0.8597 0.6684 0.0000
vt 0.8597 0.8757 0.0000
vt 0.8558 0.8838 0.0000
vt 0.8578 0.8781 0.0000
vt 0.8554 0.8757 0.0000
vt 0.2825 0.2225 0.0000
vt 0.2849 0.2217 0.0000
vt 0.2114 0.5773 0.0000
vt 0.2117 0.5714 0.0000
vt 0.2135 0.5711 0.0000
vt 0.2136 0.5784 0.0000
vt 0.6103 0.0456 0.0000
vt 0.6159 0.0461 0.0000
vt 0.6165 0.0483 0.0000
vt 0.6096 0.0484 0.0000
vt 0.6164 0.0439 0.0000
vt 0.6099 0.0436 0.0000
vt 0.1379 0.4477 0.0000
vt 0.1360 0.4475 0.0000
vt 0.1351 0.4419 0.0000
vt 0.1369 0.4410 0.0000
vt 0.1718 0.0539 0.0000
vt 0.1728 0.0516 0.0000
vt 0.1795 0.0554 0.0000
vt 0.1734 0.0487 0.0000
vt 0.6060 0.0398 0.0000
vt 0.6161 0.0396 0.0000
vt 0.6159 0.0422 0.0000
vt 0.6055 0.0423 0.0000
vt 0.3703 0.3951 0.0000
vt 0.4851 0.3200 0.0000
vt 0.4861 0.3221 0.0000
vt 0.4839 0.3176 0.0000
vt 0.2406 0.6226 0.0000
vt 0.2194 0.6409 0.0000
vt 0.2194 0.6327 0.0000
vt 0.2225 0.6316 0.0000
vt 0.2226 0.6423 0.0000
vt 0.3382 0.4562 0.0000
vt 0.3406 0.4577 0.0000
vt 0.3430 0.4579 0.0000
vt 0.3452 0.4444 0.0000
vt 0.5253 0.4847 0.0000
vt 0.5267 0.4879 0.0000
vt 0.5132 0.4879 0.0000
vt 0.5123 0.4847 0.0000
vt 0.2791 0.2699 0.0000
vt 0.2739 0.2717 0.0000
vt 0.2730 0.2681 0.0000
vt 0.2773 0.2666 0.0000
vt 0.3414 0.4370 0.0000
vt 0.3670 0.2093 0.0000
vt 0.3678 0.2127 0.0000
vt 0.3599 0.2155 0.0000
vt 0.3583 0.2124 0.0000
vt 0.8541 0.6205 0.0000
vt 0.8465 0.6240 0.0000
vt 0.8558 0.6169 0.0000
vt 0.8580 0.6121 0.0000
vt 0.8599 0.6078 0.0000
vt 0.8613 0.6048 0.0000
vt 0.8151 0.9203 0.0000
vt 0.8140 0.9180 0.0000
vt 0.8127 0.9132 0.0000
vt 0.8120 0.9079 0.0000
vt 0.8128 0.9057 0.0000
vt 0.8128 0.6385 0.0000
vt 0.8140 0.6364 0.0000
vt 0.8152 0.6314 0.0000
vt 0.8157 0.6257 0.0000
vt 0.8151 0.6239 0.0000
vt 0.5718 0.2301 0.0000
vt 0.5571 0.2301 0.0000
vt 0.4786 0.3968 0.0000
vt 0.4785 0.3992 0.0000
vt 0.4639 0.3933 0.0000
vt 0.4657 0.3923 0.0000
vt 0.4785 0.3941 0.0000
vt 0.4672 0.3910 0.0000
vt 0.3185 0.4978 0.0000
vt 0.3203 0.5005 0.0000
vt 0.3094 0.5047 0.0000
vt 0.3073 0.5019 0.0000
vt 0.2984 0.6350 0.0000
vt 0.2983 0.6260 0.0000
vt 0.3010 0.6270 0.0000
vt 0.3100 0.6350 0.0000
vt 0.1231 0.0560 0.0000
vt 0.1169 0.0576 0.0000
vt 0.3186 0.6350 0.0000
vt 0.3186 0.6235 0.0000
vt 0.3245 0.6265 0.0000
vt 0.3245 0.6350 0.0000
vt 0.1428 0.0615 0.0000
vt 0.1445 0.0592 0.0000
vt 0.1290 0.0641 0.0000
vt 0.1268 0.0626 0.0000
vt 0.1378 0.0608 0.0000
vt 0.1400 0.0620 0.0000
vt 0.1240 0.0634 0.0000
vt 0.1250 0.0562 0.0000
vt 0.1277 0.0566 0.0000
vt 0.3166 0.6235 0.0000
vt 0.3167 0.6319 0.0000
vt 0.3140 0.6306 0.0000
vt 0.3139 0.6235 0.0000
vt 0.3034 0.6259 0.0000
vt 0.3116 0.6319 0.0000
vt 0.1369 0.0581 0.0000
vt 0.3046 0.6235 0.0000
vt 0.1085 0.6641 0.0000
vt 0.1113 0.6646 0.0000
vt 0.1097 0.6763 0.0000
vt 0.1078 0.6750 0.0000
vt 0.0986 0.4252 0.0000
vt 0.1012 0.4248 0.0000
vt 0.1007 0.4357 0.0000
vt 0.0989 0.4350 0.0000
vt 0.3569 0.5553 0.0000
vt 0.3547 0.5565 0.0000
vt 0.3541 0.5468 0.0000
vt 0.3563 0.5466 0.0000
vt 0.3589 0.5465 0.0000
vt 0.3597 0.5561 0.0000
vt 0.1901 0.1840 0.0000
vt 0.1804 0.1833 0.0000
vt 0.1797 0.1816 0.0000
vt 0.1906 0.1815 0.0000
vt 0.1406 0.0538 0.0000
vt 0.1424 0.0526 0.0000
vt 0.2024 0.5151 0.0000
vt 0.2051 0.5141 0.0000
vt 0.2051 0.5258 0.0000
vt 0.2026 0.5268 0.0000
vt 0.2003 0.5258 0.0000
vt 0.2000 0.5140 0.0000
vt 0.2970 0.6350 0.0000
vt 0.2970 0.6235 0.0000
vt 0.7872 0.6684 0.0000
vt 0.7872 0.8757 0.0000
vt 0.7832 0.8838 0.0000
vt 0.7852 0.8781 0.0000
vt 0.7829 0.8757 0.0000
vt 0.1027 0.6817 0.0000
vt 0.1035 0.6841 0.0000
vt 0.0471 0.3599 0.0000
vt 0.0529 0.3602 0.0000
vt 0.0533 0.3620 0.0000
vt 0.0459 0.3621 0.0000
vt 0.3346 0.6580 0.0000
vt 0.3402 0.6584 0.0000
vt 0.3408 0.6607 0.0000
vt 0.3338 0.6607 0.0000
vt 0.3407 0.6562 0.0000
vt 0.3342 0.6559 0.0000
vt 0.5880 0.0990 0.0000
vt 0.5862 0.0988 0.0000
vt 0.5853 0.0932 0.0000
vt 0.5870 0.0923 0.0000
vt 0.1359 0.0489 0.0000
vt 0.1368 0.0465 0.0000
vt 0.1436 0.0503 0.0000
vt 0.1374 0.0437 0.0000
vt 0.0705 0.0496 0.0000
vt 0.0703 0.0396 0.0000
vt 0.0729 0.0397 0.0000
vt 0.0730 0.0501 0.0000
vt 0.5528 0.2301 0.0000
vt 0.4617 0.3895 0.0000
vt 0.4596 0.3905 0.0000
vt 0.4641 0.3883 0.0000
vt 0.3055 0.5050 0.0000
vt 0.0552 0.7118 0.0000
vt 0.0470 0.7118 0.0000
vt 0.0459 0.7087 0.0000
vt 0.0566 0.7087 0.0000
vt 0.1015 0.6333 0.0000
vt 0.0992 0.6319 0.0000
vt 0.0968 0.6316 0.0000
vt 0.0946 0.6451 0.0000
vt 0.5009 0.4929 0.0000
vt 0.5023 0.4960 0.0000
vt 0.4889 0.4960 0.0000
vt 0.4879 0.4929 0.0000
vt 0.4831 0.2139 0.0000
vt 0.4849 0.2192 0.0000
vt 0.4813 0.2200 0.0000
vt 0.4798 0.2158 0.0000
vt 0.0984 0.6526 0.0000
vt 0.3455 0.2315 0.0000
vt 0.3463 0.2350 0.0000
vt 0.3385 0.2377 0.0000
vt 0.3368 0.2346 0.0000
vt 0.7816 0.6205 0.0000
vt 0.7739 0.6240 0.0000
vt 0.7832 0.6169 0.0000
vt 0.7854 0.6121 0.0000
vt 0.7874 0.6078 0.0000
vt 0.7888 0.6048 0.0000
vt 0.5344 0.3417 0.0000
vt 0.5331 0.3401 0.0000
vt 0.5312 0.3405 0.0000
vt 0.5298 0.3380 0.0000
vt 0.3906 0.3470 0.0000
vt 0.3922 0.3437 0.0000
vt 0.3944 0.3440 0.0000
vt 0.4002 0.3472 0.0000
vt 0.3948 0.3414 0.0000
vt 0.3986 0.3422 0.0000
vt 0.3440 0.5513 0.0000
vt 0.3457 0.5542 0.0000
vt 0.3436 0.5536 0.0000
vt 0.3420 0.5505 0.0000
vt 0.5311 0.3415 0.0000
vt 0.5318 0.3394 0.0000
vt 0.3971 0.1614 0.0000
vt 0.3947 0.1623 0.0000
vt 0.3950 0.1582 0.0000
vt 0.3970 0.1572 0.0000
vt 0.1507 0.4474 0.0000
vt 0.1516 0.4490 0.0000
vt 0.1482 0.4488 0.0000
vt 0.1473 0.4471 0.0000
vt 0.1509 0.4451 0.0000
vt 0.1476 0.4451 0.0000
vt 0.3462 0.5506 0.0000
vt 0.3475 0.5539 0.0000
vt 0.3422 0.5588 0.0000
vt 0.3443 0.5593 0.0000
vt 0.4087 0.2230 0.0000
vt 0.4109 0.2232 0.0000
vt 0.4105 0.2286 0.0000
vt 0.4084 0.2283 0.0000
vt 0.4072 0.2220 0.0000
vt 0.4068 0.2278 0.0000
vt 0.2859 0.2220 0.0000
vt 0.2877 0.2221 0.0000
vt 0.2870 0.2279 0.0000
vt 0.2852 0.2277 0.0000
vt 0.1125 0.1004 0.0000
vt 0.1124 0.1021 0.0000
vt 0.1068 0.1020 0.0000
vt 0.1068 0.1005 0.0000
vt 0.3458 0.5594 0.0000
vt 0.7574 0.6406 0.0000
vt 0.6673 0.6113 0.0000
vt 0.6739 0.6203 0.0000
vt 0.1187 0.3879 0.0000
vt 0.1293 0.3130 0.0000
vt 0.1390 0.3144 0.0000
vt 0.1285 0.3893 0.0000
vt 0.4596 0.6113 0.0000
vt 0.5352 0.6113 0.0000
vt 0.1309 0.3015 0.0000
vt 0.1406 0.3029 0.0000
vt 0.1426 0.2887 0.0000
vt 0.1329 0.2873 0.0000
vt 0.1352 0.2709 0.0000
vt 0.1449 0.2723 0.0000
vt 0.6099 0.6912 0.0000
vt 0.5934 0.6912 0.0000
vt 0.3861 0.2536 0.0000
vt 0.6902 0.5309 0.0000
vt 0.6974 0.5411 0.0000
vt 0.1116 0.1074 0.0000
vt 0.1133 0.1211 0.0000
vt 0.6610 0.2185 0.0000
vt 0.6673 0.2347 0.0000
vt 0.6588 0.2278 0.0000
vt 0.4026 0.3921 0.0000
vt 0.3932 0.3989 0.0000
vt 0.3876 0.3940 0.0000
vt 0.3899 0.3883 0.0000
vt 0.6703 0.2283 0.0000
vt 0.6755 0.2184 0.0000
vt 0.6503 0.2179 0.0000
vt 0.4035 0.4022 0.0000
vt 0.3973 0.3820 0.0000
vt 0.6609 0.1778 0.0000
vt 0.6671 0.1940 0.0000
vt 0.6586 0.1871 0.0000
vt 0.4569 0.4066 0.0000
vt 0.4663 0.3998 0.0000
vt 0.4719 0.4046 0.0000
vt 0.4696 0.4104 0.0000
vt 0.6702 0.1876 0.0000
vt 0.6754 0.1777 0.0000
vt 0.6502 0.1772 0.0000
vt 0.4560 0.3964 0.0000
vt 0.4622 0.4167 0.0000
vt 0.6285 0.1650 0.0000
vt 0.6347 0.1812 0.0000
vt 0.6262 0.1743 0.0000
vt 0.3132 0.5972 0.0000
vt 0.3227 0.5904 0.0000
vt 0.3282 0.5952 0.0000
vt 0.3259 0.6010 0.0000
vt 0.6378 0.1747 0.0000
vt 0.6429 0.1649 0.0000
vt 0.6177 0.1644 0.0000
vt 0.3123 0.5870 0.0000
vt 0.3185 0.6073 0.0000
vt 0.5275 0.5435 0.0000
vt 0.5429 0.5356 0.0000
vt 0.5369 0.5448 0.0000
vt 0.3580 0.6192 0.0000
vt 0.3486 0.6260 0.0000
vt 0.3430 0.6211 0.0000
vt 0.3453 0.6154 0.0000
vt 0.5362 0.5332 0.0000
vt 0.5258 0.5291 0.0000
vt 0.5280 0.5542 0.0000
vt 0.3589 0.6293 0.0000
vt 0.3527 0.6091 0.0000
vt 0.1368 0.2594 0.0000
vt 0.1465 0.2608 0.0000
vt 0.2372 0.4731 0.0000
vt 0.4980 0.2531 0.0000
vt 0.4874 0.2452 0.0000
vt 0.2271 0.4768 0.0000
vt 0.2862 0.3123 0.0000
vt 0.2805 0.2986 0.0000
vt 0.2865 0.3040 0.0000
vt 0.5890 0.4897 0.0000
vt 0.5915 0.4993 0.0000
vt 0.5877 0.5029 0.0000
vt 0.5847 0.4996 0.0000
vt 0.2794 0.3045 0.0000
vt 0.2774 0.3136 0.0000
vt 0.3173 0.2554 0.0000
vt 0.3258 0.2545 0.0000
vt 0.3213 0.2666 0.0000
vt 0.2094 0.6764 0.0000
vt 0.2186 0.6722 0.0000
vt 0.2202 0.6807 0.0000
vt 0.5821 0.4917 0.0000
vt 0.2862 0.6901 0.0000
vt 0.2725 0.6958 0.0000
vt 0.2779 0.6898 0.0000
vt 0.6608 0.3647 0.0000
vt 0.6583 0.3551 0.0000
vt 0.6621 0.3515 0.0000
vt 0.6651 0.3548 0.0000
vt 0.2784 0.6969 0.0000
vt 0.2875 0.6990 0.0000
vt 0.2839 0.2690 0.0000
vt 0.2924 0.2681 0.0000
vt 0.2879 0.2803 0.0000
vt 0.2982 0.4261 0.0000
vt 0.3024 0.4353 0.0000
vt 0.2939 0.4369 0.0000
vt 0.6677 0.3627 0.0000
vt 0.4066 0.1095 0.0000
vt 0.4203 0.1038 0.0000
vt 0.4149 0.1098 0.0000
vt 0.6377 0.4410 0.0000
vt 0.6402 0.4507 0.0000
vt 0.6364 0.4542 0.0000
vt 0.6333 0.4509 0.0000
vt 0.4143 0.1027 0.0000
vt 0.4052 0.1007 0.0000
vt 0.2471 0.2842 0.0000
vt 0.2556 0.2833 0.0000
vt 0.2511 0.2954 0.0000
vt 0.3469 0.3734 0.0000
vt 0.3511 0.3826 0.0000
vt 0.3425 0.3842 0.0000
vt 0.6308 0.4431 0.0000
vt 0.1930 0.4988 0.0000
vt 0.1873 0.4851 0.0000
vt 0.1933 0.4905 0.0000
vt 0.6052 0.4856 0.0000
vt 0.6077 0.4953 0.0000
vt 0.6039 0.4988 0.0000
vt 0.6009 0.4955 0.0000
vt 0.1861 0.4911 0.0000
vt 0.1841 0.5002 0.0000
vt 0.0971 0.0923 0.0000
vt 0.0914 0.0986 0.0000
vt 0.0866 0.0866 0.0000
vt 0.4516 0.6164 0.0000
vt 0.4474 0.6072 0.0000
vt 0.4560 0.6056 0.0000
vt 0.5984 0.4877 0.0000
vt 0.9111 0.7975 0.0000
vt 0.9114 0.8137 0.0000
vt 0.9094 0.7452 0.0000
vt 0.9080 0.7163 0.0000
vt 0.9083 0.7314 0.0000
vt 0.8836 0.8039 0.0000
vt 0.8602 0.7783 0.0000
vt 0.8862 0.7975 0.0000
vt 0.8906 0.8574 0.0000
vt 0.8785 0.6867 0.0000
vt 0.8977 0.7724 0.0000
vt 0.8954 0.7775 0.0000
vt 0.9498 0.7324 0.0000
vt 0.9488 0.7187 0.0000
vt 0.9485 0.7035 0.0000
vt 0.9107 0.8279 0.0000
vt 0.9511 0.8406 0.0000
vt 0.9518 0.8264 0.0000
vt 0.9515 0.8102 0.0000
vt 0.8756 0.6736 0.0000
vt 0.8929 0.8706 0.0000
vt 0.8911 0.7869 0.0000
vt 0.9306 0.8706 0.0000
vt 0.9162 0.6867 0.0000
vt 0.9133 0.6736 0.0000
vt 0.4247 0.3045 0.0000
vt 0.4311 0.3014 0.0000
vt 0.4317 0.3040 0.0000
vt 0.4267 0.3064 0.0000
vt 0.9218 0.8147 0.0000
vt 0.9266 0.8041 0.0000
vt 0.9309 0.7948 0.0000
vt 0.9333 0.7896 0.0000
vt 0.8386 0.7975 0.0000
vt 0.8389 0.8137 0.0000
vt 0.8369 0.7452 0.0000
vt 0.8355 0.7163 0.0000
vt 0.8358 0.7314 0.0000
vt 0.8111 0.8039 0.0000
vt 0.7877 0.7783 0.0000
vt 0.8137 0.7975 0.0000
vt 0.8181 0.8574 0.0000
vt 0.8060 0.6867 0.0000
vt 0.8252 0.7724 0.0000
vt 0.8229 0.7775 0.0000
vt 0.8774 0.7324 0.0000
vt 0.8763 0.7187 0.0000
vt 0.8760 0.7035 0.0000
vt 0.8382 0.8279 0.0000
vt 0.8787 0.8406 0.0000
vt 0.8794 0.8264 0.0000
vt 0.8790 0.8102 0.0000
vt 0.8031 0.6736 0.0000
vt 0.8205 0.8706 0.0000
vt 0.8186 0.7869 0.0000
vt 0.8581 0.8706 0.0000
vt 0.8437 0.6867 0.0000
vt 0.8408 0.6736 0.0000
vt 0.4667 0.3091 0.0000
vt 0.4604 0.3122 0.0000
vt 0.4597 0.3096 0.0000
vt 0.4648 0.3072 0.0000
vt 0.8493 0.8147 0.0000
vt 0.8542 0.8041 0.0000
vt 0.8585 0.7948 0.0000
vt 0.8608 0.7896 0.0000
vt 0.7157 0.6824 0.0000
vt 0.7184 0.6991 0.0000
vt 0.7661 0.7975 0.0000
vt 0.7664 0.8137 0.0000
vt 0.7644 0.7452 0.0000
vt 0.7630 0.7163 0.0000
vt 0.7633 0.7314 0.0000
vt 0.7386 0.8039 0.0000
vt 0.7152 0.7783 0.0000
vt 0.7412 0.7975 0.0000
vt 0.7456 0.8574 0.0000
vt 0.7335 0.6867 0.0000
vt 0.7527 0.7724 0.0000
vt 0.7504 0.7775 0.0000
vt 0.8048 0.7324 0.0000
vt 0.8038 0.7187 0.0000
vt 0.8035 0.7035 0.0000
vt 0.7657 0.8279 0.0000
vt 0.8061 0.8406 0.0000
vt 0.8068 0.8264 0.0000
vt 0.8065 0.8102 0.0000
vt 0.7306 0.6736 0.0000
vt 0.7479 0.8706 0.0000
vt 0.7461 0.7869 0.0000
vt 0.7856 0.8706 0.0000
vt 0.7712 0.6867 0.0000
vt 0.7683 0.6736 0.0000
vt 0.2911 0.4914 0.0000
vt 0.2942 0.4977 0.0000
vt 0.2916 0.4983 0.0000
vt 0.2892 0.4933 0.0000
vt 0.7768 0.8147 0.0000
vt 0.7816 0.8041 0.0000
vt 0.7859 0.7948 0.0000
vt 0.7883 0.7896 0.0000
vt 0.5416 0.3503 0.0000
vt 0.5394 0.3501 0.0000
vt 0.7218 0.8549 0.0000
vt 0.7234 0.8410 0.0000
vt 0.7570 0.6907 0.0000
vt 0.7533 0.6960 0.0000
vt 0.7506 0.6793 0.0000
vt 0.7562 0.6864 0.0000
vt 0.7567 0.8580 0.0000
vt 0.7579 0.8560 0.0000
vt 0.7580 0.6935 0.0000
vt 0.9590 0.7210 0.0000
vt 0.9577 0.7162 0.0000
vt 0.9570 0.7108 0.0000
vt 0.9590 0.8335 0.0000
vt 0.9602 0.8285 0.0000
vt 0.9607 0.8227 0.0000
vt 0.5974 0.2921 0.0000
vt 0.5976 0.2895 0.0000
vt 0.6158 0.2895 0.0000
vt 0.6121 0.2921 0.0000
vt 0.4149 0.2609 0.0000
vt 0.4150 0.2585 0.0000
vt 0.4297 0.2644 0.0000
vt 0.4278 0.2654 0.0000
vt 0.4150 0.2636 0.0000
vt 0.4263 0.2667 0.0000
vt 0.2699 0.4370 0.0000
vt 0.2716 0.4397 0.0000
vt 0.2607 0.4439 0.0000
vt 0.2586 0.4411 0.0000
vt 0.2257 0.6503 0.0000
vt 0.2284 0.6513 0.0000
vt 0.1483 0.2465 0.0000
vt 0.1388 0.2452 0.0000
vt 0.6856 0.5310 0.0000
vt 0.3823 0.2504 0.0000
vt 0.6600 0.5138 0.0000
vt 0.6794 0.5108 0.0000
vt 0.1610 0.2967 0.0000
vt 0.1590 0.3019 0.0000
vt 0.1566 0.3095 0.0000
vt 0.1703 0.5505 0.0000
vt 0.1673 0.5672 0.0000
vt 0.6393 0.5165 0.0000
vt 0.1821 0.2959 0.0000
vt 0.1795 0.2987 0.0000
vt 0.1812 0.3019 0.0000
vt 0.1646 0.5906 0.0000
vt 0.6689 0.0826 0.0000
vt 0.6684 0.0915 0.0000
vt 0.6659 0.0910 0.0000
vt 0.6637 0.0874 0.0000
vt 0.6132 0.3827 0.0000
vt 0.6115 0.3812 0.0000
vt 0.0974 0.1882 0.0000
vt 0.0894 0.2063 0.0000
vt 0.1018 0.1857 0.0000
vt 0.0900 0.2072 0.0000
vt 0.7260 0.3570 0.0000
vt 0.7203 0.3337 0.0000
vt 0.7268 0.3368 0.0000
vt 0.7289 0.3594 0.0000
vt 0.1066 0.6107 0.0000
vt 0.1027 0.5940 0.0000
vt 0.1081 0.1587 0.0000
vt 0.1142 0.1562 0.0000
vt 0.7191 0.3024 0.0000
vt 0.7256 0.3039 0.0000
vt 0.3103 0.3561 0.0000
vt 0.3398 0.3423 0.0000
vt 0.3443 0.3576 0.0000
vt 0.3142 0.3668 0.0000
vt 0.1188 0.1185 0.0000
vt 0.7191 0.2645 0.0000
vt 0.7254 0.2664 0.0000
vt 0.3765 0.3346 0.0000
vt 0.3815 0.3465 0.0000
vt 0.1132 0.1031 0.0000
vt 0.7197 0.2504 0.0000
vt 0.7240 0.2520 0.0000
vt 0.6654 0.0467 0.0000
vt 0.6646 0.0436 0.0000
vt 0.6697 0.0396 0.0000
vt 0.6695 0.0485 0.0000
vt 0.5184 0.2386 0.0000
vt 0.5208 0.2406 0.0000
vt 0.0817 0.2380 0.0000
vt 0.0814 0.2409 0.0000
vt 0.0757 0.2448 0.0000
vt 0.0781 0.2359 0.0000
vt 0.2524 0.3809 0.0000
vt 0.2570 0.3746 0.0000
vt 0.2587 0.3750 0.0000
vt 0.2593 0.3792 0.0000
vt 0.6643 0.1288 0.0000
vt 0.6641 0.0931 0.0000
vt 0.6679 0.1005 0.0000
vt 0.6685 0.1229 0.0000
vt 0.6613 0.0936 0.0000
vt 0.6612 0.1268 0.0000
vt 0.6574 0.0908 0.0000
vt 0.6587 0.1270 0.0000
vt 0.2319 0.3841 0.0000
vt 0.2227 0.3813 0.0000
vt 0.6642 0.0492 0.0000
vt 0.6693 0.0575 0.0000
vt 0.6601 0.0498 0.0000
vt 0.6598 0.0854 0.0000
vt 0.6572 0.0476 0.0000
vt 0.6571 0.0862 0.0000
vt 0.1890 0.3922 0.0000
vt 0.1820 0.3882 0.0000
vt 0.2184 0.3821 0.0000
vt 0.2154 0.3878 0.0000
vt 0.5544 0.6931 0.0000
vt 0.5343 0.6751 0.0000
vt 0.7230 0.3885 0.0000
vt 0.7199 0.3873 0.0000
vt 0.7250 0.3562 0.0000
vt 0.7256 0.3906 0.0000
vt 0.1029 0.6364 0.0000
vt 0.5326 0.6736 0.0000
vt 0.2610 0.3744 0.0000
vt 0.2664 0.3774 0.0000
vt 0.2211 0.3865 0.0000
vt 0.2204 0.3822 0.0000
vt 0.1793 0.3942 0.0000
vt 0.1779 0.3899 0.0000
vt 0.6356 0.5167 0.0000
vt 0.6318 0.5170 0.0000
vt 0.1644 0.5959 0.0000
vt 0.1641 0.5990 0.0000
vt 0.0562 0.3566 0.0000
vt 0.0622 0.3220 0.0000
vt 0.6287 0.0724 0.0000
vt 0.6225 0.0405 0.0000
vt 0.6254 0.0413 0.0000
vt 0.6328 0.0756 0.0000
vt 0.6206 0.0396 0.0000
vt 0.6249 0.0728 0.0000
vt 0.1695 0.3962 0.0000
vt 0.1519 0.4023 0.0000
vt 0.1432 0.3967 0.0000
vt 0.1754 0.3894 0.0000
vt 0.6949 0.2578 0.0000
vt 0.6928 0.2695 0.0000
vt 0.6907 0.2729 0.0000
vt 0.6917 0.2577 0.0000
vt 0.6745 0.2298 0.0000
vt 0.6695 0.2390 0.0000
vt 0.3903 0.4006 0.0000
vt 0.3785 0.3939 0.0000
vt 0.3859 0.3865 0.0000
vt 0.6192 0.3744 0.0000
vt 0.6177 0.3573 0.0000
vt 0.6275 0.3586 0.0000
vt 0.6214 0.3739 0.0000
vt 0.6312 0.3590 0.0000
vt 0.6225 0.3736 0.0000
vt 0.4623 0.3842 0.0000
vt 0.4480 0.3940 0.0000
vt 0.4496 0.3910 0.0000
vt 0.4615 0.3835 0.0000
vt 0.4491 0.3828 0.0000
vt 0.4602 0.3804 0.0000
vt 0.4446 0.3745 0.0000
vt 0.4598 0.3779 0.0000
vt 0.4406 0.3698 0.0000
vt 0.4603 0.3777 0.0000
vt 0.4572 0.2155 0.0000
vt 0.4796 0.2099 0.0000
vt 0.4757 0.2158 0.0000
vt 0.4555 0.2173 0.0000
vt 0.6606 0.1543 0.0000
vt 0.6691 0.1699 0.0000
vt 0.6563 0.1697 0.0000
vt 0.6573 0.1539 0.0000
vt 0.6179 0.3367 0.0000
vt 0.6294 0.3368 0.0000
vt 0.6340 0.3382 0.0000
vt 0.6491 0.5747 0.0000
vt 0.6298 0.5831 0.0000
vt 0.6306 0.5781 0.0000
vt 0.6497 0.5708 0.0000
vt 0.4290 0.3969 0.0000
vt 0.4282 0.3866 0.0000
vt 0.4220 0.3741 0.0000
vt 0.4175 0.3680 0.0000
vt 0.6755 0.1726 0.0000
vt 0.6836 0.1943 0.0000
vt 0.6765 0.1927 0.0000
vt 0.6585 0.1916 0.0000
vt 0.6180 0.3113 0.0000
vt 0.6290 0.3120 0.0000
vt 0.6331 0.3132 0.0000
vt 0.6055 0.5892 0.0000
vt 0.6063 0.5845 0.0000
vt 0.3929 0.3764 0.0000
vt 0.6823 0.2203 0.0000
vt 0.6952 0.2432 0.0000
vt 0.6908 0.2423 0.0000
vt 0.4312 0.4856 0.0000
vt 0.4471 0.4860 0.0000
vt 0.4461 0.4894 0.0000
vt 0.4328 0.4903 0.0000
vt 0.6254 0.4032 0.0000
vt 0.6242 0.4051 0.0000
vt 0.3157 0.1303 0.0000
vt 0.2874 0.1408 0.0000
vt 0.2852 0.1400 0.0000
vt 0.3144 0.1288 0.0000
vt 0.4828 0.3728 0.0000
vt 0.4851 0.3751 0.0000
vt 0.4812 0.3699 0.0000
vt 0.5359 0.7041 0.0000
vt 0.5382 0.7039 0.0000
vt 0.1075 0.2190 0.0000
vt 0.1078 0.2196 0.0000
vt 0.1080 0.2216 0.0000
vt 0.0824 0.2438 0.0000
vt 0.0420 0.2213 0.0000
vt 0.0399 0.2330 0.0000
vt 0.0378 0.2364 0.0000
vt 0.0388 0.2212 0.0000
vt 0.6744 0.1891 0.0000
vt 0.6693 0.1983 0.0000
vt 0.4692 0.3980 0.0000
vt 0.4810 0.4047 0.0000
vt 0.4736 0.4121 0.0000
vt 0.5828 0.3826 0.0000
vt 0.5656 0.3811 0.0000
vt 0.5686 0.3717 0.0000
vt 0.5827 0.3804 0.0000
vt 0.5697 0.3681 0.0000
vt 0.5825 0.3792 0.0000
vt 0.3972 0.4144 0.0000
vt 0.4115 0.4046 0.0000
vt 0.4099 0.4076 0.0000
vt 0.3980 0.4152 0.0000
vt 0.4104 0.4159 0.0000
vt 0.3993 0.4182 0.0000
vt 0.4149 0.4241 0.0000
vt 0.3997 0.4208 0.0000
vt 0.4189 0.4288 0.0000
vt 0.3992 0.4209 0.0000
vt 0.2544 0.1385 0.0000
vt 0.2769 0.1328 0.0000
vt 0.2730 0.1387 0.0000
vt 0.2527 0.1403 0.0000
vt 0.6605 0.1136 0.0000
vt 0.6689 0.1292 0.0000
vt 0.6562 0.1290 0.0000
vt 0.6572 0.1132 0.0000
vt 0.5455 0.3774 0.0000
vt 0.5475 0.3660 0.0000
vt 0.5497 0.3618 0.0000
vt 0.2194 0.5577 0.0000
vt 0.2215 0.5806 0.0000
vt 0.2161 0.5795 0.0000
vt 0.2155 0.5564 0.0000
vt 0.4305 0.4018 0.0000
vt 0.4314 0.4121 0.0000
vt 0.4375 0.4246 0.0000
vt 0.4420 0.4306 0.0000
vt 0.6754 0.1319 0.0000
vt 0.6835 0.1536 0.0000
vt 0.6764 0.1520 0.0000
vt 0.6584 0.1509 0.0000
vt 0.5204 0.3728 0.0000
vt 0.5231 0.3621 0.0000
vt 0.5249 0.3583 0.0000
vt 0.2187 0.6098 0.0000
vt 0.2139 0.6086 0.0000
vt 0.4666 0.4223 0.0000
vt 0.6822 0.1796 0.0000
vt 0.0423 0.2067 0.0000
vt 0.0379 0.2058 0.0000
vt 0.2096 0.6226 0.0000
vt 0.2073 0.6200 0.0000
vt 0.3032 0.1546 0.0000
vt 0.2753 0.1651 0.0000
vt 0.2730 0.1641 0.0000
vt 0.3019 0.1531 0.0000
vt 0.3782 0.4258 0.0000
vt 0.3744 0.4228 0.0000
vt 0.3785 0.4287 0.0000
vt 0.2041 0.5447 0.0000
vt 0.2077 0.5140 0.0000
vt 0.2096 0.5159 0.0000
vt 0.2070 0.5443 0.0000
vt 0.0720 0.2804 0.0000
vt 0.0725 0.2765 0.0000
vt 0.0981 0.2578 0.0000
vt 0.0984 0.2584 0.0000
vt 0.6623 0.1152 0.0000
vt 0.1547 0.4696 0.0000
vt 0.1663 0.4717 0.0000
vt 0.1698 0.4739 0.0000
vt 0.1545 0.4729 0.0000
vt 0.6419 0.1762 0.0000
vt 0.6369 0.1855 0.0000
vt 0.3256 0.5886 0.0000
vt 0.3374 0.5953 0.0000
vt 0.3299 0.6027 0.0000
vt 0.5491 0.2383 0.0000
vt 0.5663 0.2392 0.0000
vt 0.5636 0.2487 0.0000
vt 0.5493 0.2405 0.0000
vt 0.5627 0.2523 0.0000
vt 0.5495 0.2417 0.0000
vt 0.2536 0.6050 0.0000
vt 0.2678 0.5952 0.0000
vt 0.2662 0.5982 0.0000
vt 0.2543 0.6058 0.0000
vt 0.2667 0.6065 0.0000
vt 0.2556 0.6088 0.0000
vt 0.2713 0.6147 0.0000
vt 0.2561 0.6114 0.0000
vt 0.2753 0.6194 0.0000
vt 0.2556 0.6115 0.0000
vt 0.3924 0.2115 0.0000
vt 0.3980 0.2340 0.0000
vt 0.3921 0.2301 0.0000
vt 0.3906 0.2099 0.0000
vt 0.6280 0.1008 0.0000
vt 0.6365 0.1163 0.0000
vt 0.6237 0.1161 0.0000
vt 0.6247 0.1004 0.0000
vt 0.5866 0.2422 0.0000
vt 0.5849 0.2536 0.0000
vt 0.5829 0.2579 0.0000
vt 0.5916 0.2413 0.0000
vt 0.5832 0.2220 0.0000
vt 0.5883 0.2228 0.0000
vt 0.5956 0.2419 0.0000
vt 0.2868 0.5924 0.0000
vt 0.2877 0.6027 0.0000
vt 0.2938 0.6152 0.0000
vt 0.2984 0.6212 0.0000
vt 0.6429 0.1191 0.0000
vt 0.6510 0.1408 0.0000
vt 0.6439 0.1391 0.0000
vt 0.6260 0.1380 0.0000
vt 0.6118 0.2459 0.0000
vt 0.6095 0.2567 0.0000
vt 0.6078 0.2606 0.0000
vt 0.5772 0.1977 0.0000
vt 0.5818 0.1984 0.0000
vt 0.3230 0.6129 0.0000
vt 0.6498 0.1668 0.0000
vt 0.1401 0.4694 0.0000
vt 0.1392 0.4738 0.0000
vt 0.3703 0.4126 0.0000
vt 0.3863 0.4130 0.0000
vt 0.3853 0.4164 0.0000
vt 0.3720 0.4173 0.0000
vt 0.4977 0.1586 0.0000
vt 0.4717 0.1697 0.0000
vt 0.4677 0.1679 0.0000
vt 0.4964 0.1572 0.0000
vt 0.2354 0.6157 0.0000
vt 0.2325 0.6135 0.0000
vt 0.2359 0.6198 0.0000
vt 0.5849 0.3336 0.0000
vt 0.5548 0.3362 0.0000
vt 0.5566 0.3341 0.0000
vt 0.5848 0.3313 0.0000
vt 0.5533 0.3378 0.0000
vt 0.5849 0.3342 0.0000
vt 0.0884 0.3032 0.0000
vt 0.0630 0.3263 0.0000
vt 0.0882 0.3012 0.0000
vt 0.6382 0.0551 0.0000
vt 0.6361 0.0667 0.0000
vt 0.6339 0.0701 0.0000
vt 0.6349 0.0549 0.0000
vt 0.5372 0.5289 0.0000
vt 0.5469 0.5330 0.0000
vt 0.3456 0.6277 0.0000
vt 0.3338 0.6210 0.0000
vt 0.3413 0.6136 0.0000
vt 0.1822 0.6033 0.0000
vt 0.1921 0.6174 0.0000
vt 0.1830 0.6211 0.0000
vt 0.1806 0.6048 0.0000
vt 0.1795 0.6226 0.0000
vt 0.1798 0.6057 0.0000
vt 0.4177 0.6113 0.0000
vt 0.4034 0.6211 0.0000
vt 0.4050 0.6181 0.0000
vt 0.4169 0.6106 0.0000
vt 0.4045 0.6099 0.0000
vt 0.4156 0.6075 0.0000
vt 0.3999 0.6016 0.0000
vt 0.4152 0.6049 0.0000
vt 0.3960 0.5969 0.0000
vt 0.4157 0.6048 0.0000
vt 0.7182 0.2116 0.0000
vt 0.7110 0.1896 0.0000
vt 0.7172 0.1931 0.0000
vt 0.7201 0.2131 0.0000
vt 0.4637 0.5506 0.0000
vt 0.4782 0.5406 0.0000
vt 0.4794 0.5533 0.0000
vt 0.4636 0.5539 0.0000
vt 0.2022 0.6353 0.0000
vt 0.1922 0.6409 0.0000
vt 0.1876 0.6420 0.0000
vt 0.2493 0.5649 0.0000
vt 0.2686 0.5566 0.0000
vt 0.2678 0.5616 0.0000
vt 0.2487 0.5689 0.0000
vt 0.3844 0.6240 0.0000
vt 0.3835 0.6137 0.0000
vt 0.3774 0.6012 0.0000
vt 0.3729 0.5951 0.0000
vt 0.4803 0.5339 0.0000
vt 0.5011 0.5236 0.0000
vt 0.5001 0.5308 0.0000
vt 0.5009 0.5488 0.0000
vt 0.2149 0.6574 0.0000
vt 0.2049 0.6622 0.0000
vt 0.2008 0.6633 0.0000
vt 0.2929 0.5505 0.0000
vt 0.2922 0.5552 0.0000
vt 0.3483 0.6035 0.0000
vt 0.5270 0.5221 0.0000
vt 0.6384 0.0404 0.0000
vt 0.6340 0.0396 0.0000
vt 0.5244 0.1490 0.0000
vt 0.5404 0.1494 0.0000
vt 0.5394 0.1529 0.0000
vt 0.5261 0.1537 0.0000
vt 0.5108 0.4100 0.0000
vt 0.5063 0.4253 0.0000
vt 0.5042 0.4257 0.0000
vt 0.5097 0.4100 0.0000
vt 0.5092 0.4257 0.0000
vt 0.5138 0.4086 0.0000
vt 0.6271 0.4982 0.0000
vt 0.6255 0.4999 0.0000
vt 0.6275 0.4978 0.0000
vt 0.0760 0.3549 0.0000
vt 0.0557 0.3662 0.0000
vt 0.0547 0.3622 0.0000
vt 0.0758 0.3530 0.0000
vt 0.7138 0.2366 0.0000
vt 0.7117 0.2348 0.0000
vt 0.7221 0.2153 0.0000
vt 0.5004 0.2515 0.0000
vt 0.2411 0.4747 0.0000
vt 0.5928 0.6638 0.0000
vt 0.5772 0.6668 0.0000
vt 0.1630 0.2545 0.0000
vt 0.1625 0.2602 0.0000
vt 0.1618 0.2667 0.0000
vt 0.6991 0.3842 0.0000
vt 0.6961 0.4002 0.0000
vt 0.6094 0.6611 0.0000
vt 0.1804 0.2497 0.0000
vt 0.1794 0.2531 0.0000
vt 0.1816 0.2557 0.0000
vt 0.6934 0.4182 0.0000
vt 0.1301 0.6530 0.0000
vt 0.1333 0.6458 0.0000
vt 0.1369 0.6477 0.0000
vt 0.1364 0.6510 0.0000
vt 0.6193 0.6198 0.0000
vt 0.6202 0.6207 0.0000
vt 0.1756 0.4692 0.0000
vt 0.1611 0.4630 0.0000
vt 0.1782 0.4738 0.0000
vt 0.1602 0.4636 0.0000
vt 0.3867 0.5334 0.0000
vt 0.3682 0.5418 0.0000
vt 0.3693 0.5374 0.0000
vt 0.3880 0.5312 0.0000
vt 0.4162 0.2489 0.0000
vt 0.4340 0.2440 0.0000
vt 0.1986 0.4764 0.0000
vt 0.2012 0.4827 0.0000
vt 0.3418 0.5495 0.0000
vt 0.3415 0.5454 0.0000
vt 0.4594 0.2401 0.0000
vt 0.2298 0.4824 0.0000
vt 0.3095 0.5579 0.0000
vt 0.3096 0.5538 0.0000
vt 0.4906 0.2420 0.0000
vt 0.1225 0.6842 0.0000
vt 0.1217 0.6868 0.0000
vt 0.1154 0.6881 0.0000
vt 0.1185 0.6808 0.0000
vt 0.1836 0.3630 0.0000
vt 0.1877 0.3561 0.0000
vt 0.1903 0.3557 0.0000
vt 0.1920 0.3594 0.0000
vt 0.1506 0.6146 0.0000
vt 0.1500 0.6171 0.0000
vt 0.1438 0.6202 0.0000
vt 0.1473 0.6125 0.0000
vt 0.2556 0.3331 0.0000
vt 0.2584 0.3271 0.0000
vt 0.2602 0.3268 0.0000
vt 0.2614 0.3304 0.0000
vt 0.1382 0.6463 0.0000
vt 0.1364 0.6386 0.0000
vt 0.2466 0.0702 0.0000
vt 0.2449 0.0709 0.0000
vt 0.2406 0.0396 0.0000
vt 0.2427 0.0411 0.0000
vt 0.2493 0.0724 0.0000
vt 0.2442 0.0407 0.0000
vt 0.6216 0.6221 0.0000
vt 0.6400 0.6400 0.0000
vt 0.1236 0.6823 0.0000
vt 0.1216 0.6735 0.0000
vt 0.2206 0.2768 0.0000
vt 0.2216 0.2792 0.0000
vt 0.1879 0.2834 0.0000
vt 0.1893 0.2808 0.0000
vt 0.2223 0.2748 0.0000
vt 0.1884 0.2792 0.0000
vt 0.2004 0.3558 0.0000
vt 0.1933 0.3538 0.0000
vt 0.2251 0.3411 0.0000
vt 0.2236 0.3465 0.0000
vt 0.1392 0.4608 0.0000
vt 0.4142 0.5281 0.0000
vt 0.4138 0.5302 0.0000
vt 0.3862 0.5341 0.0000
vt 0.4154 0.5262 0.0000
vt 0.3936 0.2473 0.0000
vt 0.1515 0.6131 0.0000
vt 0.1495 0.6073 0.0000
vt 0.3918 0.2471 0.0000
vt 0.6028 0.6176 0.0000
vt 0.6029 0.6140 0.0000
vt 0.1126 0.7123 0.0000
vt 0.1080 0.7076 0.0000
vt 0.1130 0.6994 0.0000
vt 0.1142 0.7111 0.0000
vt 0.1730 0.3697 0.0000
vt 0.1635 0.3722 0.0000
vt 0.1622 0.3671 0.0000
vt 0.1649 0.3660 0.0000
vt 0.1115 0.7151 0.0000
vt 0.1027 0.7159 0.0000
vt 0.6931 0.4223 0.0000
vt 0.3014 0.5409 0.0000
vt 0.3229 0.5399 0.0000
vt 0.3251 0.1202 0.0000
vt 0.3022 0.1263 0.0000
vt 0.3029 0.1234 0.0000
vt 0.3276 0.1174 0.0000
vt 0.3014 0.1283 0.0000
vt 0.3257 0.1225 0.0000
vt 0.4762 0.4750 0.0000
vt 0.4669 0.4745 0.0000
vt 0.4636 0.4725 0.0000
vt 0.4765 0.4718 0.0000
vt 0.2767 0.3035 0.0000
vt 0.2787 0.2950 0.0000
vt 0.2073 0.6785 0.0000
vt 0.1960 0.6726 0.0000
vt 0.2040 0.6723 0.0000
vt 0.5861 0.5107 0.0000
vt 0.5830 0.5026 0.0000
vt 0.3471 0.3348 0.0000
vt 0.3338 0.3369 0.0000
vt 0.3366 0.3275 0.0000
vt 0.3470 0.3326 0.0000
vt 0.1281 0.1653 0.0000
vt 0.1308 0.1793 0.0000
vt 0.1270 0.1814 0.0000
vt 0.1270 0.1665 0.0000
vt 0.2794 0.6748 0.0000
vt 0.2668 0.6826 0.0000
vt 0.2676 0.6794 0.0000
vt 0.2789 0.6745 0.0000
vt 0.2664 0.6723 0.0000
vt 0.2779 0.6724 0.0000
vt 0.5915 0.4377 0.0000
vt 0.5911 0.4477 0.0000
vt 0.5855 0.4496 0.0000
vt 0.5899 0.4374 0.0000
vt 0.5820 0.4519 0.0000
vt 0.5899 0.4370 0.0000
vt 0.6841 0.2789 0.0000
vt 0.6896 0.2971 0.0000
vt 0.6858 0.2948 0.0000
vt 0.6826 0.2779 0.0000
vt 0.2940 0.3687 0.0000
vt 0.2870 0.3558 0.0000
vt 0.2948 0.3549 0.0000
vt 0.2961 0.3688 0.0000
vt 0.2848 0.2908 0.0000
vt 0.2994 0.2750 0.0000
vt 0.3043 0.2858 0.0000
vt 0.2885 0.3003 0.0000
vt 0.5298 0.4751 0.0000
vt 0.5117 0.4740 0.0000
vt 0.5132 0.4694 0.0000
vt 0.5297 0.4708 0.0000
vt 0.2463 0.6854 0.0000
vt 0.2467 0.6810 0.0000
vt 0.2451 0.6723 0.0000
vt 0.5899 0.4665 0.0000
vt 0.5815 0.4687 0.0000
vt 0.5772 0.4712 0.0000
vt 0.6937 0.3191 0.0000
vt 0.6900 0.3173 0.0000
vt 0.2798 0.3363 0.0000
vt 0.2909 0.3358 0.0000
vt 0.4891 0.4740 0.0000
vt 0.4900 0.4697 0.0000
vt 0.2196 0.6846 0.0000
vt 0.5781 0.4942 0.0000
vt 0.2753 0.3354 0.0000
vt 0.2730 0.3125 0.0000
vt 0.3703 0.3278 0.0000
vt 0.3715 0.3289 0.0000
vt 0.4109 0.2311 0.0000
vt 0.4095 0.2301 0.0000
vt 0.2286 0.1315 0.0000
vt 0.2495 0.1308 0.0000
vt 0.2507 0.1327 0.0000
vt 0.2290 0.1321 0.0000
vt 0.2491 0.1288 0.0000
vt 0.2284 0.1295 0.0000
vt 0.6363 0.3049 0.0000
vt 0.6370 0.2796 0.0000
vt 0.6383 0.2805 0.0000
vt 0.6384 0.3045 0.0000
vt 0.6854 0.2514 0.0000
vt 0.6872 0.2529 0.0000
vt 0.6847 0.2789 0.0000
vt 0.6828 0.2504 0.0000
vt 0.3718 0.3305 0.0000
vt 0.3474 0.3367 0.0000
vt 0.5091 0.6681 0.0000
vt 0.5185 0.6687 0.0000
vt 0.5217 0.6707 0.0000
vt 0.5088 0.6714 0.0000
vt 0.2775 0.6997 0.0000
vt 0.2690 0.6977 0.0000
vt 0.2961 0.4240 0.0000
vt 0.3020 0.4126 0.0000
vt 0.3023 0.4207 0.0000
vt 0.6637 0.3437 0.0000
vt 0.6668 0.3518 0.0000
vt 0.0927 0.6855 0.0000
vt 0.0905 0.6722 0.0000
vt 0.1000 0.6749 0.0000
vt 0.0948 0.6854 0.0000
vt 0.0470 0.2099 0.0000
vt 0.0497 0.2239 0.0000
vt 0.0459 0.2260 0.0000
vt 0.0459 0.2111 0.0000
vt 0.2999 0.4961 0.0000
vt 0.2920 0.4835 0.0000
vt 0.2952 0.4842 0.0000
vt 0.3001 0.4956 0.0000
vt 0.3023 0.4831 0.0000
vt 0.3023 0.4945 0.0000
vt 0.6583 0.4167 0.0000
vt 0.6587 0.4067 0.0000
vt 0.6643 0.4048 0.0000
vt 0.6599 0.4170 0.0000
vt 0.6678 0.4025 0.0000
vt 0.6599 0.4174 0.0000
vt 0.5322 0.1875 0.0000
vt 0.5140 0.1930 0.0000
vt 0.5163 0.1891 0.0000
vt 0.5332 0.1859 0.0000
vt 0.3427 0.6823 0.0000
vt 0.3297 0.6893 0.0000
vt 0.3288 0.6815 0.0000
vt 0.3428 0.6803 0.0000
vt 0.2513 0.3044 0.0000
vt 0.2659 0.2886 0.0000
vt 0.2709 0.2994 0.0000
vt 0.2550 0.3140 0.0000
vt 0.4555 0.6681 0.0000
vt 0.4736 0.6692 0.0000
vt 0.4721 0.6738 0.0000
vt 0.4556 0.6724 0.0000
vt 0.2892 0.4629 0.0000
vt 0.2936 0.4634 0.0000
vt 0.3023 0.4618 0.0000
vt 0.6599 0.3879 0.0000
vt 0.6683 0.3857 0.0000
vt 0.6727 0.3832 0.0000
vt 0.4920 0.1970 0.0000
vt 0.4938 0.1934 0.0000
vt 0.3103 0.6965 0.0000
vt 0.3097 0.6854 0.0000
vt 0.4963 0.6691 0.0000
vt 0.4953 0.6734 0.0000
vt 0.2900 0.4363 0.0000
vt 0.6717 0.3602 0.0000
vt 0.3094 0.7011 0.0000
vt 0.2865 0.7033 0.0000
vt 0.0999 0.7079 0.0000
vt 0.0989 0.7092 0.0000
vt 0.6451 0.6210 0.0000
vt 0.6447 0.6195 0.0000
vt 0.5483 0.2853 0.0000
vt 0.5732 0.2793 0.0000
vt 0.5759 0.2816 0.0000
vt 0.5487 0.2859 0.0000
vt 0.3003 0.5209 0.0000
vt 0.2994 0.5202 0.0000
vt 0.0459 0.5799 0.0000
vt 0.0463 0.5546 0.0000
vt 0.0479 0.5558 0.0000
vt 0.0481 0.5795 0.0000
vt 0.5600 0.1883 0.0000
vt 0.5578 0.1907 0.0000
vt 0.5323 0.1880 0.0000
vt 0.5615 0.1855 0.0000
vt 0.0972 0.7100 0.0000
vt 0.0907 0.6857 0.0000
vt 0.4884 0.6575 0.0000
vt 0.4790 0.6569 0.0000
vt 0.4758 0.6550 0.0000
vt 0.4887 0.6543 0.0000
vt 0.4153 0.1000 0.0000
vt 0.4238 0.1020 0.0000
vt 0.3448 0.3713 0.0000
vt 0.3507 0.3599 0.0000
vt 0.3510 0.3680 0.0000
vt 0.6348 0.4620 0.0000
vt 0.6317 0.4539 0.0000
vt 0.6220 0.0639 0.0000
vt 0.6228 0.0773 0.0000
vt 0.6137 0.0736 0.0000
vt 0.6199 0.0637 0.0000
vt 0.0552 0.2666 0.0000
vt 0.0578 0.2807 0.0000
vt 0.0540 0.2828 0.0000
vt 0.0540 0.2678 0.0000
vt 0.3485 0.4433 0.0000
vt 0.3407 0.4308 0.0000
vt 0.3439 0.4315 0.0000
vt 0.3488 0.4429 0.0000
vt 0.3510 0.4303 0.0000
vt 0.3509 0.4418 0.0000
vt 0.6402 0.3890 0.0000
vt 0.6398 0.3990 0.0000
vt 0.6341 0.4009 0.0000
vt 0.6386 0.3888 0.0000
vt 0.6307 0.4032 0.0000
vt 0.6386 0.3883 0.0000
vt 0.6157 0.1086 0.0000
vt 0.6212 0.1268 0.0000
vt 0.6174 0.1245 0.0000
vt 0.6142 0.1076 0.0000
vt 0.3501 0.1173 0.0000
vt 0.3631 0.1103 0.0000
vt 0.3640 0.1182 0.0000
vt 0.3500 0.1194 0.0000
vt 0.2146 0.3196 0.0000
vt 0.2292 0.3038 0.0000
vt 0.2341 0.3146 0.0000
vt 0.2183 0.3291 0.0000
vt 0.5420 0.6575 0.0000
vt 0.5239 0.6565 0.0000
vt 0.5254 0.6519 0.0000
vt 0.5418 0.6533 0.0000
vt 0.3379 0.4102 0.0000
vt 0.3422 0.4107 0.0000
vt 0.3510 0.4091 0.0000
vt 0.6386 0.4179 0.0000
vt 0.6302 0.4201 0.0000
vt 0.6258 0.4225 0.0000
vt 0.6253 0.1489 0.0000
vt 0.6216 0.1470 0.0000
vt 0.3825 0.1031 0.0000
vt 0.3830 0.1142 0.0000
vt 0.5012 0.6565 0.0000
vt 0.5022 0.6522 0.0000
vt 0.3386 0.3836 0.0000
vt 0.6268 0.4455 0.0000
vt 0.3834 0.0986 0.0000
vt 0.4063 0.0963 0.0000
vt 0.6173 0.0411 0.0000
vt 0.6189 0.0396 0.0000
vt 0.5861 0.5992 0.0000
vt 0.5853 0.6006 0.0000
vt 0.6328 0.3049 0.0000
vt 0.6274 0.2809 0.0000
vt 0.6290 0.2786 0.0000
vt 0.6334 0.3044 0.0000
vt 0.3492 0.4673 0.0000
vt 0.3478 0.4665 0.0000
vt 0.4190 0.1125 0.0000
vt 0.4439 0.1129 0.0000
vt 0.4428 0.1144 0.0000
vt 0.4194 0.1147 0.0000
vt 0.6172 0.0820 0.0000
vt 0.6190 0.0836 0.0000
vt 0.6163 0.1086 0.0000
vt 0.6137 0.0801 0.0000
vt 0.5416 0.6357 0.0000
vt 0.5509 0.6363 0.0000
vt 0.5541 0.6383 0.0000
vt 0.5413 0.6389 0.0000
vt 0.1834 0.4901 0.0000
vt 0.1854 0.4816 0.0000
vt 0.4537 0.6185 0.0000
vt 0.4478 0.6299 0.0000
vt 0.4475 0.6218 0.0000
vt 0.6024 0.5067 0.0000
vt 0.5992 0.4985 0.0000
vt 0.7110 0.4234 0.0000
vt 0.7209 0.4325 0.0000
vt 0.7117 0.4362 0.0000
vt 0.7094 0.4248 0.0000
vt 0.0986 0.0949 0.0000
vt 0.1126 0.0923 0.0000
vt 0.1148 0.0960 0.0000
vt 0.0998 0.0960 0.0000
vt 0.4500 0.5465 0.0000
vt 0.4578 0.5590 0.0000
vt 0.4546 0.5583 0.0000
vt 0.4497 0.5469 0.0000
vt 0.4475 0.5594 0.0000
vt 0.4476 0.5480 0.0000
vt 0.6078 0.4336 0.0000
vt 0.6073 0.4436 0.0000
vt 0.6017 0.4456 0.0000
vt 0.6062 0.4334 0.0000
vt 0.5982 0.4478 0.0000
vt 0.6062 0.4329 0.0000
vt 0.6660 0.5561 0.0000
vt 0.6478 0.5616 0.0000
vt 0.6501 0.5577 0.0000
vt 0.6670 0.5546 0.0000
vt 0.2008 0.5553 0.0000
vt 0.1938 0.5423 0.0000
vt 0.2016 0.5414 0.0000
vt 0.2028 0.5554 0.0000
vt 0.0976 0.0442 0.0000
vt 0.0974 0.0657 0.0000
vt 0.0865 0.0610 0.0000
vt 0.0885 0.0396 0.0000
vt 0.4879 0.6357 0.0000
vt 0.5060 0.6368 0.0000
vt 0.5045 0.6413 0.0000
vt 0.4881 0.6400 0.0000
vt 0.4606 0.5796 0.0000
vt 0.4563 0.5791 0.0000
vt 0.4475 0.5807 0.0000
vt 0.6062 0.4625 0.0000
vt 0.5977 0.4647 0.0000
vt 0.5934 0.4671 0.0000
vt 0.6258 0.5657 0.0000
vt 0.6276 0.5620 0.0000
vt 0.1865 0.5229 0.0000
vt 0.1977 0.5224 0.0000
vt 0.5287 0.6367 0.0000
vt 0.5277 0.6410 0.0000
vt 0.4599 0.6062 0.0000
vt 0.5943 0.4901 0.0000
vt 0.1820 0.5220 0.0000
vt 0.1797 0.4991 0.0000
vt 0.4550 0.4788 0.0000
vt 0.4393 0.4760 0.0000
vt 0.4395 0.4735 0.0000
vt 0.4558 0.4774 0.0000
vt 0.4550 0.4796 0.0000
vt 0.4396 0.4780 0.0000
vt 0.4393 0.4806 0.0000
vt 0.4564 0.4811 0.0000
vt 0.6222 0.0886 0.0000
vt 0.6207 0.1074 0.0000
vt 0.6177 0.1068 0.0000
vt 0.6204 0.0897 0.0000
vt 0.6229 0.1077 0.0000
vt 0.6226 0.0882 0.0000
vt 0.6829 0.5632 0.0000
vt 0.6816 0.5668 0.0000
vt 0.6950 0.4157 0.0000
vt 0.7124 0.4220 0.0000
vt 0.1390 0.2438 0.0000
vt 0.1460 0.2448 0.0000
vt 0.1406 0.2323 0.0000
vt 0.1434 0.2310 0.0000
vt 0.1449 0.2288 0.0000
vt 0.1467 0.2398 0.0000
vt 0.1455 0.2420 0.0000
vt 0.1441 0.2260 0.0000
vt 0.1513 0.2270 0.0000
vt 0.1509 0.2298 0.0000
vt 0.2440 0.6478 0.0000
vt 0.2441 0.6562 0.0000
vt 0.2414 0.6549 0.0000
vt 0.2413 0.6479 0.0000
vt 0.2308 0.6503 0.0000
vt 0.2390 0.6562 0.0000
vt 0.2460 0.6478 0.0000
vt 0.1515 0.2251 0.0000
vt 0.1418 0.2237 0.0000
vt 0.1494 0.2389 0.0000
vt 0.2320 0.6479 0.0000
vt 0.1206 0.6032 0.0000
vt 0.1235 0.6037 0.0000
vt 0.1218 0.6155 0.0000
vt 0.1200 0.6141 0.0000
vt 0.3582 0.0562 0.0000
vt 0.3607 0.0558 0.0000
vt 0.3602 0.0667 0.0000
vt 0.3585 0.0660 0.0000
vt 0.1745 0.6977 0.0000
vt 0.1767 0.6965 0.0000
vt 0.1773 0.7062 0.0000
vt 0.1751 0.7064 0.0000
vt 0.1725 0.7066 0.0000
vt 0.1716 0.6969 0.0000
vt 0.1739 0.3827 0.0000
vt 0.1642 0.3820 0.0000
vt 0.1635 0.3803 0.0000
vt 0.1743 0.3802 0.0000
vt 0.1536 0.2426 0.0000
vt 0.1548 0.2445 0.0000
vt 0.1402 0.6830 0.0000
vt 0.1393 0.6803 0.0000
vt 0.1510 0.6803 0.0000
vt 0.1520 0.6828 0.0000
vt 0.1510 0.6851 0.0000
vt 0.1392 0.6854 0.0000
vt 0.2244 0.6478 0.0000
vt 0.9362 0.8706 0.0000
vt 0.9302 0.6811 0.0000
vt 0.9279 0.6787 0.0000
vt 0.9286 0.6736 0.0000
vt 0.1149 0.6209 0.0000
vt 0.1157 0.6232 0.0000
vt 0.0784 0.0985 0.0000
vt 0.0786 0.0926 0.0000
vt 0.0805 0.0923 0.0000
vt 0.0806 0.0996 0.0000
vt 0.5373 0.5242 0.0000
vt 0.5429 0.5246 0.0000
vt 0.5435 0.5268 0.0000
vt 0.5366 0.5269 0.0000
vt 0.5434 0.5224 0.0000
vt 0.5369 0.5221 0.0000
vt 0.1459 0.4451 0.0000
vt 0.1457 0.4469 0.0000
vt 0.1401 0.4478 0.0000
vt 0.1392 0.4461 0.0000
vt 0.1586 0.2379 0.0000
vt 0.1610 0.2388 0.0000
vt 0.1572 0.2456 0.0000
vt 0.1638 0.2395 0.0000
vt 0.6382 0.1105 0.0000
vt 0.6380 0.1004 0.0000
vt 0.6406 0.1006 0.0000
vt 0.6407 0.1109 0.0000
vt 0.6164 0.2921 0.0000
vt 0.4318 0.2682 0.0000
vt 0.4340 0.2672 0.0000
vt 0.4294 0.2694 0.0000
vt 0.2568 0.4442 0.0000
vt 0.5270 0.5041 0.0000
vt 0.5163 0.5041 0.0000
vt 0.4423 0.3060 0.0000
vt 0.4438 0.3037 0.0000
vt 0.4440 0.3013 0.0000
vt 0.4305 0.2991 0.0000
vt 0.3321 0.6397 0.0000
vt 0.3321 0.6532 0.0000
vt 0.5853 0.2644 0.0000
vt 0.5905 0.2626 0.0000
vt 0.5914 0.2662 0.0000
vt 0.5871 0.2676 0.0000
vt 0.4231 0.3029 0.0000
vt 0.1607 0.3562 0.0000
vt 0.1599 0.3527 0.0000
vt 0.1677 0.3500 0.0000
vt 0.1694 0.3531 0.0000
vt 0.9266 0.8175 0.0000
vt 0.9189 0.8210 0.0000
vt 0.9282 0.8140 0.0000
vt 0.9304 0.8091 0.0000
vt 0.9324 0.8048 0.0000
vt 0.9338 0.8019 0.0000
vt 0.8865 0.7210 0.0000
vt 0.8852 0.7162 0.0000
vt 0.8845 0.7108 0.0000
vt 0.8865 0.8335 0.0000
vt 0.8877 0.8285 0.0000
vt 0.8882 0.8227 0.0000
vt 0.5893 0.3894 0.0000
vt 0.5895 0.3868 0.0000
vt 0.6077 0.3868 0.0000
vt 0.6040 0.3894 0.0000
vt 0.6785 0.3298 0.0000
vt 0.6786 0.3275 0.0000
vt 0.6932 0.3334 0.0000
vt 0.6914 0.3343 0.0000
vt 0.6786 0.3325 0.0000
vt 0.6899 0.3356 0.0000
vt 0.2212 0.6600 0.0000
vt 0.2229 0.6627 0.0000
vt 0.2120 0.6669 0.0000
vt 0.2099 0.6641 0.0000
vt 0.2620 0.6503 0.0000
vt 0.2647 0.6513 0.0000
vt 0.1438 0.2093 0.0000
vt 0.1440 0.2079 0.0000
vt 0.1510 0.2088 0.0000
vt 0.1534 0.2105 0.0000
vt 0.1457 0.1963 0.0000
vt 0.1484 0.1950 0.0000
vt 0.1499 0.1929 0.0000
vt 0.1517 0.2039 0.0000
vt 0.1505 0.2061 0.0000
vt 0.1491 0.1901 0.0000
vt 0.1563 0.1911 0.0000
vt 0.1560 0.1938 0.0000
vt 0.2803 0.6478 0.0000
vt 0.2803 0.6562 0.0000
vt 0.2777 0.6549 0.0000
vt 0.2776 0.6479 0.0000
vt 0.2671 0.6503 0.0000
vt 0.2753 0.6562 0.0000
vt 0.2823 0.6478 0.0000
vt 0.1566 0.1892 0.0000
vt 0.1469 0.1878 0.0000
vt 0.1544 0.2030 0.0000
vt 0.2683 0.6479 0.0000
vt 0.6924 0.2180 0.0000
vt 0.6953 0.2185 0.0000
vt 0.6936 0.2302 0.0000
vt 0.6918 0.2289 0.0000
vt 0.0404 0.5083 0.0000
vt 0.0378 0.5087 0.0000
vt 0.0383 0.4978 0.0000
vt 0.0401 0.4985 0.0000
vt 0.1562 0.6993 0.0000
vt 0.1574 0.7016 0.0000
vt 0.1477 0.7021 0.0000
vt 0.1475 0.6999 0.0000
vt 0.1473 0.6973 0.0000
vt 0.1570 0.6965 0.0000
vt 0.7132 0.0420 0.0000
vt 0.7036 0.0414 0.0000
vt 0.7029 0.0397 0.0000
vt 0.7137 0.0396 0.0000
vt 0.1587 0.2067 0.0000
vt 0.1599 0.2085 0.0000
vt 0.5403 0.5164 0.0000
vt 0.5413 0.5191 0.0000
vt 0.5295 0.5191 0.0000
vt 0.5285 0.5166 0.0000
vt 0.5295 0.5143 0.0000
vt 0.5413 0.5140 0.0000
vt 0.2607 0.6478 0.0000
vt 0.8637 0.8706 0.0000
vt 0.8578 0.6811 0.0000
vt 0.8554 0.6787 0.0000
vt 0.8562 0.6736 0.0000
vt 0.6866 0.2356 0.0000
vt 0.6875 0.2380 0.0000
vt 0.4518 0.2895 0.0000
vt 0.4577 0.2898 0.0000
vt 0.4580 0.2916 0.0000
vt 0.4506 0.2917 0.0000
vt 0.3359 0.6540 0.0000
vt 0.3363 0.6484 0.0000
vt 0.3386 0.6478 0.0000
vt 0.3386 0.6548 0.0000
vt 0.3341 0.6479 0.0000
vt 0.3338 0.6544 0.0000
vt 0.2757 0.4045 0.0000
vt 0.2755 0.4064 0.0000
vt 0.2699 0.4073 0.0000
vt 0.2690 0.4056 0.0000
vt 0.1637 0.2019 0.0000
vt 0.1660 0.2029 0.0000
vt 0.1622 0.2096 0.0000
vt 0.1689 0.2035 0.0000
vt 0.3951 0.1777 0.0000
vt 0.4052 0.1774 0.0000
vt 0.4050 0.1801 0.0000
vt 0.3947 0.1802 0.0000
vt 0.6083 0.3894 0.0000
vt 0.6954 0.3372 0.0000
vt 0.6975 0.3362 0.0000
vt 0.6930 0.3383 0.0000
vt 0.2081 0.6672 0.0000
vt 0.6137 0.4030 0.0000
vt 0.6137 0.3924 0.0000
vt 0.4491 0.3075 0.0000
vt 0.4477 0.3099 0.0000
vt 0.4474 0.3123 0.0000
vt 0.4609 0.3145 0.0000
vt 0.3321 0.6113 0.0000
vt 0.3321 0.6248 0.0000
vt 0.3075 0.5456 0.0000
vt 0.3022 0.5475 0.0000
vt 0.3014 0.5439 0.0000
vt 0.3057 0.5424 0.0000
vt 0.4684 0.3107 0.0000
vt 0.1821 0.3340 0.0000
vt 0.1813 0.3305 0.0000
vt 0.1892 0.3278 0.0000
vt 0.1908 0.3309 0.0000
vt 0.8541 0.8175 0.0000
vt 0.8465 0.8210 0.0000
vt 0.8558 0.8140 0.0000
vt 0.8580 0.8091 0.0000
vt 0.8599 0.8048 0.0000
vt 0.8613 0.8019 0.0000
vt 0.8140 0.7210 0.0000
vt 0.8127 0.7162 0.0000
vt 0.8120 0.7108 0.0000
vt 0.8140 0.8335 0.0000
vt 0.8152 0.8285 0.0000
vt 0.8157 0.8227 0.0000
vt 0.2771 0.5475 0.0000
vt 0.2772 0.5450 0.0000
vt 0.2954 0.5450 0.0000
vt 0.2917 0.5475 0.0000
vt 0.5592 0.3303 0.0000
vt 0.5569 0.3302 0.0000
vt 0.5628 0.3156 0.0000
vt 0.5637 0.3174 0.0000
vt 0.5619 0.3302 0.0000
vt 0.5650 0.3189 0.0000
vt 0.2496 0.5992 0.0000
vt 0.2513 0.6019 0.0000
vt 0.2404 0.6061 0.0000
vt 0.2383 0.6033 0.0000
vt 0.2983 0.6503 0.0000
vt 0.3010 0.6513 0.0000
vt 0.1616 0.1532 0.0000
vt 0.1519 0.1518 0.0000
vt 0.1527 0.1460 0.0000
vt 0.1600 0.1470 0.0000
vt 0.3186 0.6478 0.0000
vt 0.3245 0.6508 0.0000
vt 0.1489 0.1733 0.0000
vt 0.1491 0.1719 0.0000
vt 0.1561 0.1729 0.0000
vt 0.1584 0.1746 0.0000
vt 0.1507 0.1604 0.0000
vt 0.1535 0.1591 0.0000
vt 0.1550 0.1569 0.0000
vt 0.1568 0.1679 0.0000
vt 0.1556 0.1701 0.0000
vt 0.1542 0.1541 0.0000
vt 0.1614 0.1552 0.0000
vt 0.1610 0.1579 0.0000
vt 0.3166 0.6478 0.0000
vt 0.3167 0.6562 0.0000
vt 0.3140 0.6549 0.0000
vt 0.3139 0.6479 0.0000
vt 0.3034 0.6503 0.0000
vt 0.3116 0.6562 0.0000
vt 0.1595 0.1670 0.0000
vt 0.3046 0.6479 0.0000
vt 0.2301 0.2545 0.0000
vt 0.2330 0.2550 0.0000
vt 0.2313 0.2667 0.0000
vt 0.2295 0.2654 0.0000
vt 0.0419 0.5915 0.0000
vt 0.0444 0.5911 0.0000
vt 0.0439 0.6020 0.0000
vt 0.0421 0.6013 0.0000
vt 0.5374 0.4925 0.0000
vt 0.5386 0.4948 0.0000
vt 0.5288 0.4953 0.0000
vt 0.5287 0.4931 0.0000
vt 0.5285 0.4905 0.0000
vt 0.5382 0.4897 0.0000
vt 0.7272 0.1797 0.0000
vt 0.7278 0.1700 0.0000
vt 0.7296 0.1693 0.0000
vt 0.7297 0.1801 0.0000
vt 0.1638 0.1707 0.0000
vt 0.1650 0.1726 0.0000
vt 0.4254 0.5921 0.0000
vt 0.4282 0.5911 0.0000
vt 0.4281 0.6029 0.0000
vt 0.4256 0.6039 0.0000
vt 0.4233 0.6028 0.0000
vt 0.4231 0.5911 0.0000
vt 0.2970 0.6478 0.0000
vt 0.7912 0.8706 0.0000
vt 0.7852 0.6811 0.0000
vt 0.7829 0.6787 0.0000
vt 0.7836 0.6736 0.0000
vt 0.2244 0.2721 0.0000
vt 0.2252 0.2745 0.0000
vt 0.2236 0.5773 0.0000
vt 0.2238 0.5714 0.0000
vt 0.2257 0.5711 0.0000
vt 0.2258 0.5784 0.0000
vt 0.5346 0.3296 0.0000
vt 0.5350 0.3240 0.0000
vt 0.5373 0.3234 0.0000
vt 0.5373 0.3303 0.0000
vt 0.5328 0.3235 0.0000
vt 0.5326 0.3300 0.0000
vt 0.4662 0.2180 0.0000
vt 0.4661 0.2198 0.0000
vt 0.4605 0.2207 0.0000
vt 0.4596 0.2190 0.0000
vt 0.1687 0.1660 0.0000
vt 0.1711 0.1669 0.0000
vt 0.1673 0.1737 0.0000
vt 0.1739 0.1676 0.0000
vt 0.5046 0.1128 0.0000
vt 0.5147 0.1125 0.0000
vt 0.5145 0.1152 0.0000
vt 0.5042 0.1153 0.0000
vt 0.2960 0.5475 0.0000
vt 0.5666 0.3134 0.0000
vt 0.5656 0.3113 0.0000
vt 0.5677 0.3158 0.0000
vt 0.2365 0.6064 0.0000
vt 0.3704 0.3625 0.0000
vt 0.3703 0.3518 0.0000
vt 0.2896 0.5089 0.0000
vt 0.2919 0.5104 0.0000
vt 0.2943 0.5106 0.0000
vt 0.2965 0.4971 0.0000
vt 0.4271 0.5140 0.0000
vt 0.4406 0.5140 0.0000
vt 0.4514 0.4347 0.0000
vt 0.4567 0.4329 0.0000
vt 0.4576 0.4365 0.0000
vt 0.4533 0.4380 0.0000
vt 0.2928 0.4897 0.0000
vt 0.2036 0.3118 0.0000
vt 0.2028 0.3083 0.0000
vt 0.2106 0.3056 0.0000
vt 0.2123 0.3086 0.0000
vt 0.7816 0.8175 0.0000
vt 0.7739 0.8210 0.0000
vt 0.7832 0.8140 0.0000
vt 0.7854 0.8091 0.0000
vt 0.7874 0.8048 0.0000
vt 0.7888 0.8019 0.0000
vt 0.5386 0.3523 0.0000
vt 0.5361 0.3532 0.0000
vt 0.5400 0.3539 0.0000
vt 0.5357 0.3584 0.0000
vt 0.5419 0.3535 0.0000
vt 0.5432 0.3560 0.0000
vt 0.1299 0.0899 0.0000
vt 0.1270 0.0916 0.0000
vt 0.1260 0.0901 0.0000
vt 0.1240 0.0919 0.0000
vt 0.5406 0.4187 0.0000
vt 0.5377 0.4204 0.0000
vt 0.5383 0.4183 0.0000
vt 0.5414 0.4167 0.0000
vt 0.5419 0.3525 0.0000
vt 0.5412 0.3546 0.0000
vt 0.1351 0.1742 0.0000
vt 0.1376 0.1734 0.0000
vt 0.1373 0.1774 0.0000
vt 0.1352 0.1785 0.0000
vt 0.2956 0.3731 0.0000
vt 0.2973 0.3721 0.0000
vt 0.2970 0.3755 0.0000
vt 0.2953 0.3764 0.0000
vt 0.2933 0.3728 0.0000
vt 0.2933 0.3761 0.0000
vt 0.5413 0.4210 0.0000
vt 0.5380 0.4223 0.0000
vt 0.5331 0.4169 0.0000
vt 0.5326 0.4191 0.0000
vt 0.1208 0.5272 0.0000
vt 0.1230 0.5273 0.0000
vt 0.1225 0.5327 0.0000
vt 0.1204 0.5325 0.0000
vt 0.1193 0.5262 0.0000
vt 0.1189 0.5319 0.0000
vt 0.2372 0.2504 0.0000
vt 0.2390 0.2505 0.0000
vt 0.2383 0.2563 0.0000
vt 0.2365 0.2561 0.0000
vt 0.4693 0.0477 0.0000
vt 0.4693 0.0494 0.0000
vt 0.4636 0.0493 0.0000
vt 0.4636 0.0477 0.0000
vt 0.5326 0.4205 0.0000
vt 0.6562 0.6117 0.0000
vt 0.1090 0.3866 0.0000
vt 0.1195 0.3116 0.0000
vt 0.4717 0.6101 0.0000
vt 0.5474 0.6101 0.0000
vt 0.1212 0.3002 0.0000
vt 0.1232 0.2859 0.0000
vt 0.1255 0.2695 0.0000
vt 0.6745 0.3518 0.0000
vt 0.6911 0.3518 0.0000
vt 0.4298 0.2232 0.0000
vt 0.1391 0.7245 0.0000
vt 0.1270 0.7277 0.0000
vt 0.0460 0.0576 0.0000
vt 0.0501 0.0445 0.0000
vt 0.5603 0.1511 0.0000
vt 0.5685 0.1464 0.0000
vt 0.5776 0.1526 0.0000
vt 0.2455 0.5016 0.0000
vt 0.2448 0.4865 0.0000
vt 0.2505 0.4912 0.0000
vt 0.2395 0.4898 0.0000
vt 0.5722 0.1574 0.0000
vt 0.5641 0.1651 0.0000
vt 0.5567 0.1409 0.0000
vt 0.2556 0.5008 0.0000
vt 0.2346 0.4982 0.0000
vt 0.5211 0.1622 0.0000
vt 0.5294 0.1575 0.0000
vt 0.5384 0.1637 0.0000
vt 0.3266 0.3921 0.0000
vt 0.3259 0.3771 0.0000
vt 0.3316 0.3817 0.0000
vt 0.3206 0.3803 0.0000
vt 0.5330 0.1685 0.0000
vt 0.5250 0.1762 0.0000
vt 0.5176 0.1520 0.0000
vt 0.3367 0.3913 0.0000
vt 0.3157 0.3887 0.0000
vt 0.2782 0.3782 0.0000
vt 0.2865 0.3735 0.0000
vt 0.2955 0.3797 0.0000
vt 0.3295 0.5120 0.0000
vt 0.3145 0.5127 0.0000
vt 0.3191 0.5069 0.0000
vt 0.3177 0.5180 0.0000
vt 0.2901 0.3845 0.0000
vt 0.2821 0.3922 0.0000
vt 0.2747 0.3680 0.0000
vt 0.3287 0.5018 0.0000
vt 0.3261 0.5229 0.0000
vt 0.4254 0.5323 0.0000
vt 0.4336 0.5276 0.0000
vt 0.4427 0.5338 0.0000
vt 0.4061 0.5838 0.0000
vt 0.4212 0.5831 0.0000
vt 0.4166 0.5889 0.0000
vt 0.4180 0.5778 0.0000
vt 0.4373 0.5386 0.0000
vt 0.4292 0.5463 0.0000
vt 0.4218 0.5221 0.0000
vt 0.4070 0.5940 0.0000
vt 0.4096 0.5729 0.0000
vt 0.1271 0.2581 0.0000
vt 0.3546 0.3172 0.0000
vt 0.0831 0.6123 0.0000
vt 0.0895 0.6239 0.0000
vt 0.3603 0.3081 0.0000
vt 0.3385 0.0575 0.0000
vt 0.3466 0.0558 0.0000
vt 0.3530 0.0607 0.0000
vt 0.1506 0.3357 0.0000
vt 0.1475 0.3228 0.0000
vt 0.1518 0.3258 0.0000
vt 0.1449 0.3266 0.0000
vt 0.3474 0.0629 0.0000
vt 0.3387 0.0664 0.0000
vt 0.1403 0.3969 0.0000
vt 0.1284 0.3965 0.0000
vt 0.1385 0.3885 0.0000
vt 0.5710 0.4752 0.0000
vt 0.5730 0.4867 0.0000
vt 0.5650 0.4834 0.0000
vt 0.1435 0.3347 0.0000
vt 0.4941 0.5653 0.0000
vt 0.4860 0.5670 0.0000
vt 0.4796 0.5621 0.0000
vt 0.3381 0.6941 0.0000
vt 0.3251 0.6972 0.0000
vt 0.3281 0.6929 0.0000
vt 0.3289 0.6998 0.0000
vt 0.4852 0.5599 0.0000
vt 0.4939 0.5564 0.0000
vt 0.1377 0.4329 0.0000
vt 0.1257 0.4326 0.0000
vt 0.1359 0.4245 0.0000
vt 0.1329 0.1104 0.0000
vt 0.1444 0.1084 0.0000
vt 0.1410 0.1164 0.0000
vt 0.3370 0.7012 0.0000
vt 0.0395 0.6215 0.0000
vt 0.0378 0.6134 0.0000
vt 0.0428 0.6070 0.0000
vt 0.2845 0.7161 0.0000
vt 0.2974 0.7129 0.0000
vt 0.2944 0.7172 0.0000
vt 0.2937 0.7104 0.0000
vt 0.0449 0.6127 0.0000
vt 0.0485 0.6213 0.0000
vt 0.1346 0.4725 0.0000
vt 0.1226 0.4722 0.0000
vt 0.1328 0.4642 0.0000
vt 0.5020 0.4108 0.0000
vt 0.5000 0.3993 0.0000
vt 0.5080 0.4026 0.0000
vt 0.2856 0.7090 0.0000
vt 0.6021 0.4184 0.0000
vt 0.6102 0.4167 0.0000
vt 0.6166 0.4217 0.0000
vt 0.4021 0.6796 0.0000
vt 0.4150 0.6764 0.0000
vt 0.4120 0.6807 0.0000
vt 0.4113 0.6739 0.0000
vt 0.6109 0.4238 0.0000
vt 0.6023 0.4274 0.0000
vt 0.6904 0.4812 0.0000
vt 0.6850 0.4705 0.0000
vt 0.6969 0.4757 0.0000
vt 0.2114 0.7228 0.0000
vt 0.1999 0.7248 0.0000
vt 0.2032 0.7167 0.0000
vt 0.4032 0.6725 0.0000
vt 0.9114 0.9276 0.0000
vt 0.9111 0.9438 0.0000
vt 0.9094 0.6020 0.0000
vt 0.9080 0.6308 0.0000
vt 0.9083 0.6157 0.0000
vt 0.8836 0.9373 0.0000
vt 0.8862 0.9437 0.0000
vt 0.8602 0.9629 0.0000
vt 0.8906 0.8838 0.0000
vt 0.8785 0.6604 0.0000
vt 0.8977 0.9688 0.0000
vt 0.8954 0.9637 0.0000
vt 0.9498 0.6148 0.0000
vt 0.9488 0.6285 0.0000
vt 0.9485 0.6436 0.0000
vt 0.9511 0.9006 0.0000
vt 0.9107 0.9134 0.0000
vt 0.9518 0.9148 0.0000
vt 0.9515 0.9310 0.0000
vt 0.8911 0.9543 0.0000
vt 0.9162 0.6604 0.0000
vt 0.6596 0.2438 0.0000
vt 0.6572 0.2449 0.0000
vt 0.6533 0.2409 0.0000
vt 0.6548 0.2387 0.0000
vt 0.9218 0.9265 0.0000
vt 0.9266 0.9371 0.0000
vt 0.9309 0.9465 0.0000
vt 0.9333 0.9516 0.0000
vt 0.8389 0.9276 0.0000
vt 0.8386 0.9438 0.0000
vt 0.8369 0.6020 0.0000
vt 0.8355 0.6308 0.0000
vt 0.3947 0.0399 0.0000
vt 0.4111 0.0396 0.0000
vt 0.4098 0.0466 0.0000
vt 0.8111 0.9373 0.0000
vt 0.8137 0.9437 0.0000
vt 0.7877 0.9629 0.0000
vt 0.8181 0.8838 0.0000
vt 0.8060 0.6604 0.0000
vt 0.8252 0.9688 0.0000
vt 0.8229 0.9637 0.0000
vt 0.8774 0.6148 0.0000
vt 0.8763 0.6285 0.0000
vt 0.8358 0.6157 0.0000
vt 0.8760 0.6436 0.0000
vt 0.8787 0.9006 0.0000
vt 0.8382 0.9134 0.0000
vt 0.8794 0.9148 0.0000
vt 0.8790 0.9310 0.0000
vt 0.8186 0.9543 0.0000
vt 0.8437 0.6604 0.0000
vt 0.4090 0.4665 0.0000
vt 0.4114 0.4654 0.0000
vt 0.4153 0.4693 0.0000
vt 0.4139 0.4715 0.0000
vt 0.8493 0.9265 0.0000
vt 0.8542 0.9371 0.0000
vt 0.8585 0.9465 0.0000
vt 0.8608 0.9516 0.0000
vt 0.7157 0.6647 0.0000
vt 0.7184 0.6480 0.0000
vt 0.7664 0.9276 0.0000
vt 0.7661 0.9438 0.0000
vt 0.7644 0.6020 0.0000
vt 0.7630 0.6308 0.0000
vt 0.7633 0.6157 0.0000
vt 0.7386 0.9373 0.0000
vt 0.7412 0.9437 0.0000
vt 0.7152 0.9629 0.0000
vt 0.7456 0.8838 0.0000
vt 0.7335 0.6604 0.0000
vt 0.7527 0.9688 0.0000
vt 0.7504 0.9637 0.0000
vt 0.8048 0.6148 0.0000
vt 0.8038 0.6285 0.0000
vt 0.8035 0.6436 0.0000
vt 0.8061 0.9006 0.0000
vt 0.7657 0.9134 0.0000
vt 0.8068 0.9148 0.0000
vt 0.8065 0.9310 0.0000
vt 0.7461 0.9543 0.0000
vt 0.7712 0.6604 0.0000
vt 0.3231 0.4952 0.0000
vt 0.3206 0.4963 0.0000
vt 0.3167 0.4924 0.0000
vt 0.3182 0.4901 0.0000
vt 0.7768 0.9265 0.0000
vt 0.7816 0.9371 0.0000
vt 0.7859 0.9465 0.0000
vt 0.7883 0.9516 0.0000
vt 0.5332 0.3497 0.0000
vt 0.5310 0.3495 0.0000
vt 0.7218 0.8863 0.0000
vt 0.7234 0.9003 0.0000
vt 0.7570 0.6564 0.0000
vt 0.7562 0.6608 0.0000
vt 0.7506 0.6678 0.0000
vt 0.7533 0.6511 0.0000
vt 0.7579 0.8852 0.0000
vt 0.7567 0.8832 0.0000
vt 0.7580 0.6536 0.0000
vt 0.9590 0.6262 0.0000
vt 0.9577 0.6310 0.0000
vt 0.9570 0.6363 0.0000
vt 0.9590 0.9077 0.0000
vt 0.9602 0.9127 0.0000
vt 0.9607 0.9185 0.0000
vt 0.5974 0.2869 0.0000
vt 0.6121 0.2869 0.0000
vt 0.4877 0.2770 0.0000
vt 0.4741 0.2763 0.0000
vt 0.4727 0.2748 0.0000
vt 0.4885 0.2748 0.0000
vt 0.4866 0.2795 0.0000
vt 0.4750 0.2781 0.0000
vt 0.7272 0.2652 0.0000
vt 0.7272 0.2532 0.0000
vt 0.7306 0.2542 0.0000
vt 0.7303 0.2659 0.0000
vt 0.2284 0.6431 0.0000
vt 0.2257 0.6441 0.0000
vt 0.1293 0.2438 0.0000
vt 0.1426 0.7276 0.0000
vt 0.4250 0.2221 0.0000
vt 0.6583 0.4824 0.0000
vt 0.6776 0.4854 0.0000
vt 0.1037 0.2941 0.0000
vt 0.1032 0.2886 0.0000
vt 0.1040 0.3021 0.0000
vt 0.1432 0.4775 0.0000
vt 0.1462 0.4942 0.0000
vt 0.6984 0.4881 0.0000
vt 0.0849 0.2854 0.0000
vt 0.0832 0.2820 0.0000
vt 0.0824 0.2880 0.0000
vt 0.1489 0.5176 0.0000
vt 0.4318 0.1961 0.0000
vt 0.4350 0.1898 0.0000
vt 0.4390 0.1910 0.0000
vt 0.4402 0.1932 0.0000
vt 0.5140 0.3917 0.0000
vt 0.5123 0.3903 0.0000
vt 0.0547 0.1457 0.0000
vt 0.0500 0.1265 0.0000
vt 0.0540 0.1465 0.0000
vt 0.0461 0.1233 0.0000
vt 0.5257 0.2312 0.0000
vt 0.5283 0.2338 0.0000
vt 0.5057 0.2341 0.0000
vt 0.5019 0.2280 0.0000
vt 0.5571 0.6453 0.0000
vt 0.5488 0.6602 0.0000
vt 0.0446 0.0955 0.0000
vt 0.0390 0.0921 0.0000
vt 0.4728 0.2364 0.0000
vt 0.4706 0.2301 0.0000
vt 0.0467 0.4347 0.0000
vt 0.0353 0.4343 0.0000
vt 0.0347 0.4028 0.0000
vt 0.0507 0.4023 0.0000
vt 0.0411 0.0542 0.0000
vt 0.4355 0.2401 0.0000
vt 0.4330 0.2340 0.0000
vt 0.0338 0.3640 0.0000
vt 0.0467 0.3650 0.0000
vt 0.0492 0.0399 0.0000
vt 0.4210 0.2402 0.0000
vt 0.4190 0.2361 0.0000
vt 0.3963 0.2026 0.0000
vt 0.3992 0.2061 0.0000
vt 0.3906 0.2088 0.0000
vt 0.3931 0.2027 0.0000
vt 0.6723 0.2457 0.0000
vt 0.6742 0.2431 0.0000
vt 0.0568 0.1783 0.0000
vt 0.0607 0.1768 0.0000
vt 0.0615 0.1860 0.0000
vt 0.0567 0.1812 0.0000
vt 0.0410 0.4974 0.0000
vt 0.0405 0.4903 0.0000
vt 0.0446 0.4896 0.0000
vt 0.0456 0.4911 0.0000
vt 0.4749 0.1790 0.0000
vt 0.4704 0.1847 0.0000
vt 0.4487 0.1903 0.0000
vt 0.4405 0.1886 0.0000
vt 0.4403 0.1858 0.0000
vt 0.4721 0.1766 0.0000
vt 0.4364 0.1828 0.0000
vt 0.4716 0.1741 0.0000
vt 0.0442 0.5179 0.0000
vt 0.0498 0.5257 0.0000
vt 0.4078 0.2035 0.0000
vt 0.3983 0.2008 0.0000
vt 0.3978 0.1967 0.0000
vt 0.4319 0.1866 0.0000
vt 0.3949 0.1945 0.0000
vt 0.4320 0.1838 0.0000
vt 0.0498 0.5612 0.0000
vt 0.0458 0.5347 0.0000
vt 0.0503 0.5301 0.0000
vt 0.0558 0.5666 0.0000
vt 0.5969 0.6163 0.0000
vt 0.5787 0.6364 0.0000
vt 0.5247 0.2303 0.0000
vt 0.5551 0.2220 0.0000
vt 0.5567 0.2250 0.0000
vt 0.5590 0.2273 0.0000
vt 0.5607 0.6195 0.0000
vt 0.5772 0.6380 0.0000
vt 0.0400 0.4830 0.0000
vt 0.0445 0.4872 0.0000
vt 0.0453 0.5289 0.0000
vt 0.0496 0.5283 0.0000
vt 0.0510 0.5711 0.0000
vt 0.0554 0.5710 0.0000
vt 0.7021 0.4883 0.0000
vt 0.7058 0.4886 0.0000
vt 0.1494 0.5260 0.0000
vt 0.1491 0.5229 0.0000
vt 0.0613 0.2995 0.0000
vt 0.0615 0.2644 0.0000
vt 0.1892 0.4040 0.0000
vt 0.1935 0.4070 0.0000
vt 0.1584 0.4093 0.0000
vt 0.1569 0.4067 0.0000
vt 0.1554 0.4052 0.0000
vt 0.1885 0.4002 0.0000
vt 0.0521 0.5810 0.0000
vt 0.0567 0.5733 0.0000
vt 0.0597 0.6061 0.0000
vt 0.0517 0.5996 0.0000
vt 0.2120 0.5010 0.0000
vt 0.2112 0.4978 0.0000
vt 0.2259 0.4937 0.0000
vt 0.2229 0.4965 0.0000
vt 0.5822 0.1536 0.0000
vt 0.5748 0.1610 0.0000
vt 0.2431 0.4775 0.0000
vt 0.2518 0.4880 0.0000
vt 0.2371 0.4862 0.0000
vt 0.4620 0.4672 0.0000
vt 0.4619 0.4650 0.0000
vt 0.4749 0.4549 0.0000
vt 0.4789 0.4639 0.0000
vt 0.4619 0.4638 0.0000
vt 0.4735 0.4514 0.0000
vt 0.2481 0.5617 0.0000
vt 0.2472 0.5611 0.0000
vt 0.2526 0.5481 0.0000
vt 0.2552 0.5460 0.0000
vt 0.2440 0.5604 0.0000
vt 0.2444 0.5491 0.0000
vt 0.2414 0.5604 0.0000
vt 0.2355 0.5460 0.0000
vt 0.2414 0.5609 0.0000
vt 0.2301 0.5429 0.0000
vt 0.3913 0.1763 0.0000
vt 0.3900 0.1783 0.0000
vt 0.3866 0.1583 0.0000
vt 0.3914 0.1531 0.0000
vt 0.4984 0.1684 0.0000
vt 0.4971 0.1653 0.0000
vt 0.5120 0.1600 0.0000
vt 0.5157 0.1722 0.0000
vt 0.4953 0.4470 0.0000
vt 0.4986 0.4581 0.0000
vt 0.4928 0.4430 0.0000
vt 0.5541 0.0740 0.0000
vt 0.5559 0.0776 0.0000
vt 0.5355 0.0766 0.0000
vt 0.5332 0.0720 0.0000
vt 0.2445 0.5277 0.0000
vt 0.2548 0.5268 0.0000
vt 0.2311 0.5239 0.0000
vt 0.2244 0.5204 0.0000
vt 0.5201 0.1777 0.0000
vt 0.5397 0.1731 0.0000
vt 0.5432 0.1795 0.0000
vt 0.5337 0.1561 0.0000
vt 0.5193 0.4406 0.0000
vt 0.5231 0.4509 0.0000
vt 0.5170 0.4370 0.0000
vt 0.5103 0.0779 0.0000
vt 0.5082 0.0737 0.0000
vt 0.2283 0.4948 0.0000
vt 0.5678 0.1711 0.0000
vt 0.1977 0.5043 0.0000
vt 0.1960 0.5002 0.0000
vt 0.3336 0.5588 0.0000
vt 0.3317 0.5634 0.0000
vt 0.3185 0.5621 0.0000
vt 0.3176 0.5586 0.0000
vt 0.4312 0.4709 0.0000
vt 0.4326 0.4692 0.0000
vt 0.5768 0.4355 0.0000
vt 0.5760 0.4374 0.0000
vt 0.5448 0.4368 0.0000
vt 0.5466 0.4353 0.0000
vt 0.2431 0.5858 0.0000
vt 0.2404 0.5839 0.0000
vt 0.2372 0.5829 0.0000
vt 0.5773 0.6073 0.0000
vt 0.5796 0.6073 0.0000
vt 0.0343 0.1556 0.0000
vt 0.0347 0.1551 0.0000
vt 0.0338 0.1575 0.0000
vt 0.0552 0.1839 0.0000
vt 0.4531 0.1929 0.0000
vt 0.4540 0.1960 0.0000
vt 0.4393 0.2001 0.0000
vt 0.4422 0.1973 0.0000
vt 0.5431 0.1647 0.0000
vt 0.5356 0.1720 0.0000
vt 0.3242 0.3680 0.0000
vt 0.3329 0.3785 0.0000
vt 0.3182 0.3767 0.0000
vt 0.5176 0.4202 0.0000
vt 0.5199 0.4200 0.0000
vt 0.5308 0.4323 0.0000
vt 0.5221 0.4369 0.0000
vt 0.5210 0.4199 0.0000
vt 0.5342 0.4306 0.0000
vt 0.3292 0.4522 0.0000
vt 0.3283 0.4516 0.0000
vt 0.3337 0.4386 0.0000
vt 0.3363 0.4365 0.0000
vt 0.3251 0.4509 0.0000
vt 0.3255 0.4396 0.0000
vt 0.3225 0.4509 0.0000
vt 0.3166 0.4365 0.0000
vt 0.3225 0.4514 0.0000
vt 0.3112 0.4334 0.0000
vt 0.3994 0.1357 0.0000
vt 0.3981 0.1377 0.0000
vt 0.3947 0.1178 0.0000
vt 0.3995 0.1125 0.0000
vt 0.4593 0.1795 0.0000
vt 0.4580 0.1764 0.0000
vt 0.4728 0.1711 0.0000
vt 0.4765 0.1833 0.0000
vt 0.5401 0.4521 0.0000
vt 0.5293 0.4561 0.0000
vt 0.5439 0.4492 0.0000
vt 0.4592 0.2720 0.0000
vt 0.4605 0.2759 0.0000
vt 0.4374 0.2761 0.0000
vt 0.4362 0.2707 0.0000
vt 0.3256 0.4182 0.0000
vt 0.3359 0.4173 0.0000
vt 0.3122 0.4144 0.0000
vt 0.3055 0.4109 0.0000
vt 0.4810 0.1888 0.0000
vt 0.5005 0.1842 0.0000
vt 0.5041 0.1906 0.0000
vt 0.4945 0.1672 0.0000
vt 0.5482 0.4755 0.0000
vt 0.5381 0.4800 0.0000
vt 0.5516 0.4730 0.0000
vt 0.4085 0.2793 0.0000
vt 0.4071 0.2746 0.0000
vt 0.3094 0.3853 0.0000
vt 0.5287 0.1822 0.0000
vt 0.4674 0.1896 0.0000
vt 0.4692 0.1937 0.0000
vt 0.3973 0.2863 0.0000
vt 0.3947 0.2841 0.0000
vt 0.5849 0.3482 0.0000
vt 0.5841 0.3500 0.0000
vt 0.5533 0.3495 0.0000
vt 0.5551 0.3478 0.0000
vt 0.3249 0.4762 0.0000
vt 0.3213 0.4729 0.0000
vt 0.3184 0.4732 0.0000
vt 0.4727 0.2869 0.0000
vt 0.4730 0.2839 0.0000
vt 0.5013 0.2804 0.0000
vt 0.5032 0.2823 0.0000
vt 0.0590 0.2217 0.0000
vt 0.0368 0.1954 0.0000
vt 0.0372 0.1949 0.0000
vt 0.0592 0.2178 0.0000
vt 0.4613 0.1808 0.0000
vt 0.3864 0.4361 0.0000
vt 0.3855 0.4330 0.0000
vt 0.4002 0.4289 0.0000
vt 0.3973 0.4316 0.0000
vt 0.3002 0.3807 0.0000
vt 0.2927 0.3880 0.0000
vt 0.3055 0.5144 0.0000
vt 0.3159 0.5057 0.0000
vt 0.3141 0.5204 0.0000
vt 0.6443 0.2502 0.0000
vt 0.6446 0.2525 0.0000
vt 0.6327 0.2639 0.0000
vt 0.6278 0.2553 0.0000
vt 0.6447 0.2537 0.0000
vt 0.6345 0.2672 0.0000
vt 0.3897 0.5094 0.0000
vt 0.3891 0.5103 0.0000
vt 0.3760 0.5049 0.0000
vt 0.3739 0.5022 0.0000
vt 0.3883 0.5135 0.0000
vt 0.3770 0.5131 0.0000
vt 0.3883 0.5161 0.0000
vt 0.3739 0.5220 0.0000
vt 0.3888 0.5161 0.0000
vt 0.3708 0.5273 0.0000
vt 0.4503 0.1734 0.0000
vt 0.4523 0.1747 0.0000
vt 0.4323 0.1782 0.0000
vt 0.4271 0.1734 0.0000
vt 0.2164 0.3955 0.0000
vt 0.2151 0.3924 0.0000
vt 0.2299 0.3871 0.0000
vt 0.2336 0.3993 0.0000
vt 0.6133 0.2738 0.0000
vt 0.6089 0.2632 0.0000
vt 0.6162 0.2775 0.0000
vt 0.2280 0.1706 0.0000
vt 0.2294 0.1745 0.0000
vt 0.2063 0.1747 0.0000
vt 0.2050 0.1693 0.0000
vt 0.3557 0.5130 0.0000
vt 0.3548 0.5027 0.0000
vt 0.3518 0.5264 0.0000
vt 0.3484 0.5331 0.0000
vt 0.2381 0.4048 0.0000
vt 0.2576 0.4002 0.0000
vt 0.2612 0.4066 0.0000
vt 0.2516 0.3832 0.0000
vt 0.5901 0.2827 0.0000
vt 0.5853 0.2728 0.0000
vt 0.5927 0.2861 0.0000
vt 0.1773 0.1780 0.0000
vt 0.1760 0.1732 0.0000
vt 0.3227 0.5292 0.0000
vt 0.2857 0.3982 0.0000
vt 0.3721 0.4394 0.0000
vt 0.3703 0.4353 0.0000
vt 0.1662 0.1849 0.0000
vt 0.1635 0.1827 0.0000
vt 0.3217 0.0828 0.0000
vt 0.3224 0.0809 0.0000
vt 0.3530 0.0801 0.0000
vt 0.3500 0.0833 0.0000
vt 0.4119 0.5140 0.0000
vt 0.4094 0.5167 0.0000
vt 0.4096 0.5208 0.0000
vt 0.5766 0.4412 0.0000
vt 0.5768 0.4434 0.0000
vt 0.5485 0.4436 0.0000
vt 0.5464 0.4417 0.0000
vt 0.5448 0.4402 0.0000
vt 0.5766 0.4406 0.0000
vt 0.0389 0.2413 0.0000
vt 0.0395 0.2394 0.0000
vt 0.0599 0.2685 0.0000
vt 0.4613 0.3632 0.0000
vt 0.4621 0.3664 0.0000
vt 0.4474 0.3705 0.0000
vt 0.4503 0.3677 0.0000
vt 0.4473 0.5348 0.0000
vt 0.4399 0.5421 0.0000
vt 0.4302 0.5814 0.0000
vt 0.4198 0.5901 0.0000
vt 0.4216 0.5754 0.0000
vt 0.1313 0.5303 0.0000
vt 0.1329 0.5318 0.0000
vt 0.1305 0.5481 0.0000
vt 0.1214 0.5444 0.0000
vt 0.1337 0.5327 0.0000
vt 0.1340 0.5496 0.0000
vt 0.3460 0.5864 0.0000
vt 0.3466 0.5855 0.0000
vt 0.3596 0.5909 0.0000
vt 0.3618 0.5936 0.0000
vt 0.3474 0.5823 0.0000
vt 0.3587 0.5827 0.0000
vt 0.3474 0.5797 0.0000
vt 0.3618 0.5738 0.0000
vt 0.3468 0.5797 0.0000
vt 0.3649 0.5685 0.0000
vt 0.1758 0.3107 0.0000
vt 0.1741 0.3090 0.0000
vt 0.1943 0.3098 0.0000
vt 0.1984 0.3156 0.0000
vt 0.3635 0.5496 0.0000
vt 0.3622 0.5465 0.0000
vt 0.3771 0.5412 0.0000
vt 0.3808 0.5534 0.0000
vt 0.1213 0.5679 0.0000
vt 0.1113 0.5623 0.0000
vt 0.1259 0.5690 0.0000
vt 0.1107 0.0855 0.0000
vt 0.1071 0.0873 0.0000
vt 0.1081 0.0668 0.0000
vt 0.1127 0.0645 0.0000
vt 0.3800 0.5828 0.0000
vt 0.3809 0.5931 0.0000
vt 0.3839 0.5695 0.0000
vt 0.3873 0.5627 0.0000
vt 0.3852 0.5589 0.0000
vt 0.4048 0.5543 0.0000
vt 0.4083 0.5607 0.0000
vt 0.3988 0.5373 0.0000
vt 0.1086 0.5892 0.0000
vt 0.0986 0.5844 0.0000
vt 0.1127 0.5903 0.0000
vt 0.1068 0.0417 0.0000
vt 0.1110 0.0396 0.0000
vt 0.4130 0.5667 0.0000
vt 0.4329 0.5523 0.0000
vt 0.4756 0.3599 0.0000
vt 0.4773 0.3640 0.0000
vt 0.3417 0.3641 0.0000
vt 0.3398 0.3687 0.0000
vt 0.3266 0.3674 0.0000
vt 0.3257 0.3640 0.0000
vt 0.7280 0.4038 0.0000
vt 0.7276 0.4048 0.0000
vt 0.7110 0.4053 0.0000
vt 0.7120 0.4034 0.0000
vt 0.7125 0.4005 0.0000
vt 0.7302 0.4014 0.0000
vt 0.7105 0.4698 0.0000
vt 0.7121 0.4715 0.0000
vt 0.7101 0.4694 0.0000
vt 0.0421 0.2944 0.0000
vt 0.0426 0.2925 0.0000
vt 0.0618 0.3053 0.0000
vt 0.0602 0.3091 0.0000
vt 0.1514 0.3177 0.0000
vt 0.1717 0.3072 0.0000
vt 0.1534 0.3196 0.0000
vt 0.0850 0.6101 0.0000
vt 0.3554 0.3213 0.0000
vt 0.5569 0.6762 0.0000
vt 0.5726 0.6792 0.0000
vt 0.1119 0.2531 0.0000
vt 0.1129 0.2475 0.0000
vt 0.1108 0.2595 0.0000
vt 0.5731 0.5467 0.0000
vt 0.5890 0.5437 0.0000
vt 0.5891 0.6819 0.0000
vt 0.0976 0.2416 0.0000
vt 0.0975 0.2380 0.0000
vt 0.0948 0.2435 0.0000
vt 0.6071 0.5410 0.0000
vt 0.4849 0.0414 0.0000
vt 0.4807 0.0465 0.0000
vt 0.4774 0.0458 0.0000
vt 0.4770 0.0416 0.0000
vt 0.6472 0.5858 0.0000
vt 0.6462 0.5849 0.0000
vt 0.3606 0.2406 0.0000
vt 0.3636 0.2560 0.0000
vt 0.3613 0.2399 0.0000
vt 0.3676 0.2596 0.0000
vt 0.0666 0.3936 0.0000
vt 0.0683 0.3916 0.0000
vt 0.0675 0.4113 0.0000
vt 0.0635 0.4137 0.0000
vt 0.0758 0.6939 0.0000
vt 0.0832 0.6769 0.0000
vt 0.3658 0.2801 0.0000
vt 0.3715 0.2839 0.0000
vt 0.0675 0.4402 0.0000
vt 0.0635 0.4412 0.0000
vt 0.0906 0.6523 0.0000
vt 0.3652 0.3119 0.0000
vt 0.0682 0.4733 0.0000
vt 0.0643 0.4745 0.0000
vt 0.0930 0.6212 0.0000
vt 0.5166 0.0460 0.0000
vt 0.5150 0.0410 0.0000
vt 0.5229 0.0409 0.0000
vt 0.5194 0.0463 0.0000
vt 0.0793 0.5573 0.0000
vt 0.0801 0.5482 0.0000
vt 0.0842 0.5487 0.0000
vt 0.0845 0.5513 0.0000
vt 0.4416 0.0460 0.0000
vt 0.4409 0.0421 0.0000
vt 0.4493 0.0418 0.0000
vt 0.4441 0.0464 0.0000
vt 0.0854 0.4796 0.0000
vt 0.0862 0.4732 0.0000
vt 0.0900 0.4733 0.0000
vt 0.0903 0.4750 0.0000
vt 0.4691 0.0419 0.0000
vt 0.4757 0.0464 0.0000
vt 0.1906 0.1021 0.0000
vt 0.1613 0.1023 0.0000
vt 0.1595 0.1004 0.0000
vt 0.1912 0.1004 0.0000
vt 0.1932 0.1045 0.0000
vt 0.1611 0.1039 0.0000
vt 0.6671 0.6049 0.0000
vt 0.6486 0.5871 0.0000
vt 0.5071 0.0412 0.0000
vt 0.5145 0.0463 0.0000
vt 0.0764 0.2230 0.0000
vt 0.0760 0.1914 0.0000
vt 0.0784 0.1896 0.0000
vt 0.0789 0.2236 0.0000
vt 0.0746 0.2250 0.0000
vt 0.0743 0.1907 0.0000
vt 0.0809 0.5391 0.0000
vt 0.0826 0.5142 0.0000
vt 0.0873 0.5110 0.0000
vt 0.0850 0.5452 0.0000
vt 0.3630 0.2187 0.0000
vt 0.0660 0.3942 0.0000
vt 0.0621 0.3666 0.0000
vt 0.0640 0.3657 0.0000
vt 0.0656 0.3640 0.0000
vt 0.0744 0.7164 0.0000
vt 0.4399 0.0463 0.0000
vt 0.4352 0.0422 0.0000
vt 0.0743 0.7182 0.0000
vt 0.6192 0.5910 0.0000
vt 0.6191 0.5874 0.0000
vt 0.5464 0.0474 0.0000
vt 0.5447 0.0485 0.0000
vt 0.5344 0.0429 0.0000
vt 0.5438 0.0413 0.0000
vt 0.0762 0.5695 0.0000
vt 0.0822 0.5760 0.0000
vt 0.0820 0.5789 0.0000
vt 0.0767 0.5793 0.0000
vt 0.5494 0.0474 0.0000
vt 0.5535 0.0396 0.0000
vt 0.6111 0.5408 0.0000
vt 0.4945 0.3924 0.0000
vt 0.4935 0.4138 0.0000
vt 0.0432 0.7037 0.0000
vt 0.0455 0.7007 0.0000
vt 0.0439 0.7260 0.0000
vt 0.0412 0.7272 0.0000
vt 0.0394 0.7283 0.0000
vt 0.0408 0.7034 0.0000
vt 0.5087 0.6773 0.0000
vt 0.5077 0.6742 0.0000
vt 0.5205 0.6722 0.0000
vt 0.5177 0.6748 0.0000
vt 0.3568 0.0620 0.0000
vt 0.3488 0.0654 0.0000
vt 0.5681 0.4691 0.0000
vt 0.5701 0.4613 0.0000
vt 0.5735 0.4736 0.0000
vt 0.1429 0.3238 0.0000
vt 0.1449 0.3153 0.0000
vt 0.7278 0.2031 0.0000
vt 0.7256 0.2033 0.0000
vt 0.7191 0.1936 0.0000
vt 0.7281 0.1896 0.0000
vt 0.1473 0.5479 0.0000
vt 0.1482 0.5465 0.0000
vt 0.1625 0.5424 0.0000
vt 0.1615 0.5466 0.0000
vt 0.5549 0.5433 0.0000
vt 0.5547 0.5428 0.0000
vt 0.5619 0.5327 0.0000
vt 0.5652 0.5327 0.0000
vt 0.5528 0.5413 0.0000
vt 0.5552 0.5301 0.0000
vt 0.1604 0.3869 0.0000
vt 0.1588 0.3874 0.0000
vt 0.1527 0.3759 0.0000
vt 0.1586 0.3770 0.0000
vt 0.1589 0.3878 0.0000
vt 0.1490 0.3741 0.0000
vt 0.5249 0.0615 0.0000
vt 0.5260 0.0629 0.0000
vt 0.5089 0.0615 0.0000
vt 0.5062 0.0579 0.0000
vt 0.2816 0.0596 0.0000
vt 0.2811 0.0576 0.0000
vt 0.2951 0.0564 0.0000
vt 0.2955 0.0643 0.0000
vt 0.1167 0.4388 0.0000
vt 0.1065 0.4382 0.0000
vt 0.1154 0.4186 0.0000
vt 0.1272 0.4200 0.0000
vt 0.4563 0.6885 0.0000
vt 0.4555 0.6842 0.0000
vt 0.4713 0.6795 0.0000
vt 0.4737 0.6836 0.0000
vt 0.5678 0.5127 0.0000
vt 0.5721 0.5132 0.0000
vt 0.5596 0.5093 0.0000
vt 0.1461 0.3575 0.0000
vt 0.1548 0.3585 0.0000
vt 0.1415 0.3557 0.0000
vt 0.4861 0.0597 0.0000
vt 0.4839 0.0562 0.0000
vt 0.3145 0.0570 0.0000
vt 0.3159 0.0680 0.0000
vt 0.4941 0.6750 0.0000
vt 0.4959 0.6790 0.0000
vt 0.5769 0.4869 0.0000
vt 0.1392 0.3328 0.0000
vt 0.3176 0.0723 0.0000
vt 0.3406 0.0706 0.0000
vt 0.7253 0.2280 0.0000
vt 0.7241 0.2270 0.0000
vt 0.0928 0.7016 0.0000
vt 0.0935 0.7031 0.0000
vt 0.0915 0.2676 0.0000
vt 0.0919 0.2670 0.0000
vt 0.1197 0.2666 0.0000
vt 0.1181 0.2685 0.0000
vt 0.1184 0.2707 0.0000
vt 0.0905 0.2695 0.0000
vt 0.6339 0.0720 0.0000
vt 0.6361 0.0721 0.0000
vt 0.6393 0.0959 0.0000
vt 0.6381 0.0970 0.0000
vt 0.5521 0.0573 0.0000
vt 0.5249 0.0610 0.0000
vt 0.5504 0.0558 0.0000
vt 0.5534 0.0598 0.0000
vt 0.7297 0.2030 0.0000
vt 0.7270 0.2281 0.0000
vt 0.6498 0.4644 0.0000
vt 0.6507 0.4674 0.0000
vt 0.6380 0.4695 0.0000
vt 0.6407 0.4669 0.0000
vt 0.4758 0.5609 0.0000
vt 0.4838 0.5574 0.0000
vt 0.1267 0.1133 0.0000
vt 0.1189 0.1113 0.0000
vt 0.1313 0.1079 0.0000
vt 0.3261 0.7018 0.0000
vt 0.3176 0.6999 0.0000
vt 0.0749 0.7255 0.0000
vt 0.0747 0.7233 0.0000
vt 0.0844 0.7168 0.0000
vt 0.0884 0.7257 0.0000
vt 0.0338 0.3478 0.0000
vt 0.0352 0.3486 0.0000
vt 0.0393 0.3630 0.0000
vt 0.0351 0.3619 0.0000
vt 0.2010 0.1265 0.0000
vt 0.2004 0.1267 0.0000
vt 0.1904 0.1195 0.0000
vt 0.1903 0.1162 0.0000
vt 0.1990 0.1286 0.0000
vt 0.1877 0.1262 0.0000
vt 0.3892 0.6843 0.0000
vt 0.3897 0.6859 0.0000
vt 0.3782 0.6920 0.0000
vt 0.3793 0.6862 0.0000
vt 0.3901 0.6858 0.0000
vt 0.3765 0.6958 0.0000
vt 0.3262 0.0779 0.0000
vt 0.3273 0.0793 0.0000
vt 0.3102 0.0779 0.0000
vt 0.3075 0.0743 0.0000
vt 0.5510 0.5632 0.0000
vt 0.5515 0.5652 0.0000
vt 0.5375 0.5664 0.0000
vt 0.5371 0.5586 0.0000
vt 0.1141 0.4748 0.0000
vt 0.1038 0.4742 0.0000
vt 0.1128 0.4546 0.0000
vt 0.1246 0.4560 0.0000
vt 0.7022 0.4532 0.0000
vt 0.7030 0.4574 0.0000
vt 0.6872 0.4622 0.0000
vt 0.6847 0.4580 0.0000
vt 0.1703 0.1136 0.0000
vt 0.1708 0.1092 0.0000
vt 0.1670 0.1218 0.0000
vt 0.3598 0.6986 0.0000
vt 0.3609 0.6899 0.0000
vt 0.3580 0.7032 0.0000
vt 0.2874 0.0760 0.0000
vt 0.2852 0.0725 0.0000
vt 0.5181 0.5658 0.0000
vt 0.5167 0.5548 0.0000
vt 0.6644 0.4667 0.0000
vt 0.6626 0.4627 0.0000
vt 0.1446 0.1044 0.0000
vt 0.3351 0.7055 0.0000
vt 0.5150 0.5505 0.0000
vt 0.4920 0.5523 0.0000
vt 0.0506 0.7226 0.0000
vt 0.0517 0.7214 0.0000
vt 0.6484 0.6107 0.0000
vt 0.6468 0.6103 0.0000
vt 0.5483 0.2741 0.0000
vt 0.5486 0.2734 0.0000
vt 0.5762 0.2730 0.0000
vt 0.5738 0.2757 0.0000
vt 0.2252 0.1322 0.0000
vt 0.2247 0.1311 0.0000
vt 0.1554 0.3449 0.0000
vt 0.1555 0.3428 0.0000
vt 0.1790 0.3396 0.0000
vt 0.1804 0.3411 0.0000
vt 0.3538 0.0742 0.0000
vt 0.3262 0.0773 0.0000
vt 0.3512 0.0720 0.0000
vt 0.3555 0.0767 0.0000
vt 0.0750 0.7274 0.0000
vt 0.0500 0.7245 0.0000
vt 0.4673 0.7036 0.0000
vt 0.4682 0.7067 0.0000
vt 0.4555 0.7087 0.0000
vt 0.4583 0.7061 0.0000
vt 0.0440 0.6032 0.0000
vt 0.0474 0.6113 0.0000
vt 0.5049 0.4169 0.0000
vt 0.5029 0.4247 0.0000
vt 0.4995 0.4124 0.0000
vt 0.2964 0.7083 0.0000
vt 0.3050 0.7103 0.0000
vt 0.2163 0.4132 0.0000
vt 0.2161 0.4111 0.0000
vt 0.2258 0.4045 0.0000
vt 0.2298 0.4135 0.0000
vt 0.4433 0.2032 0.0000
vt 0.4442 0.2018 0.0000
vt 0.4585 0.1977 0.0000
vt 0.4575 0.2019 0.0000
vt 0.5181 0.3427 0.0000
vt 0.5183 0.3432 0.0000
vt 0.5111 0.3533 0.0000
vt 0.5078 0.3533 0.0000
vt 0.5202 0.3447 0.0000
vt 0.5178 0.3559 0.0000
vt 0.2334 0.7258 0.0000
vt 0.2329 0.7242 0.0000
vt 0.2444 0.7181 0.0000
vt 0.2432 0.7240 0.0000
vt 0.2325 0.7243 0.0000
vt 0.2461 0.7144 0.0000
vt 0.5125 0.0491 0.0000
vt 0.5113 0.0477 0.0000
vt 0.5285 0.0491 0.0000
vt 0.5312 0.0527 0.0000
vt 0.0417 0.6785 0.0000
vt 0.0397 0.6789 0.0000
vt 0.0385 0.6650 0.0000
vt 0.0463 0.6645 0.0000
vt 0.1110 0.5144 0.0000
vt 0.1008 0.5138 0.0000
vt 0.1097 0.4943 0.0000
vt 0.1215 0.4956 0.0000
vt 0.5197 0.6924 0.0000
vt 0.5205 0.6967 0.0000
vt 0.5047 0.7014 0.0000
vt 0.5023 0.6973 0.0000
vt 0.5052 0.3733 0.0000
vt 0.5009 0.3729 0.0000
vt 0.5134 0.3767 0.0000
vt 0.2627 0.7115 0.0000
vt 0.2617 0.7202 0.0000
vt 0.2646 0.7069 0.0000
vt 0.5513 0.0509 0.0000
vt 0.5535 0.0544 0.0000
vt 0.0390 0.6455 0.0000
vt 0.0500 0.6441 0.0000
vt 0.4819 0.7059 0.0000
vt 0.4801 0.7019 0.0000
vt 0.4961 0.3991 0.0000
vt 0.2875 0.7046 0.0000
vt 0.0544 0.6424 0.0000
vt 0.0526 0.6195 0.0000
vt 0.1919 0.4109 0.0000
vt 0.1934 0.4093 0.0000
vt 0.6023 0.6058 0.0000
vt 0.6015 0.6044 0.0000
vt 0.0755 0.1409 0.0000
vt 0.0762 0.1413 0.0000
vt 0.0763 0.1675 0.0000
vt 0.0743 0.1655 0.0000
vt 0.5238 0.3194 0.0000
vt 0.5223 0.3199 0.0000
vt 0.2730 0.3396 0.0000
vt 0.2752 0.3398 0.0000
vt 0.2782 0.3629 0.0000
vt 0.2768 0.3643 0.0000
vt 0.4861 0.0533 0.0000
vt 0.5125 0.0496 0.0000
vt 0.4879 0.0549 0.0000
vt 0.4839 0.0500 0.0000
vt 0.4308 0.7036 0.0000
vt 0.4317 0.7067 0.0000
vt 0.4190 0.7087 0.0000
vt 0.4218 0.7061 0.0000
vt 0.6204 0.4229 0.0000
vt 0.6124 0.4263 0.0000
vt 0.2175 0.7199 0.0000
vt 0.2253 0.7219 0.0000
vt 0.2129 0.7252 0.0000
vt 0.4140 0.6718 0.0000
vt 0.4226 0.6738 0.0000
vt 0.6122 0.5586 0.0000
vt 0.6136 0.5570 0.0000
vt 0.6250 0.5594 0.0000
vt 0.6214 0.5685 0.0000
vt 0.5559 0.2099 0.0000
vt 0.5550 0.2113 0.0000
vt 0.5407 0.2154 0.0000
vt 0.5417 0.2112 0.0000
vt 0.1432 0.7066 0.0000
vt 0.1438 0.7065 0.0000
vt 0.1539 0.7136 0.0000
vt 0.1539 0.7169 0.0000
vt 0.1453 0.7046 0.0000
vt 0.1565 0.7069 0.0000
vt 0.3510 0.6893 0.0000
vt 0.3505 0.6877 0.0000
vt 0.3620 0.6816 0.0000
vt 0.3608 0.6875 0.0000
vt 0.3501 0.6878 0.0000
vt 0.3637 0.6779 0.0000
vt 0.6047 0.5630 0.0000
vt 0.6062 0.5620 0.0000
vt 0.6036 0.5790 0.0000
vt 0.5998 0.5814 0.0000
vt 0.5452 0.4205 0.0000
vt 0.5447 0.4185 0.0000
vt 0.5586 0.4173 0.0000
vt 0.5591 0.4252 0.0000
vt 0.6423 0.4800 0.0000
vt 0.6380 0.4707 0.0000
vt 0.6595 0.4694 0.0000
vt 0.6638 0.4805 0.0000
vt 0.4832 0.6924 0.0000
vt 0.4840 0.6967 0.0000
vt 0.4682 0.7014 0.0000
vt 0.4658 0.6973 0.0000
vt 0.1739 0.7196 0.0000
vt 0.1734 0.7239 0.0000
vt 0.1773 0.7114 0.0000
vt 0.3803 0.6750 0.0000
vt 0.3793 0.6837 0.0000
vt 0.3822 0.6704 0.0000
vt 0.6001 0.6016 0.0000
vt 0.5965 0.6036 0.0000
vt 0.5781 0.4179 0.0000
vt 0.5795 0.4289 0.0000
vt 0.4454 0.7059 0.0000
vt 0.4436 0.7019 0.0000
vt 0.1996 0.7287 0.0000
vt 0.4051 0.6681 0.0000
vt 0.5812 0.4332 0.0000
vt 0.6042 0.4315 0.0000
vt 0.0941 0.2568 0.0000
vt 0.0949 0.2583 0.0000
vt 0.0785 0.2616 0.0000
vt 0.0784 0.2590 0.0000
vt 0.0942 0.2561 0.0000
vt 0.0788 0.2571 0.0000
vt 0.0785 0.2545 0.0000
vt 0.0956 0.2546 0.0000
vt 0.4884 0.2397 0.0000
vt 0.4900 0.2383 0.0000
vt 0.5071 0.2404 0.0000
vt 0.5069 0.2434 0.0000
vt 0.5066 0.2456 0.0000
vt 0.4879 0.2399 0.0000
vt 0.5934 0.5478 0.0000
vt 0.5970 0.5465 0.0000
vt 0.6109 0.5600 0.0000
vt 0.6046 0.5427 0.0000
vt 0.1320 0.2428 0.0000
vt 0.1332 0.2403 0.0000
vt 0.1327 0.2379 0.0000
vt 0.1375 0.2278 0.0000
vt 0.1383 0.2303 0.0000
vt 0.1314 0.2270 0.0000
vt 0.1318 0.2243 0.0000
vt 0.1390 0.2253 0.0000
vt 0.2440 0.6465 0.0000
vt 0.2413 0.6465 0.0000
vt 0.2414 0.6395 0.0000
vt 0.2441 0.6382 0.0000
vt 0.2308 0.6441 0.0000
vt 0.2390 0.6382 0.0000
vt 0.2460 0.6466 0.0000
vt 0.1321 0.2224 0.0000
vt 0.1303 0.2363 0.0000
vt 0.2320 0.6465 0.0000
vt 0.6015 0.1372 0.0000
vt 0.6043 0.1266 0.0000
vt 0.6065 0.1259 0.0000
vt 0.6044 0.1376 0.0000
vt 0.2041 0.1189 0.0000
vt 0.2047 0.1091 0.0000
vt 0.2065 0.1085 0.0000
vt 0.2066 0.1194 0.0000
vt 0.3934 0.6647 0.0000
vt 0.3934 0.6560 0.0000
vt 0.3956 0.6560 0.0000
vt 0.3957 0.6657 0.0000
vt 0.3906 0.6656 0.0000
vt 0.3908 0.6559 0.0000
vt 0.7272 0.2954 0.0000
vt 0.7297 0.2950 0.0000
vt 0.7292 0.3058 0.0000
vt 0.7275 0.3051 0.0000
vt 0.1236 0.2401 0.0000
vt 0.1252 0.2386 0.0000
vt 0.3407 0.5866 0.0000
vt 0.3401 0.5748 0.0000
vt 0.3427 0.5757 0.0000
vt 0.3436 0.5874 0.0000
vt 0.3385 0.5878 0.0000
vt 0.3379 0.5761 0.0000
vt 0.2244 0.6466 0.0000
vt 0.9302 0.6661 0.0000
vt 0.9279 0.6685 0.0000
vt 0.6015 0.1186 0.0000
vt 0.6030 0.1166 0.0000
vt 0.3866 0.1990 0.0000
vt 0.3887 0.1977 0.0000
vt 0.3891 0.2051 0.0000
vt 0.3872 0.2049 0.0000
vt 0.3268 0.5858 0.0000
vt 0.3271 0.5830 0.0000
vt 0.3336 0.5854 0.0000
vt 0.3322 0.5873 0.0000
vt 0.3319 0.5895 0.0000
vt 0.3257 0.5876 0.0000
vt 0.5353 0.1915 0.0000
vt 0.5285 0.1914 0.0000
vt 0.5292 0.1896 0.0000
vt 0.5348 0.1897 0.0000
vt 0.1192 0.2330 0.0000
vt 0.1218 0.2327 0.0000
vt 0.1210 0.2405 0.0000
vt 0.1163 0.2328 0.0000
vt 0.3149 0.2523 0.0000
vt 0.3136 0.2502 0.0000
vt 0.3232 0.2464 0.0000
vt 0.3244 0.2488 0.0000
vt 0.6164 0.2869 0.0000
vt 0.4693 0.2775 0.0000
vt 0.4677 0.2757 0.0000
vt 0.4711 0.2795 0.0000
vt 0.7295 0.2504 0.0000
vt 0.3121 0.5284 0.0000
vt 0.3014 0.5284 0.0000
vt 0.6426 0.2392 0.0000
vt 0.6420 0.2366 0.0000
vt 0.6426 0.2342 0.0000
vt 0.6561 0.2367 0.0000
vt 0.5132 0.4897 0.0000
vt 0.5267 0.4897 0.0000
vt 0.2162 0.5056 0.0000
vt 0.2169 0.5019 0.0000
vt 0.2214 0.5018 0.0000
vt 0.2218 0.5055 0.0000
vt 0.6618 0.2428 0.0000
vt 0.0928 0.5770 0.0000
vt 0.0931 0.5678 0.0000
vt 0.0966 0.5684 0.0000
vt 0.0964 0.5767 0.0000
vt 0.9266 0.9237 0.0000
vt 0.9282 0.9273 0.0000
vt 0.9189 0.9202 0.0000
vt 0.9304 0.9321 0.0000
vt 0.9324 0.9364 0.0000
vt 0.9338 0.9394 0.0000
vt 0.8865 0.6262 0.0000
vt 0.8852 0.6310 0.0000
vt 0.8845 0.6363 0.0000
vt 0.0865 0.2459 0.0000
vt 0.0865 0.2433 0.0000
vt 0.0923 0.2383 0.0000
vt 0.0922 0.2458 0.0000
vt 0.8865 0.9077 0.0000
vt 0.8877 0.9127 0.0000
vt 0.8882 0.9185 0.0000
vt 0.5893 0.3842 0.0000
vt 0.6040 0.3842 0.0000
vt 0.2063 0.5919 0.0000
vt 0.2056 0.6055 0.0000
vt 0.2041 0.6068 0.0000
vt 0.2041 0.5911 0.0000
vt 0.2088 0.5929 0.0000
vt 0.2074 0.6046 0.0000
vt 0.1351 0.3869 0.0000
vt 0.1352 0.3749 0.0000
vt 0.1385 0.3759 0.0000
vt 0.1383 0.3876 0.0000
vt 0.2647 0.6431 0.0000
vt 0.2620 0.6441 0.0000
vt 0.1343 0.2079 0.0000
vt 0.1371 0.2069 0.0000
vt 0.1383 0.2044 0.0000
vt 0.1378 0.2019 0.0000
vt 0.1425 0.1918 0.0000
vt 0.1433 0.1943 0.0000
vt 0.1365 0.1911 0.0000
vt 0.1369 0.1884 0.0000
vt 0.1441 0.1894 0.0000
vt 0.2803 0.6465 0.0000
vt 0.2776 0.6465 0.0000
vt 0.2777 0.6395 0.0000
vt 0.2803 0.6382 0.0000
vt 0.2671 0.6441 0.0000
vt 0.2753 0.6382 0.0000
vt 0.2823 0.6466 0.0000
vt 0.1371 0.1864 0.0000
vt 0.1354 0.2003 0.0000
vt 0.2683 0.6465 0.0000
vt 0.2114 0.5707 0.0000
vt 0.2123 0.5598 0.0000
vt 0.2143 0.5587 0.0000
vt 0.2143 0.5706 0.0000
vt 0.0482 0.3057 0.0000
vt 0.0385 0.3050 0.0000
vt 0.0378 0.3033 0.0000
vt 0.0487 0.3031 0.0000
vt 0.4664 0.6038 0.0000
vt 0.4664 0.5951 0.0000
vt 0.4686 0.5951 0.0000
vt 0.4687 0.6049 0.0000
vt 0.4636 0.6048 0.0000
vt 0.4638 0.5951 0.0000
vt 0.7272 0.3157 0.0000
vt 0.7297 0.3153 0.0000
vt 0.7292 0.3261 0.0000
vt 0.7275 0.3254 0.0000
vt 0.1286 0.2041 0.0000
vt 0.1303 0.2027 0.0000
vt 0.4267 0.5047 0.0000
vt 0.4149 0.5053 0.0000
vt 0.4158 0.5027 0.0000
vt 0.4275 0.5018 0.0000
vt 0.4279 0.5069 0.0000
vt 0.4162 0.5075 0.0000
vt 0.2607 0.6466 0.0000
vt 0.8578 0.6661 0.0000
vt 0.8554 0.6685 0.0000
vt 0.5690 0.1112 0.0000
vt 0.5710 0.1100 0.0000
vt 0.5721 0.1182 0.0000
vt 0.5698 0.1182 0.0000
vt 0.6514 0.0421 0.0000
vt 0.6502 0.0399 0.0000
vt 0.6575 0.0396 0.0000
vt 0.6573 0.0414 0.0000
vt 0.4363 0.5249 0.0000
vt 0.4366 0.5221 0.0000
vt 0.4430 0.5245 0.0000
vt 0.4417 0.5265 0.0000
vt 0.4414 0.5287 0.0000
vt 0.4352 0.5267 0.0000
vt 0.7137 0.0496 0.0000
vt 0.7069 0.0495 0.0000
vt 0.7076 0.0477 0.0000
vt 0.7132 0.0478 0.0000
vt 0.1243 0.1970 0.0000
vt 0.1268 0.1968 0.0000
vt 0.1261 0.2046 0.0000
vt 0.1214 0.1969 0.0000
vt 0.5729 0.1085 0.0000
vt 0.5744 0.1170 0.0000
vt 0.6083 0.3842 0.0000
vt 0.2068 0.6103 0.0000
vt 0.2051 0.6119 0.0000
vt 0.2088 0.6085 0.0000
vt 0.1375 0.3721 0.0000
vt 0.2162 0.6423 0.0000
vt 0.2163 0.6316 0.0000
vt 0.4260 0.4710 0.0000
vt 0.4266 0.4737 0.0000
vt 0.4260 0.4761 0.0000
vt 0.4125 0.4735 0.0000
vt 0.5132 0.4816 0.0000
vt 0.5267 0.4816 0.0000
vt 0.2524 0.4790 0.0000
vt 0.2487 0.4784 0.0000
vt 0.2487 0.4739 0.0000
vt 0.2523 0.4735 0.0000
vt 0.4068 0.4674 0.0000
vt 0.1073 0.5497 0.0000
vt 0.1076 0.5405 0.0000
vt 0.1111 0.5411 0.0000
vt 0.1109 0.5494 0.0000
vt 0.8541 0.9237 0.0000
vt 0.8558 0.9273 0.0000
vt 0.8465 0.9202 0.0000
vt 0.8580 0.9321 0.0000
vt 0.8599 0.9364 0.0000
vt 0.8613 0.9394 0.0000
vt 0.8140 0.6262 0.0000
vt 0.8127 0.6310 0.0000
vt 0.8120 0.6363 0.0000
vt 0.8140 0.9077 0.0000
vt 0.8152 0.9127 0.0000
vt 0.8157 0.9185 0.0000
vt 0.2771 0.5424 0.0000
vt 0.2917 0.5424 0.0000
vt 0.3566 0.4489 0.0000
vt 0.3573 0.4352 0.0000
vt 0.3588 0.4339 0.0000
vt 0.3588 0.4497 0.0000
vt 0.3541 0.4478 0.0000
vt 0.3555 0.4362 0.0000
vt 0.7272 0.0543 0.0000
vt 0.7272 0.0423 0.0000
vt 0.7306 0.0433 0.0000
vt 0.7303 0.0550 0.0000
vt 0.3010 0.6431 0.0000
vt 0.2983 0.6441 0.0000
vt 0.1422 0.1505 0.0000
vt 0.1455 0.1450 0.0000
vt 0.3245 0.6436 0.0000
vt 0.3186 0.6466 0.0000
vt 0.1394 0.1719 0.0000
vt 0.1421 0.1709 0.0000
vt 0.1433 0.1684 0.0000
vt 0.1428 0.1660 0.0000
vt 0.1476 0.1559 0.0000
vt 0.1484 0.1584 0.0000
vt 0.1415 0.1551 0.0000
vt 0.1419 0.1524 0.0000
vt 0.1491 0.1534 0.0000
vt 0.3166 0.6465 0.0000
vt 0.3139 0.6465 0.0000
vt 0.3140 0.6395 0.0000
vt 0.3167 0.6382 0.0000
vt 0.3034 0.6441 0.0000
vt 0.3116 0.6382 0.0000
vt 0.1404 0.1644 0.0000
vt 0.3046 0.6465 0.0000
vt 0.1883 0.2991 0.0000
vt 0.1988 0.3019 0.0000
vt 0.1996 0.3041 0.0000
vt 0.1879 0.3020 0.0000
vt 0.1374 0.1475 0.0000
vt 0.1277 0.1469 0.0000
vt 0.1270 0.1451 0.0000
vt 0.1379 0.1450 0.0000
vt 0.5434 0.4903 0.0000
vt 0.5434 0.4816 0.0000
vt 0.5456 0.4816 0.0000
vt 0.5458 0.4913 0.0000
vt 0.5407 0.4913 0.0000
vt 0.5408 0.4816 0.0000
vt 0.4943 0.1328 0.0000
vt 0.4947 0.1353 0.0000
vt 0.4839 0.1348 0.0000
vt 0.4846 0.1331 0.0000
vt 0.1337 0.1682 0.0000
vt 0.1353 0.1667 0.0000
vt 0.4218 0.5704 0.0000
vt 0.4212 0.5586 0.0000
vt 0.4238 0.5595 0.0000
vt 0.4247 0.5712 0.0000
vt 0.4196 0.5716 0.0000
vt 0.4190 0.5598 0.0000
vt 0.2970 0.6466 0.0000
vt 0.7852 0.6661 0.0000
vt 0.7829 0.6685 0.0000
vt 0.2068 0.2991 0.0000
vt 0.2088 0.3006 0.0000
vt 0.1270 0.2112 0.0000
vt 0.1292 0.2099 0.0000
vt 0.1296 0.2172 0.0000
vt 0.1277 0.2170 0.0000
vt 0.3650 0.0666 0.0000
vt 0.3622 0.0663 0.0000
vt 0.3646 0.0598 0.0000
vt 0.3666 0.0612 0.0000
vt 0.3688 0.0615 0.0000
vt 0.3668 0.0676 0.0000
vt 0.0860 0.4873 0.0000
vt 0.0861 0.4805 0.0000
vt 0.0879 0.4812 0.0000
vt 0.0878 0.4868 0.0000
vt 0.1293 0.1611 0.0000
vt 0.1319 0.1608 0.0000
vt 0.1311 0.1686 0.0000
vt 0.1264 0.1609 0.0000
vt 0.5866 0.0455 0.0000
vt 0.5853 0.0433 0.0000
vt 0.5949 0.0396 0.0000
vt 0.5961 0.0419 0.0000
vt 0.2960 0.5424 0.0000
vt 0.3561 0.4305 0.0000
vt 0.3578 0.4289 0.0000
vt 0.3541 0.4322 0.0000
vt 0.7295 0.0396 0.0000
vt 0.0566 0.7150 0.0000
vt 0.0459 0.7150 0.0000
vt 0.3060 0.4907 0.0000
vt 0.3055 0.4880 0.0000
vt 0.3060 0.4856 0.0000
vt 0.3195 0.4882 0.0000
vt 0.4889 0.4897 0.0000
vt 0.5023 0.4897 0.0000
vt 0.0865 0.5583 0.0000
vt 0.0871 0.5546 0.0000
vt 0.0916 0.5546 0.0000
vt 0.0921 0.5582 0.0000
vt 0.3252 0.4942 0.0000
vt 0.1218 0.5224 0.0000
vt 0.1221 0.5132 0.0000
vt 0.1256 0.5138 0.0000
vt 0.1254 0.5222 0.0000
vt 0.7816 0.9237 0.0000
vt 0.7832 0.9273 0.0000
vt 0.7739 0.9202 0.0000
vt 0.7854 0.9321 0.0000
vt 0.7874 0.9364 0.0000
vt 0.7888 0.9394 0.0000
vt 0.5337 0.3519 0.0000
vt 0.5321 0.3534 0.0000
vt 0.5286 0.3550 0.0000
vt 0.5303 0.3527 0.0000
vt 0.4058 0.3418 0.0000
vt 0.4019 0.3414 0.0000
vt 0.4030 0.3400 0.0000
vt 0.4000 0.3396 0.0000
vt 0.4780 0.3554 0.0000
vt 0.4758 0.3554 0.0000
vt 0.4784 0.3532 0.0000
vt 0.4806 0.3533 0.0000
vt 0.5308 0.3538 0.0000
vt 0.5304 0.3516 0.0000
vt 0.0809 0.2792 0.0000
vt 0.0816 0.2834 0.0000
vt 0.0794 0.2827 0.0000
vt 0.0784 0.2788 0.0000
vt 0.4994 0.2035 0.0000
vt 0.4961 0.2040 0.0000
vt 0.4969 0.2023 0.0000
vt 0.5003 0.2018 0.0000
vt 0.4998 0.2058 0.0000
vt 0.4965 0.2060 0.0000
vt 0.4798 0.3569 0.0000
vt 0.4822 0.3544 0.0000
vt 0.4791 0.3478 0.0000
vt 0.4813 0.3481 0.0000
vt 0.2062 0.5595 0.0000
vt 0.2063 0.5648 0.0000
vt 0.2041 0.5649 0.0000
vt 0.2041 0.5595 0.0000
vt 0.2078 0.5586 0.0000
vt 0.2078 0.5644 0.0000
vt 0.6261 0.5971 0.0000
vt 0.6204 0.5972 0.0000
vt 0.6204 0.5954 0.0000
vt 0.6262 0.5953 0.0000
vt 0.2831 0.3640 0.0000
vt 0.2827 0.3697 0.0000
vt 0.2811 0.3696 0.0000
vt 0.2814 0.3640 0.0000
vt 0.4827 0.3486 0.0000
# 6400 texture coords

o Licorice_Plant
g Licorice_Plant
usemtl wire_006135006
s 1
f 1/1/1 2/2/2 3/3/3 
f 1/1/1 4/4/4 2/2/2 
s 8
f 3/5/3 2/6/2 5/7/5 6/8/6 
f 2/9/2 4/10/4 7/11/7 5/12/5 
f 6/8/6 5/7/5 8/13/8 9/14/6 
f 10/15/9 11/16/10 12/17/6 13/18/6 
f 14/19/11 15/20/12 11/21/10 10/22/9 
f 8/13/8 10/15/9 13/18/6 9/14/6 
s off
f 16/23/13 17/24/14 18/25/15 
f 19/26/16 20/27/17 21/28/18 
f 21/28/18 22/29/19 19/26/16 
f 16/30/13 23/31/20 17/32/14 
f 24/33/21 25/34/22 26/35/23 
f 27/36/24 28/37/25 29/38/26 
f 27/36/24 30/39/27 28/37/25 
f 24/33/21 26/35/23 31/40/28 
f 31/40/28 32/41/29 24/33/21 
f 24/33/21 33/42/30 25/34/22 
f 29/38/26 34/43/31 27/36/24 
f 27/36/24 35/44/32 30/39/27 
f 36/45/21 37/46/22 38/47/23 
f 39/48/24 40/49/25 41/50/26 
f 39/48/24 42/51/27 40/49/25 
f 36/45/21 38/47/23 43/52/28 
f 43/52/28 44/53/29 36/45/21 
f 36/45/21 45/54/30 37/46/22 
f 41/50/26 46/55/31 39/48/24 
f 39/48/24 47/56/32 42/51/27 
f 48/57/21 49/58/22 50/59/23 
f 51/60/24 52/61/25 53/62/26 
f 51/60/24 54/63/27 52/61/25 
f 48/57/21 50/59/23 55/64/28 
f 55/64/28 56/65/29 48/57/21 
f 48/57/21 57/66/30 49/58/22 
f 53/62/26 58/67/31 51/60/24 
f 51/60/24 59/68/32 54/63/27 
f 60/69/21 61/70/22 62/71/23 
f 63/72/24 64/73/25 65/74/26 
f 63/72/24 66/75/27 64/73/25 
f 60/69/21 62/71/23 67/76/28 
f 67/76/28 68/77/29 60/69/21 
f 60/69/21 69/78/30 61/70/22 
f 65/74/26 70/79/31 63/72/24 
f 63/72/24 71/80/32 66/75/27 
s 8
f 12/17/6 11/16/10 72/81/33 73/82/6 
s off
f 74/83/34 75/84/35 76/85/36 
f 77/86/37 78/87/38 79/88/39 
f 79/88/39 80/89/40 77/86/37 
f 74/83/34 81/90/41 75/84/35 
f 82/91/42 83/92/43 84/93/44 
f 85/94/45 86/95/46 87/96/47 
f 85/94/45 88/97/48 86/95/46 
f 82/91/42 84/93/44 89/98/49 
f 89/98/49 90/99/50 82/91/42 
f 82/100/42 91/101/51 83/102/43 
f 87/103/47 92/104/52 85/105/45 
f 85/94/45 93/106/53 88/97/48 
f 94/107/42 95/108/43 96/109/54 
f 97/110/55 98/111/46 99/112/56 
f 97/110/55 100/113/57 98/111/46 
f 94/107/42 96/109/54 101/114/49 
f 101/114/49 102/115/50 94/107/42 
f 94/116/42 103/117/51 95/118/43 
f 99/119/56 104/120/52 97/121/55 
f 97/110/55 105/122/53 100/113/57 
f 106/123/42 107/124/43 108/125/44 
f 109/126/55 110/127/46 111/128/56 
f 109/126/55 112/129/48 110/127/46 
f 106/123/42 108/125/44 113/130/49 
f 113/130/49 114/131/50 106/123/42 
f 106/132/42 115/133/51 107/134/43 
f 111/135/56 116/136/52 109/137/55 
f 109/126/55 117/138/53 112/129/48 
f 118/139/42 119/140/43 120/141/44 
f 121/142/55 122/143/46 123/144/56 
f 121/142/55 124/145/48 122/143/46 
f 118/139/42 120/141/44 125/146/49 
f 125/146/49 126/147/50 118/139/42 
f 118/148/42 127/149/51 119/150/43 
f 123/151/56 128/152/52 121/153/55 
f 121/142/55 129/154/53 124/145/48 
s 8
f 130/155/58 131/156/59 132/157/60 
f 133/158/61 130/159/58 134/160/62 
s off
f 130/159/58 135/161/63 136/162/64 
f 130/159/58 133/158/61 137/163/65 
f 138/164/66 139/165/67 140/166/68 
f 141/167/69 142/168/70 143/169/71 
f 144/170/72 141/171/69 143/172/71 
f 145/173/73 140/174/68 146/175/74 
f 147/176/75 148/177/76 133/158/61 134/160/62 
f 148/177/76 149/178/77 137/163/65 133/158/61 
f 149/178/77 150/179/78 135/161/63 137/163/65 
f 150/179/78 151/180/79 136/162/64 135/161/63 
f 151/181/79 152/182/80 153/183/81 136/184/64 
f 152/182/80 154/185/82 131/156/59 153/183/81 
f 154/185/82 155/186/83 132/157/60 131/156/59 
f 155/186/83 147/187/75 134/188/62 132/157/60 
f 144/170/72 156/189/84 141/171/69 
f 141/167/69 157/190/85 142/168/70 
f 136/184/64 153/183/81 130/155/58 
s 8
f 130/155/58 153/183/81 131/156/59 
s off
f 137/163/65 135/161/63 130/159/58 
s 8
f 130/155/58 132/157/60 134/188/62 
s off
f 139/191/67 158/192/86 140/174/68 
f 140/174/68 158/192/86 146/175/74 
f 159/193/87 160/194/88 142/168/70 157/190/85 
f 160/194/88 161/195/89 143/169/71 142/168/70 
f 161/196/89 162/197/90 144/170/72 143/172/71 
f 162/197/90 163/198/91 156/189/84 144/170/72 
f 164/199/92 165/200/93 166/201/94 167/202/95 
f 168/203/96 169/204/97 158/192/86 139/191/67 
f 169/204/97 170/205/98 146/175/74 158/192/86 
f 170/205/98 171/206/99 145/173/73 146/175/74 
s 8
f 172/207/58 173/208/59 174/209/60 
f 175/210/61 172/211/58 176/212/62 
s off
f 172/211/58 177/213/63 178/214/64 
f 172/211/58 175/210/61 179/215/65 
f 180/216/66 181/217/67 182/218/68 
f 183/219/69 184/220/70 185/221/71 
f 186/222/72 183/223/69 185/224/71 
f 187/225/73 182/218/68 188/226/74 
f 189/227/75 190/228/76 175/210/61 176/212/62 
f 190/228/76 191/229/77 179/215/65 175/210/61 
f 191/229/77 192/230/78 177/213/63 179/215/65 
f 192/230/78 193/231/79 178/214/64 177/213/63 
f 193/232/79 194/233/80 195/234/81 178/235/64 
f 194/233/80 196/236/82 173/208/59 195/234/81 
f 196/236/82 197/237/83 174/209/60 173/208/59 
f 197/237/83 189/238/75 176/239/62 174/209/60 
f 186/222/72 198/240/84 183/223/69 
f 183/219/69 199/241/85 184/220/70 
f 178/235/64 195/234/81 172/207/58 
s 8
f 172/207/58 195/234/81 173/208/59 
s off
f 179/215/65 177/213/63 172/211/58 
s 8
f 172/207/58 174/209/60 176/239/62 
s off
f 181/217/67 200/242/86 182/218/68 
f 182/218/68 200/242/86 188/226/74 
f 201/243/87 202/244/88 184/220/70 199/241/85 
f 202/244/88 203/245/89 185/221/71 184/220/70 
f 203/246/89 204/247/90 186/222/72 185/224/71 
f 204/247/90 205/248/91 198/240/84 186/222/72 
f 206/249/92 207/250/93 208/251/94 209/252/95 
f 210/253/96 211/254/97 200/242/86 181/217/67 
f 211/254/97 212/255/98 188/226/74 200/242/86 
f 212/255/98 213/256/99 187/225/73 188/226/74 
s 1
f 214/257/100 215/258/101 216/259/102 
f 214/257/100 216/259/102 217/260/103 
s 8
f 218/261/58 219/262/59 220/263/60 
f 221/264/61 218/265/58 222/266/62 
s off
f 218/265/58 223/267/63 224/268/64 
f 218/265/58 221/264/61 225/269/65 
f 226/270/66 227/271/67 228/272/68 
f 229/273/69 230/274/70 231/275/71 
f 232/276/72 229/277/69 231/278/71 
f 233/279/73 228/272/68 234/280/74 
f 235/281/75 236/282/76 221/264/61 222/266/62 
f 236/282/76 237/283/77 225/269/65 221/264/61 
f 237/283/77 238/284/78 223/267/63 225/269/65 
f 238/284/78 239/285/79 224/268/64 223/267/63 
f 239/286/79 240/287/80 241/288/81 224/289/64 
f 240/287/80 242/290/82 219/262/59 241/288/81 
f 242/290/82 243/291/83 220/263/60 219/262/59 
f 243/291/83 235/292/75 222/293/62 220/263/60 
f 232/276/72 244/294/84 229/277/69 
f 229/273/69 245/295/85 230/274/70 
f 224/289/64 241/288/81 218/261/58 
s 8
f 218/261/58 241/288/81 219/262/59 
s off
f 225/269/65 223/267/63 218/265/58 
s 8
f 218/261/58 220/263/60 222/293/62 
s off
f 227/271/67 246/296/86 228/272/68 
f 228/272/68 246/296/86 234/280/74 
f 247/297/87 248/298/88 230/274/70 245/295/85 
f 248/298/88 249/299/89 231/275/71 230/274/70 
f 249/300/89 250/301/90 232/276/72 231/278/71 
f 250/301/90 251/302/91 244/294/84 232/276/72 
f 252/303/92 253/304/93 254/305/94 255/306/95 
f 256/307/96 257/308/97 246/296/86 227/271/67 
f 257/308/97 258/309/98 234/280/74 246/296/86 
f 258/309/98 259/310/99 233/279/73 234/280/74 
s 1
f 217/260/103 216/259/102 260/311/104 
s off
f 261/312/105 262/313/106 263/314/107 264/315/108 
s 1
f 265/316/109 266/317/110 216/318/102 
f 215/319/101 265/316/109 216/318/102 
f 266/317/110 260/320/104 216/318/102 
s off
f 267/321/111 268/322/112 269/323/113 270/324/114 
f 268/322/112 271/325/115 272/326/116 269/323/113 
f 271/327/115 273/328/117 274/329/118 272/330/116 
f 273/328/117 275/331/119 276/332/120 274/329/118 
f 275/333/119 277/334/121 278/335/122 276/336/120 
f 277/334/121 267/321/111 270/324/114 278/335/122 
f 279/337/123 280/338/124 148/177/76 147/176/75 
f 280/338/124 281/339/125 149/178/77 148/177/76 
f 281/339/125 282/340/126 150/179/78 149/178/77 
f 282/340/126 283/341/127 151/180/79 150/179/78 
f 283/342/127 284/343/128 152/182/80 151/181/79 
f 284/343/128 285/344/129 154/185/82 152/182/80 
f 285/344/129 286/345/130 155/186/83 154/185/82 
f 286/345/130 279/346/123 147/187/75 155/186/83 
f 287/347/131 288/348/132 289/349/133 290/350/134 
f 291/351/135 292/352/136 288/353/132 287/354/131 
f 293/355/137 294/356/138 292/352/136 291/351/135 
f 295/357/139 296/358/140 294/359/138 293/360/137 
f 297/361/141 298/362/142 299/363/143 300/364/144 
s 8
f 301/365/145 302/366/6 73/82/6 72/81/33 
f 20/27/17 303/367/146 304/368/147 21/28/18 
f 18/25/15 17/24/14 304/369/147 303/370/146 
s off
f 14/371/11 10/372/9 305/373/148 306/374/149 
f 10/15/9 8/13/8 307/375/150 305/376/148 
f 8/13/8 5/7/5 308/377/151 307/375/150 
f 5/378/5 7/379/7 309/380/152 308/381/151 
f 306/374/149 305/373/148 310/382/153 311/383/154 
f 305/376/148 307/375/150 312/384/155 310/385/153 
f 307/375/150 308/377/151 313/386/156 312/384/155 
f 308/381/151 309/380/152 314/387/157 313/388/156 
f 315/389/158 316/390/159 317/391/160 318/392/161 
f 319/393/162 320/394/163 321/395/164 322/396/165 
f 323/397/166 324/398/167 325/399/168 326/400/169 
f 324/398/167 327/401/170 328/402/171 325/399/168 
f 327/403/170 329/404/172 330/405/173 328/406/171 
f 329/407/172 323/408/166 331/409/174 330/410/173 
f 326/400/169 325/399/168 332/411/175 333/412/176 
f 325/399/168 328/402/171 334/413/177 332/411/175 
f 328/406/171 330/405/173 335/414/178 334/415/177 
f 330/416/173 331/417/174 336/418/179 335/419/178 
f 333/412/176 332/411/175 23/31/20 16/30/13 
f 332/411/175 334/413/177 337/420/180 23/31/20 
f 334/415/177 335/414/178 22/421/19 337/422/180 
f 335/419/178 336/418/179 19/423/16 22/424/19 
f 23/31/20 337/420/180 304/425/147 17/32/14 
f 337/422/180 22/421/19 21/426/18 304/427/147 
f 338/428/181 339/429/182 340/430/183 341/431/184 
f 342/432/185 343/433/186 344/434/187 345/435/188 
f 346/436/189 347/437/190 348/438/191 349/439/192 
f 350/440/193 351/441/194 352/442/195 353/443/196 
f 349/444/192 348/445/191 354/446/197 355/447/198 
f 356/448/199 357/449/200 349/444/192 355/447/198 
f 358/450/201 353/451/196 357/449/200 356/448/199 
f 359/452/202 350/440/193 353/443/196 358/453/201 
f 316/390/159 315/389/158 360/454/203 361/455/204 
f 362/456/205 363/457/206 316/390/159 361/455/204 
f 364/458/207 322/459/165 363/457/206 362/456/205 
f 365/460/208 319/461/162 322/462/165 364/463/207 
f 324/464/167 323/465/166 366/466/209 367/467/210 
f 327/403/170 324/468/167 367/469/210 368/470/211 
f 329/404/172 327/403/170 368/470/211 369/471/212 
f 323/408/166 329/407/172 369/472/212 370/473/213 
f 367/467/210 366/466/209 347/474/190 346/475/189 
f 351/441/194 370/476/213 369/477/212 352/442/195 
f 355/447/198 354/446/197 318/392/161 317/391/160 
f 320/478/163 359/452/202 358/453/201 321/479/164 
f 361/455/204 360/454/203 339/429/182 338/428/181 
f 343/480/186 365/460/208 364/463/207 344/481/187 
f 371/482/214 372/483/215 373/484/216 374/485/217 
f 375/486/218 376/487/219 377/488/220 378/489/221 
f 310/382/153 371/482/214 374/485/217 311/383/154 
f 378/489/221 377/488/220 313/388/156 314/387/157 
f 372/490/215 341/491/184 340/492/183 373/493/216 
f 379/494/222 341/495/184 372/496/215 380/497/223 
f 376/498/219 345/499/188 379/494/222 380/497/223 
f 342/500/185 345/501/188 376/502/219 375/503/218 
s 8
f 25/504/22 381/505/224 382/506/225 26/507/23 
f 26/35/23 382/508/225 383/509/226 31/40/28 
f 29/38/26 28/37/25 382/510/225 381/511/224 
f 28/37/25 30/39/27 383/512/226 382/510/225 
s off
f 384/513/227 385/514/228 386/515/229 387/516/230 
f 385/514/228 388/517/231 389/518/232 386/515/229 
f 388/519/231 390/520/233 391/521/234 389/522/232 
f 390/520/233 392/523/235 393/524/236 391/521/234 
f 392/523/235 394/525/237 395/526/238 393/524/236 
f 394/525/237 396/527/239 397/528/240 395/526/238 
f 396/529/239 398/530/241 399/531/242 397/532/240 
f 398/533/241 384/534/227 387/535/230 399/536/242 
f 387/516/230 386/515/229 400/537/243 401/538/244 
f 386/515/229 389/518/232 402/539/245 400/537/243 
f 389/540/232 391/541/234 403/542/246 402/543/245 
f 391/521/234 393/524/236 404/544/247 403/545/246 
f 393/524/236 395/526/238 405/546/248 404/544/247 
f 395/526/238 397/528/240 406/547/249 405/546/248 
f 397/548/240 399/536/242 407/549/250 406/550/249 
f 399/536/242 387/535/230 401/551/244 407/549/250 
f 401/538/244 400/537/243 33/552/30 24/553/21 
f 400/537/243 402/539/245 408/554/251 33/552/30 
f 402/543/245 403/542/246 34/555/31 408/556/251 
f 403/545/246 404/544/247 27/36/24 34/43/31 
f 404/544/247 405/546/248 35/44/32 27/36/24 
f 405/546/248 406/547/249 409/557/252 35/44/32 
f 406/550/249 407/549/250 32/41/29 409/558/252 
f 407/549/250 401/551/244 24/33/21 32/41/29 
f 33/559/30 408/560/251 381/505/224 25/504/22 
f 408/561/251 34/562/31 29/563/26 381/564/224 
f 35/44/32 409/557/252 383/512/226 30/39/27 
f 409/558/252 32/41/29 31/40/28 383/509/226 
f 385/514/228 384/513/227 353/565/196 352/566/195 
f 388/567/231 385/568/228 352/569/195 369/570/212 
f 390/520/233 388/519/231 369/571/212 368/572/211 
f 367/573/210 392/523/235 390/520/233 368/572/211 
f 394/574/237 392/575/235 367/467/210 346/475/189 
f 349/439/192 396/529/239 394/576/237 346/436/189 
f 398/530/241 396/529/239 349/439/192 357/577/200 
f 353/451/196 384/534/227 398/533/241 357/449/200 
s 8
f 37/578/22 410/579/224 411/580/225 38/581/23 
f 38/47/23 411/582/225 412/583/226 43/52/28 
f 41/50/26 40/49/25 411/584/225 410/585/224 
f 40/49/25 42/51/27 412/586/226 411/584/225 
s off
f 413/587/253 414/588/254 415/589/255 416/590/230 
f 414/588/254 417/591/256 418/592/232 415/589/255 
f 417/593/256 419/594/257 420/595/234 418/596/232 
f 419/594/257 421/597/258 422/598/236 420/595/234 
f 421/597/258 423/599/259 424/600/238 422/598/236 
f 423/599/259 425/601/260 426/602/240 424/600/238 
f 425/603/260 427/604/261 428/605/242 426/606/240 
f 427/607/261 413/608/253 416/609/230 428/610/242 
f 416/590/230 415/589/255 429/611/243 430/612/244 
f 415/589/255 418/592/232 431/613/245 429/611/243 
f 418/614/232 420/615/234 432/616/246 431/617/245 
f 420/595/234 422/598/236 433/618/247 432/619/246 
f 422/598/236 424/600/238 434/620/248 433/618/247 
f 424/600/238 426/602/240 435/621/249 434/620/248 
f 426/622/240 428/610/242 436/623/250 435/624/249 
f 428/610/242 416/609/230 430/625/244 436/623/250 
f 430/612/244 429/611/243 45/626/30 36/627/21 
f 429/611/243 431/613/245 437/628/262 45/626/30 
f 431/617/245 432/616/246 46/629/31 437/630/262 
f 432/619/246 433/618/247 39/48/24 46/55/31 
f 433/618/247 434/620/248 47/56/32 39/48/24 
f 434/620/248 435/621/249 438/631/252 47/56/32 
f 435/624/249 436/623/250 44/53/29 438/632/252 
f 436/623/250 430/625/244 36/45/21 44/53/29 
f 45/633/30 437/634/262 410/579/224 37/578/22 
f 437/630/262 46/629/31 41/635/26 410/636/224 
f 47/56/32 438/631/252 412/586/226 42/51/27 
f 438/632/252 44/53/29 43/52/28 412/583/226 
f 414/588/254 413/587/253 322/396/165 321/395/164 
f 417/637/256 414/638/254 321/639/164 358/640/201 
f 419/594/257 417/593/256 358/641/201 356/642/199 
f 355/643/198 421/597/258 419/594/257 356/642/199 
f 423/644/259 421/645/258 355/646/198 317/647/160 
f 316/648/159 425/603/260 423/649/259 317/650/160 
f 427/607/261 425/651/260 316/390/159 363/457/206 
f 322/459/165 413/608/253 427/607/261 363/457/206 
s 8
f 49/652/22 439/653/224 440/654/225 50/655/23 
f 50/59/23 440/656/225 441/657/226 55/64/28 
f 53/62/26 52/61/25 440/658/225 439/659/224 
f 52/61/25 54/63/27 441/660/226 440/658/225 
s off
f 442/661/263 443/662/264 444/663/255 445/664/230 
f 443/662/264 446/665/265 447/666/232 444/663/255 
f 446/667/265 448/668/266 449/669/234 447/670/232 
f 448/668/266 450/671/267 451/672/236 449/669/234 
f 450/671/267 452/673/268 453/674/238 451/672/236 
f 452/673/268 454/675/269 455/676/240 453/674/238 
f 454/677/269 456/678/270 457/679/242 455/680/240 
f 456/681/270 442/682/263 445/683/230 457/684/242 
f 445/664/230 444/663/255 458/685/243 459/686/244 
f 444/663/255 447/666/232 460/687/245 458/685/243 
f 447/688/232 449/689/234 461/690/246 460/691/245 
f 449/669/234 451/672/236 462/692/247 461/693/246 
f 451/672/236 453/674/238 463/694/248 462/692/247 
f 453/674/238 455/676/240 464/695/249 463/694/248 
f 455/696/240 457/684/242 465/697/250 464/698/249 
f 457/684/242 445/683/230 459/699/244 465/697/250 
f 459/686/244 458/685/243 57/700/30 48/701/21 
f 458/685/243 460/687/245 466/702/251 57/700/30 
f 460/691/245 461/690/246 58/703/31 466/704/251 
f 461/693/246 462/692/247 51/60/24 58/67/31 
f 462/692/247 463/694/248 59/68/32 51/60/24 
f 463/694/248 464/695/249 467/705/252 59/68/32 
f 464/698/249 465/697/250 56/65/29 467/706/252 
f 465/697/250 459/699/244 48/57/21 56/65/29 
f 57/707/30 466/708/251 439/653/224 49/652/22 
f 466/709/251 58/710/31 53/711/26 439/712/224 
f 59/68/32 467/705/252 441/660/226 54/63/27 
f 467/706/252 56/65/29 55/64/28 441/657/226 
f 443/662/264 442/661/263 345/435/188 344/434/187 
f 446/713/265 443/714/264 344/715/187 364/716/207 
f 448/668/266 446/667/265 364/717/207 362/718/205 
f 361/719/204 450/671/267 448/668/266 362/718/205 
f 452/720/268 450/721/267 361/722/204 338/723/181 
f 341/724/184 454/725/269 452/720/268 338/723/181 
f 456/678/270 454/677/269 341/726/184 379/727/222 
f 345/499/188 442/682/263 456/681/270 379/494/222 
s 8
f 61/728/22 468/729/224 469/730/225 62/731/23 
f 62/71/23 469/732/225 470/733/226 67/76/28 
f 65/74/26 64/73/25 469/734/225 468/735/224 
f 64/73/25 66/75/27 470/736/226 469/734/225 
s off
f 471/737/271 472/738/272 473/739/255 474/740/230 
f 472/738/272 475/741/273 476/742/232 473/739/255 
f 475/743/273 477/744/274 478/745/234 476/746/232 
f 477/744/274 479/747/275 480/748/236 478/745/234 
f 479/747/275 481/749/276 482/750/238 480/748/236 
f 481/749/276 483/751/277 484/752/240 482/750/238 
f 483/753/277 485/754/278 486/755/242 484/756/240 
f 485/757/278 471/758/271 474/759/230 486/760/242 
f 474/740/230 473/739/255 487/761/243 488/762/244 
f 473/739/255 476/742/232 489/763/245 487/761/243 
f 476/764/232 478/765/234 490/766/246 489/767/245 
f 478/745/234 480/748/236 491/768/247 490/769/246 
f 480/748/236 482/750/238 492/770/248 491/768/247 
f 482/750/238 484/752/240 493/771/249 492/770/248 
f 484/772/240 486/760/242 494/773/250 493/774/249 
f 486/760/242 474/759/230 488/775/244 494/773/250 
f 488/762/244 487/761/243 69/776/30 60/777/21 
f 487/761/243 489/763/245 495/778/251 69/776/30 
f 489/767/245 490/766/246 70/779/31 495/780/251 
f 490/769/246 491/768/247 63/72/24 70/79/31 
f 491/768/247 492/770/248 71/80/32 63/72/24 
f 492/770/248 493/771/249 496/781/252 71/80/32 
f 493/774/249 494/773/250 68/77/29 496/782/252 
f 494/773/250 488/775/244 60/69/21 68/77/29 
f 69/783/30 495/784/251 468/729/224 61/728/22 
f 495/785/251 70/786/31 65/787/26 468/788/224 
f 71/80/32 496/781/252 470/736/226 66/75/27 
f 496/782/252 68/77/29 67/76/28 470/733/226 
f 472/738/272 471/737/271 313/388/156 377/488/220 
f 475/741/273 472/738/272 377/488/220 376/487/219 
f 477/789/274 475/790/273 376/791/219 380/792/223 
f 372/793/215 479/794/275 477/789/274 380/792/223 
f 481/795/276 479/796/275 372/483/215 371/482/214 
f 310/382/153 483/797/277 481/795/276 371/482/214 
f 485/754/278 483/753/277 310/798/153 312/799/155 
f 313/800/156 471/801/271 485/802/278 312/803/155 
s 8
f 78/87/38 497/804/279 498/805/280 79/88/39 
f 76/85/36 75/84/35 498/806/280 497/807/279 
s off
f 499/808/281 301/809/145 500/810/282 501/811/283 
f 301/365/145 72/81/33 502/812/284 500/813/282 
f 72/81/33 11/16/10 503/814/285 502/812/284 
f 11/815/10 15/816/12 504/817/286 503/818/285 
f 501/811/283 500/810/282 505/819/287 506/820/288 
f 500/813/282 502/812/284 507/821/289 505/822/287 
f 502/812/284 503/814/285 508/823/290 507/821/289 
f 503/818/285 504/817/286 509/824/291 508/825/290 
f 510/826/292 511/827/293 512/828/294 513/829/295 
f 514/830/296 515/831/297 516/832/298 517/833/299 
f 518/834/300 519/835/301 520/836/302 521/837/303 
f 519/835/301 522/838/304 523/839/305 520/836/302 
f 522/840/304 524/841/306 525/842/307 523/843/305 
f 524/844/306 518/845/300 526/846/308 525/847/307 
f 521/837/303 520/836/302 527/848/309 528/849/310 
f 520/836/302 523/839/305 529/850/311 527/848/309 
f 523/843/305 525/842/307 530/851/312 529/852/311 
f 525/847/307 526/846/308 531/853/313 530/854/312 
f 528/849/310 527/848/309 81/90/41 74/83/34 
f 527/848/309 529/850/311 532/855/314 81/90/41 
f 529/852/311 530/851/312 80/856/40 532/857/314 
f 530/854/312 531/853/313 77/86/37 80/89/40 
f 81/90/41 532/855/314 498/806/280 75/84/35 
f 532/858/314 80/89/40 79/88/39 498/805/280 
f 533/859/315 534/860/316 535/861/317 536/862/318 
f 537/863/319 538/864/320 539/865/321 540/866/322 
f 541/867/323 542/868/324 543/869/325 544/870/326 
f 545/871/327 546/872/328 547/873/329 548/874/330 
f 544/870/326 543/869/325 549/875/331 550/876/332 
f 551/877/333 552/878/334 544/879/326 550/880/332 
f 553/881/335 548/882/330 552/878/334 551/877/333 
f 554/883/336 545/884/327 548/885/330 553/886/335 
f 511/827/293 510/826/292 555/887/337 556/888/338 
f 557/889/339 558/890/340 511/891/293 556/892/338 
f 559/893/341 517/894/299 558/890/340 557/889/339 
f 560/895/342 514/896/296 517/897/299 559/898/341 
f 519/835/301 518/834/300 561/899/343 562/900/344 
f 522/840/304 519/901/301 562/902/344 563/903/345 
f 524/841/306 522/840/304 563/903/345 564/904/346 
f 518/845/300 524/844/306 564/905/346 565/906/347 
f 562/907/344 561/908/343 542/868/324 541/867/323 
f 546/909/328 565/906/347 564/905/346 547/910/329 
f 550/876/332 549/875/331 513/829/295 512/828/294 
f 515/831/297 554/883/336 553/886/335 516/832/298 
f 556/888/338 555/887/337 534/860/316 533/859/315 
f 538/911/320 560/912/342 559/913/341 539/914/321 
f 566/915/348 567/916/349 568/917/350 569/918/351 
f 570/919/352 571/920/353 572/921/354 573/922/355 
f 505/923/287 566/915/348 569/918/351 506/924/288 
f 573/925/355 572/926/354 508/825/290 509/824/291 
f 567/927/349 536/928/318 535/929/317 568/930/350 
f 574/931/356 536/932/318 567/933/349 575/934/357 
f 571/935/353 540/936/322 574/931/356 575/934/357 
f 537/863/319 540/866/322 571/920/353 570/919/352 
s 8
f 83/937/43 576/938/358 577/939/359 84/940/44 
f 84/93/44 577/941/359 578/942/360 89/98/49 
f 87/103/47 86/943/46 577/944/359 576/945/358 
f 86/95/46 88/97/48 578/946/360 577/947/359 
s off
f 579/948/361 580/949/362 581/950/363 582/951/364 
f 580/952/362 583/953/365 584/954/366 581/955/363 
f 583/956/365 585/957/367 586/958/368 584/959/366 
f 585/957/367 587/960/369 588/961/370 586/958/368 
f 587/962/369 589/963/371 590/964/372 588/965/370 
f 589/963/371 591/966/373 592/967/374 590/964/372 
f 591/968/373 593/969/375 594/970/376 592/971/374 
f 593/972/375 579/973/361 582/974/364 594/975/376 
f 582/976/364 581/977/363 595/978/377 596/979/378 
f 581/980/363 584/981/366 597/982/379 595/983/377 
f 584/959/366 586/958/368 598/984/380 597/985/379 
f 586/958/368 588/961/370 599/986/381 598/984/380 
f 588/965/370 590/964/372 600/987/382 599/988/381 
f 590/964/372 592/967/374 601/989/383 600/987/382 
f 592/971/374 594/970/376 602/990/384 601/991/383 
f 594/975/376 582/974/364 596/992/378 602/993/384 
f 596/979/378 595/978/377 91/101/51 82/100/42 
f 595/983/377 597/982/379 603/994/385 91/995/51 
f 597/985/379 598/984/380 92/104/52 603/996/385 
f 598/984/380 599/986/381 85/105/45 92/104/52 
f 599/988/381 600/987/382 93/106/53 85/94/45 
f 600/987/382 601/989/383 604/997/386 93/106/53 
f 601/998/383 602/993/384 90/99/50 604/999/386 
f 602/993/384 596/992/378 82/91/42 90/99/50 
f 91/995/51 603/994/385 576/938/358 83/937/43 
f 603/996/385 92/104/52 87/103/47 576/945/358 
f 93/106/53 604/997/386 578/946/360 88/97/48 
f 604/999/386 90/99/50 89/98/49 578/942/360 
f 580/949/362 579/948/361 548/1000/330 547/1001/329 
f 583/1002/365 580/1003/362 547/910/329 564/905/346 
f 585/1004/367 583/1005/365 564/1006/346 563/1007/345 
f 562/1008/344 587/1009/369 585/1004/367 563/1007/345 
f 589/1010/371 587/1011/369 562/1012/344 541/1013/323 
f 544/1014/326 591/968/373 589/1015/371 541/1016/323 
f 593/969/375 591/968/373 544/1014/326 552/1017/334 
f 548/1000/330 579/948/361 593/1018/375 552/1019/334 
s 8
f 95/1020/43 605/1021/358 606/1022/359 96/1023/54 
f 96/109/54 606/1024/359 607/1025/360 101/114/49 
f 99/119/56 98/1026/46 606/1027/359 605/1028/358 
f 98/111/46 100/113/57 607/1029/360 606/1030/359 
s off
f 608/1031/387 609/1032/388 610/1033/389 611/1034/364 
f 609/1035/388 612/1036/390 613/1037/366 610/1038/389 
f 612/1039/390 614/1040/391 615/1041/392 613/1042/366 
f 614/1040/391 616/1043/393 617/1044/370 615/1041/392 
f 616/1045/393 618/1046/394 619/1047/372 617/1048/370 
f 618/1046/394 620/1049/395 621/1050/374 619/1047/372 
f 620/1051/395 622/1052/396 623/1053/376 621/1054/374 
f 622/1055/396 608/1056/387 611/1057/364 623/1058/376 
f 611/1059/364 610/1060/389 624/1061/377 625/1062/378 
f 610/1063/389 613/1064/366 626/1065/379 624/1066/377 
f 613/1042/366 615/1041/392 627/1067/380 626/1068/379 
f 615/1041/392 617/1044/370 628/1069/381 627/1067/380 
f 617/1048/370 619/1047/372 629/1070/382 628/1071/381 
f 619/1047/372 621/1050/374 630/1072/383 629/1070/382 
f 621/1054/374 623/1053/376 631/1073/384 630/1074/383 
f 623/1058/376 611/1057/364 625/1075/378 631/1076/384 
f 625/1062/378 624/1061/377 103/117/51 94/116/42 
f 624/1066/377 626/1065/379 632/1077/385 103/1078/51 
f 626/1068/379 627/1067/380 104/120/52 632/1079/385 
f 627/1067/380 628/1069/381 97/121/55 104/120/52 
f 628/1071/381 629/1070/382 105/122/53 97/110/55 
f 629/1070/382 630/1072/383 633/1080/386 105/122/53 
f 630/1081/383 631/1076/384 102/115/50 633/1082/386 
f 631/1076/384 625/1075/378 94/107/42 102/115/50 
f 103/1078/51 632/1077/385 605/1021/358 95/1020/43 
f 632/1079/385 104/120/52 99/119/56 605/1028/358 
f 105/122/53 633/1080/386 607/1029/360 100/113/57 
f 633/1082/386 102/115/50 101/114/49 607/1025/360 
f 609/1032/388 608/1031/387 517/1083/299 516/1084/298 
f 612/1085/390 609/1086/388 516/832/298 553/886/335 
f 614/1087/391 612/1088/390 553/1089/335 551/1090/333 
f 550/1091/332 616/1043/393 614/1040/391 551/1092/333 
f 618/1093/394 616/1094/393 550/1095/332 512/1096/294 
f 511/1097/293 620/1051/395 618/1098/394 512/1099/294 
f 622/1052/396 620/1051/395 511/1097/293 558/1100/340 
f 517/1083/299 608/1031/387 622/1101/396 558/1102/340 
s 8
f 107/1103/43 634/1104/358 635/1105/397 108/1106/44 
f 108/125/44 635/1107/397 636/1108/360 113/130/49 
f 111/135/56 110/1109/46 635/1110/397 634/1111/358 
f 110/127/46 112/129/48 636/1112/360 635/1113/397 
s off
f 637/1114/398 638/1115/399 639/1116/363 640/1117/364 
f 638/1118/399 641/1119/400 642/1120/366 639/1121/363 
f 641/1122/400 643/1123/401 644/1124/392 642/1125/366 
f 643/1123/401 645/1126/402 646/1127/370 644/1124/392 
f 645/1128/402 647/1129/403 648/1130/372 646/1131/370 
f 647/1129/403 649/1132/404 650/1133/374 648/1130/372 
f 649/1134/404 651/1135/405 652/1136/376 650/1137/374 
f 651/1138/405 637/1139/398 640/1140/364 652/1141/376 
f 640/1142/364 639/1143/363 653/1144/377 654/1145/378 
f 639/1146/363 642/1147/366 655/1148/379 653/1149/377 
f 642/1125/366 644/1124/392 656/1150/380 655/1151/379 
f 644/1124/392 646/1127/370 657/1152/381 656/1150/380 
f 646/1131/370 648/1130/372 658/1153/406 657/1154/381 
f 648/1130/372 650/1133/374 659/1155/407 658/1153/406 
f 650/1137/374 652/1136/376 660/1156/384 659/1157/407 
f 652/1141/376 640/1140/364 654/1158/378 660/1159/384 
f 654/1145/378 653/1144/377 115/133/51 106/132/42 
f 653/1149/377 655/1148/379 661/1160/385 115/1161/51 
f 655/1151/379 656/1150/380 116/136/52 661/1162/385 
f 656/1150/380 657/1152/381 109/137/55 116/136/52 
f 657/1154/381 658/1153/406 117/138/53 109/126/55 
f 658/1153/406 659/1155/407 662/1163/386 117/138/53 
f 659/1164/407 660/1159/384 114/131/50 662/1165/386 
f 660/1159/384 654/1158/378 106/123/42 114/131/50 
f 115/1161/51 661/1160/385 634/1104/358 107/1103/43 
f 661/1162/385 116/136/52 111/135/56 634/1111/358 
f 117/138/53 662/1163/386 636/1112/360 112/129/48 
f 662/1165/386 114/131/50 113/130/49 636/1108/360 
f 638/1115/399 637/1114/398 540/1166/322 539/1167/321 
f 641/1168/400 638/1169/399 539/914/321 559/913/341 
f 643/1170/401 641/1171/400 559/1172/341 557/1173/339 
f 556/1174/338 645/1126/402 643/1123/401 557/1175/339 
f 647/1176/403 645/1177/402 556/1178/338 533/1179/315 
f 536/1180/318 649/1134/404 647/1181/403 533/1182/315 
f 651/1135/405 649/1134/404 536/1180/318 574/1183/356 
f 540/936/322 637/1139/398 651/1138/405 574/931/356 
s 8
f 119/1184/43 663/1185/358 664/1186/397 120/1187/44 
f 120/141/44 664/1188/397 665/1189/360 125/146/49 
f 123/151/56 122/1190/46 664/1191/397 663/1192/358 
f 122/143/46 124/145/48 665/1193/360 664/1194/397 
s off
f 666/1195/408 667/1196/409 668/1197/363 669/1198/364 
f 667/1199/409 670/1200/410 671/1201/366 668/1202/363 
f 670/1203/410 672/1204/411 673/1205/392 671/1206/366 
f 672/1204/411 674/1207/412 675/1208/370 673/1205/392 
f 674/1209/412 676/1210/413 677/1211/372 675/1212/370 
f 676/1210/413 678/1213/414 679/1214/374 677/1211/372 
f 678/1215/414 680/1216/415 681/1217/376 679/1218/374 
f 680/1219/415 666/1220/408 669/1221/364 681/1222/376 
f 669/1223/364 668/1224/363 682/1225/377 683/1226/378 
f 668/1227/363 671/1228/366 684/1229/379 682/1230/377 
f 671/1206/366 673/1205/392 685/1231/380 684/1232/379 
f 673/1205/392 675/1208/370 686/1233/381 685/1231/380 
f 675/1212/370 677/1211/372 687/1234/382 686/1235/381 
f 677/1211/372 679/1214/374 688/1236/383 687/1234/382 
f 679/1218/374 681/1217/376 689/1237/384 688/1238/383 
f 681/1222/376 669/1221/364 683/1239/378 689/1240/384 
f 683/1226/378 682/1225/377 127/149/51 118/148/42 
f 682/1230/377 684/1229/379 690/1241/385 127/1242/51 
f 684/1232/379 685/1231/380 128/152/52 690/1243/385 
f 685/1231/380 686/1233/381 121/153/55 128/152/52 
f 686/1235/381 687/1234/382 129/154/53 121/142/55 
f 687/1234/382 688/1236/383 691/1244/386 129/154/53 
f 688/1245/383 689/1240/384 126/147/50 691/1246/386 
f 689/1240/384 683/1239/378 118/139/42 126/147/50 
f 127/1242/51 690/1241/385 663/1185/358 119/1184/43 
f 690/1243/385 128/152/52 123/151/56 663/1192/358 
f 129/154/53 691/1244/386 665/1193/360 124/145/48 
f 691/1246/386 126/147/50 125/146/49 665/1189/360 
f 667/1196/409 666/1195/408 508/825/290 572/926/354 
f 670/1247/410 667/1248/409 572/1249/354 571/1250/353 
f 672/1251/411 670/1247/410 571/1250/353 575/1252/357 
f 567/1253/349 674/1254/412 672/1251/411 575/1252/357 
f 676/1255/413 674/1256/412 567/1257/349 566/1258/348 
f 505/1259/287 678/1260/414 676/1255/413 566/1258/348 
f 680/1216/415 678/1215/414 505/1261/287 507/1262/289 
f 508/825/290 666/1195/408 680/1263/415 507/1264/289 
f 302/366/6 301/365/145 692/1265/416 693/1266/417 
f 290/1267/134 694/1268/418 695/1269/419 291/1270/135 287/1271/131 
f 291/1270/135 696/1272/420 697/1273/421 293/1274/137 
f 697/1275/421 696/1276/420 698/1277/422 699/1278/423 
f 700/1279/424 299/363/143 298/362/142 701/1280/425 698/1277/422 
f 699/1278/423 702/1281/426 703/1282/427 697/1275/421 
f 703/1283/427 295/1284/139 293/1274/137 697/1273/421 
f 695/1269/419 704/1285/428 696/1272/420 291/1270/135 
f 696/1276/420 704/1286/428 700/1279/424 698/1277/422 
f 299/1287/143 705/1288/429 706/1289/430 300/1290/144 
f 700/1291/424 707/1292/431 705/1293/429 299/1294/143 
f 704/1295/428 708/1296/432 707/1297/431 700/1298/424 
f 704/1295/428 695/1299/419 709/1300/433 708/1296/432 
f 695/1301/419 694/1302/418 710/1303/434 709/1304/433 
f 694/1268/418 692/1265/416 711/1305/435 710/1306/434 
f 301/1307/145 712/1308/436 711/1309/435 692/1310/416 
f 301/1307/145 300/1311/144 706/1312/430 712/1308/436 
f 290/1267/134 693/1266/417 692/1265/416 694/1268/418 
f 300/364/144 301/1313/145 499/1314/281 297/361/141 
f 289/1315/133 713/1316/437 160/194/88 159/193/87 
f 713/1317/437 714/1318/438 161/196/89 160/1319/88 
f 714/1318/438 715/1320/439 162/197/90 161/196/89 
f 715/1320/439 296/1321/140 163/198/91 162/197/90 
f 280/1322/124 279/1323/123 706/1289/430 705/1288/429 
f 281/1324/125 280/1325/124 705/1326/429 707/1327/431 
f 282/1328/126 281/1329/125 707/1330/431 708/1331/432 
f 709/1332/433 283/1333/127 282/1328/126 708/1331/432 
f 710/1334/434 284/1335/128 283/1336/127 709/1337/433 
f 711/1305/435 285/1338/129 284/1339/128 710/1306/434 
f 712/1340/436 286/1341/130 285/1338/129 711/1305/435 
f 279/1342/123 286/1343/130 712/1344/436 706/1345/430 
f 713/1346/437 289/349/133 288/348/132 
f 714/1347/438 713/1348/437 288/353/132 292/352/136 
f 294/356/138 715/1349/439 714/1347/438 292/352/136 
f 296/358/140 715/1350/439 294/359/138 
f 702/1351/426 699/1352/423 166/1353/94 716/1354/440 
f 699/1355/423 698/1356/422 167/202/95 166/201/94 
f 701/1357/425 717/1358/441 167/202/95 698/1356/422 
f 298/1359/142 718/1360/442 717/1361/441 701/1362/425 
f 165/1363/93 719/1364/443 716/1365/440 166/1366/94 
f 717/1358/441 720/1367/444 164/199/92 167/202/95 
f 718/1368/442 721/1369/445 720/1370/444 717/1371/441 
f 719/1372/443 165/1373/93 168/203/96 722/1374/446 
f 165/1373/93 164/1375/92 169/204/97 168/203/96 
f 164/1375/92 720/1376/444 170/205/98 169/204/97 
f 720/1376/444 721/1377/445 171/206/99 170/205/98 
f 722/1374/446 168/203/96 139/191/67 138/1378/66 
f 723/1379/123 724/1380/124 190/228/76 189/227/75 
f 724/1380/124 725/1381/125 191/229/77 190/228/76 
f 725/1381/125 726/1382/126 192/230/78 191/229/77 
f 726/1382/126 727/1383/127 193/231/79 192/230/78 
f 727/1384/127 728/1385/128 194/233/80 193/232/79 
f 728/1385/128 729/1386/129 196/236/82 194/233/80 
f 729/1386/129 730/1387/130 197/237/83 196/236/82 
f 730/1387/130 723/1388/123 189/238/75 197/237/83 
f 731/1389/131 732/1390/132 733/1391/133 734/1392/134 
f 735/1393/135 736/1394/136 732/1395/132 731/1396/131 
f 737/1397/137 738/1398/138 736/1394/136 735/1393/135 
f 739/1399/139 740/1400/140 738/1401/138 737/1402/137 
f 741/1403/141 742/1404/142 743/1405/143 744/1406/144 
f 745/1407/6 746/1408/447 747/1409/416 748/1410/6 
f 734/1411/134 749/1412/418 750/1413/419 735/1414/135 731/1415/131 
f 735/1414/135 751/1416/420 752/1417/421 737/1418/137 
f 752/1419/421 751/1420/420 753/1421/422 754/1422/423 
f 755/1423/424 743/1405/143 742/1404/142 756/1424/425 753/1421/422 
f 754/1422/423 757/1425/426 758/1426/427 752/1419/421 
f 758/1427/427 739/1428/139 737/1418/137 752/1417/421 
f 750/1413/419 759/1429/428 751/1416/420 735/1414/135 
f 751/1420/420 759/1430/428 755/1423/424 753/1421/422 
f 743/1431/143 760/1432/429 761/1433/430 744/1434/144 
f 755/1435/424 762/1436/431 760/1437/429 743/1438/143 
f 759/1439/428 763/1440/432 762/1441/431 755/1442/424 
f 759/1439/428 750/1443/419 764/1444/433 763/1440/432 
f 750/1445/419 749/1446/418 765/1447/434 764/1448/433 
f 749/1412/418 747/1409/416 766/1449/435 765/1450/434 
f 746/1451/447 767/1452/436 766/1453/435 747/1454/416 
f 746/1451/447 744/1455/144 761/1456/430 767/1452/436 
f 734/1411/134 748/1410/6 747/1409/416 749/1412/418 
f 744/1406/144 746/1457/447 768/1458/141 741/1403/141 
f 733/1459/133 769/1460/437 202/244/88 201/243/87 
f 769/1461/437 770/1462/438 203/246/89 202/1463/88 
f 770/1462/438 771/1464/439 204/247/90 203/246/89 
f 771/1464/439 740/1465/140 205/248/91 204/247/90 
f 724/1466/124 723/1467/123 761/1468/430 760/1469/429 
f 725/1470/125 724/1471/124 760/1472/429 762/1473/431 
f 726/1474/126 725/1475/125 762/1476/431 763/1477/432 
f 764/1478/433 727/1479/127 726/1474/126 763/1477/432 
f 765/1480/434 728/1481/128 727/1482/127 764/1483/433 
f 766/1449/435 729/1484/129 728/1485/128 765/1450/434 
f 767/1486/436 730/1487/130 729/1484/129 766/1449/435 
f 723/1467/123 730/1488/130 767/1489/436 761/1468/430 
f 769/1490/437 733/1391/133 732/1390/132 
f 770/1491/438 769/1492/437 732/1395/132 736/1394/136 
f 738/1398/138 771/1493/439 770/1491/438 736/1394/136 
f 740/1400/140 771/1494/439 738/1401/138 
f 757/1495/426 754/1496/423 208/1497/94 772/1498/440 
f 754/1499/423 753/1500/422 209/252/95 208/251/94 
f 756/1501/425 773/1502/441 209/252/95 753/1500/422 
f 742/1503/142 774/1504/442 773/1505/441 756/1506/425 
f 207/1507/93 775/1508/443 772/1509/440 208/1510/94 
f 773/1502/441 776/1511/444 206/249/92 209/252/95 
f 774/1512/442 777/1513/445 776/1514/444 773/1515/441 
f 775/1516/443 207/1517/93 210/253/96 778/1518/446 
f 207/1517/93 206/1519/92 211/254/97 210/253/96 
f 206/1519/92 776/1520/444 212/255/98 211/254/97 
f 776/1520/444 777/1521/445 213/256/99 212/255/98 
f 778/1518/446 210/253/96 181/217/67 180/216/66 
f 779/1522/123 780/1523/124 236/282/76 235/281/75 
f 780/1523/124 781/1524/125 237/283/77 236/282/76 
f 781/1524/125 782/1525/126 238/284/78 237/283/77 
f 782/1525/126 783/1526/127 239/285/79 238/284/78 
f 783/1527/127 784/1528/128 240/287/80 239/286/79 
f 784/1528/128 785/1529/129 242/290/82 240/287/80 
f 785/1529/129 786/1530/130 243/291/83 242/290/82 
f 786/1530/130 779/1531/123 235/292/75 243/291/83 
f 787/1532/131 788/1533/132 789/1534/448 790/1535/134 
f 791/1536/135 792/1537/136 788/1538/132 787/1539/131 
f 793/1540/137 794/1541/138 792/1537/136 791/1536/135 
f 795/1542/449 796/1543/140 794/1544/138 793/1545/137 
f 797/1546/141 798/1547/142 799/1548/143 800/1549/144 
s 1
f 801/1550/450 802/1551/451 803/1552/452 795/1553/449 
f 804/1554/453 805/1555/454 802/1556/451 801/1557/450 
s off
f 806/1558/6 807/1559/447 808/1560/416 809/1561/6 
f 790/1562/134 810/1563/418 811/1564/419 791/1565/135 787/1566/131 
f 791/1565/135 812/1567/420 813/1568/421 793/1569/137 
f 813/1570/421 812/1571/420 814/1572/422 815/1573/423 
f 816/1574/424 799/1548/143 798/1547/142 817/1575/425 814/1572/422 
f 815/1573/423 804/1554/453 801/1557/450 813/1570/421 
f 801/1550/450 795/1553/449 793/1569/137 813/1568/421 
f 811/1564/419 818/1576/428 812/1567/420 791/1565/135 
f 812/1571/420 818/1577/428 816/1574/424 814/1572/422 
f 799/1578/143 819/1579/429 820/1580/430 800/1581/144 
f 816/1582/424 821/1583/431 819/1584/429 799/1585/143 
f 818/1586/428 822/1587/432 821/1588/431 816/1589/424 
f 818/1586/428 811/1590/419 823/1591/433 822/1587/432 
f 811/1592/419 810/1593/418 824/1594/434 823/1595/433 
f 810/1563/418 808/1560/416 825/1596/435 824/1597/434 
f 807/1598/447 826/1599/436 825/1600/435 808/1601/416 
f 807/1598/447 800/1602/144 820/1603/430 826/1599/436 
f 790/1562/134 809/1561/6 808/1560/416 810/1563/418 
f 800/1549/144 807/1604/447 827/1605/141 797/1546/141 
f 789/1606/448 828/1607/437 248/298/88 247/297/87 
f 828/1608/437 829/1609/438 249/300/89 248/1610/88 
f 829/1609/438 830/1611/439 250/301/90 249/300/89 
f 830/1611/439 796/1612/140 251/302/91 250/301/90 
f 780/1613/124 779/1614/123 820/1615/430 819/1616/429 
f 781/1617/125 780/1618/124 819/1619/429 821/1620/431 
f 782/1621/126 781/1622/125 821/1623/431 822/1624/432 
f 823/1625/433 783/1626/127 782/1621/126 822/1624/432 
f 824/1627/434 784/1628/128 783/1629/127 823/1630/433 
f 825/1596/435 785/1631/129 784/1632/128 824/1597/434 
f 826/1633/436 786/1634/130 785/1631/129 825/1596/435 
f 779/1614/123 786/1635/130 826/1636/436 820/1615/430 
f 828/1637/437 789/1534/448 788/1533/132 
f 829/1638/438 828/1639/437 788/1538/132 792/1537/136 
f 794/1541/138 830/1640/439 829/1638/438 792/1537/136 
f 796/1543/140 830/1641/439 794/1544/138 
f 804/1642/453 815/1643/423 254/1644/94 831/1645/440 
f 815/1646/423 814/1647/422 255/306/95 254/305/94 
f 817/1648/425 832/1649/441 255/306/95 814/1647/422 
f 798/1650/142 833/1651/442 832/1652/441 817/1653/425 
f 253/1654/93 834/1655/443 831/1656/440 254/1657/94 
f 832/1649/441 835/1658/444 252/303/92 255/306/95 
f 833/1659/442 836/1660/445 835/1661/444 832/1662/441 
f 834/1663/443 253/1664/93 256/307/96 837/1665/446 
f 253/1664/93 252/1666/92 257/308/97 256/307/96 
f 252/1666/92 835/1667/444 258/309/98 257/308/97 
f 835/1667/444 836/1668/445 259/310/99 258/309/98 
f 837/1665/446 256/307/96 227/271/67 226/270/66 
s 1
f 745/1407/6 295/1284/139 703/1283/427 746/1408/447 
f 746/1457/447 703/1282/427 702/1281/426 768/1458/141 
f 806/1558/6 739/1428/139 758/1427/427 807/1559/447 
f 807/1604/447 758/1426/427 757/1425/426 827/1605/141 
s off
f 262/313/106 838/1669/455 839/1670/456 263/314/107 
f 838/1669/455 803/1671/452 840/1672/457 839/1670/456 
f 803/1671/452 802/1673/451 841/1674/458 840/1672/457 
f 802/1675/451 805/1676/454 842/1677/459 841/1678/458 
f 805/1676/454 261/1679/105 264/1680/108 842/1677/459 
f 264/1681/108 263/1682/107 843/1683/460 844/1684/461 
f 839/1670/456 845/1685/462 843/1686/460 263/314/107 
f 840/1687/457 846/1688/463 845/1689/462 839/1690/456 
f 841/1691/458 847/1692/464 846/1693/463 840/1694/457 
f 842/1695/459 848/1696/465 847/1692/464 841/1691/458 
f 842/1697/459 264/1681/108 844/1684/461 848/1698/465 
f 268/1699/112 267/1700/111 844/1684/461 843/1683/460 
f 845/1701/462 271/1702/115 268/1703/112 843/1704/460 
f 846/1705/463 273/1706/117 271/1702/115 845/1701/462 
f 847/1707/464 275/1708/119 273/1709/117 846/1710/463 
f 848/1711/465 277/1712/121 275/1713/119 847/1714/464 
f 267/1700/111 277/1715/121 848/1698/465 844/1684/461 
f 270/324/114 269/323/113 214/257/100 217/260/103 
f 269/323/113 272/326/116 215/258/101 214/257/100 
f 272/330/116 274/329/118 265/316/109 215/319/101 
f 274/329/118 276/332/120 266/317/110 265/316/109 
f 276/332/120 278/1716/122 260/320/104 266/317/110 
f 278/335/122 270/324/114 217/260/103 260/311/104 
s 1
f 1/1/1 3/3/3 849/1717/466 
f 1/1/1 849/1717/466 850/1718/467 
s 8
f 3/5/3 6/8/6 851/1719/468 849/1720/466 
f 849/1721/466 851/1722/468 852/1723/469 850/1724/467 
f 6/8/6 9/14/6 853/1725/470 851/1719/468 
f 854/1726/471 13/18/6 12/17/6 855/1727/472 
f 856/1728/473 854/1729/471 855/1730/472 857/1731/474 
f 853/1725/470 9/14/6 13/18/6 854/1726/471 
s off
f 858/1732/475 859/1733/476 860/1734/477 
f 861/1735/478 862/1736/479 863/1737/480 
f 862/1736/479 861/1735/478 864/1738/481 
f 858/1739/475 860/1740/477 865/1741/482 
f 866/1742/483 867/1743/484 868/1744/485 
f 869/1745/486 870/1746/487 871/1747/488 
f 869/1745/486 871/1747/488 872/1748/489 
f 866/1742/483 873/1749/490 867/1743/484 
f 873/1749/490 866/1742/483 874/1750/491 
f 866/1742/483 868/1744/485 875/1751/492 
f 870/1746/487 869/1745/486 876/1752/493 
f 869/1745/486 872/1748/489 877/1753/494 
f 878/1754/483 879/1755/484 880/1756/485 
f 881/1757/486 882/1758/487 883/1759/488 
f 881/1757/486 883/1759/488 884/1760/489 
f 878/1754/483 885/1761/490 879/1755/484 
f 885/1761/490 878/1754/483 886/1762/491 
f 878/1754/483 880/1756/485 887/1763/492 
f 882/1758/487 881/1757/486 888/1764/493 
f 881/1757/486 884/1760/489 889/1765/494 
f 890/1766/483 891/1767/484 892/1768/485 
f 893/1769/486 894/1770/487 895/1771/488 
f 893/1769/486 895/1771/488 896/1772/489 
f 890/1766/483 897/1773/490 891/1767/484 
f 897/1773/490 890/1766/483 898/1774/491 
f 890/1766/483 892/1768/485 899/1775/492 
f 894/1770/487 893/1769/486 900/1776/493 
f 893/1769/486 896/1772/489 901/1777/494 
f 902/1778/483 903/1779/484 904/1780/485 
f 905/1781/486 906/1782/487 907/1783/488 
f 905/1781/486 907/1783/488 908/1784/489 
f 902/1778/483 909/1785/490 903/1779/484 
f 909/1785/490 902/1778/483 910/1786/491 
f 902/1778/483 904/1780/485 911/1787/492 
f 906/1782/487 905/1781/486 912/1788/493 
f 905/1781/486 908/1784/489 913/1789/494 
s 8
f 12/17/6 73/82/6 914/1790/495 855/1727/472 
s off
f 915/1791/496 916/1792/497 917/1793/498 
f 918/1794/499 919/1795/500 920/1796/501 
f 919/1795/500 918/1794/499 921/1797/502 
f 915/1791/496 917/1793/498 922/1798/503 
f 923/1799/504 924/1800/505 925/1801/506 
f 926/1802/507 927/1803/508 928/1804/509 
f 926/1802/507 928/1804/509 929/1805/510 
f 923/1799/504 930/1806/511 924/1800/505 
f 930/1806/511 923/1799/504 931/1807/512 
f 923/1808/504 925/1809/506 932/1810/513 
f 927/1811/508 926/1812/507 933/1813/514 
f 926/1802/507 929/1805/510 934/1814/515 
f 935/1815/504 936/1816/516 937/1817/506 
f 938/1818/517 939/1819/518 940/1820/509 
f 938/1818/517 940/1820/509 941/1821/519 
f 935/1815/504 942/1822/511 936/1816/516 
f 942/1822/511 935/1815/504 943/1823/512 
f 935/1824/504 937/1825/506 944/1826/513 
f 939/1827/518 938/1828/517 945/1829/514 
f 938/1818/517 941/1821/519 946/1830/515 
f 947/1831/504 948/1832/505 949/1833/506 
f 950/1834/517 951/1835/518 952/1836/509 
f 950/1834/517 952/1836/509 953/1837/510 
f 947/1831/504 954/1838/511 948/1832/505 
f 954/1838/511 947/1831/504 955/1839/512 
f 947/1840/504 949/1841/506 956/1842/513 
f 951/1843/518 950/1844/517 957/1845/514 
f 950/1834/517 953/1837/510 958/1846/515 
f 959/1847/504 960/1848/505 961/1849/506 
f 962/1850/517 963/1851/518 964/1852/509 
f 962/1850/517 964/1852/509 965/1853/510 
f 959/1847/504 966/1854/511 960/1848/505 
f 966/1854/511 959/1847/504 967/1855/512 
f 959/1856/504 961/1857/506 968/1858/513 
f 963/1859/518 962/1860/517 969/1861/514 
f 962/1850/517 965/1853/510 970/1862/515 
s 8
f 971/1863/520 972/1864/521 973/1865/522 
f 974/1866/523 975/1867/524 971/1868/520 
s off
f 971/1868/520 976/1869/525 977/1870/526 
f 971/1868/520 978/1871/527 974/1866/523 
f 979/1872/528 980/1873/529 981/1874/530 
f 141/167/69 982/1875/531 983/1876/532 
f 984/1877/533 982/1878/531 141/171/69 
f 985/1879/534 986/1880/535 980/1873/529 
f 987/1881/536 975/1867/524 974/1866/523 988/1882/537 
f 988/1882/537 974/1866/523 978/1871/527 989/1883/538 
f 989/1883/538 978/1871/527 977/1870/526 990/1884/539 
f 990/1884/539 977/1870/526 976/1869/525 991/1885/540 
f 991/1886/540 976/1887/525 992/1888/541 993/1889/542 
f 993/1889/542 992/1888/541 973/1865/522 994/1890/543 
f 994/1890/543 973/1865/522 972/1864/521 995/1891/544 
f 995/1891/544 972/1864/521 975/1892/524 987/1893/536 
f 984/1877/533 141/171/69 156/189/84 
f 141/167/69 983/1876/532 157/190/85 
f 976/1887/525 971/1863/520 992/1888/541 
s 8
f 971/1863/520 973/1865/522 992/1888/541 
s off
f 978/1871/527 971/1868/520 977/1870/526 
s 8
f 971/1863/520 975/1892/524 972/1864/521 
s off
f 981/1874/530 980/1873/529 996/1894/545 
f 980/1873/529 986/1880/535 996/1894/545 
f 159/193/87 157/190/85 983/1876/532 997/1895/546 
f 997/1895/546 983/1876/532 982/1875/531 998/1896/547 
f 998/1897/547 982/1878/531 984/1877/533 999/1898/548 
f 999/1898/548 984/1877/533 156/189/84 163/198/91 
f 1000/1899/549 1001/1900/550 1002/1901/551 1003/1902/552 
f 1004/1903/553 981/1874/530 996/1894/545 1005/1904/554 
f 1005/1904/554 996/1894/545 986/1880/535 1006/1905/555 
f 1006/1905/555 986/1880/535 985/1879/534 1007/1906/556 
s 8
f 1008/1907/520 1009/1908/521 1010/1909/522 
f 1011/1910/523 1012/1911/524 1008/1912/520 
s off
f 1008/1912/520 1013/1913/525 1014/1914/526 
f 1008/1912/520 1015/1915/527 1011/1910/523 
f 1016/1916/528 1017/1917/529 1018/1918/530 
f 183/219/69 1019/1919/531 1020/1920/532 
f 1021/1921/533 1019/1922/531 183/223/69 
f 1022/1923/534 1023/1924/535 1017/1917/529 
f 1024/1925/536 1012/1911/524 1011/1910/523 1025/1926/537 
f 1025/1926/537 1011/1910/523 1015/1915/527 1026/1927/538 
f 1026/1927/538 1015/1915/527 1014/1914/526 1027/1928/539 
f 1027/1928/539 1014/1914/526 1013/1913/525 1028/1929/540 
f 1028/1930/540 1013/1931/525 1029/1932/541 1030/1933/542 
f 1030/1933/542 1029/1932/541 1010/1909/522 1031/1934/543 
f 1031/1934/543 1010/1909/522 1009/1908/521 1032/1935/544 
f 1032/1935/544 1009/1908/521 1012/1936/524 1024/1937/536 
f 1021/1921/533 183/223/69 198/240/84 
f 183/219/69 1020/1920/532 199/241/85 
f 1013/1931/525 1008/1907/520 1029/1932/541 
s 8
f 1008/1907/520 1010/1909/522 1029/1932/541 
s off
f 1015/1915/527 1008/1912/520 1014/1914/526 
s 8
f 1008/1907/520 1012/1936/524 1009/1908/521 
s off
f 1018/1918/530 1017/1917/529 1033/1938/545 
f 1017/1917/529 1023/1924/535 1033/1938/545 
f 201/243/87 199/241/85 1020/1920/532 1034/1939/546 
f 1034/1939/546 1020/1920/532 1019/1919/531 1035/1940/547 
f 1035/1941/547 1019/1922/531 1021/1921/533 1036/1942/548 
f 1036/1942/548 1021/1921/533 198/240/84 205/248/91 
f 1037/1943/549 1038/1944/550 1039/1945/551 1040/1946/552 
f 1041/1947/553 1018/1918/530 1033/1938/545 1042/1948/554 
f 1042/1948/554 1033/1938/545 1023/1924/535 1043/1949/555 
f 1043/1949/555 1023/1924/535 1022/1923/534 1044/1950/556 
s 1
f 1045/1951/557 1046/1952/558 1047/1953/559 
f 1045/1951/557 1048/1954/560 1046/1952/558 
s 8
f 1049/1955/520 1050/1956/521 1051/1957/522 
f 1052/1958/523 1053/1959/524 1049/1960/520 
s off
f 1049/1960/520 1054/1961/525 1055/1962/526 
f 1049/1960/520 1056/1963/527 1052/1958/523 
f 1057/1964/528 1058/1965/529 1059/1966/530 
f 229/273/69 1060/1967/531 1061/1968/532 
f 1062/1969/533 1060/1970/531 229/277/69 
f 1063/1971/534 1064/1972/535 1058/1965/529 
f 1065/1973/536 1053/1959/524 1052/1958/523 1066/1974/537 
f 1066/1974/537 1052/1958/523 1056/1963/527 1067/1975/538 
f 1067/1975/538 1056/1963/527 1055/1962/526 1068/1976/539 
f 1068/1976/539 1055/1962/526 1054/1961/525 1069/1977/540 
f 1069/1978/540 1054/1979/525 1070/1980/541 1071/1981/542 
f 1071/1981/542 1070/1980/541 1051/1957/522 1072/1982/543 
f 1072/1982/543 1051/1957/522 1050/1956/521 1073/1983/544 
f 1073/1983/544 1050/1956/521 1053/1984/524 1065/1985/536 
f 1062/1969/533 229/277/69 244/294/84 
f 229/273/69 1061/1968/532 245/295/85 
f 1054/1979/525 1049/1955/520 1070/1980/541 
s 8
f 1049/1955/520 1051/1957/522 1070/1980/541 
s off
f 1056/1963/527 1049/1960/520 1055/1962/526 
s 8
f 1049/1955/520 1053/1984/524 1050/1956/521 
s off
f 1059/1966/530 1058/1965/529 1074/1986/545 
f 1058/1965/529 1064/1972/535 1074/1986/545 
f 247/297/87 245/295/85 1061/1968/532 1075/1987/546 
f 1075/1987/546 1061/1968/532 1060/1967/531 1076/1988/547 
f 1076/1989/547 1060/1970/531 1062/1969/533 1077/1990/548 
f 1077/1990/548 1062/1969/533 244/294/84 251/302/91 
f 1078/1991/549 1079/1992/550 1080/1993/551 1081/1994/552 
f 1082/1995/553 1059/1966/530 1074/1986/545 1083/1996/554 
f 1083/1996/554 1074/1986/545 1064/1972/535 1084/1997/555 
f 1084/1997/555 1064/1972/535 1063/1971/534 1085/1998/556 
s 1
f 1048/1954/560 1086/1999/561 1046/1952/558 
s off
f 1087/2000/562 1088/2001/563 1089/2002/564 262/313/106 
s 1
f 1090/2003/565 1046/2004/558 1091/2005/566 
f 1047/2006/559 1046/2004/558 1090/2003/565 
f 1091/2005/566 1046/2004/558 1086/2007/561 
s off
f 1092/2008/567 1093/2009/568 1094/2010/569 1095/2011/570 
f 1095/2011/570 1094/2010/569 1096/2012/571 1097/2013/572 
f 1097/2014/572 1096/2015/571 1098/2016/573 1099/2017/574 
f 1099/2017/574 1098/2016/573 1100/2018/575 1101/2019/576 
f 1101/2020/576 1100/2021/575 1102/2022/577 1103/2023/578 
f 1103/2023/578 1102/2022/577 1093/2009/568 1092/2008/567 
f 1104/2024/579 987/1881/536 988/1882/537 1105/2025/580 
f 1105/2025/580 988/1882/537 989/1883/538 1106/2026/581 
f 1106/2026/581 989/1883/538 990/1884/539 1107/2027/582 
f 1107/2027/582 990/1884/539 991/1885/540 1108/2028/583 
f 1108/2029/583 991/1886/540 993/1889/542 1109/2030/584 
f 1109/2030/584 993/1889/542 994/1890/543 1110/2031/585 
f 1110/2031/585 994/1890/543 995/1891/544 1111/2032/586 
f 1111/2032/586 995/1891/544 987/1893/536 1104/2033/579 
f 1112/2034/587 290/350/134 289/349/133 1113/2035/588 
f 1114/2036/589 1112/2037/587 1113/2038/588 1115/2039/590 
f 1116/2040/591 1114/2036/589 1115/2039/590 1117/2041/592 
f 295/2042/139 1116/2043/591 1117/2044/592 296/2045/140 
f 1118/2046/593 1119/2047/594 1120/2048/595 1121/2049/596 
s 8
f 1122/2050/597 914/1790/495 73/82/6 302/366/6 
f 863/1737/480 862/1736/479 1123/2051/598 1124/2052/599 
f 859/1733/476 1124/2053/599 1123/2054/598 860/1734/477 
s off
f 856/2055/473 1125/2056/600 1126/2057/601 854/2058/471 
f 854/1726/471 1126/2059/601 1127/2060/602 853/1725/470 
f 853/1725/470 1127/2060/602 1128/2061/603 851/1719/468 
f 851/2062/468 1128/2063/603 1129/2064/604 852/2065/469 
f 1125/2056/600 1130/2066/605 1131/2067/606 1126/2057/601 
f 1126/2059/601 1131/2068/606 1132/2069/607 1127/2060/602 
f 1127/2060/602 1132/2069/607 1133/2070/608 1128/2061/603 
f 1128/2063/603 1133/2071/608 1134/2072/609 1129/2064/604 
f 1135/2073/610 1136/2074/611 1137/2075/612 1138/2076/613 
f 1139/2077/614 1140/2078/615 1141/2079/616 1142/2080/617 
f 1143/2081/618 1144/2082/619 1145/2083/620 1146/2084/621 
f 1146/2084/621 1145/2083/620 1147/2085/622 1148/2086/623 
f 1148/2087/623 1147/2088/622 1149/2089/624 1150/2090/625 
f 1150/2091/625 1149/2092/624 1151/2093/626 1143/2094/618 
f 1144/2082/619 1152/2095/627 1153/2096/628 1145/2083/620 
f 1145/2083/620 1153/2096/628 1154/2097/629 1147/2085/622 
f 1147/2088/622 1154/2098/629 1155/2099/630 1149/2089/624 
f 1149/2100/624 1155/2101/630 1156/2102/631 1151/2103/626 
f 1152/2095/627 858/1739/475 865/1741/482 1153/2096/628 
f 1153/2096/628 865/1741/482 1157/2104/632 1154/2097/629 
f 1154/2098/629 1157/2105/632 864/2106/481 1155/2099/630 
f 1155/2101/630 864/2107/481 861/2108/478 1156/2102/631 
f 865/1741/482 860/1740/477 1123/2109/598 1157/2104/632 
f 1157/2105/632 1123/2110/598 862/2111/479 864/2106/481 
f 1158/2112/633 1159/2113/634 1160/2114/635 1161/2115/636 
f 1162/2116/637 1163/2117/638 1164/2118/639 1165/2119/640 
f 1166/2120/641 1167/2121/642 1168/2122/643 1169/2123/644 
f 1170/2124/645 1171/2125/646 1172/2126/647 1173/2127/648 
f 1167/2128/642 1174/2129/649 1175/2130/650 1168/2131/643 
f 1176/2132/651 1174/2129/649 1167/2128/642 1177/2133/652 
f 1178/2134/653 1176/2132/651 1177/2133/652 1171/2135/646 
f 1179/2136/654 1178/2137/653 1171/2125/646 1170/2124/645 
f 1138/2076/613 1180/2138/655 1181/2139/656 1135/2073/610 
f 1182/2140/657 1180/2138/655 1138/2076/613 1183/2141/658 
f 1184/2142/659 1182/2140/657 1183/2141/658 1140/2143/615 
f 1185/2144/660 1184/2145/659 1140/2146/615 1139/2147/614 
f 1146/2148/621 1186/2149/661 1187/2150/662 1143/2151/618 
f 1148/2087/623 1188/2152/663 1186/2153/661 1146/2154/621 
f 1150/2090/625 1189/2155/664 1188/2152/663 1148/2087/623 
f 1143/2094/618 1190/2156/665 1189/2157/664 1150/2091/625 
f 1186/2149/661 1166/2158/641 1169/2159/644 1187/2150/662 
f 1173/2127/648 1172/2126/647 1189/2160/664 1190/2161/665 
f 1174/2129/649 1137/2075/612 1136/2074/611 1175/2130/650 
f 1142/2162/617 1141/2163/616 1178/2137/653 1179/2136/654 
f 1180/2138/655 1158/2112/633 1161/2115/636 1181/2139/656 
f 1165/2164/640 1164/2165/639 1184/2145/659 1185/2144/660 
f 1191/2166/666 1192/2167/667 1193/2168/668 1194/2169/669 
f 1195/2170/670 1196/2171/671 1197/2172/672 1198/2173/673 
f 1131/2067/606 1130/2066/605 1192/2167/667 1191/2166/666 
f 1196/2171/671 1134/2072/609 1133/2071/608 1197/2172/672 
f 1194/2174/669 1193/2175/668 1160/2176/635 1159/2177/634 
f 1199/2178/674 1200/2179/675 1194/2180/669 1159/2181/634 
f 1198/2182/673 1200/2179/675 1199/2178/674 1163/2183/638 
f 1162/2184/637 1195/2185/670 1198/2186/673 1163/2187/638 
s 8
f 868/2188/485 867/2189/484 1201/2190/676 1202/2191/677 
f 867/1743/484 873/1749/490 1203/2192/678 1201/2193/676 
f 870/1746/487 1202/2194/677 1201/2195/676 871/1747/488 
f 871/1747/488 1201/2195/676 1203/2196/678 872/1748/489 
s off
f 1204/2197/679 1205/2198/680 1206/2199/681 1207/2200/682 
f 1207/2200/682 1206/2199/681 1208/2201/683 1209/2202/684 
f 1209/2203/684 1208/2204/683 1210/2205/685 1211/2206/686 
f 1211/2206/686 1210/2205/685 1212/2207/687 1213/2208/688 
f 1213/2208/688 1212/2207/687 1214/2209/689 1215/2210/690 
f 1215/2210/690 1214/2209/689 1216/2211/691 1217/2212/692 
f 1217/2213/692 1216/2214/691 1218/2215/693 1219/2216/694 
f 1219/2217/694 1218/2218/693 1205/2219/680 1204/2220/679 
f 1205/2198/680 1220/2221/695 1221/2222/696 1206/2199/681 
f 1206/2199/681 1221/2222/696 1222/2223/697 1208/2201/683 
f 1208/2224/683 1222/2225/697 1223/2226/698 1210/2227/685 
f 1210/2205/685 1223/2228/698 1224/2229/699 1212/2207/687 
f 1212/2207/687 1224/2229/699 1225/2230/700 1214/2209/689 
f 1214/2209/689 1225/2230/700 1226/2231/701 1216/2211/691 
f 1216/2232/691 1226/2233/701 1227/2234/702 1218/2218/693 
f 1218/2218/693 1227/2234/702 1220/2235/695 1205/2219/680 
f 1220/2221/695 866/2236/483 875/2237/492 1221/2222/696 
f 1221/2222/696 875/2237/492 1228/2238/703 1222/2223/697 
f 1222/2225/697 1228/2239/703 876/2240/493 1223/2226/698 
f 1223/2228/698 876/1752/493 869/1745/486 1224/2229/699 
f 1224/2229/699 869/1745/486 877/1753/494 1225/2230/700 
f 1225/2230/700 877/1753/494 1229/2241/704 1226/2231/701 
f 1226/2233/701 1229/2242/704 874/1750/491 1227/2234/702 
f 1227/2234/702 874/1750/491 866/1742/483 1220/2235/695 
f 875/2243/492 868/2188/485 1202/2191/677 1228/2244/703 
f 1228/2245/703 1202/2246/677 870/2247/487 876/2248/493 
f 877/1753/494 872/1748/489 1203/2196/678 1229/2241/704 
f 1229/2242/704 1203/2192/678 873/1749/490 874/1750/491 
f 1207/2200/682 1172/2249/647 1171/2250/646 1204/2197/679 
f 1209/2251/684 1189/2252/664 1172/2253/647 1207/2254/682 
f 1211/2206/686 1188/2255/663 1189/2256/664 1209/2203/684 
f 1186/2257/661 1188/2255/663 1211/2206/686 1213/2208/688 
f 1215/2258/690 1166/2158/641 1186/2149/661 1213/2259/688 
f 1167/2121/642 1166/2120/641 1215/2260/690 1217/2213/692 
f 1219/2216/694 1177/2261/652 1167/2121/642 1217/2213/692 
f 1171/2135/646 1177/2133/652 1219/2217/694 1204/2220/679 
s 8
f 880/2262/485 879/2263/484 1230/2264/676 1231/2265/677 
f 879/1755/484 885/1761/490 1232/2266/678 1230/2267/676 
f 882/1758/487 1231/2268/677 1230/2269/676 883/1759/488 
f 883/1759/488 1230/2269/676 1232/2270/678 884/1760/489 
s off
f 1233/2271/705 1234/2272/680 1235/2273/706 1236/2274/707 
f 1236/2274/707 1235/2273/706 1237/2275/683 1238/2276/708 
f 1238/2277/708 1237/2278/683 1239/2279/685 1240/2280/709 
f 1240/2280/709 1239/2279/685 1241/2281/687 1242/2282/710 
f 1242/2282/710 1241/2281/687 1243/2283/689 1244/2284/711 
f 1244/2284/711 1243/2283/689 1245/2285/691 1246/2286/712 
f 1246/2287/712 1245/2288/691 1247/2289/693 1248/2290/713 
f 1248/2291/713 1247/2292/693 1234/2293/680 1233/2294/705 
f 1234/2272/680 1249/2295/695 1250/2296/696 1235/2273/706 
f 1235/2273/706 1250/2296/696 1251/2297/697 1237/2275/683 
f 1237/2298/683 1251/2299/697 1252/2300/698 1239/2301/685 
f 1239/2279/685 1252/2302/698 1253/2303/699 1241/2281/687 
f 1241/2281/687 1253/2303/699 1254/2304/700 1243/2283/689 
f 1243/2283/689 1254/2304/700 1255/2305/701 1245/2285/691 
f 1245/2306/691 1255/2307/701 1256/2308/702 1247/2292/693 
f 1247/2292/693 1256/2308/702 1249/2309/695 1234/2293/680 
f 1249/2295/695 878/2310/483 887/2311/492 1250/2296/696 
f 1250/2296/696 887/2311/492 1257/2312/714 1251/2297/697 
f 1251/2299/697 1257/2313/714 888/2314/493 1252/2300/698 
f 1252/2302/698 888/1764/493 881/1757/486 1253/2303/699 
f 1253/2303/699 881/1757/486 889/1765/494 1254/2304/700 
f 1254/2304/700 889/1765/494 1258/2315/704 1255/2305/701 
f 1255/2307/701 1258/2316/704 886/1762/491 1256/2308/702 
f 1256/2308/702 886/1762/491 878/1754/483 1249/2309/695 
f 887/2317/492 880/2262/485 1231/2265/677 1257/2318/714 
f 1257/2313/714 1231/2319/677 882/2320/487 888/2314/493 
f 889/1765/494 884/1760/489 1232/2270/678 1258/2315/704 
f 1258/2316/704 1232/2266/678 885/1761/490 886/1762/491 
f 1236/2274/707 1141/2079/616 1140/2078/615 1233/2271/705 
f 1238/2321/708 1178/2322/653 1141/2323/616 1236/2324/707 
f 1240/2280/709 1176/2325/651 1178/2326/653 1238/2277/708 
f 1174/2327/649 1176/2325/651 1240/2280/709 1242/2282/710 
f 1244/2328/711 1137/2329/612 1174/2330/649 1242/2331/710 
f 1138/2332/613 1137/2333/612 1244/2334/711 1246/2287/712 
f 1248/2291/713 1183/2141/658 1138/2076/613 1246/2335/712 
f 1140/2143/615 1183/2141/658 1248/2291/713 1233/2294/705 
s 8
f 892/2336/485 891/2337/484 1259/2338/676 1260/2339/677 
f 891/1767/484 897/1773/490 1261/2340/678 1259/2341/676 
f 894/1770/487 1260/2342/677 1259/2343/676 895/1771/488 
f 895/1771/488 1259/2343/676 1261/2344/678 896/1772/489 
s off
f 1262/2345/715 1263/2346/680 1264/2347/706 1265/2348/716 
f 1265/2348/716 1264/2347/706 1266/2349/683 1267/2350/717 
f 1267/2351/717 1266/2352/683 1268/2353/685 1269/2354/718 
f 1269/2354/718 1268/2353/685 1270/2355/687 1271/2356/719 
f 1271/2356/719 1270/2355/687 1272/2357/689 1273/2358/720 
f 1273/2358/720 1272/2357/689 1274/2359/691 1275/2360/721 
f 1275/2361/721 1274/2362/691 1276/2363/693 1277/2364/722 
f 1277/2365/722 1276/2366/693 1263/2367/680 1262/2368/715 
f 1263/2346/680 1278/2369/695 1279/2370/696 1264/2347/706 
f 1264/2347/706 1279/2370/696 1280/2371/697 1266/2349/683 
f 1266/2372/683 1280/2373/697 1281/2374/698 1268/2375/685 
f 1268/2353/685 1281/2376/698 1282/2377/699 1270/2355/687 
f 1270/2355/687 1282/2377/699 1283/2378/700 1272/2357/689 
f 1272/2357/689 1283/2378/700 1284/2379/701 1274/2359/691 
f 1274/2380/691 1284/2381/701 1285/2382/702 1276/2366/693 
f 1276/2366/693 1285/2382/702 1278/2383/695 1263/2367/680 
f 1278/2369/695 890/2384/483 899/2385/492 1279/2370/696 
f 1279/2370/696 899/2385/492 1286/2386/703 1280/2371/697 
f 1280/2373/697 1286/2387/703 900/2388/493 1281/2374/698 
f 1281/2376/698 900/1776/493 893/1769/486 1282/2377/699 
f 1282/2377/699 893/1769/486 901/1777/494 1283/2378/700 
f 1283/2378/700 901/1777/494 1287/2389/704 1284/2379/701 
f 1284/2381/701 1287/2390/704 898/1774/491 1285/2382/702 
f 1285/2382/702 898/1774/491 890/1766/483 1278/2383/695 
f 899/2391/492 892/2336/485 1260/2339/677 1286/2392/703 
f 1286/2393/703 1260/2394/677 894/2395/487 900/2396/493 
f 901/1777/494 896/1772/489 1261/2344/678 1287/2389/704 
f 1287/2390/704 1261/2340/678 897/1773/490 898/1774/491 
f 1265/2348/716 1164/2118/639 1163/2117/638 1262/2345/715 
f 1267/2397/717 1184/2398/659 1164/2399/639 1265/2400/716 
f 1269/2354/718 1182/2401/657 1184/2402/659 1267/2351/717 
f 1180/2403/655 1182/2401/657 1269/2354/718 1271/2356/719 
f 1273/2404/720 1158/2405/633 1180/2406/655 1271/2407/719 
f 1159/2408/634 1158/2405/633 1273/2404/720 1275/2409/721 
f 1277/2364/722 1199/2410/674 1159/2411/634 1275/2361/721 
f 1163/2183/638 1199/2178/674 1277/2365/722 1262/2368/715 
s 8
f 904/2412/485 903/2413/484 1288/2414/676 1289/2415/677 
f 903/1779/484 909/1785/490 1290/2416/678 1288/2417/676 
f 906/1782/487 1289/2418/677 1288/2419/676 907/1783/488 
f 907/1783/488 1288/2419/676 1290/2420/678 908/1784/489 
s off
f 1291/2421/723 1292/2422/680 1293/2423/706 1294/2424/724 
f 1294/2424/724 1293/2423/706 1295/2425/683 1296/2426/725 
f 1296/2427/725 1295/2428/683 1297/2429/685 1298/2430/726 
f 1298/2430/726 1297/2429/685 1299/2431/687 1300/2432/727 
f 1300/2432/727 1299/2431/687 1301/2433/689 1302/2434/728 
f 1302/2434/728 1301/2433/689 1303/2435/691 1304/2436/729 
f 1304/2437/729 1303/2438/691 1305/2439/693 1306/2440/730 
f 1306/2441/730 1305/2442/693 1292/2443/680 1291/2444/723 
f 1292/2422/680 1307/2445/695 1308/2446/696 1293/2423/706 
f 1293/2423/706 1308/2446/696 1309/2447/697 1295/2425/683 
f 1295/2448/683 1309/2449/697 1310/2450/698 1297/2451/685 
f 1297/2429/685 1310/2452/698 1311/2453/699 1299/2431/687 
f 1299/2431/687 1311/2453/699 1312/2454/700 1301/2433/689 
f 1301/2433/689 1312/2454/700 1313/2455/701 1303/2435/691 
f 1303/2456/691 1313/2457/701 1314/2458/702 1305/2442/693 
f 1305/2442/693 1314/2458/702 1307/2459/695 1292/2443/680 
f 1307/2445/695 902/2460/483 911/2461/492 1308/2446/696 
f 1308/2446/696 911/2461/492 1315/2462/703 1309/2447/697 
f 1309/2449/697 1315/2463/703 912/2464/493 1310/2450/698 
f 1310/2452/698 912/1788/493 905/1781/486 1311/2453/699 
f 1311/2453/699 905/1781/486 913/1789/494 1312/2454/700 
f 1312/2454/700 913/1789/494 1316/2465/704 1313/2455/701 
f 1313/2457/701 1316/2466/704 910/1786/491 1314/2458/702 
f 1314/2458/702 910/1786/491 902/1778/483 1307/2459/695 
f 911/2467/492 904/2412/485 1289/2415/677 1315/2468/703 
f 1315/2469/703 1289/2470/677 906/2471/487 912/2472/493 
f 913/1789/494 908/1784/489 1290/2420/678 1316/2465/704 
f 1316/2466/704 1290/2416/678 909/1785/490 910/1786/491 
f 1294/2424/724 1197/2172/672 1133/2071/608 1291/2421/723 
f 1296/2426/725 1198/2173/673 1197/2172/672 1294/2424/724 
f 1298/2473/726 1200/2474/675 1198/2475/673 1296/2476/725 
f 1194/2477/669 1200/2474/675 1298/2473/726 1300/2478/727 
f 1302/2479/728 1191/2166/666 1194/2169/669 1300/2480/727 
f 1131/2067/606 1191/2166/666 1302/2479/728 1304/2481/729 
f 1306/2440/730 1132/2482/607 1131/2483/606 1304/2437/729 
f 1133/2484/608 1132/2485/607 1306/2486/730 1291/2487/723 
s 8
f 920/1796/501 919/1795/500 1317/2488/731 1318/2489/732 
f 916/1792/497 1318/2490/732 1317/2491/731 917/1793/498 
s off
f 1319/2492/733 1320/2493/734 1321/2494/735 1122/2495/597 
f 1122/2050/597 1321/2496/735 1322/2497/736 914/1790/495 
f 914/1790/495 1322/2497/736 1323/2498/737 855/1727/472 
f 855/2499/472 1323/2500/737 1324/2501/738 857/2502/474 
f 1320/2493/734 1325/2503/739 1326/2504/740 1321/2494/735 
f 1321/2496/735 1326/2505/740 1327/2506/741 1322/2497/736 
f 1322/2497/736 1327/2506/741 1328/2507/742 1323/2498/737 
f 1323/2500/737 1328/2508/742 1329/2509/743 1324/2501/738 
f 1330/2510/744 1331/2511/745 1332/2512/746 1333/2513/747 
f 1334/2514/748 1335/2515/749 1336/2516/750 1337/2517/751 
f 1338/2518/752 1339/2519/753 1340/2520/754 1341/2521/755 
f 1341/2521/755 1340/2520/754 1342/2522/756 1343/2523/757 
f 1343/2524/757 1342/2525/756 1344/2526/758 1345/2527/759 
f 1345/2528/759 1344/2529/758 1346/2530/760 1338/2531/752 
f 1339/2519/753 1347/2532/761 1348/2533/762 1340/2520/754 
f 1340/2520/754 1348/2533/762 1349/2534/763 1342/2522/756 
f 1342/2525/756 1349/2535/763 1350/2536/764 1344/2526/758 
f 1344/2529/758 1350/2537/764 1351/2538/765 1346/2530/760 
f 1347/2532/761 915/1791/496 922/1798/503 1348/2533/762 
f 1348/2533/762 922/1798/503 1352/2539/766 1349/2534/763 
f 1349/2535/763 1352/2540/766 921/2541/502 1350/2536/764 
f 1350/2537/764 921/1797/502 918/1794/499 1351/2538/765 
f 922/1798/503 917/1793/498 1317/2491/731 1352/2539/766 
f 1352/2542/766 1317/2488/731 919/1795/500 921/1797/502 
f 1353/2543/767 1354/2544/768 1355/2545/769 1356/2546/770 
f 1357/2547/771 1358/2548/772 1359/2549/773 1360/2550/774 
f 1361/2551/775 1362/2552/776 1363/2553/777 1364/2554/778 
f 1365/2555/779 1366/2556/780 1367/2557/781 1368/2558/782 
f 1362/2552/776 1369/2559/783 1370/2560/784 1363/2553/777 
f 1371/2561/785 1369/2562/783 1362/2563/776 1372/2564/786 
f 1373/2565/787 1371/2561/785 1372/2564/786 1366/2566/780 
f 1374/2567/788 1373/2568/787 1366/2569/780 1365/2570/779 
f 1333/2513/747 1375/2571/789 1376/2572/790 1330/2510/744 
f 1377/2573/791 1375/2574/789 1333/2575/747 1378/2576/792 
f 1379/2577/793 1377/2573/791 1378/2576/792 1335/2578/749 
f 1380/2579/794 1379/2580/793 1335/2581/749 1334/2582/748 
f 1341/2521/755 1381/2583/795 1382/2584/796 1338/2518/752 
f 1343/2524/757 1383/2585/797 1381/2586/795 1341/2587/755 
f 1345/2527/759 1384/2588/798 1383/2585/797 1343/2524/757 
f 1338/2531/752 1385/2589/799 1384/2590/798 1345/2528/759 
f 1381/2591/795 1361/2551/775 1364/2554/778 1382/2592/796 
f 1368/2593/782 1367/2594/781 1384/2590/798 1385/2589/799 
f 1369/2559/783 1332/2512/746 1331/2511/745 1370/2560/784 
f 1337/2517/751 1336/2516/750 1373/2568/787 1374/2567/788 
f 1375/2571/789 1353/2543/767 1356/2546/770 1376/2572/790 
f 1360/2595/774 1359/2596/773 1379/2597/793 1380/2598/794 
f 1386/2599/800 1387/2600/801 1388/2601/802 1389/2602/803 
f 1390/2603/804 1391/2604/805 1392/2605/806 1393/2606/807 
f 1326/2607/740 1325/2608/739 1387/2600/801 1386/2599/800 
f 1391/2609/805 1329/2509/743 1328/2508/742 1392/2610/806 
f 1389/2611/803 1388/2612/802 1355/2613/769 1354/2614/768 
f 1394/2615/808 1395/2616/809 1389/2617/803 1354/2618/768 
f 1393/2619/807 1395/2616/809 1394/2615/808 1358/2620/772 
f 1357/2547/771 1390/2603/804 1393/2606/807 1358/2548/772 
s 8
f 925/2621/506 924/2622/505 1396/2623/810 1397/2624/811 
f 924/1800/505 930/1806/511 1398/2625/812 1396/2626/810 
f 927/1811/508 1397/2627/811 1396/2628/810 928/2629/509 
f 928/1804/509 1396/2630/810 1398/2631/812 929/1805/510 
s off
f 1399/2632/813 1400/2633/814 1401/2634/815 1402/2635/816 
f 1402/2636/816 1401/2637/815 1403/2638/817 1404/2639/818 
f 1404/2640/818 1403/2641/817 1405/2642/819 1406/2643/820 
f 1406/2643/820 1405/2642/819 1407/2644/821 1408/2645/822 
f 1408/2646/822 1407/2647/821 1409/2648/823 1410/2649/824 
f 1410/2649/824 1409/2648/823 1411/2650/825 1412/2651/826 
f 1412/2652/826 1411/2653/825 1413/2654/827 1414/2655/828 
f 1414/2656/828 1413/2657/827 1400/2658/814 1399/2659/813 
f 1400/2660/814 1415/2661/829 1416/2662/830 1401/2663/815 
f 1401/2664/815 1416/2665/830 1417/2666/831 1403/2667/817 
f 1403/2641/817 1417/2668/831 1418/2669/832 1405/2642/819 
f 1405/2642/819 1418/2669/832 1419/2670/833 1407/2644/821 
f 1407/2647/821 1419/2671/833 1420/2672/834 1409/2648/823 
f 1409/2648/823 1420/2672/834 1421/2673/835 1411/2650/825 
f 1411/2653/825 1421/2674/835 1422/2675/836 1413/2654/827 
f 1413/2657/827 1422/2676/836 1415/2677/829 1400/2658/814 
f 1415/2661/829 923/1808/504 932/1810/513 1416/2662/830 
f 1416/2665/830 932/2678/513 1423/2679/837 1417/2666/831 
f 1417/2668/831 1423/2680/837 933/1813/514 1418/2669/832 
f 1418/2669/832 933/1813/514 926/1812/507 1419/2670/833 
f 1419/2671/833 926/1802/507 934/1814/515 1420/2672/834 
f 1420/2672/834 934/1814/515 1424/2681/838 1421/2673/835 
f 1421/2682/835 1424/2683/838 931/1807/512 1422/2676/836 
f 1422/2676/836 931/1807/512 923/1799/504 1415/2677/829 
f 932/2678/513 925/2621/506 1397/2624/811 1423/2679/837 
f 1423/2680/837 1397/2627/811 927/1811/508 933/1813/514 
f 934/1814/515 929/1805/510 1398/2631/812 1424/2681/838 
f 1424/2683/838 1398/2625/812 930/1806/511 931/1807/512 
f 1402/2635/816 1367/2684/781 1366/2685/780 1399/2632/813 
f 1404/2686/818 1384/2590/798 1367/2594/781 1402/2687/816 
f 1406/2688/820 1383/2689/797 1384/2690/798 1404/2691/818 
f 1381/2692/795 1383/2689/797 1406/2688/820 1408/2693/822 
f 1410/2694/824 1361/2695/775 1381/2696/795 1408/2697/822 
f 1362/2698/776 1361/2699/775 1410/2700/824 1412/2652/826 
f 1414/2655/828 1372/2701/786 1362/2698/776 1412/2652/826 
f 1366/2685/780 1372/2702/786 1414/2703/828 1399/2632/813 
s 8
f 937/2704/506 936/2705/516 1425/2706/810 1426/2707/811 
f 936/1816/516 942/1822/511 1427/2708/812 1425/2709/810 
f 939/1827/518 1426/2710/811 1425/2711/810 940/2712/509 
f 940/1820/509 1425/2713/810 1427/2714/812 941/1821/519 
s off
f 1428/2715/839 1429/2716/814 1430/2717/840 1431/2718/841 
f 1431/2719/841 1430/2720/840 1432/2721/817 1433/2722/842 
f 1433/2723/842 1432/2724/817 1434/2725/843 1435/2726/844 
f 1435/2726/844 1434/2725/843 1436/2727/821 1437/2728/845 
f 1437/2729/845 1436/2730/821 1438/2731/823 1439/2732/846 
f 1439/2732/846 1438/2731/823 1440/2733/825 1441/2734/847 
f 1441/2735/847 1440/2736/825 1442/2737/827 1443/2738/848 
f 1443/2739/848 1442/2740/827 1429/2741/814 1428/2742/839 
f 1429/2743/814 1444/2744/829 1445/2745/830 1430/2746/840 
f 1430/2747/840 1445/2748/830 1446/2749/831 1432/2750/817 
f 1432/2724/817 1446/2751/831 1447/2752/832 1434/2725/843 
f 1434/2725/843 1447/2752/832 1448/2753/833 1436/2727/821 
f 1436/2730/821 1448/2754/833 1449/2755/834 1438/2731/823 
f 1438/2731/823 1449/2755/834 1450/2756/835 1440/2733/825 
f 1440/2736/825 1450/2757/835 1451/2758/836 1442/2737/827 
f 1442/2740/827 1451/2759/836 1444/2760/829 1429/2741/814 
f 1444/2744/829 935/1824/504 944/1826/513 1445/2745/830 
f 1445/2748/830 944/2761/513 1452/2762/837 1446/2749/831 
f 1446/2751/831 1452/2763/837 945/1829/514 1447/2752/832 
f 1447/2752/832 945/1829/514 938/1828/517 1448/2753/833 
f 1448/2754/833 938/1818/517 946/1830/515 1449/2755/834 
f 1449/2755/834 946/1830/515 1453/2764/838 1450/2756/835 
f 1450/2765/835 1453/2766/838 943/1823/512 1451/2759/836 
f 1451/2759/836 943/1823/512 935/1815/504 1444/2760/829 
f 944/2761/513 937/2704/506 1426/2707/811 1452/2762/837 
f 1452/2763/837 1426/2710/811 939/1827/518 945/1829/514 
f 946/1830/515 941/1821/519 1427/2714/812 1453/2764/838 
f 1453/2766/838 1427/2708/812 942/1822/511 943/1823/512 
f 1431/2718/841 1336/2767/750 1335/2768/749 1428/2715/839 
f 1433/2769/842 1373/2568/787 1336/2516/750 1431/2770/841 
f 1435/2771/844 1371/2772/785 1373/2773/787 1433/2774/842 
f 1369/2775/783 1371/2776/785 1435/2726/844 1437/2728/845 
f 1439/2777/846 1332/2778/746 1369/2779/783 1437/2780/845 
f 1333/2781/747 1332/2782/746 1439/2783/846 1441/2735/847 
f 1443/2738/848 1378/2784/792 1333/2781/747 1441/2735/847 
f 1335/2768/749 1378/2785/792 1443/2786/848 1428/2715/839 
s 8
f 949/2787/506 948/2788/505 1454/2789/849 1455/2790/811 
f 948/1832/505 954/1838/511 1456/2791/812 1454/2792/849 
f 951/1843/518 1455/2793/811 1454/2794/849 952/2795/509 
f 952/1836/509 1454/2796/849 1456/2797/812 953/1837/510 
s off
f 1457/2798/850 1458/2799/814 1459/2800/815 1460/2801/851 
f 1460/2802/851 1459/2803/815 1461/2804/817 1462/2805/852 
f 1462/2806/852 1461/2807/817 1463/2808/843 1464/2809/853 
f 1464/2809/853 1463/2808/843 1465/2810/821 1466/2811/854 
f 1466/2812/854 1465/2813/821 1467/2814/823 1468/2815/855 
f 1468/2815/855 1467/2814/823 1469/2816/825 1470/2817/856 
f 1470/2818/856 1469/2819/825 1471/2820/827 1472/2821/857 
f 1472/2822/857 1471/2823/827 1458/2824/814 1457/2825/850 
f 1458/2826/814 1473/2827/829 1474/2828/830 1459/2829/815 
f 1459/2830/815 1474/2831/830 1475/2832/831 1461/2833/817 
f 1461/2807/817 1475/2834/831 1476/2835/832 1463/2808/843 
f 1463/2808/843 1476/2835/832 1477/2836/833 1465/2810/821 
f 1465/2813/821 1477/2837/833 1478/2838/858 1467/2814/823 
f 1467/2814/823 1478/2838/858 1479/2839/859 1469/2816/825 
f 1469/2819/825 1479/2840/859 1480/2841/836 1471/2820/827 
f 1471/2823/827 1480/2842/836 1473/2843/829 1458/2824/814 
f 1473/2827/829 947/1840/504 956/1842/513 1474/2828/830 
f 1474/2831/830 956/2844/513 1481/2845/837 1475/2832/831 
f 1475/2834/831 1481/2846/837 957/1845/514 1476/2835/832 
f 1476/2835/832 957/1845/514 950/1844/517 1477/2836/833 
f 1477/2837/833 950/1834/517 958/1846/515 1478/2838/858 
f 1478/2838/858 958/1846/515 1482/2847/838 1479/2839/859 
f 1479/2848/859 1482/2849/838 955/1839/512 1480/2842/836 
f 1480/2842/836 955/1839/512 947/1831/504 1473/2843/829 
f 956/2844/513 949/2787/506 1455/2790/811 1481/2845/837 
f 1481/2846/837 1455/2793/811 951/1843/518 957/1845/514 
f 958/1846/515 953/1837/510 1456/2797/812 1482/2847/838 
f 1482/2849/838 1456/2791/812 954/1838/511 955/1839/512 
f 1460/2801/851 1359/2850/773 1358/2851/772 1457/2798/850 
f 1462/2852/852 1379/2597/793 1359/2596/773 1460/2853/851 
f 1464/2854/853 1377/2855/791 1379/2856/793 1462/2857/852 
f 1375/2858/789 1377/2859/791 1464/2809/853 1466/2811/854 
f 1468/2860/855 1353/2861/767 1375/2862/789 1466/2863/854 
f 1354/2864/768 1353/2865/767 1468/2866/855 1470/2818/856 
f 1472/2821/857 1394/2867/808 1354/2864/768 1470/2818/856 
f 1358/2620/772 1394/2615/808 1472/2822/857 1457/2825/850 
s 8
f 961/2868/506 960/2869/505 1483/2870/849 1484/2871/811 
f 960/1848/505 966/1854/511 1485/2872/812 1483/2873/849 
f 963/1859/518 1484/2874/811 1483/2875/849 964/2876/509 
f 964/1852/509 1483/2877/849 1485/2878/812 965/1853/510 
s off
f 1486/2879/860 1487/2880/814 1488/2881/815 1489/2882/861 
f 1489/2883/861 1488/2884/815 1490/2885/817 1491/2886/862 
f 1491/2887/862 1490/2888/817 1492/2889/843 1493/2890/863 
f 1493/2890/863 1492/2889/843 1494/2891/821 1495/2892/864 
f 1495/2893/864 1494/2894/821 1496/2895/823 1497/2896/865 
f 1497/2896/865 1496/2895/823 1498/2897/825 1499/2898/866 
f 1499/2899/866 1498/2900/825 1500/2901/827 1501/2902/867 
f 1501/2903/867 1500/2904/827 1487/2905/814 1486/2906/860 
f 1487/2907/814 1502/2908/829 1503/2909/830 1488/2910/815 
f 1488/2911/815 1503/2912/830 1504/2913/831 1490/2914/817 
f 1490/2888/817 1504/2915/831 1505/2916/832 1492/2889/843 
f 1492/2889/843 1505/2916/832 1506/2917/833 1494/2891/821 
f 1494/2894/821 1506/2918/833 1507/2919/834 1496/2895/823 
f 1496/2895/823 1507/2919/834 1508/2920/835 1498/2897/825 
f 1498/2900/825 1508/2921/835 1509/2922/836 1500/2901/827 
f 1500/2904/827 1509/2923/836 1502/2924/829 1487/2905/814 
f 1502/2908/829 959/1856/504 968/1858/513 1503/2909/830 
f 1503/2912/830 968/2925/513 1510/2926/837 1504/2913/831 
f 1504/2915/831 1510/2927/837 969/1861/514 1505/2916/832 
f 1505/2916/832 969/1861/514 962/1860/517 1506/2917/833 
f 1506/2918/833 962/1850/517 970/1862/515 1507/2919/834 
f 1507/2919/834 970/1862/515 1511/2928/838 1508/2920/835 
f 1508/2929/835 1511/2930/838 967/1855/512 1509/2923/836 
f 1509/2923/836 967/1855/512 959/1847/504 1502/2924/829 
f 968/2925/513 961/2868/506 1484/2871/811 1510/2926/837 
f 1510/2927/837 1484/2874/811 963/1859/518 969/1861/514 
f 970/1862/515 965/1853/510 1485/2878/812 1511/2928/838 
f 1511/2930/838 1485/2872/812 966/1854/511 967/1855/512 
f 1489/2882/861 1392/2610/806 1328/2508/742 1486/2879/860 
f 1491/2931/862 1393/2932/807 1392/2933/806 1489/2934/861 
f 1493/2935/863 1395/2936/809 1393/2932/807 1491/2931/862 
f 1389/2937/803 1395/2936/809 1493/2935/863 1495/2938/864 
f 1497/2939/865 1386/2940/800 1389/2941/803 1495/2942/864 
f 1326/2943/740 1386/2940/800 1497/2939/865 1499/2944/866 
f 1501/2902/867 1327/2945/741 1326/2946/740 1499/2899/866 
f 1328/2508/742 1327/2947/741 1501/2948/867 1486/2879/860 
f 302/366/6 693/1266/417 1512/2949/868 1122/2050/597 
f 290/1267/134 1112/2950/587 1114/2951/589 1513/2952/869 1514/2953/870 
f 1114/2951/589 1116/2954/591 1515/2955/871 1516/2956/872 
f 1515/2957/871 1517/2958/873 1518/2959/874 1516/2960/872 
f 1519/2961/875 1518/2959/874 1520/2962/876 1121/2049/596 1120/2048/595 
f 1517/2958/873 1515/2957/871 1521/2963/877 1522/2964/878 
f 1521/2965/877 1515/2955/871 1116/2954/591 295/1284/139 
f 1513/2952/869 1114/2951/589 1516/2956/872 1523/2966/879 
f 1516/2960/872 1518/2959/874 1519/2961/875 1523/2967/879 
f 1120/2968/595 1119/2969/594 1524/2970/880 1525/2971/881 
f 1519/2972/875 1120/2973/595 1525/2974/881 1526/2975/882 
f 1523/2976/879 1519/2977/875 1526/2978/882 1527/2979/883 
f 1523/2976/879 1527/2979/883 1528/2980/884 1513/2981/869 
f 1513/2982/869 1528/2983/884 1529/2984/885 1514/2985/870 
f 1514/2953/870 1529/2986/885 1530/2987/886 1512/2949/868 
f 1122/2988/597 1512/2989/868 1530/2990/886 1531/2991/887 
f 1122/2988/597 1531/2991/887 1524/2992/880 1119/2993/594 
f 290/1267/134 1514/2953/870 1512/2949/868 693/1266/417 
f 1119/2047/594 1118/2046/593 1319/2994/733 1122/2995/597 
f 289/1315/133 159/193/87 997/1895/546 1532/2996/888 
f 1532/2997/888 997/2998/546 998/1897/547 1533/2999/889 
f 1533/2999/889 998/1897/547 999/1898/548 1534/3000/890 
f 1534/3000/890 999/1898/548 163/198/91 296/1321/140 
f 1105/3001/580 1525/3002/881 1524/3003/880 1104/3004/579 
f 1106/3005/581 1526/3006/882 1525/3007/881 1105/3008/580 
f 1107/3009/582 1527/3010/883 1526/3011/882 1106/3012/581 
f 1528/3013/884 1527/3010/883 1107/3009/582 1108/3014/583 
f 1529/3015/885 1528/3016/884 1108/3017/583 1109/3018/584 
f 1530/2987/886 1529/2986/885 1109/3019/584 1110/3020/585 
f 1531/3021/887 1530/2987/886 1110/3020/585 1111/3022/586 
f 1104/3004/579 1524/3003/880 1531/3023/887 1111/3024/586 
f 1532/3025/888 1113/2035/588 289/349/133 
f 1533/3026/889 1115/2039/590 1113/2038/588 1532/3027/888 
f 1117/2041/592 1115/2039/590 1533/3026/889 1534/3028/890 
f 296/2045/140 1117/2044/592 1534/3029/890 
f 1522/3030/878 1535/3031/891 1002/3032/551 1517/3033/873 
f 1517/3034/873 1002/1901/551 1001/1900/550 1518/3035/874 
f 1520/3036/876 1518/3035/874 1001/1900/550 1536/3037/892 
f 1121/3038/596 1520/3039/876 1536/3040/892 1537/3041/893 
f 1003/3042/552 1002/3043/551 1535/3044/891 1538/3045/894 
f 1536/3037/892 1001/1900/550 1000/1899/549 1539/3046/895 
f 1537/3047/893 1536/3048/892 1539/3049/895 1540/3050/896 
f 1538/3051/894 1541/3052/897 1004/1903/553 1003/3053/552 
f 1003/3053/552 1004/1903/553 1005/1904/554 1000/3054/549 
f 1000/3054/549 1005/1904/554 1006/1905/555 1539/3055/895 
f 1539/3055/895 1006/1905/555 1007/1906/556 1540/3056/896 
f 1541/3052/897 979/1872/528 981/1874/530 1004/1903/553 
f 1542/3057/579 1024/1925/536 1025/1926/537 1543/3058/580 
f 1543/3058/580 1025/1926/537 1026/1927/538 1544/3059/581 
f 1544/3059/581 1026/1927/538 1027/1928/539 1545/3060/582 
f 1545/3060/582 1027/1928/539 1028/1929/540 1546/3061/583 
f 1546/3062/583 1028/1930/540 1030/1933/542 1547/3063/584 
f 1547/3063/584 1030/1933/542 1031/1934/543 1548/3064/585 
f 1548/3064/585 1031/1934/543 1032/1935/544 1549/3065/586 
f 1549/3065/586 1032/1935/544 1024/1937/536 1542/3066/579 
f 1550/3067/587 734/1392/134 733/1391/133 1551/3068/588 
f 1552/3069/589 1550/3070/587 1551/3071/588 1553/3072/590 
f 1554/3073/591 1552/3069/589 1553/3072/590 1555/3074/592 
f 739/3075/139 1554/3076/591 1555/3077/592 740/3078/140 
f 1556/3079/593 1557/3080/594 1558/3081/595 1559/3082/596 
f 745/1407/6 748/1410/6 1560/3083/868 1561/3084/898 
f 734/1411/134 1550/3085/587 1552/3086/589 1562/3087/869 1563/3088/870 
f 1552/3086/589 1554/3089/591 1564/3090/871 1565/3091/872 
f 1564/3092/871 1566/3093/873 1567/3094/874 1565/3095/872 
f 1568/3096/875 1567/3094/874 1569/3097/876 1559/3082/596 1558/3081/595 
f 1566/3093/873 1564/3092/871 1570/3098/877 1571/3099/878 
f 1570/3100/877 1564/3090/871 1554/3089/591 739/1428/139 
f 1562/3087/869 1552/3086/589 1565/3091/872 1572/3101/879 
f 1565/3095/872 1567/3094/874 1568/3096/875 1572/3102/879 
f 1558/3103/595 1557/3104/594 1573/3105/880 1574/3106/881 
f 1568/3107/875 1558/3108/595 1574/3109/881 1575/3110/882 
f 1572/3111/879 1568/3112/875 1575/3113/882 1576/3114/883 
f 1572/3111/879 1576/3114/883 1577/3115/884 1562/3116/869 
f 1562/3117/869 1577/3118/884 1578/3119/885 1563/3120/870 
f 1563/3088/870 1578/3121/885 1579/3122/886 1560/3083/868 
f 1561/3123/898 1560/3124/868 1579/3125/886 1580/3126/887 
f 1561/3123/898 1580/3126/887 1573/3127/880 1557/3128/594 
f 734/1411/134 1563/3088/870 1560/3083/868 748/1410/6 
f 1557/3080/594 1556/3079/593 1581/3129/593 1561/3130/898 
f 733/1459/133 201/243/87 1034/1939/546 1582/3131/888 
f 1582/3132/888 1034/3133/546 1035/1941/547 1583/3134/889 
f 1583/3134/889 1035/1941/547 1036/1942/548 1584/3135/890 
f 1584/3135/890 1036/1942/548 205/248/91 740/1465/140 
f 1543/3136/580 1574/3106/881 1573/3105/880 1542/3137/579 
f 1544/3138/581 1575/3139/882 1574/3140/881 1543/3141/580 
f 1545/3142/582 1576/3143/883 1575/3144/882 1544/3145/581 
f 1577/3146/884 1576/3143/883 1545/3142/582 1546/3147/583 
f 1578/3148/885 1577/3149/884 1546/3150/583 1547/3151/584 
f 1579/3122/886 1578/3121/885 1547/3152/584 1548/3153/585 
f 1580/3154/887 1579/3122/886 1548/3153/585 1549/3155/586 
f 1542/3156/579 1573/3157/880 1580/3158/887 1549/3159/586 
f 1582/3160/888 1551/3068/588 733/1391/133 
f 1583/3161/889 1553/3072/590 1551/3071/588 1582/3162/888 
f 1555/3074/592 1553/3072/590 1583/3161/889 1584/3163/890 
f 1555/3077/592 1584/3164/890 740/3078/140 
f 1571/3165/878 1585/3166/891 1039/3167/551 1566/3168/873 
f 1566/3169/873 1039/1945/551 1038/1944/550 1567/3170/874 
f 1569/3171/876 1567/3170/874 1038/1944/550 1586/3172/892 
f 1559/3173/596 1569/3174/876 1586/3175/892 1587/3176/893 
f 1040/3177/552 1039/3178/551 1585/3179/891 1588/3180/894 
f 1586/3172/892 1038/1944/550 1037/1943/549 1589/3181/895 
f 1587/3182/893 1586/3183/892 1589/3184/895 1590/3185/896 
f 1588/3186/894 1591/3187/897 1041/1947/553 1040/3188/552 
f 1040/3188/552 1041/1947/553 1042/1948/554 1037/3189/549 
f 1037/3189/549 1042/1948/554 1043/1949/555 1589/3190/895 
f 1589/3190/895 1043/1949/555 1044/1950/556 1590/3191/896 
f 1591/3187/897 1016/1916/528 1018/1918/530 1041/1947/553 
f 1592/3192/579 1065/1973/536 1066/1974/537 1593/3193/580 
f 1593/3193/580 1066/1974/537 1067/1975/538 1594/3194/581 
f 1594/3194/581 1067/1975/538 1068/1976/539 1595/3195/582 
f 1595/3195/582 1068/1976/539 1069/1977/540 1596/3196/583 
f 1596/3197/583 1069/1978/540 1071/1981/542 1597/3198/584 
f 1597/3198/584 1071/1981/542 1072/1982/543 1598/3199/585 
f 1598/3199/585 1072/1982/543 1073/1983/544 1599/3200/586 
f 1599/3200/586 1073/1983/544 1065/1985/536 1592/3201/579 
f 1600/3202/587 790/1535/134 789/1534/448 1601/3203/588 
f 1602/3204/589 1600/3205/587 1601/3206/588 1603/3207/590 
f 1604/3208/591 1602/3204/589 1603/3207/590 1605/3209/592 
f 795/3210/449 1604/3211/591 1605/3212/592 796/3213/140 
f 1606/3214/593 1607/3215/594 1608/3216/595 1609/3217/596 
s 1
f 1610/3218/899 795/1553/449 803/1552/452 1611/3219/900 
f 1612/3220/901 1610/3221/899 1611/3222/900 1613/3223/902 
s off
f 806/1558/6 809/1561/6 1614/3224/868 1615/3225/898 
f 790/1562/134 1600/3226/587 1602/3227/589 1616/3228/869 1617/3229/870 
f 1602/3227/589 1604/3230/591 1618/3231/871 1619/3232/872 
f 1618/3233/871 1620/3234/873 1621/3235/874 1619/3236/872 
f 1622/3237/875 1621/3235/874 1623/3238/876 1609/3217/596 1608/3216/595 
f 1620/3234/873 1618/3233/871 1610/3221/899 1612/3220/901 
f 1610/3218/899 1618/3231/871 1604/3230/591 795/1553/449 
f 1616/3228/869 1602/3227/589 1619/3232/872 1624/3239/879 
f 1619/3236/872 1621/3235/874 1622/3237/875 1624/3240/879 
f 1608/3241/595 1607/3242/594 1625/3243/880 1626/3244/881 
f 1622/3245/875 1608/3246/595 1626/3247/881 1627/3248/882 
f 1624/3249/879 1622/3250/875 1627/3251/882 1628/3252/883 
f 1624/3249/879 1628/3252/883 1629/3253/884 1616/3254/869 
f 1616/3255/869 1629/3256/884 1630/3257/885 1617/3258/870 
f 1617/3229/870 1630/3259/885 1631/3260/886 1614/3224/868 
f 1615/3261/898 1614/3262/868 1631/3263/886 1632/3264/887 
f 1615/3261/898 1632/3264/887 1625/3265/880 1607/3266/594 
f 790/1562/134 1617/3229/870 1614/3224/868 809/1561/6 
f 1607/3215/594 1606/3214/593 1633/3267/593 1615/3268/898 
f 789/1606/448 247/297/87 1075/1987/546 1634/3269/888 
f 1634/3270/888 1075/3271/546 1076/1989/547 1635/3272/889 
f 1635/3272/889 1076/1989/547 1077/1990/548 1636/3273/890 
f 1636/3273/890 1077/1990/548 251/302/91 796/1612/140 
f 1593/3274/580 1626/3244/881 1625/3243/880 1592/3275/579 
f 1594/3276/581 1627/3277/882 1626/3278/881 1593/3279/580 
f 1595/3280/582 1628/3281/883 1627/3282/882 1594/3283/581 
f 1629/3284/884 1628/3281/883 1595/3280/582 1596/3285/583 
f 1630/3286/885 1629/3287/884 1596/3288/583 1597/3289/584 
f 1631/3260/886 1630/3259/885 1597/3290/584 1598/3291/585 
f 1632/3292/887 1631/3260/886 1598/3291/585 1599/3293/586 
f 1592/3294/579 1625/3295/880 1632/3296/887 1599/3297/586 
f 1634/3298/888 1601/3203/588 789/1534/448 
f 1635/3299/889 1603/3207/590 1601/3206/588 1634/3300/888 
f 1605/3209/592 1603/3207/590 1635/3299/889 1636/3301/890 
f 1605/3212/592 1636/3302/890 796/3213/140 
f 1612/3303/901 1637/3304/891 1080/3305/551 1620/3306/873 
f 1620/3307/873 1080/1993/551 1079/1992/550 1621/3308/874 
f 1623/3309/876 1621/3308/874 1079/1992/550 1638/3310/892 
f 1609/3311/596 1623/3312/876 1638/3313/892 1639/3314/893 
f 1081/3315/552 1080/3316/551 1637/3317/891 1640/3318/894 
f 1638/3310/892 1079/1992/550 1078/1991/549 1641/3319/895 
f 1639/3320/893 1638/3321/892 1641/3322/895 1642/3323/896 
f 1640/3324/894 1643/3325/897 1082/1995/553 1081/3326/552 
f 1081/3326/552 1082/1995/553 1083/1996/554 1078/3327/549 
f 1078/3327/549 1083/1996/554 1084/1997/555 1641/3328/895 
f 1641/3328/895 1084/1997/555 1085/1998/556 1642/3329/896 
f 1643/3325/897 1057/1964/528 1059/1966/530 1082/1995/553 
s 1
f 745/1407/6 1561/3084/898 1521/2965/877 295/1284/139 
f 1561/3130/898 1581/3129/593 1522/2964/878 1521/2963/877 
f 806/1558/6 1615/3225/898 1570/3100/877 739/1428/139 
f 1615/3268/898 1633/3267/593 1571/3099/878 1570/3098/877 
s off
f 262/313/106 1089/2002/564 1644/3330/903 838/1669/455 
f 838/1669/455 1644/3330/903 1645/3331/904 803/1671/452 
f 803/1671/452 1645/3331/904 1646/3332/905 1611/3333/900 
f 1611/3334/900 1646/3335/905 1647/3336/906 1613/3337/902 
f 1613/3337/902 1647/3336/906 1088/3338/563 1087/3339/562 
f 1088/3340/563 1648/3341/907 1649/3342/908 1089/3343/564 
f 1644/3330/903 1089/2002/564 1649/3344/908 1650/3345/909 
f 1645/3346/904 1644/3347/903 1650/3348/909 1651/3349/910 
f 1646/3350/905 1645/3351/904 1651/3352/910 1652/3353/911 
f 1647/3354/906 1646/3350/905 1652/3353/911 1653/3355/912 
f 1647/3356/906 1653/3357/912 1648/3341/907 1088/3340/563 
f 1095/3358/570 1649/3342/908 1648/3341/907 1092/3359/567 
f 1650/3360/909 1649/3361/908 1095/3362/570 1097/3363/572 
f 1651/3364/910 1650/3360/909 1097/3363/572 1099/3365/574 
f 1652/3366/911 1651/3367/910 1099/3368/574 1101/3369/576 
f 1653/3370/912 1652/3371/911 1101/3372/576 1103/3373/578 
f 1092/3359/567 1648/3341/907 1653/3357/912 1103/3374/578 
f 1093/2009/568 1048/1954/560 1045/1951/557 1094/2010/569 
f 1094/2010/569 1045/1951/557 1047/1953/559 1096/2012/571 
f 1096/2015/571 1047/2006/559 1090/2003/565 1098/2016/573 
f 1098/2016/573 1090/2003/565 1091/2005/566 1100/2018/575 
f 1100/2018/575 1091/2005/566 1086/2007/561 1102/3375/577 
f 1102/2022/577 1086/1999/561 1048/1954/560 1093/2009/568 
s 1
f 1/1/1 1654/3376/913 1655/3377/914 
f 1/1/1 1655/3377/914 4/4/4 
s 8
f 1654/3378/913 1656/3379/915 1657/3380/916 1655/3381/914 
f 1655/3382/914 1657/3383/916 7/11/7 4/10/4 
f 1656/3379/915 1658/3384/915 1659/3385/917 1657/3380/916 
f 1660/3386/918 1661/3387/915 1662/3388/915 1663/3389/919 
f 14/19/11 1660/3390/918 1663/3391/919 15/20/12 
f 1659/3385/917 1658/3384/915 1661/3387/915 1660/3386/918 
s off
f 16/23/13 18/25/15 1664/3392/920 
f 19/26/16 1665/3393/921 20/27/17 
f 1665/3393/921 19/26/16 1666/3394/922 
f 16/30/13 1664/3395/920 1667/3396/923 
f 1668/3397/924 1669/3398/925 1670/3399/926 
f 1671/3400/927 1672/3401/928 1673/3402/929 
f 1671/3400/927 1673/3402/929 1674/3403/930 
f 1668/3397/924 1675/3404/931 1669/3398/925 
f 1675/3404/931 1668/3397/924 1676/3405/932 
f 1668/3397/924 1670/3399/926 1677/3406/933 
f 1672/3401/928 1671/3400/927 1678/3407/934 
f 1671/3400/927 1674/3403/930 1679/3408/935 
f 1680/3409/924 1681/3410/925 1682/3411/926 
f 1683/3412/927 1684/3413/928 1685/3414/929 
f 1683/3412/927 1685/3414/929 1686/3415/930 
f 1680/3409/924 1687/3416/931 1681/3410/925 
f 1687/3416/931 1680/3409/924 1688/3417/932 
f 1680/3409/924 1682/3411/926 1689/3418/933 
f 1684/3413/928 1683/3412/927 1690/3419/934 
f 1683/3412/927 1686/3415/930 1691/3420/935 
f 1692/3421/924 1693/3422/925 1694/3423/926 
f 1695/3424/927 1696/3425/928 1697/3426/929 
f 1695/3424/927 1697/3426/929 1698/3427/930 
f 1692/3421/924 1699/3428/931 1693/3422/925 
f 1699/3428/931 1692/3421/924 1700/3429/932 
f 1692/3421/924 1694/3423/926 1701/3430/933 
f 1696/3425/928 1695/3424/927 1702/3431/934 
f 1695/3424/927 1698/3427/930 1703/3432/935 
f 1704/3433/924 1705/3434/925 1706/3435/926 
f 1707/3436/927 1708/3437/928 1709/3438/929 
f 1707/3436/927 1709/3438/929 1710/3439/930 
f 1704/3433/924 1711/3440/931 1705/3434/925 
f 1711/3440/931 1704/3433/924 1712/3441/932 
f 1704/3433/924 1706/3435/926 1713/3442/933 
f 1708/3437/928 1707/3436/927 1714/3443/934 
f 1707/3436/927 1710/3439/930 1715/3444/935 
s 8
f 1662/3388/915 1716/3445/915 1717/3446/936 1663/3389/919 
s off
f 74/83/34 76/85/36 1718/3447/937 
f 77/86/37 1719/3448/938 78/87/38 
f 1719/3448/938 77/86/37 1720/3449/939 
f 74/83/34 1718/3447/937 1721/3450/940 
f 1722/3451/941 1723/3452/942 1724/3453/943 
f 1725/3454/944 1726/3455/945 1727/3456/946 
f 1725/3454/944 1727/3456/946 1728/3457/947 
f 1722/3451/941 1729/3458/948 1723/3452/942 
f 1729/3458/948 1722/3451/941 1730/3459/949 
f 1722/3460/941 1724/3461/943 1731/3462/950 
f 1726/3463/945 1725/3464/944 1732/3465/951 
f 1725/3454/944 1728/3457/947 1733/3466/952 
f 1734/3467/941 1735/3468/953 1736/3469/943 
f 1737/3470/954 1738/3471/955 1739/3472/946 
f 1737/3470/954 1739/3472/946 1740/3473/956 
f 1734/3467/941 1741/3474/948 1735/3468/953 
f 1741/3474/948 1734/3467/941 1742/3475/949 
f 1734/3476/941 1736/3477/943 1743/3478/950 
f 1738/3479/955 1737/3480/954 1744/3481/951 
f 1737/3470/954 1740/3473/956 1745/3482/952 
f 1746/3483/941 1747/3484/942 1748/3485/943 
f 1749/3486/954 1750/3487/955 1751/3488/946 
f 1749/3486/954 1751/3488/946 1752/3489/947 
f 1746/3483/941 1753/3490/948 1747/3484/942 
f 1753/3490/948 1746/3483/941 1754/3491/949 
f 1746/3492/941 1748/3493/943 1755/3494/950 
f 1750/3495/955 1749/3496/954 1756/3497/951 
f 1749/3486/954 1752/3489/947 1757/3498/952 
f 1758/3499/941 1759/3500/942 1760/3501/943 
f 1761/3502/954 1762/3503/955 1763/3504/946 
f 1761/3502/954 1763/3504/946 1764/3505/947 
f 1758/3499/941 1765/3506/948 1759/3500/942 
f 1765/3506/948 1758/3499/941 1766/3507/949 
f 1758/3508/941 1760/3509/943 1767/3510/950 
f 1762/3511/955 1761/3512/954 1768/3513/951 
f 1761/3502/954 1764/3505/947 1769/3514/952 
s 8
f 1770/159/957 1771/3515/958 1772/3516/959 
f 1773/3517/960 1774/188/961 1770/155/957 
s off
f 1770/155/957 1775/184/962 1776/3518/963 
f 1770/155/957 1777/3519/964 1773/3517/960 
f 138/3520/66 140/3521/68 1778/3522/965 
f 1779/171/966 1780/172/967 1781/3523/968 
f 1782/3524/969 1780/169/967 1779/167/966 
f 145/3525/73 1783/3526/970 140/3521/68 
f 1784/187/971 1774/188/961 1773/3517/960 1785/3527/972 
f 1785/3527/972 1773/3517/960 1777/3519/964 1786/3528/973 
f 1786/3528/973 1777/3519/964 1776/3518/963 1787/3529/974 
f 1787/3529/974 1776/3518/963 1775/184/962 1788/181/975 
f 1788/180/975 1775/162/962 1789/3530/976 1790/3531/977 
f 1790/3531/977 1789/3530/976 1772/3516/959 1791/3532/978 
f 1791/3532/978 1772/3516/959 1771/3515/958 1792/3533/979 
f 1792/3533/979 1771/3515/958 1774/160/961 1784/176/971 
f 1782/3524/969 1779/167/966 1793/3534/980 
f 1779/171/966 1781/3523/968 1794/3535/981 
f 1775/162/962 1770/159/957 1789/3530/976 
s 8
f 1770/159/957 1772/3516/959 1789/3530/976 
s off
f 1777/3519/964 1770/155/957 1776/3518/963 
s 8
f 1770/159/957 1774/160/961 1771/3515/958 
s off
f 1778/3522/965 140/3521/68 1795/3536/982 
f 140/3521/68 1783/3526/970 1795/3536/982 
f 1796/3537/983 1794/3535/981 1781/3523/968 1797/1319/984 
f 1797/1319/984 1781/3523/968 1780/172/967 1798/196/985 
f 1798/195/985 1780/169/967 1782/3524/969 1799/3538/986 
f 1799/3538/986 1782/3524/969 1793/3534/980 1800/3539/987 
f 1801/3540/988 1802/3541/989 1803/3542/990 1804/3543/991 
f 1805/3544/992 1778/3522/965 1795/3536/982 1806/3545/993 
f 1806/3545/993 1795/3536/982 1783/3526/970 1807/3546/994 
f 1807/3546/994 1783/3526/970 145/3525/73 171/3547/99 
s 8
f 1808/211/957 1809/3548/958 1810/3549/959 
f 1811/3550/960 1812/239/961 1808/207/957 
s off
f 1808/207/957 1813/235/962 1814/3551/963 
f 1808/207/957 1815/3552/964 1811/3550/960 
f 180/3553/66 182/3554/68 1816/3555/965 
f 1817/223/966 1818/224/967 1819/3556/968 
f 1820/3557/969 1818/221/967 1817/219/966 
f 187/3558/73 1821/3559/970 182/3554/68 
f 1822/238/971 1812/239/961 1811/3550/960 1823/3560/972 
f 1823/3560/972 1811/3550/960 1815/3552/964 1824/3561/973 
f 1824/3561/973 1815/3552/964 1814/3551/963 1825/3562/974 
f 1825/3562/974 1814/3551/963 1813/235/962 1826/232/975 
f 1826/231/975 1813/214/962 1827/3563/976 1828/3564/977 
f 1828/3564/977 1827/3563/976 1810/3549/959 1829/3565/978 
f 1829/3565/978 1810/3549/959 1809/3548/958 1830/3566/979 
f 1830/3566/979 1809/3548/958 1812/212/961 1822/227/971 
f 1820/3557/969 1817/219/966 1831/3567/980 
f 1817/223/966 1819/3556/968 1832/3568/981 
f 1813/214/962 1808/211/957 1827/3563/976 
s 8
f 1808/211/957 1810/3549/959 1827/3563/976 
s off
f 1815/3552/964 1808/207/957 1814/3551/963 
s 8
f 1808/211/957 1812/212/961 1809/3548/958 
s off
f 1816/3555/965 182/3554/68 1833/3569/982 
f 182/3554/68 1821/3559/970 1833/3569/982 
f 1834/3570/983 1832/3568/981 1819/3556/968 1835/1463/984 
f 1835/1463/984 1819/3556/968 1818/224/967 1836/246/985 
f 1836/245/985 1818/221/967 1820/3557/969 1837/3571/986 
f 1837/3571/986 1820/3557/969 1831/3567/980 1838/3572/987 
f 1839/3573/988 1840/3574/989 1841/3575/990 1842/3576/991 
f 1843/3577/992 1816/3555/965 1833/3569/982 1844/3578/993 
f 1844/3578/993 1833/3569/982 1821/3559/970 1845/3579/994 
f 1845/3579/994 1821/3559/970 187/3558/73 213/3580/99 
s 1
f 1846/3581/995 1847/318/996 1848/319/997 
f 1846/3581/995 1849/3582/998 1847/318/996 
s 8
f 1850/265/957 1851/3583/958 1852/3584/959 
f 1853/3585/960 1854/293/961 1850/261/957 
s off
f 1850/261/957 1855/289/962 1856/3586/963 
f 1850/261/957 1857/3587/964 1853/3585/960 
f 226/3588/66 228/3589/68 1858/3590/965 
f 1859/277/966 1860/278/967 1861/3591/968 
f 1862/3592/969 1860/275/967 1859/273/966 
f 233/3593/73 1863/3594/970 228/3589/68 
f 1864/292/971 1854/293/961 1853/3585/960 1865/3595/972 
f 1865/3595/972 1853/3585/960 1857/3587/964 1866/3596/973 
f 1866/3596/973 1857/3587/964 1856/3586/963 1867/3597/974 
f 1867/3597/974 1856/3586/963 1855/289/962 1868/286/975 
f 1868/285/975 1855/268/962 1869/3598/976 1870/3599/977 
f 1870/3599/977 1869/3598/976 1852/3584/959 1871/3600/978 
f 1871/3600/978 1852/3584/959 1851/3583/958 1872/3601/979 
f 1872/3601/979 1851/3583/958 1854/266/961 1864/281/971 
f 1862/3592/969 1859/273/966 1873/3602/980 
f 1859/277/966 1861/3591/968 1874/3603/981 
f 1855/268/962 1850/265/957 1869/3598/976 
s 8
f 1850/265/957 1852/3584/959 1869/3598/976 
s off
f 1857/3587/964 1850/261/957 1856/3586/963 
s 8
f 1850/265/957 1854/266/961 1851/3583/958 
s off
f 1858/3590/965 228/3589/68 1875/3604/982 
f 228/3589/68 1863/3594/970 1875/3604/982 
f 1876/3605/983 1874/3603/981 1861/3591/968 1877/1610/984 
f 1877/1610/984 1861/3591/968 1860/278/967 1878/300/985 
f 1878/299/985 1860/275/967 1862/3592/969 1879/3606/986 
f 1879/3606/986 1862/3592/969 1873/3602/980 1880/3607/987 
f 1881/3608/988 1882/3609/989 1883/3610/990 1884/3611/991 
f 1885/3612/992 1858/3590/965 1875/3604/982 1886/3613/993 
f 1886/3613/993 1875/3604/982 1863/3594/970 1887/3614/994 
f 1887/3614/994 1863/3594/970 233/3593/73 259/3615/99 
s 1
f 1849/3582/998 1888/320/999 1847/318/996 
s off
f 261/312/105 1889/3616/1000 1890/3617/1001 262/313/106 
s 1
f 1891/3618/1002 1847/259/996 1892/3619/1003 
f 1848/258/997 1847/259/996 1891/3618/1002 
f 1892/3619/1003 1847/259/996 1888/311/999 
s off
f 1893/3620/1004 1894/3621/1005 1895/3622/1006 1896/3623/1007 
f 1896/3623/1007 1895/3622/1006 1897/330/1008 1898/327/1009 
f 1898/325/1009 1897/326/1008 1899/3624/1010 1900/3625/1011 
f 1900/3625/1011 1899/3624/1010 1901/336/1012 1902/333/1013 
f 1902/331/1013 1901/332/1012 1903/1716/1014 1904/3626/1015 
f 1904/3626/1015 1903/1716/1014 1894/3621/1005 1893/3620/1004 
f 1905/346/1016 1784/187/971 1785/3527/972 1906/3627/1017 
f 1906/3627/1017 1785/3527/972 1786/3528/973 1907/3628/1018 
f 1907/3628/1018 1786/3528/973 1787/3529/974 1908/3629/1019 
f 1908/3629/1019 1787/3529/974 1788/181/975 1909/342/1020 
f 1909/341/1020 1788/180/975 1790/3531/977 1910/3630/1021 
f 1910/3630/1021 1790/3531/977 1791/3532/978 1911/3631/1022 
f 1911/3631/1022 1791/3532/978 1792/3533/979 1912/3632/1023 
f 1912/3632/1023 1792/3533/979 1784/176/971 1905/337/1016 
f 1913/3633/1024 1914/3634/1025 1915/3635/1026 1916/3636/1027 
f 1917/3637/1028 1913/3638/1024 1916/3639/1027 1918/3640/1029 
f 1919/3641/1030 1917/3637/1028 1918/3640/1029 1920/3642/1031 
f 1921/3643/1032 1919/3644/1030 1920/3645/1031 1922/3646/1033 
f 297/361/141 1923/3647/1034 1924/3648/1035 298/362/142 
s 8
f 1925/3649/1036 1717/3446/936 1716/3445/915 1926/3650/915 
f 20/27/17 1665/3393/921 1927/3651/1037 303/367/146 
f 18/25/15 303/370/146 1927/3652/1037 1664/3392/920 
s off
f 14/371/11 306/374/149 1928/3653/1038 1660/3654/918 
f 1660/3386/918 1928/3655/1038 1929/3656/1039 1659/3385/917 
f 1659/3385/917 1929/3656/1039 1930/3657/1040 1657/3380/916 
f 1657/3658/916 1930/3659/1040 309/380/152 7/379/7 
f 306/374/149 311/383/154 1931/3660/1041 1928/3653/1038 
f 1928/3655/1038 1931/3661/1041 1932/3662/1042 1929/3656/1039 
f 1929/3656/1039 1932/3662/1042 1933/3663/1043 1930/3657/1040 
f 1930/3659/1040 1933/3664/1043 314/387/157 309/380/152 
f 315/3665/158 318/3666/161 1934/3667/1044 1935/3668/1045 
f 319/393/162 1936/3669/1046 1937/3670/1047 320/394/163 
f 323/397/166 326/400/169 1938/3671/1048 1939/3672/1049 
f 1939/3672/1049 1938/3671/1048 1940/3673/1050 1941/3674/1051 
f 1941/3675/1051 1940/3676/1050 1942/3677/1052 1943/3678/1053 
f 1943/3679/1053 1942/3680/1052 331/409/174 323/408/166 
f 326/400/169 333/412/176 1944/3681/1054 1938/3671/1048 
f 1938/3671/1048 1944/3681/1054 1945/3682/1055 1940/3673/1050 
f 1940/3676/1050 1945/3683/1055 1946/3684/1056 1942/3677/1052 
f 1942/3685/1052 1946/3686/1056 336/3687/179 331/3688/174 
f 333/412/176 16/30/13 1667/3396/923 1944/3681/1054 
f 1944/3681/1054 1667/3396/923 1947/3689/1057 1945/3682/1055 
f 1945/3683/1055 1947/3690/1057 1666/3691/922 1946/3684/1056 
f 1946/3686/1056 1666/3692/922 19/3693/16 336/3687/179 
f 1667/3396/923 1664/3395/920 1927/3694/1037 1947/3689/1057 
f 1947/3690/1057 1927/3695/1037 1665/3696/921 1666/3691/922 
f 1948/3697/1058 1949/3698/1059 340/3699/183 339/3700/182 
f 342/432/185 1950/3701/1060 1951/3702/1061 343/433/186 
f 1952/3703/1062 1953/3704/1063 348/3705/191 347/3706/190 
f 350/3707/193 1954/3708/1064 1955/3709/1065 351/3710/194 
f 1953/3711/1063 1956/3712/1066 354/3713/197 348/3714/191 
f 1957/3715/1067 1956/3712/1066 1953/3711/1063 1958/3716/1068 
f 1959/3717/1069 1957/3715/1067 1958/3716/1068 1954/3718/1064 
f 359/3719/202 1959/3720/1069 1954/3708/1064 350/3707/193 
f 1935/3668/1045 1960/3721/1070 360/3722/203 315/3665/158 
f 1961/3723/1071 1960/3721/1070 1935/3668/1045 1962/3724/1072 
f 1963/3725/1073 1961/3723/1071 1962/3724/1072 1936/3726/1046 
f 365/3727/208 1963/3728/1073 1936/3729/1046 319/3730/162 
f 1939/3731/1049 1964/3732/1074 366/466/209 323/465/166 
f 1941/3675/1051 1965/3733/1075 1964/3734/1074 1939/3735/1049 
f 1943/3678/1053 1966/3736/1076 1965/3733/1075 1941/3675/1051 
f 323/408/166 370/473/213 1966/3737/1076 1943/3679/1053 
f 1964/3732/1074 1952/3738/1062 347/474/190 366/466/209 
f 351/3710/194 1955/3709/1065 1966/3739/1076 370/3740/213 
f 1956/3712/1066 1934/3667/1044 318/3666/161 354/3713/197 
f 320/3741/163 1937/3742/1047 1959/3720/1069 359/3719/202 
f 1960/3721/1070 1948/3697/1058 339/3700/182 360/3722/203 
f 343/3743/186 1951/3744/1061 1963/3728/1073 365/3727/208 
f 1967/3745/1077 374/485/217 373/484/216 1968/3746/1078 
f 375/486/218 378/489/221 1969/3747/1079 1970/3748/1080 
f 1931/3660/1041 311/383/154 374/485/217 1967/3745/1077 
f 378/489/221 314/387/157 1933/3664/1043 1969/3747/1079 
f 1968/3749/1078 373/493/216 340/492/183 1949/3750/1059 
f 1971/3751/1081 1972/3752/1082 1968/3753/1078 1949/3754/1059 
f 1970/3755/1080 1972/3752/1082 1971/3751/1081 1950/3756/1060 
f 342/3757/185 375/3758/218 1970/3759/1080 1950/3760/1060 
s 8
f 1670/3761/926 1669/3762/925 1973/3763/1083 1974/3764/1084 
f 1669/3398/925 1675/3404/931 1975/3765/1085 1973/3766/1083 
f 1672/3401/928 1974/3767/1084 1973/3768/1083 1673/3402/929 
f 1673/3402/929 1973/3768/1083 1975/3769/1085 1674/3403/930 
s off
f 1976/3770/1086 1977/3771/1087 1978/3772/1088 1979/3773/1089 
f 1979/3773/1089 1978/3772/1088 1980/3774/1090 1981/3775/1091 
f 1981/3776/1091 1980/3777/1090 1982/3778/1092 1983/3779/1093 
f 1983/3779/1093 1982/3778/1092 1984/3780/1094 1985/3781/1095 
f 1985/3781/1095 1984/3780/1094 1986/3782/1096 1987/3783/1097 
f 1987/3783/1097 1986/3782/1096 1988/3784/1098 1989/3785/1099 
f 1989/3786/1099 1988/3787/1098 1990/3788/1100 1991/3789/1101 
f 1991/3790/1101 1990/3791/1100 1977/3792/1087 1976/3793/1086 
f 1977/3771/1087 1992/3794/1102 1993/3795/1103 1978/3772/1088 
f 1978/3772/1088 1993/3795/1103 1994/3796/1104 1980/3774/1090 
f 1980/3797/1090 1994/3798/1104 1995/3799/1105 1982/3800/1092 
f 1982/3778/1092 1995/3801/1105 1996/3802/1106 1984/3780/1094 
f 1984/3780/1094 1996/3802/1106 1997/3803/1107 1986/3782/1096 
f 1986/3782/1096 1997/3803/1107 1998/3804/1108 1988/3784/1098 
f 1988/3805/1098 1998/3806/1108 1999/3807/1109 1990/3791/1100 
f 1990/3791/1100 1999/3807/1109 1992/3808/1102 1977/3792/1087 
f 1992/3794/1102 1668/3809/924 1677/3810/933 1993/3795/1103 
f 1993/3795/1103 1677/3810/933 2000/3811/1110 1994/3796/1104 
f 1994/3798/1104 2000/3812/1110 1678/3813/934 1995/3799/1105 
f 1995/3801/1105 1678/3407/934 1671/3400/927 1996/3802/1106 
f 1996/3802/1106 1671/3400/927 1679/3408/935 1997/3803/1107 
f 1997/3803/1107 1679/3408/935 2001/3814/1111 1998/3804/1108 
f 1998/3806/1108 2001/3815/1111 1676/3405/932 1999/3807/1109 
f 1999/3807/1109 1676/3405/932 1668/3397/924 1992/3808/1102 
f 1677/3816/933 1670/3761/926 1974/3764/1084 2000/3817/1110 
f 2000/3818/1110 1974/3819/1084 1672/3820/928 1678/3821/934 
f 1679/3408/935 1674/3403/930 1975/3769/1085 2001/3814/1111 
f 2001/3815/1111 1975/3765/1085 1675/3404/931 1676/3405/932 
f 1979/3773/1089 1955/3822/1065 1954/3823/1064 1976/3770/1086 
f 1981/3824/1091 1966/3825/1076 1955/3826/1065 1979/3827/1089 
f 1983/3779/1093 1965/3828/1075 1966/3829/1076 1981/3776/1091 
f 1964/3830/1074 1965/3828/1075 1983/3779/1093 1985/3781/1095 
f 1987/3831/1097 1952/3738/1062 1964/3732/1074 1985/3832/1095 
f 1953/3704/1063 1952/3703/1062 1987/3833/1097 1989/3834/1099 
f 1991/3835/1101 1958/3836/1068 1953/3704/1063 1989/3834/1099 
f 1954/3718/1064 1958/3716/1068 1991/3790/1101 1976/3793/1086 
s 8
f 1682/3837/926 1681/3838/925 2002/3839/1083 2003/3840/1084 
f 1681/3410/925 1687/3416/931 2004/3841/1085 2002/3842/1083 
f 1684/3413/928 2003/3843/1084 2002/3844/1083 1685/3414/929 
f 1685/3414/929 2002/3844/1083 2004/3845/1085 1686/3415/930 
s off
f 2005/3846/1112 2006/3847/1087 2007/3848/1113 2008/3849/1114 
f 2008/3849/1114 2007/3848/1113 2009/3850/1090 2010/3851/1115 
f 2010/3852/1115 2009/3853/1090 2011/3854/1092 2012/3855/1116 
f 2012/3855/1116 2011/3854/1092 2013/3856/1094 2014/3857/1117 
f 2014/3857/1117 2013/3856/1094 2015/3858/1096 2016/3859/1118 
f 2016/3859/1118 2015/3858/1096 2017/3860/1098 2018/3861/1119 
f 2018/3862/1119 2017/3863/1098 2019/3864/1100 2020/3865/1120 
f 2020/3866/1120 2019/3867/1100 2006/3868/1087 2005/3869/1112 
f 2006/3847/1087 2021/3870/1102 2022/3871/1103 2007/3848/1113 
f 2007/3848/1113 2022/3871/1103 2023/3872/1104 2009/3850/1090 
f 2009/3873/1090 2023/3874/1104 2024/3875/1105 2011/3876/1092 
f 2011/3854/1092 2024/3877/1105 2025/3878/1106 2013/3856/1094 
f 2013/3856/1094 2025/3878/1106 2026/3879/1107 2015/3858/1096 
f 2015/3858/1096 2026/3879/1107 2027/3880/1108 2017/3860/1098 
f 2017/3881/1098 2027/3882/1108 2028/3883/1109 2019/3867/1100 
f 2019/3867/1100 2028/3883/1109 2021/3884/1102 2006/3868/1087 
f 2021/3870/1102 1680/3885/924 1689/3886/933 2022/3871/1103 
f 2022/3871/1103 1689/3886/933 2029/3887/1121 2023/3872/1104 
f 2023/3874/1104 2029/3888/1121 1690/3889/934 2024/3875/1105 
f 2024/3877/1105 1690/3419/934 1683/3412/927 2025/3878/1106 
f 2025/3878/1106 1683/3412/927 1691/3420/935 2026/3879/1107 
f 2026/3879/1107 1691/3420/935 2030/3890/1111 2027/3880/1108 
f 2027/3882/1108 2030/3891/1111 1688/3417/932 2028/3883/1109 
f 2028/3883/1109 1688/3417/932 1680/3409/924 2021/3884/1102 
f 1689/3892/933 1682/3837/926 2003/3840/1084 2029/3893/1121 
f 2029/3888/1121 2003/3894/1084 1684/3895/928 1690/3889/934 
f 1691/3420/935 1686/3415/930 2004/3845/1085 2030/3890/1111 
f 2030/3891/1111 2004/3841/1085 1687/3416/931 1688/3417/932 
f 2008/3849/1114 1937/3670/1047 1936/3669/1046 2005/3846/1112 
f 2010/3896/1115 1959/3897/1069 1937/3898/1047 2008/3899/1114 
f 2012/3855/1116 1957/3900/1067 1959/3901/1069 2010/3852/1115 
f 1956/3902/1066 1957/3900/1067 2012/3855/1116 2014/3857/1117 
f 2016/3903/1118 1934/3904/1044 1956/3905/1066 2014/3906/1117 
f 1935/3907/1045 1934/3908/1044 2016/3909/1118 2018/3910/1119 
f 2020/3866/1120 1962/3724/1072 1935/3668/1045 2018/3911/1119 
f 1936/3726/1046 1962/3724/1072 2020/3866/1120 2005/3869/1112 
s 8
f 1694/3912/926 1693/3913/925 2031/3914/1083 2032/3915/1084 
f 1693/3422/925 1699/3428/931 2033/3916/1085 2031/3917/1083 
f 1696/3425/928 2032/3918/1084 2031/3919/1083 1697/3426/929 
f 1697/3426/929 2031/3919/1083 2033/3920/1085 1698/3427/930 
s off
f 2034/3921/1122 2035/3922/1087 2036/3923/1113 2037/3924/1123 
f 2037/3924/1123 2036/3923/1113 2038/3925/1090 2039/3926/1124 
f 2039/3927/1124 2038/3928/1090 2040/3929/1092 2041/3930/1125 
f 2041/3930/1125 2040/3929/1092 2042/3931/1094 2043/3932/1126 
f 2043/3932/1126 2042/3931/1094 2044/3933/1096 2045/3934/1127 
f 2045/3934/1127 2044/3933/1096 2046/3935/1098 2047/3936/1128 
f 2047/3937/1128 2046/3938/1098 2048/3939/1100 2049/3940/1129 
f 2049/3941/1129 2048/3942/1100 2035/3943/1087 2034/3944/1122 
f 2035/3922/1087 2050/3945/1102 2051/3946/1103 2036/3923/1113 
f 2036/3923/1113 2051/3946/1103 2052/3947/1104 2038/3925/1090 
f 2038/3948/1090 2052/3949/1104 2053/3950/1105 2040/3951/1092 
f 2040/3929/1092 2053/3952/1105 2054/3953/1106 2042/3931/1094 
f 2042/3931/1094 2054/3953/1106 2055/3954/1107 2044/3933/1096 
f 2044/3933/1096 2055/3954/1107 2056/3955/1108 2046/3935/1098 
f 2046/3956/1098 2056/3957/1108 2057/3958/1109 2048/3942/1100 
f 2048/3942/1100 2057/3958/1109 2050/3959/1102 2035/3943/1087 
f 2050/3945/1102 1692/3960/924 1701/3961/933 2051/3946/1103 
f 2051/3946/1103 1701/3961/933 2058/3962/1110 2052/3947/1104 
f 2052/3949/1104 2058/3963/1110 1702/3964/934 2053/3950/1105 
f 2053/3952/1105 1702/3431/934 1695/3424/927 2054/3953/1106 
f 2054/3953/1106 1695/3424/927 1703/3432/935 2055/3954/1107 
f 2055/3954/1107 1703/3432/935 2059/3965/1111 2056/3955/1108 
f 2056/3957/1108 2059/3966/1111 1700/3429/932 2057/3958/1109 
f 2057/3958/1109 1700/3429/932 1692/3421/924 2050/3959/1102 
f 1701/3967/933 1694/3912/926 2032/3915/1084 2058/3968/1110 
f 2058/3969/1110 2032/3970/1084 1696/3971/928 1702/3972/934 
f 1703/3432/935 1698/3427/930 2033/3920/1085 2059/3965/1111 
f 2059/3966/1111 2033/3916/1085 1699/3428/931 1700/3429/932 
f 2037/3924/1123 1951/3702/1061 1950/3701/1060 2034/3921/1122 
f 2039/3973/1124 1963/3974/1073 1951/3975/1061 2037/3976/1123 
f 2041/3930/1125 1961/3977/1071 1963/3978/1073 2039/3927/1124 
f 1960/3979/1070 1961/3977/1071 2041/3930/1125 2043/3932/1126 
f 2045/3980/1127 1948/3981/1058 1960/3982/1070 2043/3983/1126 
f 1949/3984/1059 1948/3981/1058 2045/3980/1127 2047/3985/1128 
f 2049/3986/1129 1971/3987/1081 1949/3750/1059 2047/3988/1128 
f 1950/3756/1060 1971/3751/1081 2049/3941/1129 2034/3944/1122 
s 8
f 1706/3989/926 1705/3990/925 2060/3991/1083 2061/3992/1084 
f 1705/3434/925 1711/3440/931 2062/3993/1085 2060/3994/1083 
f 1708/3437/928 2061/3995/1084 2060/3996/1083 1709/3438/929 
f 1709/3438/929 2060/3996/1083 2062/3997/1085 1710/3439/930 
s off
f 2063/3998/1130 2064/3999/1087 2065/4000/1113 2066/4001/1131 
f 2066/4001/1131 2065/4000/1113 2067/4002/1090 2068/4003/1132 
f 2068/4004/1132 2067/4005/1090 2069/4006/1092 2070/4007/1133 
f 2070/4007/1133 2069/4006/1092 2071/4008/1094 2072/4009/1134 
f 2072/4009/1134 2071/4008/1094 2073/4010/1096 2074/4011/1135 
f 2074/4011/1135 2073/4010/1096 2075/4012/1098 2076/4013/1136 
f 2076/4014/1136 2075/4015/1098 2077/4016/1100 2078/4017/1137 
f 2078/4018/1137 2077/4019/1100 2064/4020/1087 2063/4021/1130 
f 2064/3999/1087 2079/4022/1102 2080/4023/1103 2065/4000/1113 
f 2065/4000/1113 2080/4023/1103 2081/4024/1104 2067/4002/1090 
f 2067/4025/1090 2081/4026/1104 2082/4027/1105 2069/4028/1092 
f 2069/4006/1092 2082/4029/1105 2083/4030/1106 2071/4008/1094 
f 2071/4008/1094 2083/4030/1106 2084/4031/1107 2073/4010/1096 
f 2073/4010/1096 2084/4031/1107 2085/4032/1108 2075/4012/1098 
f 2075/4033/1098 2085/4034/1108 2086/4035/1109 2077/4019/1100 
f 2077/4019/1100 2086/4035/1109 2079/4036/1102 2064/4020/1087 
f 2079/4022/1102 1704/4037/924 1713/4038/933 2080/4023/1103 
f 2080/4023/1103 1713/4038/933 2087/4039/1110 2081/4024/1104 
f 2081/4026/1104 2087/4040/1110 1714/4041/934 2082/4027/1105 
f 2082/4029/1105 1714/3443/934 1707/3436/927 2083/4030/1106 
f 2083/4030/1106 1707/3436/927 1715/3444/935 2084/4031/1107 
f 2084/4031/1107 1715/3444/935 2088/4042/1111 2085/4032/1108 
f 2085/4034/1108 2088/4043/1111 1712/3441/932 2086/4035/1109 
f 2086/4035/1109 1712/3441/932 1704/3433/924 2079/4036/1102 
f 1713/4044/933 1706/3989/926 2061/3992/1084 2087/4045/1110 
f 2087/4046/1110 2061/4047/1084 1708/4048/928 1714/4049/934 
f 1715/3444/935 1710/3439/930 2062/3997/1085 2088/4042/1111 
f 2088/4043/1111 2062/3993/1085 1711/3440/931 1712/3441/932 
f 2066/4001/1131 1969/3747/1079 1933/3664/1043 2063/3998/1130 
f 2068/4003/1132 1970/3748/1080 1969/3747/1079 2066/4001/1131 
f 2070/4050/1133 1972/4051/1082 1970/4052/1080 2068/4053/1132 
f 1968/4054/1078 1972/4051/1082 2070/4050/1133 2072/4055/1134 
f 2074/4056/1135 1967/3745/1077 1968/3746/1078 2072/4057/1134 
f 1931/3660/1041 1967/3745/1077 2074/4056/1135 2076/4058/1136 
f 2078/4059/1137 1932/4060/1042 1931/4061/1041 2076/4062/1136 
f 1933/4063/1043 1932/4064/1042 2078/4017/1137 2063/4065/1130 
s 8
f 78/87/38 1719/3448/938 2089/4066/1138 497/804/279 
f 76/85/36 497/807/279 2089/4067/1138 1718/3447/937 
s off
f 499/808/281 501/811/283 2090/4068/1139 1925/4069/1036 
f 1925/3649/1036 2090/4070/1139 2091/4071/1140 1717/3446/936 
f 1717/3446/936 2091/4071/1140 2092/4072/1141 1663/3389/919 
f 1663/4073/919 2092/4074/1141 504/817/286 15/816/12 
f 501/811/283 506/820/288 2093/4075/1142 2090/4068/1139 
f 2090/4070/1139 2093/4076/1142 2094/4077/1143 2091/4071/1140 
f 2091/4071/1140 2094/4077/1143 2095/4078/1144 2092/4072/1141 
f 2092/4074/1141 2095/4079/1144 509/824/291 504/817/286 
f 510/4080/292 513/4081/295 2096/4082/1145 2097/4083/1146 
f 514/830/296 2098/4084/1147 2099/4085/1148 515/831/297 
f 518/834/300 521/837/303 2100/4086/1149 2101/4087/1150 
f 2101/4087/1150 2100/4086/1149 2102/4088/1151 2103/4089/1152 
f 2103/4090/1152 2102/4091/1151 2104/4092/1153 2105/4093/1154 
f 2105/4094/1154 2104/4095/1153 526/846/308 518/845/300 
f 521/837/303 528/849/310 2106/4096/1155 2100/4086/1149 
f 2100/4086/1149 2106/4096/1155 2107/4097/1156 2102/4088/1151 
f 2102/4091/1151 2107/4098/1156 2108/4099/1157 2104/4092/1153 
f 2104/4095/1153 2108/4100/1157 531/853/313 526/846/308 
f 528/849/310 74/83/34 1721/3450/940 2106/4096/1155 
f 2106/4096/1155 1721/3450/940 2109/4101/1158 2107/4097/1156 
f 2107/4098/1156 2109/4102/1158 1720/4103/939 2108/4099/1157 
f 2108/4100/1157 1720/3449/939 77/86/37 531/853/313 
f 1721/3450/940 1718/3447/937 2089/4067/1138 2109/4101/1158 
f 2109/4104/1158 2089/4066/1138 1719/3448/938 1720/3449/939 
f 2110/4105/1159 2111/4106/1160 535/4107/317 534/4108/316 
f 537/4109/319 2112/4110/1161 2113/4111/1162 538/4112/320 
f 2114/4113/1163 2115/4114/1164 543/4115/325 542/4116/324 
f 545/4117/327 2116/4118/1165 2117/4119/1166 546/4120/328 
f 2115/4114/1164 2118/4121/1167 549/4122/331 543/4115/325 
f 2119/4123/1168 2118/4124/1167 2115/4125/1164 2120/4126/1169 
f 2121/4127/1170 2119/4123/1168 2120/4126/1169 2116/4128/1165 
f 554/883/336 2121/4129/1170 2116/4130/1165 545/884/327 
f 2097/4083/1146 2122/4131/1171 555/4132/337 510/4080/292 
f 2123/4133/1172 2122/4134/1171 2097/4135/1146 2124/4136/1173 
f 2125/4137/1174 2123/4133/1172 2124/4136/1173 2098/4138/1147 
f 560/4139/342 2125/4140/1174 2098/4141/1147 514/4142/296 
f 2101/4087/1150 2126/4143/1175 561/899/343 518/834/300 
f 2103/4090/1152 2127/4144/1176 2126/4145/1175 2101/4146/1150 
f 2105/4093/1154 2128/4147/1177 2127/4144/1176 2103/4090/1152 
f 518/845/300 565/906/347 2128/4148/1177 2105/4094/1154 
f 2126/4149/1175 2114/4113/1163 542/4116/324 561/4150/343 
f 546/909/328 2117/4151/1166 2128/4148/1177 565/906/347 
f 2118/4121/1167 2096/4082/1145 513/4081/295 549/4122/331 
f 515/831/297 2099/4085/1148 2121/4129/1170 554/883/336 
f 2122/4131/1171 2110/4105/1159 534/4108/316 555/4132/337 
f 538/911/320 2113/4152/1162 2125/4153/1174 560/912/342 
f 2129/4154/1178 569/4155/351 568/4156/350 2130/4157/1179 
f 570/4158/352 573/4159/355 2131/4160/1180 2132/4161/1181 
f 2093/4162/1142 506/4163/288 569/4155/351 2129/4154/1178 
f 573/925/355 509/824/291 2095/4079/1144 2131/4164/1180 
f 2130/4165/1179 568/930/350 535/929/317 2111/4166/1160 
f 2133/4167/1182 2134/4168/1183 2130/4169/1179 2111/4170/1160 
f 2132/4171/1181 2134/4168/1183 2133/4167/1182 2112/4172/1161 
f 537/4109/319 570/4158/352 2132/4161/1181 2112/4110/1161 
s 8
f 1724/4173/943 1723/4174/942 2135/4175/1184 2136/4176/1185 
f 1723/3452/942 1729/3458/948 2137/4177/1186 2135/4178/1184 
f 1726/3463/945 2136/4179/1185 2135/4180/1184 1727/4181/946 
f 1727/3456/946 2135/4182/1184 2137/4183/1186 1728/3457/947 
s off
f 2138/4184/1187 2139/4185/1188 2140/4186/1189 2141/4187/1190 
f 2141/4188/1190 2140/4189/1189 2142/4190/1191 2143/4191/1192 
f 2143/4192/1192 2142/4193/1191 2144/4194/1193 2145/4195/1194 
f 2145/4195/1194 2144/4194/1193 2146/4196/1195 2147/4197/1196 
f 2147/4198/1196 2146/4199/1195 2148/4200/1197 2149/4201/1198 
f 2149/4201/1198 2148/4200/1197 2150/4202/1199 2151/4203/1200 
f 2151/4204/1200 2150/4205/1199 2152/4206/1201 2153/4207/1202 
f 2153/4208/1202 2152/4209/1201 2139/4210/1188 2138/4211/1187 
f 2139/4212/1188 2154/4213/1203 2155/4214/1204 2140/4215/1189 
f 2140/4216/1189 2155/4217/1204 2156/4218/1205 2142/4219/1191 
f 2142/4193/1191 2156/4220/1205 2157/4221/1206 2144/4194/1193 
f 2144/4194/1193 2157/4221/1206 2158/4222/1207 2146/4196/1195 
f 2146/4199/1195 2158/4223/1207 2159/4224/1208 2148/4200/1197 
f 2148/4200/1197 2159/4224/1208 2160/4225/1209 2150/4202/1199 
f 2150/4205/1199 2160/4226/1209 2161/4227/1210 2152/4206/1201 
f 2152/4209/1201 2161/4228/1210 2154/4229/1203 2139/4210/1188 
f 2154/4213/1203 1722/3460/941 1731/3462/950 2155/4214/1204 
f 2155/4217/1204 1731/4230/950 2162/4231/1211 2156/4218/1205 
f 2156/4220/1205 2162/4232/1211 1732/3465/951 2157/4221/1206 
f 2157/4221/1206 1732/3465/951 1725/3464/944 2158/4222/1207 
f 2158/4223/1207 1725/3454/944 1733/3466/952 2159/4224/1208 
f 2159/4224/1208 1733/3466/952 2163/4233/1212 2160/4225/1209 
f 2160/4234/1209 2163/4235/1212 1730/3459/949 2161/4228/1210 
f 2161/4228/1210 1730/3459/949 1722/3451/941 2154/4229/1203 
f 1731/4230/950 1724/4173/943 2136/4176/1185 2162/4231/1211 
f 2162/4232/1211 2136/4179/1185 1726/3463/945 1732/3465/951 
f 1733/3466/952 1728/3457/947 2137/4183/1186 2163/4233/1212 
f 2163/4235/1212 2137/4177/1186 1729/3458/948 1730/3459/949 
f 2141/4187/1190 2117/4236/1166 2116/4237/1165 2138/4184/1187 
f 2143/4238/1192 2128/4148/1177 2117/4151/1166 2141/4239/1190 
f 2145/4240/1194 2127/4241/1176 2128/4242/1177 2143/4243/1192 
f 2126/4244/1175 2127/4241/1176 2145/4240/1194 2147/4245/1196 
f 2149/4246/1198 2114/4247/1163 2126/4248/1175 2147/4249/1196 
f 2115/4250/1164 2114/4251/1163 2149/4252/1198 2151/4204/1200 
f 2153/4207/1202 2120/4253/1169 2115/4250/1164 2151/4204/1200 
f 2116/4237/1165 2120/4254/1169 2153/4255/1202 2138/4184/1187 
s 8
f 1736/4256/943 1735/4257/953 2164/4258/1184 2165/4259/1185 
f 1735/3468/953 1741/3474/948 2166/4260/1186 2164/4261/1184 
f 1738/3479/955 2165/4262/1185 2164/4263/1184 1739/4264/946 
f 1739/3472/946 2164/4265/1184 2166/4266/1186 1740/3473/956 
s off
f 2167/4267/1213 2168/4268/1188 2169/4269/1214 2170/4270/1215 
f 2170/4271/1215 2169/4272/1214 2171/4273/1191 2172/4274/1216 
f 2172/4275/1216 2171/4276/1191 2173/4277/1217 2174/4278/1218 
f 2174/4278/1218 2173/4277/1217 2175/4279/1195 2176/4280/1219 
f 2176/4281/1219 2175/4282/1195 2177/4283/1197 2178/4284/1220 
f 2178/4284/1220 2177/4283/1197 2179/4285/1199 2180/4286/1221 
f 2180/4287/1221 2179/4288/1199 2181/4289/1201 2182/4290/1222 
f 2182/4291/1222 2181/4292/1201 2168/4293/1188 2167/4294/1213 
f 2168/4295/1188 2183/4296/1203 2184/4297/1204 2169/4298/1214 
f 2169/4299/1214 2184/4300/1204 2185/4301/1205 2171/4302/1191 
f 2171/4276/1191 2185/4303/1205 2186/4304/1206 2173/4277/1217 
f 2173/4277/1217 2186/4304/1206 2187/4305/1207 2175/4279/1195 
f 2175/4282/1195 2187/4306/1207 2188/4307/1208 2177/4283/1197 
f 2177/4283/1197 2188/4307/1208 2189/4308/1209 2179/4285/1199 
f 2179/4288/1199 2189/4309/1209 2190/4310/1210 2181/4289/1201 
f 2181/4292/1201 2190/4311/1210 2183/4312/1203 2168/4293/1188 
f 2183/4296/1203 1734/3476/941 1743/3478/950 2184/4297/1204 
f 2184/4300/1204 1743/4313/950 2191/4314/1211 2185/4301/1205 
f 2185/4303/1205 2191/4315/1211 1744/3481/951 2186/4304/1206 
f 2186/4304/1206 1744/3481/951 1737/3480/954 2187/4305/1207 
f 2187/4306/1207 1737/3470/954 1745/3482/952 2188/4307/1208 
f 2188/4307/1208 1745/3482/952 2192/4316/1212 2189/4308/1209 
f 2189/4317/1209 2192/4318/1212 1742/3475/949 2190/4311/1210 
f 2190/4311/1210 1742/3475/949 1734/3467/941 2183/4312/1203 
f 1743/4313/950 1736/4256/943 2165/4259/1185 2191/4314/1211 
f 2191/4315/1211 2165/4262/1185 1738/3479/955 1744/3481/951 
f 1745/3482/952 1740/3473/956 2166/4266/1186 2192/4316/1212 
f 2192/4318/1212 2166/4260/1186 1741/3474/948 1742/3475/949 
f 2170/4270/1215 2099/4319/1148 2098/4320/1147 2167/4267/1213 
f 2172/4321/1216 2121/4129/1170 2099/4085/1148 2170/4322/1215 
f 2174/4323/1218 2119/4324/1168 2121/4325/1170 2172/4326/1216 
f 2118/4327/1167 2119/4328/1168 2174/4278/1218 2176/4280/1219 
f 2178/4329/1220 2096/4330/1145 2118/4331/1167 2176/4332/1219 
f 2097/4333/1146 2096/4334/1145 2178/4335/1220 2180/4287/1221 
f 2182/4290/1222 2124/4336/1173 2097/4333/1146 2180/4287/1221 
f 2098/4320/1147 2124/4337/1173 2182/4338/1222 2167/4267/1213 
s 8
f 1748/4339/943 1747/4340/942 2193/4341/1223 2194/4342/1185 
f 1747/3484/942 1753/3490/948 2195/4343/1186 2193/4344/1223 
f 1750/3495/955 2194/4345/1185 2193/4346/1223 1751/4347/946 
f 1751/3488/946 2193/4348/1223 2195/4349/1186 1752/3489/947 
s off
f 2196/4350/1224 2197/4351/1188 2198/4352/1189 2199/4353/1225 
f 2199/4354/1225 2198/4355/1189 2200/4356/1191 2201/4357/1226 
f 2201/4358/1226 2200/4359/1191 2202/4360/1217 2203/4361/1227 
f 2203/4361/1227 2202/4360/1217 2204/4362/1195 2205/4363/1228 
f 2205/4364/1228 2204/4365/1195 2206/4366/1197 2207/4367/1229 
f 2207/4367/1229 2206/4366/1197 2208/4368/1199 2209/4369/1230 
f 2209/4370/1230 2208/4371/1199 2210/4372/1201 2211/4373/1231 
f 2211/4374/1231 2210/4375/1201 2197/4376/1188 2196/4377/1224 
f 2197/4378/1188 2212/4379/1203 2213/4380/1204 2198/4381/1189 
f 2198/4382/1189 2213/4383/1204 2214/4384/1205 2200/4385/1191 
f 2200/4359/1191 2214/4386/1205 2215/4387/1206 2202/4360/1217 
f 2202/4360/1217 2215/4387/1206 2216/4388/1207 2204/4362/1195 
f 2204/4365/1195 2216/4389/1207 2217/4390/1232 2206/4366/1197 
f 2206/4366/1197 2217/4390/1232 2218/4391/1233 2208/4368/1199 
f 2208/4371/1199 2218/4392/1233 2219/4393/1210 2210/4372/1201 
f 2210/4375/1201 2219/4394/1210 2212/4395/1203 2197/4376/1188 
f 2212/4379/1203 1746/3492/941 1755/3494/950 2213/4380/1204 
f 2213/4383/1204 1755/4396/950 2220/4397/1211 2214/4384/1205 
f 2214/4386/1205 2220/4398/1211 1756/3497/951 2215/4387/1206 
f 2215/4387/1206 1756/3497/951 1749/3496/954 2216/4388/1207 
f 2216/4389/1207 1749/3486/954 1757/3498/952 2217/4390/1232 
f 2217/4390/1232 1757/3498/952 2221/4399/1212 2218/4391/1233 
f 2218/4400/1233 2221/4401/1212 1754/3491/949 2219/4394/1210 
f 2219/4394/1210 1754/3491/949 1746/3483/941 2212/4395/1203 
f 1755/4396/950 1748/4339/943 2194/4342/1185 2220/4397/1211 
f 2220/4398/1211 2194/4345/1185 1750/3495/955 1756/3497/951 
f 1757/3498/952 1752/3489/947 2195/4349/1186 2221/4399/1212 
f 2221/4401/1212 2195/4343/1186 1753/3490/948 1754/3491/949 
f 2199/4353/1225 2113/4402/1162 2112/4403/1161 2196/4350/1224 
f 2201/4404/1226 2125/4153/1174 2113/4152/1162 2199/4405/1225 
f 2203/4406/1227 2123/4407/1172 2125/4408/1174 2201/4409/1226 
f 2122/4410/1171 2123/4411/1172 2203/4361/1227 2205/4363/1228 
f 2207/4412/1229 2110/4413/1159 2122/4414/1171 2205/4415/1228 
f 2111/4416/1160 2110/4417/1159 2207/4418/1229 2209/4370/1230 
f 2211/4373/1231 2133/4419/1182 2111/4416/1160 2209/4370/1230 
f 2112/4172/1161 2133/4167/1182 2211/4374/1231 2196/4377/1224 
s 8
f 1760/4420/943 1759/4421/942 2222/4422/1223 2223/4423/1185 
f 1759/3500/942 1765/3506/948 2224/4424/1186 2222/4425/1223 
f 1762/3511/955 2223/4426/1185 2222/4427/1223 1763/4428/946 
f 1763/3504/946 2222/4429/1223 2224/4430/1186 1764/3505/947 
s off
f 2225/4431/1234 2226/4432/1188 2227/4433/1189 2228/4434/1235 
f 2228/4435/1235 2227/4436/1189 2229/4437/1191 2230/4438/1236 
f 2230/4439/1236 2229/4440/1191 2231/4441/1217 2232/4442/1237 
f 2232/4442/1237 2231/4441/1217 2233/4443/1195 2234/4444/1238 
f 2234/4445/1238 2233/4446/1195 2235/4447/1197 2236/4448/1239 
f 2236/4448/1239 2235/4447/1197 2237/4449/1199 2238/4450/1240 
f 2238/4451/1240 2237/4452/1199 2239/4453/1201 2240/4454/1241 
f 2240/4455/1241 2239/4456/1201 2226/4457/1188 2225/4458/1234 
f 2226/4459/1188 2241/4460/1203 2242/4461/1204 2227/4462/1189 
f 2227/4463/1189 2242/4464/1204 2243/4465/1205 2229/4466/1191 
f 2229/4440/1191 2243/4467/1205 2244/4468/1206 2231/4441/1217 
f 2231/4441/1217 2244/4468/1206 2245/4469/1207 2233/4443/1195 
f 2233/4446/1195 2245/4470/1207 2246/4471/1208 2235/4447/1197 
f 2235/4447/1197 2246/4471/1208 2247/4472/1209 2237/4449/1199 
f 2237/4452/1199 2247/4473/1209 2248/4474/1210 2239/4453/1201 
f 2239/4456/1201 2248/4475/1210 2241/4476/1203 2226/4457/1188 
f 2241/4460/1203 1758/3508/941 1767/3510/950 2242/4461/1204 
f 2242/4464/1204 1767/4477/950 2249/4478/1211 2243/4465/1205 
f 2243/4467/1205 2249/4479/1211 1768/3513/951 2244/4468/1206 
f 2244/4468/1206 1768/3513/951 1761/3512/954 2245/4469/1207 
f 2245/4470/1207 1761/3502/954 1769/3514/952 2246/4471/1208 
f 2246/4471/1208 1769/3514/952 2250/4480/1212 2247/4472/1209 
f 2247/4481/1209 2250/4482/1212 1766/3507/949 2248/4475/1210 
f 2248/4475/1210 1766/3507/949 1758/3499/941 2241/4476/1203 
f 1767/4477/950 1760/4420/943 2223/4423/1185 2249/4478/1211 
f 2249/4479/1211 2223/4426/1185 1762/3511/955 1768/3513/951 
f 1769/3514/952 1764/3505/947 2224/4430/1186 2250/4480/1212 
f 2250/4482/1212 2224/4424/1186 1765/3506/948 1766/3507/949 
f 2228/4434/1235 2131/4164/1180 2095/4079/1144 2225/4431/1234 
f 2230/4483/1236 2132/4484/1181 2131/4485/1180 2228/4486/1235 
f 2232/4487/1237 2134/4488/1183 2132/4484/1181 2230/4483/1236 
f 2130/4489/1179 2134/4488/1183 2232/4487/1237 2234/4490/1238 
f 2236/4491/1239 2129/4492/1178 2130/4493/1179 2234/4494/1238 
f 2093/4495/1142 2129/4492/1178 2236/4491/1239 2238/4496/1240 
f 2240/4454/1241 2094/4497/1143 2093/4498/1142 2238/4451/1240 
f 2095/4079/1144 2094/4499/1143 2240/4500/1241 2225/4431/1234 
f 1926/3650/915 2251/4501/1242 2252/4502/1243 1925/3649/1036 
f 1914/4503/1025 1913/4504/1024 1917/4505/1028 2253/4506/1244 2254/4507/1245 
f 1917/4505/1028 1919/4508/1030 2255/4509/1246 2256/4510/1247 
f 2255/4511/1246 2257/4512/1248 2258/4513/1249 2256/4514/1247 
f 2259/4515/1250 2258/4513/1249 2260/4516/1251 298/362/142 1924/3648/1035 
f 2257/4512/1248 2255/4511/1246 2261/4517/1252 702/1281/426 
f 2261/4518/1252 2255/4509/1246 1919/4508/1030 1921/4519/1032 
f 2253/4506/1244 1917/4505/1028 2256/4510/1247 2262/4520/1253 
f 2256/4514/1247 2258/4513/1249 2259/4515/1250 2262/4521/1253 
f 1924/4522/1035 1923/4523/1034 2263/4524/1254 2264/4525/1255 
f 2259/4526/1250 1924/4527/1035 2264/4528/1255 2265/4529/1256 
f 2262/4530/1253 2259/4531/1250 2265/4532/1256 2266/4533/1257 
f 2262/4530/1253 2266/4533/1257 2267/4534/1258 2253/4535/1244 
f 2253/4536/1244 2267/4537/1258 2268/4538/1259 2254/4539/1245 
f 2254/4507/1245 2268/4540/1259 2269/4541/1260 2252/4502/1243 
f 1925/4542/1036 2252/4543/1243 2269/4544/1260 2270/4545/1261 
f 1925/4542/1036 2270/4545/1261 2263/4546/1254 1923/4547/1034 
f 1914/4503/1025 2254/4507/1245 2252/4502/1243 2251/4501/1242 
f 1923/3647/1034 297/361/141 499/1314/281 1925/4548/1036 
f 1915/4549/1026 1796/3537/983 1797/1319/984 2271/1317/1262 
f 2271/1316/1262 1797/194/984 1798/195/985 2272/4550/1263 
f 2272/4550/1263 1798/195/985 1799/3538/986 2273/4551/1264 
f 2273/4551/1264 1799/3538/986 1800/3539/987 1922/4552/1033 
f 1906/4553/1017 2264/4525/1255 2263/4524/1254 1905/4554/1016 
f 1907/4555/1018 2265/4556/1256 2264/4557/1255 1906/4558/1017 
f 1908/4559/1019 2266/4560/1257 2265/4561/1256 1907/4562/1018 
f 2267/4563/1258 2266/4560/1257 1908/4559/1019 1909/4564/1020 
f 2268/4565/1259 2267/4566/1258 1909/4567/1020 1910/4568/1021 
f 2269/4541/1260 2268/4540/1259 1910/4569/1021 1911/4570/1022 
f 2270/4571/1261 2269/4541/1260 1911/4570/1022 1912/4572/1023 
f 1905/4573/1016 2263/4574/1254 2270/4575/1261 1912/4576/1023 
f 2271/4577/1262 1916/3636/1027 1915/3635/1026 
f 2272/4578/1263 1918/3640/1029 1916/3639/1027 2271/4579/1262 
f 1920/3642/1031 1918/3640/1029 2272/4578/1263 2273/4580/1264 
f 1922/3646/1033 1920/3645/1031 2273/4581/1264 
f 702/1351/426 716/1354/440 1803/4582/990 2257/4583/1248 
f 2257/4584/1248 1803/3542/990 1802/3541/989 2258/4585/1249 
f 2260/4586/1251 2258/4585/1249 1802/3541/989 2274/4587/1265 
f 298/1359/142 2260/4588/1251 2274/4589/1265 718/1360/442 
f 1804/4590/991 1803/4591/990 716/4592/440 719/4593/443 
f 2274/4587/1265 1802/3541/989 1801/3540/988 2275/4594/1266 
f 718/4595/442 2274/4596/1265 2275/4597/1266 721/4598/445 
f 719/4599/443 722/4600/446 1805/3544/992 1804/4601/991 
f 1804/4601/991 1805/3544/992 1806/3545/993 1801/4602/988 
f 1801/4602/988 1806/3545/993 1807/3546/994 2275/4603/1266 
f 2275/4603/1266 1807/3546/994 171/3547/99 721/4604/445 
f 722/4600/446 138/3520/66 1778/3522/965 1805/3544/992 
f 2276/1388/1016 1822/238/971 1823/3560/972 2277/4605/1017 
f 2277/4605/1017 1823/3560/972 1824/3561/973 2278/4606/1018 
f 2278/4606/1018 1824/3561/973 1825/3562/974 2279/4607/1019 
f 2279/4607/1019 1825/3562/974 1826/232/975 2280/1384/1020 
f 2280/1383/1020 1826/231/975 1828/3564/977 2281/4608/1021 
f 2281/4608/1021 1828/3564/977 1829/3565/978 2282/4609/1022 
f 2282/4609/1022 1829/3565/978 1830/3566/979 2283/4610/1023 
f 2283/4610/1023 1830/3566/979 1822/227/971 2276/1379/1016 
f 2284/4611/1024 2285/4612/1025 2286/4613/1026 2287/4614/1027 
f 2288/4615/1028 2284/4616/1024 2287/4617/1027 2289/4618/1029 
f 2290/4619/1030 2288/4615/1028 2289/4618/1029 2291/4620/1031 
f 2292/4621/1032 2290/4622/1030 2291/4623/1031 2293/4624/1033 
f 741/1403/141 2294/4625/1034 2295/4626/1035 742/1404/142 
f 2296/4627/915 2297/4628/915 2298/4629/1243 2299/4630/1267 
f 2285/4631/1025 2284/4632/1024 2288/4633/1028 2300/4634/1244 2301/4635/1245 
f 2288/4633/1028 2290/4636/1030 2302/4637/1246 2303/4638/1247 
f 2302/4639/1246 2304/4640/1248 2305/4641/1249 2303/4642/1247 
f 2306/4643/1250 2305/4641/1249 2307/4644/1251 742/1404/142 2295/4626/1035 
f 2304/4640/1248 2302/4639/1246 2308/4645/1252 757/1425/426 
f 2308/4646/1252 2302/4637/1246 2290/4636/1030 2292/4647/1032 
f 2300/4634/1244 2288/4633/1028 2303/4638/1247 2309/4648/1253 
f 2303/4642/1247 2305/4641/1249 2306/4643/1250 2309/4649/1253 
f 2295/4650/1035 2294/4651/1034 2310/4652/1254 2311/4653/1255 
f 2306/4654/1250 2295/4655/1035 2311/4656/1255 2312/4657/1256 
f 2309/4658/1253 2306/4659/1250 2312/4660/1256 2313/4661/1257 
f 2309/4658/1253 2313/4661/1257 2314/4662/1258 2300/4663/1244 
f 2300/4664/1244 2314/4665/1258 2315/4666/1259 2301/4667/1245 
f 2301/4635/1245 2315/4668/1259 2316/4669/1260 2298/4629/1243 
f 2299/4670/1267 2298/4671/1243 2316/4672/1260 2317/4673/1261 
f 2299/4670/1267 2317/4673/1261 2310/4674/1254 2294/4675/1034 
f 2285/4631/1025 2301/4635/1245 2298/4629/1243 2297/4628/915 
f 2294/4625/1034 741/1403/141 768/1458/141 2299/4676/1267 
f 2286/4677/1026 1834/3570/983 1835/1463/984 2318/1461/1262 
f 2318/1460/1262 1835/244/984 1836/245/985 2319/4678/1263 
f 2319/4678/1263 1836/245/985 1837/3571/986 2320/4679/1264 
f 2320/4679/1264 1837/3571/986 1838/3572/987 2293/4680/1033 
f 2277/4681/1017 2311/4653/1255 2310/4652/1254 2276/4682/1016 
f 2278/4683/1018 2312/4684/1256 2311/4685/1255 2277/4686/1017 
f 2279/4687/1019 2313/4688/1257 2312/4689/1256 2278/4690/1018 
f 2314/4691/1258 2313/4688/1257 2279/4687/1019 2280/4692/1020 
f 2315/4693/1259 2314/4694/1258 2280/4695/1020 2281/4696/1021 
f 2316/4669/1260 2315/4668/1259 2281/4697/1021 2282/4698/1022 
f 2317/4699/1261 2316/4669/1260 2282/4698/1022 2283/4700/1023 
f 2276/4701/1016 2310/4702/1254 2317/4703/1261 2283/4704/1023 
f 2318/4705/1262 2287/4614/1027 2286/4613/1026 
f 2319/4706/1263 2289/4618/1029 2287/4617/1027 2318/4707/1262 
f 2291/4620/1031 2289/4618/1029 2319/4706/1263 2320/4708/1264 
f 2293/4624/1033 2291/4623/1031 2320/4709/1264 
f 757/1495/426 772/1498/440 1841/4710/990 2304/4711/1248 
f 2304/4712/1248 1841/3575/990 1840/3574/989 2305/4713/1249 
f 2307/4714/1251 2305/4713/1249 1840/3574/989 2321/4715/1265 
f 742/1503/142 2307/4716/1251 2321/4717/1265 774/1504/442 
f 1842/4718/991 1841/4719/990 772/4720/440 775/4721/443 
f 2321/4715/1265 1840/3574/989 1839/3573/988 2322/4722/1266 
f 774/4723/442 2321/4724/1265 2322/4725/1266 777/4726/445 
f 775/4727/443 778/4728/446 1843/3577/992 1842/4729/991 
f 1842/4729/991 1843/3577/992 1844/3578/993 1839/4730/988 
f 1839/4730/988 1844/3578/993 1845/3579/994 2322/4731/1266 
f 2322/4731/1266 1845/3579/994 213/3580/99 777/4732/445 
f 778/4728/446 180/3553/66 1816/3555/965 1843/3577/992 
f 2323/1531/1016 1864/292/971 1865/3595/972 2324/4733/1017 
f 2324/4733/1017 1865/3595/972 1866/3596/973 2325/4734/1018 
f 2325/4734/1018 1866/3596/973 1867/3597/974 2326/4735/1019 
f 2326/4735/1019 1867/3597/974 1868/286/975 2327/1527/1020 
f 2327/1526/1020 1868/285/975 1870/3599/977 2328/4736/1021 
f 2328/4736/1021 1870/3599/977 1871/3600/978 2329/4737/1022 
f 2329/4737/1022 1871/3600/978 1872/3601/979 2330/4738/1023 
f 2330/4738/1023 1872/3601/979 1864/281/971 2323/1522/1016 
f 2331/4739/1024 2332/4740/1025 2333/4741/1268 2334/4742/1027 
f 2335/4743/1028 2331/4744/1024 2334/4745/1027 2336/4746/1029 
f 2337/4747/1030 2335/4743/1028 2336/4746/1029 2338/4748/1031 
f 2339/4749/1269 2337/4750/1030 2338/4751/1031 2340/4752/1033 
f 797/1546/141 2341/4753/1034 2342/4754/1035 798/1547/142 
s 1
f 2343/4755/1270 2339/4756/1269 2344/4757/1271 2345/4758/1272 
f 804/1554/453 2343/4759/1270 2345/4760/1272 805/1555/454 
s off
f 2346/4761/915 2347/4762/915 2348/4763/1243 2349/4764/1267 
f 2332/4765/1025 2331/4766/1024 2335/4767/1028 2350/4768/1244 2351/4769/1245 
f 2335/4767/1028 2337/4770/1030 2352/4771/1246 2353/4772/1247 
f 2352/4773/1246 2354/4774/1248 2355/4775/1249 2353/4776/1247 
f 2356/4777/1250 2355/4775/1249 2357/4778/1251 798/1547/142 2342/4754/1035 
f 2354/4774/1248 2352/4773/1246 2343/4759/1270 804/1554/453 
f 2343/4755/1270 2352/4771/1246 2337/4770/1030 2339/4756/1269 
f 2350/4768/1244 2335/4767/1028 2353/4772/1247 2358/4779/1253 
f 2353/4776/1247 2355/4775/1249 2356/4777/1250 2358/4780/1253 
f 2342/4781/1035 2341/4782/1034 2359/4783/1254 2360/4784/1255 
f 2356/4785/1250 2342/4786/1035 2360/4787/1255 2361/4788/1256 
f 2358/4789/1253 2356/4790/1250 2361/4791/1256 2362/4792/1257 
f 2358/4789/1253 2362/4792/1257 2363/4793/1258 2350/4794/1244 
f 2350/4795/1244 2363/4796/1258 2364/4797/1259 2351/4798/1245 
f 2351/4769/1245 2364/4799/1259 2365/4800/1260 2348/4763/1243 
f 2349/4801/1267 2348/4802/1243 2365/4803/1260 2366/4804/1261 
f 2349/4801/1267 2366/4804/1261 2359/4805/1254 2341/4806/1034 
f 2332/4765/1025 2351/4769/1245 2348/4763/1243 2347/4762/915 
f 2341/4753/1034 797/1546/141 827/1605/141 2349/4807/1267 
f 2333/4808/1268 1876/3605/983 1877/1610/984 2367/1608/1262 
f 2367/1607/1262 1877/298/984 1878/299/985 2368/4809/1263 
f 2368/4809/1263 1878/299/985 1879/3606/986 2369/4810/1264 
f 2369/4810/1264 1879/3606/986 1880/3607/987 2340/4811/1033 
f 2324/4812/1017 2360/4784/1255 2359/4783/1254 2323/4813/1016 
f 2325/4814/1018 2361/4815/1256 2360/4816/1255 2324/4817/1017 
f 2326/4818/1019 2362/4819/1257 2361/4820/1256 2325/4821/1018 
f 2363/4822/1258 2362/4819/1257 2326/4818/1019 2327/4823/1020 
f 2364/4824/1259 2363/4825/1258 2327/4826/1020 2328/4827/1021 
f 2365/4800/1260 2364/4799/1259 2328/4828/1021 2329/4829/1022 
f 2366/4830/1261 2365/4800/1260 2329/4829/1022 2330/4831/1023 
f 2323/4832/1016 2359/4833/1254 2366/4834/1261 2330/4835/1023 
f 2367/4836/1262 2334/4742/1027 2333/4741/1268 
f 2368/4837/1263 2336/4746/1029 2334/4745/1027 2367/4838/1262 
f 2338/4748/1031 2336/4746/1029 2368/4837/1263 2369/4839/1264 
f 2340/4752/1033 2338/4751/1031 2369/4840/1264 
f 804/1642/453 831/1645/440 1883/4841/990 2354/4842/1248 
f 2354/4843/1248 1883/3610/990 1882/3609/989 2355/4844/1249 
f 2357/4845/1251 2355/4844/1249 1882/3609/989 2370/4846/1265 
f 798/1650/142 2357/4847/1251 2370/4848/1265 833/1651/442 
f 1884/4849/991 1883/4850/990 831/4851/440 834/4852/443 
f 2370/4846/1265 1882/3609/989 1881/3608/988 2371/4853/1266 
f 833/4854/442 2370/4855/1265 2371/4856/1266 836/4857/445 
f 834/4858/443 837/4859/446 1885/3612/992 1884/4860/991 
f 1884/4860/991 1885/3612/992 1886/3613/993 1881/4861/988 
f 1881/4861/988 1886/3613/993 1887/3614/994 2371/4862/1266 
f 2371/4862/1266 1887/3614/994 259/3615/99 836/4863/445 
f 837/4859/446 226/3588/66 1858/3590/965 1885/3612/992 
s 1
f 2296/4627/915 2299/4630/1267 2261/4518/1252 1921/4519/1032 
f 2299/4676/1267 768/1458/141 702/1281/426 2261/4517/1252 
f 2346/4761/915 2349/4764/1267 2308/4646/1252 2292/4647/1032 
f 2349/4807/1267 827/1605/141 757/1425/426 2308/4645/1252 
s off
f 262/313/106 1890/3617/1001 2372/4864/1273 2373/4865/1274 
f 2373/4865/1274 2372/4864/1273 2374/4866/1275 2344/4867/1271 
f 2344/4867/1271 2374/4866/1275 2375/4868/1276 2345/4869/1272 
f 2345/4870/1272 2375/4871/1276 2376/4872/1277 805/1676/454 
f 805/1676/454 2376/4872/1277 1889/4873/1000 261/1679/105 
f 1889/4874/1000 2377/4875/1278 2378/4876/1279 1890/4877/1001 
f 2372/4864/1273 1890/3617/1001 2378/4878/1279 2379/4879/1280 
f 2374/4880/1275 2372/4881/1273 2379/4882/1280 2380/4883/1281 
f 2375/4884/1276 2374/4885/1275 2380/4886/1281 2381/4887/1282 
f 2376/4888/1277 2375/4884/1276 2381/4887/1282 2382/4889/1283 
f 2376/4890/1277 2382/4891/1283 2377/4875/1278 1889/4874/1000 
f 1896/4892/1007 2378/4876/1279 2377/4875/1278 1893/4893/1004 
f 2379/4894/1280 2378/4895/1279 1896/4896/1007 1898/4897/1009 
f 2380/4898/1281 2379/4894/1280 1898/4897/1009 1900/4899/1011 
f 2381/4900/1282 2380/4901/1281 1900/4902/1011 1902/4903/1013 
f 2382/4904/1283 2381/4905/1282 1902/4906/1013 1904/4907/1015 
f 1893/4893/1004 2377/4875/1278 2382/4891/1283 1904/4908/1015 
f 1894/3621/1005 1849/3582/998 1846/3581/995 1895/3622/1006 
f 1895/3622/1006 1846/3581/995 1848/319/997 1897/330/1008 
f 1897/326/1008 1848/258/997 1891/3618/1002 1899/3624/1010 
f 1899/3624/1010 1891/3618/1002 1892/3619/1003 1901/336/1012 
f 1901/336/1012 1892/3619/1003 1888/311/999 1903/335/1014 
f 1903/1716/1014 1888/320/999 1849/3582/998 1894/3621/1005 
s 1
f 1/1/1 2383/4909/1284 1654/3376/913 
f 1/1/1 850/1718/467 2383/4909/1284 
s 8
f 1654/3378/913 2383/4910/1284 2384/4911/1285 1656/3379/915 
f 2383/4912/1284 850/1724/467 852/1723/469 2384/4913/1285 
f 1656/3379/915 2384/4911/1285 2385/4914/1286 1658/3384/915 
f 2386/4915/1287 2387/4916/1288 1662/3388/915 1661/3387/915 
f 856/1728/473 857/1731/474 2387/4917/1288 2386/4918/1287 
f 2385/4914/1286 2386/4915/1287 1661/3387/915 1658/3384/915 
s off
f 858/1732/475 2388/4919/1289 859/1733/476 
f 861/1735/478 863/1737/480 2389/4920/1290 
f 2389/4920/1290 2390/4921/1291 861/1735/478 
f 858/1739/475 2391/4922/1292 2388/4923/1289 
f 2392/4924/1293 2393/4925/1294 2394/4926/1295 
f 2395/4927/1296 2396/4928/1297 2397/4929/1298 
f 2395/4927/1296 2398/4930/1299 2396/4928/1297 
f 2392/4924/1293 2394/4926/1295 2399/4931/1300 
f 2399/4931/1300 2400/4932/1301 2392/4924/1293 
f 2392/4924/1293 2401/4933/1302 2393/4925/1294 
f 2397/4929/1298 2402/4934/1303 2395/4927/1296 
f 2395/4927/1296 2403/4935/1304 2398/4930/1299 
f 2404/4936/1293 2405/4937/1294 2406/4938/1295 
f 2407/4939/1296 2408/4940/1297 2409/4941/1298 
f 2407/4939/1296 2410/4942/1299 2408/4940/1297 
f 2404/4936/1293 2406/4938/1295 2411/4943/1300 
f 2411/4943/1300 2412/4944/1301 2404/4936/1293 
f 2404/4936/1293 2413/4945/1302 2405/4937/1294 
f 2409/4941/1298 2414/4946/1303 2407/4939/1296 
f 2407/4939/1296 2415/4947/1304 2410/4942/1299 
f 2416/4948/1293 2417/4949/1294 2418/4950/1295 
f 2419/4951/1296 2420/4952/1297 2421/4953/1298 
f 2419/4951/1296 2422/4954/1299 2420/4952/1297 
f 2416/4948/1293 2418/4950/1295 2423/4955/1300 
f 2423/4955/1300 2424/4956/1301 2416/4948/1293 
f 2416/4948/1293 2425/4957/1302 2417/4949/1294 
f 2421/4953/1298 2426/4958/1303 2419/4951/1296 
f 2419/4951/1296 2427/4959/1304 2422/4954/1299 
f 2428/4960/1293 2429/4961/1294 2430/4962/1295 
f 2431/4963/1296 2432/4964/1297 2433/4965/1298 
f 2431/4963/1296 2434/4966/1299 2432/4964/1297 
f 2428/4960/1293 2430/4962/1295 2435/4967/1300 
f 2435/4967/1300 2436/4968/1301 2428/4960/1293 
f 2428/4960/1293 2437/4969/1302 2429/4961/1294 
f 2433/4965/1298 2438/4970/1303 2431/4963/1296 
f 2431/4963/1296 2439/4971/1304 2434/4966/1299 
s 8
f 1662/3388/915 2387/4916/1288 2440/4972/1305 1716/3445/915 
s off
f 915/1791/496 2441/4973/1306 916/1792/497 
f 918/1794/499 920/1796/501 2442/4974/1307 
f 2442/4974/1307 2443/4975/1308 918/1794/499 
f 915/1791/496 2444/4976/1309 2441/4973/1306 
f 2445/4977/1310 2446/4978/1311 2447/4979/1312 
f 2448/4980/1313 2449/4981/1314 2450/4982/1315 
f 2448/4980/1313 2451/4983/1316 2449/4981/1314 
f 2445/4977/1310 2447/4979/1312 2452/4984/1317 
f 2452/4984/1317 2453/4985/1318 2445/4977/1310 
f 2445/4986/1310 2454/4987/1319 2446/4988/1311 
f 2450/4989/1315 2455/4990/1320 2448/4991/1313 
f 2448/4980/1313 2456/4992/1321 2451/4983/1316 
f 2457/4993/1310 2458/4994/1311 2459/4995/1322 
f 2460/4996/1323 2461/4997/1314 2462/4998/1324 
f 2460/4996/1323 2463/4999/1325 2461/4997/1314 
f 2457/4993/1310 2459/4995/1322 2464/5000/1317 
f 2464/5000/1317 2465/5001/1318 2457/4993/1310 
f 2457/5002/1310 2466/5003/1319 2458/5004/1311 
f 2462/5005/1324 2467/5006/1320 2460/5007/1323 
f 2460/4996/1323 2468/5008/1321 2463/4999/1325 
f 2469/5009/1310 2470/5010/1311 2471/5011/1312 
f 2472/5012/1323 2473/5013/1314 2474/5014/1324 
f 2472/5012/1323 2475/5015/1316 2473/5013/1314 
f 2469/5009/1310 2471/5011/1312 2476/5016/1317 
f 2476/5016/1317 2477/5017/1318 2469/5009/1310 
f 2469/5018/1310 2478/5019/1319 2470/5020/1311 
f 2474/5021/1324 2479/5022/1320 2472/5023/1323 
f 2472/5012/1323 2480/5024/1321 2475/5015/1316 
f 2481/5025/1310 2482/5026/1311 2483/5027/1312 
f 2484/5028/1323 2485/5029/1314 2486/5030/1324 
f 2484/5028/1323 2487/5031/1316 2485/5029/1314 
f 2481/5025/1310 2483/5027/1312 2488/5032/1317 
f 2488/5032/1317 2489/5033/1318 2481/5025/1310 
f 2481/5034/1310 2490/5035/1319 2482/5036/1311 
f 2486/5037/1324 2491/5038/1320 2484/5039/1323 
f 2484/5028/1323 2492/5040/1321 2487/5031/1316 
s 8
f 2493/1868/1326 2494/5041/1327 2495/5042/1328 
f 2496/5043/1329 2493/1863/1326 2497/1892/1330 
s off
f 2493/1863/1326 2498/5044/1331 2499/1887/1332 
f 2493/1863/1326 2496/5043/1329 2500/5045/1333 
f 979/5046/528 2501/5047/1334 980/5048/529 
f 1779/171/966 2502/5049/1335 2503/1878/1336 
f 2504/5050/1337 1779/167/966 2503/1875/1336 
f 985/5051/534 980/5048/529 2505/5052/1338 
f 2506/1893/1339 2507/5053/1340 2496/5043/1329 2497/1892/1330 
f 2507/5053/1340 2508/5054/1341 2500/5045/1333 2496/5043/1329 
f 2508/5054/1341 2509/5055/1342 2498/5044/1331 2500/5045/1333 
f 2509/5055/1342 2510/1886/1343 2499/1887/1332 2498/5044/1331 
f 2510/1885/1343 2511/5056/1344 2512/5057/1345 2499/1869/1332 
f 2511/5056/1344 2513/5058/1346 2494/5041/1327 2512/5057/1345 
f 2513/5058/1346 2514/5059/1347 2495/5042/1328 2494/5041/1327 
f 2514/5059/1347 2506/1881/1339 2497/1867/1330 2495/5042/1328 
f 2504/5050/1337 1793/3534/980 1779/167/966 
f 1779/171/966 1794/3535/981 2502/5049/1335 
f 2499/1869/1332 2512/5057/1345 2493/1868/1326 
s 8
f 2493/1868/1326 2512/5057/1345 2494/5041/1327 
s off
f 2500/5045/1333 2498/5044/1331 2493/1863/1326 
s 8
f 2493/1868/1326 2495/5042/1328 2497/1867/1330 
s off
f 2501/5047/1334 2515/5060/1348 980/5048/529 
f 980/5048/529 2515/5060/1348 2505/5052/1338 
f 1796/3537/983 2516/2998/1349 2502/5049/1335 1794/3535/981 
f 2516/2998/1349 2517/1897/1350 2503/1878/1336 2502/5049/1335 
f 2517/1896/1350 2518/5061/1351 2504/5050/1337 2503/1875/1336 
f 2518/5061/1351 1800/3539/987 1793/3534/980 2504/5050/1337 
f 2519/5062/1352 2520/5063/1353 2521/5064/1354 2522/5065/1355 
f 2523/5066/1356 2524/5067/1357 2515/5060/1348 2501/5047/1334 
f 2524/5067/1357 2525/5068/1358 2505/5052/1338 2515/5060/1348 
f 2525/5068/1358 1007/5069/556 985/5051/534 2505/5052/1338 
s 8
f 2526/1912/1326 2527/5070/1327 2528/5071/1328 
f 2529/5072/1329 2526/1907/1326 2530/1936/1330 
s off
f 2526/1907/1326 2531/5073/1331 2532/1931/1332 
f 2526/5074/1326 2529/5075/1329 2533/5076/1333 
f 1016/5077/528 2534/5078/1334 1017/5079/529 
f 1817/223/966 2535/5080/1335 2536/1922/1336 
f 2537/5081/1337 1817/219/966 2536/1919/1336 
f 1022/5082/534 1017/5079/529 2538/5083/1338 
f 2539/1937/1339 2540/5084/1340 2529/5072/1329 2530/1936/1330 
f 2540/5084/1340 2541/5085/1341 2533/5086/1333 2529/5072/1329 
f 2541/5085/1341 2542/5087/1342 2531/5073/1331 2533/5086/1333 
f 2542/5087/1342 2543/1930/1343 2532/1931/1332 2531/5073/1331 
f 2543/1929/1343 2544/5088/1344 2545/5089/1345 2532/1913/1332 
f 2544/5088/1344 2546/5090/1346 2527/5070/1327 2545/5089/1345 
f 2546/5090/1346 2547/5091/1347 2528/5071/1328 2527/5070/1327 
f 2547/5091/1347 2539/1925/1339 2530/1911/1330 2528/5071/1328 
f 2537/5081/1337 1831/3567/980 1817/219/966 
f 1817/223/966 1832/3568/981 2535/5080/1335 
f 2532/1913/1332 2545/5089/1345 2526/1912/1326 
s 8
f 2526/1912/1326 2545/5089/1345 2527/5070/1327 
s off
f 2533/5086/1333 2531/5073/1331 2526/1907/1326 
s 8
f 2526/1912/1326 2528/5071/1328 2530/1911/1330 
s off
f 2534/5078/1334 2548/5092/1348 1017/5079/529 
f 1017/5079/529 2548/5092/1348 2538/5083/1338 
f 1834/3570/983 2549/3133/1349 2535/5080/1335 1832/3568/981 
f 2549/3133/1349 2550/1941/1350 2536/1922/1336 2535/5080/1335 
f 2550/1940/1350 2551/5093/1351 2537/5081/1337 2536/1919/1336 
f 2551/5093/1351 1838/3572/987 1831/3567/980 2537/5081/1337 
f 2552/5094/1352 2553/5095/1353 2554/5096/1354 2555/5097/1355 
f 2556/5098/1356 2557/5099/1357 2548/5092/1348 2534/5078/1334 
f 2557/5099/1357 2558/5100/1358 2538/5083/1338 2548/5092/1348 
f 2558/5100/1358 1044/5101/556 1022/5082/534 2538/5083/1338 
s 1
f 2559/5102/1359 2560/2006/1360 2561/2004/1361 
f 2559/5102/1359 2561/2004/1361 2562/5103/1362 
s 8
f 2563/1960/1326 2564/5104/1327 2565/5105/1328 
f 2566/5106/1329 2563/1955/1326 2567/1984/1330 
s off
f 2563/1955/1326 2568/5107/1331 2569/1979/1332 
f 2563/1955/1326 2566/5106/1329 2570/5108/1333 
f 1057/5109/528 2571/5110/1334 1058/5111/529 
f 1859/277/966 2572/5112/1335 2573/1970/1336 
f 2574/5113/1337 1859/273/966 2573/1967/1336 
f 1063/5114/534 1058/5111/529 2575/5115/1338 
f 2576/1985/1339 2577/5116/1340 2566/5106/1329 2567/1984/1330 
f 2577/5116/1340 2578/5117/1341 2570/5108/1333 2566/5106/1329 
f 2578/5117/1341 2579/5118/1342 2568/5107/1331 2570/5108/1333 
f 2579/5118/1342 2580/1978/1343 2569/1979/1332 2568/5107/1331 
f 2580/1977/1343 2581/5119/1344 2582/5120/1345 2569/1961/1332 
f 2581/5119/1344 2583/5121/1346 2564/5104/1327 2582/5120/1345 
f 2583/5121/1346 2584/5122/1347 2565/5105/1328 2564/5104/1327 
f 2584/5122/1347 2576/1973/1339 2567/1959/1330 2565/5105/1328 
f 2574/5113/1337 1873/3602/980 1859/273/966 
f 1859/277/966 1874/3603/981 2572/5112/1335 
f 2569/1961/1332 2582/5120/1345 2563/1960/1326 
s 8
f 2563/1960/1326 2582/5120/1345 2564/5104/1327 
s off
f 2570/5108/1333 2568/5107/1331 2563/1955/1326 
s 8
f 2563/1960/1326 2565/5105/1328 2567/1959/1330 
s off
f 2571/5110/1334 2585/5123/1348 1058/5111/529 
f 1058/5111/529 2585/5123/1348 2575/5115/1338 
f 1876/3605/983 2586/3271/1349 2572/5112/1335 1874/3603/981 
f 2586/3271/1349 2587/1989/1350 2573/1970/1336 2572/5112/1335 
f 2587/1988/1350 2588/5124/1351 2574/5113/1337 2573/1967/1336 
f 2588/5124/1351 1880/3607/987 1873/3602/980 2574/5113/1337 
f 2589/5125/1352 2590/5126/1353 2591/5127/1354 2592/5128/1355 
f 2593/5129/1356 2594/5130/1357 2585/5123/1348 2571/5110/1334 
f 2594/5130/1357 2595/5131/1358 2575/5115/1338 2585/5123/1348 
f 2595/5131/1358 1085/5132/556 1063/5114/534 2575/5115/1338 
s 1
f 2562/5103/1362 2561/2004/1361 2596/2007/1363 
s off
f 1087/2000/562 262/313/106 2597/5133/1364 2598/5134/1365 
s 1
f 2599/5135/1366 2600/5136/1367 2561/1952/1361 
f 2560/1953/1360 2599/5135/1366 2561/1952/1361 
f 2600/5136/1367 2596/1999/1363 2561/1952/1361 
s off
f 2601/5137/1368 2602/5138/1369 2603/5139/1370 2604/5140/1371 
f 2602/5138/1369 2605/2014/1372 2606/2015/1373 2603/5139/1370 
f 2605/2013/1372 2607/5141/1374 2608/5142/1375 2606/2012/1373 
f 2607/5141/1374 2609/2020/1376 2610/2021/1377 2608/5142/1375 
f 2609/2019/1376 2611/5143/1378 2612/3375/1379 2610/2018/1377 
f 2611/5143/1378 2601/5137/1368 2604/5140/1371 2612/3375/1379 
f 2613/2033/1380 2614/5144/1381 2507/5053/1340 2506/1893/1339 
f 2614/5144/1381 2615/5145/1382 2508/5054/1341 2507/5053/1340 
f 2615/5145/1382 2616/5146/1383 2509/5055/1342 2508/5054/1341 
f 2616/5146/1383 2617/2029/1384 2510/1886/1343 2509/5055/1342 
f 2617/2028/1384 2618/5147/1385 2511/5056/1344 2510/1885/1343 
f 2618/5147/1385 2619/5148/1386 2513/5058/1346 2511/5056/1344 
f 2619/5148/1386 2620/5149/1387 2514/5059/1347 2513/5058/1346 
f 2620/5149/1387 2613/2024/1380 2506/1881/1339 2514/5059/1347 
f 2621/5150/1388 2622/5151/1389 1915/3635/1026 1914/3634/1025 
f 2623/5152/1390 2624/5153/1391 2622/5154/1389 2621/5155/1388 
f 2625/5156/1392 2626/5157/1393 2624/5153/1391 2623/5152/1390 
f 1921/5158/1032 1922/5159/1033 2626/5160/1393 2625/5161/1392 
f 1118/2046/593 1121/2049/596 2627/5162/1394 2628/5163/1395 
s 8
f 2629/5164/1396 1926/3650/915 1716/3445/915 2440/4972/1305 
f 863/1737/480 1124/2052/599 2630/5165/1397 2389/4920/1290 
f 859/1733/476 2388/4919/1289 2630/5166/1397 1124/2053/599 
s off
f 856/2055/473 2386/5167/1287 2631/5168/1398 1125/2056/600 
f 2386/4915/1287 2385/4914/1286 2632/5169/1399 2631/5170/1398 
f 2385/4914/1286 2384/4911/1285 2633/5171/1400 2632/5169/1399 
f 2384/5172/1285 852/2065/469 1129/2064/604 2633/5173/1400 
f 1125/2056/600 2631/5168/1398 2634/5174/1401 1130/2066/605 
f 2631/5170/1398 2632/5169/1399 2635/5175/1402 2634/5176/1401 
f 2632/5169/1399 2633/5171/1400 2636/5177/1403 2635/5175/1402 
f 2633/5173/1400 1129/2064/604 1134/2072/609 2636/5178/1403 
f 1135/5179/610 2637/5180/1404 2638/5181/1405 1136/5182/611 
f 1139/2077/614 1142/2080/617 2639/5183/1406 2640/5184/1407 
f 1143/2081/618 2641/5185/1408 2642/5186/1409 1144/2082/619 
f 2641/5185/1408 2643/5187/1410 2644/5188/1411 2642/5186/1409 
f 2643/5189/1410 2645/5190/1412 2646/5191/1413 2644/5192/1411 
f 2645/5193/1412 1143/2094/618 1151/2093/626 2646/5194/1413 
f 1144/2082/619 2642/5186/1409 2647/5195/1414 1152/2095/627 
f 2642/5186/1409 2644/5188/1411 2648/5196/1415 2647/5195/1414 
f 2644/5192/1411 2646/5191/1413 2649/5197/1416 2648/5198/1415 
f 2646/5199/1413 1151/5200/626 1156/5201/631 2649/5202/1416 
f 1152/2095/627 2647/5195/1414 2391/4922/1292 858/1739/475 
f 2647/5195/1414 2648/5196/1415 2650/5203/1417 2391/4922/1292 
f 2648/5198/1415 2649/5197/1416 2390/5204/1291 2650/5205/1417 
f 2649/5202/1416 1156/5201/631 861/5206/478 2390/5207/1291 
f 2391/4922/1292 2650/5203/1417 2630/5208/1397 2388/4923/1289 
f 2650/5205/1417 2390/5204/1291 2389/5209/1290 2630/5210/1397 
f 2651/5211/1418 1161/5212/636 1160/5213/635 2652/5214/1419 
f 1162/2116/637 1165/2119/640 2653/5215/1420 2654/5216/1421 
f 2655/5217/1422 1169/5218/644 1168/5219/643 2656/5220/1423 
f 1170/5221/645 1173/5222/648 2657/5223/1424 2658/5224/1425 
f 2656/5225/1423 1168/5226/643 1175/5227/650 2659/5228/1426 
f 2660/5229/1427 2661/5230/1428 2656/5225/1423 2659/5228/1426 
f 2662/5231/1429 2658/5232/1425 2661/5230/1428 2660/5229/1427 
f 1179/5233/654 1170/5221/645 2658/5224/1425 2662/5234/1429 
f 2637/5180/1404 1135/5179/610 1181/5235/656 2663/5236/1430 
f 2664/5237/1431 2665/5238/1432 2637/5180/1404 2663/5236/1430 
f 2666/5239/1433 2640/5240/1407 2665/5238/1432 2664/5237/1431 
f 1185/5241/660 1139/5242/614 2640/5243/1407 2666/5244/1433 
f 2641/5245/1408 1143/2151/618 1187/2150/662 2667/5246/1434 
f 2643/5189/1410 2641/5247/1408 2667/5248/1434 2668/5249/1435 
f 2645/5190/1412 2643/5189/1410 2668/5249/1435 2669/5250/1436 
f 1143/2094/618 2645/5193/1412 2669/5251/1436 1190/2156/665 
f 2667/5246/1434 1187/2150/662 1169/2159/644 2655/5252/1422 
f 1173/5222/648 1190/5253/665 2669/5254/1436 2657/5223/1424 
f 2659/5228/1426 1175/5227/650 1136/5182/611 2638/5181/1405 
f 1142/5255/617 1179/5233/654 2662/5234/1429 2639/5256/1406 
f 2663/5236/1430 1181/5235/656 1161/5212/636 2651/5211/1418 
f 1165/5257/640 1185/5241/660 2666/5244/1433 2653/5258/1420 
f 2670/5259/1437 2671/5260/1438 1193/2168/668 1192/2167/667 
f 1195/2170/670 2672/5261/1439 2673/5262/1440 1196/2171/671 
f 2634/5174/1401 2670/5259/1437 1192/2167/667 1130/2066/605 
f 1196/2171/671 2673/5262/1440 2636/5178/1403 1134/2072/609 
f 2671/5263/1438 2652/5264/1419 1160/2176/635 1193/2175/668 
f 2674/5265/1441 2652/5266/1419 2671/5267/1438 2675/5268/1442 
f 2672/5269/1439 2654/5270/1421 2674/5265/1441 2675/5268/1442 
f 1162/5271/637 2654/5272/1421 2672/5273/1439 1195/5274/670 
s 8
f 2393/5275/1294 2676/5276/1443 2677/5277/1444 2394/5278/1295 
f 2394/4926/1295 2677/5279/1444 2678/5280/1445 2399/4931/1300 
f 2397/4929/1298 2396/4928/1297 2677/5281/1444 2676/5282/1443 
f 2396/4928/1297 2398/4930/1299 2678/5283/1445 2677/5281/1444 
s off
f 2679/5284/1446 2680/5285/1447 2681/5286/1448 2682/5287/1449 
f 2680/5285/1447 2683/5288/1450 2684/5289/1451 2681/5286/1448 
f 2683/5290/1450 2685/5291/1452 2686/5292/1453 2684/5293/1451 
f 2685/5291/1452 2687/5294/1454 2688/5295/1455 2686/5292/1453 
f 2687/5294/1454 2689/5296/1456 2690/5297/1457 2688/5295/1455 
f 2689/5296/1456 2691/5298/1458 2692/5299/1459 2690/5297/1457 
f 2691/5300/1458 2693/5301/1460 2694/5302/1461 2692/5303/1459 
f 2693/5304/1460 2679/5305/1446 2682/5306/1449 2694/5307/1461 
f 2682/5287/1449 2681/5286/1448 2695/5308/1462 2696/5309/1463 
f 2681/5286/1448 2684/5289/1451 2697/5310/1464 2695/5308/1462 
f 2684/5311/1451 2686/5312/1453 2698/5313/1465 2697/5314/1464 
f 2686/5292/1453 2688/5295/1455 2699/5315/1466 2698/5316/1465 
f 2688/5295/1455 2690/5297/1457 2700/5317/1467 2699/5315/1466 
f 2690/5297/1457 2692/5299/1459 2701/5318/1468 2700/5317/1467 
f 2692/5319/1459 2694/5307/1461 2702/5320/1469 2701/5321/1468 
f 2694/5307/1461 2682/5306/1449 2696/5322/1463 2702/5320/1469 
f 2696/5309/1463 2695/5308/1462 2401/5323/1302 2392/5324/1293 
f 2695/5308/1462 2697/5310/1464 2703/5325/1470 2401/5323/1302 
f 2697/5314/1464 2698/5313/1465 2402/5326/1303 2703/5327/1470 
f 2698/5316/1465 2699/5315/1466 2395/4927/1296 2402/4934/1303 
f 2699/5315/1466 2700/5317/1467 2403/4935/1304 2395/4927/1296 
f 2700/5317/1467 2701/5318/1468 2704/5328/1471 2403/4935/1304 
f 2701/5321/1468 2702/5320/1469 2400/4932/1301 2704/5329/1471 
f 2702/5320/1469 2696/5322/1463 2392/4924/1293 2400/4932/1301 
f 2401/5330/1302 2703/5331/1470 2676/5276/1443 2393/5275/1294 
f 2703/5332/1470 2402/5333/1303 2397/5334/1298 2676/5335/1443 
f 2403/4935/1304 2704/5328/1471 2678/5283/1445 2398/4930/1299 
f 2704/5329/1471 2400/4932/1301 2399/4931/1300 2678/5280/1445 
f 2680/5285/1447 2679/5284/1446 2658/5336/1425 2657/5337/1424 
f 2683/5338/1450 2680/5339/1447 2657/5340/1424 2669/5341/1436 
f 2685/5291/1452 2683/5290/1450 2669/5342/1436 2668/5343/1435 
f 2667/5344/1434 2687/5294/1454 2685/5291/1452 2668/5343/1435 
f 2689/5345/1456 2687/5346/1454 2667/5246/1434 2655/5252/1422 
f 2656/5220/1423 2691/5347/1458 2689/5348/1456 2655/5217/1422 
f 2693/5349/1460 2691/5347/1458 2656/5220/1423 2661/5350/1428 
f 2658/5232/1425 2679/5305/1446 2693/5304/1460 2661/5230/1428 
s 8
f 2405/5351/1294 2705/5352/1443 2706/5353/1444 2406/5354/1295 
f 2406/4938/1295 2706/5355/1444 2707/5356/1445 2411/4943/1300 
f 2409/4941/1298 2408/4940/1297 2706/5357/1444 2705/5358/1443 
f 2408/4940/1297 2410/4942/1299 2707/5359/1445 2706/5357/1444 
s off
f 2708/5360/1472 2709/5361/1473 2710/5362/1474 2711/5363/1449 
f 2709/5361/1473 2712/5364/1475 2713/5365/1451 2710/5362/1474 
f 2712/5366/1475 2714/5367/1476 2715/5368/1453 2713/5369/1451 
f 2714/5367/1476 2716/5370/1477 2717/5371/1455 2715/5368/1453 
f 2716/5370/1477 2718/5372/1478 2719/5373/1457 2717/5371/1455 
f 2718/5372/1478 2720/5374/1479 2721/5375/1459 2719/5373/1457 
f 2720/5376/1479 2722/5377/1480 2723/5378/1461 2721/5379/1459 
f 2722/5380/1480 2708/5381/1472 2711/5382/1449 2723/5383/1461 
f 2711/5363/1449 2710/5362/1474 2724/5384/1462 2725/5385/1463 
f 2710/5362/1474 2713/5365/1451 2726/5386/1464 2724/5384/1462 
f 2713/5387/1451 2715/5388/1453 2727/5389/1465 2726/5390/1464 
f 2715/5368/1453 2717/5371/1455 2728/5391/1466 2727/5392/1465 
f 2717/5371/1455 2719/5373/1457 2729/5393/1467 2728/5391/1466 
f 2719/5373/1457 2721/5375/1459 2730/5394/1468 2729/5393/1467 
f 2721/5395/1459 2723/5383/1461 2731/5396/1469 2730/5397/1468 
f 2723/5383/1461 2711/5382/1449 2725/5398/1463 2731/5396/1469 
f 2725/5385/1463 2724/5384/1462 2413/5399/1302 2404/5400/1293 
f 2724/5384/1462 2726/5386/1464 2732/5401/1481 2413/5399/1302 
f 2726/5390/1464 2727/5389/1465 2414/5402/1303 2732/5403/1481 
f 2727/5392/1465 2728/5391/1466 2407/4939/1296 2414/4946/1303 
f 2728/5391/1466 2729/5393/1467 2415/4947/1304 2407/4939/1296 
f 2729/5393/1467 2730/5394/1468 2733/5404/1471 2415/4947/1304 
f 2730/5397/1468 2731/5396/1469 2412/4944/1301 2733/5405/1471 
f 2731/5396/1469 2725/5398/1463 2404/4936/1293 2412/4944/1301 
f 2413/5406/1302 2732/5407/1481 2705/5352/1443 2405/5351/1294 
f 2732/5403/1481 2414/5402/1303 2409/5408/1298 2705/5409/1443 
f 2415/4947/1304 2733/5404/1471 2707/5359/1445 2410/4942/1299 
f 2733/5405/1471 2412/4944/1301 2411/4943/1300 2707/5356/1445 
f 2709/5361/1473 2708/5360/1472 2640/5184/1407 2639/5183/1406 
f 2712/5410/1475 2709/5411/1473 2639/5412/1406 2662/5413/1429 
f 2714/5367/1476 2712/5366/1475 2662/5414/1429 2660/5415/1427 
f 2659/5416/1426 2716/5370/1477 2714/5367/1476 2660/5415/1427 
f 2718/5417/1478 2716/5418/1477 2659/5419/1426 2638/5420/1405 
f 2637/5421/1404 2720/5422/1479 2718/5423/1478 2638/5424/1405 
f 2722/5380/1480 2720/5425/1479 2637/5180/1404 2665/5238/1432 
f 2640/5240/1407 2708/5381/1472 2722/5380/1480 2665/5238/1432 
s 8
f 2417/5426/1294 2734/5427/1443 2735/5428/1444 2418/5429/1295 
f 2418/4950/1295 2735/5430/1444 2736/5431/1445 2423/4955/1300 
f 2421/4953/1298 2420/4952/1297 2735/5432/1444 2734/5433/1443 
f 2420/4952/1297 2422/4954/1299 2736/5434/1445 2735/5432/1444 
s off
f 2737/5435/1482 2738/5436/1483 2739/5437/1474 2740/5438/1449 
f 2738/5436/1483 2741/5439/1484 2742/5440/1451 2739/5437/1474 
f 2741/5441/1484 2743/5442/1485 2744/5443/1453 2742/5444/1451 
f 2743/5442/1485 2745/5445/1486 2746/5446/1455 2744/5443/1453 
f 2745/5445/1486 2747/5447/1487 2748/5448/1457 2746/5446/1455 
f 2747/5447/1487 2749/5449/1488 2750/5450/1459 2748/5448/1457 
f 2749/5451/1488 2751/5452/1489 2752/5453/1461 2750/5454/1459 
f 2751/5455/1489 2737/5456/1482 2740/5457/1449 2752/5458/1461 
f 2740/5438/1449 2739/5437/1474 2753/5459/1462 2754/5460/1463 
f 2739/5437/1474 2742/5440/1451 2755/5461/1464 2753/5459/1462 
f 2742/5462/1451 2744/5463/1453 2756/5464/1465 2755/5465/1464 
f 2744/5443/1453 2746/5446/1455 2757/5466/1466 2756/5467/1465 
f 2746/5446/1455 2748/5448/1457 2758/5468/1467 2757/5466/1466 
f 2748/5448/1457 2750/5450/1459 2759/5469/1468 2758/5468/1467 
f 2750/5470/1459 2752/5458/1461 2760/5471/1469 2759/5472/1468 
f 2752/5458/1461 2740/5457/1449 2754/5473/1463 2760/5471/1469 
f 2754/5460/1463 2753/5459/1462 2425/5474/1302 2416/5475/1293 
f 2753/5459/1462 2755/5461/1464 2761/5476/1470 2425/5474/1302 
f 2755/5465/1464 2756/5464/1465 2426/5477/1303 2761/5478/1470 
f 2756/5467/1465 2757/5466/1466 2419/4951/1296 2426/4958/1303 
f 2757/5466/1466 2758/5468/1467 2427/4959/1304 2419/4951/1296 
f 2758/5468/1467 2759/5469/1468 2762/5479/1471 2427/4959/1304 
f 2759/5472/1468 2760/5471/1469 2424/4956/1301 2762/5480/1471 
f 2760/5471/1469 2754/5473/1463 2416/4948/1293 2424/4956/1301 
f 2425/5481/1302 2761/5482/1470 2734/5427/1443 2417/5426/1294 
f 2761/5478/1470 2426/5477/1303 2421/5483/1298 2734/5484/1443 
f 2427/4959/1304 2762/5479/1471 2736/5434/1445 2422/4954/1299 
f 2762/5480/1471 2424/4956/1301 2423/4955/1300 2736/5431/1445 
f 2738/5436/1483 2737/5435/1482 2654/5216/1421 2653/5215/1420 
f 2741/5485/1484 2738/5486/1483 2653/5487/1420 2666/5488/1433 
f 2743/5442/1485 2741/5441/1484 2666/5489/1433 2664/5490/1431 
f 2663/5491/1430 2745/5445/1486 2743/5442/1485 2664/5490/1431 
f 2747/5492/1487 2745/5493/1486 2663/5494/1430 2651/5495/1418 
f 2652/5496/1419 2749/5497/1488 2747/5492/1487 2651/5495/1418 
f 2751/5498/1489 2749/5499/1488 2652/5264/1419 2674/5500/1441 
f 2654/5270/1421 2737/5456/1482 2751/5455/1489 2674/5265/1441 
s 8
f 2429/5501/1294 2763/5502/1443 2764/5503/1444 2430/5504/1295 
f 2430/4962/1295 2764/5505/1444 2765/5506/1445 2435/4967/1300 
f 2433/4965/1298 2432/4964/1297 2764/5507/1444 2763/5508/1443 
f 2432/4964/1297 2434/4966/1299 2765/5509/1445 2764/5507/1444 
s off
f 2766/5510/1490 2767/5511/1491 2768/5512/1474 2769/5513/1449 
f 2767/5511/1491 2770/5514/1492 2771/5515/1451 2768/5512/1474 
f 2770/5516/1492 2772/5517/1493 2773/5518/1453 2771/5519/1451 
f 2772/5517/1493 2774/5520/1494 2775/5521/1455 2773/5518/1453 
f 2774/5520/1494 2776/5522/1495 2777/5523/1457 2775/5521/1455 
f 2776/5522/1495 2778/5524/1496 2779/5525/1459 2777/5523/1457 
f 2778/5526/1496 2780/5527/1497 2781/5528/1461 2779/5529/1459 
f 2780/5530/1497 2766/5531/1490 2769/5532/1449 2781/5533/1461 
f 2769/5513/1449 2768/5512/1474 2782/5534/1462 2783/5535/1463 
f 2768/5512/1474 2771/5515/1451 2784/5536/1464 2782/5534/1462 
f 2771/5537/1451 2773/5538/1453 2785/5539/1465 2784/5540/1464 
f 2773/5518/1453 2775/5521/1455 2786/5541/1466 2785/5542/1465 
f 2775/5521/1455 2777/5523/1457 2787/5543/1467 2786/5541/1466 
f 2777/5523/1457 2779/5525/1459 2788/5544/1468 2787/5543/1467 
f 2779/5545/1459 2781/5533/1461 2789/5546/1469 2788/5547/1468 
f 2781/5533/1461 2769/5532/1449 2783/5548/1463 2789/5546/1469 
f 2783/5535/1463 2782/5534/1462 2437/5549/1302 2428/5550/1293 
f 2782/5534/1462 2784/5536/1464 2790/5551/1470 2437/5549/1302 
f 2784/5540/1464 2785/5539/1465 2438/5552/1303 2790/5553/1470 
f 2785/5542/1465 2786/5541/1466 2431/4963/1296 2438/4970/1303 
f 2786/5541/1466 2787/5543/1467 2439/4971/1304 2431/4963/1296 
f 2787/5543/1467 2788/5544/1468 2791/5554/1471 2439/4971/1304 
f 2788/5547/1468 2789/5546/1469 2436/4968/1301 2791/5555/1471 
f 2789/5546/1469 2783/5548/1463 2428/4960/1293 2436/4968/1301 
f 2437/5556/1302 2790/5557/1470 2763/5502/1443 2429/5501/1294 
f 2790/5558/1470 2438/5559/1303 2433/5560/1298 2763/5561/1443 
f 2439/4971/1304 2791/5554/1471 2765/5509/1445 2434/4966/1299 
f 2791/5555/1471 2436/4968/1301 2435/4967/1300 2765/5506/1445 
f 2767/5511/1491 2766/5510/1490 2636/5178/1403 2673/5262/1440 
f 2770/5514/1492 2767/5511/1491 2673/5262/1440 2672/5261/1439 
f 2772/5562/1493 2770/5563/1492 2672/5564/1439 2675/5565/1442 
f 2671/5566/1438 2774/5567/1494 2772/5562/1493 2675/5565/1442 
f 2776/5568/1495 2774/5569/1494 2671/5260/1438 2670/5259/1437 
f 2634/5174/1401 2778/5570/1496 2776/5568/1495 2670/5259/1437 
f 2780/5571/1497 2778/5572/1496 2634/5573/1401 2635/5574/1402 
f 2636/5575/1403 2766/5576/1490 2780/5527/1497 2635/5577/1402 
s 8
f 920/1796/501 1318/2489/732 2792/5578/1498 2442/4974/1307 
f 916/1792/497 2441/4973/1306 2792/5579/1498 1318/2490/732 
s off
f 1319/2492/733 2629/5580/1396 2793/5581/1499 1320/2493/734 
f 2629/5164/1396 2440/4972/1305 2794/5582/1500 2793/5583/1499 
f 2440/4972/1305 2387/4916/1288 2795/5584/1501 2794/5582/1500 
f 2387/5585/1288 857/2502/474 1324/2501/738 2795/5586/1501 
f 1320/2493/734 2793/5581/1499 2796/5587/1502 1325/2503/739 
f 2793/5583/1499 2794/5582/1500 2797/5588/1503 2796/5589/1502 
f 2794/5582/1500 2795/5584/1501 2798/5590/1504 2797/5588/1503 
f 2795/5586/1501 1324/2501/738 1329/2509/743 2798/5591/1504 
f 1330/5592/744 2799/5593/1505 2800/5594/1506 1331/5595/745 
f 1334/2514/748 1337/2517/751 2801/5596/1507 2802/5597/1508 
f 1338/2518/752 2803/5598/1509 2804/5599/1510 1339/2519/753 
f 2803/5598/1509 2805/5600/1511 2806/5601/1512 2804/5599/1510 
f 2805/5602/1511 2807/5603/1513 2808/5604/1514 2806/5605/1512 
f 2807/5606/1513 1338/2531/752 1346/2530/760 2808/5607/1514 
f 1339/2519/753 2804/5599/1510 2809/5608/1515 1347/2532/761 
f 2804/5599/1510 2806/5601/1512 2810/5609/1516 2809/5608/1515 
f 2806/5605/1512 2808/5604/1514 2811/5610/1517 2810/5611/1516 
f 2808/5607/1514 1346/2530/760 1351/2538/765 2811/5612/1517 
f 1347/2532/761 2809/5608/1515 2444/4976/1309 915/1791/496 
f 2809/5608/1515 2810/5609/1516 2812/5613/1518 2444/4976/1309 
f 2810/5611/1516 2811/5610/1517 2443/5614/1308 2812/5615/1518 
f 2811/5612/1517 1351/2538/765 918/1794/499 2443/4975/1308 
f 2444/4976/1309 2812/5613/1518 2792/5579/1498 2441/4973/1306 
f 2812/5616/1518 2443/4975/1308 2442/4974/1307 2792/5578/1498 
f 2813/5617/1519 1356/5618/770 1355/5619/769 2814/5620/1520 
f 1357/5621/771 1360/5622/774 2815/5623/1521 2816/5624/1522 
f 2817/5625/1523 1364/5626/778 1363/5627/777 2818/5628/1524 
f 1365/5629/779 1368/5630/782 2819/5631/1525 2820/5632/1526 
f 2818/5628/1524 1363/5627/777 1370/5633/784 2821/5634/1527 
f 2822/5635/1528 2823/5636/1529 2818/5637/1524 2821/5638/1527 
f 2824/5639/1530 2820/5640/1526 2823/5636/1529 2822/5635/1528 
f 1374/2567/788 1365/2570/779 2820/5641/1526 2824/5642/1530 
f 2799/5593/1505 1330/5592/744 1376/5643/790 2825/5644/1531 
f 2826/5645/1532 2827/5646/1533 2799/5647/1505 2825/5648/1531 
f 2828/5649/1534 2802/5650/1508 2827/5646/1533 2826/5645/1532 
f 1380/5651/794 1334/5652/748 2802/5653/1508 2828/5654/1534 
f 2803/5598/1509 1338/2518/752 1382/2584/796 2829/5655/1535 
f 2805/5602/1511 2803/5656/1509 2829/5657/1535 2830/5658/1536 
f 2807/5603/1513 2805/5602/1511 2830/5658/1536 2831/5659/1537 
f 1338/2531/752 2807/5606/1513 2831/5660/1537 1385/2589/799 
f 2829/5661/1535 1382/5662/796 1364/5626/778 2817/5625/1523 
f 1368/2593/782 1385/2589/799 2831/5660/1537 2819/5663/1525 
f 2821/5634/1527 1370/5633/784 1331/5595/745 2800/5594/1506 
f 1337/2517/751 1374/2567/788 2824/5642/1530 2801/5596/1507 
f 2825/5644/1531 1376/5643/790 1356/5618/770 2813/5617/1519 
f 1360/2595/774 1380/2598/794 2828/5664/1534 2815/5665/1521 
f 2832/5666/1538 2833/5667/1539 1388/5668/802 1387/5669/801 
f 1390/5670/804 2834/5671/1540 2835/5672/1541 1391/5673/805 
f 2796/5674/1502 2832/5666/1538 1387/5669/801 1325/5675/739 
f 1391/2609/805 2835/5676/1541 2798/5591/1504 1329/2509/743 
f 2833/5677/1539 2814/5678/1520 1355/2613/769 1388/2612/802 
f 2836/5679/1542 2814/5680/1520 2833/5681/1539 2837/5682/1543 
f 2834/5683/1540 2816/5684/1522 2836/5679/1542 2837/5682/1543 
f 1357/5621/771 2816/5624/1522 2834/5671/1540 1390/5670/804 
s 8
f 2446/5685/1311 2838/5686/1544 2839/5687/1545 2447/5688/1312 
f 2447/4979/1312 2839/5689/1545 2840/5690/1546 2452/4984/1317 
f 2450/4989/1315 2449/5691/1314 2839/5692/1545 2838/5693/1544 
f 2449/4981/1314 2451/4983/1316 2840/5694/1546 2839/5695/1545 
s off
f 2841/5696/1547 2842/5697/1548 2843/5698/1549 2844/5699/1550 
f 2842/5700/1548 2845/5701/1551 2846/5702/1552 2843/5703/1549 
f 2845/5704/1551 2847/5705/1553 2848/5706/1554 2846/5707/1552 
f 2847/5705/1553 2849/5708/1555 2850/5709/1556 2848/5706/1554 
f 2849/5710/1555 2851/5711/1557 2852/5712/1558 2850/5713/1556 
f 2851/5711/1557 2853/5714/1559 2854/5715/1560 2852/5712/1558 
f 2853/5716/1559 2855/5717/1561 2856/5718/1562 2854/5719/1560 
f 2855/5720/1561 2841/5721/1547 2844/5722/1550 2856/5723/1562 
f 2844/5724/1550 2843/5725/1549 2857/5726/1563 2858/5727/1564 
f 2843/5728/1549 2846/5729/1552 2859/5730/1565 2857/5731/1563 
f 2846/5707/1552 2848/5706/1554 2860/5732/1566 2859/5733/1565 
f 2848/5706/1554 2850/5709/1556 2861/5734/1567 2860/5732/1566 
f 2850/5713/1556 2852/5712/1558 2862/5735/1568 2861/5736/1567 
f 2852/5712/1558 2854/5715/1560 2863/5737/1569 2862/5735/1568 
f 2854/5719/1560 2856/5718/1562 2864/5738/1570 2863/5739/1569 
f 2856/5723/1562 2844/5722/1550 2858/5740/1564 2864/5741/1570 
f 2858/5727/1564 2857/5726/1563 2454/4987/1319 2445/4986/1310 
f 2857/5731/1563 2859/5730/1565 2865/5742/1571 2454/5743/1319 
f 2859/5733/1565 2860/5732/1566 2455/4990/1320 2865/5744/1571 
f 2860/5732/1566 2861/5734/1567 2448/4991/1313 2455/4990/1320 
f 2861/5736/1567 2862/5735/1568 2456/4992/1321 2448/4980/1313 
f 2862/5735/1568 2863/5737/1569 2866/5745/1572 2456/4992/1321 
f 2863/5746/1569 2864/5741/1570 2453/4985/1318 2866/5747/1572 
f 2864/5741/1570 2858/5740/1564 2445/4977/1310 2453/4985/1318 
f 2454/5743/1319 2865/5742/1571 2838/5686/1544 2446/5685/1311 
f 2865/5744/1571 2455/4990/1320 2450/4989/1315 2838/5693/1544 
f 2456/4992/1321 2866/5745/1572 2840/5694/1546 2451/4983/1316 
f 2866/5747/1572 2453/4985/1318 2452/4984/1317 2840/5690/1546 
f 2842/5697/1548 2841/5696/1547 2820/5748/1526 2819/5749/1525 
f 2845/5750/1551 2842/5751/1548 2819/5663/1525 2831/5660/1537 
f 2847/5752/1553 2845/5753/1551 2831/5754/1537 2830/5755/1536 
f 2829/5756/1535 2849/5757/1555 2847/5752/1553 2830/5755/1536 
f 2851/5758/1557 2849/5759/1555 2829/5760/1535 2817/5761/1523 
f 2818/5762/1524 2853/5716/1559 2851/5763/1557 2817/5764/1523 
f 2855/5717/1561 2853/5716/1559 2818/5762/1524 2823/5765/1529 
f 2820/5748/1526 2841/5696/1547 2855/5766/1561 2823/5767/1529 
s 8
f 2458/5768/1311 2867/5769/1544 2868/5770/1545 2459/5771/1322 
f 2459/4995/1322 2868/5772/1545 2869/5773/1546 2464/5000/1317 
f 2462/5005/1324 2461/5774/1314 2868/5775/1545 2867/5776/1544 
f 2461/4997/1314 2463/4999/1325 2869/5777/1546 2868/5778/1545 
s off
f 2870/5779/1573 2871/5780/1574 2872/5781/1575 2873/5782/1550 
f 2871/5783/1574 2874/5784/1576 2875/5785/1552 2872/5786/1575 
f 2874/5787/1576 2876/5788/1577 2877/5789/1578 2875/5790/1552 
f 2876/5788/1577 2878/5791/1579 2879/5792/1556 2877/5789/1578 
f 2878/5793/1579 2880/5794/1580 2881/5795/1558 2879/5796/1556 
f 2880/5794/1580 2882/5797/1581 2883/5798/1560 2881/5795/1558 
f 2882/5799/1581 2884/5800/1582 2885/5801/1562 2883/5802/1560 
f 2884/5803/1582 2870/5804/1573 2873/5805/1550 2885/5806/1562 
f 2873/5807/1550 2872/5808/1575 2886/5809/1563 2887/5810/1564 
f 2872/5811/1575 2875/5812/1552 2888/5813/1565 2886/5814/1563 
f 2875/5790/1552 2877/5789/1578 2889/5815/1566 2888/5816/1565 
f 2877/5789/1578 2879/5792/1556 2890/5817/1567 2889/5815/1566 
f 2879/5796/1556 2881/5795/1558 2891/5818/1568 2890/5819/1567 
f 2881/5795/1558 2883/5798/1560 2892/5820/1569 2891/5818/1568 
f 2883/5802/1560 2885/5801/1562 2893/5821/1570 2892/5822/1569 
f 2885/5806/1562 2873/5805/1550 2887/5823/1564 2893/5824/1570 
f 2887/5810/1564 2886/5809/1563 2466/5003/1319 2457/5002/1310 
f 2886/5814/1563 2888/5813/1565 2894/5825/1571 2466/5826/1319 
f 2888/5816/1565 2889/5815/1566 2467/5006/1320 2894/5827/1571 
f 2889/5815/1566 2890/5817/1567 2460/5007/1323 2467/5006/1320 
f 2890/5819/1567 2891/5818/1568 2468/5008/1321 2460/4996/1323 
f 2891/5818/1568 2892/5820/1569 2895/5828/1572 2468/5008/1321 
f 2892/5829/1569 2893/5824/1570 2465/5001/1318 2895/5830/1572 
f 2893/5824/1570 2887/5823/1564 2457/4993/1310 2465/5001/1318 
f 2466/5826/1319 2894/5825/1571 2867/5769/1544 2458/5768/1311 
f 2894/5827/1571 2467/5006/1320 2462/5005/1324 2867/5776/1544 
f 2468/5008/1321 2895/5828/1572 2869/5777/1546 2463/4999/1325 
f 2895/5830/1572 2465/5001/1318 2464/5000/1317 2869/5773/1546 
f 2871/5780/1574 2870/5779/1573 2802/5831/1508 2801/5832/1507 
f 2874/5833/1576 2871/5834/1574 2801/5596/1507 2824/5642/1530 
f 2876/5835/1577 2874/5836/1576 2824/5837/1530 2822/5838/1528 
f 2821/5839/1527 2878/5791/1579 2876/5788/1577 2822/5840/1528 
f 2880/5841/1580 2878/5842/1579 2821/5843/1527 2800/5844/1506 
f 2799/5845/1505 2882/5799/1581 2880/5846/1580 2800/5847/1506 
f 2884/5800/1582 2882/5799/1581 2799/5845/1505 2827/5848/1533 
f 2802/5831/1508 2870/5779/1573 2884/5849/1582 2827/5850/1533 
s 8
f 2470/5851/1311 2896/5852/1544 2897/5853/1583 2471/5854/1312 
f 2471/5011/1312 2897/5855/1583 2898/5856/1546 2476/5016/1317 
f 2474/5021/1324 2473/5857/1314 2897/5858/1583 2896/5859/1544 
f 2473/5013/1314 2475/5015/1316 2898/5860/1546 2897/5861/1583 
s off
f 2899/5862/1584 2900/5863/1585 2901/5864/1549 2902/5865/1550 
f 2900/5866/1585 2903/5867/1586 2904/5868/1552 2901/5869/1549 
f 2903/5870/1586 2905/5871/1587 2906/5872/1578 2904/5873/1552 
f 2905/5871/1587 2907/5874/1588 2908/5875/1556 2906/5872/1578 
f 2907/5876/1588 2909/5877/1589 2910/5878/1558 2908/5879/1556 
f 2909/5877/1589 2911/5880/1590 2912/5881/1560 2910/5878/1558 
f 2911/5882/1590 2913/5883/1591 2914/5884/1562 2912/5885/1560 
f 2913/5886/1591 2899/5887/1584 2902/5888/1550 2914/5889/1562 
f 2902/5890/1550 2901/5891/1549 2915/5892/1563 2916/5893/1564 
f 2901/5894/1549 2904/5895/1552 2917/5896/1565 2915/5897/1563 
f 2904/5873/1552 2906/5872/1578 2918/5898/1566 2917/5899/1565 
f 2906/5872/1578 2908/5875/1556 2919/5900/1567 2918/5898/1566 
f 2908/5879/1556 2910/5878/1558 2920/5901/1592 2919/5902/1567 
f 2910/5878/1558 2912/5881/1560 2921/5903/1593 2920/5901/1592 
f 2912/5885/1560 2914/5884/1562 2922/5904/1570 2921/5905/1593 
f 2914/5889/1562 2902/5888/1550 2916/5906/1564 2922/5907/1570 
f 2916/5893/1564 2915/5892/1563 2478/5019/1319 2469/5018/1310 
f 2915/5897/1563 2917/5896/1565 2923/5908/1571 2478/5909/1319 
f 2917/5899/1565 2918/5898/1566 2479/5022/1320 2923/5910/1571 
f 2918/5898/1566 2919/5900/1567 2472/5023/1323 2479/5022/1320 
f 2919/5902/1567 2920/5901/1592 2480/5024/1321 2472/5012/1323 
f 2920/5901/1592 2921/5903/1593 2924/5911/1572 2480/5024/1321 
f 2921/5912/1593 2922/5907/1570 2477/5017/1318 2924/5913/1572 
f 2922/5907/1570 2916/5906/1564 2469/5009/1310 2477/5017/1318 
f 2478/5909/1319 2923/5908/1571 2896/5852/1544 2470/5851/1311 
f 2923/5910/1571 2479/5022/1320 2474/5021/1324 2896/5859/1544 
f 2480/5024/1321 2924/5911/1572 2898/5860/1546 2475/5015/1316 
f 2924/5913/1572 2477/5017/1318 2476/5016/1317 2898/5856/1546 
f 2900/5863/1585 2899/5862/1584 2816/5914/1522 2815/5915/1521 
f 2903/5916/1586 2900/5917/1585 2815/5665/1521 2828/5664/1534 
f 2905/5918/1587 2903/5919/1586 2828/5920/1534 2826/5921/1532 
f 2825/5922/1531 2907/5874/1588 2905/5871/1587 2826/5923/1532 
f 2909/5924/1589 2907/5925/1588 2825/5926/1531 2813/5927/1519 
f 2814/5928/1520 2911/5882/1590 2909/5929/1589 2813/5930/1519 
f 2913/5883/1591 2911/5882/1590 2814/5928/1520 2836/5931/1542 
f 2816/5684/1522 2899/5887/1584 2913/5886/1591 2836/5679/1542 
s 8
f 2482/5932/1311 2925/5933/1544 2926/5934/1583 2483/5935/1312 
f 2483/5027/1312 2926/5936/1583 2927/5937/1546 2488/5032/1317 
f 2486/5037/1324 2485/5938/1314 2926/5939/1583 2925/5940/1544 
f 2485/5029/1314 2487/5031/1316 2927/5941/1546 2926/5942/1583 
s off
f 2928/5943/1594 2929/5944/1595 2930/5945/1549 2931/5946/1550 
f 2929/5947/1595 2932/5948/1596 2933/5949/1552 2930/5950/1549 
f 2932/5951/1596 2934/5952/1597 2935/5953/1578 2933/5954/1552 
f 2934/5952/1597 2936/5955/1598 2937/5956/1556 2935/5953/1578 
f 2936/5957/1598 2938/5958/1599 2939/5959/1558 2937/5960/1556 
f 2938/5958/1599 2940/5961/1600 2941/5962/1560 2939/5959/1558 
f 2940/5963/1600 2942/5964/1601 2943/5965/1562 2941/5966/1560 
f 2942/5967/1601 2928/5968/1594 2931/5969/1550 2943/5970/1562 
f 2931/5971/1550 2930/5972/1549 2944/5973/1563 2945/5974/1564 
f 2930/5975/1549 2933/5976/1552 2946/5977/1565 2944/5978/1563 
f 2933/5954/1552 2935/5953/1578 2947/5979/1566 2946/5980/1565 
f 2935/5953/1578 2937/5956/1556 2948/5981/1567 2947/5979/1566 
f 2937/5960/1556 2939/5959/1558 2949/5982/1568 2948/5983/1567 
f 2939/5959/1558 2941/5962/1560 2950/5984/1569 2949/5982/1568 
f 2941/5966/1560 2943/5965/1562 2951/5985/1570 2950/5986/1569 
f 2943/5970/1562 2931/5969/1550 2945/5987/1564 2951/5988/1570 
f 2945/5974/1564 2944/5973/1563 2490/5035/1319 2481/5034/1310 
f 2944/5978/1563 2946/5977/1565 2952/5989/1571 2490/5990/1319 
f 2946/5980/1565 2947/5979/1566 2491/5038/1320 2952/5991/1571 
f 2947/5979/1566 2948/5981/1567 2484/5039/1323 2491/5038/1320 
f 2948/5983/1567 2949/5982/1568 2492/5040/1321 2484/5028/1323 
f 2949/5982/1568 2950/5984/1569 2953/5992/1572 2492/5040/1321 
f 2950/5993/1569 2951/5988/1570 2489/5033/1318 2953/5994/1572 
f 2951/5988/1570 2945/5987/1564 2481/5025/1310 2489/5033/1318 
f 2490/5990/1319 2952/5989/1571 2925/5933/1544 2482/5932/1311 
f 2952/5991/1571 2491/5038/1320 2486/5037/1324 2925/5940/1544 
f 2492/5040/1321 2953/5992/1572 2927/5941/1546 2487/5031/1316 
f 2953/5994/1572 2489/5033/1318 2488/5032/1317 2927/5937/1546 
f 2929/5944/1595 2928/5943/1594 2798/5591/1504 2835/5676/1541 
f 2932/5995/1596 2929/5996/1595 2835/5997/1541 2834/5998/1540 
f 2934/5999/1597 2932/5995/1596 2834/5998/1540 2837/6000/1543 
f 2833/6001/1539 2936/6002/1598 2934/5999/1597 2837/6000/1543 
f 2938/6003/1599 2936/6004/1598 2833/6005/1539 2832/6006/1538 
f 2796/6007/1502 2940/6008/1600 2938/6003/1599 2832/6006/1538 
f 2942/5964/1601 2940/5963/1600 2796/6009/1502 2797/6010/1503 
f 2798/5591/1504 2928/5943/1594 2942/6011/1601 2797/6012/1503 
f 1926/3650/915 2629/5164/1396 2954/6013/1602 2251/4501/1242 
f 1914/4503/1025 2955/6014/1603 2956/6015/1604 2623/6016/1390 2621/6017/1388 
f 2623/6016/1390 2957/6018/1605 2958/6019/1606 2625/6020/1392 
f 2958/6021/1606 2957/6022/1605 2959/6023/1607 2960/6024/1608 
f 2961/6025/1609 2627/5162/1394 1121/2049/596 2962/6026/1610 2959/6023/1607 
f 2960/6024/1608 1522/2964/878 2963/6027/1611 2958/6021/1606 
f 2963/6028/1611 1921/4519/1032 2625/6020/1392 2958/6019/1606 
f 2956/6015/1604 2964/6029/1612 2957/6018/1605 2623/6016/1390 
f 2957/6022/1605 2964/6030/1612 2961/6025/1609 2959/6023/1607 
f 2627/6031/1394 2965/6032/1613 2966/6033/1614 2628/6034/1395 
f 2961/6035/1609 2967/6036/1615 2965/6037/1613 2627/6038/1394 
f 2964/6039/1612 2968/6040/1616 2967/6041/1615 2961/6042/1609 
f 2964/6039/1612 2956/6043/1604 2969/6044/1617 2968/6040/1616 
f 2956/6045/1604 2955/6046/1603 2970/6047/1618 2969/6048/1617 
f 2955/6014/1603 2954/6013/1602 2971/6049/1619 2970/6050/1618 
f 2629/6051/1396 2972/6052/1620 2971/6053/1619 2954/6054/1602 
f 2629/6051/1396 2628/6055/1395 2966/6056/1614 2972/6052/1620 
f 1914/4503/1025 2251/4501/1242 2954/6013/1602 2955/6014/1603 
f 2628/5163/1395 2629/6057/1396 1319/2994/733 1118/2046/593 
f 1915/4549/1026 2973/2997/1621 2516/2998/1349 1796/3537/983 
f 2973/2996/1621 2974/6058/1622 2517/1896/1350 2516/1895/1349 
f 2974/6058/1622 2975/6059/1623 2518/5061/1351 2517/1896/1350 
f 2975/6059/1623 1922/4552/1033 1800/3539/987 2518/5061/1351 
f 2614/6060/1381 2613/6061/1380 2966/6033/1614 2965/6032/1613 
f 2615/6062/1382 2614/6063/1381 2965/6064/1613 2967/6065/1615 
f 2616/6066/1383 2615/6067/1382 2967/6068/1615 2968/6069/1616 
f 2969/6070/1617 2617/6071/1384 2616/6066/1383 2968/6069/1616 
f 2970/6072/1618 2618/6073/1385 2617/6074/1384 2969/6075/1617 
f 2971/6049/1619 2619/6076/1386 2618/6077/1385 2970/6050/1618 
f 2972/6078/1620 2620/6079/1387 2619/6076/1386 2971/6049/1619 
f 2613/6080/1380 2620/6081/1387 2972/6082/1620 2966/6083/1614 
f 2973/6084/1621 1915/3635/1026 2622/5151/1389 
f 2974/6085/1622 2973/6086/1621 2622/5154/1389 2624/5153/1391 
f 2626/5157/1393 2975/6087/1623 2974/6085/1622 2624/5153/1391 
f 1922/5159/1033 2975/6088/1623 2626/5160/1393 
f 1522/3030/878 2960/6089/1608 2521/6090/1354 1535/3031/891 
f 2960/6091/1608 2959/6092/1607 2522/5065/1355 2521/5064/1354 
f 2962/6093/1610 2976/6094/1624 2522/5065/1355 2959/6092/1607 
f 1121/3038/596 1537/3041/893 2976/6095/1624 2962/6096/1610 
f 2520/6097/1353 1538/6098/894 1535/6099/891 2521/6100/1354 
f 2976/6094/1624 2977/6101/1625 2519/5062/1352 2522/5065/1355 
f 1537/6102/893 1540/6103/896 2977/6104/1625 2976/6105/1624 
f 1538/6106/894 2520/6107/1353 2523/5066/1356 1541/6108/897 
f 2520/6107/1353 2519/6109/1352 2524/5067/1357 2523/5066/1356 
f 2519/6109/1352 2977/6110/1625 2525/5068/1358 2524/5067/1357 
f 2977/6110/1625 1540/6111/896 1007/5069/556 2525/5068/1358 
f 1541/6108/897 2523/5066/1356 2501/5047/1334 979/5046/528 
f 2978/3066/1380 2979/6112/1381 2540/5084/1340 2539/1937/1339 
f 2979/6112/1381 2980/6113/1382 2541/5085/1341 2540/5084/1340 
f 2980/6113/1382 2981/6114/1383 2542/5087/1342 2541/5085/1341 
f 2981/6115/1383 2982/6116/1384 2543/6117/1343 2542/6118/1342 
f 2982/3061/1384 2983/6119/1385 2544/5088/1344 2543/1929/1343 
f 2983/6119/1385 2984/6120/1386 2546/5090/1346 2544/5088/1344 
f 2984/6120/1386 2985/6121/1387 2547/5091/1347 2546/5090/1346 
f 2985/6121/1387 2978/3057/1380 2539/1925/1339 2547/5091/1347 
f 2986/6122/1388 2987/6123/1389 2286/4613/1026 2285/4612/1025 
f 2988/6124/1390 2989/6125/1391 2987/6126/1389 2986/6127/1388 
f 2990/6128/1392 2991/6129/1393 2989/6125/1391 2988/6124/1390 
f 2292/6130/1032 2293/6131/1033 2991/6132/1393 2990/6133/1392 
f 1556/3079/593 1559/3082/596 2992/6134/1394 2993/6135/1395 
f 2296/4627/915 2994/6136/1626 2995/6137/1602 2297/4628/915 
f 2285/4631/1025 2996/6138/1603 2997/6139/1604 2988/6140/1390 2986/6141/1388 
f 2988/6140/1390 2998/6142/1605 2999/6143/1606 2990/6144/1392 
f 2999/6145/1606 2998/6146/1605 3000/6147/1607 3001/6148/1608 
f 3002/6149/1609 2992/6134/1394 1559/3082/596 3003/6150/1610 3000/6147/1607 
f 3001/6148/1608 1571/3099/878 3004/6151/1611 2999/6145/1606 
f 3004/6152/1611 2292/4647/1032 2990/6144/1392 2999/6143/1606 
f 2997/6139/1604 3005/6153/1612 2998/6142/1605 2988/6140/1390 
f 2998/6146/1605 3005/6154/1612 3002/6149/1609 3000/6147/1607 
f 2992/6155/1394 3006/6156/1613 3007/6157/1614 2993/6158/1395 
f 3002/6159/1609 3008/6160/1615 3006/6161/1613 2992/6162/1394 
f 3005/6163/1612 3009/6164/1616 3008/6165/1615 3002/6166/1609 
f 3005/6163/1612 2997/6167/1604 3010/6168/1617 3009/6164/1616 
f 2997/6169/1604 2996/6170/1603 3011/6171/1618 3010/6172/1617 
f 2996/6138/1603 2995/6137/1602 3012/6173/1619 3011/6174/1618 
f 2994/6175/1626 3013/6176/1620 3012/6177/1619 2995/6178/1602 
f 2994/6175/1626 2993/6179/1395 3007/6180/1614 3013/6176/1620 
f 2285/4631/1025 2297/4628/915 2995/6137/1602 2996/6138/1603 
f 2993/6135/1395 2994/6181/1626 1581/3129/593 1556/3079/593 
f 2286/4677/1026 3014/3132/1621 2549/3133/1349 1834/3570/983 
f 3014/3131/1621 3015/6182/1622 2550/1940/1350 2549/1939/1349 
f 3015/6182/1622 3016/6183/1623 2551/5093/1351 2550/1940/1350 
f 3016/6183/1623 2293/4680/1033 1838/3572/987 2551/5093/1351 
f 2979/6184/1381 2978/6185/1380 3007/6186/1614 3006/6187/1613 
f 2980/6188/1382 2979/6189/1381 3006/6190/1613 3008/6191/1615 
f 2981/6192/1383 2980/6193/1382 3008/6194/1615 3009/6195/1616 
f 3010/6196/1617 2982/6197/1384 2981/6192/1383 3009/6195/1616 
f 3011/6198/1618 2983/6199/1385 2982/6200/1384 3010/6201/1617 
f 3012/6173/1619 2984/6202/1386 2983/6203/1385 3011/6174/1618 
f 3013/6204/1620 2985/6205/1387 2984/6202/1386 3012/6173/1619 
f 2978/6185/1380 2985/6206/1387 3013/6207/1620 3007/6186/1614 
f 3014/6208/1621 2286/4613/1026 2987/6123/1389 
f 3015/6209/1622 3014/6210/1621 2987/6126/1389 2989/6125/1391 
f 2991/6129/1393 3016/6211/1623 3015/6209/1622 2989/6125/1391 
f 2991/6132/1393 2293/6131/1033 3016/6212/1623 
f 1571/3165/878 3001/6213/1608 2554/6214/1354 1585/3166/891 
f 3001/6215/1608 3000/6216/1607 2555/5097/1355 2554/5096/1354 
f 3003/6217/1610 3017/6218/1624 2555/5097/1355 3000/6216/1607 
f 1559/3173/596 1587/3176/893 3017/6219/1624 3003/6220/1610 
f 2553/6221/1353 1588/6222/894 1585/6223/891 2554/6224/1354 
f 3017/6218/1624 3018/6225/1625 2552/5094/1352 2555/5097/1355 
f 1587/6226/893 1590/6227/896 3018/6228/1625 3017/6229/1624 
f 1588/6230/894 2553/6231/1353 2556/5098/1356 1591/6232/897 
f 2553/6231/1353 2552/6233/1352 2557/5099/1357 2556/5098/1356 
f 2552/6233/1352 3018/6234/1625 2558/5100/1358 2557/5099/1357 
f 3018/6234/1625 1590/6235/896 1044/5101/556 2558/5100/1358 
f 1591/6232/897 2556/5098/1356 2534/5078/1334 1016/5077/528 
f 3019/3201/1380 3020/6236/1381 2577/5116/1340 2576/1985/1339 
f 3020/6236/1381 3021/6237/1382 2578/5117/1341 2577/5116/1340 
f 3021/6237/1382 3022/6238/1383 2579/5118/1342 2578/5117/1341 
f 3022/6238/1383 3023/3197/1384 2580/1978/1343 2579/5118/1342 
f 3023/3196/1384 3024/6239/1385 2581/5119/1344 2580/1977/1343 
f 3024/6239/1385 3025/6240/1386 2583/5121/1346 2581/5119/1344 
f 3025/6240/1386 3026/6241/1387 2584/5122/1347 2583/5121/1346 
f 3026/6241/1387 3019/3192/1380 2576/1973/1339 2584/5122/1347 
f 3027/6242/1388 3028/6243/1389 2333/4741/1268 2332/4740/1025 
f 3029/6244/1390 3030/6245/1391 3028/6246/1389 3027/6247/1388 
f 3031/6248/1392 3032/6249/1393 3030/6245/1391 3029/6244/1390 
f 2339/6250/1269 2340/6251/1033 3032/6252/1393 3031/6253/1392 
f 1606/3214/593 1609/3217/596 3033/6254/1394 3034/6255/1395 
s 1
f 3035/6256/1627 3036/6257/1628 2344/4757/1271 2339/4756/1269 
f 1612/3220/901 1613/3223/902 3036/6258/1628 3035/6259/1627 
s off
f 2346/4761/915 3037/6260/1626 3038/6261/1602 2347/4762/915 
f 2332/4765/1025 3039/6262/1603 3040/6263/1604 3029/6264/1390 3027/6265/1388 
f 3029/6264/1390 3041/6266/1605 3042/6267/1606 3031/6268/1392 
f 3042/6269/1606 3041/6270/1605 3043/6271/1607 3044/6272/1608 
f 3045/6273/1609 3033/6254/1394 1609/3217/596 3046/6274/1610 3043/6271/1607 
f 3044/6272/1608 1612/3220/901 3035/6259/1627 3042/6269/1606 
f 3035/6256/1627 2339/4756/1269 3031/6268/1392 3042/6267/1606 
f 3040/6263/1604 3047/6275/1612 3041/6266/1605 3029/6264/1390 
f 3041/6270/1605 3047/6276/1612 3045/6273/1609 3043/6271/1607 
f 3033/6277/1394 3048/6278/1613 3049/6279/1614 3034/6280/1395 
f 3045/6281/1609 3050/6282/1615 3048/6283/1613 3033/6284/1394 
f 3047/6285/1612 3051/6286/1616 3050/6287/1615 3045/6288/1609 
f 3047/6285/1612 3040/6289/1604 3052/6290/1617 3051/6286/1616 
f 3040/6291/1604 3039/6292/1603 3053/6293/1618 3052/6294/1617 
f 3039/6262/1603 3038/6261/1602 3054/6295/1619 3053/6296/1618 
f 3037/6297/1626 3055/6298/1620 3054/6299/1619 3038/6300/1602 
f 3037/6297/1626 3034/6301/1395 3049/6302/1614 3055/6298/1620 
f 2332/4765/1025 2347/4762/915 3038/6261/1602 3039/6262/1603 
f 3034/6255/1395 3037/6303/1626 1633/3267/593 1606/3214/593 
f 2333/4808/1268 3056/3270/1621 2586/3271/1349 1876/3605/983 
f 3056/3269/1621 3057/6304/1622 2587/1988/1350 2586/1987/1349 
f 3057/6304/1622 3058/6305/1623 2588/5124/1351 2587/1988/1350 
f 3058/6305/1623 2340/4811/1033 1880/3607/987 2588/5124/1351 
f 3020/6306/1381 3019/6307/1380 3049/6279/1614 3048/6278/1613 
f 3021/6308/1382 3020/6309/1381 3048/6310/1613 3050/6311/1615 
f 3022/6312/1383 3021/6313/1382 3050/6314/1615 3051/6315/1616 
f 3052/6316/1617 3023/6317/1384 3022/6312/1383 3051/6315/1616 
f 3053/6318/1618 3024/6319/1385 3023/6320/1384 3052/6321/1617 
f 3054/6295/1619 3025/6322/1386 3024/6323/1385 3053/6296/1618 
f 3055/6324/1620 3026/6325/1387 3025/6322/1386 3054/6295/1619 
f 3019/6326/1380 3026/6327/1387 3055/6328/1620 3049/6329/1614 
f 3056/6330/1621 2333/4741/1268 3028/6243/1389 
f 3057/6331/1622 3056/6332/1621 3028/6246/1389 3030/6245/1391 
f 3032/6249/1393 3058/6333/1623 3057/6331/1622 3030/6245/1391 
f 3032/6252/1393 2340/6251/1033 3058/6334/1623 
f 1612/3303/901 3044/6335/1608 2591/6336/1354 1637/3304/891 
f 3044/6337/1608 3043/6338/1607 2592/5128/1355 2591/5127/1354 
f 3046/6339/1610 3059/6340/1624 2592/5128/1355 3043/6338/1607 
f 1609/3311/596 1639/3314/893 3059/6341/1624 3046/6342/1610 
f 2590/6343/1353 1640/6344/894 1637/6345/891 2591/6346/1354 
f 3059/6340/1624 3060/6347/1625 2589/5125/1352 2592/5128/1355 
f 1639/6348/893 1642/6349/896 3060/6350/1625 3059/6351/1624 
f 1640/6352/894 2590/6353/1353 2593/5129/1356 1643/6354/897 
f 2590/6353/1353 2589/6355/1352 2594/5130/1357 2593/5129/1356 
f 2589/6355/1352 3060/6356/1625 2595/5131/1358 2594/5130/1357 
f 3060/6356/1625 1642/6357/896 1085/5132/556 2595/5131/1358 
f 1643/6354/897 2593/5129/1356 2571/5110/1334 1057/5109/528 
s 1
f 2296/4627/915 1921/4519/1032 2963/6028/1611 2994/6136/1626 
f 2994/6181/1626 2963/6027/1611 1522/2964/878 1581/3129/593 
f 2346/4761/915 2292/4647/1032 3004/6152/1611 3037/6260/1626 
f 3037/6303/1626 3004/6151/1611 1571/3099/878 1633/3267/593 
s off
f 262/313/106 2373/4865/1274 3061/6358/1629 2597/5133/1364 
f 2373/4865/1274 2344/4867/1271 3062/6359/1630 3061/6358/1629 
f 2344/4867/1271 3036/6360/1628 3063/6361/1631 3062/6359/1630 
f 3036/6362/1628 1613/3337/902 3064/6363/1632 3063/6364/1631 
f 1613/3337/902 1087/3339/562 2598/6365/1365 3064/6363/1632 
f 2598/6366/1365 2597/6367/1364 3065/6368/1633 3066/6369/1634 
f 3061/6358/1629 3067/6370/1635 3065/6371/1633 2597/5133/1364 
f 3062/6372/1630 3068/6373/1636 3067/6374/1635 3061/6375/1629 
f 3063/6376/1631 3069/6377/1637 3068/6378/1636 3062/6379/1630 
f 3064/6380/1632 3070/6381/1638 3069/6377/1637 3063/6376/1631 
f 3064/6382/1632 2598/6366/1365 3066/6369/1634 3070/6383/1638 
f 2602/6384/1369 2601/6385/1368 3066/6369/1634 3065/6368/1633 
f 3067/6386/1635 2605/6387/1372 2602/6388/1369 3065/6389/1633 
f 3068/6390/1636 2607/6391/1374 2605/6387/1372 3067/6386/1635 
f 3069/6392/1637 2609/6393/1376 2607/6394/1374 3068/6395/1636 
f 3070/6396/1638 2611/6397/1378 2609/6398/1376 3069/6399/1637 
f 2601/6385/1368 2611/6400/1378 3070/6383/1638 3066/6369/1634 
f 2604/5140/1371 2603/5139/1370 2559/5102/1359 2562/5103/1362 
f 2603/5139/1370 2606/2015/1373 2560/2006/1360 2559/5102/1359 
f 2606/2012/1373 2608/5142/1375 2599/5135/1366 2560/1953/1360 
f 2608/5142/1375 2610/2021/1377 2600/5136/1367 2599/5135/1366 
f 2610/2021/1377 2612/2022/1379 2596/1999/1363 2600/5136/1367 
f 2612/3375/1379 2604/5140/1371 2562/5103/1362 2596/2007/1363 
# 2792 polygons - 536 triangles

