# 3ds Max Wavefront OBJ Exporter v0.99 - (c)2007 guruware
# File Created: 03.09.2025 11:01:27

mtllib Lollipop Castle.mtl

#
# object Lollipop_Castle
#

v  -49.6868 4.7663 176.7447
v  -49.6868 4.7663 135.2911
v  -16.6996 4.7663 135.2911
v  -16.6996 4.7663 176.7447
v  -16.6996 35.7571 176.7447
v  -49.6868 35.7571 176.7447
v  -49.6868 4.7665 173.3071
v  -49.6868 4.7665 138.7287
v  -49.6868 27.0138 138.7287
v  -49.6868 27.0138 173.3071
v  -49.6868 20.7425 173.3071
v  -49.6868 4.7705 173.3071
v  -49.6868 35.7571 135.2911
v  -16.6996 35.7571 135.2911
v  -48.4304 35.7571 153.9956
v  -47.5703 35.7571 149.1178
v  -45.0938 35.7571 144.8283
v  -41.2995 35.7571 141.6446
v  -36.6452 35.7571 139.9505
v  -31.6922 35.7571 139.9505
v  -27.0378 35.7571 141.6446
v  -23.2436 35.7571 144.8283
v  -20.7671 35.7571 149.1178
v  -19.9070 35.7571 153.9956
v  -20.7671 35.7571 158.8734
v  -23.2436 35.7571 163.1628
v  -27.0378 35.7571 166.3465
v  -31.6922 35.7571 168.0406
v  -36.6452 35.7571 168.0406
v  -41.2995 35.7571 166.3465
v  -45.0938 35.7571 163.1628
v  -47.5703 35.7571 158.8733
v  -90.4871 4.7665 138.7287
v  -90.4871 4.7665 173.3071
v  -90.4871 27.0138 138.7287
v  -85.4182 27.0138 138.7287
v  -85.4182 25.3050 138.7287
v  -55.2292 25.3050 138.7287
v  -55.2292 27.0138 138.7287
v  -90.4871 27.0138 173.3071
v  -55.2292 27.0138 160.7886
v  -85.4182 27.0138 160.7886
v  -90.4871 19.4588 173.3071
v  -75.3970 10.7439 173.3071
v  -66.9996 10.7439 173.3071
v  -66.9996 4.7769 173.3071
v  -75.3970 4.7769 173.3071
v  -90.4871 4.7713 173.3071
v  -48.4304 37.5366 153.9956
v  -47.5703 37.5366 149.1178
v  -45.0938 37.5366 144.8283
v  -41.2995 37.5366 141.6446
v  -36.6452 37.5366 139.9505
v  -31.6922 37.5366 139.9505
v  -27.0378 37.5366 141.6446
v  -23.2436 37.5366 144.8283
v  -20.7671 37.5366 149.1178
v  -19.9070 37.5366 153.9956
v  -20.7671 37.5366 158.8734
v  -23.2436 37.5366 163.1628
v  -27.0378 37.5366 166.3465
v  -31.6922 37.5366 168.0406
v  -36.6452 37.5366 168.0406
v  -41.2995 37.5366 166.3465
v  -45.0938 37.5366 163.1628
v  -47.5703 37.5366 158.8733
v  -90.4871 4.7665 176.7447
v  -90.4871 4.7665 135.2911
v  -90.4871 35.7573 135.2911
v  -90.4871 35.7573 176.7447
v  -85.4182 25.3050 135.4945
v  -85.4182 35.5157 160.7886
v  -85.4182 35.5157 135.4945
v  -55.2292 25.3050 135.4945
v  -55.2292 35.5157 135.4945
v  -55.2292 35.5157 160.7886
v  -75.3970 10.7439 164.3309
v  -66.9996 10.7439 164.3309
v  -66.9996 4.7769 164.3309
v  -75.3970 4.7769 164.3309
v  -48.4304 41.0565 153.9956
v  -47.5703 41.0565 149.1178
v  -45.0938 41.0565 144.8283
v  -41.2995 41.0565 141.6446
v  -36.6452 41.0565 139.9505
v  -31.6922 41.0565 139.9505
v  -27.0378 41.0565 141.6446
v  -23.2436 41.0565 144.8283
v  -20.7671 41.0565 149.1178
v  -19.9070 41.0565 153.9956
v  -20.7671 41.0565 158.8734
v  -23.2436 41.0565 163.1628
v  -27.0378 41.0565 166.3465
v  -31.6922 41.0565 168.0406
v  -36.6452 41.0565 168.0406
v  -41.2995 41.0565 166.3465
v  -45.0938 41.0565 163.1628
v  -47.5703 41.0565 158.8733
v  -123.4743 4.7665 176.7447
v  -123.4743 35.7573 176.7447
v  -123.4743 4.7665 135.2911
v  -123.4743 35.7573 135.2911
v  -120.8042 35.7573 153.9955
v  -119.9442 35.7573 149.1178
v  -117.4677 35.7573 144.8283
v  -113.6734 35.7573 141.6446
v  -109.0191 35.7573 139.9505
v  -104.0661 35.7573 139.9505
v  -99.4117 35.7573 141.6446
v  -95.6175 35.7573 144.8283
v  -93.1410 35.7573 149.1178
v  -92.2809 35.7573 153.9955
v  -93.1410 35.7573 158.8733
v  -95.6175 35.7573 163.1628
v  -99.4117 35.7573 166.3465
v  -104.0661 35.7573 168.0406
v  -109.0191 35.7573 168.0406
v  -113.6734 35.7573 166.3465
v  -117.4677 35.7573 163.1628
v  -119.9442 35.7573 158.8733
v  -80.4969 35.5157 156.6653
v  -80.4969 35.5157 139.6178
v  -60.1505 35.5157 139.6178
v  -60.1505 35.5157 156.6653
v  -48.4304 44.5763 153.9956
v  -47.5703 44.5763 149.1178
v  -45.0938 44.5763 144.8283
v  -41.2995 44.5763 141.6446
v  -36.6452 44.5763 139.9505
v  -31.6922 44.5763 139.9505
v  -27.0378 44.5763 141.6446
v  -23.2436 44.5763 144.8283
v  -20.7671 44.5763 149.1178
v  -19.9070 44.5763 153.9956
v  -20.7671 44.5763 158.8734
v  -23.2436 44.5763 163.1628
v  -27.0378 44.5763 166.3465
v  -31.6922 44.5763 168.0406
v  -36.6452 44.5763 168.0406
v  -41.2995 44.5763 166.3465
v  -45.0938 44.5763 163.1628
v  -47.5703 44.5763 158.8733
v  -80.4969 41.9447 156.6653
v  -80.4969 41.9447 139.6178
v  -60.1505 41.9447 139.6178
v  -60.1505 41.9447 156.6653
v  -47.5703 47.9997 149.1178
v  -48.4304 47.9997 153.9956
v  -45.0938 47.9997 144.8283
v  -41.2995 47.9997 141.6446
v  -36.6452 47.9997 139.9505
v  -31.6922 47.9997 139.9505
v  -27.0378 47.9997 141.6446
v  -23.2436 47.9997 144.8283
v  -20.7671 47.9997 149.1178
v  -19.9070 47.9997 153.9956
v  -20.7671 47.9997 158.8734
v  -23.2436 47.9997 163.1628
v  -27.0378 47.9997 166.3465
v  -31.5101 47.9997 167.9743
v  -31.0785 48.0962 167.8172
v  -31.6922 48.0962 168.0406
v  -32.7751 48.0962 168.0406
v  -32.0134 47.9997 168.0406
v  -36.4474 47.9997 168.0406
v  -35.6858 48.0962 168.0406
v  -36.6452 48.0962 168.0406
v  -37.1889 48.0962 167.8427
v  -36.7573 47.9997 167.9998
v  -41.2995 47.9997 166.3465
v  -45.0938 47.9997 163.1628
v  -47.5703 47.9997 158.8733
v  -76.4243 41.9447 153.2530
v  -76.4243 41.9447 143.0301
v  -64.2231 41.9447 143.0301
v  -64.2231 41.9447 153.2530
v  -20.1306 47.9997 157.5133
v  -21.5889 47.9997 161.0338
v  -23.9086 47.9997 164.0570
v  -26.9318 47.9997 166.3768
v  -30.4524 47.9997 167.8351
v  -38.0085 47.9997 167.8351
v  -41.5290 47.9997 166.3768
v  -44.5522 47.9997 164.0570
v  -46.8720 47.9997 161.0338
v  -48.3303 47.9997 157.5133
v  -48.8277 47.9997 153.7352
v  -48.3303 47.9997 149.9572
v  -46.8720 47.9997 146.4366
v  -44.5522 47.9997 143.4134
v  -41.5290 47.9997 141.0937
v  -38.0085 47.9997 139.6354
v  -34.2304 47.9997 139.1380
v  -30.4524 47.9997 139.6354
v  -26.9318 47.9997 141.0937
v  -23.9086 47.9997 143.4134
v  -21.5889 47.9997 146.4366
v  -20.1306 47.9997 149.9572
v  -19.6332 47.9997 153.7352
v  -34.2304 47.9997 168.3325
v  -31.2080 50.8089 165.0151
v  -34.2304 50.8089 165.4130
v  -37.2529 50.8089 165.0151
v  -76.4243 45.2815 153.2530
v  -76.4243 45.2815 143.0301
v  -64.2231 45.2815 143.0301
v  -64.2231 45.2815 153.2530
v  -22.5527 50.8089 153.7352
v  -22.9506 50.8089 156.7577
v  -20.8891 48.0962 159.0848
v  -20.7415 48.0962 158.7284
v  -20.7671 48.0653 158.8734
v  -24.1172 50.8089 159.5741
v  -23.5362 48.0962 163.4083
v  -22.9270 48.0962 162.6144
v  -23.2436 48.0160 163.1628
v  -25.9730 50.8089 161.9927
v  -28.3916 50.8089 163.8485
v  -26.9820 48.0962 166.2900
v  -26.8468 48.0962 166.1862
v  -26.9782 48.0889 166.2965
v  -27.0378 48.0662 166.3465
v  -27.7035 48.0962 166.5888
v  -40.0693 50.8089 163.8485
v  -42.4879 50.8089 161.9927
v  -44.3437 50.8089 159.5741
v  -45.5103 50.8089 156.7577
v  -45.9082 50.8089 153.7352
v  -45.5103 50.8089 150.7128
v  -44.3437 50.8089 147.8963
v  -42.4879 50.8089 145.4778
v  -40.0693 50.8089 143.6220
v  -37.2529 50.8089 142.4554
v  -34.2304 50.8089 142.0575
v  -31.2080 50.8089 142.4554
v  -28.3915 50.8089 143.6220
v  -25.9730 50.8089 145.4778
v  -24.1172 50.8089 147.8963
v  -22.9506 50.8089 150.7128
v  -31.9636 53.6181 162.1951
v  -34.2304 53.6181 162.4936
v  -36.4973 53.6181 162.1951
v  -25.4721 53.6181 153.7352
v  -25.7705 53.6181 156.0021
v  -26.6455 53.6181 158.1144
v  -28.0374 53.6181 159.9283
v  -29.8513 53.6181 161.3202
v  -38.6096 53.6181 161.3202
v  -40.4235 53.6181 159.9283
v  -41.8154 53.6181 158.1144
v  -42.6903 53.6181 156.0021
v  -42.9888 53.6181 153.7352
v  -42.6903 53.6181 151.4684
v  -41.8154 53.6181 149.3561
v  -40.4235 53.6181 147.5422
v  -38.6096 53.6181 146.1503
v  -36.4973 53.6181 145.2753
v  -34.2304 53.6181 144.9769
v  -31.9636 53.6181 145.2753
v  -29.8513 53.6181 146.1503
v  -28.0374 53.6181 147.5422
v  -26.6455 53.6181 149.3561
v  -25.7705 53.6181 151.4684
v  -32.7192 56.4273 159.3752
v  -34.2304 56.4273 159.5741
v  -35.7416 56.4273 159.3752
v  -28.3915 56.4273 153.7352
v  -28.5905 56.4273 155.2465
v  -29.1738 56.4273 156.6547
v  -30.1017 56.4273 157.8640
v  -31.3110 56.4273 158.7919
v  -37.1499 56.4273 158.7919
v  -38.3592 56.4273 157.8640
v  -39.2871 56.4273 156.6547
v  -39.8704 56.4273 155.2464
v  -40.0693 56.4273 153.7352
v  -39.8704 56.4273 152.2240
v  -39.2871 56.4273 150.8158
v  -38.3591 56.4273 149.6065
v  -37.1499 56.4273 148.6786
v  -35.7416 56.4273 148.0953
v  -34.2304 56.4273 147.8963
v  -32.7192 56.4273 148.0953
v  -31.3110 56.4273 148.6786
v  -30.1017 56.4273 149.6065
v  -29.1738 56.4273 150.8158
v  -28.5905 56.4273 152.2240
v  -33.4748 59.2364 156.5552
v  -34.2304 59.2364 156.6547
v  -34.9860 59.2364 156.5552
v  -31.3110 59.2364 153.7352
v  -31.4105 59.2364 154.4908
v  -31.7021 59.2364 155.1950
v  -32.1661 59.2364 155.7996
v  -32.7707 59.2364 156.2635
v  -35.6902 59.2364 156.2635
v  -36.2948 59.2364 155.7996
v  -36.7587 59.2364 155.1949
v  -37.0504 59.2364 154.4908
v  -37.1499 59.2364 153.7352
v  -37.0504 59.2364 152.9796
v  -36.7587 59.2364 152.2755
v  -36.2948 59.2364 151.6709
v  -35.6902 59.2364 151.2069
v  -34.9860 59.2364 150.9153
v  -34.2304 59.2364 150.8158
v  -33.4748 59.2364 150.9153
v  -32.7707 59.2364 151.2069
v  -32.1661 59.2364 151.6709
v  -31.7021 59.2364 152.2755
v  -31.4105 59.2364 152.9796
v  -34.2304 62.0456 153.7352
v  -93.1410 30.4969 158.8733
v  -95.6175 30.4969 163.1628
v  -99.4117 30.4969 166.3465
v  -104.0661 30.4969 168.0406
v  -109.0191 30.4969 168.0406
v  -113.6734 30.4969 166.3465
v  -117.4677 30.4969 163.1628
v  -119.9442 30.4969 158.8733
v  -120.8042 30.4969 153.9955
v  -119.9442 30.4969 149.1178
v  -117.4677 30.4969 144.8283
v  -113.6734 30.4969 141.6446
v  -109.0191 30.4969 139.9505
v  -104.0661 30.4969 139.9505
v  -99.4117 30.4969 141.6446
v  -95.6175 30.4969 144.8283
v  -93.1410 30.4969 149.1178
v  -92.2809 30.4969 153.9955
v  -92.2809 34.0167 153.9955
v  -93.1410 34.0167 158.8733
v  -95.6175 34.0167 163.1628
v  -99.4117 34.0167 166.3465
v  -104.0661 34.0167 168.0406
v  -109.0191 34.0167 168.0406
v  -113.6734 34.0167 166.3465
v  -117.4677 34.0167 163.1628
v  -119.9442 34.0167 158.8733
v  -120.8042 34.0167 153.9955
v  -119.9442 34.0167 149.1178
v  -117.4677 34.0167 144.8283
v  -113.6734 34.0167 141.6446
v  -109.0191 34.0167 139.9505
v  -104.0661 34.0167 139.9505
v  -99.4117 34.0167 141.6446
v  -95.6175 34.0167 144.8283
v  -93.1410 34.0167 149.1178
v  -92.2809 37.5366 153.9955
v  -93.1410 37.5366 158.8733
v  -93.1410 37.5366 149.1178
v  -92.2809 41.0565 153.9955
v  -93.1410 41.0565 158.8733
v  -95.6175 37.5366 163.1628
v  -95.6175 37.5366 144.8283
v  -93.1410 41.0565 149.1178
v  -95.6175 41.0565 163.1628
v  -92.2809 44.5763 153.9955
v  -93.1410 44.5763 158.8733
v  -99.4117 37.5366 166.3465
v  -99.4117 37.5366 141.6446
v  -95.6175 41.0565 144.8283
v  -93.1410 44.5763 149.1178
v  -99.4117 41.0565 166.3465
v  -95.6175 44.5763 163.1628
v  -92.2809 47.9997 153.9955
v  -93.1410 47.9997 158.8733
v  -104.0661 37.5366 168.0406
v  -104.0661 37.5366 139.9505
v  -99.4117 41.0565 141.6446
v  -95.6175 44.5763 144.8283
v  -93.1410 47.9997 149.1178
v  -104.0661 41.0565 168.0406
v  -99.4117 44.5763 166.3465
v  -95.6175 47.9997 163.1628
v  -92.5045 47.9997 157.5133
v  -93.9628 47.9997 161.0339
v  -96.2825 47.9997 164.0570
v  -99.3057 47.9997 166.3768
v  -102.8263 47.9997 167.8351
v  -103.8841 47.9997 167.9743
v  -99.4117 47.9997 166.3465
v  -95.6175 47.9997 144.8283
v  -99.4117 47.9997 141.6446
v  -104.0661 47.9997 139.9505
v  -109.0191 47.9997 139.9505
v  -113.6734 47.9997 141.6446
v  -117.4677 47.9997 144.8283
v  -119.9442 47.9997 149.1178
v  -120.8042 47.9997 153.9955
v  -119.9442 47.9997 158.8733
v  -117.4677 47.9997 163.1628
v  -113.6734 47.9997 166.3465
v  -109.1310 47.9997 167.9998
v  -110.3824 47.9997 167.8351
v  -113.9029 47.9997 166.3768
v  -116.9261 47.9997 164.0570
v  -119.2459 47.9997 161.0338
v  -120.7041 47.9997 157.5133
v  -121.2015 47.9997 153.7352
v  -120.7041 47.9997 149.9572
v  -119.2459 47.9997 146.4366
v  -116.9261 47.9997 143.4135
v  -113.9029 47.9997 141.0937
v  -110.3823 47.9997 139.6354
v  -106.6043 47.9997 139.1380
v  -102.8263 47.9997 139.6354
v  -99.3057 47.9997 141.0937
v  -96.2825 47.9997 143.4135
v  -93.9628 47.9997 146.4366
v  -92.5045 47.9997 149.9572
v  -92.0071 47.9997 153.7352
v  -109.0191 37.5366 168.0406
v  -109.0191 37.5366 139.9505
v  -104.0661 41.0565 139.9505
v  -99.4117 44.5763 141.6446
v  -109.0191 41.0565 168.0406
v  -104.0661 44.5763 168.0406
v  -94.9265 50.8089 153.7352
v  -95.3244 50.8089 156.7577
v  -93.2629 48.0962 159.0845
v  -93.1154 48.0962 158.7285
v  -93.1410 48.0653 158.8733
v  -96.4911 50.8089 159.5741
v  -95.9099 48.0962 163.4081
v  -95.3010 48.0962 162.6146
v  -95.6175 48.0160 163.1628
v  -98.3469 50.8089 161.9927
v  -100.7654 50.8089 163.8485
v  -99.3558 48.0962 166.2900
v  -99.2214 48.0962 166.1868
v  -99.3521 48.0890 166.2965
v  -99.4117 48.0662 166.3465
v  -100.0764 48.0962 166.5884
v  -103.5819 50.8089 165.0151
v  -106.6043 47.9997 168.3325
v  -104.3871 47.9997 168.0406
v  -105.1486 48.0962 168.0406
v  -103.4526 48.0962 167.8173
v  -106.6043 50.8089 165.4130
v  -104.0661 48.0962 168.0406
v  -104.0661 44.5763 139.9505
v  -109.0191 44.5763 139.9505
v  -113.6734 44.5763 141.6446
v  -117.4677 44.5763 144.8283
v  -119.9442 44.5763 149.1178
v  -120.8042 44.5763 153.9955
v  -119.9442 44.5763 158.8733
v  -117.4677 44.5763 163.1628
v  -113.6734 44.5763 166.3465
v  -109.0191 44.5763 168.0406
v  -109.0191 48.0962 168.0406
v  -109.5626 48.0962 167.8427
v  -108.0600 48.0962 168.0406
v  -108.8216 47.9997 168.0406
v  -109.6267 50.8089 165.0151
v  -112.4432 50.8089 163.8485
v  -114.8618 50.8089 161.9927
v  -116.7176 50.8089 159.5741
v  -117.8842 50.8089 156.7577
v  -118.2821 50.8089 153.7352
v  -117.8842 50.8089 150.7128
v  -116.7176 50.8089 147.8963
v  -114.8617 50.8089 145.4778
v  -112.4432 50.8089 143.6220
v  -109.6267 50.8089 142.4554
v  -106.6043 50.8089 142.0575
v  -103.5819 50.8089 142.4554
v  -100.7654 50.8089 143.6220
v  -98.3469 50.8089 145.4778
v  -96.4911 50.8089 147.8964
v  -95.3244 50.8089 150.7128
v  -113.6734 37.5366 166.3465
v  -113.6734 37.5366 141.6446
v  -109.0191 41.0565 139.9505
v  -113.6734 41.0565 166.3465
v  -97.8460 53.6181 153.7352
v  -98.1444 53.6181 156.0021
v  -99.0194 53.6181 158.1144
v  -100.4112 53.6181 159.9283
v  -102.2251 53.6181 161.3202
v  -104.3375 53.6181 162.1951
v  -106.6043 53.6181 162.4936
v  -113.6734 41.0565 141.6446
v  -117.4677 41.0565 144.8283
v  -119.9442 41.0565 149.1178
v  -120.8042 41.0565 153.9955
v  -119.9442 41.0565 158.8733
v  -117.4677 41.0565 163.1628
v  -108.8711 53.6181 162.1951
v  -110.9835 53.6181 161.3202
v  -112.7974 53.6181 159.9283
v  -114.1892 53.6181 158.1144
v  -115.0642 53.6181 156.0021
v  -115.3626 53.6181 153.7352
v  -115.0642 53.6181 151.4684
v  -114.1892 53.6181 149.3561
v  -112.7974 53.6181 147.5422
v  -110.9835 53.6181 146.1503
v  -108.8711 53.6181 145.2753
v  -106.6043 53.6181 144.9769
v  -104.3375 53.6181 145.2753
v  -102.2251 53.6181 146.1503
v  -100.4112 53.6181 147.5422
v  -99.0194 53.6181 149.3561
v  -98.1444 53.6181 151.4684
v  -117.4677 37.5366 163.1628
v  -117.4677 37.5366 144.8283
v  -100.7654 56.4273 153.7352
v  -100.9644 56.4273 155.2465
v  -101.5477 56.4273 156.6547
v  -102.4756 56.4273 157.8640
v  -103.6849 56.4273 158.7919
v  -105.0931 56.4273 159.3752
v  -106.6043 56.4273 159.5741
v  -119.9442 37.5366 149.1178
v  -120.8042 37.5366 153.9955
v  -119.9442 37.5366 158.8733
v  -108.1155 56.4273 159.3752
v  -109.5237 56.4273 158.7919
v  -110.7330 56.4273 157.8640
v  -111.6609 56.4273 156.6547
v  -112.2442 56.4273 155.2465
v  -112.4432 56.4273 153.7352
v  -112.2442 56.4273 152.2240
v  -111.6609 56.4273 150.8158
v  -110.7330 56.4273 149.6065
v  -109.5237 56.4273 148.6786
v  -108.1155 56.4273 148.0953
v  -106.6043 56.4273 147.8964
v  -105.0931 56.4273 148.0953
v  -103.6849 56.4273 148.6786
v  -102.4756 56.4273 149.6065
v  -101.5477 56.4273 150.8158
v  -100.9644 56.4273 152.2240
v  -103.6849 59.2364 153.7352
v  -103.7843 59.2364 154.4909
v  -104.0760 59.2364 155.1950
v  -104.5399 59.2364 155.7996
v  -105.1446 59.2364 156.2635
v  -105.8487 59.2364 156.5552
v  -106.6043 59.2364 156.6547
v  -107.3599 59.2364 156.5552
v  -108.0640 59.2364 156.2635
v  -108.6687 59.2364 155.7996
v  -109.1326 59.2364 155.1950
v  -109.4243 59.2364 154.4908
v  -109.5237 59.2364 153.7352
v  -109.4243 59.2364 152.9796
v  -109.1326 59.2364 152.2755
v  -108.6687 59.2364 151.6709
v  -108.0640 59.2364 151.2069
v  -107.3599 59.2364 150.9153
v  -106.6043 59.2364 150.8158
v  -105.8487 59.2364 150.9153
v  -105.1446 59.2364 151.2069
v  -104.5399 59.2364 151.6709
v  -104.0760 59.2364 152.2755
v  -103.7843 59.2364 152.9796
v  -106.6043 62.0456 153.7352
v  -33.9731 76.3509 191.1527
v  -33.9731 75.3977 186.3603
v  -35.8070 75.3977 186.7251
v  -37.3618 75.3977 187.7640
v  -32.1391 75.3977 186.7251
v  -33.9731 72.6830 182.2975
v  -37.3618 72.6830 182.9716
v  -38.4007 75.3977 189.3187
v  -40.2346 72.6830 184.8911
v  -30.5844 75.3977 187.7639
v  -30.5844 72.6830 182.9716
v  -33.9731 68.6202 179.5828
v  -38.4007 68.6202 180.4635
v  -38.7655 75.3977 191.1527
v  -42.1542 72.6830 187.7639
v  -42.1542 68.6202 182.9716
v  -29.5455 75.3977 189.3187
v  -27.7115 72.6830 184.8911
v  -29.5455 68.6202 180.4635
v  -33.9731 63.8278 178.6296
v  -38.7655 63.8278 179.5828
v  -38.4007 75.3977 192.9866
v  -42.8282 72.6830 191.1527
v  -44.6622 68.6202 186.7251
v  -42.8282 63.8278 182.2975
v  -29.1807 75.3977 191.1527
v  -25.7920 72.6830 187.7639
v  -25.7920 68.6202 182.9716
v  -29.1807 63.8278 179.5828
v  -33.9731 59.0354 179.5828
v  -38.4007 59.0354 180.4635
v  -37.3618 75.3977 194.5414
v  -42.1542 72.6830 194.5414
v  -45.5429 68.6202 191.1527
v  -45.5429 63.8278 186.3603
v  -42.1542 59.0354 182.9716
v  -29.5455 75.3977 192.9866
v  -25.1179 72.6830 191.1527
v  -23.2839 68.6202 186.7251
v  -25.1179 63.8278 182.2975
v  -29.5455 59.0354 180.4635
v  -33.9731 54.9727 182.2975
v  -37.3618 54.9727 182.9716
v  -35.8070 75.3977 195.5803
v  -40.2346 72.6830 197.4142
v  -44.6622 68.6202 195.5803
v  -46.4962 63.8278 191.1527
v  -44.6622 59.0354 186.7251
v  -40.2346 54.9727 184.8911
v  -30.5843 75.3977 194.5414
v  -25.7920 72.6830 194.5414
v  -22.4032 68.6202 191.1527
v  -22.4032 63.8278 186.3603
v  -25.7920 59.0354 182.9716
v  -30.5844 54.9727 182.9716
v  -33.9731 52.0971 188.7867
v  -34.8785 52.0971 188.9668
v  -33.9731 75.3977 195.9451
v  -37.3618 72.6830 199.3338
v  -42.1542 68.6202 199.3338
v  -45.5429 63.8278 195.9451
v  -45.5429 59.0354 191.1527
v  -42.1542 54.9727 187.7639
v  -35.6461 52.0971 189.4797
v  -32.1391 75.3977 195.5803
v  -27.7115 72.6830 197.4142
v  -23.2839 68.6202 195.5803
v  -21.4500 63.8278 191.1527
v  -23.2839 59.0354 186.7251
v  -27.7115 54.9727 184.8911
v  -33.0677 52.0971 188.9668
v  -33.9731 4.7968 188.7867
v  -34.8785 4.7968 188.9668
v  -33.9731 72.6830 200.0079
v  -38.4007 68.6202 201.8418
v  -42.8283 63.8278 200.0078
v  -44.6622 59.0354 195.5803
v  -42.8282 54.9727 191.1527
v  -36.1589 52.0971 190.2473
v  -35.6461 4.7968 189.4797
v  -30.5843 72.6830 199.3338
v  -25.7920 68.6202 199.3338
v  -22.4032 63.8278 195.9451
v  -22.4032 59.0354 191.1527
v  -25.7920 54.9727 187.7639
v  -32.3001 52.0971 189.4797
v  -33.0677 4.7968 188.9668
v  -33.9731 4.3262 191.1527
v  -33.9731 68.6202 202.7225
v  -38.7655 63.8278 202.7225
v  -42.1542 59.0354 199.3338
v  -42.1542 54.9727 194.5414
v  -36.3390 52.0971 191.1527
v  -36.1589 4.7968 190.2473
v  -29.5455 68.6202 201.8418
v  -25.1179 63.8278 200.0078
v  -23.2839 59.0354 195.5803
v  -25.1179 54.9727 191.1527
v  -31.7872 52.0971 190.2473
v  -32.3001 4.7968 189.4797
v  -33.9731 63.8278 203.6758
v  -38.4007 59.0354 201.8418
v  -40.2346 54.9727 197.4142
v  -36.1589 52.0971 192.0581
v  -36.3390 4.7968 191.1527
v  -29.1807 63.8278 202.7225
v  -25.7920 59.0354 199.3338
v  -25.7920 54.9727 194.5414
v  -31.6071 52.0971 191.1527
v  -31.7872 4.7968 190.2473
v  -33.9731 59.0354 202.7225
v  -37.3618 54.9727 199.3338
v  -35.6461 52.0971 192.8257
v  -36.1589 4.7968 192.0581
v  -29.5455 59.0354 201.8418
v  -27.7115 54.9727 197.4142
v  -31.7872 52.0971 192.0581
v  -31.6071 4.7968 191.1527
v  -33.9731 54.9727 200.0079
v  -34.8785 52.0971 193.3385
v  -35.6461 4.7968 192.8257
v  -30.5843 54.9727 199.3338
v  -32.3001 52.0971 192.8257
v  -31.7872 4.7968 192.0581
v  -33.9731 52.0971 193.5186
v  -34.8785 4.7968 193.3385
v  -33.0677 52.0971 193.3385
v  -32.3001 4.7968 192.8257
v  -33.9731 4.7968 193.5186
v  -33.0677 4.7968 193.3385
v  -33.9731 76.3508 126.4701
v  -33.9731 75.3975 121.6777
v  -35.8071 75.3975 122.0425
v  -37.3618 75.3975 123.0814
v  -32.1391 75.3975 122.0425
v  -33.9731 72.6829 117.6149
v  -37.3618 72.6829 118.2890
v  -38.4007 75.3975 124.6361
v  -40.2346 72.6829 120.2085
v  -30.5844 75.3975 123.0814
v  -30.5844 72.6829 118.2890
v  -33.9731 68.6201 114.9002
v  -38.4007 68.6201 115.7809
v  -38.7655 75.3975 126.4701
v  -42.1542 72.6829 123.0814
v  -42.1542 68.6201 118.2890
v  -29.5455 75.3975 124.6361
v  -27.7115 72.6829 120.2085
v  -29.5455 68.6201 115.7809
v  -33.9731 63.8277 113.9470
v  -38.7655 63.8277 114.9002
v  -38.4007 75.3975 128.3040
v  -42.8283 72.6829 126.4701
v  -44.6622 68.6201 122.0425
v  -42.8283 63.8277 117.6149
v  -29.1807 75.3975 126.4701
v  -25.7920 72.6829 123.0813
v  -25.7920 68.6201 118.2890
v  -29.1807 63.8277 114.9002
v  -33.9731 59.0353 114.9002
v  -38.4007 59.0353 115.7809
v  -37.3618 75.3975 129.8588
v  -42.1542 72.6829 129.8588
v  -45.5429 68.6201 126.4701
v  -45.5429 63.8277 121.6777
v  -42.1542 59.0353 118.2890
v  -29.5455 75.3975 128.3040
v  -25.1179 72.6829 126.4701
v  -23.2840 68.6201 122.0425
v  -25.1179 63.8277 117.6149
v  -29.5455 59.0353 115.7809
v  -33.9731 54.9725 117.6149
v  -37.3618 54.9725 118.2890
v  -35.8071 75.3975 130.8977
v  -40.2346 72.6829 132.7316
v  -44.6622 68.6201 130.8977
v  -46.4962 63.8277 126.4701
v  -44.6622 59.0353 122.0425
v  -40.2346 54.9725 120.2085
v  -30.5844 75.3975 129.8588
v  -25.7920 72.6829 129.8588
v  -22.4032 68.6201 126.4701
v  -22.4033 63.8277 121.6777
v  -25.7920 59.0353 118.2890
v  -30.5844 54.9725 118.2890
v  -33.9731 52.0970 124.1041
v  -34.8785 52.0970 124.2842
v  -33.9731 75.3975 131.2625
v  -37.3618 72.6829 134.6512
v  -42.1542 68.6201 134.6512
v  -45.5429 63.8277 131.2625
v  -45.5429 59.0353 126.4701
v  -42.1542 54.9725 123.0814
v  -35.6461 52.0970 124.7971
v  -32.1391 75.3975 130.8977
v  -27.7115 72.6829 132.7316
v  -23.2839 68.6201 130.8977
v  -21.4500 63.8277 126.4701
v  -23.2840 59.0353 122.0425
v  -27.7115 54.9725 120.2085
v  -33.0677 52.0970 124.2842
v  -33.9731 4.7967 124.1041
v  -34.8785 4.7967 124.2842
v  -33.9731 72.6829 135.3253
v  -38.4007 68.6201 137.1592
v  -42.8283 63.8277 135.3253
v  -44.6622 59.0353 130.8977
v  -42.8283 54.9725 126.4701
v  -36.1590 52.0970 125.5647
v  -35.6461 4.7967 124.7971
v  -30.5844 72.6829 134.6512
v  -25.7920 68.6201 134.6512
v  -22.4032 63.8277 131.2625
v  -22.4032 59.0353 126.4701
v  -25.7920 54.9725 123.0813
v  -32.3001 52.0970 124.7971
v  -33.0677 4.7967 124.2842
v  -33.9731 4.3260 126.4701
v  -33.9731 68.6201 138.0399
v  -38.7655 63.8277 138.0399
v  -42.1542 59.0353 134.6512
v  -42.1542 54.9725 129.8588
v  -36.3391 52.0970 126.4701
v  -36.1590 4.7967 125.5647
v  -29.5455 68.6201 137.1592
v  -25.1179 63.8277 135.3253
v  -23.2839 59.0353 130.8977
v  -25.1179 54.9725 126.4701
v  -31.7872 52.0970 125.5647
v  -32.3001 4.7967 124.7971
v  -33.9731 63.8277 138.9932
v  -38.4007 59.0353 137.1592
v  -40.2346 54.9725 132.7316
v  -36.1590 52.0970 127.3755
v  -36.3391 4.7967 126.4701
v  -29.1807 63.8277 138.0399
v  -25.7920 59.0353 134.6512
v  -25.7920 54.9725 129.8588
v  -31.6071 52.0970 126.4701
v  -31.7872 4.7967 125.5647
v  -33.9731 59.0353 138.0399
v  -37.3618 54.9725 134.6512
v  -35.6461 52.0970 128.1431
v  -36.1590 4.7967 127.3755
v  -29.5455 59.0353 137.1592
v  -27.7115 54.9725 132.7316
v  -31.7872 52.0970 127.3755
v  -31.6071 4.7967 126.4701
v  -33.9731 54.9725 135.3253
v  -34.8785 52.0970 128.6559
v  -35.6461 4.7967 128.1431
v  -30.5844 54.9725 134.6512
v  -32.3001 52.0970 128.1431
v  -31.7872 4.7967 127.3755
v  -33.9731 52.0970 128.8360
v  -34.8785 4.7967 128.6559
v  -33.0677 52.0970 128.6559
v  -32.3001 4.7967 128.1431
v  -33.9731 4.7967 128.8360
v  -33.0677 4.7967 128.6559
v  -105.4621 76.3509 126.4700
v  -105.4621 75.3976 121.6776
v  -107.2961 75.3976 122.0424
v  -108.8508 75.3976 123.0813
v  -103.6281 75.3976 122.0424
v  -105.4621 72.6829 117.6149
v  -108.8508 72.6829 118.2889
v  -109.8897 75.3976 124.6361
v  -111.7236 72.6829 120.2085
v  -102.0733 75.3976 123.0813
v  -102.0734 72.6829 118.2889
v  -105.4621 68.6201 114.9002
v  -109.8897 68.6201 115.7809
v  -110.2545 75.3976 126.4700
v  -113.6432 72.6829 123.0813
v  -113.6432 68.6201 118.2889
v  -101.0345 75.3976 124.6361
v  -99.2005 72.6829 120.2085
v  -101.0345 68.6201 115.7809
v  -105.4621 63.8278 113.9469
v  -110.2545 63.8278 114.9002
v  -109.8897 75.3976 128.3040
v  -114.3173 72.6829 126.4700
v  -116.1512 68.6201 122.0424
v  -114.3173 63.8278 117.6149
v  -100.6697 75.3976 126.4700
v  -97.2810 72.6829 123.0813
v  -97.2810 68.6201 118.2889
v  -100.6697 63.8278 114.9002
v  -105.4621 59.0354 114.9002
v  -109.8897 59.0354 115.7809
v  -108.8508 75.3976 129.8587
v  -113.6432 72.6829 129.8587
v  -117.0319 68.6201 126.4700
v  -117.0319 63.8278 121.6776
v  -113.6432 59.0354 118.2889
v  -101.0345 75.3976 128.3040
v  -96.6069 72.6829 126.4700
v  -94.7729 68.6201 122.0424
v  -96.6069 63.8278 117.6149
v  -101.0345 59.0354 115.7809
v  -105.4621 54.9726 117.6149
v  -108.8508 54.9726 118.2889
v  -107.2961 75.3976 130.8976
v  -111.7236 72.6829 132.7316
v  -116.1512 68.6201 130.8976
v  -117.9852 63.8278 126.4700
v  -116.1512 59.0354 122.0424
v  -111.7236 54.9726 120.2085
v  -102.0733 75.3976 129.8587
v  -97.2810 72.6829 129.8587
v  -93.8922 68.6201 126.4700
v  -93.8922 63.8278 121.6776
v  -97.2810 59.0354 118.2889
v  -102.0734 54.9726 118.2889
v  -105.4621 52.0970 124.1041
v  -106.3675 52.0970 124.2842
v  -105.4621 75.3976 131.2624
v  -108.8508 72.6829 134.6511
v  -113.6432 68.6201 134.6511
v  -117.0319 63.8278 131.2624
v  -117.0319 59.0354 126.4700
v  -113.6432 54.9726 123.0813
v  -107.1351 52.0970 124.7970
v  -103.6281 75.3976 130.8976
v  -99.2005 72.6829 132.7316
v  -94.7729 68.6201 130.8976
v  -92.9390 63.8278 126.4700
v  -94.7729 59.0354 122.0424
v  -99.2005 54.9726 120.2085
v  -104.5567 52.0970 124.2842
v  -105.4621 4.7967 124.1041
v  -106.3675 4.7967 124.2842
v  -105.4621 72.6829 135.3252
v  -109.8897 68.6201 137.1592
v  -114.3173 63.8278 135.3252
v  -116.1512 59.0354 130.8976
v  -114.3173 54.9726 126.4700
v  -107.6479 52.0970 125.5646
v  -107.1351 4.7967 124.7970
v  -102.0733 72.6829 134.6511
v  -97.2810 68.6201 134.6511
v  -93.8922 63.8278 131.2624
v  -93.8922 59.0354 126.4700
v  -97.2810 54.9726 123.0813
v  -103.7891 52.0970 124.7970
v  -104.5567 4.7967 124.2842
v  -105.4621 4.3261 126.4700
v  -105.4621 68.6201 138.0399
v  -110.2545 63.8278 138.0399
v  -113.6432 59.0354 134.6511
v  -113.6432 54.9726 129.8587
v  -107.8280 52.0970 126.4700
v  -107.6479 4.7967 125.5646
v  -101.0345 68.6201 137.1592
v  -96.6069 63.8278 135.3252
v  -94.7729 59.0354 130.8976
v  -96.6069 54.9726 126.4700
v  -103.2762 52.0970 125.5646
v  -103.7891 4.7967 124.7970
v  -105.4621 63.8278 138.9931
v  -109.8897 59.0354 137.1592
v  -111.7236 54.9726 132.7316
v  -107.6479 52.0970 127.3754
v  -107.8280 4.7967 126.4700
v  -100.6697 63.8278 138.0399
v  -97.2810 59.0354 134.6511
v  -97.2810 54.9726 129.8587
v  -103.0961 52.0970 126.4700
v  -103.2762 4.7967 125.5646
v  -105.4621 59.0354 138.0399
v  -108.8508 54.9726 134.6511
v  -107.1351 52.0970 128.1430
v  -107.6479 4.7967 127.3754
v  -101.0345 59.0354 137.1592
v  -99.2005 54.9726 132.7316
v  -103.2762 52.0970 127.3754
v  -103.0961 4.7967 126.4700
v  -105.4621 54.9726 135.3252
v  -106.3675 52.0970 128.6559
v  -107.1351 4.7967 128.1430
v  -102.0733 54.9726 134.6511
v  -103.7891 52.0970 128.1430
v  -103.2762 4.7967 127.3754
v  -105.4621 52.0970 128.8360
v  -106.3675 4.7967 128.6559
v  -104.5567 52.0970 128.6559
v  -103.7891 4.7967 128.1430
v  -105.4621 4.7967 128.8360
v  -104.5567 4.7967 128.6559
v  -105.4621 76.3507 191.1528
v  -105.4621 75.3974 186.3604
v  -107.2960 75.3974 186.7252
v  -108.8508 75.3974 187.7641
v  -103.6281 75.3974 186.7252
v  -105.4621 72.6828 182.2976
v  -108.8508 72.6828 182.9717
v  -109.8896 75.3974 189.3188
v  -111.7236 72.6828 184.8913
v  -102.0733 75.3974 187.7641
v  -102.0733 72.6828 182.9717
v  -105.4621 68.6200 179.5830
v  -109.8896 68.6200 180.4637
v  -110.2544 75.3974 191.1528
v  -113.6432 72.6828 187.7641
v  -113.6432 68.6200 182.9717
v  -101.0345 75.3974 189.3188
v  -99.2005 72.6828 184.8913
v  -101.0345 68.6200 180.4637
v  -105.4621 63.8276 178.6297
v  -110.2544 63.8276 179.5830
v  -109.8896 75.3974 192.9868
v  -114.3172 72.6828 191.1528
v  -116.1512 68.6200 186.7252
v  -114.3172 63.8276 182.2976
v  -100.6697 75.3974 191.1528
v  -97.2809 72.6828 187.7641
v  -97.2810 68.6200 182.9717
v  -100.6697 63.8276 179.5830
v  -105.4621 59.0352 179.5830
v  -109.8896 59.0352 180.4637
v  -108.8508 75.3974 194.5415
v  -113.6432 72.6828 194.5415
v  -117.0319 68.6200 191.1528
v  -117.0319 63.8276 186.3604
v  -113.6432 59.0352 182.9717
v  -101.0345 75.3974 192.9868
v  -96.6069 72.6828 191.1528
v  -94.7729 68.6200 186.7252
v  -96.6069 63.8276 182.2976
v  -101.0345 59.0352 180.4637
v  -105.4621 54.9724 182.2976
v  -108.8508 54.9724 182.9717
v  -107.2960 75.3974 195.5804
v  -111.7236 72.6828 197.4144
v  -116.1512 68.6200 195.5804
v  -117.9852 63.8276 191.1528
v  -116.1512 59.0352 186.7252
v  -111.7236 54.9724 184.8913
v  -102.0733 75.3974 194.5415
v  -97.2809 72.6828 194.5415
v  -93.8922 68.6200 191.1528
v  -93.8922 63.8276 186.3604
v  -97.2810 59.0352 182.9717
v  -102.0733 54.9724 182.9717
v  -105.4621 52.0969 188.7868
v  -106.3675 52.0969 188.9669
v  -105.4621 75.3974 195.9452
v  -108.8508 72.6828 199.3339
v  -113.6432 68.6200 199.3339
v  -117.0319 63.8276 195.9452
v  -117.0319 59.0352 191.1528
v  -113.6432 54.9724 187.7641
v  -107.1350 52.0969 189.4798
v  -103.6281 75.3974 195.5804
v  -99.2005 72.6828 197.4144
v  -94.7729 68.6200 195.5804
v  -92.9390 63.8276 191.1528
v  -94.7729 59.0352 186.7252
v  -99.2005 54.9724 184.8913
v  -104.5566 52.0969 188.9669
v  -105.4621 4.7966 188.7868
v  -106.3675 4.7966 188.9669
v  -105.4621 72.6828 200.0080
v  -109.8896 68.6200 201.8419
v  -114.3172 63.8276 200.0080
v  -116.1512 59.0352 195.5804
v  -114.3172 54.9724 191.1528
v  -107.6479 52.0969 190.2474
v  -107.1350 4.7966 189.4798
v  -102.0733 72.6828 199.3339
v  -97.2809 68.6200 199.3339
v  -93.8922 63.8276 195.9452
v  -93.8922 59.0352 191.1528
v  -97.2809 54.9724 187.7641
v  -103.7891 52.0969 189.4798
v  -104.5566 4.7966 188.9669
v  -105.4621 4.3259 191.1528
v  -105.4621 68.6200 202.7226
v  -110.2544 63.8276 202.7226
v  -113.6432 59.0352 199.3339
v  -113.6432 54.9724 194.5415
v  -107.8280 52.0969 191.1528
v  -107.6479 4.7966 190.2474
v  -101.0345 68.6200 201.8419
v  -96.6069 63.8276 200.0080
v  -94.7729 59.0352 195.5804
v  -96.6069 54.9724 191.1528
v  -103.2762 52.0969 190.2474
v  -103.7891 4.7966 189.4798
v  -105.4621 63.8276 203.6759
v  -109.8896 59.0352 201.8419
v  -111.7236 54.9724 197.4144
v  -107.6479 52.0969 192.0582
v  -107.8280 4.7966 191.1528
v  -100.6697 63.8276 202.7226
v  -97.2809 59.0352 199.3339
v  -97.2809 54.9724 194.5415
v  -103.0961 52.0969 191.1528
v  -103.2762 4.7966 190.2474
v  -105.4621 59.0352 202.7226
v  -108.8508 54.9724 199.3339
v  -107.1350 52.0969 192.8258
v  -107.6479 4.7966 192.0582
v  -101.0345 59.0352 201.8419
v  -99.2005 54.9724 197.4144
v  -103.2762 52.0969 192.0582
v  -103.0961 4.7966 191.1528
v  -105.4621 54.9724 200.0080
v  -106.3675 52.0969 193.3387
v  -107.1350 4.7966 192.8258
v  -102.0733 54.9724 199.3339
v  -103.7891 52.0969 192.8258
v  -103.2762 4.7966 192.0582
v  -105.4621 52.0969 193.5188
v  -106.3675 4.7966 193.3387
v  -104.5566 52.0969 193.3387
v  -103.7891 4.7966 192.8258
v  -105.4621 4.7966 193.5188
v  -104.5566 4.7966 193.3387
# 1080 vertices

vn -0.0000 -0.7071 0.7071
vn -0.5774 -0.5774 -0.5774
vn 0.5774 -0.5774 -0.5774
vn 0.5774 -0.5774 0.5774
vn 0.5774 0.5774 0.5774
vn -0.5774 0.5774 0.5774
vn -0.9429 -0.2356 0.2357
vn 0.5774 0.5774 -0.5774
vn -0.7071 -0.0000 0.7071
vn -0.7070 0.0002 0.7072
vn -0.4247 0.7995 -0.4247
vn -0.9773 0.2119 -0.0000
vn -0.6733 -0.6617 -0.3298
vn -0.4910 -0.6698 -0.5570
vn -0.2885 -0.6761 -0.6780
vn -0.0944 -0.6792 -0.7278
vn 0.0944 -0.6793 -0.7278
vn 0.2885 -0.6761 -0.6779
vn 0.4910 -0.6698 -0.5570
vn 0.6733 -0.6617 -0.3298
vn 0.7534 -0.6576 0.0000
vn 0.6733 -0.6617 0.3298
vn 0.4910 -0.6698 0.5570
vn 0.2885 -0.6761 0.6780
vn 0.0944 -0.6793 0.7278
vn -0.0944 -0.6793 0.7278
vn -0.2885 -0.6761 0.6779
vn -0.4910 -0.6698 0.5570
vn -0.6733 -0.6617 0.3298
vn 0.8168 -0.4077 0.4081
vn -0.5774 0.5774 -0.5774
vn -0.5774 -0.5774 0.5774
vn 0.7071 -0.0000 0.7071
vn 0.3015 -0.3015 0.9045
vn -0.3015 -0.3015 0.9045
vn -0.3015 0.3020 0.9044
vn 0.3015 0.3018 0.9045
vn 0.7070 0.0004 0.7072
vn -1.0000 -0.0000 -0.0000
vn -0.8981 -0.0000 -0.4399
vn -0.6613 -0.0000 -0.7501
vn -0.3916 -0.0000 -0.9201
vn -0.1287 -0.0000 -0.9917
vn 0.1287 -0.0000 -0.9917
vn 0.3916 -0.0000 -0.9201
vn 0.6613 0.0000 -0.7501
vn 0.8981 0.0000 -0.4399
vn 1.0000 0.0000 0.0000
vn 0.8981 0.0000 0.4399
vn 0.6613 0.0000 0.7501
vn 0.3916 0.0000 0.9202
vn 0.1287 0.0000 0.9917
vn -0.1287 0.0000 0.9917
vn -0.3916 -0.0000 0.9201
vn -0.6613 -0.0000 0.7501
vn -0.8981 -0.0000 0.4399
vn 0.8165 -0.4082 0.4082
vn -0.5197 0.6781 0.5197
vn -1.0000 0.0000 -0.0000
vn -0.8981 0.0000 -0.4399
vn -0.6613 0.0000 -0.7501
vn -0.3916 0.0000 -0.9201
vn -0.1287 0.0000 -0.9917
vn 0.1287 0.0000 -0.9917
vn 0.3916 0.0000 -0.9201
vn 0.3916 0.0000 0.9201
vn -0.3916 0.0000 0.9201
vn -0.6613 0.0000 0.7501
vn -0.8981 0.0000 0.4399
vn -0.4441 0.7782 -0.4441
vn -0.9621 0.2729 -0.0000
vn -0.2885 -0.6761 -0.6779
vn -0.0944 -0.6793 -0.7278
vn 0.6733 -0.6618 -0.3298
vn 0.7533 -0.6576 0.0000
vn 0.2885 -0.6761 0.6779
vn -0.4911 -0.6697 0.5571
vn -0.6733 -0.6618 0.3298
vn -0.3286 0.8855 0.3286
vn -0.6733 0.6617 -0.3298
vn -0.7534 0.6576 -0.0000
vn -0.4910 0.6698 -0.5570
vn -0.2885 0.6762 -0.6779
vn -0.0944 0.6793 -0.7278
vn 0.0944 0.6793 -0.7278
vn 0.2885 0.6761 -0.6779
vn 0.4910 0.6698 -0.5570
vn 0.6733 0.6617 -0.3298
vn 0.7534 0.6576 0.0000
vn 0.6733 0.6617 0.3298
vn 0.4910 0.6698 0.5570
vn 0.2885 0.6761 0.6779
vn -0.9790 -0.0264 0.2022
vn 0.9790 0.0264 -0.2022
vn 0.0944 0.6793 0.7278
vn -0.9994 0.0154 0.0317
vn 0.9994 -0.0154 -0.0317
vn -0.9994 -0.0154 -0.0317
vn 0.9994 0.0154 0.0317
vn -0.0944 0.6793 0.7278
vn -0.9790 0.0264 -0.2022
vn 0.9790 -0.0264 0.2022
vn -0.2885 0.6761 0.6779
vn -0.4910 0.6698 0.5570
vn -0.6733 0.6617 0.3298
vn 0.9326 -0.1569 0.3251
vn 0.6405 0.6297 0.4396
vn 0.5274 0.5553 0.6431
vn 0.3956 -0.1985 0.8967
vn 0.1961 -0.2086 0.9582
vn -0.1961 -0.2086 0.9582
vn -0.3956 -0.1985 0.8967
vn -0.5972 -0.1841 0.7806
vn -0.7874 -0.1688 0.5929
vn -0.9326 -0.1569 0.3251
vn -0.9883 -0.1524 -0.0000
vn -0.9326 -0.1569 -0.3251
vn -0.7874 -0.1688 -0.5929
vn -0.5972 -0.1841 -0.7806
vn -0.3956 -0.1985 -0.8967
vn -0.1961 -0.2086 -0.9582
vn 0.0000 -0.2121 -0.9772
vn 0.1961 -0.2086 -0.9582
vn 0.3956 -0.1985 -0.8967
vn 0.5972 -0.1841 -0.7806
vn 0.7874 -0.1688 -0.5929
vn 0.9326 -0.1569 -0.3251
vn 0.9883 -0.1524 0.0000
vn -0.0000 -0.2121 0.9772
vn 0.0823 0.9024 0.4230
vn -0.0000 0.8996 0.4366
vn -0.0823 0.9024 0.4230
vn 0.3320 0.9433 0.0000
vn 0.3197 0.9402 0.1179
vn -0.3068 -0.9355 -0.1753
vn 0.2841 0.9318 0.2258
vn -0.2606 -0.9252 -0.2757
vn 0.2293 0.9207 0.3157
vn 0.1603 0.9100 0.3823
vn 0.1666 0.9108 0.3778
vn -0.1975 -0.9138 -0.3549
vn 0.1582 0.9097 0.3839
vn -0.1228 -0.9042 -0.4090
vn -0.1603 0.9100 0.3823
vn -0.2293 0.9207 0.3157
vn -0.2841 0.9318 0.2258
vn -0.3197 0.9402 0.1179
vn -0.3320 0.9433 -0.0000
vn -0.3197 0.9402 -0.1179
vn -0.2841 0.9318 -0.2258
vn -0.2293 0.9207 -0.3157
vn -0.1603 0.9100 -0.3823
vn -0.0823 0.9024 -0.4230
vn -0.0000 0.8996 -0.4366
vn 0.0823 0.9024 -0.4230
vn 0.1603 0.9100 -0.3823
vn 0.2293 0.9207 -0.3157
vn 0.2841 0.9318 -0.2258
vn 0.3197 0.9402 -0.1179
vn 0.0000 0.8996 -0.4366
vn 0.6109 -0.3502 0.7101
vn -0.4551 0.3946 -0.7982
vn 0.9722 -0.2260 0.0608
vn 0.9546 -0.2340 0.1845
vn 0.9157 -0.2506 0.3140
vn 0.8492 -0.2762 0.4501
vn 0.7476 -0.3101 0.5873
vn -0.3084 0.4468 -0.8398
vn -0.1919 0.5187 -0.8331
vn -0.1109 0.6300 -0.7686
vn -0.0619 0.7978 -0.5998
vn -0.0397 0.9694 -0.2421
vn -0.0397 0.9694 0.2421
vn -0.0619 0.7978 0.5998
vn -0.1109 0.6300 0.7686
vn -0.1919 0.5187 0.8331
vn -0.3084 0.4468 0.8398
vn -0.4551 0.3946 0.7982
vn 0.6109 -0.3502 -0.7101
vn 0.7476 -0.3101 -0.5873
vn 0.8492 -0.2762 -0.4501
vn 0.9157 -0.2506 -0.3140
vn 0.9546 -0.2340 -0.1845
vn 0.9722 -0.2260 -0.0608
vn -0.2885 -0.6762 0.6779
vn -0.7534 -0.6576 -0.0000
vn 1.0000 -0.0000 0.0000
vn 0.8981 -0.0000 0.4399
vn 0.3916 -0.0000 0.9201
vn -0.6613 0.0000 0.7502
vn 0.6613 -0.0000 -0.7501
vn 0.8980 -0.0000 -0.4399
vn 0.9717 -0.0000 0.2363
vn 0.7823 0.0000 0.6229
vn 0.7823 -0.0000 0.6229
vn 0.5198 -0.0000 0.8543
vn 0.5198 0.0000 0.8543
vn 0.2552 0.0000 0.9669
vn 0.2552 -0.0000 0.9669
vn -0.0000 0.0000 1.0000
vn -0.2552 -0.0000 0.9669
vn -0.2552 0.0000 0.9669
vn -0.5198 0.0000 0.8543
vn -0.5198 -0.0000 0.8543
vn -0.7823 0.0000 0.6229
vn -0.9717 0.0000 0.2363
vn -0.9717 0.0000 -0.2363
vn -0.7823 -0.0000 -0.6229
vn -0.7823 0.0000 -0.6229
vn -0.5198 -0.0000 -0.8543
vn -0.2552 -0.0000 -0.9669
vn 0.0000 -0.0000 -1.0000
vn 0.2552 -0.0000 -0.9669
vn 0.5198 -0.0000 -0.8543
vn 0.7823 -0.0000 -0.6229
vn 0.9717 -0.0000 -0.2363
vn 0.6613 -0.0000 0.7501
vn 0.8980 0.0000 -0.4399
vn 0.7533 0.6576 0.0000
vn 0.1287 -0.0000 0.9917
vn 0.6733 0.6618 -0.3298
vn 0.5274 0.5553 0.6430
vn -0.2885 0.6761 -0.6779
vn -0.6733 0.6618 0.3298
vn -0.2885 0.6762 0.6779
vn -0.1287 -0.0000 0.9917
vn -0.1975 -0.9138 -0.3550
vn -0.3916 0.0000 0.9202
vn 0.3320 0.9433 -0.0000
vn 0.0000 0.8996 0.4366
vn -0.8980 -0.0000 0.4399
vn -0.4551 0.3840 0.8034
vn 0.6108 -0.3359 -0.7170
vn -0.0000 1.0000 0.0000
vn -0.0000 0.9753 -0.2207
vn -0.0597 0.9767 -0.2061
vn -0.1137 0.9802 -0.1623
vn 0.0597 0.9767 -0.2061
vn -0.0000 0.8782 -0.4782
vn -0.1330 0.8844 -0.4474
vn -0.1538 0.9839 -0.0909
vn -0.2539 0.9001 -0.3541
vn 0.1137 0.9802 -0.1623
vn 0.1330 0.8844 -0.4474
vn -0.0000 0.5935 -0.8048
vn -0.2333 0.6049 -0.7613
vn -0.1693 0.9856 0.0000
vn -0.3451 0.9171 -0.1996
vn -0.4597 0.6346 -0.6213
vn 0.1538 0.9839 -0.0909
vn 0.2539 0.9001 -0.3541
vn 0.2333 0.6049 -0.7613
vn -0.0000 0.0000 -1.0000
vn -0.3004 0.0000 -0.9538
vn -0.1538 0.9839 0.0909
vn -0.3808 0.9246 0.0000
vn -0.6496 0.6679 -0.3633
vn -0.6076 0.0000 -0.7942
vn 0.1693 0.9856 -0.0000
vn 0.3451 0.9171 -0.1996
vn 0.4597 0.6346 -0.6213
vn 0.3004 0.0000 -0.9538
vn -0.0000 -0.5935 -0.8048
vn -0.2333 -0.6049 -0.7613
vn -0.1137 0.9802 0.1623
vn -0.3451 0.9171 0.1996
vn -0.7304 0.6830 -0.0000
vn -0.8811 0.0000 -0.4729
vn -0.4597 -0.6346 -0.6213
vn 0.1538 0.9839 0.0909
vn 0.3808 0.9246 -0.0000
vn 0.6496 0.6679 -0.3633
vn 0.6076 0.0000 -0.7943
vn 0.2333 -0.6049 -0.7613
vn -0.0000 -0.9002 -0.4355
vn -0.1201 -0.9050 -0.4082
vn -0.0597 0.9767 0.2061
vn -0.2539 0.9001 0.3541
vn -0.6496 0.6679 0.3633
vn -0.6496 -0.6679 -0.3633
vn -0.2307 -0.9172 -0.3250
vn 0.1137 0.9802 0.1623
vn 0.3451 0.9171 0.1996
vn 0.7304 0.6830 -0.0000
vn 0.8811 0.0000 -0.4729
vn 0.4597 -0.6346 -0.6213
vn 0.1201 -0.9050 -0.4082
vn 0.0000 -0.6545 -0.7561
vn -0.2168 -0.6595 -0.7198
vn 0.0000 0.9753 0.2207
vn -0.1330 0.8844 0.4474
vn -0.4597 0.6346 0.6213
vn -0.8811 0.0000 0.4729
vn -0.7304 -0.6830 -0.0000
vn -0.3160 -0.9306 -0.1845
vn -0.4355 -0.6746 -0.5960
vn 0.0597 0.9767 0.2061
vn 0.2539 0.9001 0.3541
vn 0.6496 0.6679 0.3633
vn 1.0000 0.0000 -0.0000
vn 0.6496 -0.6679 -0.3633
vn 0.2307 -0.9172 -0.3250
vn 0.2168 -0.6595 -0.7198
vn 0.0000 -0.6419 -0.7668
vn -0.2258 -0.6413 -0.7333
vn 0.0000 0.8782 0.4782
vn -0.2333 0.6049 0.7613
vn -0.6076 0.0000 0.7942
vn -0.6496 -0.6679 0.3633
vn -0.3501 -0.9367 0.0000
vn -0.6258 -0.6958 -0.3525
vn -0.4603 -0.6383 -0.6170
vn 0.1330 0.8844 0.4474
vn 0.4597 0.6346 0.6213
vn 0.8811 0.0000 0.4729
vn 0.7304 -0.6830 -0.0000
vn 0.3160 -0.9306 -0.1845
vn 0.4355 -0.6746 -0.5960
vn 0.2258 -0.6413 -0.7333
vn -0.0000 -1.0000 -0.0000
vn 0.0000 0.5935 0.8048
vn -0.3004 0.0000 0.9538
vn -0.4597 -0.6346 0.6213
vn -0.3160 -0.9306 0.1845
vn -0.7068 -0.7074 -0.0000
vn -0.6782 -0.6323 -0.3745
vn 0.2333 0.6049 0.7613
vn 0.6076 0.0000 0.7942
vn 0.6496 -0.6679 0.3633
vn 0.3501 -0.9367 -0.0000
vn 0.6258 -0.6958 -0.3525
vn 0.4603 -0.6383 -0.6170
vn 0.0000 0.0000 1.0000
vn -0.2333 -0.6049 0.7613
vn -0.2307 -0.9172 0.3250
vn -0.6258 -0.6958 0.3525
vn -0.7779 -0.6284 -0.0000
vn 0.3004 0.0000 0.9538
vn 0.4597 -0.6346 0.6213
vn 0.3160 -0.9306 0.1845
vn 0.7068 -0.7074 -0.0000
vn 0.6782 -0.6323 -0.3745
vn 0.0000 -0.5935 0.8048
vn -0.1201 -0.9050 0.4082
vn -0.4355 -0.6746 0.5960
vn -0.6782 -0.6323 0.3745
vn 0.2333 -0.6049 0.7613
vn 0.2307 -0.9172 0.3250
vn 0.6258 -0.6958 0.3524
vn 0.7779 -0.6284 -0.0000
vn 0.0000 -0.9002 0.4355
vn -0.2168 -0.6595 0.7198
vn -0.4603 -0.6383 0.6170
vn 0.1201 -0.9050 0.4082
vn 0.4355 -0.6746 0.5960
vn 0.6782 -0.6323 0.3744
vn -0.0000 -0.6545 0.7561
vn -0.2258 -0.6413 0.7333
vn 0.2168 -0.6595 0.7198
vn 0.4602 -0.6384 0.6170
vn -0.0000 -0.6419 0.7668
vn 0.2258 -0.6413 0.7333
vn -0.0000 0.9753 0.2207
vn 0.6258 -0.6958 0.3525
vn 0.6782 -0.6323 0.3745
vn 0.4603 -0.6383 0.6170
vn 0.1693 0.9856 0.0000
vn -0.0000 -0.6545 -0.7561
vn -0.2168 -0.6595 -0.7197
vn 0.2168 -0.6595 -0.7197
vn -0.6076 0.0000 0.7943
vn -0.4603 -0.6384 -0.6170
vn -0.0000 -1.0000 0.0000
vn -0.7068 -0.7075 0.0000
vn 0.6076 0.0000 0.7943
vn 0.4603 -0.6384 -0.6170
vn -0.7778 -0.6285 -0.0000
vn 0.7068 -0.7074 0.0000
vn 0.7779 -0.6284 0.0000
vn -0.2168 -0.6595 0.7197
vn -0.4603 -0.6384 0.6170
vn 0.0000 -0.6545 0.7561
vn 0.2168 -0.6595 0.7197
vn 0.4603 -0.6384 0.6170
vn 0.0000 -0.6419 0.7668
# 385 vertex normals

vt 0.4292 0.7626 0.0000
vt 0.6314 0.7626 0.0000
vt 0.6314 0.9845 0.0000
vt 0.4292 0.9845 0.0000
vt 0.4245 0.7626 0.0000
vt 0.4245 0.9845 0.0000
vt 0.3482 0.9845 0.0000
vt 0.3482 0.7626 0.0000
vt 0.4149 0.5483 0.0000
vt 0.4149 0.7504 0.0000
vt 0.4149 0.7337 0.0000
vt 0.4149 0.5650 0.0000
vt 0.3602 0.5650 0.0000
vt 0.3602 0.7337 0.0000
vt 0.3756 0.7337 0.0000
vt 0.3387 0.7504 0.0000
vt 0.3387 0.5483 0.0000
vt 0.9151 0.7626 0.0000
vt 0.9151 0.9845 0.0000
vt 0.8388 0.9845 0.0000
vt 0.8388 0.7626 0.0000
vt 0.6578 0.5483 0.0000
vt 0.6578 0.7504 0.0000
vt 0.5816 0.7504 0.0000
vt 0.5816 0.5483 0.0000
vt 0.8362 0.7626 0.0000
vt 0.8362 0.9845 0.0000
vt 0.6340 0.9845 0.0000
vt 0.6340 0.7626 0.0000
vt 0.7252 0.7710 0.0000
vt 0.7014 0.7768 0.0000
vt 0.6805 0.7935 0.0000
vt 0.6650 0.8190 0.0000
vt 0.6567 0.8503 0.0000
vt 0.6567 0.8836 0.0000
vt 0.6650 0.9149 0.0000
vt 0.6805 0.9405 0.0000
vt 0.7014 0.9571 0.0000
vt 0.7252 0.9629 0.0000
vt 0.7490 0.9571 0.0000
vt 0.7699 0.9405 0.0000
vt 0.7855 0.9149 0.0000
vt 0.7937 0.8836 0.0000
vt 0.7937 0.8503 0.0000
vt 0.7855 0.8190 0.0000
vt 0.7699 0.7935 0.0000
vt 0.7490 0.7768 0.0000
vt 0.2815 0.0005 0.0000
vt 0.5559 0.0005 0.0000
vt 0.5559 0.1692 0.0000
vt 0.2815 0.1692 0.0000
vt 0.8322 0.0552 0.0000
vt 0.7981 0.0552 0.0000
vt 0.7981 0.0510 0.0000
vt 0.5951 0.0510 0.0000
vt 0.5951 0.0552 0.0000
vt 0.5578 0.0552 0.0000
vt 0.5578 0.0005 0.0000
vt 0.8322 0.0005 0.0000
vt 0.0053 0.0005 0.0000
vt 0.2797 0.0005 0.0000
vt 0.2797 0.1692 0.0000
vt 0.2424 0.1692 0.0000
vt 0.2424 0.0616 0.0000
vt 0.0394 0.0616 0.0000
vt 0.0394 0.1692 0.0000
vt 0.0053 0.1692 0.0000
vt 0.0238 0.7102 0.0000
vt 0.0453 0.8117 0.0000
vt 0.0453 0.8682 0.0000
vt 0.0207 0.9846 0.0000
vt 0.0053 0.9846 0.0000
vt 0.0053 0.7102 0.0000
vt 0.0600 0.8682 0.0000
vt 0.0600 0.9846 0.0000
vt 0.0600 0.7102 0.0000
vt 0.0600 0.8117 0.0000
vt 0.3929 0.3688 0.0000
vt 0.3929 0.3644 0.0000
vt 0.4167 0.3644 0.0000
vt 0.4167 0.3688 0.0000
vt 0.4376 0.3644 0.0000
vt 0.4376 0.3688 0.0000
vt 0.4142 0.1720 0.0000
vt 0.4142 0.1763 0.0000
vt 0.3887 0.1763 0.0000
vt 0.3887 0.1720 0.0000
vt 0.3574 0.1763 0.0000
vt 0.3574 0.1720 0.0000
vt 0.3241 0.1763 0.0000
vt 0.3241 0.1720 0.0000
vt 0.2928 0.1763 0.0000
vt 0.2928 0.1720 0.0000
vt 0.2672 0.1763 0.0000
vt 0.2672 0.1720 0.0000
vt 0.3482 0.3021 0.0000
vt 0.3482 0.2977 0.0000
vt 0.3691 0.2977 0.0000
vt 0.3691 0.3021 0.0000
vt 0.3929 0.2977 0.0000
vt 0.3929 0.3021 0.0000
vt 0.4167 0.2977 0.0000
vt 0.4167 0.3021 0.0000
vt 0.4376 0.2977 0.0000
vt 0.4376 0.3021 0.0000
vt 0.4142 0.2053 0.0000
vt 0.4142 0.2097 0.0000
vt 0.3887 0.2097 0.0000
vt 0.3887 0.2053 0.0000
vt 0.3574 0.2097 0.0000
vt 0.3574 0.2053 0.0000
vt 0.3241 0.2097 0.0000
vt 0.3241 0.2053 0.0000
vt 0.2928 0.2097 0.0000
vt 0.2928 0.2053 0.0000
vt 0.2672 0.2097 0.0000
vt 0.2672 0.2053 0.0000
vt 0.3482 0.3688 0.0000
vt 0.3482 0.3644 0.0000
vt 0.3691 0.3644 0.0000
vt 0.3691 0.3688 0.0000
vt 0.5769 0.5483 0.0000
vt 0.5769 0.5650 0.0000
vt 0.5407 0.5650 0.0000
vt 0.5221 0.5650 0.0000
vt 0.5221 0.7337 0.0000
vt 0.5769 0.7337 0.0000
vt 0.5769 0.7504 0.0000
vt 0.5006 0.7504 0.0000
vt 0.5006 0.5483 0.0000
vt 0.0719 0.7007 0.0000
vt 0.0877 0.7007 0.0000
vt 0.0877 0.7049 0.0000
vt 0.1953 0.7049 0.0000
vt 0.1953 0.7258 0.0000
vt 0.0719 0.7258 0.0000
vt 0.0163 0.3750 0.0000
vt 0.0005 0.3750 0.0000
vt 0.0005 0.1720 0.0000
vt 0.0163 0.1720 0.0000
vt 0.1795 0.7293 0.0000
vt 0.1953 0.7293 0.0000
vt 0.1953 0.7544 0.0000
vt 0.0719 0.7544 0.0000
vt 0.0719 0.7335 0.0000
vt 0.1795 0.7335 0.0000
vt 0.9407 0.9847 0.0000
vt 0.9198 0.9847 0.0000
vt 0.9198 0.7817 0.0000
vt 0.9407 0.7817 0.0000
vt 0.9198 0.7619 0.0000
vt 0.9198 0.7054 0.0000
vt 0.9636 0.7054 0.0000
vt 0.9636 0.7619 0.0000
vt 0.0533 0.2539 0.0000
vt 0.0386 0.2539 0.0000
vt 0.0386 0.2101 0.0000
vt 0.0533 0.2101 0.0000
vt 0.9874 0.7721 0.0000
vt 0.9874 0.8286 0.0000
vt 0.9436 0.8286 0.0000
vt 0.9436 0.7721 0.0000
vt 0.3929 0.3558 0.0000
vt 0.4167 0.3558 0.0000
vt 0.4376 0.3558 0.0000
vt 0.4142 0.1850 0.0000
vt 0.3887 0.1850 0.0000
vt 0.3574 0.1850 0.0000
vt 0.3241 0.1850 0.0000
vt 0.2928 0.1850 0.0000
vt 0.2672 0.1850 0.0000
vt 0.3482 0.2891 0.0000
vt 0.3691 0.2891 0.0000
vt 0.3929 0.2891 0.0000
vt 0.4167 0.2891 0.0000
vt 0.4376 0.2891 0.0000
vt 0.4142 0.2184 0.0000
vt 0.3887 0.2184 0.0000
vt 0.3574 0.2184 0.0000
vt 0.3241 0.2184 0.0000
vt 0.2928 0.2184 0.0000
vt 0.2672 0.2184 0.0000
vt 0.3482 0.3558 0.0000
vt 0.3691 0.3558 0.0000
vt 0.5673 0.0577 0.0000
vt 0.7892 0.0577 0.0000
vt 0.7892 0.1339 0.0000
vt 0.5673 0.1339 0.0000
vt 0.1434 0.7626 0.0000
vt 0.3456 0.7626 0.0000
vt 0.3456 0.9845 0.0000
vt 0.1434 0.9845 0.0000
vt 0.1387 0.7626 0.0000
vt 0.1387 0.9845 0.0000
vt 0.0624 0.9845 0.0000
vt 0.0624 0.7626 0.0000
vt 0.2074 0.4768 0.0000
vt 0.2074 0.6987 0.0000
vt 0.0053 0.6987 0.0000
vt 0.0053 0.4768 0.0000
vt 0.0965 0.4948 0.0000
vt 0.0727 0.5006 0.0000
vt 0.0518 0.5172 0.0000
vt 0.0363 0.5427 0.0000
vt 0.0280 0.5740 0.0000
vt 0.0280 0.6074 0.0000
vt 0.0363 0.6387 0.0000
vt 0.0518 0.6642 0.0000
vt 0.0727 0.6808 0.0000
vt 0.0965 0.6866 0.0000
vt 0.1203 0.6808 0.0000
vt 0.1412 0.6642 0.0000
vt 0.1567 0.6387 0.0000
vt 0.1650 0.6074 0.0000
vt 0.1650 0.5740 0.0000
vt 0.1567 0.5427 0.0000
vt 0.1412 0.5172 0.0000
vt 0.1203 0.5006 0.0000
vt 0.5673 0.1386 0.0000
vt 0.7704 0.1386 0.0000
vt 0.7704 0.1638 0.0000
vt 0.5673 0.1638 0.0000
vt 0.3334 0.5483 0.0000
vt 0.3133 0.5814 0.0000
vt 0.2302 0.5814 0.0000
vt 0.2302 0.7182 0.0000
vt 0.3133 0.7182 0.0000
vt 0.3334 0.7513 0.0000
vt 0.2101 0.7513 0.0000
vt 0.2101 0.5483 0.0000
vt 0.9817 0.1339 0.0000
vt 0.9964 0.1339 0.0000
vt 0.9964 0.1776 0.0000
vt 0.9817 0.1776 0.0000
vt 0.0342 0.1815 0.0000
vt 0.0342 0.2380 0.0000
vt 0.0196 0.2380 0.0000
vt 0.0196 0.1815 0.0000
vt 0.3929 0.3471 0.0000
vt 0.4167 0.3471 0.0000
vt 0.4376 0.3471 0.0000
vt 0.4142 0.1937 0.0000
vt 0.3887 0.1937 0.0000
vt 0.3574 0.1937 0.0000
vt 0.3241 0.1937 0.0000
vt 0.2928 0.1937 0.0000
vt 0.2672 0.1937 0.0000
vt 0.3482 0.2804 0.0000
vt 0.3691 0.2804 0.0000
vt 0.3929 0.2804 0.0000
vt 0.4167 0.2804 0.0000
vt 0.4376 0.2804 0.0000
vt 0.4142 0.2270 0.0000
vt 0.3887 0.2270 0.0000
vt 0.3574 0.2270 0.0000
vt 0.3241 0.2270 0.0000
vt 0.2928 0.2270 0.0000
vt 0.2672 0.2270 0.0000
vt 0.3482 0.3471 0.0000
vt 0.3691 0.3471 0.0000
vt 0.4959 0.5483 0.0000
vt 0.4959 0.7504 0.0000
vt 0.4197 0.7504 0.0000
vt 0.4197 0.5483 0.0000
vt 0.6266 0.3958 0.0000
vt 0.6266 0.4117 0.0000
vt 0.5435 0.4117 0.0000
vt 0.5435 0.3958 0.0000
vt 0.2164 0.2040 0.0000
vt 0.2006 0.2040 0.0000
vt 0.2006 0.0672 0.0000
vt 0.2164 0.0672 0.0000
vt 0.4361 0.3720 0.0000
vt 0.4361 0.3878 0.0000
vt 0.3530 0.3878 0.0000
vt 0.3530 0.3720 0.0000
vt 0.9928 0.9852 0.0000
vt 0.9769 0.9852 0.0000
vt 0.9769 0.8483 0.0000
vt 0.9928 0.8483 0.0000
vt 0.4167 0.3387 0.0000
vt 0.3929 0.3387 0.0000
vt 0.4376 0.3387 0.0000
vt 0.3887 0.2021 0.0000
vt 0.4142 0.2021 0.0000
vt 0.3574 0.2021 0.0000
vt 0.3241 0.2021 0.0000
vt 0.2928 0.2021 0.0000
vt 0.2672 0.2021 0.0000
vt 0.3691 0.2720 0.0000
vt 0.3482 0.2720 0.0000
vt 0.3929 0.2720 0.0000
vt 0.4167 0.2720 0.0000
vt 0.4376 0.2720 0.0000
vt 0.4142 0.2354 0.0000
vt 0.3887 0.2354 0.0000
vt 0.3586 0.2354 0.0000
vt 0.3615 0.2357 0.0000
vt 0.3574 0.2357 0.0000
vt 0.3501 0.2357 0.0000
vt 0.3552 0.2354 0.0000
vt 0.3254 0.2354 0.0000
vt 0.3305 0.2357 0.0000
vt 0.3241 0.2357 0.0000
vt 0.3204 0.2357 0.0000
vt 0.3233 0.2354 0.0000
vt 0.2928 0.2354 0.0000
vt 0.2672 0.2354 0.0000
vt 0.3691 0.3387 0.0000
vt 0.3482 0.3387 0.0000
vt 0.8600 0.3101 0.0000
vt 0.8434 0.3375 0.0000
vt 0.7935 0.3375 0.0000
vt 0.7935 0.4196 0.0000
vt 0.8434 0.4196 0.0000
vt 0.8600 0.4470 0.0000
vt 0.7769 0.4470 0.0000
vt 0.7769 0.3101 0.0000
vt 0.0993 0.2602 0.0000
vt 0.0821 0.2504 0.0000
vt 0.0674 0.2348 0.0000
vt 0.0560 0.2145 0.0000
vt 0.0489 0.1908 0.0000
vt 0.0483 0.1837 0.0000
vt 0.0562 0.2137 0.0000
vt 0.0717 0.2393 0.0000
vt 0.0926 0.2559 0.0000
vt 0.1164 0.2617 0.0000
vt 0.1402 0.2559 0.0000
vt 0.1611 0.2393 0.0000
vt 0.1767 0.2137 0.0000
vt 0.1849 0.1824 0.0000
vt 0.1849 0.1491 0.0000
vt 0.1767 0.1178 0.0000
vt 0.1611 0.0923 0.0000
vt 0.1402 0.0756 0.0000
vt 0.1164 0.0699 0.0000
vt 0.0926 0.0756 0.0000
vt 0.0717 0.0923 0.0000
vt 0.0562 0.1178 0.0000
vt 0.0481 0.1484 0.0000
vt 0.0489 0.1400 0.0000
vt 0.0560 0.1163 0.0000
vt 0.0674 0.0959 0.0000
vt 0.0821 0.0803 0.0000
vt 0.0993 0.0705 0.0000
vt 0.1177 0.0672 0.0000
vt 0.1361 0.0705 0.0000
vt 0.1533 0.0803 0.0000
vt 0.1680 0.0959 0.0000
vt 0.1794 0.1163 0.0000
vt 0.1865 0.1400 0.0000
vt 0.1889 0.1654 0.0000
vt 0.1865 0.1908 0.0000
vt 0.1794 0.2145 0.0000
vt 0.1680 0.2348 0.0000
vt 0.1533 0.2504 0.0000
vt 0.1361 0.2602 0.0000
vt 0.1177 0.2635 0.0000
vt 0.8439 0.0955 0.0000
vt 0.8468 0.0808 0.0000
vt 0.8463 0.0859 0.0000
vt 0.8486 0.0746 0.0000
vt 0.8475 0.0775 0.0000
vt 0.8489 0.0704 0.0000
vt 0.8621 0.0769 0.0000
vt 0.8580 0.0970 0.0000
vt 0.8471 0.0786 0.0000
vt 0.1018 0.9960 0.0000
vt 0.0869 0.9974 0.0000
vt 0.0719 0.9960 0.0000
vt 0.8436 0.1210 0.0000
vt 0.8437 0.1125 0.0000
vt 0.8441 0.1155 0.0000
vt 0.8442 0.1053 0.0000
vt 0.8437 0.1104 0.0000
vt 0.8578 0.1174 0.0000
vt 0.8436 0.1118 0.0000
vt 0.1218 0.9865 0.0000
vt 0.1218 0.9947 0.0000
vt 0.0719 0.9947 0.0000
vt 0.0719 0.9865 0.0000
vt 0.7542 0.7531 0.0000
vt 0.7542 0.7613 0.0000
vt 0.6721 0.7613 0.0000
vt 0.6721 0.7531 0.0000
vt 0.0551 0.9865 0.0000
vt 0.0551 0.9947 0.0000
vt 0.0053 0.9947 0.0000
vt 0.0053 0.9865 0.0000
vt 0.3017 0.7531 0.0000
vt 0.3017 0.7613 0.0000
vt 0.2196 0.7613 0.0000
vt 0.2196 0.7531 0.0000
vt 0.9062 0.0067 0.0000
vt 0.9249 0.0053 0.0000
vt 0.9229 0.0248 0.0000
vt 0.9079 0.0259 0.0000
vt 0.8881 0.0146 0.0000
vt 0.8981 0.0109 0.0000
vt 0.8999 0.0101 0.0000
vt 0.8992 0.0102 0.0000
vt 0.8934 0.0323 0.0000
vt 0.8718 0.0286 0.0000
vt 0.8753 0.0264 0.0000
vt 0.8795 0.0228 0.0000
vt 0.8767 0.0246 0.0000
vt 0.8804 0.0435 0.0000
vt 0.8585 0.0476 0.0000
vt 0.8697 0.0587 0.0000
vt 0.8589 0.0480 0.0000
vt 0.8595 0.0472 0.0000
vt 0.8588 0.0480 0.0000
vt 0.8585 0.0484 0.0000
vt 0.8569 0.0527 0.0000
vt 0.8482 0.1453 0.0000
vt 0.8615 0.1368 0.0000
vt 0.8573 0.1667 0.0000
vt 0.8688 0.1539 0.0000
vt 0.8704 0.1837 0.0000
vt 0.8792 0.1676 0.0000
vt 0.8864 0.1953 0.0000
vt 0.8921 0.1768 0.0000
vt 0.9044 0.2005 0.0000
vt 0.9064 0.1810 0.0000
vt 0.9231 0.1991 0.0000
vt 0.9214 0.1799 0.0000
vt 0.9412 0.1912 0.0000
vt 0.9359 0.1735 0.0000
vt 0.9575 0.1772 0.0000
vt 0.9489 0.1624 0.0000
vt 0.9708 0.1582 0.0000
vt 0.9596 0.1471 0.0000
vt 0.9804 0.1354 0.0000
vt 0.9672 0.1289 0.0000
vt 0.9855 0.1103 0.0000
vt 0.9713 0.1089 0.0000
vt 0.9857 0.0848 0.0000
vt 0.9715 0.0884 0.0000
vt 0.9811 0.0605 0.0000
vt 0.9678 0.0690 0.0000
vt 0.9720 0.0391 0.0000
vt 0.9605 0.0519 0.0000
vt 0.9589 0.0221 0.0000
vt 0.9501 0.0382 0.0000
vt 0.9429 0.0105 0.0000
vt 0.9372 0.0290 0.0000
vt 0.8752 0.0834 0.0000
vt 0.8722 0.0984 0.0000
vt 0.8720 0.1138 0.0000
vt 0.3361 0.2720 0.0000
vt 0.3361 0.3541 0.0000
vt 0.2863 0.3541 0.0000
vt 0.2863 0.2720 0.0000
vt 0.9208 0.0443 0.0000
vt 0.9096 0.0452 0.0000
vt 0.8987 0.0499 0.0000
vt 0.8890 0.0583 0.0000
vt 0.8809 0.0697 0.0000
vt 0.8748 0.1283 0.0000
vt 0.8803 0.1412 0.0000
vt 0.8881 0.1514 0.0000
vt 0.8977 0.1583 0.0000
vt 0.9085 0.1615 0.0000
vt 0.9197 0.1607 0.0000
vt 0.9306 0.1559 0.0000
vt 0.9403 0.1475 0.0000
vt 0.9484 0.1361 0.0000
vt 0.9541 0.1224 0.0000
vt 0.9571 0.1074 0.0000
vt 0.9573 0.0921 0.0000
vt 0.9545 0.0775 0.0000
vt 0.9491 0.0646 0.0000
vt 0.9412 0.0544 0.0000
vt 0.9316 0.0475 0.0000
vt 0.8884 0.0899 0.0000
vt 0.8863 0.0999 0.0000
vt 0.8862 0.1101 0.0000
vt 0.9188 0.0638 0.0000
vt 0.9113 0.0644 0.0000
vt 0.9041 0.0676 0.0000
vt 0.8975 0.0732 0.0000
vt 0.8922 0.0808 0.0000
vt 0.8881 0.1199 0.0000
vt 0.8917 0.1284 0.0000
vt 0.8969 0.1352 0.0000
vt 0.9034 0.1399 0.0000
vt 0.9106 0.1420 0.0000
vt 0.9180 0.1414 0.0000
vt 0.9253 0.1382 0.0000
vt 0.9318 0.1326 0.0000
vt 0.9371 0.1250 0.0000
vt 0.9410 0.1159 0.0000
vt 0.9430 0.1059 0.0000
vt 0.9431 0.0957 0.0000
vt 0.9412 0.0860 0.0000
vt 0.9376 0.0774 0.0000
vt 0.9324 0.0706 0.0000
vt 0.9260 0.0660 0.0000
vt 0.9015 0.0964 0.0000
vt 0.9005 0.1014 0.0000
vt 0.9004 0.1065 0.0000
vt 0.9167 0.0834 0.0000
vt 0.9130 0.0837 0.0000
vt 0.9094 0.0852 0.0000
vt 0.9061 0.0880 0.0000
vt 0.9034 0.0919 0.0000
vt 0.9014 0.1114 0.0000
vt 0.9032 0.1157 0.0000
vt 0.9058 0.1191 0.0000
vt 0.9090 0.1214 0.0000
vt 0.9126 0.1224 0.0000
vt 0.9163 0.1222 0.0000
vt 0.9200 0.1206 0.0000
vt 0.9232 0.1178 0.0000
vt 0.9259 0.1140 0.0000
vt 0.9278 0.1094 0.0000
vt 0.9288 0.1044 0.0000
vt 0.9289 0.0993 0.0000
vt 0.9279 0.0944 0.0000
vt 0.9261 0.0901 0.0000
vt 0.9235 0.0867 0.0000
vt 0.9203 0.0844 0.0000
vt 0.9147 0.1029 0.0000
vt 0.2159 0.4453 0.0000
vt 0.2325 0.4244 0.0000
vt 0.2580 0.4089 0.0000
vt 0.2893 0.4006 0.0000
vt 0.3227 0.4006 0.0000
vt 0.3540 0.4089 0.0000
vt 0.3795 0.4244 0.0000
vt 0.3961 0.4453 0.0000
vt 0.4019 0.4691 0.0000
vt 0.3961 0.4929 0.0000
vt 0.3795 0.5138 0.0000
vt 0.3540 0.5293 0.0000
vt 0.3227 0.5376 0.0000
vt 0.2893 0.5376 0.0000
vt 0.2580 0.5293 0.0000
vt 0.2325 0.5138 0.0000
vt 0.2159 0.4929 0.0000
vt 0.2101 0.4691 0.0000
vt 0.6644 0.9865 0.0000
vt 0.6882 0.9865 0.0000
vt 0.6882 0.9951 0.0000
vt 0.6644 0.9951 0.0000
vt 0.6435 0.9865 0.0000
vt 0.6435 0.9951 0.0000
vt 0.5602 0.9865 0.0000
vt 0.5857 0.9865 0.0000
vt 0.5857 0.9951 0.0000
vt 0.5602 0.9951 0.0000
vt 0.5288 0.9865 0.0000
vt 0.5288 0.9951 0.0000
vt 0.4955 0.9865 0.0000
vt 0.4955 0.9951 0.0000
vt 0.4642 0.9865 0.0000
vt 0.4642 0.9951 0.0000
vt 0.4387 0.9865 0.0000
vt 0.4387 0.9951 0.0000
vt 0.8120 0.9865 0.0000
vt 0.8330 0.9865 0.0000
vt 0.8330 0.9951 0.0000
vt 0.8120 0.9951 0.0000
vt 0.7883 0.9865 0.0000
vt 0.7883 0.9951 0.0000
vt 0.7645 0.9865 0.0000
vt 0.7645 0.9951 0.0000
vt 0.7435 0.9865 0.0000
vt 0.7435 0.9951 0.0000
vt 0.2744 0.9865 0.0000
vt 0.2999 0.9865 0.0000
vt 0.2999 0.9951 0.0000
vt 0.2744 0.9951 0.0000
vt 0.2431 0.9865 0.0000
vt 0.2431 0.9951 0.0000
vt 0.2097 0.9865 0.0000
vt 0.2097 0.9951 0.0000
vt 0.1784 0.9865 0.0000
vt 0.1784 0.9951 0.0000
vt 0.1529 0.9865 0.0000
vt 0.1529 0.9951 0.0000
vt 0.7120 0.9865 0.0000
vt 0.7329 0.9865 0.0000
vt 0.7329 0.9951 0.0000
vt 0.7120 0.9951 0.0000
vt 0.6644 0.9994 0.0000
vt 0.6882 0.9994 0.0000
vt 0.6435 0.9994 0.0000
vt 0.5602 0.9994 0.0000
vt 0.5857 0.9994 0.0000
vt 0.5288 0.9994 0.0000
vt 0.4955 0.9994 0.0000
vt 0.4642 0.9994 0.0000
vt 0.4387 0.9994 0.0000
vt 0.8120 0.9994 0.0000
vt 0.8330 0.9994 0.0000
vt 0.7883 0.9994 0.0000
vt 0.7645 0.9994 0.0000
vt 0.7435 0.9994 0.0000
vt 0.2744 0.9994 0.0000
vt 0.2999 0.9994 0.0000
vt 0.2431 0.9994 0.0000
vt 0.2097 0.9994 0.0000
vt 0.1784 0.9994 0.0000
vt 0.1529 0.9994 0.0000
vt 0.7120 0.9994 0.0000
vt 0.7329 0.9994 0.0000
vt 0.8308 0.1024 0.0000
vt 0.8264 0.1024 0.0000
vt 0.8264 0.0786 0.0000
vt 0.8308 0.0786 0.0000
vt 0.8308 0.1262 0.0000
vt 0.8264 0.1262 0.0000
vt 0.8178 0.1024 0.0000
vt 0.8178 0.0786 0.0000
vt 0.8264 0.0577 0.0000
vt 0.8308 0.0577 0.0000
vt 0.8308 0.1471 0.0000
vt 0.8264 0.1471 0.0000
vt 0.8178 0.1262 0.0000
vt 0.8178 0.0577 0.0000
vt 0.8091 0.1024 0.0000
vt 0.8091 0.0786 0.0000
vt 0.4142 0.2387 0.0000
vt 0.4142 0.2430 0.0000
vt 0.3887 0.2430 0.0000
vt 0.3887 0.2387 0.0000
vt 0.9737 0.8643 0.0000
vt 0.9693 0.8643 0.0000
vt 0.9693 0.8388 0.0000
vt 0.9737 0.8388 0.0000
vt 0.8178 0.1471 0.0000
vt 0.8091 0.1262 0.0000
vt 0.4142 0.2517 0.0000
vt 0.3887 0.2517 0.0000
vt 0.8091 0.0577 0.0000
vt 0.8007 0.1024 0.0000
vt 0.8007 0.0786 0.0000
vt 0.3574 0.2430 0.0000
vt 0.3574 0.2387 0.0000
vt 0.9737 0.8956 0.0000
vt 0.9693 0.8956 0.0000
vt 0.9607 0.8643 0.0000
vt 0.9607 0.8388 0.0000
vt 0.8091 0.1471 0.0000
vt 0.8007 0.1262 0.0000
vt 0.3574 0.2517 0.0000
vt 0.4142 0.2604 0.0000
vt 0.3887 0.2604 0.0000
vt 0.8007 0.0577 0.0000
vt 0.7522 0.5564 0.0000
vt 0.7694 0.5662 0.0000
vt 0.7841 0.5818 0.0000
vt 0.7954 0.6021 0.0000
vt 0.8025 0.6258 0.0000
vt 0.8032 0.6329 0.0000
vt 0.7953 0.6028 0.0000
vt 0.7798 0.5773 0.0000
vt 0.7588 0.5606 0.0000
vt 0.7350 0.5549 0.0000
vt 0.7112 0.5606 0.0000
vt 0.6903 0.5773 0.0000
vt 0.6748 0.6028 0.0000
vt 0.6665 0.6341 0.0000
vt 0.6665 0.6674 0.0000
vt 0.6748 0.6987 0.0000
vt 0.6903 0.7243 0.0000
vt 0.7112 0.7409 0.0000
vt 0.7350 0.7467 0.0000
vt 0.7588 0.7409 0.0000
vt 0.7798 0.7243 0.0000
vt 0.7953 0.6987 0.0000
vt 0.8033 0.6682 0.0000
vt 0.8025 0.6766 0.0000
vt 0.7954 0.7003 0.0000
vt 0.7841 0.7206 0.0000
vt 0.7694 0.7362 0.0000
vt 0.7522 0.7460 0.0000
vt 0.7338 0.7494 0.0000
vt 0.7153 0.7460 0.0000
vt 0.6982 0.7362 0.0000
vt 0.6834 0.7206 0.0000
vt 0.6721 0.7003 0.0000
vt 0.6650 0.6766 0.0000
vt 0.6626 0.6512 0.0000
vt 0.6650 0.6258 0.0000
vt 0.6721 0.6021 0.0000
vt 0.6834 0.5818 0.0000
vt 0.6982 0.5662 0.0000
vt 0.7153 0.5564 0.0000
vt 0.7338 0.5530 0.0000
vt 0.3241 0.2430 0.0000
vt 0.3241 0.2387 0.0000
vt 0.9737 0.9289 0.0000
vt 0.9693 0.9289 0.0000
vt 0.9607 0.8956 0.0000
vt 0.9520 0.8643 0.0000
vt 0.9520 0.8388 0.0000
vt 0.8007 0.1471 0.0000
vt 0.3241 0.2517 0.0000
vt 0.3574 0.2604 0.0000
vt 0.4142 0.2688 0.0000
vt 0.3887 0.2688 0.0000
vt 0.0210 0.4039 0.0000
vt 0.0196 0.3852 0.0000
vt 0.0391 0.3872 0.0000
vt 0.0402 0.4022 0.0000
vt 0.0289 0.4220 0.0000
vt 0.0252 0.4120 0.0000
vt 0.0244 0.4102 0.0000
vt 0.0245 0.4109 0.0000
vt 0.0466 0.4167 0.0000
vt 0.0429 0.4383 0.0000
vt 0.0407 0.4348 0.0000
vt 0.0371 0.4306 0.0000
vt 0.0389 0.4334 0.0000
vt 0.0578 0.4297 0.0000
vt 0.0619 0.4516 0.0000
vt 0.0730 0.4404 0.0000
vt 0.0623 0.4512 0.0000
vt 0.0615 0.4506 0.0000
vt 0.0623 0.4513 0.0000
vt 0.0847 0.4612 0.0000
vt 0.0627 0.4516 0.0000
vt 0.0670 0.4532 0.0000
vt 0.0912 0.4480 0.0000
vt 0.1098 0.4662 0.0000
vt 0.0951 0.4633 0.0000
vt 0.1002 0.4638 0.0000
vt 0.0889 0.4615 0.0000
vt 0.0917 0.4626 0.0000
vt 0.1112 0.4521 0.0000
vt 0.3586 0.2688 0.0000
vt 0.3615 0.2690 0.0000
vt 0.3574 0.2690 0.0000
vt 0.9436 0.8388 0.0000
vt 0.9436 0.8643 0.0000
vt 0.9520 0.8956 0.0000
vt 0.9436 0.8956 0.0000
vt 0.9520 0.9289 0.0000
vt 0.9436 0.9289 0.0000
vt 0.9520 0.9603 0.0000
vt 0.9436 0.9603 0.0000
vt 0.9520 0.9858 0.0000
vt 0.9436 0.9858 0.0000
vt 0.3482 0.3355 0.0000
vt 0.3482 0.3270 0.0000
vt 0.3691 0.3270 0.0000
vt 0.3691 0.3355 0.0000
vt 0.3929 0.3270 0.0000
vt 0.3929 0.3355 0.0000
vt 0.4167 0.3270 0.0000
vt 0.4167 0.3355 0.0000
vt 0.4376 0.3270 0.0000
vt 0.4376 0.3355 0.0000
vt 0.2672 0.2688 0.0000
vt 0.2672 0.2604 0.0000
vt 0.2928 0.2604 0.0000
vt 0.2928 0.2688 0.0000
vt 0.3241 0.2604 0.0000
vt 0.3241 0.2690 0.0000
vt 0.3204 0.2690 0.0000
vt 0.3233 0.2688 0.0000
vt 0.1353 0.4665 0.0000
vt 0.1268 0.4664 0.0000
vt 0.1298 0.4660 0.0000
vt 0.1196 0.4659 0.0000
vt 0.1247 0.4664 0.0000
vt 0.1317 0.4523 0.0000
vt 0.1596 0.4619 0.0000
vt 0.1511 0.4486 0.0000
vt 0.1810 0.4528 0.0000
vt 0.1682 0.4413 0.0000
vt 0.1980 0.4397 0.0000
vt 0.1819 0.4309 0.0000
vt 0.2096 0.4237 0.0000
vt 0.1911 0.4180 0.0000
vt 0.2148 0.4057 0.0000
vt 0.1953 0.4037 0.0000
vt 0.2134 0.3870 0.0000
vt 0.1942 0.3887 0.0000
vt 0.2055 0.3689 0.0000
vt 0.1878 0.3742 0.0000
vt 0.1915 0.3526 0.0000
vt 0.1766 0.3612 0.0000
vt 0.1725 0.3393 0.0000
vt 0.1614 0.3505 0.0000
vt 0.1497 0.3297 0.0000
vt 0.1432 0.3429 0.0000
vt 0.1246 0.3246 0.0000
vt 0.1231 0.3388 0.0000
vt 0.0991 0.3244 0.0000
vt 0.1027 0.3386 0.0000
vt 0.0748 0.3290 0.0000
vt 0.0833 0.3423 0.0000
vt 0.0534 0.3381 0.0000
vt 0.0662 0.3496 0.0000
vt 0.0364 0.3512 0.0000
vt 0.0525 0.3600 0.0000
vt 0.0248 0.3672 0.0000
vt 0.0433 0.3728 0.0000
vt 0.2928 0.2430 0.0000
vt 0.2928 0.2387 0.0000
vt 0.9737 0.9603 0.0000
vt 0.9693 0.9603 0.0000
vt 0.9607 0.9289 0.0000
vt 0.2928 0.2517 0.0000
vt 0.0586 0.3893 0.0000
vt 0.0595 0.4005 0.0000
vt 0.0642 0.4114 0.0000
vt 0.0726 0.4211 0.0000
vt 0.0840 0.4292 0.0000
vt 0.0977 0.4349 0.0000
vt 0.0351 0.9960 0.0000
vt 0.0202 0.9974 0.0000
vt 0.0053 0.9960 0.0000
vt 0.3501 0.2690 0.0000
vt 0.3552 0.2688 0.0000
vt 0.3254 0.2688 0.0000
vt 0.3305 0.2690 0.0000
vt 0.0929 0.4630 0.0000
vt 0.1127 0.4379 0.0000
vt 0.9607 0.9603 0.0000
vt 0.9607 0.9858 0.0000
vt 0.3482 0.3184 0.0000
vt 0.3691 0.3184 0.0000
vt 0.3929 0.3184 0.0000
vt 0.4167 0.3184 0.0000
vt 0.4376 0.3184 0.0000
vt 0.2672 0.2517 0.0000
vt 0.1261 0.4665 0.0000
vt 0.1280 0.4381 0.0000
vt 0.1426 0.4353 0.0000
vt 0.1555 0.4298 0.0000
vt 0.1657 0.4220 0.0000
vt 0.1726 0.4124 0.0000
vt 0.1758 0.4016 0.0000
vt 0.1749 0.3904 0.0000
vt 0.1702 0.3795 0.0000
vt 0.1618 0.3698 0.0000
vt 0.1504 0.3617 0.0000
vt 0.1367 0.3560 0.0000
vt 0.1217 0.3530 0.0000
vt 0.1063 0.3528 0.0000
vt 0.0918 0.3556 0.0000
vt 0.0789 0.3610 0.0000
vt 0.0687 0.3689 0.0000
vt 0.0618 0.3785 0.0000
vt 0.2672 0.2430 0.0000
vt 0.2672 0.2387 0.0000
vt 0.9737 0.9858 0.0000
vt 0.9693 0.9858 0.0000
vt 0.0781 0.3913 0.0000
vt 0.0787 0.3988 0.0000
vt 0.0819 0.4060 0.0000
vt 0.0875 0.4126 0.0000
vt 0.0951 0.4179 0.0000
vt 0.1042 0.4217 0.0000
vt 0.1142 0.4238 0.0000
vt 0.3482 0.3097 0.0000
vt 0.3691 0.3097 0.0000
vt 0.3929 0.3097 0.0000
vt 0.4167 0.3097 0.0000
vt 0.4376 0.3097 0.0000
vt 0.1244 0.4239 0.0000
vt 0.1341 0.4220 0.0000
vt 0.1427 0.4184 0.0000
vt 0.1495 0.4132 0.0000
vt 0.1542 0.4067 0.0000
vt 0.1563 0.3995 0.0000
vt 0.1557 0.3921 0.0000
vt 0.1525 0.3848 0.0000
vt 0.1469 0.3783 0.0000
vt 0.1393 0.3730 0.0000
vt 0.1302 0.3691 0.0000
vt 0.1202 0.3671 0.0000
vt 0.1100 0.3670 0.0000
vt 0.1002 0.3689 0.0000
vt 0.0917 0.3725 0.0000
vt 0.0849 0.3777 0.0000
vt 0.0802 0.3841 0.0000
vt 0.4376 0.3053 0.0000
vt 0.4167 0.3053 0.0000
vt 0.3691 0.3053 0.0000
vt 0.3482 0.3053 0.0000
vt 0.0977 0.3934 0.0000
vt 0.0979 0.3971 0.0000
vt 0.0995 0.4007 0.0000
vt 0.1023 0.4040 0.0000
vt 0.1061 0.4067 0.0000
vt 0.1107 0.4086 0.0000
vt 0.1157 0.4096 0.0000
vt 0.3929 0.3053 0.0000
vt 0.1208 0.4097 0.0000
vt 0.1257 0.4087 0.0000
vt 0.1300 0.4069 0.0000
vt 0.1334 0.4043 0.0000
vt 0.1357 0.4011 0.0000
vt 0.1367 0.3975 0.0000
vt 0.1364 0.3938 0.0000
vt 0.1349 0.3901 0.0000
vt 0.1321 0.3869 0.0000
vt 0.1282 0.3842 0.0000
vt 0.1237 0.3823 0.0000
vt 0.1187 0.3813 0.0000
vt 0.1136 0.3812 0.0000
vt 0.1087 0.3822 0.0000
vt 0.1044 0.3840 0.0000
vt 0.1010 0.3866 0.0000
vt 0.0987 0.3898 0.0000
vt 0.1172 0.3954 0.0000
vt 0.9280 0.4348 0.0000
vt 0.9049 0.4315 0.0000
vt 0.9084 0.4196 0.0000
vt 0.9148 0.4099 0.0000
vt 0.9049 0.4440 0.0000
vt 0.8853 0.4288 0.0000
vt 0.8917 0.4067 0.0000
vt 0.9233 0.4041 0.0000
vt 0.9036 0.3888 0.0000
vt 0.9085 0.4551 0.0000
vt 0.8853 0.4518 0.0000
vt 0.8721 0.4269 0.0000
vt 0.8805 0.3980 0.0000
vt 0.9325 0.4029 0.0000
vt 0.9193 0.3780 0.0000
vt 0.8962 0.3748 0.0000
vt 0.9150 0.4630 0.0000
vt 0.8919 0.4722 0.0000
vt 0.8723 0.4570 0.0000
vt 0.7031 0.3387 0.0000
vt 0.7031 0.3505 0.0000
vt 0.6708 0.3505 0.0000
vt 0.6733 0.3387 0.0000
vt 0.9410 0.4065 0.0000
vt 0.9363 0.3758 0.0000
vt 0.9167 0.3606 0.0000
vt 0.6435 0.3505 0.0000
vt 0.6481 0.3387 0.0000
vt 0.9235 0.4667 0.0000
vt 0.9040 0.4870 0.0000
vt 0.8809 0.4837 0.0000
vt 0.7329 0.3387 0.0000
vt 0.7353 0.3505 0.0000
vt 0.7031 0.3623 0.0000
vt 0.6733 0.3623 0.0000
vt 0.9476 0.4145 0.0000
vt 0.9521 0.3826 0.0000
vt 0.9389 0.3577 0.0000
vt 0.6721 0.5470 0.0000
vt 0.6728 0.5340 0.0000
vt 0.6997 0.5340 0.0000
vt 0.6970 0.5470 0.0000
vt 0.6481 0.3623 0.0000
vt 0.9327 0.4655 0.0000
vt 0.9197 0.4938 0.0000
vt 0.8966 0.5030 0.0000
vt 0.7581 0.3387 0.0000
vt 0.7626 0.3505 0.0000
vt 0.7329 0.3623 0.0000
vt 0.7483 0.2221 0.0000
vt 0.7614 0.2240 0.0000
vt 0.7615 0.2470 0.0000
vt 0.7484 0.2522 0.0000
vt 0.9511 0.4256 0.0000
vt 0.9641 0.3973 0.0000
vt 0.9594 0.3666 0.0000
vt 0.1815 0.2595 0.0000
vt 0.1933 0.2577 0.0000
vt 0.1933 0.2811 0.0000
vt 0.1815 0.2811 0.0000
vt 0.5609 0.4244 0.0000
vt 0.5616 0.4375 0.0000
vt 0.5367 0.4375 0.0000
vt 0.5340 0.4244 0.0000
vt 0.7681 0.2674 0.0000
vt 0.7570 0.2789 0.0000
vt 0.9412 0.4597 0.0000
vt 0.9367 0.4916 0.0000
vt 0.9172 0.5119 0.0000
vt 0.1720 0.0699 0.0000
vt 0.1850 0.0672 0.0000
vt 0.1850 0.0941 0.0000
vt 0.1720 0.0948 0.0000
vt 0.7581 0.3623 0.0000
vt 0.7567 0.1932 0.0000
vt 0.7678 0.2019 0.0000
vt 0.7928 0.2284 0.0000
vt 0.7928 0.2345 0.0000
vt 0.9512 0.4380 0.0000
vt 0.9707 0.4178 0.0000
vt 0.9752 0.3859 0.0000
vt 0.1933 0.3045 0.0000
vt 0.1815 0.3027 0.0000
vt 0.2051 0.2595 0.0000
vt 0.2051 0.2811 0.0000
vt 0.7802 0.2822 0.0000
vt 0.7728 0.2982 0.0000
vt 0.7945 0.2400 0.0000
vt 0.9477 0.4500 0.0000
vt 0.9524 0.4808 0.0000
vt 0.9394 0.5090 0.0000
vt 0.1482 0.2811 0.0000
vt 0.1599 0.2811 0.0000
vt 0.1599 0.3045 0.0000
vt 0.1482 0.3027 0.0000
vt 0.6626 0.7102 0.0000
vt 0.6756 0.7129 0.0000
vt 0.6756 0.7378 0.0000
vt 0.6626 0.7371 0.0000
vt 0.7723 0.1699 0.0000
vt 0.7798 0.1840 0.0000
vt 0.7945 0.2225 0.0000
vt 0.7435 0.4656 0.0000
vt 0.7435 0.4595 0.0000
vt 0.8599 0.4595 0.0000
vt 0.8599 0.4656 0.0000
vt 0.9708 0.4408 0.0000
vt 0.9838 0.4126 0.0000
vt 0.3863 0.5081 0.0000
vt 0.3993 0.5054 0.0000
vt 0.3993 0.5323 0.0000
vt 0.3863 0.5330 0.0000
vt 0.2051 0.3027 0.0000
vt 0.7959 0.2890 0.0000
vt 0.7934 0.3070 0.0000
vt 0.7978 0.2439 0.0000
vt 0.7435 0.4707 0.0000
vt 0.8599 0.4707 0.0000
vt 0.9644 0.4629 0.0000
vt 0.9599 0.4948 0.0000
vt 0.1482 0.2595 0.0000
vt 0.1599 0.2577 0.0000
vt 0.1717 0.2811 0.0000
vt 0.1717 0.3027 0.0000
vt 0.7928 0.1558 0.0000
vt 0.7955 0.1732 0.0000
vt 0.7977 0.2177 0.0000
vt 0.7435 0.4534 0.0000
vt 0.8599 0.4534 0.0000
vt 0.1925 0.4644 0.0000
vt 0.1879 0.4530 0.0000
vt 0.1941 0.4530 0.0000
vt 0.9839 0.4426 0.0000
vt 0.8005 0.7195 0.0000
vt 0.7959 0.7077 0.0000
vt 0.8233 0.7077 0.0000
vt 0.8257 0.7195 0.0000
vt 0.4006 0.5054 0.0000
vt 0.4136 0.5081 0.0000
vt 0.4136 0.5330 0.0000
vt 0.4006 0.5323 0.0000
vt 0.8129 0.2868 0.0000
vt 0.8156 0.3042 0.0000
vt 0.8020 0.2457 0.0000
vt 0.7435 0.4996 0.0000
vt 0.7435 0.4959 0.0000
vt 0.8599 0.4959 0.0000
vt 0.8599 0.4996 0.0000
vt 0.1825 0.4548 0.0000
vt 0.9755 0.4715 0.0000
vt 0.0196 0.3374 0.0000
vt 0.0202 0.3244 0.0000
vt 0.0472 0.3244 0.0000
vt 0.0444 0.3374 0.0000
vt 0.1717 0.2595 0.0000
vt 0.8150 0.1529 0.0000
vt 0.8125 0.1710 0.0000
vt 0.8019 0.2148 0.0000
vt 0.7435 0.4482 0.0000
vt 0.8599 0.4482 0.0000
vt 0.2000 0.4547 0.0000
vt 0.8555 0.7077 0.0000
vt 0.8555 0.7195 0.0000
vt 0.8005 0.6959 0.0000
vt 0.8257 0.6959 0.0000
vt 0.8286 0.2759 0.0000
vt 0.8360 0.2900 0.0000
vt 0.8065 0.2452 0.0000
vt 0.7435 0.5040 0.0000
vt 0.8599 0.5040 0.0000
vt 0.1785 0.4580 0.0000
vt 0.8853 0.7195 0.0000
vt 0.8877 0.7077 0.0000
vt 0.9151 0.7077 0.0000
vt 0.9105 0.7195 0.0000
vt 0.0250 0.4613 0.0000
vt 0.0243 0.4482 0.0000
vt 0.0492 0.4482 0.0000
vt 0.0519 0.4613 0.0000
vt 0.8356 0.1618 0.0000
vt 0.8282 0.1778 0.0000
vt 0.8064 0.2142 0.0000
vt 0.6721 0.6551 0.0000
vt 0.6721 0.6513 0.0000
vt 0.7885 0.6513 0.0000
vt 0.7885 0.6551 0.0000
vt 0.2048 0.4579 0.0000
vt 0.8555 0.6959 0.0000
vt 0.8405 0.2581 0.0000
vt 0.8517 0.2667 0.0000
vt 0.8107 0.2423 0.0000
vt 0.7435 0.5084 0.0000
vt 0.8599 0.5084 0.0000
vt 0.1767 0.4622 0.0000
vt 0.8853 0.6959 0.0000
vt 0.9105 0.6959 0.0000
vt 0.8514 0.1810 0.0000
vt 0.8403 0.1925 0.0000
vt 0.8106 0.2160 0.0000
vt 0.6721 0.6469 0.0000
vt 0.7885 0.6469 0.0000
vt 0.2077 0.4621 0.0000
vt 0.8470 0.2360 0.0000
vt 0.8601 0.2378 0.0000
vt 0.8139 0.2375 0.0000
vt 0.7435 0.5122 0.0000
vt 0.8599 0.5122 0.0000
vt 0.1773 0.4667 0.0000
vt 0.8600 0.2077 0.0000
vt 0.8469 0.2130 0.0000
vt 0.8138 0.2200 0.0000
vt 0.6721 0.6425 0.0000
vt 0.7885 0.6425 0.0000
vt 0.2083 0.4666 0.0000
vt 0.8156 0.2316 0.0000
vt 0.8599 0.4894 0.0000
vt 0.8599 0.4946 0.0000
vt 0.7435 0.4946 0.0000
vt 0.7435 0.4894 0.0000
vt 0.1802 0.4709 0.0000
vt 0.8156 0.2254 0.0000
vt 0.6721 0.6388 0.0000
vt 0.7885 0.6388 0.0000
vt 0.2064 0.4708 0.0000
vt 0.8599 0.4833 0.0000
vt 0.7435 0.4833 0.0000
vt 0.1850 0.4741 0.0000
vt 0.8599 0.4720 0.0000
vt 0.8599 0.4772 0.0000
vt 0.7435 0.4772 0.0000
vt 0.7435 0.4720 0.0000
vt 0.2025 0.4741 0.0000
vt 0.1909 0.4759 0.0000
vt 0.1970 0.4758 0.0000
vt 0.6396 0.4803 0.0000
vt 0.6364 0.5034 0.0000
vt 0.6244 0.5000 0.0000
vt 0.6147 0.4935 0.0000
vt 0.6488 0.5034 0.0000
vt 0.6336 0.5231 0.0000
vt 0.6115 0.5166 0.0000
vt 0.6089 0.4850 0.0000
vt 0.5937 0.5047 0.0000
vt 0.6599 0.4998 0.0000
vt 0.6566 0.5230 0.0000
vt 0.6318 0.5362 0.0000
vt 0.6029 0.5278 0.0000
vt 0.6077 0.4758 0.0000
vt 0.5828 0.4890 0.0000
vt 0.5796 0.5122 0.0000
vt 0.6679 0.4933 0.0000
vt 0.6771 0.5164 0.0000
vt 0.6618 0.5361 0.0000
vt 0.7031 0.3673 0.0000
vt 0.7031 0.3790 0.0000
vt 0.6708 0.3790 0.0000
vt 0.6733 0.3673 0.0000
vt 0.6114 0.4673 0.0000
vt 0.5806 0.4720 0.0000
vt 0.5654 0.4917 0.0000
vt 0.6435 0.3790 0.0000
vt 0.6481 0.3673 0.0000
vt 0.6715 0.4848 0.0000
vt 0.6918 0.5043 0.0000
vt 0.6885 0.5275 0.0000
vt 0.7329 0.3673 0.0000
vt 0.7353 0.3790 0.0000
vt 0.7031 0.3908 0.0000
vt 0.6733 0.3908 0.0000
vt 0.6193 0.4608 0.0000
vt 0.5874 0.4563 0.0000
vt 0.5625 0.4695 0.0000
vt 0.9950 0.3244 0.0000
vt 0.9944 0.3374 0.0000
vt 0.9674 0.3374 0.0000
vt 0.9701 0.3244 0.0000
vt 0.6481 0.3908 0.0000
vt 0.6703 0.4756 0.0000
vt 0.6986 0.4886 0.0000
vt 0.7078 0.5117 0.0000
vt 0.7581 0.3673 0.0000
vt 0.7626 0.3790 0.0000
vt 0.7329 0.3908 0.0000
vt 0.9839 0.5998 0.0000
vt 0.9708 0.5980 0.0000
vt 0.9707 0.5750 0.0000
vt 0.9838 0.5697 0.0000
vt 0.6304 0.4572 0.0000
vt 0.6022 0.4442 0.0000
vt 0.5714 0.4489 0.0000
vt 0.4310 0.4194 0.0000
vt 0.4292 0.4076 0.0000
vt 0.4526 0.4076 0.0000
vt 0.4526 0.4194 0.0000
vt 0.5441 0.5327 0.0000
vt 0.5435 0.5197 0.0000
vt 0.5684 0.5197 0.0000
vt 0.5711 0.5327 0.0000
vt 0.9641 0.5545 0.0000
vt 0.9752 0.5430 0.0000
vt 0.6645 0.4671 0.0000
vt 0.6964 0.4716 0.0000
vt 0.7167 0.4911 0.0000
vt 0.8891 0.9995 0.0000
vt 0.8864 0.9865 0.0000
vt 0.9134 0.9865 0.0000
vt 0.9140 0.9995 0.0000
vt 0.7581 0.3908 0.0000
vt 0.9755 0.6287 0.0000
vt 0.9644 0.6201 0.0000
vt 0.9395 0.5936 0.0000
vt 0.9394 0.5874 0.0000
vt 0.6429 0.4572 0.0000
vt 0.6226 0.4376 0.0000
vt 0.5907 0.4331 0.0000
vt 0.4759 0.4076 0.0000
vt 0.4741 0.4194 0.0000
vt 0.4310 0.3958 0.0000
vt 0.4526 0.3958 0.0000
vt 0.9521 0.5398 0.0000
vt 0.9594 0.5238 0.0000
vt 0.9377 0.5820 0.0000
vt 0.6548 0.4606 0.0000
vt 0.6856 0.4559 0.0000
vt 0.7138 0.4689 0.0000
vt 0.9674 0.7383 0.0000
vt 0.9792 0.7383 0.0000
vt 0.9792 0.7617 0.0000
vt 0.9674 0.7599 0.0000
vt 0.8483 0.9995 0.0000
vt 0.8510 0.9865 0.0000
vt 0.8759 0.9865 0.0000
vt 0.8753 0.9995 0.0000
vt 0.9599 0.6520 0.0000
vt 0.9524 0.6379 0.0000
vt 0.9377 0.5995 0.0000
vt 0.5942 0.3788 0.0000
vt 0.5881 0.3788 0.0000
vt 0.5881 0.2625 0.0000
vt 0.5942 0.2625 0.0000
vt 0.6456 0.4375 0.0000
vt 0.6174 0.4245 0.0000
vt 0.3461 0.5470 0.0000
vt 0.3434 0.5340 0.0000
vt 0.3704 0.5340 0.0000
vt 0.3710 0.5470 0.0000
vt 0.4741 0.3958 0.0000
vt 0.9363 0.5330 0.0000
vt 0.9389 0.5149 0.0000
vt 0.9344 0.5780 0.0000
vt 0.5993 0.3788 0.0000
vt 0.5993 0.2625 0.0000
vt 0.6677 0.4440 0.0000
vt 0.6997 0.4484 0.0000
vt 0.9674 0.7167 0.0000
vt 0.9792 0.7150 0.0000
vt 0.9910 0.7383 0.0000
vt 0.9910 0.7599 0.0000
vt 0.9394 0.6662 0.0000
vt 0.9367 0.6488 0.0000
vt 0.9345 0.6043 0.0000
vt 0.5820 0.3788 0.0000
vt 0.5820 0.2625 0.0000
vt 0.0167 0.4354 0.0000
vt 0.0281 0.4309 0.0000
vt 0.0281 0.4370 0.0000
vt 0.6475 0.4244 0.0000
vt 0.8005 0.7528 0.0000
vt 0.7959 0.7410 0.0000
vt 0.8233 0.7410 0.0000
vt 0.8257 0.7528 0.0000
vt 0.2101 0.5054 0.0000
vt 0.2231 0.5081 0.0000
vt 0.2231 0.5330 0.0000
vt 0.2101 0.5323 0.0000
vt 0.9193 0.5352 0.0000
vt 0.9167 0.5178 0.0000
vt 0.9302 0.5762 0.0000
vt 0.6139 0.3931 0.0000
vt 0.6102 0.3931 0.0000
vt 0.6102 0.2768 0.0000
vt 0.6139 0.2768 0.0000
vt 0.0263 0.4254 0.0000
vt 0.6764 0.4328 0.0000
vt 0.8852 0.2234 0.0000
vt 0.8721 0.2227 0.0000
vt 0.8721 0.1958 0.0000
vt 0.8852 0.1985 0.0000
vt 0.9910 0.7167 0.0000
vt 0.9172 0.6690 0.0000
vt 0.9197 0.6510 0.0000
vt 0.9304 0.6072 0.0000
vt 0.5768 0.3788 0.0000
vt 0.5768 0.2625 0.0000
vt 0.0264 0.4429 0.0000
vt 0.8555 0.7410 0.0000
vt 0.8555 0.7528 0.0000
vt 0.8005 0.7293 0.0000
vt 0.8257 0.7293 0.0000
vt 0.9036 0.5460 0.0000
vt 0.8962 0.5319 0.0000
vt 0.9257 0.5768 0.0000
vt 0.6183 0.3931 0.0000
vt 0.6183 0.2768 0.0000
vt 0.0231 0.4215 0.0000
vt 0.8853 0.7528 0.0000
vt 0.8877 0.7410 0.0000
vt 0.9151 0.7410 0.0000
vt 0.9105 0.7528 0.0000
vt 0.5156 0.5470 0.0000
vt 0.5149 0.5340 0.0000
vt 0.5398 0.5340 0.0000
vt 0.5425 0.5470 0.0000
vt 0.8966 0.6602 0.0000
vt 0.9040 0.6442 0.0000
vt 0.9258 0.6077 0.0000
vt 0.1454 0.2672 0.0000
vt 0.1454 0.2710 0.0000
vt 0.0291 0.2710 0.0000
vt 0.0291 0.2672 0.0000
vt 0.0232 0.4477 0.0000
vt 0.8555 0.7293 0.0000
vt 0.8917 0.5639 0.0000
vt 0.8805 0.5552 0.0000
vt 0.9215 0.5797 0.0000
vt 0.6228 0.3931 0.0000
vt 0.6228 0.2768 0.0000
vt 0.0189 0.4197 0.0000
vt 0.8853 0.7293 0.0000
vt 0.9105 0.7293 0.0000
vt 0.8809 0.6409 0.0000
vt 0.8919 0.6294 0.0000
vt 0.9216 0.6059 0.0000
vt 0.1454 0.2754 0.0000
vt 0.0291 0.2754 0.0000
vt 0.0190 0.4506 0.0000
vt 0.8853 0.5860 0.0000
vt 0.8721 0.5841 0.0000
vt 0.9183 0.5845 0.0000
vt 0.6265 0.3931 0.0000
vt 0.6265 0.2768 0.0000
vt 0.0144 0.4202 0.0000
vt 0.8723 0.6142 0.0000
vt 0.8853 0.6090 0.0000
vt 0.9184 0.6020 0.0000
vt 0.1454 0.2798 0.0000
vt 0.0291 0.2798 0.0000
vt 0.0145 0.4512 0.0000
vt 0.9166 0.5904 0.0000
vt 0.4482 0.2914 0.0000
vt 0.4482 0.2863 0.0000
vt 0.5646 0.2863 0.0000
vt 0.5646 0.2914 0.0000
vt 0.0102 0.4231 0.0000
vt 0.9166 0.5965 0.0000
vt 0.1454 0.2836 0.0000
vt 0.0291 0.2836 0.0000
vt 0.0103 0.4494 0.0000
vt 0.4482 0.2975 0.0000
vt 0.5646 0.2975 0.0000
vt 0.0070 0.4279 0.0000
vt 0.4482 0.3088 0.0000
vt 0.4482 0.3036 0.0000
vt 0.5646 0.3036 0.0000
vt 0.5646 0.3088 0.0000
vt 0.0070 0.4454 0.0000
vt 0.0053 0.4338 0.0000
vt 0.0053 0.4400 0.0000
vt 0.9280 0.2776 0.0000
vt 0.9049 0.2744 0.0000
vt 0.9084 0.2624 0.0000
vt 0.9148 0.2527 0.0000
vt 0.9049 0.2868 0.0000
vt 0.8853 0.2716 0.0000
vt 0.8917 0.2495 0.0000
vt 0.9233 0.2469 0.0000
vt 0.9036 0.2317 0.0000
vt 0.9085 0.2979 0.0000
vt 0.8853 0.2946 0.0000
vt 0.8721 0.2698 0.0000
vt 0.8805 0.2409 0.0000
vt 0.9325 0.2457 0.0000
vt 0.9193 0.2208 0.0000
vt 0.8962 0.2176 0.0000
vt 0.9150 0.3059 0.0000
vt 0.8919 0.3151 0.0000
vt 0.8723 0.2998 0.0000
vt 0.7031 0.3101 0.0000
vt 0.7031 0.3219 0.0000
vt 0.6708 0.3219 0.0000
vt 0.6733 0.3101 0.0000
vt 0.9410 0.2494 0.0000
vt 0.9363 0.2186 0.0000
vt 0.9167 0.2034 0.0000
vt 0.6435 0.3219 0.0000
vt 0.6481 0.3101 0.0000
vt 0.9235 0.3095 0.0000
vt 0.9040 0.3298 0.0000
vt 0.8809 0.3265 0.0000
vt 0.7329 0.3101 0.0000
vt 0.7353 0.3219 0.0000
vt 0.7031 0.3337 0.0000
vt 0.6733 0.3337 0.0000
vt 0.9476 0.2573 0.0000
vt 0.9521 0.2254 0.0000
vt 0.9389 0.2006 0.0000
vt 0.9531 0.3565 0.0000
vt 0.9538 0.3434 0.0000
vt 0.9807 0.3434 0.0000
vt 0.9780 0.3565 0.0000
vt 0.6481 0.3337 0.0000
vt 0.9327 0.3083 0.0000
vt 0.9197 0.3366 0.0000
vt 0.8966 0.3458 0.0000
vt 0.7581 0.3101 0.0000
vt 0.7626 0.3219 0.0000
vt 0.7329 0.3337 0.0000
vt 0.4903 0.4244 0.0000
vt 0.4884 0.4375 0.0000
vt 0.4654 0.4376 0.0000
vt 0.4602 0.4245 0.0000
vt 0.9511 0.2684 0.0000
vt 0.9641 0.2402 0.0000
vt 0.9594 0.2094 0.0000
vt 0.1863 0.2071 0.0000
vt 0.1981 0.2053 0.0000
vt 0.1981 0.2287 0.0000
vt 0.1863 0.2287 0.0000
vt 0.8721 0.3441 0.0000
vt 0.8852 0.3434 0.0000
vt 0.8852 0.3683 0.0000
vt 0.8721 0.3710 0.0000
vt 0.4450 0.4442 0.0000
vt 0.4335 0.4331 0.0000
vt 0.9412 0.3025 0.0000
vt 0.9367 0.3344 0.0000
vt 0.9172 0.3547 0.0000
vt 0.3128 0.9995 0.0000
vt 0.3101 0.9865 0.0000
vt 0.3370 0.9865 0.0000
vt 0.3377 0.9995 0.0000
vt 0.7581 0.3337 0.0000
vt 0.5192 0.4328 0.0000
vt 0.5105 0.4440 0.0000
vt 0.4840 0.4689 0.0000
vt 0.4779 0.4689 0.0000
vt 0.9512 0.2809 0.0000
vt 0.9707 0.2606 0.0000
vt 0.9752 0.2287 0.0000
vt 0.1981 0.2521 0.0000
vt 0.1863 0.2503 0.0000
vt 0.2098 0.2071 0.0000
vt 0.2098 0.2287 0.0000
vt 0.4302 0.4563 0.0000
vt 0.4142 0.4489 0.0000
vt 0.4724 0.4707 0.0000
vt 0.9477 0.2928 0.0000
vt 0.9524 0.3236 0.0000
vt 0.9394 0.3518 0.0000
vt 0.5097 0.4194 0.0000
vt 0.5097 0.4076 0.0000
vt 0.5331 0.4076 0.0000
vt 0.5313 0.4194 0.0000
vt 0.3577 0.9995 0.0000
vt 0.3604 0.9865 0.0000
vt 0.3853 0.9865 0.0000
vt 0.3847 0.9995 0.0000
vt 0.5425 0.4484 0.0000
vt 0.5284 0.4559 0.0000
vt 0.4899 0.4706 0.0000
vt 0.4482 0.3513 0.0000
vt 0.4482 0.3452 0.0000
vt 0.5646 0.3452 0.0000
vt 0.5646 0.3513 0.0000
vt 0.9708 0.2836 0.0000
vt 0.9838 0.2554 0.0000
vt 0.9865 0.2890 0.0000
vt 0.9995 0.2863 0.0000
vt 0.9995 0.3132 0.0000
vt 0.9865 0.3139 0.0000
vt 0.2098 0.2503 0.0000
vt 0.4234 0.4720 0.0000
vt 0.4054 0.4695 0.0000
vt 0.4685 0.4739 0.0000
vt 0.4482 0.3564 0.0000
vt 0.5646 0.3564 0.0000
vt 0.9644 0.3057 0.0000
vt 0.9599 0.3377 0.0000
vt 0.4881 0.4194 0.0000
vt 0.4863 0.4076 0.0000
vt 0.5097 0.3958 0.0000
vt 0.5313 0.3958 0.0000
vt 0.5566 0.4689 0.0000
vt 0.5392 0.4716 0.0000
vt 0.4947 0.4738 0.0000
vt 0.4482 0.3391 0.0000
vt 0.5646 0.3391 0.0000
vt 0.7836 0.7450 0.0000
vt 0.7950 0.7405 0.0000
vt 0.7950 0.7466 0.0000
vt 0.9839 0.2855 0.0000
vt 0.0241 0.3146 0.0000
vt 0.0196 0.3028 0.0000
vt 0.0469 0.3028 0.0000
vt 0.0493 0.3146 0.0000
vt 0.9484 0.1993 0.0000
vt 0.9511 0.1863 0.0000
vt 0.9760 0.1863 0.0000
vt 0.9753 0.1993 0.0000
vt 0.4256 0.4890 0.0000
vt 0.4082 0.4917 0.0000
vt 0.4667 0.4781 0.0000
vt 0.4482 0.3805 0.0000
vt 0.4482 0.3768 0.0000
vt 0.5646 0.3768 0.0000
vt 0.5646 0.3805 0.0000
vt 0.7932 0.7350 0.0000
vt 0.9755 0.3144 0.0000
vt 0.9865 0.0053 0.0000
vt 0.9995 0.0059 0.0000
vt 0.9995 0.0329 0.0000
vt 0.9865 0.0302 0.0000
vt 0.4881 0.3958 0.0000
vt 0.5595 0.4911 0.0000
vt 0.5414 0.4886 0.0000
vt 0.4976 0.4780 0.0000
vt 0.4482 0.3339 0.0000
vt 0.5646 0.3339 0.0000
vt 0.7933 0.7525 0.0000
vt 0.0791 0.3028 0.0000
vt 0.0791 0.3146 0.0000
vt 0.0241 0.2910 0.0000
vt 0.0493 0.2910 0.0000
vt 0.4365 0.5047 0.0000
vt 0.4224 0.5122 0.0000
vt 0.4673 0.4826 0.0000
vt 0.4482 0.3849 0.0000
vt 0.5646 0.3849 0.0000
vt 0.7900 0.7311 0.0000
vt 0.1089 0.3146 0.0000
vt 0.1113 0.3028 0.0000
vt 0.1387 0.3028 0.0000
vt 0.1341 0.3146 0.0000
vt 0.9865 0.0440 0.0000
vt 0.9995 0.0434 0.0000
vt 0.9995 0.0683 0.0000
vt 0.9865 0.0710 0.0000
vt 0.5506 0.5117 0.0000
vt 0.5346 0.5043 0.0000
vt 0.4982 0.4825 0.0000
vt 0.4482 0.3741 0.0000
vt 0.4482 0.3703 0.0000
vt 0.5646 0.3703 0.0000
vt 0.5646 0.3741 0.0000
vt 0.7901 0.7573 0.0000
vt 0.0791 0.2910 0.0000
vt 0.4543 0.5166 0.0000
vt 0.4457 0.5278 0.0000
vt 0.4701 0.4868 0.0000
vt 0.4482 0.3894 0.0000
vt 0.5646 0.3894 0.0000
vt 0.7858 0.7293 0.0000
vt 0.1089 0.2910 0.0000
vt 0.1341 0.2910 0.0000
vt 0.5314 0.5275 0.0000
vt 0.5199 0.5164 0.0000
vt 0.4964 0.4867 0.0000
vt 0.4482 0.3659 0.0000
vt 0.5646 0.3659 0.0000
vt 0.7859 0.7602 0.0000
vt 0.4764 0.5231 0.0000
vt 0.4746 0.5362 0.0000
vt 0.4749 0.4900 0.0000
vt 0.4482 0.3931 0.0000
vt 0.5646 0.3931 0.0000
vt 0.7812 0.7298 0.0000
vt 0.5047 0.5361 0.0000
vt 0.4994 0.5230 0.0000
vt 0.4924 0.4899 0.0000
vt 0.4482 0.3615 0.0000
vt 0.5646 0.3615 0.0000
vt 0.7813 0.7608 0.0000
vt 0.4808 0.4917 0.0000
vt 0.4482 0.3153 0.0000
vt 0.4482 0.3101 0.0000
vt 0.5646 0.3101 0.0000
vt 0.5646 0.3153 0.0000
vt 0.7770 0.7327 0.0000
vt 0.4870 0.4917 0.0000
vt 0.4482 0.3577 0.0000
vt 0.5646 0.3577 0.0000
vt 0.7771 0.7590 0.0000
vt 0.4482 0.3214 0.0000
vt 0.5646 0.3214 0.0000
vt 0.7738 0.7375 0.0000
vt 0.4482 0.3326 0.0000
vt 0.4482 0.3274 0.0000
vt 0.5646 0.3274 0.0000
vt 0.5646 0.3326 0.0000
vt 0.7739 0.7550 0.0000
vt 0.7721 0.7434 0.0000
vt 0.7721 0.7496 0.0000
vt 0.5015 0.2279 0.0000
vt 0.5047 0.2047 0.0000
vt 0.5167 0.2082 0.0000
vt 0.5263 0.2147 0.0000
vt 0.4923 0.2048 0.0000
vt 0.5075 0.1851 0.0000
vt 0.5296 0.1915 0.0000
vt 0.5322 0.2231 0.0000
vt 0.5474 0.2035 0.0000
vt 0.4812 0.2083 0.0000
vt 0.4845 0.1852 0.0000
vt 0.5093 0.1720 0.0000
vt 0.5382 0.1804 0.0000
vt 0.5334 0.2323 0.0000
vt 0.5583 0.2191 0.0000
vt 0.5615 0.1960 0.0000
vt 0.4732 0.2149 0.0000
vt 0.4640 0.1917 0.0000
vt 0.4792 0.1721 0.0000
vt 0.7031 0.3958 0.0000
vt 0.7031 0.4076 0.0000
vt 0.6708 0.4076 0.0000
vt 0.6733 0.3958 0.0000
vt 0.5297 0.2409 0.0000
vt 0.5605 0.2361 0.0000
vt 0.5757 0.2165 0.0000
vt 0.6435 0.4076 0.0000
vt 0.6481 0.3958 0.0000
vt 0.4696 0.2234 0.0000
vt 0.4493 0.2038 0.0000
vt 0.4525 0.1807 0.0000
vt 0.7329 0.3958 0.0000
vt 0.7353 0.4076 0.0000
vt 0.7031 0.4194 0.0000
vt 0.6733 0.4194 0.0000
vt 0.5217 0.2474 0.0000
vt 0.5537 0.2519 0.0000
vt 0.5785 0.2387 0.0000
vt 0.9865 0.3673 0.0000
vt 0.9995 0.3679 0.0000
vt 0.9995 0.3949 0.0000
vt 0.9865 0.3922 0.0000
vt 0.6481 0.4194 0.0000
vt 0.4707 0.2326 0.0000
vt 0.4425 0.2196 0.0000
vt 0.4333 0.1965 0.0000
vt 0.7581 0.3958 0.0000
vt 0.7626 0.4076 0.0000
vt 0.7329 0.4194 0.0000
vt 0.6508 0.2790 0.0000
vt 0.6527 0.2659 0.0000
vt 0.6757 0.2658 0.0000
vt 0.6809 0.2789 0.0000
vt 0.5107 0.2510 0.0000
vt 0.5389 0.2640 0.0000
vt 0.5697 0.2592 0.0000
vt 0.3738 0.4147 0.0000
vt 0.3720 0.4029 0.0000
vt 0.3954 0.4029 0.0000
vt 0.3954 0.4147 0.0000
vt 0.9865 0.4060 0.0000
vt 0.9995 0.4054 0.0000
vt 0.9995 0.4303 0.0000
vt 0.9865 0.4330 0.0000
vt 0.6961 0.2592 0.0000
vt 0.7076 0.2703 0.0000
vt 0.4766 0.2410 0.0000
vt 0.4447 0.2366 0.0000
vt 0.4244 0.2170 0.0000
vt 0.3985 0.9995 0.0000
vt 0.3958 0.9865 0.0000
vt 0.4228 0.9865 0.0000
vt 0.4234 0.9995 0.0000
vt 0.7581 0.4194 0.0000
vt 0.6219 0.2706 0.0000
vt 0.6305 0.2594 0.0000
vt 0.6571 0.2345 0.0000
vt 0.6632 0.2345 0.0000
vt 0.4982 0.2510 0.0000
vt 0.5185 0.2705 0.0000
vt 0.5504 0.2750 0.0000
vt 0.4188 0.4029 0.0000
vt 0.4170 0.4147 0.0000
vt 0.3738 0.3911 0.0000
vt 0.3954 0.3911 0.0000
vt 0.7109 0.2471 0.0000
vt 0.7269 0.2545 0.0000
vt 0.6687 0.2327 0.0000
vt 0.4863 0.2475 0.0000
vt 0.4555 0.2522 0.0000
vt 0.4273 0.2392 0.0000
vt 0.3144 0.3813 0.0000
vt 0.3144 0.3695 0.0000
vt 0.3378 0.3695 0.0000
vt 0.3360 0.3813 0.0000
vt 0.5959 0.9995 0.0000
vt 0.5986 0.9865 0.0000
vt 0.6235 0.9865 0.0000
vt 0.6228 0.9995 0.0000
vt 0.5986 0.2549 0.0000
vt 0.6127 0.2475 0.0000
vt 0.6511 0.2328 0.0000
vt 0.8228 0.6837 0.0000
vt 0.8167 0.6837 0.0000
vt 0.8167 0.5673 0.0000
vt 0.8228 0.5673 0.0000
vt 0.4955 0.2706 0.0000
vt 0.5237 0.2836 0.0000
vt 0.9865 0.2509 0.0000
vt 0.9995 0.2482 0.0000
vt 0.9995 0.2751 0.0000
vt 0.9865 0.2758 0.0000
vt 0.4170 0.3911 0.0000
vt 0.7176 0.2314 0.0000
vt 0.7357 0.2339 0.0000
vt 0.6726 0.2295 0.0000
vt 0.8280 0.6837 0.0000
vt 0.8280 0.5673 0.0000
vt 0.4734 0.2642 0.0000
vt 0.4414 0.2597 0.0000
vt 0.2928 0.3813 0.0000
vt 0.2910 0.3695 0.0000
vt 0.3144 0.3577 0.0000
vt 0.3360 0.3577 0.0000
vt 0.5845 0.2345 0.0000
vt 0.6019 0.2318 0.0000
vt 0.6464 0.2296 0.0000
vt 0.8106 0.6837 0.0000
vt 0.8106 0.5673 0.0000
vt 0.6740 0.5688 0.0000
vt 0.6854 0.5642 0.0000
vt 0.6854 0.5704 0.0000
vt 0.4936 0.2837 0.0000
vt 0.7533 0.2815 0.0000
vt 0.7579 0.2933 0.0000
vt 0.7306 0.2933 0.0000
vt 0.7281 0.2815 0.0000
vt 0.9865 0.2101 0.0000
vt 0.9995 0.2128 0.0000
vt 0.9995 0.2377 0.0000
vt 0.9865 0.2370 0.0000
vt 0.7155 0.2144 0.0000
vt 0.7329 0.2117 0.0000
vt 0.6744 0.2253 0.0000
vt 0.7435 0.5187 0.0000
vt 0.7435 0.5149 0.0000
vt 0.8599 0.5149 0.0000
vt 0.8599 0.5187 0.0000
vt 0.6836 0.5588 0.0000
vt 0.4647 0.2753 0.0000
vt 0.9674 0.0053 0.0000
vt 0.9804 0.0059 0.0000
vt 0.9804 0.0329 0.0000
vt 0.9674 0.0302 0.0000
vt 0.2928 0.3577 0.0000
vt 0.5816 0.2123 0.0000
vt 0.5997 0.2148 0.0000
vt 0.6435 0.2254 0.0000
vt 0.8055 0.6837 0.0000
vt 0.8055 0.5673 0.0000
vt 0.6837 0.5763 0.0000
vt 0.6983 0.2933 0.0000
vt 0.6983 0.2815 0.0000
vt 0.7533 0.3051 0.0000
vt 0.7281 0.3051 0.0000
vt 0.7046 0.1987 0.0000
vt 0.7187 0.1912 0.0000
vt 0.6738 0.2208 0.0000
vt 0.7435 0.5231 0.0000
vt 0.8599 0.5231 0.0000
vt 0.6804 0.5548 0.0000
vt 0.6685 0.2815 0.0000
vt 0.6661 0.2933 0.0000
vt 0.6388 0.2933 0.0000
vt 0.6433 0.2815 0.0000
vt 0.8442 0.0183 0.0000
vt 0.8436 0.0053 0.0000
vt 0.8685 0.0053 0.0000
vt 0.8712 0.0183 0.0000
vt 0.5905 0.1917 0.0000
vt 0.6065 0.1991 0.0000
vt 0.6429 0.2209 0.0000
vt 0.7435 0.5503 0.0000
vt 0.7435 0.5465 0.0000
vt 0.8599 0.5465 0.0000
vt 0.8599 0.5503 0.0000
vt 0.6805 0.5811 0.0000
vt 0.6983 0.3051 0.0000
vt 0.6868 0.1867 0.0000
vt 0.6954 0.1756 0.0000
vt 0.6709 0.2166 0.0000
vt 0.7435 0.5275 0.0000
vt 0.8599 0.5275 0.0000
vt 0.6762 0.5530 0.0000
vt 0.6685 0.3051 0.0000
vt 0.6433 0.3051 0.0000
vt 0.6097 0.1759 0.0000
vt 0.6212 0.1870 0.0000
vt 0.6447 0.2167 0.0000
vt 0.7435 0.5421 0.0000
vt 0.8599 0.5421 0.0000
vt 0.6763 0.5840 0.0000
vt 0.6647 0.1803 0.0000
vt 0.6665 0.1672 0.0000
vt 0.6662 0.2134 0.0000
vt 0.7435 0.5312 0.0000
vt 0.8599 0.5312 0.0000
vt 0.6717 0.5536 0.0000
vt 0.6364 0.1673 0.0000
vt 0.6416 0.1804 0.0000
vt 0.6487 0.2134 0.0000
vt 0.7435 0.5377 0.0000
vt 0.8599 0.5377 0.0000
vt 0.6718 0.5845 0.0000
vt 0.6603 0.2117 0.0000
vt 0.8344 0.6837 0.0000
vt 0.8293 0.6837 0.0000
vt 0.8293 0.5673 0.0000
vt 0.8344 0.5673 0.0000
vt 0.6675 0.5565 0.0000
vt 0.6541 0.2117 0.0000
vt 0.7435 0.5340 0.0000
vt 0.8599 0.5340 0.0000
vt 0.6676 0.5827 0.0000
vt 0.8405 0.6837 0.0000
vt 0.8405 0.5673 0.0000
vt 0.6643 0.5613 0.0000
vt 0.8518 0.6837 0.0000
vt 0.8466 0.6837 0.0000
vt 0.8466 0.5673 0.0000
vt 0.8518 0.5673 0.0000
vt 0.6644 0.5788 0.0000
vt 0.6626 0.5672 0.0000
vt 0.6626 0.5733 0.0000
# 1848 texture coords

o Lollipop_Castle
g Lollipop_Castle
usemtl wire_109033012
s 2
f 1/1/1 2/2/2 3/3/3 4/4/4 
s 8
f 1/5/1 4/6/4 5/7/5 6/8/6 
s 64
f 2/9/2 1/10/1 7/11/7 8/12/3 9/13/8 10/14/5 11/15/9 12/11/10 7/11/7 1/10/1 6/16/6 13/17/11 
s 32
f 3/18/3 2/19/2 13/20/11 14/21/8 
s 16
f 4/22/4 3/23/3 14/24/8 5/25/5 
s 4
f 6/26/6 5/27/5 14/28/8 13/29/11 15/30/12 16/31/13 17/32/14 18/33/15 19/34/16 20/35/17 21/36/18 22/37/19 23/38/20 24/39/21 25/40/22 26/41/23 27/42/24 28/43/25 29/44/26 30/45/27 31/46/28 32/47/29 15/30/12 13/29/11 
s 1
f 33/48/2 8/49/3 7/50/7 34/51/30 
s 1024
f 35/52/31 36/53/8 37/54/32 38/55/4 39/56/31 9/57/8 8/58/3 33/59/2 
s 128
f 40/60/6 10/61/5 9/62/8 39/63/31 41/64/4 42/65/32 36/66/8 35/67/31 
s 256
f 43/68/33 44/69/34 45/70/35 11/71/9 10/72/5 40/73/6 
f 11/71/9 45/70/35 46/74/36 12/75/10 
f 34/76/30 7/75/7 12/75/10 46/74/36 47/77/37 48/76/38 
s 268435456
f 15/78/12 49/79/39 50/80/40 16/81/13 
f 16/81/13 50/80/40 51/82/41 17/83/14 
f 17/84/14 51/85/41 52/86/42 18/87/15 
f 18/87/15 52/86/42 53/88/43 19/89/16 
f 19/89/16 53/88/43 54/90/44 20/91/17 
f 20/91/17 54/90/44 55/92/45 21/93/18 
f 21/93/18 55/92/45 56/94/46 22/95/19 
f 22/96/19 56/97/46 57/98/47 23/99/20 
f 23/99/20 57/98/47 58/100/48 24/101/21 
f 24/101/21 58/100/48 59/102/49 25/103/22 
f 25/103/22 59/102/49 60/104/50 26/105/23 
f 26/106/23 60/107/50 61/108/51 27/109/24 
f 27/109/24 61/108/51 62/110/52 28/111/25 
f 28/111/25 62/110/52 63/112/53 29/113/26 
f 29/113/26 63/112/53 64/114/54 30/115/27 
f 30/115/27 64/114/54 65/116/55 31/117/28 
f 31/118/28 65/119/55 66/120/56 32/121/29 
f 32/121/29 66/120/56 49/79/39 15/78/12 
s 16384
f 67/122/57 34/123/30 48/123/38 43/124/33 40/125/6 35/126/31 33/127/2 34/123/30 67/122/57 68/128/3 69/129/8 70/130/5 
s 2097152
f 71/131/2 37/132/32 36/133/8 42/134/32 72/135/58 73/136/31 
s 2048
f 37/137/32 71/138/2 74/139/3 38/140/4 
s 524288
f 38/141/4 74/142/3 75/143/8 76/144/5 41/145/4 39/146/31 
s 262144
f 41/147/4 76/148/5 72/149/58 42/150/32 
s 256
f 48/76/38 47/77/37 44/69/34 43/68/33 
s off
f 45/151/35 44/152/34 77/153/4 78/154/32 
f 46/155/36 45/156/35 78/157/32 79/158/6 
f 47/159/37 46/160/36 79/161/6 80/162/5 
s 268435456
f 50/80/40 49/79/39 81/163/59 82/164/60 
f 51/82/41 50/80/40 82/164/60 83/165/61 
f 52/86/42 51/85/41 83/166/61 84/167/62 
f 53/88/43 52/86/42 84/167/62 85/168/63 
f 54/90/44 53/88/43 85/168/63 86/169/64 
f 55/92/45 54/90/44 86/169/64 87/170/65 
f 56/94/46 55/92/45 87/170/65 88/171/46 
f 57/98/47 56/97/46 88/172/46 89/173/47 
f 58/100/48 57/98/47 89/173/47 90/174/48 
f 59/102/49 58/100/48 90/174/48 91/175/49 
f 60/104/50 59/102/49 91/175/49 92/176/50 
f 61/108/51 60/107/50 92/177/50 93/178/66 
f 62/110/52 61/108/51 93/178/66 94/179/52 
f 63/112/53 62/110/52 94/179/52 95/180/53 
f 64/114/54 63/112/53 95/180/53 96/181/67 
f 65/116/55 64/114/54 96/181/67 97/182/68 
f 66/120/56 65/119/55 97/183/68 98/184/69 
f 49/79/39 66/120/56 98/184/69 81/163/59 
s 8192
f 99/185/32 67/186/57 70/187/5 100/188/6 
s 512
f 99/189/32 101/190/2 68/191/3 67/192/57 
s 32768
f 68/193/3 101/194/2 102/195/70 69/196/8 
s 4096
f 100/197/6 70/198/5 69/199/8 102/200/70 103/201/71 104/202/13 105/203/14 106/204/72 107/205/73 108/206/17 109/207/18 110/208/19 111/209/74 112/210/75 113/211/22 114/212/23 115/213/76 116/214/25 117/215/26 118/216/27 119/217/77 120/218/78 103/201/71 102/200/70 
s 1048576
f 74/219/3 71/220/2 73/221/31 75/222/8 
s 131072
f 72/223/58 121/224/79 122/225/2 123/226/3 124/227/4 121/224/79 72/223/58 76/228/5 75/229/8 73/230/31 
s off
f 44/231/34 47/232/37 80/233/5 77/234/4 
s 256
f 80/235/5 79/236/6 78/237/32 77/238/4 
s 268435456
f 82/164/60 81/163/59 125/239/59 126/240/60 
f 83/165/61 82/164/60 126/240/60 127/241/61 
f 84/167/62 83/166/61 127/242/61 128/243/62 
f 85/168/63 84/167/62 128/243/62 129/244/63 
f 86/169/64 85/168/63 129/244/63 130/245/64 
f 87/170/65 86/169/64 130/245/64 131/246/65 
f 88/171/46 87/170/65 131/246/65 132/247/46 
f 89/173/47 88/172/46 132/248/46 133/249/47 
f 90/174/48 89/173/47 133/249/47 134/250/48 
f 91/175/49 90/174/48 134/250/48 135/251/49 
f 92/176/50 91/175/49 135/251/49 136/252/50 
f 93/178/66 92/177/50 136/253/50 137/254/66 
f 94/179/52 93/178/66 137/254/66 138/255/52 
f 95/180/53 94/179/52 138/255/52 139/256/53 
f 96/181/67 95/180/53 139/256/53 140/257/67 
f 97/182/68 96/181/67 140/257/67 141/258/68 
f 98/184/69 97/183/68 141/259/68 142/260/69 
f 81/163/59 98/184/69 142/260/69 125/239/59 
s 65536
f 101/261/2 99/262/32 100/263/6 102/264/70 
s 134217728
f 121/265/79 143/266/58 144/267/31 122/268/2 
s 67108864
f 122/269/2 144/270/31 145/271/8 123/272/3 
s 33554432
f 123/273/3 145/274/8 146/275/5 124/276/4 
s 16777216
f 124/277/4 146/278/5 143/279/58 121/280/79 
s 268435456
f 147/281/80 126/240/60 125/239/59 148/282/81 
f 149/283/82 127/241/61 126/240/60 147/281/80 
f 150/284/83 128/243/62 127/242/61 149/285/82 
f 151/286/84 129/244/63 128/243/62 150/284/83 
f 152/287/85 130/245/64 129/244/63 151/286/84 
f 153/288/86 131/246/65 130/245/64 152/287/85 
f 154/289/87 132/247/46 131/246/65 153/288/86 
f 155/290/88 133/249/47 132/248/46 154/291/87 
f 156/292/89 134/250/48 133/249/47 155/290/88 
f 135/251/49 134/250/48 156/292/89 157/293/90 
f 136/252/50 135/251/49 157/293/90 158/294/91 
f 137/254/66 136/253/50 158/295/91 159/296/92 
f 138/255/52 137/254/66 159/296/92 160/297/93 161/298/94 162/299/95 
f 139/256/53 138/255/52 162/299/95 163/300/96 164/301/97 165/302/98 166/303/99 167/304/100 
f 140/257/67 139/256/53 167/304/100 168/305/101 169/306/102 170/307/103 
f 171/308/104 141/258/68 140/257/67 170/307/103 
f 172/309/105 142/260/69 141/259/68 171/310/104 
f 148/282/81 125/239/59 142/260/69 172/309/105 
s 8388608
f 143/311/58 173/312/79 174/313/2 175/314/3 176/315/4 173/312/79 143/311/58 146/316/5 145/317/8 144/318/31 
s 536870912
f 177/319/106 178/320/107 179/321/108 180/322/109 181/323/110 160/324/93 159/325/92 158/326/91 157/327/90 156/328/89 155/329/88 154/330/87 153/331/86 152/332/85 151/333/84 150/334/83 149/335/82 147/336/80 148/337/81 172/338/105 171/339/104 170/340/103 169/341/102 182/342/111 183/343/112 184/344/113 185/345/114 186/346/115 187/347/116 188/348/117 189/349/118 190/350/119 191/351/120 192/352/121 193/353/122 194/354/123 195/355/124 196/356/125 197/357/126 198/358/127 199/359/128 
s 1073741824
f 200/360/129 164/361/97 163/362/96 161/363/94 160/364/93 181/365/110 201/366/130 202/367/131 
s 4194304
f 163/362/96 162/368/95 161/363/94 
s 536870912
f 164/369/97 200/370/129 165/371/98 
s 1073741824
f 182/372/111 169/373/102 168/374/101 166/375/99 165/376/98 200/360/129 202/367/131 203/377/132 
s 4194304
f 168/374/101 167/378/100 166/375/99 
s 64
f 173/379/79 204/380/6 205/381/31 174/382/2 
s 32
f 174/383/2 205/384/31 206/385/8 175/386/3 
s 16
f 175/387/3 206/388/8 207/389/5 176/390/4 
s 8
f 176/391/4 207/392/5 204/393/6 173/394/79 
s 1073741824
f 177/395/106 199/396/128 208/397/133 209/398/134 
f 178/399/107 210/400/135 211/401/135 212/402/135 210/400/135 178/399/107 177/395/106 209/398/134 213/403/136 
f 179/404/108 214/405/137 215/406/137 216/407/137 214/405/137 179/404/108 178/399/107 213/403/136 217/408/138 
f 180/409/109 179/404/108 217/408/138 218/410/139 219/411/140 220/412/141 221/413/142 
f 181/365/110 180/409/109 221/413/142 222/414/143 223/415/143 219/411/140 218/410/139 201/366/130 
f 183/416/112 182/372/111 203/377/132 224/417/144 
f 184/418/113 183/416/112 224/417/144 225/419/145 
f 185/420/114 184/418/113 225/419/145 226/421/146 
f 186/422/115 185/420/114 226/421/146 227/423/147 
f 187/424/116 186/422/115 227/423/147 228/425/148 
f 188/426/117 187/424/116 228/425/148 229/427/149 
f 189/428/118 188/426/117 229/427/149 230/429/150 
f 190/430/119 189/428/118 230/429/150 231/431/151 
f 191/432/120 190/430/119 231/431/151 232/433/152 
f 192/434/121 191/432/120 232/433/152 233/435/153 
f 193/436/122 192/434/121 233/435/153 234/437/154 
f 194/438/123 193/436/122 234/437/154 235/439/155 
f 195/440/124 194/438/123 235/439/155 236/441/156 
f 196/442/125 195/440/124 236/441/156 237/443/157 
f 197/444/126 196/442/125 237/443/157 238/445/158 
f 198/446/127 197/444/126 238/445/158 239/447/159 
f 199/396/128 198/446/127 239/447/159 208/397/133 
f 202/367/131 201/366/130 240/448/130 241/449/131 
f 203/377/132 202/367/131 241/449/131 242/450/132 
s 4
f 204/451/6 207/452/5 206/453/8 205/454/31 
s 1073741824
f 209/398/134 208/397/133 243/455/133 244/456/134 
f 213/403/136 209/398/134 244/456/134 245/457/136 
f 217/408/138 213/403/136 245/457/136 246/458/138 
f 218/410/139 217/408/138 246/458/138 247/459/139 
f 201/366/130 218/410/139 247/459/139 240/448/130 
f 224/417/144 203/377/132 242/450/132 248/460/144 
f 225/419/145 224/417/144 248/460/144 249/461/145 
f 226/421/146 225/419/145 249/461/145 250/462/146 
f 227/423/147 226/421/146 250/462/146 251/463/147 
f 228/425/148 227/423/147 251/463/147 252/464/148 
f 229/427/149 228/425/148 252/464/148 253/465/149 
f 230/429/150 229/427/149 253/465/149 254/466/150 
f 231/431/151 230/429/150 254/466/150 255/467/151 
f 232/433/152 231/431/151 255/467/151 256/468/152 
f 233/435/153 232/433/152 256/468/152 257/469/153 
f 234/437/154 233/435/153 257/469/153 258/470/160 
f 235/439/155 234/437/154 258/470/160 259/471/155 
f 236/441/156 235/439/155 259/471/155 260/472/156 
f 237/443/157 236/441/156 260/472/156 261/473/157 
f 238/445/158 237/443/157 261/473/157 262/474/158 
f 239/447/159 238/445/158 262/474/158 263/475/159 
f 208/397/133 239/447/159 263/475/159 243/455/133 
f 241/449/131 240/448/130 264/476/130 265/477/131 
f 242/450/132 241/449/131 265/477/131 266/478/132 
f 244/456/134 243/455/133 267/479/133 268/480/134 
f 245/457/136 244/456/134 268/480/134 269/481/136 
f 246/458/138 245/457/136 269/481/136 270/482/138 
f 247/459/139 246/458/138 270/482/138 271/483/139 
f 240/448/130 247/459/139 271/483/139 264/476/130 
f 248/460/144 242/450/132 266/478/132 272/484/144 
f 249/461/145 248/460/144 272/484/144 273/485/145 
f 250/462/146 249/461/145 273/485/145 274/486/146 
f 251/463/147 250/462/146 274/486/146 275/487/147 
f 252/464/148 251/463/147 275/487/147 276/488/148 
f 253/465/149 252/464/148 276/488/148 277/489/149 
f 254/466/150 253/465/149 277/489/149 278/490/150 
f 255/467/151 254/466/150 278/490/150 279/491/151 
f 256/468/152 255/467/151 279/491/151 280/492/152 
f 257/469/153 256/468/152 280/492/152 281/493/153 
f 258/470/160 257/469/153 281/493/153 282/494/160 
f 259/471/155 258/470/160 282/494/160 283/495/155 
f 260/472/156 259/471/155 283/495/155 284/496/156 
f 261/473/157 260/472/156 284/496/156 285/497/157 
f 262/474/158 261/473/157 285/497/157 286/498/158 
f 263/475/159 262/474/158 286/498/158 287/499/159 
f 243/455/133 263/475/159 287/499/159 267/479/133 
f 265/477/131 264/476/130 288/500/130 289/501/131 
f 266/478/132 265/477/131 289/501/131 290/502/132 
f 268/480/134 267/479/133 291/503/133 292/504/134 
f 269/481/136 268/480/134 292/504/134 293/505/136 
f 270/482/138 269/481/136 293/505/136 294/506/138 
f 271/483/139 270/482/138 294/506/138 295/507/139 
f 264/476/130 271/483/139 295/507/139 288/500/130 
f 272/484/144 266/478/132 290/502/132 296/508/144 
f 273/485/145 272/484/144 296/508/144 297/509/145 
f 274/486/146 273/485/145 297/509/145 298/510/146 
f 275/487/147 274/486/146 298/510/146 299/511/147 
f 276/488/148 275/487/147 299/511/147 300/512/148 
f 277/489/149 276/488/148 300/512/148 301/513/149 
f 278/490/150 277/489/149 301/513/149 302/514/150 
f 279/491/151 278/490/150 302/514/150 303/515/151 
f 280/492/152 279/491/151 303/515/151 304/516/152 
f 281/493/153 280/492/152 304/516/152 305/517/153 
f 282/494/160 281/493/153 305/517/153 306/518/160 
f 283/495/155 282/494/160 306/518/160 307/519/155 
f 284/496/156 283/495/155 307/519/155 308/520/156 
f 285/497/157 284/496/156 308/520/156 309/521/157 
f 286/498/158 285/497/157 309/521/157 310/522/158 
f 287/499/159 286/498/158 310/522/158 311/523/159 
f 267/479/133 287/499/159 311/523/159 291/503/133 
f 289/501/131 288/500/130 312/524/161 
f 290/502/132 289/501/131 312/524/162 
f 292/504/134 291/503/133 312/524/163 
f 293/505/136 292/504/134 312/524/164 
f 294/506/138 293/505/136 312/524/165 
f 295/507/139 294/506/138 312/524/166 
f 288/500/130 295/507/139 312/524/167 
f 296/508/144 290/502/132 312/524/168 
f 297/509/145 296/508/144 312/524/169 
f 298/510/146 297/509/145 312/524/170 
f 299/511/147 298/510/146 312/524/171 
f 300/512/148 299/511/147 312/524/172 
f 301/513/149 300/512/148 312/524/173 
f 302/514/150 301/513/149 312/524/174 
f 303/515/151 302/514/150 312/524/175 
f 304/516/152 303/515/151 312/524/176 
f 305/517/153 304/516/152 312/524/177 
f 306/518/160 305/517/153 312/524/178 
f 307/519/155 306/518/160 312/524/179 
f 308/520/156 307/519/155 312/524/180 
f 309/521/157 308/520/156 312/524/181 
f 310/522/158 309/521/157 312/524/182 
f 311/523/159 310/522/158 312/524/183 
f 291/503/133 311/523/159 312/524/184 
f 289/501/131 312/524/161 312/524/162 
f 288/500/130 312/524/167 312/524/161 
f 290/502/132 312/524/162 312/524/168 
f 292/504/134 312/524/163 312/524/164 
f 291/503/133 312/524/184 312/524/163 
f 293/505/136 312/524/164 312/524/165 
f 294/506/138 312/524/165 312/524/166 
f 295/507/139 312/524/166 312/524/167 
f 296/508/144 312/524/168 312/524/169 
f 297/509/145 312/524/169 312/524/170 
f 298/510/146 312/524/170 312/524/171 
f 299/511/147 312/524/171 312/524/172 
f 300/512/148 312/524/172 312/524/173 
f 301/513/149 312/524/173 312/524/174 
f 302/514/150 312/524/174 312/524/175 
f 303/515/151 312/524/175 312/524/176 
f 304/516/152 312/524/176 312/524/177 
f 305/517/153 312/524/177 312/524/178 
f 306/518/160 312/524/178 312/524/179 
f 307/519/155 312/524/179 312/524/180 
f 308/520/156 312/524/180 312/524/181 
f 309/521/157 312/524/181 312/524/182 
f 310/522/158 312/524/182 312/524/183 
f 311/523/159 312/524/183 312/524/184 
s 536870912
f 312/524/164 312/524/163 312/524/184 312/524/183 312/524/182 312/524/181 312/524/180 312/524/179 312/524/178 312/524/177 312/524/176 312/524/175 312/524/174 312/524/173 312/524/172 312/524/171 312/524/170 312/524/169 312/524/168 312/524/162 312/524/161 312/524/167 312/524/166 312/524/165 
s 1
f 313/525/22 314/526/23 315/527/76 316/528/25 317/529/26 318/530/185 319/531/28 320/532/78 321/533/186 322/534/13 323/535/14 324/536/72 325/537/73 326/538/17 327/539/18 328/540/19 329/541/74 330/542/75 
s 8
f 313/543/22 330/544/75 331/545/187 332/546/188 
f 314/547/23 313/543/22 332/546/188 333/548/50 
f 315/549/76 314/550/23 333/551/50 334/552/189 
f 316/553/25 315/549/76 334/552/189 335/554/52 
f 317/555/26 316/553/25 335/554/52 336/556/53 
f 318/557/185 317/555/26 336/556/53 337/558/54 
f 319/559/28 318/557/185 337/558/54 338/560/190 
f 320/561/78 319/562/28 338/563/190 339/564/69 
f 321/565/186 320/561/78 339/564/69 340/566/59 
f 322/567/13 321/565/186 340/566/59 341/568/60 
f 323/569/14 322/567/13 341/568/60 342/570/41 
f 324/571/72 323/572/14 342/573/41 343/574/42 
f 325/575/73 324/571/72 343/574/42 344/576/43 
f 326/577/17 325/575/73 344/576/43 345/578/44 
f 327/579/18 326/577/17 345/578/44 346/580/45 
f 328/581/19 327/579/18 346/580/45 347/582/191 
f 329/583/74 328/584/19 347/585/191 348/586/192 
f 330/544/75 329/583/74 348/586/192 331/545/187 
f 113/587/193 332/546/188 331/545/187 112/588/193 
f 114/589/194 333/548/50 332/546/188 113/587/195 
f 115/590/196 334/552/189 333/551/50 114/591/197 
f 116/592/198 335/554/52 334/552/189 115/590/199 
f 117/593/200 336/556/53 335/554/52 116/592/200 
f 118/594/201 337/558/54 336/556/53 117/593/202 
f 119/595/203 338/560/190 337/558/54 118/594/204 
f 120/596/205 339/564/69 338/563/190 119/597/205 
f 103/598/206 340/566/59 339/564/69 120/596/206 
f 104/599/207 341/568/60 340/566/59 103/598/207 
f 105/600/208 342/570/41 341/568/60 104/599/209 
f 106/601/210 343/574/42 342/573/41 105/602/210 
f 107/603/211 344/576/43 343/574/42 106/601/211 
f 108/604/212 345/578/44 344/576/43 107/603/212 
f 109/605/213 346/580/45 345/578/44 108/604/213 
f 110/606/214 347/582/191 346/580/45 109/605/214 
f 111/607/215 348/586/192 347/585/191 110/608/215 
f 112/588/216 331/545/187 348/586/192 111/607/216 
f 112/609/75 349/610/48 350/611/49 113/612/22 
f 111/613/74 351/614/47 349/610/48 112/609/75 
f 350/611/49 349/610/48 352/615/48 353/616/49 
f 113/612/22 350/611/49 354/617/217 114/618/23 
f 110/619/19 355/620/46 351/614/47 111/613/74 
f 349/610/48 351/614/47 356/621/218 352/615/48 
f 354/617/217 350/611/49 353/616/49 357/622/50 
f 353/616/49 352/615/48 358/623/48 359/624/49 
f 114/625/23 354/626/217 360/627/66 115/628/76 
f 109/629/18 361/630/65 355/631/46 110/632/19 
f 351/614/47 355/620/46 362/633/46 356/621/218 
f 352/615/48 356/621/218 363/634/218 358/623/48 
f 360/627/66 354/626/217 357/635/50 364/636/66 
f 357/622/50 353/616/49 359/624/49 365/637/50 
f 359/624/49 358/623/48 366/638/219 367/639/90 
f 115/628/76 360/627/66 368/640/220 116/641/25 
f 108/642/17 369/643/64 361/630/65 109/629/18 
f 355/631/46 361/630/65 370/644/65 362/645/46 
f 356/621/218 362/633/46 371/646/46 363/634/218 
f 366/638/219 358/623/48 363/634/218 372/647/221 
f 368/640/220 360/627/66 364/636/66 373/648/52 
f 364/636/66 357/635/50 365/649/50 374/650/66 
f 365/637/50 359/624/49 367/639/90 375/651/91 
s 1
f 376/652/106 377/653/107 378/654/222 379/655/109 380/656/110 381/657/93 382/658/92 375/659/91 367/660/90 366/661/219 372/662/221 383/663/87 384/664/86 385/665/85 386/666/84 387/667/223 388/668/82 389/669/80 390/670/81 391/671/224 392/672/104 393/673/225 394/674/102 395/675/111 396/676/112 397/677/113 398/678/114 399/679/115 400/680/116 401/681/117 402/682/118 403/683/119 404/684/120 405/685/121 406/686/122 407/687/123 408/688/124 409/689/125 410/690/126 411/691/127 412/692/128 
s 8
f 116/641/25 368/640/220 413/693/226 117/694/26 
f 107/695/73 414/696/63 369/643/64 108/642/17 
f 361/630/65 369/643/64 415/697/64 370/644/65 
f 362/645/46 370/644/65 416/698/65 371/699/46 
f 372/647/221 363/634/218 371/646/46 383/700/87 
f 413/693/226 368/640/220 373/648/52 417/701/53 
f 373/648/52 364/636/66 374/650/66 418/702/52 
f 374/650/66 365/649/50 375/703/91 382/704/92 
f 376/705/106 412/706/128 419/707/133 420/708/134 
f 377/709/107 421/710/135 422/711/135 423/712/135 421/710/135 377/709/107 376/705/106 420/708/134 424/713/136 
f 378/714/222 425/715/137 426/716/137 427/717/137 425/715/137 378/714/222 377/709/107 424/713/136 428/718/138 
f 379/719/109 378/714/222 428/718/138 429/720/139 430/721/140 431/722/227 432/723/142 
f 380/724/110 379/719/109 432/723/142 433/725/143 434/726/143 430/721/140 429/720/139 435/727/130 
f 436/728/129 437/729/97 438/730/96 439/731/94 381/732/93 380/724/110 435/727/130 440/733/131 
f 418/702/52 374/650/66 382/704/92 381/734/93 439/735/94 441/736/95 
f 383/737/87 371/699/46 416/698/65 384/738/86 
f 384/738/86 416/698/65 442/739/64 385/740/85 
f 385/740/85 442/739/64 443/741/63 386/742/84 
f 386/742/84 443/741/63 444/743/62 387/744/223 
f 387/744/223 444/743/62 445/745/61 388/746/82 
f 388/747/82 445/748/61 446/749/60 389/750/80 
f 389/750/80 446/749/60 447/751/59 390/752/81 
f 390/752/81 447/751/59 448/753/69 391/754/224 
f 391/754/224 448/753/69 449/755/190 392/756/104 
f 392/757/104 449/758/190 450/759/67 393/760/225 
f 450/759/67 451/761/53 452/762/100 453/763/101 394/764/102 393/760/225 
f 395/765/111 394/766/102 453/767/101 454/768/99 455/769/98 436/728/129 440/733/131 456/770/132 
f 396/771/112 395/765/111 456/770/132 457/772/144 
f 397/773/113 396/771/112 457/772/144 458/774/145 
f 398/775/114 397/773/113 458/774/145 459/776/146 
f 399/777/115 398/775/114 459/776/146 460/778/147 
f 400/779/116 399/777/115 460/778/147 461/780/148 
f 401/781/117 400/779/116 461/780/148 462/782/149 
f 402/783/118 401/781/117 462/782/149 463/784/150 
f 403/785/119 402/783/118 463/784/150 464/786/151 
f 404/787/120 403/785/119 464/786/151 465/788/152 
f 405/789/121 404/787/120 465/788/152 466/790/153 
f 406/791/122 405/789/121 466/790/153 467/792/160 
f 407/793/123 406/791/122 467/792/160 468/794/155 
f 408/795/124 407/793/123 468/794/155 469/796/156 
f 409/797/125 408/795/124 469/796/156 470/798/157 
f 410/799/126 409/797/125 470/798/157 471/800/158 
f 411/801/127 410/799/126 471/800/158 472/802/159 
f 412/706/128 411/801/127 472/802/159 419/707/133 
f 117/694/26 413/693/226 473/803/228 118/804/27 
f 106/805/72 474/806/62 414/696/63 107/695/73 
f 369/643/64 414/696/63 475/807/63 415/697/64 
f 370/644/65 415/697/64 442/739/64 416/698/65 
f 473/803/228 413/693/226 417/701/53 476/808/67 
f 417/701/53 373/648/52 418/702/52 451/761/53 
f 420/708/134 419/707/133 477/809/229 478/810/134 
f 424/713/136 420/708/134 478/810/134 479/811/136 
f 428/718/138 424/713/136 479/811/136 480/812/138 
f 429/720/139 428/718/138 480/812/138 481/813/139 
f 435/727/130 429/720/139 481/813/139 482/814/130 
s 1
f 437/815/97 436/816/129 455/817/98 
s 8
f 451/761/53 418/702/52 441/736/95 438/818/96 437/819/97 455/820/98 454/821/99 452/762/100 
s 1
f 438/730/96 441/822/95 439/731/94 
s 8
f 440/733/131 435/727/130 482/814/130 483/823/131 
f 415/697/64 475/807/63 443/741/63 442/739/64 
f 475/807/63 484/824/62 444/743/62 443/741/63 
f 484/824/62 485/825/61 445/745/61 444/743/62 
f 485/826/61 486/827/60 446/749/60 445/748/61 
f 486/827/60 487/828/59 447/751/59 446/749/60 
f 487/828/59 488/829/69 448/753/69 447/751/59 
f 488/829/69 489/830/68 449/755/190 448/753/69 
f 489/831/68 476/808/67 450/759/67 449/758/190 
f 476/808/67 417/701/53 451/761/53 450/759/67 
s 1
f 453/767/101 452/832/100 454/768/99 
s 8
f 456/770/132 440/733/131 483/823/131 490/833/132 
f 457/772/144 456/770/132 490/833/132 491/834/144 
f 458/774/145 457/772/144 491/834/144 492/835/145 
f 459/776/146 458/774/145 492/835/145 493/836/146 
f 460/778/147 459/776/146 493/836/146 494/837/147 
f 461/780/148 460/778/147 494/837/147 495/838/148 
f 462/782/149 461/780/148 495/838/148 496/839/149 
f 463/784/150 462/782/149 496/839/149 497/840/150 
f 464/786/151 463/784/150 497/840/150 498/841/151 
f 465/788/152 464/786/151 498/841/151 499/842/152 
f 466/790/153 465/788/152 499/842/152 500/843/153 
f 467/792/160 466/790/153 500/843/153 501/844/160 
f 468/794/155 467/792/160 501/844/160 502/845/155 
f 469/796/156 468/794/155 502/845/155 503/846/156 
f 470/798/157 469/796/156 503/846/156 504/847/157 
f 471/800/158 470/798/157 504/847/157 505/848/158 
f 472/802/159 471/800/158 505/848/158 506/849/159 
f 419/707/133 472/802/159 506/849/159 477/809/229 
f 118/804/27 473/803/228 507/850/55 119/851/77 
f 105/852/14 508/853/61 474/806/62 106/805/72 
f 414/696/63 474/806/62 484/824/62 475/807/63 
f 507/850/55 473/803/228 476/808/67 489/831/68 
f 478/810/134 477/809/229 509/854/229 510/855/134 
f 479/811/136 478/810/134 510/855/134 511/856/136 
f 480/812/138 479/811/136 511/856/136 512/857/138 
f 481/813/139 480/812/138 512/857/138 513/858/139 
f 482/814/130 481/813/139 513/858/139 514/859/130 
f 483/823/131 482/814/130 514/859/130 515/860/230 
f 474/806/62 508/853/61 485/825/61 484/824/62 
f 508/861/61 516/862/60 486/827/60 485/826/61 
f 516/862/60 517/863/59 487/828/59 486/827/60 
f 517/863/59 518/864/231 488/829/69 487/828/59 
f 518/864/231 507/865/55 489/830/68 488/829/69 
f 490/833/132 483/823/131 515/860/230 519/866/132 
f 491/834/144 490/833/132 519/866/132 520/867/144 
f 492/835/145 491/834/144 520/867/144 521/868/145 
f 493/836/146 492/835/145 521/868/145 522/869/146 
f 494/837/147 493/836/146 522/869/146 523/870/147 
f 495/838/148 494/837/147 523/870/147 524/871/148 
f 496/839/149 495/838/148 524/871/148 525/872/149 
f 497/840/150 496/839/149 525/872/149 526/873/150 
f 498/841/151 497/840/150 526/873/150 527/874/151 
f 499/842/152 498/841/151 527/874/151 528/875/152 
f 500/843/153 499/842/152 528/875/152 529/876/153 
f 501/844/160 500/843/153 529/876/153 530/877/160 
f 502/845/155 501/844/160 530/877/160 531/878/155 
f 503/846/156 502/845/155 531/878/155 532/879/156 
f 504/847/157 503/846/156 532/879/156 533/880/157 
f 505/848/158 504/847/157 533/880/157 534/881/158 
f 506/849/159 505/848/158 534/881/158 535/882/159 
f 477/809/229 506/849/159 535/882/159 509/854/229 
f 119/883/77 507/865/55 518/864/231 120/884/78 
f 104/885/13 516/862/60 508/861/61 105/886/14 
f 510/855/134 509/854/229 536/887/229 537/888/134 
f 511/856/136 510/855/134 537/888/134 538/889/136 
f 512/857/138 511/856/136 538/889/136 539/890/138 
f 513/858/139 512/857/138 539/890/138 540/891/139 
f 514/859/130 513/858/139 540/891/139 541/892/130 
f 515/860/230 514/859/130 541/892/130 542/893/230 
f 103/894/71 517/863/59 516/862/60 104/885/13 
f 120/884/78 518/864/231 517/863/59 103/894/71 
f 519/866/132 515/860/230 542/893/230 543/895/132 
f 520/867/144 519/866/132 543/895/132 544/896/144 
f 521/868/145 520/867/144 544/896/144 545/897/145 
f 522/869/146 521/868/145 545/897/145 546/898/146 
f 523/870/147 522/869/146 546/898/146 547/899/147 
f 524/871/148 523/870/147 547/899/147 548/900/148 
f 525/872/149 524/871/148 548/900/148 549/901/149 
f 526/873/150 525/872/149 549/901/149 550/902/150 
f 527/874/151 526/873/150 550/902/150 551/903/151 
f 528/875/152 527/874/151 551/903/151 552/904/152 
f 529/876/153 528/875/152 552/904/152 553/905/153 
f 530/877/160 529/876/153 553/905/153 554/906/160 
f 531/878/155 530/877/160 554/906/160 555/907/155 
f 532/879/156 531/878/155 555/907/155 556/908/156 
f 533/880/157 532/879/156 556/908/156 557/909/157 
f 534/881/158 533/880/157 557/909/157 558/910/158 
f 535/882/159 534/881/158 558/910/158 559/911/159 
f 509/854/229 535/882/159 559/911/159 536/887/229 
f 537/888/134 536/887/229 560/912/163 
f 538/889/136 537/888/134 560/912/164 
f 539/890/138 538/889/136 560/912/165 
f 540/891/139 539/890/138 560/912/166 
f 541/892/130 540/891/139 560/912/167 
f 542/893/230 541/892/130 560/912/161 
f 543/895/132 542/893/230 560/912/162 
f 544/896/144 543/895/132 560/912/168 
f 545/897/145 544/896/144 560/912/169 
f 546/898/146 545/897/145 560/912/170 
f 547/899/147 546/898/146 560/912/171 
f 548/900/148 547/899/147 560/912/172 
f 549/901/149 548/900/148 560/912/173 
f 550/902/150 549/901/149 560/912/174 
f 551/903/151 550/902/150 560/912/175 
f 552/904/152 551/903/151 560/912/176 
f 553/905/153 552/904/152 560/912/177 
f 554/906/160 553/905/153 560/912/232 
f 555/907/155 554/906/160 560/912/233 
f 556/908/156 555/907/155 560/912/180 
f 557/909/157 556/908/156 560/912/181 
f 558/910/158 557/909/157 560/912/182 
f 559/911/159 558/910/158 560/912/183 
f 536/887/229 559/911/159 560/912/184 
f 537/888/134 560/912/163 560/912/164 
f 536/887/229 560/912/184 560/912/163 
f 538/889/136 560/912/164 560/912/165 
f 539/890/138 560/912/165 560/912/166 
f 540/891/139 560/912/166 560/912/167 
f 541/892/130 560/912/167 560/912/161 
f 542/893/230 560/912/161 560/912/162 
f 543/895/132 560/912/162 560/912/168 
f 544/896/144 560/912/168 560/912/169 
f 545/897/145 560/912/169 560/912/170 
f 546/898/146 560/912/170 560/912/171 
f 547/899/147 560/912/171 560/912/172 
f 548/900/148 560/912/172 560/912/173 
f 549/901/149 560/912/173 560/912/174 
f 550/902/150 560/912/174 560/912/175 
f 551/903/151 560/912/175 560/912/176 
f 552/904/152 560/912/176 560/912/177 
f 553/905/153 560/912/177 560/912/232 
f 554/906/160 560/912/232 560/912/233 
f 555/907/155 560/912/233 560/912/180 
f 556/908/156 560/912/180 560/912/181 
f 557/909/157 560/912/181 560/912/182 
f 558/910/158 560/912/182 560/912/183 
f 559/911/159 560/912/183 560/912/184 
s 1
f 560/912/164 560/912/163 560/912/184 560/912/183 560/912/182 560/912/181 560/912/180 560/912/233 560/912/232 560/912/177 560/912/176 560/912/175 560/912/174 560/912/173 560/912/172 560/912/171 560/912/170 560/912/169 560/912/168 560/912/162 560/912/161 560/912/167 560/912/166 560/912/165 
f 561/913/234 562/914/235 563/915/236 
f 561/913/234 563/915/236 564/916/237 
f 561/913/234 565/917/238 562/914/235 
f 562/914/235 566/918/239 567/919/240 563/915/236 
f 561/913/234 564/916/237 568/920/241 
f 563/915/236 567/919/240 569/921/242 564/916/237 
f 561/913/234 570/922/243 565/917/238 
f 565/917/238 571/923/244 566/918/239 562/914/235 
f 566/918/239 572/924/245 573/925/246 567/919/240 
f 561/913/234 568/920/241 574/926/247 
f 564/916/237 569/921/242 575/927/248 568/920/241 
f 567/919/240 573/925/246 576/928/249 569/921/242 
f 561/913/234 577/929/250 570/922/243 
f 570/922/243 578/930/251 571/923/244 565/917/238 
f 571/923/244 579/931/252 572/924/245 566/918/239 
f 572/932/245 580/933/253 581/934/254 573/935/246 
f 561/913/234 574/926/247 582/936/255 
f 568/920/241 575/927/248 583/937/256 574/926/247 
f 569/921/242 576/928/249 584/938/257 575/927/248 
f 573/935/246 581/934/254 585/939/258 576/940/249 
f 561/913/234 586/941/259 577/929/250 
f 577/929/250 587/942/260 578/930/251 570/922/243 
f 578/930/251 588/943/261 579/931/252 571/923/244 
f 579/944/252 589/945/262 580/933/253 572/932/245 
f 580/933/253 590/946/263 591/947/264 581/934/254 
f 561/913/234 582/936/255 592/948/265 
f 574/926/247 583/937/256 593/949/266 582/936/255 
f 575/927/248 584/938/257 594/950/267 583/937/256 
f 576/951/249 585/952/258 595/953/268 584/954/257 
f 581/934/254 591/947/264 596/955/269 585/939/258 
f 561/913/234 597/956/270 586/941/259 
f 586/941/259 598/957/271 587/942/260 577/929/250 
f 587/942/260 599/958/272 588/943/261 578/930/251 
f 588/959/261 600/960/273 589/945/262 579/944/252 
f 589/945/262 601/961/274 590/946/263 580/933/253 
f 590/962/263 602/963/275 603/964/276 591/965/264 
f 561/913/234 592/948/265 604/966/277 
f 582/936/255 593/949/266 605/967/278 592/948/265 
f 583/937/256 594/950/267 606/968/279 593/949/266 
f 584/969/257 595/970/268 607/971/59 594/972/267 
f 585/973/258 596/974/269 608/975/280 595/976/268 
f 591/965/264 603/964/276 609/977/281 596/978/269 
f 561/913/234 610/979/282 597/956/270 
f 597/956/270 611/980/283 598/957/271 586/941/259 
f 598/957/271 612/981/284 599/958/272 587/942/260 
f 599/982/272 613/983/285 600/984/273 588/985/261 
f 600/960/273 614/986/286 601/961/274 589/945/262 
f 601/987/274 615/988/287 602/963/275 590/962/263 
f 602/963/275 616/989/288 617/990/289 603/964/276 
f 561/913/234 604/966/277 618/991/290 
f 592/948/265 605/967/278 619/992/291 604/966/277 
f 593/949/266 606/968/279 620/993/292 605/967/278 
f 594/972/267 607/971/59 621/994/293 606/995/279 
f 595/970/268 608/996/280 622/997/294 607/971/59 
f 596/978/269 609/977/281 623/998/295 608/999/280 
f 603/964/276 617/990/289 624/1000/296 609/977/281 
f 561/913/234 625/1001/297 610/979/282 
f 610/979/282 626/1002/298 611/980/283 597/956/270 
f 611/980/283 627/1003/299 612/981/284 598/957/271 
f 612/1004/284 628/1005/300 613/1006/285 599/1007/272 
f 613/1008/285 629/1009/301 614/1010/286 600/1011/273 
f 614/1012/286 630/1013/302 615/988/287 601/987/274 
f 615/988/287 631/1014/303 616/989/288 602/963/275 
s 2
f 617/1015/289 616/1016/288 632/1017/304 633/1018/305 
s 1
f 561/913/234 618/991/290 625/1001/297 
f 604/966/277 619/992/291 634/1019/306 618/991/290 
f 605/967/278 620/993/292 635/1020/307 619/992/291 
f 606/1021/279 621/1022/293 636/1023/308 620/1024/292 
f 607/971/59 622/997/294 637/1025/309 621/994/293 
f 608/999/280 623/998/295 638/1026/310 622/1027/294 
f 609/977/281 624/1000/296 639/1028/311 623/998/295 
s 2
f 624/1029/296 617/1015/289 633/1018/305 640/1030/312 
s 1
f 625/1001/297 641/1031/313 626/1002/298 610/979/282 
f 626/1002/298 642/1032/314 627/1003/299 611/980/283 
f 627/1033/299 643/1034/315 628/1005/300 612/1004/284 
f 628/1005/300 644/1035/316 629/1036/301 613/1006/285 
f 629/1037/301 645/1038/317 630/1013/302 614/1012/286 
f 630/1013/302 646/1039/318 631/1014/303 615/988/287 
s 2
f 616/1016/288 631/1040/303 647/1041/319 632/1017/304 
s 1
f 648/1042/320 633/1043/305 632/1044/304 
f 618/991/290 634/1019/306 641/1031/313 625/1001/297 
f 619/992/291 635/1020/307 649/1045/321 634/1019/306 
f 620/1046/292 636/1047/308 650/1048/322 635/1049/307 
f 621/1050/293 637/1051/309 651/1052/323 636/1053/308 
f 622/1027/294 638/1026/310 652/1054/324 637/1055/309 
f 623/998/295 639/1028/311 653/1056/325 638/1026/310 
s 2
f 639/1057/311 624/1058/296 640/1059/312 654/1060/326 
s 1
f 648/1042/320 640/1061/312 633/1043/305 
f 641/1031/313 655/1062/327 642/1032/314 626/1002/298 
f 642/1063/314 656/1064/328 643/1065/315 627/1066/299 
f 643/1034/315 657/1067/329 644/1035/316 628/1005/300 
f 644/1068/316 658/1069/330 645/1038/317 629/1037/301 
f 645/1038/317 659/1070/331 646/1039/318 630/1013/302 
s 2
f 631/1040/303 646/1071/318 660/1072/332 647/1041/319 
s 1
f 648/1042/320 632/1044/304 647/1073/319 
f 634/1019/306 649/1045/321 655/1062/327 641/1031/313 
f 635/1049/307 650/1048/322 661/1074/333 649/1075/321 
f 636/1047/308 651/1076/323 662/1077/334 650/1048/322 
f 637/1055/309 652/1054/324 663/1078/335 651/1079/323 
f 638/1026/310 653/1056/325 664/1080/336 652/1054/324 
s 2
f 653/1081/325 639/1057/311 654/1060/326 665/1082/337 
s 1
f 648/1042/320 654/1083/326 640/1061/312 
f 655/1084/327 666/1085/338 656/1086/328 642/1087/314 
f 656/1088/328 667/1089/339 657/1090/329 643/1091/315 
f 657/1092/329 668/1093/340 658/1069/330 644/1068/316 
f 658/1069/330 669/1094/341 659/1070/331 645/1038/317 
s 2
f 646/1095/318 659/1096/331 670/1097/342 660/1098/332 
s 1
f 648/1042/320 647/1073/319 660/1099/332 
f 649/1075/321 661/1074/333 666/1085/338 655/1084/327 
f 650/1048/322 662/1077/334 671/1100/343 661/1074/333 
f 651/1079/323 663/1078/335 672/1101/344 662/1102/334 
f 652/1054/324 664/1080/336 673/1103/345 663/1078/335 
s 2
f 664/1104/336 653/1081/325 665/1082/337 674/1105/346 
s 1
f 648/1042/320 665/1106/337 654/1083/326 
f 666/1085/338 675/1107/347 667/1108/339 656/1086/328 
f 667/1109/339 676/1110/348 668/1093/340 657/1092/329 
f 668/1093/340 677/1111/349 669/1094/341 658/1069/330 
s 2
f 659/1096/331 669/1112/341 678/1113/350 670/1097/342 
s 1
f 648/1042/320 660/1099/332 670/1114/342 
f 661/1074/333 671/1100/343 675/1107/347 666/1085/338 
f 662/1102/334 672/1101/344 679/1115/351 671/1116/343 
f 663/1078/335 673/1103/345 680/1117/352 672/1101/344 
s 2
f 673/1118/345 664/1104/336 674/1105/346 681/1119/353 
s 1
f 648/1042/320 674/1120/346 665/1106/337 
f 675/1121/347 682/1122/354 676/1110/348 667/1109/339 
f 676/1110/348 683/1123/355 677/1111/349 668/1093/340 
s 2
f 669/1112/341 677/1124/349 684/1125/356 678/1113/350 
s 1
f 648/1042/320 670/1114/342 678/1126/350 
f 671/1116/343 679/1115/351 682/1122/354 675/1121/347 
f 672/1101/344 680/1117/352 685/1127/357 679/1115/351 
s 2
f 680/1128/352 673/1129/345 681/1130/353 686/1131/358 
s 1
f 648/1042/320 681/1132/353 674/1120/346 
f 682/1122/354 687/1133/359 683/1123/355 676/1110/348 
s 2
f 677/1124/349 683/1134/355 688/1135/360 684/1125/356 
s 1
f 648/1042/320 678/1126/350 684/1136/356 
f 679/1115/351 685/1127/357 687/1133/359 682/1122/354 
s 2
f 685/1137/357 680/1128/352 686/1131/358 689/1138/361 
s 1
f 648/1042/320 686/1139/358 681/1132/353 
s 2
f 683/1140/355 687/1141/359 690/1142/362 688/1143/360 
s 1
f 648/1042/320 684/1136/356 688/1144/360 
s 2
f 687/1141/359 685/1137/357 689/1138/361 690/1142/362 
s 1
f 648/1042/320 689/1145/361 686/1139/358 
f 648/1042/320 688/1144/360 690/1146/362 
f 648/1042/320 690/1146/362 689/1145/361 
f 691/1147/234 692/1148/235 693/1149/236 
f 691/1147/234 693/1149/236 694/1150/237 
f 691/1147/234 695/1151/238 692/1148/235 
f 692/1148/235 696/1152/239 697/1153/240 693/1149/236 
f 691/1147/234 694/1150/237 698/1154/241 
f 693/1149/236 697/1153/240 699/1155/242 694/1150/237 
f 691/1147/234 700/1156/243 695/1151/238 
f 695/1151/238 701/1157/244 696/1152/239 692/1148/235 
f 696/1152/239 702/1158/245 703/1159/246 697/1153/240 
f 691/1147/234 698/1154/241 704/1160/247 
f 694/1150/237 699/1155/242 705/1161/248 698/1154/241 
f 697/1153/240 703/1159/246 706/1162/249 699/1155/242 
f 691/1147/234 707/1163/250 700/1156/243 
f 700/1156/243 708/1164/251 701/1157/244 695/1151/238 
f 701/1157/244 709/1165/252 702/1158/245 696/1152/239 
f 702/1166/245 710/1167/253 711/1168/254 703/1169/246 
f 691/1147/234 704/1160/247 712/1170/255 
f 698/1154/241 705/1161/248 713/1171/256 704/1160/247 
f 699/1155/242 706/1162/249 714/1172/257 705/1161/248 
f 703/1169/246 711/1168/254 715/1173/258 706/1174/249 
f 691/1147/234 716/1175/259 707/1163/250 
f 707/1163/250 717/1176/260 708/1164/251 700/1156/243 
f 708/1164/251 718/1177/261 709/1165/252 701/1157/244 
f 709/1178/252 719/1179/262 710/1167/253 702/1166/245 
f 710/1167/253 720/1180/263 721/1181/264 711/1168/254 
f 691/1147/234 712/1170/255 722/1182/265 
f 704/1160/247 713/1171/256 723/1183/266 712/1170/255 
f 705/1161/248 714/1172/257 724/1184/267 713/1171/256 
f 706/1185/249 715/1186/258 725/1187/268 714/1188/257 
f 711/1168/254 721/1181/264 726/1189/269 715/1173/258 
f 691/1147/234 727/1190/270 716/1175/259 
f 716/1175/259 728/1191/271 717/1176/260 707/1163/250 
f 717/1176/260 729/1192/272 718/1177/261 708/1164/251 
f 718/1193/261 730/1194/273 719/1179/262 709/1178/252 
f 719/1179/262 731/1195/274 720/1180/263 710/1167/253 
f 720/1196/263 732/1197/275 733/1198/276 721/1199/264 
f 691/1147/234 722/1182/265 734/1200/277 
f 712/1170/255 723/1183/266 735/1201/278 722/1182/265 
f 713/1171/256 724/1184/267 736/1202/279 723/1183/266 
f 714/1203/257 725/1204/268 737/1205/59 724/1206/267 
f 715/1207/258 726/1208/269 738/1209/280 725/1210/268 
f 721/1199/264 733/1198/276 739/1211/281 726/1212/269 
f 691/1147/234 740/1213/282 727/1190/270 
f 727/1190/270 741/1214/283 728/1191/271 716/1175/259 
f 728/1191/271 742/1215/284 729/1192/272 717/1176/260 
f 729/1216/272 743/1217/285 730/1218/273 718/1219/261 
f 730/1194/273 744/1220/286 731/1195/274 719/1179/262 
f 731/1221/274 745/1222/287 732/1197/275 720/1196/263 
f 732/1197/275 746/1223/288 747/1224/289 733/1198/276 
f 691/1147/234 734/1200/277 748/1225/363 
f 722/1182/265 735/1201/278 749/1226/291 734/1200/277 
f 723/1183/266 736/1202/279 750/1227/292 735/1201/278 
f 724/1206/267 737/1205/59 751/1228/293 736/1229/279 
f 725/1204/268 738/1230/280 752/1231/294 737/1205/59 
f 726/1212/269 739/1211/281 753/1232/295 738/1233/280 
f 733/1198/276 747/1224/289 754/1234/296 739/1211/281 
f 691/1147/234 755/1235/297 740/1213/282 
f 740/1213/282 756/1236/298 741/1214/283 727/1190/270 
f 741/1214/283 757/1237/299 742/1215/284 728/1191/271 
f 742/1238/284 758/1239/300 743/1240/285 729/1241/272 
f 743/1242/285 759/1243/301 744/1244/286 730/1245/273 
f 744/1246/286 760/1247/302 745/1222/287 731/1221/274 
f 745/1222/287 761/1248/303 746/1223/288 732/1197/275 
s 2
f 747/1249/289 746/1250/288 762/1251/304 763/1252/305 
s 1
f 691/1147/234 748/1225/363 755/1235/297 
f 734/1200/277 749/1226/291 764/1253/306 748/1225/363 
f 735/1201/278 750/1227/292 765/1254/307 749/1226/291 
f 736/1255/279 751/1256/293 766/1257/308 750/1258/292 
f 737/1205/59 752/1231/294 767/1259/309 751/1228/293 
f 738/1233/280 753/1232/295 768/1260/310 752/1261/294 
f 739/1211/281 754/1234/296 769/1262/311 753/1232/295 
s 2
f 754/1263/296 747/1249/289 763/1252/305 770/1264/312 
s 1
f 755/1235/297 771/1265/313 756/1236/298 740/1213/282 
f 756/1236/298 772/1266/314 757/1237/299 741/1214/283 
f 757/1267/299 773/1268/315 758/1239/300 742/1238/284 
f 758/1239/300 774/1269/316 759/1270/301 743/1240/285 
f 759/1271/301 775/1272/317 760/1247/302 744/1246/286 
f 760/1247/302 776/1273/318 761/1248/303 745/1222/287 
s 2
f 746/1250/288 761/1274/303 777/1275/319 762/1251/304 
s 1
f 778/1276/320 763/1277/305 762/1278/304 
f 748/1225/363 764/1253/306 771/1265/313 755/1235/297 
f 749/1226/291 765/1254/307 779/1279/321 764/1253/306 
f 750/1280/292 766/1281/308 780/1282/322 765/1283/307 
f 751/1284/293 767/1285/309 781/1286/323 766/1287/308 
f 752/1261/294 768/1260/310 782/1288/324 767/1289/309 
f 753/1232/295 769/1262/311 783/1290/325 768/1260/310 
s 2
f 769/1291/311 754/1292/296 770/1293/312 784/1294/326 
s 1
f 778/1276/320 770/1295/312 763/1277/305 
f 771/1265/313 785/1296/327 772/1266/314 756/1236/298 
f 772/1297/314 786/1298/328 773/1299/315 757/1300/299 
f 773/1268/315 787/1301/329 774/1269/316 758/1239/300 
f 774/1302/316 788/1303/330 775/1272/317 759/1271/301 
f 775/1272/317 789/1304/331 776/1273/318 760/1247/302 
s 2
f 761/1274/303 776/1305/318 790/1306/332 777/1275/319 
s 1
f 778/1276/320 762/1278/304 777/1307/319 
f 764/1253/306 779/1279/321 785/1296/327 771/1265/313 
f 765/1283/307 780/1282/322 791/1308/333 779/1309/321 
f 766/1281/308 781/1310/323 792/1311/334 780/1282/322 
f 767/1289/309 782/1288/324 793/1312/335 781/1313/323 
f 768/1260/310 783/1290/325 794/1314/336 782/1288/324 
s 2
f 783/1315/325 769/1291/311 784/1294/326 795/1316/337 
s 1
f 778/1276/320 784/1317/326 770/1295/312 
f 785/1318/327 796/1319/338 786/1320/328 772/1321/314 
f 786/1322/328 797/1323/339 787/1324/329 773/1325/315 
f 787/1326/329 798/1327/340 788/1303/330 774/1302/316 
f 788/1303/330 799/1328/341 789/1304/331 775/1272/317 
s 2
f 776/1329/318 789/1330/331 800/1331/342 790/1332/332 
s 1
f 778/1276/320 777/1307/319 790/1333/332 
f 779/1309/321 791/1308/333 796/1319/338 785/1318/327 
f 780/1282/322 792/1311/334 801/1334/343 791/1308/333 
f 781/1313/323 793/1312/335 802/1335/344 792/1336/334 
f 782/1288/324 794/1314/336 803/1337/345 793/1312/335 
s 2
f 794/1338/336 783/1315/325 795/1316/337 804/1339/346 
s 1
f 778/1276/320 795/1340/337 784/1317/326 
f 796/1319/338 805/1341/347 797/1342/339 786/1320/328 
f 797/1343/339 806/1344/348 798/1327/340 787/1326/329 
f 798/1327/340 807/1345/364 799/1328/341 788/1303/330 
s 2
f 789/1330/331 799/1346/341 808/1347/350 800/1331/342 
s 1
f 778/1276/320 790/1333/332 800/1348/342 
f 791/1308/333 801/1334/343 805/1341/347 796/1319/338 
f 792/1336/334 802/1335/344 809/1349/351 801/1350/343 
f 793/1312/335 803/1337/345 810/1351/352 802/1335/344 
s 2
f 803/1352/345 794/1338/336 804/1339/346 811/1353/353 
s 1
f 778/1276/320 804/1354/346 795/1340/337 
f 805/1355/347 812/1356/354 806/1344/348 797/1343/339 
f 806/1344/348 813/1357/355 807/1345/364 798/1327/340 
s 2
f 799/1346/341 807/1358/364 814/1359/365 808/1347/350 
s 1
f 778/1276/320 800/1348/342 808/1360/350 
f 801/1350/343 809/1349/351 812/1356/354 805/1355/347 
f 802/1335/344 810/1351/352 815/1361/357 809/1349/351 
s 2
f 810/1362/352 803/1363/345 811/1364/353 816/1365/358 
s 1
f 778/1276/320 811/1366/353 804/1354/346 
f 812/1356/354 817/1367/359 813/1357/355 806/1344/348 
s 2
f 807/1358/364 813/1368/355 818/1369/366 814/1359/365 
s 1
f 778/1276/320 808/1360/350 814/1370/365 
f 809/1349/351 815/1361/357 817/1367/359 812/1356/354 
s 2
f 815/1371/357 810/1362/352 816/1365/358 819/1372/361 
s 1
f 778/1276/320 816/1373/358 811/1366/353 
s 2
f 813/1374/355 817/1375/359 820/1376/362 818/1377/366 
s 1
f 778/1276/320 814/1370/365 818/1378/366 
s 2
f 817/1375/359 815/1371/357 819/1372/361 820/1376/362 
s 1
f 778/1276/320 819/1379/361 816/1373/358 
f 778/1276/320 818/1378/366 820/1380/362 
f 778/1276/320 820/1380/362 819/1379/361 
f 821/1381/234 822/1382/235 823/1383/236 
f 821/1381/234 823/1383/236 824/1384/237 
f 821/1381/234 825/1385/238 822/1382/235 
f 822/1382/235 826/1386/239 827/1387/240 823/1383/236 
f 821/1381/234 824/1384/237 828/1388/241 
f 823/1383/236 827/1387/240 829/1389/242 824/1384/237 
f 821/1381/234 830/1390/243 825/1385/238 
f 825/1385/238 831/1391/244 826/1386/239 822/1382/235 
f 826/1386/239 832/1392/245 833/1393/246 827/1387/240 
f 821/1381/234 828/1388/241 834/1394/247 
f 824/1384/237 829/1389/242 835/1395/248 828/1388/241 
f 827/1387/240 833/1393/246 836/1396/249 829/1389/242 
f 821/1381/234 837/1397/250 830/1390/243 
f 830/1390/243 838/1398/251 831/1391/244 825/1385/238 
f 831/1391/244 839/1399/252 832/1392/245 826/1386/239 
f 832/1400/245 840/1401/253 841/1402/254 833/1403/246 
f 821/1381/234 834/1394/247 842/1404/255 
f 828/1388/241 835/1395/248 843/1405/256 834/1394/247 
f 829/1389/242 836/1396/249 844/1406/257 835/1395/248 
f 833/1403/246 841/1402/254 845/1407/258 836/1408/249 
f 821/1381/234 846/1409/367 837/1397/250 
f 837/1397/250 847/1410/260 838/1398/251 830/1390/243 
f 838/1398/251 848/1411/261 839/1399/252 831/1391/244 
f 839/1412/252 849/1413/262 840/1401/253 832/1400/245 
f 840/1401/253 850/1414/263 851/1415/264 841/1402/254 
f 821/1381/234 842/1404/255 852/1416/265 
f 834/1394/247 843/1405/256 853/1417/266 842/1404/255 
f 835/1395/248 844/1406/257 854/1418/267 843/1405/256 
f 836/1419/249 845/1420/258 855/1421/268 844/1422/257 
f 841/1402/254 851/1415/264 856/1423/269 845/1407/258 
f 821/1381/234 857/1424/270 846/1409/367 
f 846/1409/367 858/1425/271 847/1410/260 837/1397/250 
f 847/1410/260 859/1426/272 848/1411/261 838/1398/251 
f 848/1427/261 860/1428/273 849/1413/262 839/1412/252 
f 849/1413/262 861/1429/274 850/1414/263 840/1401/253 
f 850/1430/263 862/1431/275 863/1432/276 851/1433/264 
f 821/1381/234 852/1416/265 864/1434/277 
f 842/1404/255 853/1417/266 865/1435/278 852/1416/265 
f 843/1405/256 854/1418/267 866/1436/279 853/1417/266 
f 844/1437/257 855/1438/268 867/1439/59 854/1440/267 
f 845/1441/258 856/1442/269 868/1443/280 855/1444/268 
f 851/1433/264 863/1432/276 869/1445/281 856/1446/269 
f 821/1381/234 870/1447/282 857/1424/270 
f 857/1424/270 871/1448/283 858/1425/271 846/1409/367 
f 858/1425/271 872/1449/284 859/1426/272 847/1410/260 
f 859/1450/272 873/1451/285 860/1452/273 848/1453/261 
f 860/1428/273 874/1454/286 861/1429/274 849/1413/262 
f 861/1455/274 875/1456/287 862/1431/275 850/1430/263 
f 862/1431/275 876/1457/368 877/1458/369 863/1432/276 
f 821/1381/234 864/1434/277 878/1459/363 
f 852/1416/265 865/1435/278 879/1460/291 864/1434/277 
f 853/1417/266 866/1436/279 880/1461/292 865/1435/278 
f 854/1440/267 867/1439/59 881/1462/293 866/1463/279 
f 855/1438/268 868/1464/280 882/1465/294 867/1439/59 
f 856/1446/269 869/1445/281 883/1466/295 868/1467/280 
f 863/1432/276 877/1458/369 884/1468/296 869/1445/281 
f 821/1381/234 885/1469/297 870/1447/282 
f 870/1447/282 886/1470/298 871/1448/283 857/1424/270 
f 871/1448/283 887/1471/299 872/1449/284 858/1425/271 
f 872/1472/284 888/1473/300 873/1474/285 859/1475/272 
f 873/1476/285 889/1477/301 874/1478/286 860/1479/273 
f 874/1480/286 890/1481/302 875/1456/287 861/1455/274 
f 875/1456/287 891/1482/370 876/1457/368 862/1431/275 
s 2
f 877/1483/369 876/1484/368 892/1485/304 893/1486/305 
s 1
f 821/1381/234 878/1459/363 885/1469/297 
f 864/1434/277 879/1460/291 894/1487/306 878/1459/363 
f 865/1435/278 880/1461/292 895/1488/307 879/1460/291 
f 866/1489/279 881/1490/293 896/1491/371 880/1492/292 
f 867/1439/59 882/1465/294 897/1493/309 881/1462/293 
f 868/1467/280 883/1466/295 898/1494/310 882/1495/294 
f 869/1445/281 884/1468/296 899/1496/311 883/1466/295 
s 2
f 884/1497/296 877/1483/369 893/1486/305 900/1498/372 
s 1
f 885/1469/297 901/1499/313 886/1470/298 870/1447/282 
f 886/1470/298 902/1500/314 887/1471/299 871/1448/283 
f 887/1501/299 903/1502/315 888/1473/300 872/1472/284 
f 888/1473/300 904/1503/316 889/1504/301 873/1474/285 
f 889/1505/301 905/1506/317 890/1481/302 874/1480/286 
f 890/1481/302 906/1507/318 891/1482/370 875/1456/287 
s 2
f 876/1484/368 891/1508/370 907/1509/319 892/1485/304 
s 1
f 908/1510/373 893/1511/305 892/1512/304 
f 878/1459/363 894/1487/306 901/1499/313 885/1469/297 
f 879/1460/291 895/1488/307 909/1513/321 894/1487/306 
f 880/1514/292 896/1515/371 910/1516/322 895/1517/307 
f 881/1518/293 897/1519/309 911/1520/323 896/1521/371 
f 882/1495/294 898/1494/310 912/1522/324 897/1523/309 
f 883/1466/295 899/1496/311 913/1524/374 898/1494/310 
s 2
f 899/1525/311 884/1526/296 900/1527/372 914/1528/326 
s 1
f 908/1510/373 900/1529/372 893/1511/305 
f 901/1499/313 915/1530/327 902/1500/314 886/1470/298 
f 902/1531/314 916/1532/375 903/1533/315 887/1534/299 
f 903/1502/315 917/1535/329 904/1503/316 888/1473/300 
f 904/1536/316 918/1537/330 905/1506/317 889/1505/301 
f 905/1506/317 919/1538/331 906/1507/318 890/1481/302 
s 2
f 891/1508/370 906/1539/318 920/1540/376 907/1509/319 
s 1
f 908/1510/373 892/1512/304 907/1541/319 
f 894/1487/306 909/1513/321 915/1530/327 901/1499/313 
f 895/1517/307 910/1516/322 921/1542/333 909/1543/321 
f 896/1515/371 911/1544/323 922/1545/334 910/1516/322 
f 897/1523/309 912/1522/324 923/1546/335 911/1547/323 
f 898/1494/310 913/1524/374 924/1548/336 912/1522/324 
s 2
f 913/1549/374 899/1525/311 914/1528/326 925/1550/377 
s 1
f 908/1510/373 914/1551/326 900/1529/372 
f 915/1552/327 926/1553/338 916/1554/375 902/1555/314 
f 916/1556/375 927/1557/339 917/1558/329 903/1559/315 
f 917/1560/329 928/1561/340 918/1537/330 904/1536/316 
f 918/1537/330 929/1562/378 919/1538/331 905/1506/317 
s 2
f 906/1563/318 919/1564/331 930/1565/342 920/1566/376 
s 1
f 908/1510/373 907/1541/319 920/1567/376 
f 909/1543/321 921/1542/333 926/1553/338 915/1552/327 
f 910/1516/322 922/1545/334 931/1568/343 921/1542/333 
f 911/1547/323 923/1546/335 932/1569/344 922/1570/334 
f 912/1522/324 924/1548/336 933/1571/345 923/1546/335 
s 2
f 924/1572/336 913/1549/374 925/1550/377 934/1573/346 
s 1
f 908/1510/373 925/1574/377 914/1551/326 
f 926/1553/338 935/1575/347 927/1576/339 916/1554/375 
f 927/1577/339 936/1578/348 928/1561/340 917/1560/329 
f 928/1561/340 937/1579/364 929/1562/378 918/1537/330 
s 2
f 919/1564/331 929/1580/378 938/1581/379 930/1565/342 
s 1
f 908/1510/373 920/1567/376 930/1582/342 
f 921/1542/333 931/1568/343 935/1575/347 926/1553/338 
f 922/1570/334 932/1569/344 939/1583/351 931/1584/343 
f 923/1546/335 933/1571/345 940/1585/380 932/1569/344 
s 2
f 933/1586/345 924/1572/336 934/1573/346 941/1587/381 
s 1
f 908/1510/373 934/1588/346 925/1574/377 
f 935/1589/347 942/1590/354 936/1578/348 927/1577/339 
f 936/1578/348 943/1591/355 937/1579/364 928/1561/340 
s 2
f 929/1580/378 937/1592/364 944/1593/365 938/1581/379 
s 1
f 908/1510/373 930/1582/342 938/1594/379 
f 931/1584/343 939/1583/351 942/1590/354 935/1589/347 
f 932/1569/344 940/1585/380 945/1595/382 939/1583/351 
s 2
f 940/1596/380 933/1597/345 941/1598/381 946/1599/358 
s 1
f 908/1510/373 941/1600/381 934/1588/346 
f 942/1590/354 947/1601/383 943/1591/355 936/1578/348 
s 2
f 937/1592/364 943/1602/355 948/1603/384 944/1593/365 
s 1
f 908/1510/373 938/1594/379 944/1604/365 
f 939/1583/351 945/1595/382 947/1601/383 942/1590/354 
s 2
f 945/1605/382 940/1596/380 946/1599/358 949/1606/385 
s 1
f 908/1510/373 946/1607/358 941/1600/381 
s 2
f 943/1608/355 947/1609/383 950/1610/362 948/1611/384 
s 1
f 908/1510/373 944/1604/365 948/1612/384 
s 2
f 947/1609/383 945/1605/382 949/1606/385 950/1610/362 
s 1
f 908/1510/373 949/1613/385 946/1607/358 
f 908/1510/373 948/1612/384 950/1614/362 
f 908/1510/373 950/1614/362 949/1613/385 
f 951/1615/234 952/1616/235 953/1617/236 
f 951/1615/234 953/1617/236 954/1618/237 
f 951/1615/234 955/1619/238 952/1616/235 
f 952/1616/235 956/1620/239 957/1621/240 953/1617/236 
f 951/1615/234 954/1618/237 958/1622/241 
f 953/1617/236 957/1621/240 959/1623/242 954/1618/237 
f 951/1615/234 960/1624/243 955/1619/238 
f 955/1619/238 961/1625/244 956/1620/239 952/1616/235 
f 956/1620/239 962/1626/245 963/1627/246 957/1621/240 
f 951/1615/234 958/1622/241 964/1628/247 
f 954/1618/237 959/1623/242 965/1629/248 958/1622/241 
f 957/1621/240 963/1627/246 966/1630/249 959/1623/242 
f 951/1615/234 967/1631/250 960/1624/243 
f 960/1624/243 968/1632/251 961/1625/244 955/1619/238 
f 961/1625/244 969/1633/252 962/1626/245 956/1620/239 
f 962/1634/245 970/1635/253 971/1636/254 963/1637/246 
f 951/1615/234 964/1628/247 972/1638/255 
f 958/1622/241 965/1629/248 973/1639/256 964/1628/247 
f 959/1623/242 966/1630/249 974/1640/257 965/1629/248 
f 963/1637/246 971/1636/254 975/1641/258 966/1642/249 
f 951/1615/234 976/1643/367 967/1631/250 
f 967/1631/250 977/1644/260 968/1632/251 960/1624/243 
f 968/1632/251 978/1645/261 969/1633/252 961/1625/244 
f 969/1646/252 979/1647/262 970/1635/253 962/1634/245 
f 970/1635/253 980/1648/263 981/1649/264 971/1636/254 
f 951/1615/234 972/1638/255 982/1650/265 
f 964/1628/247 973/1639/256 983/1651/266 972/1638/255 
f 965/1629/248 974/1640/257 984/1652/267 973/1639/256 
f 966/1653/249 975/1654/258 985/1655/268 974/1656/257 
f 971/1636/254 981/1649/264 986/1657/269 975/1641/258 
f 951/1615/234 987/1658/270 976/1643/367 
f 976/1643/367 988/1659/271 977/1644/260 967/1631/250 
f 977/1644/260 989/1660/272 978/1645/261 968/1632/251 
f 978/1661/261 990/1662/273 979/1647/262 969/1646/252 
f 979/1647/262 991/1663/274 980/1648/263 970/1635/253 
f 980/1664/263 992/1665/275 993/1666/276 981/1667/264 
f 951/1615/234 982/1650/265 994/1668/277 
f 972/1638/255 983/1651/266 995/1669/278 982/1650/265 
f 973/1639/256 984/1652/267 996/1670/279 983/1651/266 
f 974/1671/257 985/1672/268 997/1673/59 984/1674/267 
f 975/1675/258 986/1676/269 998/1677/280 985/1678/268 
f 981/1667/264 993/1666/276 999/1679/281 986/1680/269 
f 951/1615/234 1000/1681/282 987/1658/270 
f 987/1658/270 1001/1682/283 988/1659/271 976/1643/367 
f 988/1659/271 1002/1683/284 989/1660/272 977/1644/260 
f 989/1684/272 1003/1685/285 990/1686/273 978/1687/261 
f 990/1662/273 1004/1688/286 991/1663/274 979/1647/262 
f 991/1689/274 1005/1690/287 992/1665/275 980/1664/263 
f 992/1665/275 1006/1691/368 1007/1692/369 993/1666/276 
f 951/1615/234 994/1668/277 1008/1693/363 
f 982/1650/265 995/1669/278 1009/1694/291 994/1668/277 
f 983/1651/266 996/1670/279 1010/1695/292 995/1669/278 
f 984/1674/267 997/1673/59 1011/1696/293 996/1697/279 
f 985/1672/268 998/1698/280 1012/1699/294 997/1673/59 
f 986/1680/269 999/1679/281 1013/1700/295 998/1701/280 
f 993/1666/276 1007/1692/369 1014/1702/296 999/1679/281 
f 951/1615/234 1015/1703/297 1000/1681/282 
f 1000/1681/282 1016/1704/298 1001/1682/283 987/1658/270 
f 1001/1682/283 1017/1705/299 1002/1683/284 988/1659/271 
f 1002/1706/284 1018/1707/300 1003/1708/285 989/1709/272 
f 1003/1710/285 1019/1711/301 1004/1712/286 990/1713/273 
f 1004/1714/286 1020/1715/302 1005/1690/287 991/1689/274 
f 1005/1690/287 1021/1716/370 1006/1691/368 992/1665/275 
s 2
f 1007/1717/369 1006/1718/368 1022/1719/304 1023/1720/305 
s 1
f 951/1615/234 1008/1693/363 1015/1703/297 
f 994/1668/277 1009/1694/291 1024/1721/306 1008/1693/363 
f 995/1669/278 1010/1695/292 1025/1722/307 1009/1694/291 
f 996/1723/279 1011/1724/293 1026/1725/371 1010/1726/292 
f 997/1673/59 1012/1699/294 1027/1727/309 1011/1696/293 
f 998/1701/280 1013/1700/295 1028/1728/310 1012/1729/294 
f 999/1679/281 1014/1702/296 1029/1730/311 1013/1700/295 
s 2
f 1014/1731/296 1007/1717/369 1023/1720/305 1030/1732/372 
s 1
f 1015/1703/297 1031/1733/313 1016/1704/298 1000/1681/282 
f 1016/1704/298 1032/1734/314 1017/1705/299 1001/1682/283 
f 1017/1735/299 1033/1736/315 1018/1707/300 1002/1706/284 
f 1018/1707/300 1034/1737/316 1019/1738/301 1003/1708/285 
f 1019/1739/301 1035/1740/317 1020/1715/302 1004/1714/286 
f 1020/1715/302 1036/1741/318 1021/1716/370 1005/1690/287 
s 2
f 1006/1718/368 1021/1742/370 1037/1743/319 1022/1719/304 
s 1
f 1038/1744/373 1023/1745/305 1022/1746/304 
f 1008/1693/363 1024/1721/306 1031/1733/313 1015/1703/297 
f 1009/1694/291 1025/1722/307 1039/1747/321 1024/1721/306 
f 1010/1748/292 1026/1749/371 1040/1750/322 1025/1751/307 
f 1011/1752/293 1027/1753/309 1041/1754/323 1026/1755/371 
f 1012/1729/294 1028/1728/310 1042/1756/324 1027/1757/309 
f 1013/1700/295 1029/1730/311 1043/1758/374 1028/1728/310 
s 2
f 1029/1759/311 1014/1760/296 1030/1761/372 1044/1762/326 
s 1
f 1038/1744/373 1030/1763/372 1023/1745/305 
f 1031/1733/313 1045/1764/327 1032/1734/314 1016/1704/298 
f 1032/1765/314 1046/1766/328 1033/1767/315 1017/1768/299 
f 1033/1736/315 1047/1769/329 1034/1737/316 1018/1707/300 
f 1034/1770/316 1048/1771/330 1035/1740/317 1019/1739/301 
f 1035/1740/317 1049/1772/331 1036/1741/318 1020/1715/302 
s 2
f 1021/1742/370 1036/1773/318 1050/1774/376 1037/1743/319 
s 1
f 1038/1744/373 1022/1746/304 1037/1775/319 
f 1024/1721/306 1039/1747/321 1045/1764/327 1031/1733/313 
f 1025/1751/307 1040/1750/322 1051/1776/333 1039/1777/321 
f 1026/1749/371 1041/1778/323 1052/1779/334 1040/1750/322 
f 1027/1757/309 1042/1756/324 1053/1780/335 1041/1781/323 
f 1028/1728/310 1043/1758/374 1054/1782/336 1042/1756/324 
s 2
f 1043/1783/374 1029/1759/311 1044/1762/326 1055/1784/377 
s 1
f 1038/1744/373 1044/1785/326 1030/1763/372 
f 1045/1786/327 1056/1787/338 1046/1788/328 1032/1789/314 
f 1046/1790/328 1057/1791/339 1047/1792/329 1033/1793/315 
f 1047/1794/329 1058/1795/340 1048/1771/330 1034/1770/316 
f 1048/1771/330 1059/1796/378 1049/1772/331 1035/1740/317 
s 2
f 1036/1797/318 1049/1798/331 1060/1799/342 1050/1800/376 
s 1
f 1038/1744/373 1037/1775/319 1050/1801/376 
f 1039/1777/321 1051/1776/333 1056/1787/338 1045/1786/327 
f 1040/1750/322 1052/1779/334 1061/1802/343 1051/1776/333 
f 1041/1781/323 1053/1780/335 1062/1803/344 1052/1804/334 
f 1042/1756/324 1054/1782/336 1063/1805/345 1053/1780/335 
s 2
f 1054/1806/336 1043/1783/374 1055/1784/377 1064/1807/346 
s 1
f 1038/1744/373 1055/1808/377 1044/1785/326 
f 1056/1787/338 1065/1809/347 1057/1810/339 1046/1788/328 
f 1057/1811/339 1066/1812/348 1058/1795/340 1047/1794/329 
f 1058/1795/340 1067/1813/364 1059/1796/378 1048/1771/330 
s 2
f 1049/1798/331 1059/1814/378 1068/1815/379 1060/1799/342 
s 1
f 1038/1744/373 1050/1801/376 1060/1816/342 
f 1051/1776/333 1061/1802/343 1065/1809/347 1056/1787/338 
f 1052/1804/334 1062/1803/344 1069/1817/351 1061/1818/343 
f 1053/1780/335 1063/1805/345 1070/1819/380 1062/1803/344 
s 2
f 1063/1820/345 1054/1806/336 1064/1807/346 1071/1821/381 
s 1
f 1038/1744/373 1064/1822/346 1055/1808/377 
f 1065/1823/347 1072/1824/354 1066/1812/348 1057/1811/339 
f 1066/1812/348 1073/1825/355 1067/1813/364 1058/1795/340 
s 2
f 1059/1814/378 1067/1826/364 1074/1827/365 1068/1815/379 
s 1
f 1038/1744/373 1060/1816/342 1068/1828/379 
f 1061/1818/343 1069/1817/351 1072/1824/354 1065/1823/347 
f 1062/1803/344 1070/1819/380 1075/1829/382 1069/1817/351 
s 2
f 1070/1830/380 1063/1831/345 1071/1832/381 1076/1833/358 
s 1
f 1038/1744/373 1071/1834/381 1064/1822/346 
f 1072/1824/354 1077/1835/383 1073/1825/355 1066/1812/348 
s 2
f 1067/1826/364 1073/1836/355 1078/1837/384 1074/1827/365 
s 1
f 1038/1744/373 1068/1828/379 1074/1838/365 
f 1069/1817/351 1075/1829/382 1077/1835/383 1072/1824/354 
s 2
f 1075/1839/382 1070/1830/380 1076/1833/358 1079/1840/385 
s 1
f 1038/1744/373 1076/1841/358 1071/1834/381 
s 2
f 1073/1842/355 1077/1843/383 1080/1844/362 1078/1845/384 
s 1
f 1038/1744/373 1074/1838/365 1078/1846/384 
s 2
f 1077/1843/383 1075/1839/382 1079/1840/385 1080/1844/362 
s 1
f 1038/1744/373 1079/1847/385 1076/1841/358 
f 1038/1744/373 1078/1846/384 1080/1848/362 
f 1038/1744/373 1080/1848/362 1079/1847/385 
# 865 polygons - 230 triangles

