# 3ds Max Wavefront OBJ Exporter v0.99 - (c)2007 guruware
# File Created: 03.09.2025 10:58:52

mtllib Marshmallow Laboratory.mtl

#
# object Marshmallow_Laboratory
#

v  -199.7052 6.9333 0.5543
v  -194.4684 6.9333 0.5543
v  -194.4684 17.5155 -0.7809
v  -199.7052 17.5155 -0.7809
v  -199.7052 6.8773 0.1102
v  -199.7052 17.4552 -1.2585
v  -199.5693 5.3982 -11.6132
v  -194.4684 5.3982 -11.6132
v  -194.4684 6.1657 -5.5295
v  -199.5693 6.1657 -5.5295
v  -189.2316 6.1657 -5.5295
v  -190.4227 6.9333 0.5543
v  -190.4227 17.5155 -0.7809
v  -199.7052 19.8320 -1.0731
v  -199.7052 19.8110 -1.5633
v  -253.7238 18.6366 -29.0024
v  -253.7238 17.8719 -34.9124
v  -253.7238 1.5668 -32.8027
v  -253.7238 5.8426 0.2440
v  -253.7238 19.8110 -1.5633
v  -199.5693 1.5668 -32.8027
v  -199.5693 5.8426 0.2440
v  -199.5693 17.8719 -34.9124
v  -199.5693 13.6777 -31.1996
v  -194.4684 13.6777 -31.1996
v  -194.4684 3.0955 -29.8645
v  -199.5693 3.0955 -29.8645
v  -194.4684 3.8630 -23.7808
v  -199.5693 3.8630 -23.7808
v  -194.4684 4.6306 -17.6970
v  -199.5693 4.6306 -17.6970
v  -189.2316 5.3982 -11.6132
v  -183.9948 6.1657 -5.5295
v  -182.8038 6.9333 0.5543
v  -190.4227 6.9333 -15.5216
v  -190.4227 17.5155 -16.8567
v  -189.2316 21.3679 -2.1160
v  -194.4684 28.0977 -2.1160
v  -199.7052 28.0977 -2.1160
v  -194.4684 38.6799 -3.4511
v  -199.7052 38.6799 -3.4511
v  -199.7052 26.3833 -1.8997
v  -199.7052 27.3301 -8.1997
v  -199.7052 26.1202 -8.0471
v  -199.7024 20.0674 4.4271
v  -199.7024 19.8320 -1.0731
v  -199.7024 26.3833 -1.8997
v  -199.7024 26.5457 1.8932
v  -256.6477 20.0674 4.4271
v  -256.6477 26.5457 1.8932
v  -256.6477 18.3685 -35.2649
v  -256.6477 24.8468 -37.7988
v  -199.7024 18.3685 -35.2649
v  -199.7024 24.8468 -37.7988
v  -199.7052 18.5164 -31.8101
v  -199.7052 18.2772 -31.7799
v  -199.7052 18.6366 -29.0024
v  -189.2316 13.6777 -31.1996
v  -194.4684 24.2599 -32.5348
v  -189.2316 24.2599 -32.5348
v  -189.2316 3.0955 -29.8645
v  -189.2316 3.8630 -23.7808
v  -189.2316 4.6306 -17.6970
v  -183.9948 5.3982 -11.6132
v  -182.8038 6.9333 -15.5216
v  -178.7580 6.1657 -5.5295
v  -178.7580 6.9333 0.5543
v  -189.2316 21.3679 -18.1919
v  -182.8038 17.5155 -16.8567
v  -189.2316 27.9762 -2.6256
v  -199.7052 37.9123 -9.5349
v  -193.9421 29.1571 -2.2672
v  -193.9421 37.6124 -3.3340
v  -194.4684 49.2621 -4.7862
v  -199.7052 49.2621 -4.7862
v  -199.7052 26.5626 -14.2835
v  -199.7052 25.8571 -14.1945
v  -245.7773 26.2025 -6.1259
v  -245.7773 37.6410 -6.1259
v  -245.7773 33.6828 -13.6455
v  -245.7773 27.6219 -13.6455
v  -245.7773 26.0116 -10.5862
v  -245.7773 27.6219 -25.1598
v  -245.7773 25.1901 -29.7797
v  -245.7773 33.6828 -25.1598
v  -245.7773 37.6410 -32.6793
v  -245.7773 25.0660 -32.6793
v  -210.6316 37.6410 -32.6793
v  -210.6316 25.0660 -32.6793
v  -210.6316 37.6410 -6.1259
v  -210.6316 26.2025 -6.1259
v  -220.2157 33.8294 -6.1259
v  -220.2157 27.4753 -6.1259
v  -217.0152 26.2025 -6.1259
v  -236.1932 27.4753 -6.1259
v  -239.3937 26.2025 -6.1259
v  -236.1932 33.8294 -6.1259
v  -199.7052 25.7950 -20.3673
v  -199.7052 25.5940 -20.3419
v  -199.7052 25.4892 -22.7912
v  -199.7052 36.3772 -21.7024
v  -199.7052 35.6096 -27.7861
v  -199.7052 25.3309 -26.4893
v  -199.7052 34.8421 -33.8699
v  -199.7052 25.0678 -32.6367
v  -183.9948 13.6777 -31.1996
v  -183.9948 24.2599 -32.5348
v  -194.4684 34.8421 -33.8699
v  -189.2316 34.8421 -33.8699
v  -199.7052 45.4243 -35.2050
v  -194.4684 45.4243 -35.2050
v  -183.9948 3.0955 -29.8645
v  -183.9948 3.8630 -23.7808
v  -183.9948 4.6306 -17.6970
v  -178.7580 5.3982 -11.6132
v  -182.8038 17.5155 -0.7809
v  -178.7580 17.5155 -0.7809
v  -173.5213 6.1657 -5.5295
v  -173.5213 6.9333 0.5543
v  -183.9948 21.3679 -2.1160
v  -183.9948 21.3679 -18.1919
v  -189.7579 29.0600 -2.6744
v  -183.9948 27.9762 -2.6256
v  -199.7052 37.1448 -15.6186
v  -199.7052 48.4945 -10.8700
v  -189.2316 38.6799 -3.4511
v  -189.7579 37.6124 -3.3340
v  -193.9421 29.1571 -9.1076
v  -193.9421 37.6124 -10.1744
v  -189.2316 49.2621 -4.7862
v  -194.4684 59.8443 -6.1214
v  -199.7052 59.8443 -6.1214
v  -241.1240 33.6828 -13.6455
v  -241.1240 27.6219 -13.6455
v  -241.1240 27.6219 -25.1598
v  -241.1240 33.6828 -25.1598
v  -220.2157 33.8294 -10.0914
v  -220.2157 27.4753 -10.0914
v  -236.1932 27.4753 -10.0914
v  -236.1932 33.8294 -10.0914
v  -199.7052 46.9594 -23.0375
v  -199.7052 46.1918 -29.1213
v  -178.7580 13.6777 -31.1996
v  -178.7580 24.2599 -32.5348
v  -183.9948 34.8421 -33.8699
v  -189.2316 45.4243 -35.2050
v  -199.7052 56.0064 -36.5401
v  -194.4684 56.0064 -36.5401
v  -178.7580 3.0955 -29.8645
v  -178.7580 3.8630 -23.7808
v  -178.7580 4.6306 -17.6970
v  -173.5213 5.3982 -11.6132
v  -173.5213 17.5155 -0.7809
v  -178.7580 28.0977 -2.1160
v  -173.5213 16.7479 -6.8646
v  -189.7579 29.0600 -9.5148
v  -183.9948 38.6799 -3.4511
v  -199.7052 47.7270 -16.9537
v  -199.7052 59.0767 -12.2051
v  -189.7579 37.6124 -10.1744
v  -183.9948 49.2621 -4.7862
v  -189.2316 59.8443 -6.1214
v  -194.4684 59.0767 -12.2051
v  -199.7052 57.5416 -24.3726
v  -199.7052 56.7740 -30.4564
v  -173.5213 13.6777 -31.1996
v  -173.5213 24.2599 -32.5348
v  -178.7580 34.8421 -33.8699
v  -183.9948 45.4243 -35.2050
v  -189.2316 56.0064 -36.5401
v  -194.4684 56.7740 -30.4564
v  -173.5213 3.0955 -29.8645
v  -173.5213 3.8630 -23.7808
v  -173.5213 4.6306 -17.6970
v  -173.5213 15.9804 -12.9484
v  -173.5213 28.0977 -2.1160
v  -173.5213 27.3301 -8.1997
v  -199.7052 58.3092 -18.2889
v  -183.4686 39.7434 -3.5853
v  -183.4686 48.1986 -4.6521
v  -183.9948 59.8443 -6.1214
v  -189.2316 59.0767 -12.2051
v  -194.4684 58.3092 -18.2889
v  -194.4684 57.5416 -24.3726
v  -173.5213 14.4452 -25.1159
v  -173.5213 25.0274 -26.4510
v  -173.5213 34.8421 -33.8699
v  -178.7580 45.4243 -35.2050
v  -183.9948 56.0064 -36.5401
v  -189.2316 56.7740 -30.4564
v  -173.5213 15.2128 -19.0321
v  -173.5213 26.5626 -14.2835
v  -173.5213 38.6799 -3.4511
v  -178.7580 38.6799 -3.4511
v  -173.5213 37.9123 -9.5349
v  -178.7580 49.2621 -4.7862
v  -179.2843 48.1986 -4.6521
v  -179.2843 39.7434 -3.5853
v  -183.4686 39.7434 -10.4257
v  -183.4686 48.1986 -11.4924
v  -178.7580 59.8443 -6.1214
v  -183.9948 59.0767 -12.2051
v  -189.2316 58.3092 -18.2889
v  -189.2316 57.5416 -24.3726
v  -173.5213 25.7950 -20.3673
v  -173.5213 35.6096 -27.7861
v  -173.5213 45.4243 -35.2050
v  -178.7580 56.0064 -36.5401
v  -183.9948 56.7740 -30.4564
v  -173.5213 37.1448 -15.6186
v  -173.5213 49.2621 -4.7862
v  -173.5213 48.4945 -10.8700
v  -179.2843 48.1986 -11.4924
v  -179.2843 39.7434 -10.4257
v  -173.5213 59.8443 -6.1214
v  -178.7580 59.0767 -12.2051
v  -183.9948 58.3092 -18.2889
v  -183.9948 57.5416 -24.3726
v  -173.5213 36.3772 -21.7024
v  -173.5213 46.1918 -29.1213
v  -173.5213 56.0064 -36.5401
v  -178.7580 56.7740 -30.4564
v  -173.5213 47.7270 -16.9537
v  -173.5213 59.0767 -12.2051
v  -178.7580 58.3092 -18.2889
v  -178.7580 57.5416 -24.3726
v  -173.5213 46.9594 -23.0375
v  -173.5213 56.7740 -30.4564
v  -173.5213 37.6865 -21.1546
v  -173.5213 38.2770 -16.4745
v  -173.5213 46.4176 -17.5016
v  -173.5213 58.3092 -18.2889
v  -173.5213 57.5416 -24.3726
v  -173.5213 45.8272 -22.1816
v  -173.5213 47.8036 -28.4469
v  -173.5213 48.3531 -24.0910
v  -173.5213 55.3803 -29.4029
v  -181.2385 37.6865 -21.1546
v  -181.2385 38.2770 -16.4745
v  -181.2385 46.4176 -17.5016
v  -173.5213 55.9298 -25.0470
v  -181.2385 45.8272 -22.1816
v  -181.2385 47.8036 -28.4469
v  -181.2385 48.3531 -24.0910
v  -181.2385 55.3803 -29.4029
v  -181.2385 55.9298 -25.0470
v  -228.2399 70.8064 -18.9664
v  -251.2867 37.4219 -5.3032
v  -205.1930 37.4219 -5.3032
v  -205.1930 37.4219 -32.6296
v  -251.2867 37.4219 -32.6296
v  -228.2399 37.4219 -18.9664
v  -205.5529 60.3117 -2.6997
v  -205.5529 59.0796 -10.1248
v  -197.8070 59.0796 -10.1248
v  -197.8070 60.3117 -2.6997
v  -197.8070 63.9859 -3.7196
v  -205.5529 63.9859 -3.7196
v  -205.5529 62.7539 -11.1446
v  -205.5529 57.8476 -17.5498
v  -197.8070 57.8476 -17.5498
v  -190.0612 59.0796 -10.1248
v  -190.0612 60.3117 -2.6997
v  -190.0612 63.9859 -3.7196
v  -199.0714 61.9985 -9.6671
v  -193.9181 61.9985 -9.6671
v  -193.9181 66.7366 -10.3456
v  -199.0714 66.7366 -10.3456
v  -205.5529 61.5218 -18.5697
v  -199.0714 61.1788 -14.6070
v  -199.0714 65.9169 -15.2855
v  -205.5529 56.6156 -24.9748
v  -197.8070 56.6156 -24.9748
v  -190.0612 57.8476 -17.5498
v  -182.3153 59.0796 -10.1248
v  -182.3153 60.3117 -2.6997
v  -182.3153 63.9859 -3.7196
v  -188.7649 61.9985 -9.6671
v  -188.7649 66.7366 -10.3456
v  -193.9181 69.1810 -11.0242
v  -199.0714 69.1810 -11.0242
v  -205.5529 60.2898 -25.9947
v  -199.0714 60.3591 -19.5468
v  -199.0714 65.0972 -20.2253
v  -199.0714 68.3613 -15.9640
v  -205.5529 55.3835 -32.3999
v  -197.8070 55.3835 -32.3999
v  -190.0612 56.6156 -24.9748
v  -182.3153 57.8476 -17.5498
v  -174.5695 59.0796 -10.1248
v  -174.5695 60.3117 -2.6997
v  -174.5695 63.9859 -3.7196
v  -183.6116 61.9985 -9.6671
v  -183.6116 66.7366 -10.3456
v  -188.7649 66.7366 -12.9163
v  -193.9181 66.7366 -12.9163
v  -193.9181 69.1810 -13.5948
v  -193.9181 71.6254 -11.7027
v  -199.0714 71.6254 -11.7027
v  -205.5529 59.0578 -33.4197
v  -199.0714 59.5395 -24.4866
v  -199.0714 64.2776 -25.1651
v  -195.7711 65.9169 -15.2855
v  -195.7711 65.0972 -20.2253
v  -195.7711 68.3613 -15.9640
v  -199.0714 70.8058 -16.6425
v  -205.5529 54.1515 -39.8249
v  -197.8070 54.1515 -39.8249
v  -190.0612 55.3835 -32.3999
v  -182.3153 56.6156 -24.9748
v  -174.5695 57.8476 -17.5498
v  -166.8236 59.0796 -10.1248
v  -166.8236 60.3117 -2.6997
v  -166.8236 63.9859 -3.7196
v  -178.4584 61.9985 -9.6671
v  -178.4584 66.7366 -10.3456
v  -183.6116 66.7366 -12.9163
v  -188.7649 69.1810 -13.5948
v  -193.9181 71.6254 -14.2733
v  -193.9181 74.0699 -12.3812
v  -199.0714 74.0699 -12.3812
v  -205.5529 57.8257 -40.8448
v  -199.0714 58.7198 -29.4264
v  -199.0714 63.4579 -30.1049
v  -195.7711 64.2776 -25.1651
v  -195.7711 67.5417 -20.9038
v  -195.7711 70.8058 -16.6425
v  -199.0714 73.2502 -17.3210
v  -197.8070 57.8257 -40.8448
v  -190.0612 54.1515 -39.8249
v  -182.3153 55.3835 -32.3999
v  -174.5695 56.6156 -24.9748
v  -166.8236 57.8476 -17.5498
v  -166.8236 62.7539 -11.1446
v  -173.3051 61.9985 -9.6671
v  -173.3051 66.7366 -10.3456
v  -178.4584 66.7366 -12.9163
v  -183.6116 69.1810 -13.5948
v  -188.7649 71.6254 -14.2733
v  -193.9181 74.0699 -14.9518
v  -193.9181 76.5143 -13.0597
v  -199.0714 76.5143 -13.0597
v  -199.0714 57.9002 -34.3662
v  -199.0714 62.6383 -35.0447
v  -195.7711 63.4579 -30.1049
v  -195.7711 66.7220 -25.8436
v  -195.7711 69.9861 -21.5823
v  -195.7711 73.2502 -17.3210
v  -199.0714 75.6947 -17.9995
v  -190.0612 57.8257 -40.8448
v  -193.9181 57.9002 -34.3662
v  -193.9181 62.6383 -35.0447
v  -182.3153 54.1515 -39.8249
v  -174.5695 55.3835 -32.3999
v  -166.8236 56.6156 -24.9748
v  -166.8236 61.5218 -18.5697
v  -173.3051 61.1788 -14.6070
v  -173.3051 65.9169 -15.2855
v  -173.3051 69.1810 -11.0242
v  -178.4584 69.1810 -11.0242
v  -178.4584 69.1810 -13.5948
v  -183.6116 71.6254 -14.2733
v  -188.7649 74.0699 -14.9518
v  -188.7649 74.0699 -12.3812
v  -188.7649 76.5143 -13.0597
v  -199.0714 65.9024 -30.7834
v  -199.0714 65.0827 -35.7232
v  -195.7711 65.9024 -30.7834
v  -195.7711 69.1665 -26.5221
v  -195.7711 72.4305 -22.2608
v  -199.0714 72.4305 -22.2608
v  -199.0714 74.8750 -22.9393
v  -182.3153 57.8257 -40.8448
v  -188.7649 57.9002 -34.3662
v  -188.7649 62.6383 -35.0447
v  -193.9181 65.0827 -35.7232
v  -174.5695 54.1515 -39.8249
v  -166.8236 55.3835 -32.3999
v  -166.8236 60.2898 -25.9947
v  -173.3051 60.3591 -19.5468
v  -173.3051 65.0972 -20.2253
v  -173.3051 68.3613 -15.9640
v  -173.3051 71.6254 -11.7027
v  -178.4584 71.6254 -11.7027
v  -178.4584 71.6254 -14.2733
v  -183.6116 74.0699 -14.9518
v  -183.6116 74.0699 -12.3812
v  -183.6116 76.5143 -13.0597
v  -199.0714 68.3468 -31.4619
v  -199.0714 67.5271 -36.4018
v  -195.7711 68.3468 -31.4619
v  -195.7711 71.6109 -27.2006
v  -199.0714 71.6109 -27.2006
v  -199.0714 74.0553 -27.8791
v  -199.0714 77.6765 -21.4659
v  -199.0714 77.3194 -23.6178
v  -199.0714 78.0510 -18.6536
v  -174.5695 57.8257 -40.8448
v  -183.6116 57.9002 -34.3662
v  -183.6116 62.6383 -35.0447
v  -193.9181 62.6383 -29.6933
v  -188.7649 62.6383 -29.6933
v  -193.9181 65.0827 -30.3718
v  -193.9181 67.5271 -36.4018
v  -166.8236 54.1515 -39.8249
v  -166.8236 59.0578 -33.4197
v  -173.3051 59.5395 -24.4866
v  -173.3051 64.2776 -25.1651
v  -177.0326 65.0972 -20.2253
v  -177.0326 65.9169 -15.2855
v  -177.0326 68.3613 -15.9640
v  -173.3051 70.8058 -16.6425
v  -173.3051 74.0699 -12.3812
v  -178.4584 74.0699 -12.3812
v  -178.4584 74.0699 -14.9518
v  -178.4584 76.5143 -13.0597
v  -199.2319 83.8740 -12.9541
v  -202.5433 79.6274 -6.8168
v  -195.9205 79.6274 -6.8168
v  -193.9337 83.8740 -12.9541
v  -199.2319 83.0565 -19.0927
v  -202.5433 78.6055 -14.4901
v  -199.0714 70.7912 -32.1404
v  -199.0714 69.9716 -37.0803
v  -195.7711 70.7912 -32.1404
v  -199.0714 73.2357 -32.8190
v  -199.0714 76.4998 -28.5576
v  -193.9181 77.6765 -21.4659
v  -193.9181 77.3194 -23.6178
v  -199.2319 82.2390 -25.2313
v  -202.5433 77.5836 -22.1634
v  -202.5433 76.5617 -29.8366
v  -185.9864 77.0727 -26.0000
v  -192.5086 77.6765 -21.4659
v  -189.8997 77.6765 -21.4660
v  -166.8236 57.8257 -40.8448
v  -178.4584 57.9002 -34.3662
v  -178.4584 62.6383 -35.0447
v  -183.6116 62.6383 -29.6933
v  -188.7649 65.0827 -30.3718
v  -193.9181 67.5271 -31.0503
v  -193.9181 69.9716 -37.0803
v  -173.3051 58.7198 -29.4264
v  -173.3051 63.4579 -30.1049
v  -177.0326 64.2776 -25.1651
v  -177.0326 67.5417 -20.9038
v  -177.0326 70.8058 -16.6425
v  -173.3051 73.2502 -17.3210
v  -173.3051 76.5143 -13.0597
v  -189.2978 79.6274 -6.8168
v  -188.1147 78.7146 -13.6704
v  -183.8581 78.7146 -13.6704
v  -182.6750 79.6274 -6.8168
v  -188.6355 83.8740 -12.9541
v  -195.9205 88.1207 -19.0913
v  -191.9469 88.1207 -19.0913
v  -195.9205 87.5075 -23.6953
v  -199.0714 72.4160 -37.7588
v  -199.0714 75.6801 -33.4975
v  -193.9181 76.4998 -28.5576
v  -195.9205 86.8944 -28.2993
v  -199.2319 81.4215 -31.3699
v  -202.5433 75.5398 -37.5099
v  -188.7649 77.3194 -23.6178
v  -188.7649 76.4998 -28.5576
v  -173.3051 57.9002 -34.3662
v  -173.3051 62.6383 -35.0447
v  -178.4584 62.6383 -29.6933
v  -183.6116 65.0827 -30.3718
v  -188.7649 67.5271 -31.0503
v  -193.9181 69.9716 -31.7288
v  -193.9181 72.4160 -37.7588
v  -177.0326 63.4579 -30.1049
v  -177.0326 66.7220 -25.8436
v  -177.0326 69.9861 -21.5823
v  -177.0326 73.2502 -17.3210
v  -173.3051 75.6947 -17.9995
v  -183.3373 83.8740 -12.9541
v  -176.0522 79.6274 -6.8168
v  -178.0391 83.8740 -12.9541
v  -187.9732 88.1207 -19.0913
v  -192.6091 92.3673 -25.2286
v  -189.9600 92.3673 -25.2286
v  -192.6091 91.9586 -28.2979
v  -199.0714 74.8604 -38.4373
v  -193.9181 75.6801 -33.4975
v  -192.6091 91.5498 -31.3672
v  -195.9205 86.2813 -32.9032
v  -199.2319 80.6040 -37.5085
v  -202.5433 74.5180 -45.1832
v  -188.3344 77.6765 -21.4660
v  -186.7690 77.6765 -21.4660
v  -183.6116 77.3194 -23.6178
v  -183.6116 76.4998 -28.5576
v  -185.2037 77.6765 -21.4660
v  -183.6384 77.6765 -21.4660
v  -188.7649 75.6801 -33.4975
v  -178.4584 65.0827 -35.7232
v  -173.3051 65.0827 -35.7232
v  -178.4584 65.0827 -30.3718
v  -183.6116 67.5271 -31.0503
v  -188.7649 69.9716 -31.7288
v  -188.7649 69.9716 -37.0803
v  -188.7649 72.4160 -37.7588
v  -193.9181 74.8604 -38.4373
v  -173.3051 65.9024 -30.7834
v  -177.0326 65.9024 -30.7834
v  -177.0326 69.1665 -26.5221
v  -177.0326 72.4305 -22.2608
v  -173.3051 72.4305 -22.2608
v  -173.3051 74.8750 -22.9393
v  -169.4295 79.6274 -6.8168
v  -172.7409 83.8740 -12.9541
v  -183.9995 88.1207 -19.0913
v  -180.0259 88.1207 -19.0913
v  -187.3109 92.3673 -25.2286
v  -189.2978 96.6140 -31.3658
v  -187.9732 96.6140 -31.3658
v  -189.2978 96.4096 -32.9005
v  -189.2978 96.2052 -34.4351
v  -192.6091 91.1411 -34.4365
v  -195.9205 85.6682 -37.5072
v  -199.2319 79.7865 -43.6471
v  -195.9205 74.5180 -45.1832
v  -182.0731 77.6765 -21.4660
v  -179.4641 77.6765 -21.4659
v  -173.3051 77.6765 -21.4659
v  -173.3051 77.3194 -23.6178
v  -178.4584 77.3194 -23.6178
v  -178.4584 77.6765 -21.4659
v  -178.4584 76.4998 -28.5576
v  -183.6116 75.6801 -33.4975
v  -188.7649 74.8604 -38.4373
v  -178.4584 67.5271 -36.4018
v  -173.3051 67.5271 -36.4018
v  -178.4584 67.5271 -31.0503
v  -183.6116 69.9716 -31.7288
v  -183.6116 69.9716 -37.0803
v  -183.6116 72.4160 -37.7588
v  -173.3051 68.3468 -31.4619
v  -177.0326 68.3468 -31.4619
v  -177.0326 71.6109 -27.2006
v  -173.3051 71.6109 -27.2006
v  -173.3051 74.0553 -27.8791
v  -173.3051 78.0510 -18.6536
v  -169.4295 78.6055 -14.4901
v  -172.7409 83.0565 -19.0927
v  -176.0522 88.1207 -19.0913
v  -184.6618 92.3673 -25.2286
v  -182.0127 92.3673 -25.2286
v  -186.6487 96.6140 -31.3658
v  -189.2978 96.0008 -35.9698
v  -192.6091 90.7323 -37.5058
v  -195.9205 85.0550 -42.1111
v  -193.9337 79.7865 -43.6471
v  -189.2978 74.5180 -45.1832
v  -169.4295 77.5836 -22.1634
v  -172.7409 82.2390 -25.2313
v  -169.4295 76.5617 -29.8366
v  -173.3051 76.4998 -28.5576
v  -178.4584 75.6801 -33.4975
v  -183.6116 74.8604 -38.4373
v  -178.4584 69.9716 -37.0803
v  -173.3051 69.9716 -37.0803
v  -178.4584 69.9716 -31.7288
v  -178.4584 72.4160 -37.7588
v  -173.3051 70.7912 -32.1404
v  -177.0326 70.7912 -32.1404
v  -173.3051 73.2357 -32.8190
v  -176.0522 87.5075 -23.6953
v  -179.3636 92.3673 -25.2286
v  -185.3241 96.6140 -31.3658
v  -183.9995 96.6140 -31.3658
v  -189.2978 95.7965 -37.5045
v  -192.6091 90.3236 -40.5751
v  -191.9469 85.0550 -42.1111
v  -188.6355 79.7865 -43.6471
v  -182.6750 74.5180 -45.1832
v  -176.0522 86.8944 -28.2993
v  -172.7409 81.4215 -31.3699
v  -169.4295 75.5398 -37.5099
v  -173.3051 75.6801 -33.4975
v  -178.4584 74.8604 -38.4373
v  -173.3051 72.4160 -37.7588
v  -179.3636 91.9586 -28.2979
v  -182.6750 96.6140 -31.3658
v  -189.2978 95.5921 -39.0391
v  -189.9600 90.3236 -40.5751
v  -187.9732 85.0550 -42.1111
v  -183.3373 79.7865 -43.6471
v  -176.0522 74.5180 -45.1832
v  -179.3636 91.5498 -31.3672
v  -176.0522 86.2813 -32.9032
v  -172.7409 80.6040 -37.5085
v  -169.4295 74.5180 -45.1832
v  -173.3051 74.8604 -38.4373
v  -182.6750 96.4096 -32.9005
v  -187.9732 95.5921 -39.0391
v  -187.3109 90.3236 -40.5751
v  -183.9995 85.0550 -42.1111
v  -178.0391 79.7865 -43.6471
v  -182.6750 96.2052 -34.4351
v  -179.3636 91.1411 -34.4365
v  -176.0522 85.6682 -37.5072
v  -172.7409 79.7865 -43.6471
v  -186.6487 95.5921 -39.0391
v  -184.6618 90.3236 -40.5751
v  -180.0259 85.0550 -42.1111
v  -182.6750 96.0008 -35.9698
v  -179.3636 90.7323 -37.5058
v  -176.0522 85.0550 -42.1111
v  -185.3241 95.5921 -39.0391
v  -182.0127 90.3236 -40.5751
v  -182.6750 95.7965 -37.5045
v  -179.3636 90.3236 -40.5751
v  -183.9995 95.5921 -39.0391
v  -182.6750 95.5921 -39.0391
v  -185.6555 101.4171 -36.3751
v  -185.6555 101.2796 -37.0227
v  -185.7840 101.2810 -37.0102
v  -185.9076 101.2851 -36.9729
v  -185.5269 101.2810 -37.0102
v  -185.6555 101.0184 -37.6311
v  -185.9076 101.0211 -37.6064
v  -186.0215 101.2919 -36.9124
v  -186.1500 101.0293 -37.5333
v  -185.4033 101.2851 -36.9729
v  -185.4033 101.0211 -37.6064
v  -185.6555 100.6435 -38.1768
v  -186.0215 100.6475 -38.1410
v  -186.1214 101.3010 -36.8309
v  -186.3735 101.0425 -37.4146
v  -186.3735 100.6593 -38.0348
v  -185.2894 101.2919 -36.9124
v  -185.1609 101.0293 -37.5333
v  -185.2894 100.6475 -38.1410
v  -185.6555 100.1693 -38.6389
v  -186.1214 100.1744 -38.5933
v  -186.2033 101.3120 -36.7317
v  -186.5693 101.0603 -37.2549
v  -186.6979 100.6785 -37.8625
v  -186.5693 100.1895 -38.4582
v  -185.1896 101.3010 -36.8309
v  -184.9374 101.0425 -37.4146
v  -184.9374 100.6593 -38.0348
v  -185.1896 100.1744 -38.5933
v  -185.6555 99.6142 -38.9996
v  -186.2033 99.6201 -38.9460
v  -186.2642 101.3246 -36.6185
v  -186.7301 101.0820 -37.0602
v  -186.9822 100.7044 -37.6306
v  -186.9822 100.2139 -38.2389
v  -186.7301 99.6379 -38.7871
v  -185.1076 101.3120 -36.7317
v  -184.7416 101.0603 -37.2549
v  -184.6130 100.6785 -37.8625
v  -184.7416 100.1895 -38.4582
v  -185.1076 99.6201 -38.9460
v  -185.6555 98.9993 -39.2451
v  -186.2642 99.0059 -39.1855
v  -186.3017 101.3383 -36.4957
v  -186.8495 101.1068 -36.8382
v  -187.2156 100.7359 -37.3480
v  -187.3441 100.2469 -37.9437
v  -187.2156 99.6666 -38.5292
v  -186.8495 99.0256 -39.0090
v  -185.0467 101.3246 -36.6185
v  -184.5808 101.0820 -37.0602
v  -184.3287 100.7044 -37.6306
v  -184.3287 100.2139 -38.2389
v  -184.5808 99.6379 -38.7871
v  -185.0467 99.0059 -39.1855
v  -185.6555 98.3483 -39.3658
v  -186.3017 98.3554 -39.3026
v  -186.3143 101.3526 -36.3679
v  -186.9230 101.1336 -36.5972
v  -187.3889 100.7718 -37.0256
v  -187.6411 100.2870 -37.5841
v  -187.6411 99.7053 -38.1822
v  -187.3889 99.0576 -38.7224
v  -186.9230 98.3763 -39.1153
v  -185.0092 101.3383 -36.4957
v  -184.4614 101.1068 -36.8382
v  -184.0954 100.7359 -37.3480
v  -183.9668 100.2469 -37.9437
v  -184.0954 99.6666 -38.5293
v  -184.4614 99.0256 -39.0090
v  -185.0092 98.3554 -39.3026
v  -185.6555 97.6863 -39.3573
v  -186.3143 97.6935 -39.2928
v  -186.3017 101.3668 -36.2402
v  -186.9479 101.1616 -36.3466
v  -187.4957 100.8109 -36.6758
v  -187.8618 100.3327 -37.1737
v  -187.9903 99.7525 -37.7593
v  -187.8618 99.1006 -38.3368
v  -187.4957 98.4102 -38.8110
v  -186.9479 97.7148 -39.1018
v  -184.9966 101.3526 -36.3679
v  -184.3878 101.1336 -36.5972
v  -183.9220 100.7718 -37.0256
v  -183.6698 100.2870 -37.5841
v  -183.6698 99.7053 -38.1822
v  -183.9220 99.0576 -38.7224
v  -184.3879 98.3763 -39.1153
v  -184.9966 97.6935 -39.2928
v  -185.6555 97.0387 -39.2198
v  -186.3017 97.0457 -39.1566
v  -186.2642 101.3805 -36.1173
v  -186.9230 101.1895 -36.0960
v  -187.5318 100.8514 -36.3120
v  -187.9977 100.3824 -36.7285
v  -188.2498 99.8063 -37.2768
v  -188.2498 99.1530 -37.8669
v  -187.9977 98.4558 -38.4016
v  -187.5318 97.7494 -38.7917
v  -186.9230 97.0666 -38.9692
v  -185.0092 101.3668 -36.2402
v  -184.3630 101.1616 -36.3466
v  -183.8152 100.8109 -36.6758
v  -183.4491 100.3327 -37.1737
v  -183.3206 99.7525 -37.7593
v  -183.4491 99.1006 -38.3368
v  -183.8152 98.4102 -38.8110
v  -184.3630 97.7148 -39.1018
v  -185.0092 97.0457 -39.1566
v  -185.6555 96.4303 -38.9586
v  -186.2642 96.4370 -38.8990
v  -186.2033 101.3932 -36.0041
v  -186.8495 101.2164 -35.8551
v  -187.4957 100.8920 -35.9482
v  -188.0436 100.4340 -36.2655
v  -188.4096 99.8647 -36.7532
v  -188.5381 99.2127 -37.3308
v  -188.4096 98.5115 -37.9028
v  -188.0436 97.7960 -38.3742
v  -187.4957 97.1006 -38.6650
v  -186.8607 96.5493 -38.7600
v  -186.6284 96.4492 -38.7892
v  -185.0467 101.3805 -36.1173
v  -184.3878 101.1895 -36.0960
v  -183.7791 100.8514 -36.3120
v  -183.3132 100.3824 -36.7285
v  -183.0611 99.8063 -37.2768
v  -183.0611 99.1530 -37.8669
v  -183.3132 98.4558 -38.4016
v  -183.7791 97.7494 -38.7917
v  -184.3879 97.0666 -38.9692
v  -185.0467 96.4370 -38.8990
v  -186.2519 96.3271 -38.8248
v  -185.6555 96.2629 -38.8435
v  -186.1214 101.4042 -35.9049
v  -186.7301 101.2412 -35.6330
v  -187.3889 100.9310 -35.5984
v  -187.9977 100.4856 -35.8025
v  -188.4636 99.9254 -36.2088
v  -188.7157 99.2776 -36.7490
v  -188.7157 98.5749 -37.3336
v  -188.4636 97.8527 -37.8656
v  -185.1076 101.3932 -36.0041
v  -184.4614 101.2164 -35.8551
v  -183.8152 100.8920 -35.9482
v  -183.2673 100.4340 -36.2655
v  -182.9013 99.8647 -36.7532
v  -182.7728 99.2127 -37.3308
v  -182.9013 98.5115 -37.9028
v  -183.2673 97.7960 -38.3742
v  -183.8152 97.1006 -38.6650
v  -184.6825 96.4492 -38.7892
v  -184.4502 96.5493 -38.7600
v  -186.0215 101.4133 -35.8234
v  -186.5693 101.2629 -35.4384
v  -187.2156 100.9669 -35.2760
v  -187.8618 100.5353 -35.3572
v  -188.4096 99.9861 -35.6643
v  -188.7757 99.3451 -36.1441
v  -188.9042 98.6438 -36.7161
v  -188.7757 97.9174 -37.2853
v  -188.3559 97.1946 -37.8218
v  -188.4096 97.2018 -37.7568
v  -188.0312 97.6217 -38.3424
v  -187.5790 97.1081 -38.5971
v  -187.4785 97.0019 -38.6281
v  -185.1896 101.4042 -35.9049
v  -184.5808 101.2412 -35.6330
v  -183.9220 100.9310 -35.5984
v  -183.3132 100.4856 -35.8025
v  -182.8473 99.9254 -36.2088
v  -182.5952 99.2776 -36.7490
v  -182.5952 98.5749 -37.3336
v  -182.8473 97.8527 -37.8656
v  -185.0590 96.3271 -38.8248
v  -185.9076 101.4201 -35.7629
v  -186.3735 101.2807 -35.2786
v  -186.9822 100.9985 -34.9934
v  -187.6411 100.5810 -34.9469
v  -188.2498 100.0444 -35.1408
v  -188.7157 99.4125 -35.5391
v  -188.9678 98.7154 -36.0738
v  -188.9678 97.9876 -36.6557
v  -188.7157 97.2653 -37.1876
v  -188.3950 97.1455 -37.7407
v  -185.2894 101.4133 -35.8234
v  -184.7416 101.2629 -35.4384
v  -184.0953 100.9669 -35.2760
v  -183.4491 100.5353 -35.3572
v  -182.9013 99.9861 -35.6643
v  -182.5352 99.3451 -36.1441
v  -182.4067 98.6438 -36.7161
v  -182.5352 97.9174 -37.2853
v  -182.9013 97.2018 -37.7568
v  -183.3132 97.1462 -38.2556
v  -183.3890 96.8036 -38.1412
v  -183.6266 97.1177 -38.5112
v  -183.8324 97.0019 -38.6281
v  -183.7319 97.1081 -38.5971
v  -185.7840 101.4242 -35.7257
v  -186.1500 101.2939 -35.1599
v  -186.6979 101.0243 -34.7615
v  -187.3441 100.6211 -34.5872
v  -187.9903 100.0983 -34.6583
v  -188.5381 99.4774 -34.9574
v  -188.9042 98.7870 -35.4316
v  -189.0327 98.0606 -36.0008
v  -188.9042 97.3342 -36.5701
v  -185.4033 101.4201 -35.7629
v  -184.9374 101.2807 -35.2786
v  -184.3287 100.9985 -34.9934
v  -183.6698 100.5810 -34.9469
v  -183.0611 100.0444 -35.1408
v  -182.5952 99.4125 -35.5391
v  -182.3430 98.7154 -36.0739
v  -182.3430 97.9876 -36.6557
v  -182.5952 97.2653 -37.1876
v  -183.0611 96.5840 -37.5804
v  -183.1990 96.5654 -37.7474
v  -185.6555 101.4256 -35.7131
v  -185.9076 101.3021 -35.0868
v  -186.3735 101.0435 -34.5892
v  -186.9822 100.6540 -34.2921
v  -187.6411 100.1454 -34.2354
v  -188.2498 99.5372 -34.4212
v  -188.7157 98.8559 -34.8141
v  -188.9678 98.1336 -35.3460
v  -188.9678 97.4058 -35.9278
v  -188.7394 96.7873 -36.4761
v  -188.6113 96.8997 -37.1033
v  -185.5269 101.4242 -35.7257
v  -185.1609 101.2939 -35.1599
v  -184.6130 101.0243 -34.7615
v  -183.9668 100.6211 -34.5872
v  -183.3206 100.0983 -34.6583
v  -182.7728 99.4774 -34.9574
v  -182.4067 98.7870 -35.4316
v  -182.2782 98.0606 -36.0008
v  -182.4067 97.3342 -36.5701
v  -182.7728 96.6438 -37.0443
v  -183.1154 96.4665 -37.5308
v  -185.6554 101.3048 -35.0621
v  -186.0215 101.0554 -34.4831
v  -186.5693 100.6785 -34.0728
v  -187.2156 100.1841 -33.8883
v  -187.8618 99.5896 -33.9513
v  -188.4096 98.9193 -34.2449
v  -188.7757 98.2038 -34.7164
v  -188.9042 97.4774 -35.2856
v  -185.4033 101.3021 -35.0868
v  -184.9374 101.0435 -34.5892
v  -184.3287 100.6540 -34.2921
v  -183.6698 100.1454 -34.2354
v  -183.0611 99.5372 -34.4212
v  -182.5952 98.8559 -34.8141
v  -182.3430 98.1336 -35.3460
v  -182.3430 97.4058 -35.9278
v  -182.5952 96.7087 -36.4626
v  -185.6554 101.0594 -34.4473
v  -186.1213 100.6936 -33.9377
v  -186.7301 100.2129 -33.6304
v  -187.3889 99.6326 -33.5657
v  -187.9977 98.9750 -33.7461
v  -188.4636 98.2685 -34.1361
v  -188.7157 97.5462 -34.6680
v  -188.7448 96.9413 -35.2577
v  -188.7835 96.8018 -35.8605
v  -185.2894 101.0554 -34.4831
v  -184.7416 100.6785 -34.0728
v  -184.0953 100.1841 -33.8883
v  -183.4491 99.5896 -33.9513
v  -182.9013 98.9193 -34.2449
v  -182.5352 98.2038 -34.7164
v  -182.4067 97.4774 -35.2856
v  -182.5352 96.7761 -35.8576
v  -182.9505 96.2942 -36.9312
v  -182.8542 96.2234 -36.3566
v  -185.6554 100.6986 -33.8921
v  -186.2033 100.2306 -33.4716
v  -186.8495 99.6645 -33.2791
v  -187.4957 99.0206 -33.3367
v  -188.0435 98.3252 -33.6274
v  -188.4096 97.6097 -34.0989
v  -185.1895 100.6936 -33.9377
v  -184.5808 100.2129 -33.6304
v  -183.9220 99.6326 -33.5657
v  -183.3132 98.9750 -33.7461
v  -182.8473 98.2685 -34.1361
v  -182.5952 97.5462 -34.6680
v  -182.5952 96.8436 -35.2526
v  -185.6554 100.2366 -33.4179
v  -186.2642 99.6842 -33.1026
v  -186.9230 99.0546 -33.0324
v  -187.5318 98.3718 -33.2100
v  -185.1076 100.2306 -33.4716
v  -184.4614 99.6645 -33.2791
v  -183.8152 99.0206 -33.3367
v  -183.2673 98.3252 -33.6274
v  -182.9013 97.6097 -34.0989
v  -182.7728 96.9084 -34.6709
v  -182.8204 96.2460 -35.7985
v  -182.8472 96.3602 -35.2492
v  -185.6554 99.6908 -33.0431
v  -186.3017 99.0754 -32.8451
v  -186.9479 98.4064 -32.8998
v  -187.5049 97.8801 -33.1956
v  -188.0331 98.1745 -33.6212
v  -188.4086 97.6098 -34.0977
v  -188.4093 97.6086 -34.0989
v  -185.0467 99.6842 -33.1027
v  -184.3878 99.0546 -33.0324
v  -183.7791 98.3718 -33.2100
v  -183.3132 97.6653 -33.6000
v  -183.0611 96.9682 -34.1348
v  -182.9370 96.5704 -34.7017
v  -185.6554 99.0825 -32.7819
v  -186.3143 98.4277 -32.7088
v  -185.0092 99.0754 -32.8451
v  -184.3630 98.4064 -32.8998
v  -185.6554 98.4349 -32.6443
v  -186.9230 97.7449 -32.8864
v  -186.3017 97.7658 -32.6991
v  -186.9150 97.6741 -32.8980
v  -187.1077 97.7340 -32.9845
v  -184.9966 98.4277 -32.7088
v  -183.8060 97.8801 -33.1956
v  -184.3878 97.7449 -32.8864
v  -184.2032 97.7340 -32.9845
v  -183.3733 97.3805 -33.6287
v  -183.5543 97.6873 -33.4034
v  -183.0961 96.8873 -34.1493
v  -183.1463 96.9797 -34.0316
v  -185.6554 97.7729 -32.6358
v  -185.0092 97.7658 -32.6991
v  -184.3959 97.6741 -32.8980
v  -185.6554 97.5246 -32.6819
v  -186.2899 97.5619 -32.7358
v  -183.0575 99.1583 -35.3251
v  -182.9604 99.0765 -36.0580
v  -183.5303 101.9085 -36.3738
v  -183.6080 101.9739 -35.7875
v  -183.3421 99.2344 -34.6421
v  -183.8357 102.0348 -35.2411
v  -183.7950 99.2998 -34.0556
v  -184.1980 102.0871 -34.7718
v  -184.3851 99.3500 -33.6055
v  -184.6701 102.1273 -34.4118
v  -185.0724 99.3815 -33.3226
v  -185.2199 102.1525 -34.1855
v  -185.8099 99.3923 -33.2261
v  -185.8099 102.1611 -34.1083
v  -186.5474 99.3815 -33.3226
v  -186.3999 102.1525 -34.1855
v  -187.2346 99.3500 -33.6055
v  -186.9497 102.1273 -34.4118
v  -187.8248 99.2998 -34.0556
v  -187.4218 102.0871 -34.7718
v  -188.2776 99.2344 -34.6421
v  -187.7841 102.0348 -35.2411
v  -188.5623 99.1583 -35.3251
v  -188.0118 101.9739 -35.7875
v  -188.6594 99.0765 -36.0581
v  -188.0895 101.9085 -36.3738
v  -188.5623 98.9948 -36.7910
v  -188.0118 101.8431 -36.9602
v  -188.2776 98.9186 -37.4740
v  -187.7841 101.7822 -37.5066
v  -187.8248 98.8532 -38.0605
v  -187.4218 101.7299 -37.9758
v  -187.2346 98.8031 -38.5106
v  -186.9497 101.6897 -38.3359
v  -186.5474 98.7715 -38.7935
v  -186.3999 101.6645 -38.5622
v  -185.8099 98.7607 -38.8900
v  -185.8099 101.6559 -38.6394
v  -185.0724 98.7715 -38.7935
v  -185.2199 101.6645 -38.5622
v  -184.3851 98.8031 -38.5106
v  -184.6701 101.6897 -38.3359
v  -183.7950 98.8532 -38.0605
v  -184.1980 101.7299 -37.9758
v  -183.3421 98.9186 -37.4740
v  -183.8357 101.7822 -37.5066
v  -183.0575 98.9948 -36.7910
v  -183.6080 101.8431 -36.9602
v  -184.1002 104.7405 -36.6896
v  -184.1584 104.7895 -36.2498
v  -184.3292 104.8352 -35.8400
v  -184.6009 104.8744 -35.4881
v  -184.9550 104.9045 -35.2181
v  -185.3674 104.9235 -35.0483
v  -185.8099 104.9299 -34.9904
v  -186.2524 104.9235 -35.0483
v  -186.6647 104.9045 -35.2181
v  -187.0188 104.8744 -35.4881
v  -187.2905 104.8352 -35.8400
v  -187.4613 104.7895 -36.2498
v  -187.5196 104.7405 -36.6896
v  -187.4613 104.6914 -37.1294
v  -187.2905 104.6457 -37.5392
v  -187.0188 104.6065 -37.8911
v  -186.6647 104.5764 -38.1611
v  -186.2524 104.5574 -38.3309
v  -185.8099 104.5510 -38.3888
v  -185.3674 104.5574 -38.3309
v  -184.9550 104.5764 -38.1611
v  -184.6009 104.6065 -37.8911
v  -184.3292 104.6457 -37.5392
v  -184.1584 104.6914 -37.1294
v  -184.6701 107.5724 -37.0054
v  -184.7089 107.6051 -36.7122
v  -184.8228 107.6356 -36.4390
v  -185.0039 107.6617 -36.2044
v  -185.2400 107.6818 -36.0244
v  -185.5149 107.6944 -35.9112
v  -185.8099 107.6987 -35.8726
v  -186.1049 107.6944 -35.9112
v  -186.3798 107.6818 -36.0244
v  -186.6158 107.6617 -36.2044
v  -186.7970 107.6356 -36.4390
v  -186.9108 107.6051 -36.7122
v  -186.9497 107.5724 -37.0054
v  -186.9108 107.5397 -37.2986
v  -186.7970 107.5093 -37.5718
v  -186.6158 107.4831 -37.8064
v  -186.3798 107.4630 -37.9864
v  -186.1049 107.4504 -38.0996
v  -185.8099 107.4461 -38.1382
v  -185.5149 107.4504 -38.0996
v  -185.2400 107.4630 -37.9864
v  -185.0039 107.4831 -37.8064
v  -184.8228 107.5093 -37.5718
v  -184.7089 107.5397 -37.2986
v  -185.2400 110.4044 -37.3212
v  -185.2594 110.4207 -37.1746
v  -185.3163 110.4360 -37.0380
v  -185.4069 110.4490 -36.9207
v  -185.5249 110.4591 -36.8307
v  -185.6624 110.4654 -36.7741
v  -185.8099 110.4675 -36.7548
v  -185.9574 110.4654 -36.7741
v  -186.0948 110.4591 -36.8307
v  -186.2129 110.4490 -36.9207
v  -186.3034 110.4360 -37.0380
v  -186.3604 110.4207 -37.1746
v  -186.3798 110.4044 -37.3212
v  -186.3604 110.3880 -37.4678
v  -186.3034 110.3728 -37.6044
v  -186.2129 110.3597 -37.7217
v  -186.0948 110.3497 -37.8117
v  -185.9574 110.3434 -37.8683
v  -185.8099 110.3412 -37.8876
v  -185.6624 110.3434 -37.8683
v  -185.5249 110.3497 -37.8117
v  -185.4069 110.3597 -37.7217
v  -185.3163 110.3728 -37.6044
v  -185.2594 110.3880 -37.4678
v  -185.8099 113.2363 -37.6370
v  -199.5693 6.8773 0.1102
v  -199.5693 18.2772 -31.7799
v  -199.7024 18.5164 -31.8101
v  -199.7024 24.2599 -32.5348
v  -199.7024 25.0678 -32.6367
v  -196.6280 78.7146 -13.6704
v  -199.0714 78.7146 -13.6704
v  -193.9181 78.7146 -13.6704
v  -199.0714 78.2841 -16.9037
v  -192.3713 78.7146 -13.6704
v  -188.7649 78.7146 -13.6704
v  -183.6116 78.7146 -13.6704
v  -188.7649 77.6765 -21.4660
v  -179.6014 78.7146 -13.6704
v  -178.4584 78.7146 -13.6704
v  -183.6116 77.6765 -21.4660
v  -175.3448 78.7146 -13.6704
v  -173.3051 78.7146 -13.6704
v  -173.3051 78.2467 -17.1843
v  -187.3991 97.8411 -33.1393
v  -188.0624 98.1983 -33.6555
v  -188.4183 97.5918 -34.1229
v  -188.6216 97.2081 -34.6696
v  -188.6904 97.0592 -34.9979
v  -186.4951 97.5987 -32.7890
v  -188.7578 96.7933 -36.2198
v  -185.0210 97.5619 -32.7358
v  -185.4678 97.5356 -32.6978
v  -184.4878 97.6576 -32.8741
v  -188.4753 97.0543 -37.5041
v  -183.7058 97.9359 -33.2763
v  -187.9644 97.7135 -38.4206
v  -183.2967 97.2453 -33.7646
v  -187.4496 96.9807 -38.6343
v  -182.9424 96.5811 -34.6829
v  -186.5443 96.4220 -38.7972
v  -182.8353 96.2360 -36.0440
v  -185.4117 96.2891 -38.8359
v  -183.1081 96.4589 -37.5043
v  -184.3799 96.6008 -38.7450
v  -183.6796 97.1904 -38.5731
v  -184.7227 98.8500 -38.0893
v  -187.2501 98.8500 -38.0893
v  -187.2927 99.1854 -35.0820
v  -185.2026 99.1854 -35.0820
v  -184.6801 99.1854 -35.0820
# 1121 vertices

vn -0.5774 -0.5005 0.6451
vn -0.0000 -0.6130 0.7901
vn 0.0234 0.1467 0.9889
vn -0.7071 0.0885 0.7015
vn -0.5775 -0.6458 -0.4994
vn -0.7071 0.0907 0.7013
vn 0.7071 -0.7015 0.0885
vn 0.0000 -0.9921 0.1252
vn 0.5202 -0.4858 0.7024
vn 0.6546 0.0984 0.7496
vn -0.5818 0.6214 0.5247
vn -0.5730 -0.5278 0.6270
vn -0.6976 0.7139 -0.0613
vn -0.5774 0.4985 -0.6467
vn -0.5774 -0.6467 -0.4985
vn -0.5774 -0.4985 0.6467
vn -0.5820 0.6221 0.5237
vn 0.5774 -0.6467 -0.4985
vn 0.5774 -0.4985 0.6467
vn 0.5774 0.4985 -0.6467
vn 0.7071 -0.0885 -0.7015
vn 0.0000 -0.1252 -0.9921
vn 0.0000 -0.7901 -0.6130
vn -0.5774 -0.6451 -0.5005
vn -0.5202 -0.4858 0.7024
vn 0.5843 0.6087 0.5368
vn 0.7607 0.0139 0.6490
vn 0.4179 -0.3084 0.8546
vn 0.0510 0.1125 0.9923
vn 0.0024 0.1223 0.9925
vn -0.5731 -0.5287 0.6261
vn -1.0000 0.0000 -0.0000
vn -0.7071 0.7065 -0.0302
vn 0.5620 -0.4516 0.6930
vn 0.5818 -0.6214 -0.5247
vn 0.5731 0.5287 -0.6261
vn 0.5967 0.6723 0.4381
vn -0.5620 -0.4516 0.6930
vn -0.5164 0.7718 0.3710
vn -0.5967 -0.6723 -0.4381
vn -0.5620 0.4516 -0.6930
vn 0.5967 -0.6723 -0.4381
vn 0.5620 0.4516 -0.6930
vn -0.5732 0.5286 -0.6261
vn -0.5772 -0.6460 -0.4996
vn -0.5372 -0.0701 -0.8405
vn -0.5843 0.6087 0.5368
vn 0.0000 -0.6130 0.7901
vn 0.4771 -0.5320 0.6996
vn -0.7607 0.0139 0.6490
vn 0.0469 0.0796 0.9957
vn 0.3292 0.3718 0.8680
vn 0.3495 -0.1985 0.9157
vn 0.0000 0.1252 0.9921
vn -0.5796 -0.5638 0.5884
vn -0.5774 0.5774 0.5774
vn -0.9045 -0.3015 -0.3015
vn -0.9045 0.3015 -0.3015
vn -0.9045 0.3015 0.3015
vn -0.9045 -0.3015 0.3015
vn -0.5774 0.5774 -0.5774
vn -0.5751 -0.5907 -0.5660
vn 0.5774 0.5774 -0.5774
vn 0.5751 -0.5907 -0.5660
vn 0.5774 0.5774 0.5774
vn 0.5796 -0.5638 0.5884
vn -0.3015 -0.3015 0.9045
vn -0.3015 0.3015 0.9045
vn 0.0000 0.7221 0.6918
vn 0.3015 0.3015 0.9045
vn -0.0000 0.2699 0.9629
vn 0.3015 -0.3015 0.9045
vn -0.7071 -0.0885 -0.7015
vn -0.5818 -0.6214 -0.5247
vn -0.6740 0.0293 0.7381
vn -0.0000 0.1252 0.9921
vn 0.5774 -0.5005 0.6451
vn -0.4896 -0.2861 0.8237
vn -0.4771 -0.5320 0.6996
vn -0.2056 0.3935 0.8960
vn -0.0492 0.0768 0.9958
vn 0.0048 0.1068 0.9943
vn -0.2918 -0.2268 0.9292
vn 0.6100 0.5984 0.5194
vn 0.5710 -0.5429 0.6157
vn 0.0000 0.7901 0.6130
vn -0.5774 0.6451 0.5005
vn -0.5774 -0.5774 -0.5774
vn -0.5774 -0.5774 0.5774
vn -0.5774 -0.5774 0.5773
vn -0.5774 0.5774 0.5773
vn 0.5774 0.5774 0.5773
vn 0.5774 -0.5774 0.5773
vn -0.5774 0.5005 -0.6451
vn 0.0000 0.6130 -0.7901
vn 0.7071 0.0885 0.7015
vn -0.0466 0.1153 0.9922
vn 1.0000 -0.0000 0.0000
vn -0.5501 0.5997 0.5811
vn -0.0072 0.1096 0.9939
vn -0.7071 0.7015 -0.0885
vn -0.5689 -0.5483 0.6130
vn 0.0000 0.9921 -0.1252
vn 0.5774 -0.6451 -0.5005
vn 1.0000 0.0000 -0.0000
vn 0.2702 0.4039 0.8740
vn 0.3346 -0.1935 0.9223
vn -0.3346 -0.1935 0.9223
vn -0.2702 0.4039 0.8740
vn 0.5842 0.6087 0.5368
vn -0.5710 -0.5429 0.6157
vn -0.5842 0.6087 0.5368
vn 0.5774 0.6451 0.5005
vn 1.0000 0.0000 0.0000
vn 0.5774 0.5005 -0.6451
vn 1.0000 -0.0000 -0.0000
vn 0.7071 0.7015 -0.0885
vn 0.9045 0.3369 0.2614
vn 0.9045 0.2614 -0.3369
vn 0.9045 -0.3369 -0.2614
vn 0.9045 -0.2614 0.3369
vn 0.0000 1.0000 0.0000
vn -0.7000 -0.3300 0.6333
vn 0.7000 -0.3300 0.6333
vn 0.7000 -0.3300 -0.6333
vn -0.7000 -0.3300 -0.6333
vn 0.0000 -1.0000 0.0000
vn -0.5720 -0.4411 0.6916
vn -0.7071 -0.6976 0.1157
vn 0.0000 -0.9865 0.1637
vn 0.0000 -0.5378 0.8431
vn 0.0000 0.8829 0.4695
vn -0.5681 0.7101 0.4159
vn -0.6517 0.7482 -0.1242
vn -0.2525 0.9637 0.0866
vn 0.0000 0.8509 0.5253
vn 0.2414 0.4524 0.8585
vn -0.6929 0.1478 0.7057
vn -0.9167 0.2149 -0.3369
vn 0.0000 0.7556 0.6551
vn 0.7071 0.1891 0.6813
vn -0.7071 0.1891 0.6813
vn -0.7071 0.6976 -0.1157
vn -0.7071 -0.1891 -0.6813
vn 0.0000 0.7961 0.6052
vn 0.5929 0.6410 0.4873
vn -0.5720 0.4411 -0.6916
vn -0.5831 -0.6849 -0.4369
vn 0.0000 -0.8431 -0.5378
vn 0.7071 -0.6976 0.1157
vn 0.5720 -0.4411 0.6916
vn 0.5681 0.7101 0.4159
vn -0.2414 0.4524 0.8585
vn 0.0000 0.2675 0.9636
vn 0.3751 -0.0632 0.9248
vn -0.5563 0.4727 -0.6834
vn -0.8918 0.3814 0.2433
vn -0.8918 -0.3814 -0.2433
vn 0.0000 0.6006 -0.7995
vn 0.6517 0.7482 -0.1242
vn 0.2525 0.9637 0.0866
vn 0.6929 0.1478 0.7057
vn -0.5929 0.6410 0.4873
vn 0.5644 -0.4996 0.6571
vn -0.2400 0.8873 -0.3938
vn -0.7219 -0.1419 -0.6773
vn -0.5831 0.6849 0.4369
vn 0.0000 0.6507 -0.7593
vn 0.3664 0.1404 -0.9198
vn 0.9167 0.2149 -0.3369
vn 0.0000 -0.6052 0.7961
vn 0.0000 0.6551 -0.7556
vn 0.7071 -0.1891 -0.6813
vn 0.7071 0.6976 -0.1157
vn -0.7035 0.7029 -0.1051
vn 0.0000 0.6550 -0.7556
vn 0.5645 0.4995 -0.6572
vn 0.0000 0.6052 -0.7961
vn 0.5831 -0.6849 -0.4369
vn 0.5720 0.4411 -0.6916
vn -0.3751 -0.0632 0.9248
vn -0.5644 -0.4996 0.6571
vn -0.4975 0.8155 0.2958
vn -0.6451 -0.1464 0.7499
vn 0.0000 -0.2343 0.9722
vn 0.0000 0.8223 0.5690
vn -0.8347 0.5458 -0.0727
vn -0.8805 -0.4698 0.0626
vn -0.9167 -0.2149 0.3369
vn -0.5719 -0.4411 0.6916
vn -0.0000 -0.1479 -0.9890
vn 0.0000 0.9865 -0.1637
vn -0.0000 -0.9912 0.1320
vn 0.0000 0.1286 0.9917
vn 0.0000 -0.9917 0.1286
vn 0.5563 0.4727 -0.6834
vn -0.3664 0.1403 -0.9198
vn 0.0000 0.6051 -0.7962
vn 0.0000 -0.2675 -0.9636
vn 0.2361 -0.5141 -0.8246
vn 0.8918 0.3814 0.2433
vn 0.8918 -0.3814 -0.2433
vn 0.0000 -0.5512 0.8344
vn 0.2400 0.8873 -0.3938
vn 0.7219 -0.1419 -0.6773
vn -0.5645 0.4995 -0.6572
vn 0.5929 -0.6410 -0.4873
vn 0.5831 0.6849 0.4369
vn -0.6928 -0.4123 -0.5917
vn 0.0000 -0.1479 -0.9890
vn 0.0000 -0.7961 -0.6052
vn 0.0000 0.5378 -0.8431
vn 0.6451 -0.1464 0.7499
vn 0.4975 0.8155 0.2958
vn -0.5338 0.5281 -0.6604
vn 0.0000 -0.6516 -0.7585
vn -0.0000 -0.9917 0.1286
vn -0.0000 0.1286 0.9917
vn 0.7035 0.7029 -0.1051
vn 0.7071 -0.7009 0.0933
vn 0.8805 -0.4698 0.0626
vn 0.8347 0.5458 -0.0727
vn 0.0000 0.2799 -0.9600
vn -0.2361 -0.5141 -0.8246
vn -0.5929 -0.6410 -0.4873
vn 0.9167 -0.2149 0.3369
vn 0.5719 -0.4411 0.6916
vn 0.6928 -0.4123 -0.5917
vn 0.5338 0.5281 -0.6604
vn 0.0000 0.9938 -0.1108
vn 0.0000 0.9513 -0.3083
vn -0.0392 0.9517 -0.3045
vn -0.0769 0.9530 -0.2931
vn 0.0392 0.9517 -0.3045
vn -0.0000 0.8730 -0.4876
vn -0.0757 0.8739 -0.4802
vn -0.1117 0.9550 -0.2746
vn -0.1484 0.8763 -0.4583
vn 0.0769 0.9530 -0.2931
vn 0.0757 0.8739 -0.4802
vn -0.0000 0.7615 -0.6482
vn -0.1092 0.7627 -0.6375
vn -0.1421 0.9578 -0.2498
vn -0.2155 0.8803 -0.4227
vn -0.2142 0.7662 -0.6058
vn 0.1117 0.9550 -0.2746
vn 0.1484 0.8763 -0.4583
vn 0.1092 0.7627 -0.6375
vn -0.0000 0.6210 -0.7838
vn -0.1385 0.6225 -0.7702
vn -0.1671 0.9612 -0.2195
vn -0.2743 0.8856 -0.3747
vn -0.3110 0.7720 -0.5544
vn -0.2718 0.6270 -0.7301
vn 0.1421 0.9578 -0.2498
vn 0.2155 0.8803 -0.4227
vn 0.2142 0.7662 -0.6058
vn 0.1385 0.6225 -0.7702
vn -0.0000 0.4570 -0.8895
vn -0.1626 0.4588 -0.8735
vn -0.1857 0.9650 -0.1850
vn -0.3225 0.8921 -0.3163
vn -0.3958 0.7797 -0.4852
vn -0.3945 0.6343 -0.6648
vn -0.3189 0.4640 -0.8264
vn 0.1671 0.9612 -0.2195
vn 0.2743 0.8856 -0.3747
vn 0.3110 0.7720 -0.5544
vn 0.2718 0.6270 -0.7301
vn 0.1626 0.4588 -0.8735
vn -0.0000 0.2757 -0.9612
vn -0.1804 0.2777 -0.9436
vn -0.1971 0.9692 -0.1475
vn -0.3584 0.8996 -0.2497
vn -0.4654 0.7891 -0.4009
vn -0.5021 0.6441 -0.5771
vn -0.4630 0.4726 -0.7499
vn -0.3539 0.2835 -0.8913
vn 0.1857 0.9650 -0.1850
vn 0.3225 0.8921 -0.3163
vn 0.3958 0.7797 -0.4852
vn 0.3945 0.6343 -0.6648
vn 0.3189 0.4640 -0.8264
vn 0.1804 0.2777 -0.9436
vn -0.0000 0.0840 -0.9965
vn -0.1914 0.0861 -0.9777
vn -0.2010 0.9736 -0.1086
vn -0.3804 0.9076 -0.1774
vn -0.5172 0.7998 -0.3047
vn -0.5905 0.6560 -0.4701
vn -0.5893 0.4841 -0.6469
vn -0.5138 0.2930 -0.8064
vn -0.3754 0.0923 -0.9222
vn 0.1971 0.9692 -0.1475
vn 0.3584 0.8996 -0.2497
vn 0.4654 0.7891 -0.4009
vn 0.5021 0.6441 -0.5771
vn 0.4630 0.4726 -0.7499
vn 0.3539 0.2835 -0.8913
vn 0.1914 0.0861 -0.9777
vn -0.0000 -0.1108 -0.9938
vn -0.1951 -0.1087 -0.9747
vn -0.1971 0.9779 -0.0696
vn -0.3879 0.9160 -0.1021
vn -0.5490 0.8114 -0.2004
vn -0.6561 0.6696 -0.3481
vn -0.6929 0.4981 -0.5214
vn -0.6539 0.3057 -0.6921
vn -0.5450 0.1023 -0.8322
vn -0.3827 -0.1024 -0.9182
vn 0.2010 0.9736 -0.1086
vn 0.3804 0.9076 -0.1774
vn 0.5172 0.7998 -0.3047
vn 0.5905 0.6560 -0.4701
vn 0.5893 0.4841 -0.6469
vn 0.5138 0.2930 -0.8064
vn 0.3754 0.0923 -0.9222
vn 0.1951 -0.1087 -0.9747
vn -0.0000 -0.3015 -0.9535
vn -0.1914 -0.2994 -0.9347
vn -0.1857 0.9821 -0.0321
vn -0.3804 0.9244 -0.0269
vn -0.5598 0.8235 -0.0918
vn -0.6965 0.6844 -0.2157
vn -0.7699 0.5140 -0.3782
vn -0.7689 0.3213 -0.5528
vn -0.6937 0.1159 -0.7109
vn -0.5556 -0.0921 -0.8263
vn -0.3754 -0.2932 -0.8793
vn 0.1971 0.9779 -0.0696
vn 0.3879 0.9160 -0.1022
vn 0.5490 0.8114 -0.2004
vn 0.6561 0.6696 -0.3481
vn 0.6929 0.4981 -0.5214
vn 0.6539 0.3057 -0.6921
vn 0.5450 0.1023 -0.8322
vn 0.3827 -0.1024 -0.9182
vn 0.1914 -0.2994 -0.9347
vn -0.0000 -0.4807 -0.8769
vn -0.1804 -0.4787 -0.8592
vn -0.1671 0.9859 0.0024
vn -0.3584 0.9325 0.0454
vn -0.5490 0.8356 0.0167
vn -0.7101 0.6997 -0.0780
vn -0.8173 0.5313 -0.2228
vn -0.8544 0.3390 -0.3939
vn -0.8157 0.1323 -0.5632
vn -0.7071 -0.0784 -0.7028
vn -0.5450 -0.2831 -0.7892
vn -0.4495 -0.8863 0.1116
vn -0.3710 -0.9221 0.1102
vn 0.1857 0.9821 -0.0321
vn 0.3804 0.9244 -0.0269
vn 0.5598 0.8235 -0.0918
vn 0.6965 0.6844 -0.2157
vn 0.7699 0.5140 -0.3782
vn 0.7689 0.3213 -0.5528
vn 0.6937 0.1159 -0.7109
vn 0.5556 -0.0921 -0.8263
vn 0.3754 -0.2932 -0.8793
vn 0.1804 -0.4787 -0.8592
vn -0.1845 -0.9717 0.1477
vn 0.0000 -0.9911 0.1334
vn -0.1421 0.9893 0.0327
vn -0.3225 0.9399 0.1120
vn -0.5172 0.8473 0.1211
vn -0.6965 0.7151 0.0597
vn -0.8333 0.5494 -0.0613
vn -0.9070 0.3582 -0.2215
vn -0.9063 0.1511 -0.3946
vn -0.8315 -0.0616 -0.5521
vn 0.1671 0.9859 0.0024
vn 0.3584 0.9325 0.0454
vn 0.5490 0.8356 0.0167
vn 0.7101 0.6997 -0.0780
vn 0.8173 0.5313 -0.2228
vn 0.8544 0.3390 -0.3939
vn 0.8157 0.1323 -0.5632
vn 0.7071 -0.0784 -0.7028
vn 0.5450 -0.2831 -0.7892
vn 0.3710 -0.9221 0.1102
vn 0.4495 -0.8863 0.1117
vn -0.1116 0.9921 0.0575
vn -0.2743 0.9464 0.1704
vn -0.4654 0.8580 0.2172
vn -0.6561 0.7298 0.1921
vn -0.8173 0.5674 0.1003
vn -0.9248 0.3782 -0.0422
vn -0.9622 0.1715 -0.2117
vn -0.9239 -0.0424 -0.3803
vn 0.0583 -0.8081 -0.5861
vn -0.8157 -0.2531 -0.5202
vn 0.0863 -0.7683 -0.6343
vn -0.7556 -0.6102 0.2382
vn -0.5921 -0.7829 0.1910
vn 0.1421 0.9893 0.0327
vn 0.3225 0.9399 0.1120
vn 0.5172 0.8473 0.1211
vn 0.6965 0.7151 0.0597
vn 0.8333 0.5494 -0.0613
vn 0.9070 0.3582 -0.2215
vn 0.9063 0.1511 -0.3946
vn 0.8315 -0.0616 -0.5522
vn 0.1845 -0.9717 0.1477
vn -0.0769 0.9941 0.0760
vn -0.2155 0.9518 0.2184
vn -0.3958 0.8674 0.3016
vn -0.5905 0.7434 0.3141
vn -0.7699 0.5847 0.2557
vn -0.9070 0.3982 0.1371
vn -0.9810 0.1927 -0.0215
vn -0.9808 -0.0216 -0.1939
vn -0.9063 -0.2343 -0.3516
vn -0.0013 -0.9108 -0.4128
vn 0.1116 0.9921 0.0575
vn 0.2743 0.9464 0.1704
vn 0.4654 0.8580 0.2172
vn 0.6561 0.7298 0.1921
vn 0.8173 0.5674 0.1003
vn 0.9248 0.3782 -0.0422
vn 0.9622 0.1715 -0.2117
vn 0.9239 -0.0424 -0.3803
vn 0.8157 -0.2531 -0.5202
vn 0.6937 -0.2696 -0.6679
vn -0.1016 -0.8511 -0.5151
vn -0.1802 -0.7366 -0.6518
vn 0.5922 -0.7828 0.1908
vn 0.7556 -0.6102 0.2382
vn -0.0392 0.9954 0.0873
vn -0.1484 0.9557 0.2540
vn -0.3110 0.8751 0.3707
vn -0.5021 0.7554 0.4210
vn -0.6929 0.6007 0.3989
vn -0.8544 0.4174 0.3095
vn -0.9622 0.2139 0.1687
vn -1.0000 0.0000 0.0000
vn -0.9622 -0.2139 -0.1687
vn 0.0769 0.9941 0.0760
vn 0.2155 0.9518 0.2184
vn 0.3958 0.8674 0.3016
vn 0.5905 0.7434 0.3141
vn 0.7699 0.5847 0.2557
vn 0.9070 0.3982 0.1371
vn 0.9810 0.1927 -0.0215
vn 0.9808 -0.0216 -0.1939
vn 0.9063 -0.2343 -0.3516
vn 0.7689 -0.4351 -0.4684
vn -0.0821 -0.8805 -0.4669
vn 0.0000 0.9958 0.0912
vn -0.0757 0.9582 0.2759
vn -0.2142 0.8809 0.4221
vn -0.3945 0.7652 0.5088
vn -0.5893 0.6147 0.5244
vn -0.7689 0.4351 0.4684
vn -0.9063 0.2343 0.3516
vn -0.9808 0.0216 0.1939
vn -0.9810 -0.1927 0.0215
vn -0.1493 -0.9853 -0.0829
vn -0.0891 -0.9596 -0.2669
vn 0.0392 0.9954 0.0873
vn 0.1484 0.9557 0.2540
vn 0.3110 0.8751 0.3707
vn 0.5021 0.7554 0.4210
vn 0.6929 0.6007 0.3989
vn 0.8544 0.4174 0.3095
vn 0.9622 0.2139 0.1687
vn 0.9622 -0.2139 -0.1687
vn 0.8544 -0.4174 -0.3095
vn -0.0547 -0.9497 -0.3082
vn 0.0000 0.9590 0.2834
vn -0.1092 0.8844 0.4538
vn -0.2718 0.7724 0.5740
vn -0.4630 0.6261 0.6274
vn -0.6539 0.4507 0.6077
vn -0.8157 0.2531 0.5202
vn -0.9239 0.0424 0.3803
vn -0.9622 -0.1715 0.2117
vn 0.0757 0.9582 0.2759
vn 0.2142 0.8809 0.4221
vn 0.3945 0.7652 0.5088
vn 0.5893 0.6147 0.5244
vn 0.7689 0.4351 0.4684
vn 0.9063 0.2343 0.3516
vn 0.9808 0.0216 0.1939
vn 0.9810 -0.1927 0.0215
vn 0.9070 -0.3982 -0.1371
vn 0.0000 0.8856 0.4645
vn -0.1385 0.7769 0.6142
vn -0.3189 0.6347 0.7039
vn -0.5138 0.4634 0.7220
vn -0.6937 0.2696 0.6679
vn -0.8315 0.0616 0.5521
vn -0.9063 -0.1511 0.3946
vn -0.1490 -0.9353 0.3209
vn -0.1707 -0.9778 0.1216
vn 0.1092 0.8844 0.4538
vn 0.2718 0.7724 0.5740
vn 0.4630 0.6261 0.6274
vn 0.6539 0.4507 0.6077
vn 0.8157 0.2531 0.5202
vn 0.9239 0.0424 0.3803
vn 0.9622 -0.1715 0.2117
vn 0.9248 -0.3782 0.0422
vn 0.0121 -0.9826 -0.1851
vn 0.0563 -0.9977 -0.0381
vn 0.0000 0.7784 0.6277
vn -0.1626 0.6399 0.7510
vn -0.3539 0.4729 0.8069
vn -0.5450 0.2831 0.7892
vn -0.7071 0.0784 0.7028
vn -0.8157 -0.1319 0.5632
vn 0.1385 0.7769 0.6142
vn 0.3189 0.6347 0.7039
vn 0.5138 0.4634 0.7220
vn 0.6937 0.2696 0.6679
vn 0.8315 0.0616 0.5521
vn 0.9063 -0.1511 0.3946
vn 0.9070 -0.3582 0.2215
vn 0.0000 0.6417 0.7669
vn -0.1804 0.4787 0.8592
vn -0.3754 0.2932 0.8793
vn -0.5556 0.0921 0.8263
vn 0.1626 0.6399 0.7510
vn 0.3539 0.4729 0.8069
vn 0.5450 0.2831 0.7892
vn 0.7071 0.0784 0.7028
vn 0.8157 -0.1323 0.5632
vn 0.8544 -0.3390 0.3939
vn 0.0719 -0.9900 0.1210
vn 0.0564 -0.9593 0.2768
vn 0.0000 0.4807 0.8769
vn -0.1914 0.2994 0.9347
vn -0.3827 0.1024 0.9182
vn -0.5273 -0.7968 0.2950
vn -0.6323 -0.7559 0.1701
vn 0.0519 -0.6439 0.7633
vn 0.0018 -0.7861 0.6181
vn 0.1804 0.4787 0.8592
vn 0.3754 0.2932 0.8793
vn 0.5556 0.0921 0.8263
vn 0.6937 -0.1159 0.7109
vn 0.7689 -0.3213 0.5528
vn 0.0124 -0.9098 0.4148
vn 0.0000 0.3015 0.9535
vn -0.1951 0.1087 0.9747
vn 0.1914 0.2994 0.9347
vn 0.3827 0.1024 0.9182
vn 0.0000 0.1108 0.9938
vn -0.3754 -0.0923 0.9222
vn -0.1914 -0.0861 0.9777
vn -0.3171 -0.8879 0.3332
vn -0.4643 -0.8264 0.3185
vn 0.1951 0.1087 0.9747
vn 0.5273 -0.7968 0.2950
vn 0.3754 -0.0923 0.9222
vn 0.4643 -0.8264 0.3186
vn -0.0995 -0.7052 0.7020
vn -0.1766 -0.5637 0.8069
vn -0.0537 -0.8493 0.5252
vn -0.0805 -0.7447 0.6626
vn 0.0000 -0.0840 0.9965
vn 0.1914 -0.0861 0.9777
vn 0.3171 -0.8879 0.3333
vn -0.0000 -0.9135 0.4069
vn -0.1654 -0.9068 0.3877
vn 0.7697 -0.5776 0.2719
vn 0.7969 -0.6004 0.0670
vn 0.9806 0.1949 -0.0217
vn 0.9472 0.2230 0.2305
vn 0.6901 -0.5563 0.4629
vn 0.8492 0.2492 0.4655
vn 0.5910 -0.4801 0.6482
vn 0.6934 0.2717 0.6674
vn 0.3984 -0.5240 0.7528
vn 0.4903 0.2890 0.8222
vn 0.2062 -0.5152 0.8319
vn 0.2538 0.2999 0.9196
vn -0.0000 -0.5121 0.8589
vn -0.0000 0.3036 0.9528
vn -0.2062 -0.5152 0.8319
vn -0.2538 0.2999 0.9196
vn -0.3984 -0.5240 0.7528
vn -0.4903 0.2890 0.8222
vn -0.5635 -0.5380 0.6269
vn -0.6934 0.2717 0.6674
vn -0.6901 -0.5563 0.4629
vn -0.8492 0.2492 0.4655
vn -0.7697 -0.5776 0.2719
vn -0.9472 0.2230 0.2305
vn -0.7969 -0.6004 0.0670
vn -0.9806 0.1949 -0.0217
vn -0.7697 -0.6233 -0.1380
vn -0.9472 0.1668 -0.2740
vn -0.6901 -0.6446 -0.3290
vn -0.8492 0.1406 -0.5090
vn -0.5635 -0.6629 -0.4930
vn -0.6934 0.1181 -0.7108
vn -0.3984 -0.6769 -0.6189
vn -0.4903 0.1008 -0.8657
vn -0.2062 -0.6857 -0.6980
vn -0.2538 0.0899 -0.9631
vn 0.0000 -0.6888 -0.7250
vn 0.0000 0.0862 -0.9963
vn 0.2062 -0.6857 -0.6980
vn 0.2538 0.0899 -0.9631
vn 0.3984 -0.6769 -0.6189
vn 0.4903 0.1008 -0.8657
vn 0.5635 -0.6629 -0.4930
vn 0.6934 0.1181 -0.7108
vn 0.6901 -0.6446 -0.3290
vn 0.8492 0.1406 -0.5090
vn 0.7697 -0.6233 -0.1380
vn 0.9472 0.1668 -0.2740
vn 0.0000 0.3036 0.9528
vn 0.6298 -0.7695 0.1060
vn 0.6235 -0.7682 0.1452
vn 0.6114 -0.7702 0.1814
vn 0.5942 -0.7758 0.2124
vn 0.5730 -0.7848 0.2361
vn 0.5490 -0.8054 0.2235
vn -0.5243 0.8201 -0.2293
vn -0.5006 0.8290 -0.2493
vn -0.4789 0.8468 -0.2316
vn -0.4612 0.8637 -0.2032
vn -0.4486 0.8782 -0.1659
vn -0.4420 0.8886 -0.1224
vn -0.4420 0.8937 -0.0763
vn -0.4486 0.8932 -0.0317
vn -0.4612 0.8873 0.0079
vn -0.4789 0.8770 0.0393
vn -0.5006 0.8636 0.0606
vn -0.5244 0.8458 0.0982
vn 0.5491 -0.8300 -0.0981
vn 0.5730 -0.8175 -0.0575
vn 0.5942 -0.8035 -0.0363
vn 0.6114 -0.7913 -0.0073
vn 0.6235 -0.7813 0.0275
vn 0.6298 -0.7739 0.0661
vn 0.5775 0.6458 0.4994
vn 0.5772 0.6460 0.4996
vn 0.5731 -0.5287 0.6261
vn 0.5818 0.6214 0.5247
vn -0.5850 0.6767 0.4471
vn -0.7071 -0.7009 0.0933
vn 0.5850 0.6767 0.4471
vn 0.4939 0.7769 -0.3905
vn 0.1245 0.9162 -0.3810
vn 0.1751 0.7741 -0.6084
vn -0.0890 -0.8666 0.4910
vn 0.2337 0.8662 -0.4417
vn 0.2772 0.8203 -0.5002
vn 0.2643 0.9644 -0.0038
vn 0.1654 -0.9068 0.3878
vn 0.0419 0.5204 0.8529
vn 0.1692 0.3755 0.9113
vn 0.1901 0.8921 0.4099
vn -0.0527 0.8998 -0.4331
vn 0.1771 0.9833 -0.0426
vn 0.9228 0.3397 0.1817
vn 0.5865 0.8094 -0.0288
vn -0.1336 0.8424 -0.5220
vn -0.0545 0.1212 -0.9911
vn 0.9552 0.2877 -0.0695
vn -0.1106 0.9814 0.1572
vn -0.2511 0.9097 0.3309
vn -0.5836 0.8106 -0.0483
vn -0.1771 0.9833 -0.0426
vn -0.0000 0.9938 -0.1108
vn 0.0000 -0.9938 0.1108
# 669 vertex normals

vt 0.7243 0.2619 0.0000
vt 0.7243 0.2364 0.0000
vt 0.7763 0.2364 0.0000
vt 0.7763 0.2619 0.0000
vt 0.9520 0.6997 0.0000
vt 0.9520 0.7019 0.0000
vt 0.9000 0.7019 0.0000
vt 0.9000 0.6995 0.0000
vt 0.7422 0.4916 0.0000
vt 0.7173 0.4916 0.0000
vt 0.7173 0.4617 0.0000
vt 0.7422 0.4617 0.0000
vt 0.7173 0.4318 0.0000
vt 0.6918 0.4617 0.0000
vt 0.6976 0.4318 0.0000
vt 0.7243 0.2167 0.0000
vt 0.7763 0.2167 0.0000
vt 0.8886 0.7019 0.0000
vt 0.8884 0.6995 0.0000
vt 0.3072 0.7401 0.0000
vt 0.2781 0.7400 0.0000
vt 0.2784 0.6599 0.0000
vt 0.4408 0.6604 0.0000
vt 0.4405 0.7290 0.0000
vt 0.0005 0.4814 0.0000
vt 0.1629 0.4814 0.0000
vt 0.1629 0.7453 0.0000
vt 0.0005 0.7453 0.0000
vt 0.1641 0.7502 0.0000
vt 0.1641 0.4863 0.0000
vt 0.2442 0.4863 0.0000
vt 0.2442 0.7502 0.0000
vt 0.9322 0.1324 0.0000
vt 0.9322 0.1075 0.0000
vt 0.9842 0.1075 0.0000
vt 0.9842 0.1324 0.0000
vt 0.7422 0.5812 0.0000
vt 0.7173 0.5812 0.0000
vt 0.7173 0.5513 0.0000
vt 0.7422 0.5513 0.0000
vt 0.7173 0.5215 0.0000
vt 0.7422 0.5215 0.0000
vt 0.6918 0.4916 0.0000
vt 0.6663 0.4617 0.0000
vt 0.6605 0.4318 0.0000
vt 0.6376 0.7288 0.0000
vt 0.6376 0.7807 0.0000
vt 0.5599 0.7709 0.0000
vt 0.5599 0.7190 0.0000
vt 0.7957 0.2109 0.0000
vt 0.8283 0.2364 0.0000
vt 0.8283 0.2619 0.0000
vt 0.8802 0.2364 0.0000
vt 0.8802 0.2619 0.0000
vt 0.3327 0.6507 0.0000
vt 0.3327 0.6423 0.0000
vt 0.3625 0.6423 0.0000
vt 0.3625 0.6482 0.0000
vt 0.5161 0.7342 0.0000
vt 0.5428 0.7364 0.0000
vt 0.5428 0.7686 0.0000
vt 0.5244 0.7671 0.0000
vt 0.3028 0.0730 0.0000
vt 0.0253 0.0730 0.0000
vt 0.0253 0.0402 0.0000
vt 0.3028 0.0402 0.0000
vt 0.5064 0.0674 0.0000
vt 0.3128 0.0699 0.0000
vt 0.3234 0.0377 0.0000
vt 0.5170 0.0352 0.0000
vt 0.0253 0.0848 0.0000
vt 0.3028 0.0848 0.0000
vt 0.3028 0.1176 0.0000
vt 0.0253 0.1176 0.0000
vt 0.5852 0.6404 0.0000
vt 0.5864 0.6404 0.0000
vt 0.5864 0.6540 0.0000
vt 0.9322 0.0820 0.0000
vt 0.8802 0.1075 0.0000
vt 0.8802 0.0820 0.0000
vt 0.9842 0.0820 0.0000
vt 0.6918 0.5812 0.0000
vt 0.6918 0.5513 0.0000
vt 0.6918 0.5215 0.0000
vt 0.6663 0.4916 0.0000
vt 0.6533 0.7838 0.0000
vt 0.6533 0.8209 0.0000
vt 0.5756 0.8209 0.0000
vt 0.5756 0.7838 0.0000
vt 0.6408 0.4617 0.0000
vt 0.6408 0.4318 0.0000
vt 0.6335 0.7093 0.0000
vt 0.5558 0.6995 0.0000
vt 0.3029 0.9102 0.0000
vt 0.3029 0.8730 0.0000
vt 0.3549 0.8730 0.0000
vt 0.3549 0.9102 0.0000
vt 0.8280 0.2109 0.0000
vt 0.3327 0.5903 0.0000
vt 0.3625 0.5903 0.0000
vt 0.8335 0.2339 0.0000
vt 0.8750 0.2339 0.0000
vt 0.9322 0.2364 0.0000
vt 0.9322 0.2619 0.0000
vt 0.3924 0.6423 0.0000
vt 0.3924 0.6457 0.0000
vt 0.6429 0.5867 0.0000
vt 0.6986 0.5855 0.0000
vt 0.6801 0.6225 0.0000
vt 0.6506 0.6232 0.0000
vt 0.6424 0.6084 0.0000
vt 0.6517 0.6792 0.0000
vt 0.6403 0.7020 0.0000
vt 0.6813 0.6786 0.0000
vt 0.7013 0.7149 0.0000
vt 0.6400 0.7161 0.0000
vt 0.3290 0.6576 0.0000
vt 0.2682 0.6576 0.0000
vt 0.2682 0.4863 0.0000
vt 0.3290 0.4863 0.0000
vt 0.4034 0.8752 0.0000
vt 0.3426 0.8676 0.0000
vt 0.3588 0.7392 0.0000
vt 0.4141 0.7462 0.0000
vt 0.9848 0.9375 0.0000
vt 0.9848 0.9928 0.0000
vt 0.9381 0.9744 0.0000
vt 0.9381 0.9436 0.0000
vt 0.9537 0.9375 0.0000
vt 0.8603 0.9436 0.0000
vt 0.8447 0.9375 0.0000
vt 0.8603 0.9744 0.0000
vt 0.8136 0.9928 0.0000
vt 0.8136 0.9375 0.0000
vt 0.4223 0.6423 0.0000
vt 0.4223 0.6433 0.0000
vt 0.4342 0.6423 0.0000
vt 0.4223 0.5903 0.0000
vt 0.4522 0.5903 0.0000
vt 0.4522 0.6408 0.0000
vt 0.4821 0.5903 0.0000
vt 0.4821 0.6383 0.0000
vt 0.9322 0.0565 0.0000
vt 0.8802 0.0565 0.0000
vt 0.8283 0.1075 0.0000
vt 0.8283 0.0820 0.0000
vt 0.8283 0.1331 0.0000
vt 0.7763 0.1331 0.0000
vt 0.7763 0.1075 0.0000
vt 0.9842 0.0565 0.0000
vt 0.6663 0.5812 0.0000
vt 0.6663 0.5513 0.0000
vt 0.6663 0.5215 0.0000
vt 0.6408 0.4916 0.0000
vt 0.8621 0.6590 0.0000
vt 0.8675 0.6073 0.0000
vt 0.9459 0.6057 0.0000
vt 0.9404 0.6573 0.0000
vt 0.7243 0.1796 0.0000
vt 0.7243 0.1599 0.0000
vt 0.7763 0.1599 0.0000
vt 0.7763 0.1796 0.0000
vt 0.6152 0.4617 0.0000
vt 0.6152 0.4318 0.0000
vt 0.5763 0.1129 0.0000
vt 0.5508 0.1129 0.0000
vt 0.5508 0.0352 0.0000
vt 0.5763 0.0352 0.0000
vt 0.3743 0.8788 0.0000
vt 0.3743 0.9044 0.0000
vt 0.8333 0.2135 0.0000
vt 0.7957 0.1854 0.0000
vt 0.8280 0.1854 0.0000
vt 0.3924 0.5903 0.0000
vt 0.3327 0.5383 0.0000
vt 0.3625 0.5383 0.0000
vt 0.8802 0.2109 0.0000
vt 0.8750 0.2135 0.0000
vt 0.1534 0.7640 0.0000
vt 0.1949 0.7640 0.0000
vt 0.1908 0.7970 0.0000
vt 0.1492 0.7970 0.0000
vt 0.9322 0.2109 0.0000
vt 0.9842 0.2364 0.0000
vt 0.9842 0.2619 0.0000
vt 0.5652 0.7966 0.0000
vt 0.5359 0.7966 0.0000
vt 0.5359 0.7739 0.0000
vt 0.5652 0.7739 0.0000
vt 0.6252 0.3971 0.0000
vt 0.6808 0.3971 0.0000
vt 0.6808 0.4198 0.0000
vt 0.6252 0.4198 0.0000
vt 0.3872 0.9474 0.0000
vt 0.4165 0.9474 0.0000
vt 0.4165 0.9701 0.0000
vt 0.3872 0.9701 0.0000
vt 0.5404 0.2484 0.0000
vt 0.5404 0.4196 0.0000
vt 0.4120 0.4196 0.0000
vt 0.4120 0.2484 0.0000
vt 0.5877 0.0198 0.0000
vt 0.5568 0.0215 0.0000
vt 0.5558 0.0022 0.0000
vt 0.5867 0.0005 0.0000
vt 0.0302 0.7491 0.0000
vt 0.1081 0.7491 0.0000
vt 0.1081 0.7683 0.0000
vt 0.0302 0.7683 0.0000
vt 0.3773 0.9186 0.0000
vt 0.3812 0.8879 0.0000
vt 0.4003 0.8903 0.0000
vt 0.3965 0.9211 0.0000
vt 0.4223 0.5383 0.0000
vt 0.4522 0.5383 0.0000
vt 0.4821 0.5383 0.0000
vt 0.9322 0.0310 0.0000
vt 0.8802 0.0310 0.0000
vt 0.8283 0.0565 0.0000
vt 0.7763 0.0820 0.0000
vt 0.7243 0.1331 0.0000
vt 0.7243 0.1075 0.0000
vt 0.9842 0.0310 0.0000
vt 0.6408 0.5812 0.0000
vt 0.6408 0.5513 0.0000
vt 0.6408 0.5215 0.0000
vt 0.6152 0.4916 0.0000
vt 0.8737 0.5884 0.0000
vt 0.9520 0.5868 0.0000
vt 0.7243 0.1344 0.0000
vt 0.7763 0.1344 0.0000
vt 0.8283 0.1599 0.0000
vt 0.9842 0.2633 0.0000
vt 0.9842 0.2931 0.0000
vt 0.9322 0.2931 0.0000
vt 0.9322 0.2633 0.0000
vt 0.3029 0.9777 0.0000
vt 0.3049 0.9573 0.0000
vt 0.3380 0.9573 0.0000
vt 0.3360 0.9777 0.0000
vt 0.8802 0.1854 0.0000
vt 0.3924 0.5383 0.0000
vt 0.3327 0.4863 0.0000
vt 0.3625 0.4863 0.0000
vt 0.4021 0.9133 0.0000
vt 0.4021 0.8929 0.0000
vt 0.4351 0.8929 0.0000
vt 0.4351 0.9133 0.0000
vt 0.7120 0.7779 0.0000
vt 0.7535 0.7575 0.0000
vt 0.7535 0.7779 0.0000
vt 0.9322 0.1854 0.0000
vt 0.9842 0.2109 0.0000
vt 0.4863 0.4616 0.0000
vt 0.5119 0.4616 0.0000
vt 0.5119 0.4914 0.0000
vt 0.4863 0.4914 0.0000
vt 0.4219 0.4566 0.0000
vt 0.4776 0.4566 0.0000
vt 0.4776 0.4793 0.0000
vt 0.4219 0.4793 0.0000
vt 0.4219 0.4250 0.0000
vt 0.4779 0.4219 0.0000
vt 0.4796 0.4514 0.0000
vt 0.4235 0.4545 0.0000
vt 0.1428 0.7931 0.0000
vt 0.0649 0.7931 0.0000
vt 0.0649 0.7739 0.0000
vt 0.1428 0.7739 0.0000
vt 0.6053 0.2583 0.0000
vt 0.6832 0.2583 0.0000
vt 0.6832 0.2890 0.0000
vt 0.6053 0.2890 0.0000
vt 0.4223 0.4863 0.0000
vt 0.4522 0.4863 0.0000
vt 0.4821 0.4863 0.0000
vt 0.9322 0.0055 0.0000
vt 0.8802 0.0055 0.0000
vt 0.8283 0.0310 0.0000
vt 0.7763 0.0565 0.0000
vt 0.7243 0.0820 0.0000
vt 0.4863 0.5811 0.0000
vt 0.5119 0.5811 0.0000
vt 0.5119 0.6110 0.0000
vt 0.4863 0.6110 0.0000
vt 0.9842 0.0055 0.0000
vt 0.6152 0.5812 0.0000
vt 0.6152 0.5513 0.0000
vt 0.6152 0.5215 0.0000
vt 0.9842 0.3230 0.0000
vt 0.9322 0.3230 0.0000
vt 0.8283 0.1344 0.0000
vt 0.8802 0.2931 0.0000
vt 0.8802 0.2633 0.0000
vt 0.5449 0.7337 0.0000
vt 0.5031 0.7328 0.0000
vt 0.5012 0.6995 0.0000
vt 0.5430 0.7004 0.0000
vt 0.7118 0.7575 0.0000
vt 0.3924 0.4863 0.0000
vt 0.8855 0.1828 0.0000
vt 0.9270 0.1828 0.0000
vt 0.9842 0.1854 0.0000
vt 0.5374 0.4616 0.0000
vt 0.5374 0.4914 0.0000
vt 0.5119 0.5213 0.0000
vt 0.4863 0.5213 0.0000
vt 0.4863 0.5512 0.0000
vt 0.5119 0.5512 0.0000
vt 0.9322 0.3828 0.0000
vt 0.9322 0.4127 0.0000
vt 0.8802 0.4127 0.0000
vt 0.8802 0.3828 0.0000
vt 0.8283 0.0055 0.0000
vt 0.7763 0.0310 0.0000
vt 0.7243 0.0565 0.0000
vt 0.5374 0.5811 0.0000
vt 0.5374 0.6110 0.0000
vt 0.9842 0.3828 0.0000
vt 0.9842 0.4127 0.0000
vt 0.9842 0.3529 0.0000
vt 0.9322 0.3529 0.0000
vt 0.8802 0.3230 0.0000
vt 0.8802 0.1344 0.0000
vt 0.8802 0.1599 0.0000
vt 0.8283 0.2931 0.0000
vt 0.8283 0.2633 0.0000
vt 0.9322 0.1599 0.0000
vt 0.9270 0.1624 0.0000
vt 0.8855 0.1624 0.0000
vt 0.5432 0.6404 0.0000
vt 0.5847 0.6404 0.0000
vt 0.5806 0.6734 0.0000
vt 0.5390 0.6734 0.0000
vt 0.9842 0.1599 0.0000
vt 0.5629 0.4616 0.0000
vt 0.5629 0.4914 0.0000
vt 0.5374 0.5213 0.0000
vt 0.5374 0.5512 0.0000
vt 0.8802 0.3529 0.0000
vt 0.8283 0.4127 0.0000
vt 0.8283 0.3828 0.0000
vt 0.7763 0.0055 0.0000
vt 0.7243 0.0310 0.0000
vt 0.5629 0.5811 0.0000
vt 0.5629 0.6110 0.0000
vt 0.8283 0.3230 0.0000
vt 0.9322 0.1344 0.0000
vt 0.7763 0.2931 0.0000
vt 0.7763 0.2633 0.0000
vt 0.4120 0.8835 0.0000
vt 0.4120 0.8631 0.0000
vt 0.4451 0.8631 0.0000
vt 0.4451 0.8835 0.0000
vt 0.4203 0.9226 0.0000
vt 0.4203 0.9430 0.0000
vt 0.3872 0.9430 0.0000
vt 0.3872 0.9226 0.0000
vt 0.7337 0.6317 0.0000
vt 0.7541 0.6317 0.0000
vt 0.7541 0.6733 0.0000
vt 0.7337 0.6733 0.0000
vt 0.9842 0.1344 0.0000
vt 0.5884 0.4616 0.0000
vt 0.5884 0.4914 0.0000
vt 0.5629 0.5213 0.0000
vt 0.5629 0.5512 0.0000
vt 0.8283 0.3529 0.0000
vt 0.7763 0.4127 0.0000
vt 0.7763 0.3828 0.0000
vt 0.7243 0.0055 0.0000
vt 0.5884 0.5811 0.0000
vt 0.5884 0.6110 0.0000
vt 0.7763 0.3230 0.0000
vt 0.7243 0.2931 0.0000
vt 0.7243 0.2633 0.0000
vt 0.8399 0.7052 0.0000
vt 0.8399 0.6636 0.0000
vt 0.8730 0.6595 0.0000
vt 0.8730 0.7010 0.0000
vt 0.6139 0.4616 0.0000
vt 0.6139 0.4914 0.0000
vt 0.5884 0.5213 0.0000
vt 0.5884 0.5512 0.0000
vt 0.7763 0.3529 0.0000
vt 0.7243 0.4127 0.0000
vt 0.7243 0.3828 0.0000
vt 0.6139 0.5811 0.0000
vt 0.6139 0.6110 0.0000
vt 0.8223 0.3495 0.0000
vt 0.8223 0.3265 0.0000
vt 0.7823 0.3265 0.0000
vt 0.7243 0.3230 0.0000
vt 0.6139 0.5213 0.0000
vt 0.6139 0.5512 0.0000
vt 0.7823 0.3495 0.0000
vt 0.7689 0.3785 0.0000
vt 0.7689 0.3571 0.0000
vt 0.7317 0.3785 0.0000
vt 0.6085 0.4595 0.0000
vt 0.5855 0.4595 0.0000
vt 0.5855 0.4219 0.0000
vt 0.6085 0.4219 0.0000
vt 0.3376 0.9527 0.0000
vt 0.3376 0.9127 0.0000
vt 0.3752 0.9127 0.0000
vt 0.3752 0.9527 0.0000
vt 0.7243 0.3529 0.0000
vt 0.7317 0.3571 0.0000
vt 0.2880 0.9527 0.0000
vt 0.2880 0.9127 0.0000
vt 0.3256 0.9127 0.0000
vt 0.3256 0.9527 0.0000
vt 0.2698 0.7272 0.0000
vt 0.2484 0.7272 0.0000
vt 0.2484 0.6896 0.0000
vt 0.2698 0.6896 0.0000
vt 0.4545 0.7441 0.0000
vt 0.4545 0.7814 0.0000
vt 0.4169 0.7814 0.0000
vt 0.4169 0.7441 0.0000
vt 0.1446 0.7987 0.0000
vt 0.1446 0.8217 0.0000
vt 0.1046 0.8217 0.0000
vt 0.1046 0.7987 0.0000
vt 0.7820 0.5884 0.0000
vt 0.7590 0.5884 0.0000
vt 0.7590 0.5508 0.0000
vt 0.7820 0.5508 0.0000
vt 0.6826 0.2930 0.0000
vt 0.6826 0.3144 0.0000
vt 0.6450 0.3144 0.0000
vt 0.6450 0.2930 0.0000
vt 0.4120 0.7838 0.0000
vt 0.4492 0.7838 0.0000
vt 0.4492 0.8214 0.0000
vt 0.4120 0.8214 0.0000
vt 0.6400 0.7293 0.0000
vt 0.6614 0.7293 0.0000
vt 0.6614 0.7665 0.0000
vt 0.6400 0.7665 0.0000
vt 0.1921 0.8136 0.0000
vt 0.3044 0.9833 0.0000
vt 0.0798 0.9833 0.0000
vt 0.4040 0.2980 0.0000
vt 0.4072 0.4737 0.0000
vt 0.2831 0.4256 0.0000
vt 0.7094 0.2131 0.0000
vt 0.5458 0.2774 0.0000
vt 0.5477 0.1443 0.0000
vt 0.7590 0.5491 0.0000
vt 0.8713 0.4830 0.0000
vt 0.9836 0.5491 0.0000
vt 0.1536 0.8614 0.0000
vt 0.0005 0.9737 0.0000
vt 0.0005 0.7491 0.0000
vt 0.9836 0.4169 0.0000
vt 0.7590 0.4169 0.0000
vt 0.8036 0.7441 0.0000
vt 0.8403 0.7441 0.0000
vt 0.8403 0.7819 0.0000
vt 0.8036 0.7819 0.0000
vt 0.2668 0.4863 0.0000
vt 0.2668 0.5241 0.0000
vt 0.2484 0.5241 0.0000
vt 0.2484 0.4863 0.0000
vt 0.5119 0.0867 0.0000
vt 0.5133 0.0501 0.0000
vt 0.5317 0.0528 0.0000
vt 0.5303 0.0894 0.0000
vt 0.8769 0.7441 0.0000
vt 0.8769 0.7819 0.0000
vt 0.8403 0.8196 0.0000
vt 0.8036 0.8196 0.0000
vt 0.2668 0.5618 0.0000
vt 0.2484 0.5618 0.0000
vt 0.5012 0.6152 0.0000
vt 0.5263 0.6152 0.0000
vt 0.5263 0.6386 0.0000
vt 0.5012 0.6386 0.0000
vt 0.5105 0.1234 0.0000
vt 0.5288 0.1261 0.0000
vt 0.7083 0.6099 0.0000
vt 0.7092 0.5855 0.0000
vt 0.7326 0.5859 0.0000
vt 0.7316 0.6103 0.0000
vt 0.9136 0.7441 0.0000
vt 0.9136 0.7819 0.0000
vt 0.8769 0.8196 0.0000
vt 0.8403 0.8574 0.0000
vt 0.8036 0.8574 0.0000
vt 0.2668 0.5996 0.0000
vt 0.2484 0.5996 0.0000
vt 0.5514 0.6152 0.0000
vt 0.5514 0.6386 0.0000
vt 0.5263 0.6508 0.0000
vt 0.5012 0.6508 0.0000
vt 0.5090 0.1600 0.0000
vt 0.5274 0.1627 0.0000
vt 0.7073 0.6343 0.0000
vt 0.7307 0.6347 0.0000
vt 0.7448 0.5877 0.0000
vt 0.7438 0.6121 0.0000
vt 0.9502 0.7441 0.0000
vt 0.9502 0.7819 0.0000
vt 0.9136 0.8196 0.0000
vt 0.8769 0.8574 0.0000
vt 0.8403 0.8951 0.0000
vt 0.8036 0.8951 0.0000
vt 0.2668 0.6373 0.0000
vt 0.2484 0.6373 0.0000
vt 0.5766 0.6152 0.0000
vt 0.5766 0.6386 0.0000
vt 0.9995 0.1443 0.0000
vt 0.9995 0.1694 0.0000
vt 0.9871 0.1694 0.0000
vt 0.9871 0.1443 0.0000
vt 0.9017 0.9571 0.0000
vt 0.9140 0.9570 0.0000
vt 0.9108 0.9691 0.0000
vt 0.8984 0.9692 0.0000
vt 0.5263 0.6630 0.0000
vt 0.5012 0.6630 0.0000
vt 0.5076 0.1967 0.0000
vt 0.5260 0.1994 0.0000
vt 0.7064 0.6586 0.0000
vt 0.7297 0.6590 0.0000
vt 0.2674 0.1294 0.0000
vt 0.2918 0.1294 0.0000
vt 0.2918 0.1455 0.0000
vt 0.2674 0.1455 0.0000
vt 0.4487 0.8594 0.0000
vt 0.4364 0.8594 0.0000
vt 0.4364 0.8433 0.0000
vt 0.4487 0.8433 0.0000
vt 0.7570 0.5895 0.0000
vt 0.7561 0.6139 0.0000
vt 0.9869 0.7441 0.0000
vt 0.9869 0.7819 0.0000
vt 0.9502 0.8196 0.0000
vt 0.9136 0.8574 0.0000
vt 0.8769 0.8951 0.0000
vt 0.8403 0.9329 0.0000
vt 0.8036 0.9329 0.0000
vt 0.2668 0.6751 0.0000
vt 0.2484 0.6751 0.0000
vt 0.6017 0.6152 0.0000
vt 0.6017 0.6386 0.0000
vt 0.9995 0.1945 0.0000
vt 0.9871 0.1945 0.0000
vt 0.5756 0.8631 0.0000
vt 0.6007 0.8631 0.0000
vt 0.6007 0.8754 0.0000
vt 0.5756 0.8754 0.0000
vt 0.8893 0.9572 0.0000
vt 0.8860 0.9693 0.0000
vt 0.5263 0.6753 0.0000
vt 0.5012 0.6753 0.0000
vt 0.5062 0.2333 0.0000
vt 0.5246 0.2360 0.0000
vt 0.7054 0.6830 0.0000
vt 0.7288 0.6834 0.0000
vt 0.2430 0.1294 0.0000
vt 0.2430 0.1455 0.0000
vt 0.8978 0.6971 0.0000
vt 0.8735 0.6962 0.0000
vt 0.8752 0.6839 0.0000
vt 0.8996 0.6849 0.0000
vt 0.4242 0.8594 0.0000
vt 0.4242 0.8433 0.0000
vt 0.7693 0.5913 0.0000
vt 0.7683 0.6156 0.0000
vt 0.1763 0.1294 0.0000
vt 0.2140 0.1294 0.0000
vt 0.2140 0.1478 0.0000
vt 0.1763 0.1478 0.0000
vt 0.9869 0.8196 0.0000
vt 0.9502 0.8574 0.0000
vt 0.9136 0.8951 0.0000
vt 0.8769 0.9329 0.0000
vt 0.7130 0.2335 0.0000
vt 0.7144 0.2702 0.0000
vt 0.6960 0.2728 0.0000
vt 0.6946 0.2362 0.0000
vt 0.6268 0.6152 0.0000
vt 0.6268 0.6386 0.0000
vt 0.9995 0.2196 0.0000
vt 0.9871 0.2196 0.0000
vt 0.6258 0.8631 0.0000
vt 0.6258 0.8754 0.0000
vt 0.6007 0.8876 0.0000
vt 0.5756 0.8876 0.0000
vt 0.8770 0.9572 0.0000
vt 0.8737 0.9693 0.0000
vt 0.5263 0.6875 0.0000
vt 0.5012 0.6875 0.0000
vt 0.7045 0.7074 0.0000
vt 0.7278 0.7078 0.0000
vt 0.2186 0.1294 0.0000
vt 0.2186 0.1455 0.0000
vt 0.9222 0.6981 0.0000
vt 0.9240 0.6858 0.0000
vt 0.8770 0.6717 0.0000
vt 0.9014 0.6726 0.0000
vt 0.4120 0.8594 0.0000
vt 0.4120 0.8433 0.0000
vt 0.7815 0.5931 0.0000
vt 0.7805 0.6174 0.0000
vt 0.1385 0.1294 0.0000
vt 0.1385 0.1478 0.0000
vt 0.7653 0.8086 0.0000
vt 0.7904 0.8086 0.0000
vt 0.7904 0.8319 0.0000
vt 0.7653 0.8319 0.0000
vt 0.9869 0.8574 0.0000
vt 0.9502 0.8951 0.0000
vt 0.9136 0.9329 0.0000
vt 0.7158 0.3068 0.0000
vt 0.6974 0.3095 0.0000
vt 0.7932 0.8040 0.0000
vt 0.7688 0.8041 0.0000
vt 0.7692 0.7807 0.0000
vt 0.7936 0.7806 0.0000
vt 0.6268 0.6508 0.0000
vt 0.6017 0.6508 0.0000
vt 0.0976 0.9127 0.0000
vt 0.0958 0.9249 0.0000
vt 0.0834 0.9265 0.0000
vt 0.0852 0.9143 0.0000
vt 0.6509 0.8631 0.0000
vt 0.6509 0.8754 0.0000
vt 0.6258 0.8876 0.0000
vt 0.6007 0.8998 0.0000
vt 0.5756 0.8998 0.0000
vt 0.9871 0.0306 0.0000
vt 0.9871 0.0055 0.0000
vt 0.9995 0.0055 0.0000
vt 0.9995 0.0306 0.0000
vt 0.5514 0.6753 0.0000
vt 0.5514 0.6875 0.0000
vt 0.7410 0.6852 0.0000
vt 0.7400 0.7096 0.0000
vt 0.2976 0.2137 0.0000
vt 0.3099 0.2137 0.0000
vt 0.3099 0.2298 0.0000
vt 0.2976 0.2298 0.0000
vt 0.9466 0.6990 0.0000
vt 0.9484 0.6868 0.0000
vt 0.9258 0.6736 0.0000
vt 0.8788 0.6595 0.0000
vt 0.9032 0.6604 0.0000
vt 0.5905 0.0055 0.0000
vt 0.6148 0.0055 0.0000
vt 0.6148 0.0215 0.0000
vt 0.5905 0.0215 0.0000
vt 0.7674 0.6400 0.0000
vt 0.7796 0.6418 0.0000
vt 0.1008 0.1294 0.0000
vt 0.1008 0.1478 0.0000
vt 0.7402 0.8086 0.0000
vt 0.7402 0.8319 0.0000
vt 0.7904 0.8441 0.0000
vt 0.7653 0.8441 0.0000
vt 0.9869 0.8951 0.0000
vt 0.9502 0.9329 0.0000
vt 0.7172 0.3435 0.0000
vt 0.6989 0.3461 0.0000
vt 0.7444 0.8042 0.0000
vt 0.7448 0.7808 0.0000
vt 0.7679 0.7685 0.0000
vt 0.7923 0.7684 0.0000
vt 0.6268 0.6630 0.0000
vt 0.6017 0.6630 0.0000
vt 0.0940 0.9372 0.0000
vt 0.0816 0.9387 0.0000
vt 0.6509 0.8876 0.0000
vt 0.6258 0.8998 0.0000
vt 0.9871 0.0557 0.0000
vt 0.9995 0.0557 0.0000
vt 0.5766 0.6753 0.0000
vt 0.5766 0.6875 0.0000
vt 0.7532 0.6870 0.0000
vt 0.7523 0.7114 0.0000
vt 0.2854 0.2137 0.0000
vt 0.2854 0.2298 0.0000
vt 0.9502 0.6745 0.0000
vt 0.9276 0.6614 0.0000
vt 0.6392 0.0055 0.0000
vt 0.6392 0.0215 0.0000
vt 0.7664 0.6644 0.0000
vt 0.7786 0.6662 0.0000
vt 0.7922 0.6330 0.0000
vt 0.7918 0.6436 0.0000
vt 0.7923 0.6192 0.0000
vt 0.0630 0.1294 0.0000
vt 0.0630 0.1478 0.0000
vt 0.7150 0.8086 0.0000
vt 0.7150 0.8319 0.0000
vt 0.6007 0.9683 0.0000
vt 0.5756 0.9683 0.0000
vt 0.5756 0.9425 0.0000
vt 0.6007 0.9425 0.0000
vt 0.7410 0.8601 0.0000
vt 0.7286 0.8602 0.0000
vt 0.7355 0.8350 0.0000
vt 0.7478 0.8349 0.0000
vt 0.7904 0.8564 0.0000
vt 0.7653 0.8564 0.0000
vt 0.9869 0.9329 0.0000
vt 0.7187 0.3801 0.0000
vt 0.7003 0.3828 0.0000
vt 0.7200 0.8043 0.0000
vt 0.7204 0.7809 0.0000
vt 0.3112 0.1294 0.0000
vt 0.3112 0.1538 0.0000
vt 0.2930 0.1538 0.0000
vt 0.2930 0.1294 0.0000
vt 0.4364 0.8235 0.0000
vt 0.4487 0.8235 0.0000
vt 0.4487 0.8416 0.0000
vt 0.4364 0.8416 0.0000
vt 0.7665 0.7562 0.0000
vt 0.7909 0.7561 0.0000
vt 0.6268 0.6753 0.0000
vt 0.6017 0.6753 0.0000
vt 0.0923 0.9494 0.0000
vt 0.0798 0.9510 0.0000
vt 0.6509 0.8998 0.0000
vt 0.9871 0.0808 0.0000
vt 0.9995 0.0808 0.0000
vt 0.6017 0.6875 0.0000
vt 0.2100 0.7904 0.0000
vt 0.1938 0.7541 0.0000
vt 0.2261 0.7541 0.0000
vt 0.2358 0.7904 0.0000
vt 0.6850 0.1368 0.0000
vt 0.7093 0.1563 0.0000
vt 0.7091 0.1941 0.0000
vt 0.6848 0.1670 0.0000
vt 0.7655 0.6888 0.0000
vt 0.7645 0.7132 0.0000
vt 0.2732 0.2137 0.0000
vt 0.2732 0.2298 0.0000
vt 0.9520 0.6623 0.0000
vt 0.6636 0.0055 0.0000
vt 0.6636 0.0215 0.0000
vt 0.7777 0.6906 0.0000
vt 0.7909 0.6680 0.0000
vt 0.7653 0.9816 0.0000
vt 0.7653 0.9710 0.0000
vt 0.7904 0.9710 0.0000
vt 0.7904 0.9816 0.0000
vt 0.6852 0.1066 0.0000
vt 0.7096 0.1186 0.0000
vt 0.4260 0.0749 0.0000
vt 0.4071 0.1555 0.0000
vt 0.3883 0.0749 0.0000
vt 0.3848 0.1238 0.0000
vt 0.3848 0.1365 0.0000
vt 0.0253 0.1294 0.0000
vt 0.0253 0.1478 0.0000
vt 0.6899 0.8086 0.0000
vt 0.6899 0.8319 0.0000
vt 0.6258 0.9683 0.0000
vt 0.6258 0.9425 0.0000
vt 0.6258 0.9028 0.0000
vt 0.6509 0.9028 0.0000
vt 0.6509 0.9150 0.0000
vt 0.6258 0.9150 0.0000
vt 0.7163 0.8602 0.0000
vt 0.7231 0.8351 0.0000
vt 0.7904 0.8686 0.0000
vt 0.7653 0.8686 0.0000
vt 0.7201 0.4168 0.0000
vt 0.7017 0.4194 0.0000
vt 0.6956 0.8044 0.0000
vt 0.6960 0.7810 0.0000
vt 0.3112 0.1782 0.0000
vt 0.2930 0.1782 0.0000
vt 0.5756 0.8238 0.0000
vt 0.6000 0.8237 0.0000
vt 0.6013 0.8360 0.0000
vt 0.5769 0.8361 0.0000
vt 0.4242 0.8235 0.0000
vt 0.4242 0.8416 0.0000
vt 0.7651 0.7439 0.0000
vt 0.7895 0.7438 0.0000
vt 0.6268 0.6875 0.0000
vt 0.3128 0.1394 0.0000
vt 0.3465 0.1452 0.0000
vt 0.3465 0.1659 0.0000
vt 0.3128 0.1717 0.0000
vt 0.2584 0.7541 0.0000
vt 0.2616 0.7904 0.0000
vt 0.2261 0.8268 0.0000
vt 0.2455 0.8268 0.0000
vt 0.6607 0.1173 0.0000
vt 0.6605 0.1399 0.0000
vt 0.7767 0.7150 0.0000
vt 0.7899 0.6924 0.0000
vt 0.7653 0.9466 0.0000
vt 0.7904 0.9466 0.0000
vt 0.6608 0.0946 0.0000
vt 0.6854 0.0765 0.0000
vt 0.7099 0.0809 0.0000
vt 0.4637 0.0749 0.0000
vt 0.7402 0.9710 0.0000
vt 0.7402 0.9466 0.0000
vt 0.6648 0.8086 0.0000
vt 0.6648 0.8319 0.0000
vt 0.6509 0.9683 0.0000
vt 0.6509 0.9425 0.0000
vt 0.6007 0.9028 0.0000
vt 0.6007 0.9150 0.0000
vt 0.6509 0.9273 0.0000
vt 0.6258 0.9273 0.0000
vt 0.7039 0.8603 0.0000
vt 0.7107 0.8351 0.0000
vt 0.7904 0.8808 0.0000
vt 0.7653 0.8808 0.0000
vt 0.6712 0.8045 0.0000
vt 0.6716 0.7811 0.0000
vt 0.3112 0.2025 0.0000
vt 0.2930 0.2025 0.0000
vt 0.6244 0.8236 0.0000
vt 0.6257 0.8359 0.0000
vt 0.6027 0.8482 0.0000
vt 0.5783 0.8483 0.0000
vt 0.4120 0.8235 0.0000
vt 0.4120 0.8416 0.0000
vt 0.7638 0.7316 0.0000
vt 0.7882 0.7315 0.0000
vt 0.2874 0.7904 0.0000
vt 0.2907 0.7541 0.0000
vt 0.3229 0.7541 0.0000
vt 0.3133 0.7904 0.0000
vt 0.2648 0.8268 0.0000
vt 0.2423 0.8632 0.0000
vt 0.2552 0.8632 0.0000
vt 0.6364 0.0977 0.0000
vt 0.6363 0.1128 0.0000
vt 0.7890 0.7167 0.0000
vt 0.7653 0.9222 0.0000
vt 0.7904 0.9222 0.0000
vt 0.6365 0.0826 0.0000
vt 0.6610 0.0720 0.0000
vt 0.6856 0.0463 0.0000
vt 0.7101 0.0432 0.0000
vt 0.5014 0.0749 0.0000
vt 0.3848 0.1441 0.0000
vt 0.3848 0.1517 0.0000
vt 0.7150 0.9710 0.0000
vt 0.7150 0.9466 0.0000
vt 0.3848 0.1594 0.0000
vt 0.3848 0.1670 0.0000
vt 0.7402 0.9222 0.0000
vt 0.6899 0.8441 0.0000
vt 0.6648 0.8441 0.0000
vt 0.4694 0.6843 0.0000
vt 0.4676 0.6966 0.0000
vt 0.4417 0.6998 0.0000
vt 0.4435 0.6876 0.0000
vt 0.5756 0.9028 0.0000
vt 0.5756 0.9150 0.0000
vt 0.6007 0.9273 0.0000
vt 0.6509 0.9395 0.0000
vt 0.6258 0.9395 0.0000
vt 0.5508 0.1145 0.0000
vt 0.5759 0.1145 0.0000
vt 0.5759 0.1404 0.0000
vt 0.5508 0.1404 0.0000
vt 0.7402 0.8686 0.0000
vt 0.7402 0.8808 0.0000
vt 0.7904 0.8931 0.0000
vt 0.7653 0.8931 0.0000
vt 0.6703 0.7688 0.0000
vt 0.6947 0.7687 0.0000
vt 0.3409 0.8334 0.0000
vt 0.3409 0.8456 0.0000
vt 0.3227 0.8456 0.0000
vt 0.3227 0.8334 0.0000
vt 0.6488 0.8235 0.0000
vt 0.6501 0.8358 0.0000
vt 0.6271 0.8481 0.0000
vt 0.6041 0.8605 0.0000
vt 0.5797 0.8606 0.0000
vt 0.2976 0.4698 0.0000
vt 0.2732 0.4698 0.0000
vt 0.2732 0.4516 0.0000
vt 0.2976 0.4516 0.0000
vt 0.7407 0.7440 0.0000
vt 0.7394 0.7317 0.0000
vt 0.3552 0.7541 0.0000
vt 0.3391 0.7904 0.0000
vt 0.2842 0.8268 0.0000
vt 0.3036 0.8268 0.0000
vt 0.2681 0.8632 0.0000
vt 0.2584 0.8995 0.0000
vt 0.2648 0.8995 0.0000
vt 0.6120 0.0782 0.0000
vt 0.6120 0.0857 0.0000
vt 0.7653 0.8978 0.0000
vt 0.7904 0.8978 0.0000
vt 0.6121 0.0706 0.0000
vt 0.6366 0.0676 0.0000
vt 0.6612 0.0494 0.0000
vt 0.6858 0.0161 0.0000
vt 0.7104 0.0055 0.0000
vt 0.5014 0.1071 0.0000
vt 0.3848 0.1746 0.0000
vt 0.3848 0.1873 0.0000
vt 0.6648 0.9816 0.0000
vt 0.6648 0.9710 0.0000
vt 0.6899 0.9710 0.0000
vt 0.6899 0.9816 0.0000
vt 0.6899 0.9466 0.0000
vt 0.7150 0.9222 0.0000
vt 0.7402 0.8978 0.0000
vt 0.6899 0.8564 0.0000
vt 0.6648 0.8564 0.0000
vt 0.4712 0.6721 0.0000
vt 0.4453 0.6754 0.0000
vt 0.5756 0.9273 0.0000
vt 0.6007 0.9395 0.0000
vt 0.6010 0.1145 0.0000
vt 0.6010 0.1404 0.0000
vt 0.7150 0.8686 0.0000
vt 0.7150 0.8808 0.0000
vt 0.7402 0.8931 0.0000
vt 0.6689 0.7566 0.0000
vt 0.6933 0.7565 0.0000
vt 0.3409 0.8578 0.0000
vt 0.3227 0.8578 0.0000
vt 0.6515 0.8480 0.0000
vt 0.6285 0.8604 0.0000
vt 0.3219 0.4698 0.0000
vt 0.3219 0.4516 0.0000
vt 0.7163 0.7441 0.0000
vt 0.7150 0.7318 0.0000
vt 0.7625 0.7197 0.0000
vt 0.7380 0.7194 0.0000
vt 0.7487 0.7194 0.0000
vt 0.3037 0.3950 0.0000
vt 0.2794 0.4221 0.0000
vt 0.2792 0.3844 0.0000
vt 0.3035 0.3649 0.0000
vt 0.3229 0.8268 0.0000
vt 0.2810 0.8632 0.0000
vt 0.2939 0.8632 0.0000
vt 0.2713 0.8995 0.0000
vt 0.6121 0.0631 0.0000
vt 0.6367 0.0525 0.0000
vt 0.6613 0.0267 0.0000
vt 0.5952 0.3102 0.0000
vt 0.5706 0.3005 0.0000
vt 0.5706 0.2682 0.0000
vt 0.5952 0.2843 0.0000
vt 0.5014 0.1394 0.0000
vt 0.2789 0.3467 0.0000
vt 0.3033 0.3347 0.0000
vt 0.3883 0.2362 0.0000
vt 0.4260 0.2362 0.0000
vt 0.6648 0.9466 0.0000
vt 0.6899 0.9222 0.0000
vt 0.7150 0.8978 0.0000
vt 0.6899 0.8686 0.0000
vt 0.6648 0.8686 0.0000
vt 0.4730 0.6599 0.0000
vt 0.4471 0.6631 0.0000
vt 0.5756 0.9395 0.0000
vt 0.6261 0.1145 0.0000
vt 0.6261 0.1404 0.0000
vt 0.6899 0.8808 0.0000
vt 0.7150 0.8931 0.0000
vt 0.6675 0.7443 0.0000
vt 0.6919 0.7442 0.0000
vt 0.3409 0.8701 0.0000
vt 0.3227 0.8701 0.0000
vt 0.6529 0.8603 0.0000
vt 0.3463 0.4698 0.0000
vt 0.3463 0.4516 0.0000
vt 0.6906 0.7319 0.0000
vt 0.7136 0.7195 0.0000
vt 0.3280 0.3680 0.0000
vt 0.3278 0.3453 0.0000
vt 0.3068 0.8632 0.0000
vt 0.2778 0.8995 0.0000
vt 0.2842 0.8995 0.0000
vt 0.6122 0.0556 0.0000
vt 0.6368 0.0374 0.0000
vt 0.6197 0.3198 0.0000
vt 0.6197 0.3005 0.0000
vt 0.5952 0.3360 0.0000
vt 0.5706 0.3328 0.0000
vt 0.5014 0.1717 0.0000
vt 0.3277 0.3227 0.0000
vt 0.2786 0.3090 0.0000
vt 0.3031 0.3045 0.0000
vt 0.4637 0.2362 0.0000
vt 0.6648 0.9222 0.0000
vt 0.6899 0.8978 0.0000
vt 0.6648 0.8808 0.0000
vt 0.6899 0.8931 0.0000
vt 0.6662 0.7320 0.0000
vt 0.6892 0.7196 0.0000
vt 0.3523 0.3409 0.0000
vt 0.3521 0.3258 0.0000
vt 0.2907 0.8995 0.0000
vt 0.6122 0.0480 0.0000
vt 0.6442 0.3295 0.0000
vt 0.6442 0.3166 0.0000
vt 0.6197 0.3392 0.0000
vt 0.5952 0.3618 0.0000
vt 0.5706 0.3650 0.0000
vt 0.5014 0.2040 0.0000
vt 0.3520 0.3107 0.0000
vt 0.3275 0.3001 0.0000
vt 0.2784 0.2712 0.0000
vt 0.3029 0.2743 0.0000
vt 0.5014 0.2362 0.0000
vt 0.6648 0.8978 0.0000
vt 0.6648 0.8931 0.0000
vt 0.6648 0.7197 0.0000
vt 0.3765 0.3138 0.0000
vt 0.3765 0.3062 0.0000
vt 0.6688 0.3392 0.0000
vt 0.6688 0.3328 0.0000
vt 0.6442 0.3424 0.0000
vt 0.6197 0.3586 0.0000
vt 0.5952 0.3876 0.0000
vt 0.5706 0.3973 0.0000
vt 0.3764 0.2987 0.0000
vt 0.3519 0.2956 0.0000
vt 0.3274 0.2774 0.0000
vt 0.2781 0.2335 0.0000
vt 0.3027 0.2441 0.0000
vt 0.6688 0.3457 0.0000
vt 0.6442 0.3553 0.0000
vt 0.6197 0.3779 0.0000
vt 0.5952 0.4134 0.0000
vt 0.5706 0.4296 0.0000
vt 0.3764 0.2912 0.0000
vt 0.3518 0.2805 0.0000
vt 0.3272 0.2548 0.0000
vt 0.6688 0.3521 0.0000
vt 0.6442 0.3683 0.0000
vt 0.6197 0.3973 0.0000
vt 0.3763 0.2836 0.0000
vt 0.3517 0.2654 0.0000
vt 0.6688 0.3586 0.0000
vt 0.6442 0.3812 0.0000
vt 0.3763 0.2761 0.0000
vt 0.6688 0.3650 0.0000
vt 0.1608 0.8251 0.0000
vt 0.1593 0.8279 0.0000
vt 0.1588 0.8276 0.0000
vt 0.1584 0.8271 0.0000
vt 0.1599 0.8282 0.0000
vt 0.1579 0.8307 0.0000
vt 0.1569 0.8300 0.0000
vt 0.1580 0.8266 0.0000
vt 0.1560 0.8291 0.0000
vt 0.1605 0.8283 0.0000
vt 0.1590 0.8311 0.0000
vt 0.1565 0.8332 0.0000
vt 0.1550 0.8322 0.0000
vt 0.1578 0.8260 0.0000
vt 0.1553 0.8281 0.0000
vt 0.1538 0.8309 0.0000
vt 0.1612 0.8283 0.0000
vt 0.1602 0.8314 0.0000
vt 0.1582 0.8339 0.0000
vt 0.1554 0.8354 0.0000
vt 0.1535 0.8341 0.0000
vt 0.1576 0.8254 0.0000
vt 0.1548 0.8269 0.0000
vt 0.1528 0.8294 0.0000
vt 0.1518 0.8325 0.0000
vt 0.1618 0.8281 0.0000
vt 0.1615 0.8314 0.0000
vt 0.1600 0.8342 0.0000
vt 0.1575 0.8363 0.0000
vt 0.6907 0.3505 0.0000
vt 0.6882 0.3505 0.0000
vt 0.6882 0.3478 0.0000
vt 0.6906 0.3482 0.0000
vt 0.1576 0.8248 0.0000
vt 0.1546 0.8257 0.0000
vt 0.1521 0.8278 0.0000
vt 0.1506 0.8306 0.0000
vt 0.6882 0.3453 0.0000
vt 0.6906 0.3461 0.0000
vt 0.1624 0.8279 0.0000
vt 0.1627 0.8311 0.0000
vt 0.1617 0.8342 0.0000
vt 0.1597 0.8367 0.0000
vt 0.6906 0.3528 0.0000
vt 0.6882 0.3532 0.0000
vt 0.6854 0.3505 0.0000
vt 0.6854 0.3475 0.0000
vt 0.1578 0.8242 0.0000
vt 0.1546 0.8245 0.0000
vt 0.1517 0.8260 0.0000
vt 0.1497 0.8285 0.0000
vt 0.7425 0.7511 0.0000
vt 0.7423 0.7543 0.0000
vt 0.7397 0.7539 0.0000
vt 0.7403 0.7508 0.0000
vt 0.6853 0.3447 0.0000
vt 0.1629 0.8276 0.0000
vt 0.1638 0.8306 0.0000
vt 0.1635 0.8339 0.0000
vt 0.1620 0.8367 0.0000
vt 0.6906 0.3550 0.0000
vt 0.6882 0.3557 0.0000
vt 0.6854 0.3535 0.0000
vt 0.6823 0.3505 0.0000
vt 0.6823 0.3474 0.0000
vt 0.1580 0.8236 0.0000
vt 0.1548 0.8233 0.0000
vt 0.1517 0.8242 0.0000
vt 0.1492 0.8263 0.0000
vt 0.7371 0.7533 0.0000
vt 0.7381 0.7502 0.0000
vt 0.6853 0.3421 0.0000
vt 0.6882 0.3429 0.0000
vt 0.6823 0.3443 0.0000
vt 0.1633 0.8271 0.0000
vt 0.1648 0.8300 0.0000
vt 0.1652 0.8332 0.0000
vt 0.1642 0.8363 0.0000
vt 0.7521 0.7484 0.0000
vt 0.7535 0.7512 0.0000
vt 0.7519 0.7524 0.0000
vt 0.7507 0.7494 0.0000
vt 0.6853 0.3563 0.0000
vt 0.6823 0.3537 0.0000
vt 0.6791 0.3505 0.0000
vt 0.6791 0.3473 0.0000
vt 0.1584 0.8230 0.0000
vt 0.1553 0.8221 0.0000
vt 0.1521 0.8225 0.0000
vt 0.1492 0.8240 0.0000
vt 0.7347 0.7523 0.0000
vt 0.7361 0.7494 0.0000
vt 0.7391 0.7570 0.0000
vt 0.7363 0.7563 0.0000
vt 0.6823 0.3415 0.0000
vt 0.6791 0.3442 0.0000
vt 0.1637 0.8266 0.0000
vt 0.1657 0.8291 0.0000
vt 0.1666 0.8322 0.0000
vt 0.1663 0.8354 0.0000
vt 0.7089 0.8672 0.0000
vt 0.7091 0.8640 0.0000
vt 0.7118 0.8643 0.0000
vt 0.7112 0.8675 0.0000
vt 0.6882 0.3581 0.0000
vt 0.6853 0.3590 0.0000
vt 0.6823 0.3567 0.0000
vt 0.6791 0.3537 0.0000
vt 0.6759 0.3505 0.0000
vt 0.6759 0.3474 0.0000
vt 0.1588 0.8226 0.0000
vt 0.1560 0.8211 0.0000
vt 0.1528 0.8208 0.0000
vt 0.1497 0.8218 0.0000
vt 0.7326 0.7511 0.0000
vt 0.7343 0.7483 0.0000
vt 0.7336 0.7552 0.0000
vt 0.6822 0.3391 0.0000
vt 0.6853 0.3398 0.0000
vt 0.6790 0.3414 0.0000
vt 0.6759 0.3443 0.0000
vt 0.1639 0.8260 0.0000
vt 0.1664 0.8280 0.0000
vt 0.1679 0.8309 0.0000
vt 0.1682 0.8341 0.0000
vt 0.7067 0.8672 0.0000
vt 0.7064 0.8640 0.0000
vt 0.7093 0.8608 0.0000
vt 0.7123 0.8612 0.0000
vt 0.6823 0.3595 0.0000
vt 0.6791 0.3568 0.0000
vt 0.6759 0.3537 0.0000
vt 0.6728 0.3505 0.0000
vt 0.6728 0.3475 0.0000
vt 0.1593 0.8223 0.0000
vt 0.1568 0.8202 0.0000
vt 0.1537 0.8193 0.0000
vt 0.1505 0.8197 0.0000
vt 0.5905 0.0599 0.0000
vt 0.5929 0.0591 0.0000
vt 0.5930 0.0617 0.0000
vt 0.5905 0.0621 0.0000
vt 0.5929 0.0567 0.0000
vt 0.5957 0.0559 0.0000
vt 0.5958 0.0585 0.0000
vt 0.5957 0.0536 0.0000
vt 0.5988 0.0528 0.0000
vt 0.5988 0.0553 0.0000
vt 0.6790 0.3389 0.0000
vt 0.6758 0.3415 0.0000
vt 0.6732 0.3446 0.0000
vt 0.6728 0.3458 0.0000
vt 0.1640 0.8254 0.0000
vt 0.1669 0.8269 0.0000
vt 0.1689 0.8294 0.0000
vt 0.1698 0.8325 0.0000
vt 0.7045 0.8675 0.0000
vt 0.7039 0.8643 0.0000
vt 0.7064 0.8608 0.0000
vt 0.6853 0.3613 0.0000
vt 0.6822 0.3619 0.0000
vt 0.6790 0.3596 0.0000
vt 0.6759 0.3567 0.0000
vt 0.6728 0.3535 0.0000
vt 0.6722 0.3476 0.0000
vt 0.6719 0.3505 0.0000
vt 0.1599 0.8220 0.0000
vt 0.1579 0.8195 0.0000
vt 0.1550 0.8181 0.0000
vt 0.1518 0.8178 0.0000
vt 0.5930 0.0643 0.0000
vt 0.5905 0.0644 0.0000
vt 0.5958 0.0613 0.0000
vt 0.5989 0.0581 0.0000
vt 0.6020 0.0526 0.0000
vt 0.6020 0.0551 0.0000
vt 0.1640 0.8248 0.0000
vt 0.1671 0.8257 0.0000
vt 0.1696 0.8277 0.0000
vt 0.1711 0.8306 0.0000
vt 0.3980 0.2902 0.0000
vt 0.3955 0.2897 0.0000
vt 0.3956 0.2872 0.0000
vt 0.3980 0.2880 0.0000
vt 0.3927 0.2865 0.0000
vt 0.3928 0.2839 0.0000
vt 0.3956 0.2848 0.0000
vt 0.3897 0.2833 0.0000
vt 0.3897 0.2809 0.0000
vt 0.3928 0.2816 0.0000
vt 0.6790 0.3621 0.0000
vt 0.6758 0.3595 0.0000
vt 0.6728 0.3552 0.0000
vt 0.6732 0.3564 0.0000
vt 0.1605 0.8219 0.0000
vt 0.1590 0.8191 0.0000
vt 0.1565 0.8171 0.0000
vt 0.1534 0.8162 0.0000
vt 0.5931 0.0670 0.0000
vt 0.5906 0.0666 0.0000
vt 0.5959 0.0643 0.0000
vt 0.5989 0.0611 0.0000
vt 0.6021 0.0579 0.0000
vt 0.6052 0.0549 0.0000
vt 0.6052 0.0552 0.0000
vt 0.6029 0.0526 0.0000
vt 0.6758 0.3411 0.0000
vt 0.6753 0.3416 0.0000
vt 0.1639 0.8241 0.0000
vt 0.1671 0.8245 0.0000
vt 0.1699 0.8260 0.0000
vt 0.1720 0.8285 0.0000
vt 0.3980 0.2924 0.0000
vt 0.3955 0.2924 0.0000
vt 0.3927 0.2894 0.0000
vt 0.3896 0.2861 0.0000
vt 0.3865 0.2831 0.0000
vt 0.3865 0.2806 0.0000
vt 0.6722 0.3534 0.0000
vt 0.1612 0.8219 0.0000
vt 0.1602 0.8188 0.0000
vt 0.1582 0.8164 0.0000
vt 0.1553 0.8149 0.0000
vt 0.5931 0.0696 0.0000
vt 0.5906 0.0688 0.0000
vt 0.5959 0.0673 0.0000
vt 0.5990 0.0643 0.0000
vt 0.6021 0.0610 0.0000
vt 0.6053 0.0580 0.0000
vt 0.6055 0.0552 0.0000
vt 0.1637 0.8236 0.0000
vt 0.1669 0.8233 0.0000
vt 0.1699 0.8242 0.0000
vt 0.1724 0.8263 0.0000
vt 0.3980 0.2947 0.0000
vt 0.3955 0.2951 0.0000
vt 0.3926 0.2924 0.0000
vt 0.3896 0.2892 0.0000
vt 0.3864 0.2860 0.0000
vt 0.3833 0.2832 0.0000
vt 0.3833 0.2808 0.0000
vt 0.6758 0.3619 0.0000
vt 0.6741 0.3616 0.0000
vt 0.6758 0.3604 0.0000
vt 0.6753 0.3594 0.0000
vt 0.6758 0.3599 0.0000
vt 0.1618 0.8220 0.0000
vt 0.1614 0.8188 0.0000
vt 0.1599 0.8160 0.0000
vt 0.1574 0.8140 0.0000
vt 0.7306 0.7568 0.0000
vt 0.7274 0.7570 0.0000
vt 0.7274 0.7544 0.0000
vt 0.7306 0.7545 0.0000
vt 0.5959 0.0701 0.0000
vt 0.5990 0.0674 0.0000
vt 0.6022 0.0642 0.0000
vt 0.6053 0.0610 0.0000
vt 0.1633 0.8230 0.0000
vt 0.1664 0.8221 0.0000
vt 0.1696 0.8224 0.0000
vt 0.1724 0.8240 0.0000
vt 0.3979 0.2969 0.0000
vt 0.3954 0.2976 0.0000
vt 0.3926 0.2953 0.0000
vt 0.3896 0.2923 0.0000
vt 0.3864 0.2891 0.0000
vt 0.3832 0.2860 0.0000
vt 0.3816 0.2811 0.0000
vt 0.3802 0.2837 0.0000
vt 0.3802 0.2829 0.0000
vt 0.1624 0.8222 0.0000
vt 0.1627 0.8191 0.0000
vt 0.1617 0.8160 0.0000
vt 0.1596 0.8136 0.0000
vt 0.7277 0.7517 0.0000
vt 0.7309 0.7523 0.0000
vt 0.5960 0.0727 0.0000
vt 0.5931 0.0719 0.0000
vt 0.5990 0.0704 0.0000
vt 0.6022 0.0674 0.0000
vt 0.6054 0.0642 0.0000
vt 0.6080 0.0611 0.0000
vt 0.6071 0.0582 0.0000
vt 0.1629 0.8226 0.0000
vt 0.1657 0.8211 0.0000
vt 0.1689 0.8208 0.0000
vt 0.1719 0.8217 0.0000
vt 0.7109 0.7708 0.0000
vt 0.7077 0.7703 0.0000
vt 0.7082 0.7677 0.0000
vt 0.7113 0.7685 0.0000
vt 0.3926 0.2982 0.0000
vt 0.3895 0.2955 0.0000
vt 0.3863 0.2923 0.0000
vt 0.3832 0.2891 0.0000
vt 0.3801 0.2864 0.0000
vt 0.5869 0.6414 0.0000
vt 0.5869 0.6404 0.0000
vt 0.5876 0.6404 0.0000
vt 0.1638 0.8195 0.0000
vt 0.1635 0.8164 0.0000
vt 0.1619 0.8136 0.0000
vt 0.7283 0.7492 0.0000
vt 0.7314 0.7501 0.0000
vt 0.7242 0.7543 0.0000
vt 0.7245 0.7513 0.0000
vt 0.5991 0.0732 0.0000
vt 0.6023 0.0705 0.0000
vt 0.6054 0.0673 0.0000
vt 0.1648 0.8202 0.0000
vt 0.1679 0.8193 0.0000
vt 0.1711 0.8196 0.0000
vt 0.7107 0.7730 0.0000
vt 0.7075 0.7730 0.0000
vt 0.3954 0.3000 0.0000
vt 0.3925 0.3008 0.0000
vt 0.3895 0.2985 0.0000
vt 0.3863 0.2955 0.0000
vt 0.3831 0.2922 0.0000
vt 0.3801 0.2892 0.0000
vt 0.1651 0.8170 0.0000
vt 0.1642 0.8140 0.0000
vt 0.7292 0.7470 0.0000
vt 0.7321 0.7482 0.0000
vt 0.7252 0.7486 0.0000
vt 0.5991 0.0757 0.0000
vt 0.5960 0.0751 0.0000
vt 0.6023 0.0734 0.0000
vt 0.6055 0.0703 0.0000
vt 0.6080 0.0671 0.0000
vt 0.6083 0.0641 0.0000
vt 0.1666 0.8180 0.0000
vt 0.1698 0.8177 0.0000
vt 0.7109 0.7752 0.0000
vt 0.7077 0.7756 0.0000
vt 0.7043 0.7728 0.0000
vt 0.7045 0.7699 0.0000
vt 0.3894 0.3013 0.0000
vt 0.3863 0.2986 0.0000
vt 0.3831 0.2954 0.0000
vt 0.3800 0.2922 0.0000
vt 0.3784 0.2867 0.0000
vt 0.3777 0.2894 0.0000
vt 0.1663 0.8149 0.0000
vt 0.1316 0.8397 0.0000
vt 0.1308 0.8372 0.0000
vt 0.1334 0.8372 0.0000
vt 0.1338 0.8397 0.0000
vt 0.1285 0.8372 0.0000
vt 0.1276 0.8343 0.0000
vt 0.1303 0.8343 0.0000
vt 0.1253 0.8343 0.0000
vt 0.1247 0.8313 0.0000
vt 0.1271 0.8312 0.0000
vt 0.6023 0.0758 0.0000
vt 0.6055 0.0731 0.0000
vt 0.1682 0.8161 0.0000
vt 0.7113 0.7772 0.0000
vt 0.7082 0.7779 0.0000
vt 0.7045 0.7757 0.0000
vt 0.3925 0.3031 0.0000
vt 0.3894 0.3037 0.0000
vt 0.3862 0.3014 0.0000
vt 0.3830 0.2984 0.0000
vt 0.3800 0.2951 0.0000
vt 0.1361 0.8371 0.0000
vt 0.1361 0.8397 0.0000
vt 0.1331 0.8343 0.0000
vt 0.1299 0.8312 0.0000
vt 0.1244 0.8280 0.0000
vt 0.1269 0.8280 0.0000
vt 0.1383 0.8397 0.0000
vt 0.1387 0.8372 0.0000
vt 0.1413 0.8372 0.0000
vt 0.1405 0.8397 0.0000
vt 0.1419 0.8343 0.0000
vt 0.1445 0.8343 0.0000
vt 0.1437 0.8372 0.0000
vt 0.1450 0.8312 0.0000
vt 0.1475 0.8313 0.0000
vt 0.1468 0.8343 0.0000
vt 0.3862 0.3039 0.0000
vt 0.3830 0.3012 0.0000
vt 0.3800 0.2980 0.0000
vt 0.3775 0.2921 0.0000
vt 0.3777 0.2949 0.0000
vt 0.1361 0.8343 0.0000
vt 0.1329 0.8312 0.0000
vt 0.1298 0.8280 0.0000
vt 0.1271 0.8256 0.0000
vt 0.1245 0.8273 0.0000
vt 0.1390 0.8343 0.0000
vt 0.1423 0.8312 0.0000
vt 0.1452 0.8280 0.0000
vt 0.1477 0.8280 0.0000
vt 0.3830 0.3036 0.0000
vt 0.3799 0.3006 0.0000
vt 0.3783 0.2976 0.0000
vt 0.1361 0.8312 0.0000
vt 0.1329 0.8280 0.0000
vt 0.1392 0.8312 0.0000
vt 0.1424 0.8280 0.0000
vt 0.1361 0.8280 0.0000
vt 0.1299 0.8248 0.0000
vt 0.1329 0.8248 0.0000
vt 0.1299 0.8244 0.0000
vt 0.1290 0.8248 0.0000
vt 0.1393 0.8280 0.0000
vt 0.1451 0.8256 0.0000
vt 0.1423 0.8248 0.0000
vt 0.1432 0.8248 0.0000
vt 0.1472 0.8235 0.0000
vt 0.1475 0.8248 0.0000
vt 0.1463 0.8248 0.0000
vt 0.5857 0.6552 0.0000
vt 0.5852 0.6552 0.0000
vt 0.5852 0.6545 0.0000
vt 0.1361 0.8248 0.0000
vt 0.1392 0.8248 0.0000
vt 0.1422 0.8244 0.0000
vt 0.1361 0.8236 0.0000
vt 0.1330 0.8238 0.0000
vt 0.3823 0.2447 0.0000
vt 0.3823 0.2483 0.0000
vt 0.3684 0.2481 0.0000
vt 0.3684 0.2452 0.0000
vt 0.3824 0.2413 0.0000
vt 0.3684 0.2425 0.0000
vt 0.3824 0.2385 0.0000
vt 0.3685 0.2402 0.0000
vt 0.8450 0.6547 0.0000
vt 0.8422 0.6543 0.0000
vt 0.8460 0.6408 0.0000
vt 0.8483 0.6411 0.0000
vt 0.8483 0.6552 0.0000
vt 0.8510 0.6415 0.0000
vt 0.8519 0.6557 0.0000
vt 0.8538 0.6419 0.0000
vt 0.8554 0.6562 0.0000
vt 0.8567 0.6423 0.0000
vt 0.8588 0.6566 0.0000
vt 0.8593 0.6427 0.0000
vt 0.8616 0.6570 0.0000
vt 0.8616 0.6430 0.0000
vt 0.0750 0.9790 0.0000
vt 0.0750 0.9819 0.0000
vt 0.0611 0.9802 0.0000
vt 0.0611 0.9779 0.0000
vt 0.0749 0.9757 0.0000
vt 0.0610 0.9752 0.0000
vt 0.0749 0.9721 0.0000
vt 0.0610 0.9723 0.0000
vt 0.0748 0.9685 0.0000
vt 0.0610 0.9694 0.0000
vt 0.0748 0.9652 0.0000
vt 0.0609 0.9667 0.0000
vt 0.0747 0.9623 0.0000
vt 0.0609 0.9644 0.0000
vt 0.6448 0.1610 0.0000
vt 0.6449 0.1639 0.0000
vt 0.6310 0.1619 0.0000
vt 0.6310 0.1596 0.0000
vt 0.6448 0.1577 0.0000
vt 0.6310 0.1570 0.0000
vt 0.6448 0.1541 0.0000
vt 0.6310 0.1541 0.0000
vt 0.6448 0.1505 0.0000
vt 0.6310 0.1512 0.0000
vt 0.6448 0.1471 0.0000
vt 0.6310 0.1485 0.0000
vt 0.6449 0.1443 0.0000
vt 0.6310 0.1462 0.0000
vt 0.3822 0.2552 0.0000
vt 0.3821 0.2581 0.0000
vt 0.3683 0.2559 0.0000
vt 0.3683 0.2536 0.0000
vt 0.3822 0.2519 0.0000
vt 0.3683 0.2510 0.0000
vt 0.3545 0.2479 0.0000
vt 0.3545 0.2457 0.0000
vt 0.3545 0.2437 0.0000
vt 0.3546 0.2420 0.0000
vt 0.8499 0.6273 0.0000
vt 0.8516 0.6275 0.0000
vt 0.8536 0.6278 0.0000
vt 0.8558 0.6281 0.0000
vt 0.8579 0.6284 0.0000
vt 0.8599 0.6287 0.0000
vt 0.8616 0.6289 0.0000
vt 0.0472 0.9784 0.0000
vt 0.0472 0.9767 0.0000
vt 0.0471 0.9747 0.0000
vt 0.0471 0.9725 0.0000
vt 0.0471 0.9703 0.0000
vt 0.0470 0.9683 0.0000
vt 0.0470 0.9666 0.0000
vt 0.6172 0.1600 0.0000
vt 0.6171 0.1583 0.0000
vt 0.6171 0.1562 0.0000
vt 0.6171 0.1541 0.0000
vt 0.6171 0.1519 0.0000
vt 0.6171 0.1499 0.0000
vt 0.6172 0.1482 0.0000
vt 0.3544 0.2538 0.0000
vt 0.3544 0.2520 0.0000
vt 0.3545 0.2500 0.0000
vt 0.3406 0.2477 0.0000
vt 0.3406 0.2462 0.0000
vt 0.3406 0.2449 0.0000
vt 0.3407 0.2438 0.0000
vt 0.8538 0.6138 0.0000
vt 0.8549 0.6139 0.0000
vt 0.8563 0.6141 0.0000
vt 0.8577 0.6143 0.0000
vt 0.8591 0.6145 0.0000
vt 0.8604 0.6147 0.0000
vt 0.8616 0.6149 0.0000
vt 0.0333 0.9766 0.0000
vt 0.0333 0.9755 0.0000
vt 0.0332 0.9741 0.0000
vt 0.0332 0.9727 0.0000
vt 0.0332 0.9713 0.0000
vt 0.0332 0.9699 0.0000
vt 0.0332 0.9688 0.0000
vt 0.6033 0.1580 0.0000
vt 0.6033 0.1569 0.0000
vt 0.6033 0.1555 0.0000
vt 0.6033 0.1541 0.0000
vt 0.6033 0.1527 0.0000
vt 0.6033 0.1513 0.0000
vt 0.6033 0.1502 0.0000
vt 0.3405 0.2516 0.0000
vt 0.3406 0.2505 0.0000
vt 0.3406 0.2491 0.0000
vt 0.3267 0.2475 0.0000
vt 0.3267 0.2468 0.0000
vt 0.3267 0.2461 0.0000
vt 0.3267 0.2455 0.0000
vt 0.8577 0.6003 0.0000
vt 0.8583 0.6003 0.0000
vt 0.8589 0.6004 0.0000
vt 0.8596 0.6005 0.0000
vt 0.8603 0.6006 0.0000
vt 0.8610 0.6007 0.0000
vt 0.8616 0.6008 0.0000
vt 0.0194 0.9749 0.0000
vt 0.0194 0.9743 0.0000
vt 0.0194 0.9736 0.0000
vt 0.0193 0.9729 0.0000
vt 0.0193 0.9722 0.0000
vt 0.0193 0.9715 0.0000
vt 0.0193 0.9709 0.0000
vt 0.5894 0.1561 0.0000
vt 0.5894 0.1555 0.0000
vt 0.5894 0.1548 0.0000
vt 0.5894 0.1541 0.0000
vt 0.5894 0.1534 0.0000
vt 0.5894 0.1527 0.0000
vt 0.5894 0.1521 0.0000
vt 0.3267 0.2494 0.0000
vt 0.3267 0.2489 0.0000
vt 0.3267 0.2482 0.0000
vt 0.3128 0.2473 0.0000
vt 0.8616 0.5868 0.0000
vt 0.0055 0.9731 0.0000
vt 0.5756 0.1541 0.0000
vt 0.7159 0.8663 0.0000
vt 0.7157 0.8636 0.0000
vt 0.7151 0.8663 0.0000
vt 0.7166 0.8661 0.0000
vt 0.7172 0.8658 0.0000
vt 0.7177 0.8653 0.0000
vt 0.7181 0.8646 0.0000
vt 0.7183 0.8639 0.0000
vt 0.7183 0.8632 0.0000
vt 0.7181 0.8625 0.0000
vt 0.7177 0.8619 0.0000
vt 0.7172 0.8614 0.0000
vt 0.7166 0.8610 0.0000
vt 0.7159 0.8608 0.0000
vt 0.7152 0.8608 0.0000
vt 0.7145 0.8610 0.0000
vt 0.7138 0.8613 0.0000
vt 0.7133 0.8619 0.0000
vt 0.7130 0.8625 0.0000
vt 0.7128 0.8632 0.0000
vt 0.7128 0.8639 0.0000
vt 0.7129 0.8646 0.0000
vt 0.7133 0.8652 0.0000
vt 0.7138 0.8658 0.0000
vt 0.7144 0.8661 0.0000
vt 0.7422 0.4340 0.0000
vt 0.7428 0.4318 0.0000
vt 0.7428 0.4340 0.0000
vt 0.2624 0.4670 0.0000
vt 0.2104 0.4670 0.0000
vt 0.1988 0.4670 0.0000
vt 0.1988 0.2038 0.0000
vt 0.2674 0.2038 0.0000
vt 0.2674 0.4677 0.0000
vt 0.2624 0.4677 0.0000
vt 0.5040 0.4353 0.0000
vt 0.5560 0.4353 0.0000
vt 0.5560 0.4054 0.0000
vt 0.5560 0.3755 0.0000
vt 0.5560 0.3456 0.0000
vt 0.5560 0.3158 0.0000
vt 0.5560 0.2881 0.0000
vt 0.5610 0.2880 0.0000
vt 0.5616 0.4504 0.0000
vt 0.4814 0.4507 0.0000
vt 0.4814 0.4353 0.0000
vt 0.8198 0.2619 0.0000
vt 0.7877 0.2619 0.0000
vt 0.2829 0.0005 0.0000
vt 0.2829 0.0173 0.0000
vt 0.2829 0.0309 0.0000
vt 0.0197 0.0309 0.0000
vt 0.0197 0.1643 0.0000
vt 0.2829 0.1643 0.0000
vt 0.2829 0.1667 0.0000
vt 0.2829 0.1934 0.0000
vt 0.0055 0.1934 0.0000
vt 0.0055 0.0005 0.0000
vt 0.5513 0.0141 0.0000
vt 0.5519 0.0141 0.0000
vt 0.5519 0.0295 0.0000
vt 0.2880 0.0295 0.0000
vt 0.2880 0.0005 0.0000
vt 0.5513 0.0005 0.0000
vt 0.9096 0.1324 0.0000
vt 0.9096 0.1331 0.0000
vt 0.9085 0.1331 0.0000
vt 0.9085 0.1330 0.0000
vt 0.8802 0.1330 0.0000
vt 0.1750 0.4763 0.0000
vt 0.1451 0.4763 0.0000
vt 0.1152 0.4763 0.0000
vt 0.0854 0.4763 0.0000
vt 0.0734 0.4763 0.0000
vt 0.0555 0.4763 0.0000
vt 0.0256 0.4763 0.0000
vt 0.0005 0.4763 0.0000
vt 0.0005 0.1988 0.0000
vt 0.1934 0.1988 0.0000
vt 0.1545 0.2829 0.0000
vt 0.1545 0.2518 0.0000
vt 0.1328 0.2518 0.0000
vt 0.0395 0.2518 0.0000
vt 0.0254 0.2518 0.0000
vt 0.0254 0.4230 0.0000
vt 0.1545 0.4230 0.0000
vt 0.1545 0.3919 0.0000
vt 0.1934 0.4763 0.0000
vt 0.3708 0.9824 0.0000
vt 0.3426 0.9824 0.0000
vt 0.3440 0.9656 0.0000
vt 0.3768 0.9573 0.0000
vt 0.3748 0.9824 0.0000
vt 0.8763 0.1330 0.0000
vt 0.8763 0.1331 0.0000
vt 0.5131 0.6985 0.0000
vt 0.5012 0.6985 0.0000
vt 0.5263 0.6985 0.0000
vt 0.7924 0.6106 0.0000
vt 0.7925 0.5947 0.0000
vt 0.5339 0.6985 0.0000
vt 0.5514 0.6985 0.0000
vt 0.3465 0.1169 0.0000
vt 0.3465 0.1244 0.0000
vt 0.3128 0.1071 0.0000
vt 0.3128 0.0749 0.0000
vt 0.3465 0.1037 0.0000
vt 0.3465 0.0918 0.0000
vt 0.3506 0.0749 0.0000
vt 0.3624 0.0918 0.0000
vt 0.3848 0.1169 0.0000
vt 0.3848 0.0918 0.0000
vt 0.3710 0.0918 0.0000
vt 0.5754 0.6985 0.0000
vt 0.5546 0.6985 0.0000
vt 0.5766 0.6985 0.0000
vt 0.3465 0.1420 0.0000
vt 0.7584 0.9816 0.0000
vt 0.7457 0.9816 0.0000
vt 0.7402 0.9816 0.0000
vt 0.5961 0.6985 0.0000
vt 0.6017 0.6985 0.0000
vt 0.3465 0.1671 0.0000
vt 0.3465 0.1867 0.0000
vt 0.3128 0.2040 0.0000
vt 0.3848 0.1420 0.0000
vt 0.7381 0.9816 0.0000
vt 0.7304 0.9816 0.0000
vt 0.7228 0.9816 0.0000
vt 0.7152 0.9816 0.0000
vt 0.7150 0.9816 0.0000
vt 0.6168 0.6985 0.0000
vt 0.6268 0.6985 0.0000
vt 0.3465 0.1922 0.0000
vt 0.3465 0.2074 0.0000
vt 0.3128 0.2362 0.0000
vt 0.3848 0.1671 0.0000
vt 0.7076 0.9816 0.0000
vt 0.6948 0.9816 0.0000
vt 0.7697 0.7199 0.0000
vt 0.7870 0.7204 0.0000
vt 0.3465 0.2173 0.0000
vt 0.3638 0.2173 0.0000
vt 0.3506 0.2362 0.0000
vt 0.3710 0.2173 0.0000
vt 0.3848 0.2173 0.0000
vt 0.3848 0.1922 0.0000
vt 0.2676 0.9100 0.0000
vt 0.2671 0.9104 0.0000
vt 0.2646 0.9129 0.0000
vt 0.2644 0.9131 0.0000
vt 0.6056 0.0730 0.0000
vt 0.6029 0.0756 0.0000
vt 0.6071 0.0701 0.0000
vt 0.6076 0.0684 0.0000
vt 0.2700 0.9086 0.0000
vt 0.2691 0.9091 0.0000
vt 0.2721 0.9080 0.0000
vt 0.6082 0.0624 0.0000
vt 0.2792 0.9077 0.0000
vt 0.2771 0.9074 0.0000
vt 0.2818 0.9085 0.0000
vt 0.2761 0.9073 0.0000
vt 0.2731 0.9077 0.0000
vt 0.6061 0.0563 0.0000
vt 0.2852 0.9104 0.0000
vt 0.2832 0.9091 0.0000
vt 0.2823 0.9086 0.0000
vt 0.2856 0.9109 0.0000
vt 0.6024 0.0523 0.0000
vt 0.3816 0.3033 0.0000
vt 0.3830 0.3046 0.0000
vt 0.3841 0.3054 0.0000
vt 0.3810 0.3026 0.0000
vt 0.6752 0.3418 0.0000
vt 0.6786 0.3393 0.0000
vt 0.3795 0.3005 0.0000
vt 0.3799 0.3011 0.0000
vt 0.3784 0.2977 0.0000
vt 0.6726 0.3462 0.0000
vt 0.3776 0.2909 0.0000
vt 0.6720 0.3517 0.0000
vt 0.3795 0.2840 0.0000
vt 0.6735 0.3567 0.0000
vt 0.3833 0.2796 0.0000
vt 0.3796 0.2839 0.0000
vt 0.3837 0.2793 0.0000
vt 0.6762 0.3601 0.0000
vt 0.6782 0.3389 0.0000
vt 0.6031 0.0758 0.0000
vt 0.1276 0.8254 0.0000
vt 0.1456 0.8259 0.0000
vt 0.1320 0.8240 0.0000
vt 0.1418 0.8243 0.0000
vt 0.1392 0.8238 0.0000
vt 0.1370 0.8237 0.0000
vt 0.5445 0.8225 0.0000
vt 0.5568 0.8225 0.0000
vt 0.5570 0.8078 0.0000
vt 0.5469 0.8078 0.0000
vt 0.5400 0.8027 0.0000
vt 0.5429 0.8005 0.0000
vt 0.5462 0.7992 0.0000
vt 0.5498 0.7987 0.0000
vt 0.5534 0.7992 0.0000
vt 0.5568 0.8005 0.0000
vt 0.5596 0.8027 0.0000
vt 0.5618 0.8056 0.0000
vt 0.5632 0.8090 0.0000
vt 0.5637 0.8126 0.0000
vt 0.5632 0.8162 0.0000
vt 0.5618 0.8195 0.0000
vt 0.5596 0.8224 0.0000
vt 0.5568 0.8246 0.0000
vt 0.5534 0.8260 0.0000
vt 0.5498 0.8264 0.0000
vt 0.5462 0.8260 0.0000
vt 0.5429 0.8246 0.0000
vt 0.5400 0.8224 0.0000
vt 0.5378 0.8195 0.0000
vt 0.5364 0.8162 0.0000
vt 0.5359 0.8126 0.0000
vt 0.5364 0.8090 0.0000
vt 0.5378 0.8056 0.0000
vt 0.5443 0.8078 0.0000
vt 0.9569 0.6075 0.0000
vt 0.9569 0.5824 0.0000
vt 0.9869 0.5508 0.0000
vt 0.9869 0.5885 0.0000
vt 0.9325 0.5824 0.0000
vt 0.9502 0.5508 0.0000
vt 0.9082 0.5824 0.0000
vt 0.9136 0.5508 0.0000
vt 0.8838 0.5824 0.0000
vt 0.8769 0.5508 0.0000
vt 0.8594 0.5824 0.0000
vt 0.8403 0.5508 0.0000
vt 0.8350 0.5824 0.0000
vt 0.8036 0.5508 0.0000
vt 0.8350 0.6075 0.0000
vt 0.8036 0.5885 0.0000
vt 0.8350 0.6326 0.0000
vt 0.8036 0.6263 0.0000
vt 0.8350 0.6577 0.0000
vt 0.8036 0.6640 0.0000
vt 0.8350 0.6828 0.0000
vt 0.8036 0.7018 0.0000
vt 0.8350 0.7079 0.0000
vt 0.8036 0.7395 0.0000
vt 0.8594 0.7079 0.0000
vt 0.8403 0.7395 0.0000
vt 0.8838 0.7079 0.0000
vt 0.8769 0.7395 0.0000
vt 0.9082 0.7079 0.0000
vt 0.9136 0.7395 0.0000
vt 0.9325 0.7079 0.0000
vt 0.9502 0.7395 0.0000
vt 0.9569 0.7079 0.0000
vt 0.9869 0.7395 0.0000
vt 0.9569 0.6828 0.0000
vt 0.9869 0.7018 0.0000
vt 0.9569 0.6577 0.0000
vt 0.9869 0.6640 0.0000
vt 0.9569 0.6326 0.0000
vt 0.9869 0.6263 0.0000
# 1885 texture coords

o Marshmallow_Laboratory
g Marshmallow_Laboratory
usemtl wire_177099187
s 8
f 1/1/1 2/2/2 3/3/3 4/4/4 
s 64
f 5/5/5 1/6/1 4/7/4 6/8/6 
s 2
f 7/9/7 8/10/8 9/11/8 10/12/7 
f 2/13/2 9/11/8 11/14/8 12/15/9 
s 8
f 2/2/2 12/16/9 13/17/10 3/3/3 
s 64
f 6/8/6 4/7/4 14/18/11 15/19/12 
s 4096
f 16/20/13 17/21/14 18/22/15 19/23/16 20/24/17 
s 128
f 19/25/16 18/26/15 21/27/18 22/28/19 
s 2048
f 21/29/18 18/30/15 17/31/14 23/32/20 
s 32
f 24/33/21 25/34/22 26/35/23 27/36/24 
s 2
f 27/37/24 26/38/23 28/39/8 29/40/7 
f 29/40/7 28/39/8 30/41/8 31/42/7 
f 31/42/7 30/41/8 8/10/8 7/9/7 
f 9/11/8 8/10/8 32/43/8 11/14/8 
f 12/15/9 11/14/8 33/44/8 34/45/25 
s 1
f 13/46/10 12/47/9 35/48/26 36/49/27 
s 8
f 3/3/3 13/17/10 37/50/28 
f 3/3/3 37/50/28 38/51/29 
f 39/52/4 38/51/29 40/53/30 41/54/4 
s 64
f 42/55/31 39/56/4 43/57/32 44/58/33 
s 65536
f 45/59/34 46/60/35 47/61/36 48/62/37 
s 32768
f 49/63/38 45/64/34 48/65/37 50/66/39 
s 262144
f 51/67/40 49/68/38 50/69/39 52/70/41 
s 131072
f 53/71/42 51/72/40 52/73/41 54/74/43 
s 64
f 55/75/44 56/76/45 57/77/46 
s 32
f 58/78/22 25/34/22 59/79/22 60/80/22 
f 61/81/23 26/35/23 25/34/22 58/78/22 
s 2
f 28/39/8 26/38/23 61/82/23 62/83/8 
f 30/41/8 28/39/8 62/83/8 63/84/8 
f 8/10/8 30/41/8 63/84/8 32/43/8 
f 11/14/8 32/43/8 64/85/8 33/44/8 
s off
f 12/86/9 34/87/25 65/88/47 35/89/26 
s 2
f 34/45/25 33/44/8 66/90/8 67/91/48 
s 1
f 37/92/28 13/46/10 36/49/27 68/93/49 
s 8
f 35/94/26 65/95/47 69/96/50 36/97/27 
f 38/51/29 37/50/28 70/98/51 
s 64
f 43/57/32 39/56/4 41/99/4 71/100/32 
s 8
f 40/53/30 38/51/29 72/101/52 73/102/53 
f 41/54/4 40/53/30 74/103/54 75/104/4 
s 64
f 44/58/33 43/57/32 76/105/32 77/106/33 
s 16777216
f 78/107/55 79/108/56 80/109/57 81/110/58 82/111/33 
f 82/111/33 81/110/58 83/112/59 84/113/33 
f 84/113/33 83/112/59 85/114/60 86/115/61 87/116/62 
s 8388608
f 87/117/62 86/118/61 88/119/63 89/120/64 
s 4194304
f 89/121/64 88/122/63 90/123/65 91/124/66 
s 2097152
f 91/125/66 90/126/65 92/127/67 93/128/68 94/129/69 
f 94/129/69 93/128/68 95/130/70 96/131/71 
f 96/131/71 95/130/70 97/132/72 79/133/56 78/134/55 
s 64
f 77/106/33 76/105/32 98/135/32 99/136/33 
f 99/136/33 98/135/32 100/137/33 
f 100/137/33 98/135/32 101/138/32 102/139/32 103/140/33 
f 103/140/33 102/139/32 104/141/73 105/142/74 
s 32
f 106/143/22 58/78/22 60/80/22 107/144/22 
f 60/80/22 59/79/22 108/145/22 109/146/22 
f 108/145/22 104/147/73 110/148/73 111/149/22 
f 112/150/23 61/81/23 58/78/22 106/143/22 
s 2
f 62/83/8 61/82/23 112/151/23 113/152/8 
f 63/84/8 62/83/8 113/152/8 114/153/8 
f 32/43/8 63/84/8 114/153/8 64/85/8 
f 33/44/8 64/85/8 115/154/8 66/90/8 
s 1
f 34/155/25 116/156/75 69/157/50 65/158/47 
s 8
f 34/159/25 67/160/48 117/161/76 116/162/75 
s 2
f 67/91/48 66/90/8 118/163/7 119/164/77 
s off
f 120/165/78 37/166/28 68/167/49 121/168/79 
s 8
f 36/97/27 69/96/50 121/169/79 68/170/49 
f 38/51/29 70/98/51 122/171/80 72/101/52 
f 70/98/51 37/50/28 120/172/78 123/173/81 
s 64
f 76/105/32 43/57/32 71/100/32 124/174/32 
f 71/100/32 41/99/4 75/175/4 125/176/32 
s 8
f 126/177/82 40/53/30 73/102/53 127/178/83 
s off
f 73/179/53 72/180/52 128/181/84 129/182/85 
s 8
f 40/53/30 126/177/82 130/183/54 74/103/54 
f 75/104/4 74/103/54 131/184/86 132/185/87 
s 16777216
f 79/108/56 86/115/61 85/114/60 80/109/57 
s off
f 81/186/58 80/187/57 133/188/88 134/189/61 
f 83/190/59 81/191/58 134/192/61 135/193/56 
f 85/194/60 83/195/59 135/196/56 136/197/89 
s 1048576
f 79/198/56 90/199/65 88/200/63 86/201/61 
s 2097152
f 90/126/65 79/133/56 97/132/72 92/127/67 
s off
f 93/202/68 92/203/67 137/204/90 138/205/91 
f 95/206/70 93/207/68 138/208/91 139/209/92 
f 97/210/72 95/211/70 139/212/92 140/213/93 
s 64
f 98/135/32 76/105/32 124/174/32 101/138/32 
f 102/139/32 101/138/32 141/214/32 142/215/32 
f 104/141/73 102/139/32 142/215/32 110/216/73 
s 32
f 143/217/22 106/143/22 107/144/22 144/218/22 
f 107/144/22 60/80/22 109/146/22 145/219/22 
f 109/146/22 108/145/22 111/149/22 146/220/22 
f 111/149/22 110/148/73 147/221/94 148/222/95 
f 149/223/23 112/150/23 106/143/22 143/217/22 
s 2
f 113/152/8 112/151/23 149/224/23 150/225/8 
f 114/153/8 113/152/8 150/225/8 151/226/8 
f 64/85/8 114/153/8 151/226/8 115/154/8 
f 66/90/8 115/154/8 152/227/7 118/163/7 
s 1
f 116/156/75 120/228/78 121/229/79 69/157/50 
s 8
f 67/160/48 119/230/77 153/231/96 117/161/76 
f 116/162/75 117/161/76 154/232/97 
s 16
f 119/233/77 118/234/7 155/235/98 153/236/96 
s 8
f 70/98/51 126/177/82 127/178/83 122/171/80 
s off
f 72/237/52 122/238/80 156/239/99 128/240/84 
s 8
f 123/173/81 157/241/100 126/177/82 70/98/51 
f 123/173/81 120/172/78 154/232/97 
s 64
f 124/174/32 71/100/32 125/176/32 158/242/32 
f 125/176/32 75/175/4 132/243/87 159/244/101 
s off
f 127/245/83 73/246/53 129/247/85 160/248/102 
s 8
f 128/249/84 160/250/102 129/251/85 
f 126/177/82 157/241/100 161/252/54 130/183/54 
f 74/103/54 130/183/54 162/253/86 131/184/86 
s 4
f 132/254/87 131/255/86 163/256/103 159/257/101 
s off
f 80/258/57 85/259/60 136/260/89 133/261/88 
s 16777216
f 135/262/56 134/263/61 133/264/88 136/265/89 
s off
f 92/266/67 97/267/72 140/268/93 137/269/90 
s 2097152
f 139/270/92 138/271/91 137/272/90 140/273/93 
s 64
f 101/138/32 124/174/32 158/242/32 141/214/32 
f 142/215/32 141/214/32 164/274/101 165/275/101 
f 110/216/73 142/215/32 165/275/101 147/276/94 
s 32
f 166/277/21 143/217/22 144/218/22 167/278/21 
f 144/218/22 107/144/22 145/219/22 168/279/22 
f 145/219/22 109/146/22 146/220/22 169/280/22 
f 146/220/22 111/149/22 148/222/95 170/281/95 
s 4
f 165/282/101 171/283/103 148/284/95 147/285/94 
s 32
f 172/286/104 149/223/23 143/217/22 166/277/21 
s 2
f 150/225/8 149/224/23 172/287/104 173/288/7 
f 151/226/8 150/225/8 173/288/7 174/289/7 
f 115/154/8 151/226/8 174/289/7 152/227/7 
s 16
f 118/234/7 152/290/7 175/291/98 155/235/98 
s 8
f 116/162/75 154/232/97 120/172/78 
f 117/161/76 153/231/96 176/292/96 154/232/97 
s 16
f 153/236/96 155/235/98 177/293/105 176/294/96 
s off
f 122/295/80 127/296/83 160/297/102 156/298/99 
s 8
f 128/249/84 156/299/99 160/250/102 
f 154/232/97 157/241/100 123/173/81 
s 64
f 158/242/32 125/176/32 159/244/101 178/300/101 
s 8
f 161/252/54 157/241/100 179/301/106 180/302/107 
f 130/183/54 161/252/54 181/303/86 162/253/86 
s 4
f 131/255/86 162/304/86 182/305/103 163/256/103 
f 159/257/101 163/256/103 183/306/103 178/307/101 
s 64
f 141/214/32 158/242/32 178/300/101 164/274/101 
s 4
f 164/308/101 184/309/103 171/283/103 165/282/101 
s 16
f 185/310/98 166/311/21 167/312/21 186/313/105 
s 32
f 167/278/21 144/218/22 168/279/22 187/314/21 
f 168/279/22 145/219/22 169/280/22 188/315/22 
f 169/280/22 146/220/22 170/281/95 189/316/95 
s 4
f 171/283/103 190/317/103 170/318/95 148/284/95 
s 16
f 173/319/7 172/320/104 166/311/21 185/310/98 
f 174/321/7 173/319/7 185/310/98 191/322/98 
f 152/290/7 174/321/7 191/322/98 175/291/98 
f 155/235/98 175/291/98 192/323/105 177/293/105 
s 8
f 154/232/97 176/292/96 193/324/96 194/325/76 
s 16
f 176/294/96 177/293/105 195/326/105 193/327/96 
s 8
f 154/232/97 194/325/76 157/241/100 
f 196/328/76 161/252/54 180/302/107 197/329/108 
f 157/241/100 194/325/76 198/330/109 179/301/106 
s off
f 180/331/107 179/332/106 199/333/110 200/334/85 
s 8
f 161/252/54 196/328/76 201/335/86 181/303/86 
s 4
f 162/304/86 181/336/86 202/337/103 182/305/103 
f 163/256/103 182/305/103 203/338/103 183/306/103 
f 178/307/101 183/306/103 184/309/103 164/308/101 
f 184/309/103 204/339/103 190/317/103 171/283/103 
s 16
f 191/322/98 185/310/98 186/313/105 205/340/105 
f 186/313/105 167/312/21 187/341/21 206/342/105 
s 32
f 187/314/21 168/279/22 188/315/22 207/343/21 
f 188/315/22 169/280/22 189/316/95 208/344/95 
s 4
f 190/317/103 209/345/103 189/346/95 170/318/95 
s 16
f 175/291/98 191/322/98 205/340/105 192/323/105 
s 1
f 192/323/105 210/347/105 195/326/105 177/293/105 
s 8
f 194/325/76 193/324/96 211/348/96 196/328/76 
s 16
f 193/327/96 195/326/105 212/349/105 211/350/96 
s 8
f 194/325/76 196/328/76 197/329/108 198/330/109 
s off
f 197/351/108 180/352/107 200/353/85 213/354/111 
f 179/355/106 198/356/109 214/357/112 199/358/110 
s 8
f 199/359/110 214/360/112 213/361/111 200/362/85 
f 196/328/76 211/348/96 215/363/113 201/335/86 
s 4
f 181/336/86 201/364/86 216/365/103 202/337/103 
f 182/305/103 202/337/103 217/366/103 203/338/103 
f 183/306/103 203/338/103 204/339/103 184/309/103 
f 204/339/103 218/367/103 209/345/103 190/317/103 
s 16
f 205/340/105 186/313/105 206/342/105 219/368/114 
f 206/342/105 187/341/21 207/369/21 220/370/114 
s 32
f 207/343/21 188/315/22 208/344/95 221/371/115 
s 4
f 209/345/103 222/372/103 208/373/95 189/346/95 
s 16
f 192/323/105 205/340/105 219/368/114 210/347/105 
f 195/326/105 210/347/105 223/374/116 212/349/105 
f 211/350/96 212/349/105 224/375/117 215/376/113 
s off
f 198/377/109 197/378/108 213/379/111 214/380/112 
s 4
f 201/364/86 215/381/113 224/382/117 216/365/103 
f 202/337/103 216/365/103 225/383/103 217/366/103 
f 203/338/103 217/366/103 218/367/103 204/339/103 
f 218/367/103 226/384/103 222/372/103 209/345/103 
s 16
f 219/368/114 206/342/105 220/370/114 227/385/98 
f 220/370/114 207/369/21 221/386/115 228/387/117 
s 4
f 222/372/103 228/388/117 221/389/115 208/373/95 
s 16
f 210/347/105 219/368/114 229/390/118 230/391/119 
f 223/374/116 210/347/105 230/391/119 231/392/120 
f 212/349/105 223/374/116 232/393/117 224/375/117 
s 4
f 216/365/103 224/382/117 232/394/117 225/383/103 
f 217/366/103 225/383/103 226/384/103 218/367/103 
f 226/384/103 233/395/117 228/388/117 222/372/103 
s 16
f 219/368/114 227/385/98 234/396/121 229/390/118 
f 227/385/98 220/370/114 235/397/118 236/398/119 
f 220/370/114 228/387/117 237/399/121 235/397/118 
s off
f 230/400/119 229/401/118 238/402/113 239/403/115 
s 16
f 227/385/98 223/374/116 231/392/120 234/396/121 
s off
f 231/404/120 230/405/119 239/406/115 240/407/104 
s 16
f 223/374/116 227/385/98 233/408/117 232/393/117 
s 4
f 225/383/103 232/394/117 233/395/117 226/384/103 
s 16
f 228/387/117 233/408/117 241/409/120 237/399/121 
s off
f 229/410/118 234/411/121 242/412/77 238/413/113 
s 16
f 233/408/117 227/385/98 236/398/119 241/409/120 
s off
f 236/414/119 235/415/118 243/416/113 244/417/115 
f 235/418/118 237/419/121 245/420/77 243/421/113 
s 16
f 239/422/115 238/423/113 242/424/77 240/425/104 
s off
f 234/426/121 231/427/120 240/428/104 242/429/77 
f 237/430/121 241/431/120 246/432/104 245/433/77 
f 241/434/120 236/435/119 244/436/115 246/437/104 
s 16
f 244/438/115 243/439/113 245/440/77 246/441/104 
s 1048576
f 247/442/122 248/443/123 249/444/124 
s 524288
f 247/445/122 249/446/124 250/447/125 
s 8388608
f 247/448/122 251/449/126 248/450/123 
s 2097152
f 248/451/123 252/452/127 249/453/124 
s 4194304
f 247/454/122 250/455/125 251/456/126 
s 2097152
f 249/453/124 252/452/127 250/457/125 
f 251/458/126 252/452/127 248/451/123 
f 250/457/125 252/452/127 251/458/126 
s 67108864
f 253/459/128 254/460/129 255/461/130 256/462/131 
s 268435456
f 253/463/128 256/464/131 257/465/132 258/466/133 
s 2147483648
f 254/467/129 253/468/128 258/469/133 259/470/134 
s 67108864
f 254/460/129 260/471/129 261/472/130 255/461/130 
f 256/462/131 255/461/130 262/473/130 263/474/131 
s 268435456
f 256/464/131 263/475/131 264/476/132 257/465/132 
f 265/477/135 266/478/136 267/479/137 268/480/138 
s 2147483648
f 260/481/129 254/467/129 259/470/134 269/482/134 
f 270/483/134 265/484/135 268/485/138 271/486/139 
s 67108864
f 260/471/129 272/487/129 273/488/130 261/472/130 
f 255/461/130 261/472/130 274/489/130 262/473/130 
f 263/474/131 262/473/130 275/490/130 276/491/131 
s 268435456
f 263/475/131 276/492/131 277/493/132 264/476/132 
f 266/478/136 278/494/136 279/495/140 267/479/137 
f 268/480/138 267/479/137 280/496/141 281/497/142 
s 2147483648
f 272/498/129 260/481/129 269/482/134 282/499/134 
f 283/500/134 270/483/134 271/486/139 284/501/143 
f 271/486/139 268/485/138 281/502/142 285/503/144 
s 67108864
f 272/487/129 286/504/129 287/505/130 273/488/130 
f 261/472/130 273/488/130 288/506/130 274/489/130 
f 262/473/130 274/489/130 289/507/130 275/490/130 
f 276/491/131 275/490/130 290/508/130 291/509/131 
s 268435456
f 276/492/131 291/510/131 292/511/132 277/493/132 
f 278/494/136 293/512/136 294/513/140 279/495/140 
s 33554432
f 267/514/137 279/515/140 295/516/145 296/517/146 
s 67108864
f 280/518/141 267/519/137 296/520/146 297/521/141 
s 268435456
f 281/497/142 280/496/141 298/522/141 299/523/142 
s 2147483648
f 286/524/129 272/498/129 282/499/134 300/525/134 
f 301/526/134 283/500/134 284/501/143 302/527/143 
s 33554432
f 284/528/143 271/529/139 303/530/147 304/531/143 
s 67108864
f 271/532/139 285/533/144 305/534/144 303/535/147 
s 2147483648
f 285/503/144 281/502/142 299/536/142 306/537/144 
s 67108864
f 286/504/129 307/538/148 308/539/149 287/505/130 
f 273/488/130 287/505/130 309/540/130 288/506/130 
f 274/489/130 288/506/130 310/541/130 289/507/130 
f 275/490/130 289/507/130 311/542/130 290/508/130 
f 291/509/131 290/508/130 312/543/150 313/544/151 
s 268435456
f 291/510/131 313/545/151 314/546/152 292/511/132 
f 293/512/136 315/547/136 316/548/153 294/513/140 
s 33554432
f 279/515/140 294/549/140 317/550/145 295/516/145 
s 268435456
f 296/551/146 295/552/145 318/553/154 297/554/141 
s 67108864
f 298/555/141 280/518/141 297/521/141 319/556/141 
s 268435456
f 299/523/142 298/522/141 320/557/155 321/558/142 
s 2147483648
f 307/559/148 286/524/129 300/525/134 322/560/156 
f 323/561/134 301/526/134 302/527/143 324/562/157 
s 33554432
f 302/563/143 284/528/143 304/531/143 325/564/143 
s 2147483648
f 304/565/143 303/566/147 305/567/144 326/568/32 
s 67108864
f 285/533/144 306/569/144 327/570/144 305/534/144 
s 2147483648
f 306/537/144 299/536/142 321/571/142 328/572/158 
s 1073741824
f 308/573/149 307/574/148 322/575/156 329/576/159 
s 67108864
f 287/505/130 308/539/149 330/577/149 309/540/130 
f 288/506/130 309/540/130 331/578/130 310/541/130 
f 289/507/130 310/541/130 332/579/130 311/542/130 
f 290/508/130 311/542/130 333/580/150 312/543/150 
s 536870912
f 313/581/151 312/582/150 334/583/160 314/584/152 
s 268435456
f 315/547/136 335/585/161 336/586/162 316/548/153 
s 33554432
f 294/549/140 316/587/153 337/588/163 317/550/145 
s 268435456
f 295/552/145 317/589/145 338/590/154 318/553/154 
f 297/554/141 318/553/154 339/591/154 319/592/141 
s 67108864
f 320/593/155 298/555/141 319/556/141 340/594/164 
s 268435456
f 321/558/142 320/557/155 341/595/154 342/596/142 
s 2147483648
f 343/597/165 323/561/134 324/562/157 344/598/166 
s 33554432
f 324/599/157 302/563/143 325/564/143 345/600/167 
s 2147483648
f 325/601/143 304/565/143 326/568/32 346/602/32 
f 326/568/32 305/567/144 327/603/144 347/604/32 
s 67108864
f 306/569/144 328/605/158 348/606/148 327/570/144 
s 2147483648
f 328/572/158 321/571/142 342/607/142 349/608/32 
s 1073741824
f 330/609/149 308/573/149 329/576/159 350/610/159 
f 351/611/168 343/612/165 344/613/166 352/614/169 
s 67108864
f 309/540/130 330/577/149 353/615/149 331/578/130 
f 310/541/130 331/578/130 354/616/130 332/579/130 
f 311/542/130 332/579/130 355/617/150 333/580/150 
s 536870912
f 312/582/150 333/618/150 356/619/160 334/583/160 
f 335/620/161 357/621/160 358/622/170 336/623/162 
s 268435456
f 316/548/153 336/586/162 359/624/141 360/625/142 
s 67108864
f 316/626/153 360/627/142 361/628/142 337/629/163 
s 268435456
f 317/589/145 337/630/163 361/631/142 338/590/154 
f 318/553/154 338/590/154 362/632/154 339/591/154 
f 319/592/141 339/591/154 363/633/171 340/634/164 
s 33554432
f 364/635/171 320/636/155 340/637/164 363/638/171 
s 268435456
f 320/557/155 364/639/171 365/640/154 341/595/154 
s 2147483648
f 344/598/166 324/562/157 366/641/142 367/642/144 
s 67108864
f 366/643/142 324/644/157 345/645/167 368/646/142 
s 2147483648
f 345/647/167 325/601/143 346/602/32 368/648/142 
f 346/602/32 326/568/32 347/604/32 369/649/32 
f 347/604/32 327/603/144 348/650/148 370/651/129 
s 33554432
f 328/652/158 371/653/129 370/654/129 348/655/148 
s 2147483648
f 371/656/129 328/572/158 349/608/32 372/657/32 
s 1073741824
f 353/658/149 330/609/149 350/610/159 373/659/159 
f 374/660/168 351/611/168 352/614/169 375/661/172 
f 352/614/169 344/613/166 367/662/144 376/663/173 
s 67108864
f 331/578/130 353/615/149 377/664/149 354/616/130 
f 332/579/130 354/616/130 378/665/150 355/617/150 
s 536870912
f 333/618/150 355/666/150 379/667/160 356/619/160 
f 357/621/160 380/668/160 381/669/174 358/622/170 
f 336/623/162 358/622/170 382/670/173 359/671/141 
s 268435456
f 360/625/142 359/624/141 383/672/141 384/673/142 
s 67108864
f 360/627/142 384/674/142 385/675/142 361/628/142 
s 268435456
f 338/590/154 361/631/142 385/676/142 362/632/154 
f 339/591/154 362/632/154 386/677/171 363/633/171 
s 33554432
f 387/678/171 364/635/171 363/638/171 386/679/171 
s 268435456
f 364/639/171 387/680/171 388/681/154 365/640/154 
s 2147483648
f 367/642/144 366/641/142 389/682/142 390/683/144 
s 67108864
f 389/684/142 366/643/142 368/646/142 391/685/142 
s 2147483648
f 368/648/142 346/602/32 369/649/32 391/686/142 
f 369/649/32 347/604/32 370/651/129 392/687/129 
s 33554432
f 371/653/129 393/688/129 392/689/129 370/654/129 
s 2147483648
f 393/690/129 371/656/129 372/657/32 394/691/32 
f 395/692/175 396/693/143 372/657/32 349/608/32 397/694/32 
s 1073741824
f 377/695/149 353/658/149 373/659/159 398/696/159 
f 399/697/168 374/660/168 375/661/172 400/698/176 
s 33554432
f 375/699/172 352/700/169 401/701/177 402/702/178 
s 67108864
f 352/703/169 376/704/173 403/705/173 401/706/177 
s 1073741824
f 376/663/173 367/662/144 390/707/144 404/708/173 
s 67108864
f 354/616/130 377/664/149 405/709/179 378/665/150 
s 536870912
f 355/666/150 378/710/150 406/711/160 379/667/160 
f 380/668/160 407/712/160 408/713/174 381/669/174 
s 33554432
f 358/714/170 381/715/174 409/716/174 410/717/180 
s 67108864
f 382/718/173 358/719/170 410/720/180 411/721/173 
s 536870912
f 359/671/141 382/670/173 412/722/173 383/723/141 
s 268435456
f 384/673/142 383/672/141 413/724/141 414/725/181 
s 67108864
f 384/674/142 414/726/181 415/727/182 385/675/142 
s 268435456
f 362/632/154 385/676/142 415/728/182 386/677/171 
s 33554432
f 414/729/181 387/678/171 386/679/171 415/730/182 
s 268435456
f 387/680/171 414/725/181 416/731/154 388/681/154 
s 4
f 417/732/183 418/733/184 419/734/185 420/735/186 
s 32
f 421/736/187 422/737/188 418/738/184 417/739/183 
s 2147483648
f 390/683/144 389/682/142 423/740/189 424/741/144 
s 67108864
f 423/742/189 389/684/142 391/685/142 425/743/190 
s 2147483648
f 391/686/142 369/649/32 392/687/129 425/744/190 
s 33554432
f 393/688/129 423/745/189 425/746/190 392/689/129 
s 2147483648
f 423/740/189 393/690/129 394/691/32 426/747/32 
f 394/691/32 372/657/32 396/693/143 427/748/143 
s 134217728
f 428/749/191 429/750/192 396/751/143 395/752/175 
s 32
f 430/753/187 431/754/188 422/737/188 421/736/187 
s 8
f 432/755/188 433/756/193 431/757/188 
f 434/758/194 433/756/193 435/759/195 
s 1073741824
f 405/760/179 377/695/149 398/696/159 436/761/196 
f 437/762/168 399/697/168 400/698/176 438/763/197 
s 33554432
f 400/764/176 375/699/172 402/702/178 439/765/198 
s 1073741824
f 402/766/178 401/767/177 403/768/173 440/769/199 
s 67108864
f 376/704/173 404/770/173 441/771/173 403/705/173 
s 1073741824
f 404/708/173 390/707/144 424/772/144 442/773/200 
s 536870912
f 378/710/150 405/774/179 436/775/196 406/711/160 
f 407/712/160 443/776/160 444/777/201 408/713/174 
s 33554432
f 381/715/174 408/778/174 445/779/174 409/716/174 
s 536870912
f 410/780/180 409/781/174 446/782/105 411/783/173 
s 67108864
f 412/784/173 382/718/173 411/721/173 447/785/173 
s 536870912
f 383/723/141 412/722/173 448/786/202 413/787/141 
s 268435456
f 414/725/181 413/724/141 449/788/141 416/731/154 
s 8
f 450/789/185 451/790/203 452/791/203 453/792/185 
s 4
f 420/735/186 419/734/185 450/793/185 454/794/186 
f 455/795/183 417/732/183 420/735/186 456/796/186 
s 32
f 457/797/187 421/736/187 417/739/183 455/798/183 
s 2147483648
f 424/741/144 423/740/189 426/747/32 458/799/144 
f 426/747/32 394/691/32 427/748/143 459/800/143 
s 134217728
f 396/751/143 429/750/192 460/801/192 427/802/143 
s 32
f 461/803/187 430/753/187 421/736/187 457/797/187 
f 462/804/187 432/805/188 431/754/188 430/753/187 
s 8
f 463/806/188 433/756/193 432/755/188 
s 134217728
f 429/750/192 464/807/192 465/808/192 460/801/192 
s 1073741824
f 466/809/204 437/762/168 438/763/197 467/810/205 
s 33554432
f 438/811/197 400/764/176 439/765/198 468/812/206 
s 1073741824
f 439/813/198 402/766/178 440/769/199 469/814/199 
f 440/769/199 403/768/173 441/815/173 470/816/199 
s 67108864
f 404/770/173 442/817/200 471/818/207 441/771/173 
s 1073741824
f 442/773/200 424/772/144 458/819/144 472/820/199 
s 536870912
f 443/776/160 466/821/204 467/822/205 444/777/201 
s 33554432
f 408/778/174 444/823/201 473/824/208 445/779/174 
s 536870912
f 409/781/174 445/825/174 474/826/105 446/782/105 
f 411/783/173 446/782/105 475/827/105 447/828/173 
s 67108864
f 448/829/202 412/784/173 447/785/173 476/830/179 
s 536870912
f 413/787/141 448/786/202 477/831/105 449/832/141 
s 4
f 478/833/186 453/834/185 479/835/185 480/836/186 
f 454/794/186 450/793/185 453/834/185 478/833/186 
f 456/796/186 420/735/186 454/794/186 481/837/186 
f 482/838/183 455/795/183 456/796/186 483/839/186 
s 32
f 484/840/187 457/797/187 455/798/183 482/841/183 
s 2147483648
f 458/799/144 426/747/32 459/800/143 485/842/147 
s 134217728
f 427/802/143 460/801/192 486/843/192 459/844/143 
s 32
f 487/845/187 461/803/187 457/797/187 484/840/187 
f 488/846/187 462/804/187 430/753/187 461/803/187 
f 489/847/187 463/848/188 432/805/188 462/804/187 
s 8
f 490/849/209 433/756/193 463/806/188 
f 491/850/210 433/756/193 492/851/210 
s 134217728
f 464/807/192 493/852/192 494/853/192 465/808/192 
s 8
f 492/851/210 433/756/193 495/854/210 
f 495/854/210 433/756/193 496/855/210 
s 134217728
f 460/801/192 465/808/192 497/856/192 486/843/192 
s 1073741824
f 467/810/205 438/763/197 498/857/144 499/858/173 
s 67108864
f 498/859/144 438/860/197 468/861/206 500/862/144 
s 1073741824
f 468/863/206 439/813/198 469/814/199 500/864/144 
f 469/814/199 440/769/199 470/816/199 501/865/199 
f 470/816/199 441/815/173 471/866/207 502/867/211 
s 33554432
f 442/868/200 503/869/211 502/870/211 471/871/207 
s 1073741824
f 503/872/211 442/773/200 472/820/199 504/873/199 
f 472/820/199 458/819/144 485/874/147 505/875/212 
s 536870912
f 444/777/201 467/822/205 499/876/173 506/877/141 
s 67108864
f 444/878/201 506/879/141 507/880/141 473/881/208 
s 536870912
f 445/825/174 473/882/208 507/883/141 474/826/105 
f 446/782/105 474/826/105 508/884/105 475/827/105 
f 447/828/173 475/827/105 509/885/150 476/886/179 
s 33554432
f 510/887/150 448/888/202 476/889/179 509/890/150 
s 536870912
f 448/786/202 510/891/150 511/892/105 477/831/105 
s 4
f 480/836/186 479/835/185 512/893/213 513/894/214 
f 514/895/186 478/833/186 480/836/186 515/896/186 
f 481/837/186 454/794/186 478/833/186 514/895/186 
f 483/839/186 456/796/186 481/837/186 516/897/186 
f 517/898/183 482/838/183 483/839/186 518/899/186 
s 32
f 519/900/187 484/840/187 482/841/183 517/901/183 
s 134217728
f 459/844/143 486/843/192 505/902/212 485/903/147 
s 32
f 520/904/187 487/845/187 484/840/187 519/900/187 
f 521/905/187 488/846/187 461/803/187 487/845/187 
f 522/906/187 489/847/187 462/804/187 488/846/187 
f 523/907/215 490/908/209 463/848/188 489/847/187 
s 8
f 524/909/216 433/756/193 490/849/209 
f 525/910/217 433/756/193 526/911/218 
s 134217728
f 527/912/219 528/913/174 529/914/192 530/915/210 
f 493/852/192 529/914/192 531/916/192 494/853/192 
f 465/808/192 494/853/192 532/917/192 497/856/192 
f 486/843/192 497/856/192 533/918/212 505/902/212 
s 1073741824
f 499/858/173 498/857/144 534/919/144 535/920/173 
s 67108864
f 534/921/144 498/859/144 500/862/144 536/922/144 
s 1073741824
f 500/864/144 469/814/199 501/865/199 536/923/144 
f 501/865/199 470/816/199 502/867/211 537/924/211 
s 33554432
f 503/869/211 538/925/211 537/926/211 502/870/211 
s 1073741824
f 538/927/211 503/872/211 504/873/199 539/928/199 
f 504/873/199 472/820/199 505/875/212 533/929/212 
s 536870912
f 506/877/141 499/876/173 535/930/173 540/931/141 
s 67108864
f 506/879/141 540/932/141 541/933/141 507/880/141 
s 536870912
f 474/826/105 507/883/141 541/934/141 508/884/105 
f 475/827/105 508/884/105 542/935/150 509/885/150 
s 33554432
f 543/936/150 510/887/150 509/890/150 542/937/150 
s 536870912
f 510/891/150 543/938/150 544/939/105 511/892/105 
f 545/940/220 477/831/105 511/892/105 528/941/174 527/942/219 
s 2
f 513/943/214 512/944/213 546/945/221 547/946/222 
s 4
f 515/896/186 480/836/186 513/894/214 548/947/214 
f 549/948/186 514/895/186 515/896/186 550/949/186 
f 516/897/186 481/837/186 514/895/186 549/948/186 
f 518/899/186 483/839/186 516/897/186 551/950/186 
s 32
f 552/951/187 521/905/187 487/845/187 520/904/187 
f 553/952/187 522/906/187 488/846/187 521/905/187 
f 554/953/215 523/907/215 489/847/187 522/906/187 
s 16
f 555/954/223 524/955/216 490/956/209 523/957/215 
s 8
f 556/958/216 433/756/193 524/909/216 
s 2
f 547/946/222 546/945/221 557/959/221 558/960/222 
s 8
f 557/961/221 433/756/193 559/962/221 
s 134217728
f 529/914/192 528/913/174 560/963/174 531/916/192 
f 494/853/192 531/916/192 561/964/192 532/917/192 
f 497/856/192 532/917/192 562/965/212 533/918/212 
s 1073741824
f 535/920/173 534/919/144 563/966/224 564/967/173 
s 67108864
f 563/968/224 534/921/144 536/922/144 565/969/225 
s 1073741824
f 536/923/144 501/865/199 537/924/211 565/970/225 
s 33554432
f 538/925/211 563/971/224 565/972/225 537/926/211 
s 1073741824
f 563/966/224 538/927/211 539/928/199 566/973/199 
f 539/928/199 504/873/199 533/929/212 562/974/212 
s 536870912
f 540/931/141 535/930/173 564/975/173 567/976/226 
s 67108864
f 540/932/141 567/977/226 568/978/227 541/933/141 
s 536870912
f 508/884/105 541/934/141 568/979/227 542/935/150 
s 33554432
f 567/980/226 543/936/150 542/937/150 568/981/227 
s 536870912
f 543/938/150 567/976/226 569/982/105 544/939/105 
f 511/892/105 544/939/105 560/983/174 528/941/174 
s 2
f 548/984/214 513/943/214 547/946/222 570/985/222 
s 4
f 550/949/186 515/896/186 548/947/214 571/986/214 
f 572/987/186 549/948/186 550/949/186 573/988/186 
f 551/950/186 516/897/186 549/948/186 572/987/186 
s 32
f 574/989/187 553/952/187 521/905/187 552/951/187 
f 575/990/215 554/953/215 522/906/187 553/952/187 
s 16
f 576/991/223 555/954/223 523/957/215 554/992/215 
f 577/993/223 556/994/216 524/955/216 555/954/223 
s 8
f 578/995/216 433/756/193 556/958/216 
s 2
f 570/985/222 547/946/222 558/960/222 579/996/222 
f 558/960/222 557/959/221 559/997/221 580/998/222 
s 8
f 559/962/221 433/756/193 581/999/221 
s 134217728
f 531/916/192 560/963/174 582/1000/174 561/964/192 
f 532/917/192 561/964/192 583/1001/212 562/965/212 
s 1073741824
f 564/967/173 563/966/224 566/973/199 584/1002/173 
f 566/973/199 539/928/199 562/974/212 583/1003/212 
s 536870912
f 567/976/226 564/975/173 584/1004/173 569/982/105 
f 544/939/105 569/982/105 582/1005/174 560/983/174 
s 2
f 571/1006/214 548/984/214 570/985/222 585/1007/222 
s 4
f 573/988/186 550/949/186 571/986/214 586/1008/214 
s 32
f 587/1009/215 575/990/215 553/952/187 574/989/187 
s 16
f 588/1010/223 576/991/223 554/992/215 575/1011/215 
f 589/1012/223 577/993/223 555/954/223 576/991/223 
f 590/1013/223 578/1014/216 556/994/216 577/993/223 
s 8
f 591/1015/216 433/756/193 578/995/216 
s 2
f 585/1007/222 570/985/222 579/996/222 592/1016/222 
f 579/996/222 558/960/222 580/998/222 593/1017/222 
f 580/998/222 559/997/221 581/1018/221 594/1019/222 
s 8
f 581/999/221 433/756/193 595/1020/228 
s 134217728
f 561/964/192 582/1000/174 596/1021/180 583/1001/212 
s 1073741824
f 584/1002/173 566/973/199 583/1003/212 596/1022/180 
s 536870912
f 569/982/105 584/1004/173 596/1023/180 582/1005/174 
s 2
f 586/1024/214 571/1006/214 585/1007/222 597/1025/222 
s 16
f 598/1026/223 588/1010/223 575/1011/215 587/1027/215 
f 599/1028/223 589/1012/223 576/991/223 588/1010/223 
f 600/1029/223 590/1013/223 577/993/223 589/1012/223 
f 601/1030/223 591/1031/216 578/1014/216 590/1013/223 
s 8
f 595/1020/228 433/756/193 591/1015/216 
s 2
f 597/1025/222 585/1007/222 592/1016/222 602/1032/222 
f 592/1016/222 579/996/222 593/1017/222 603/1033/222 
f 593/1017/222 580/998/222 594/1019/222 604/1034/222 
f 594/1019/222 581/1018/221 595/1035/228 605/1036/229 
s 16
f 606/1037/223 599/1028/223 588/1010/223 598/1026/223 
f 607/1038/223 600/1029/223 589/1012/223 599/1028/223 
f 608/1039/223 601/1030/223 590/1013/223 600/1029/223 
f 605/1040/229 595/1041/228 591/1031/216 601/1030/223 
s 2
f 602/1032/222 592/1016/222 603/1033/222 609/1042/222 
f 603/1033/222 593/1017/222 604/1034/222 610/1043/222 
f 604/1034/222 594/1019/222 605/1036/229 611/1044/229 
s 16
f 612/1045/223 607/1038/223 599/1028/223 606/1037/223 
f 613/1046/223 608/1039/223 600/1029/223 607/1038/223 
f 611/1047/229 605/1040/229 601/1030/223 608/1039/223 
s 2
f 609/1042/222 603/1033/222 610/1043/222 614/1048/222 
f 610/1043/222 604/1034/222 611/1044/229 615/1049/229 
s 16
f 616/1050/223 613/1046/223 607/1038/223 612/1045/223 
f 615/1051/229 611/1047/229 608/1039/223 613/1046/223 
s 2
f 614/1048/222 610/1043/222 615/1049/229 617/1052/229 
s 16
f 617/1053/229 615/1051/229 613/1046/223 616/1050/223 
s 1
f 618/1054/230 619/1055/231 620/1056/232 
f 618/1054/230 620/1056/232 621/1057/233 
f 618/1054/230 622/1058/234 619/1055/231 
f 619/1055/231 623/1059/235 624/1060/236 620/1056/232 
f 618/1054/230 621/1057/233 625/1061/237 
f 620/1056/232 624/1060/236 626/1062/238 621/1057/233 
f 618/1054/230 627/1063/239 622/1058/234 
f 622/1058/234 628/1064/240 623/1059/235 619/1055/231 
f 623/1059/235 629/1065/241 630/1066/242 624/1060/236 
f 618/1054/230 625/1061/237 631/1067/243 
f 621/1057/233 626/1062/238 632/1068/244 625/1061/237 
f 624/1060/236 630/1066/242 633/1069/245 626/1062/238 
f 618/1054/230 634/1070/246 627/1063/239 
f 627/1063/239 635/1071/247 628/1064/240 622/1058/234 
f 628/1064/240 636/1072/248 629/1065/241 623/1059/235 
f 629/1065/241 637/1073/249 638/1074/250 630/1066/242 
f 618/1054/230 631/1067/243 639/1075/251 
f 625/1061/237 632/1068/244 640/1076/252 631/1067/243 
f 626/1062/238 633/1069/245 641/1077/253 632/1068/244 
f 630/1066/242 638/1074/250 642/1078/254 633/1069/245 
f 618/1054/230 643/1079/255 634/1070/246 
f 634/1070/246 644/1080/256 635/1071/247 627/1063/239 
f 635/1071/247 645/1081/257 636/1072/248 628/1064/240 
f 636/1072/248 646/1082/258 637/1073/249 629/1065/241 
f 637/1083/249 647/1084/259 648/1085/260 638/1086/250 
f 618/1054/230 639/1075/251 649/1087/261 
f 631/1067/243 640/1076/252 650/1088/262 639/1075/251 
f 632/1068/244 641/1077/253 651/1089/263 640/1076/252 
f 633/1069/245 642/1078/254 652/1090/264 641/1077/253 
f 638/1086/250 648/1085/260 653/1091/265 642/1092/254 
f 618/1054/230 654/1093/266 643/1079/255 
f 643/1079/255 655/1094/267 644/1080/256 634/1070/246 
f 644/1080/256 656/1095/268 645/1081/257 635/1071/247 
f 645/1081/257 657/1096/269 646/1082/258 636/1072/248 
f 646/1097/258 658/1098/270 647/1084/259 637/1083/249 
f 647/1084/259 659/1099/271 660/1100/272 648/1085/260 
f 618/1054/230 649/1087/261 661/1101/273 
f 639/1075/251 650/1088/262 662/1102/274 649/1087/261 
f 640/1076/252 651/1089/263 663/1103/275 650/1088/262 
f 641/1077/253 652/1090/264 664/1104/276 651/1089/263 
f 642/1105/254 653/1106/265 665/1107/277 652/1108/264 
f 648/1085/260 660/1100/272 666/1109/278 653/1091/265 
f 618/1054/230 667/1110/279 654/1093/266 
f 654/1093/266 668/1111/280 655/1094/267 643/1079/255 
f 655/1094/267 669/1112/281 656/1095/268 644/1080/256 
f 656/1095/268 670/1113/282 657/1096/269 645/1081/257 
f 657/1114/269 671/1115/283 658/1098/270 646/1097/258 
f 658/1098/270 672/1116/284 659/1099/271 647/1084/259 
f 659/1099/271 673/1117/285 674/1118/286 660/1100/272 
f 618/1054/230 661/1101/273 675/1119/287 
f 649/1087/261 662/1102/274 676/1120/288 661/1101/273 
f 650/1088/262 663/1103/275 677/1121/289 662/1102/274 
f 651/1089/263 664/1104/276 678/1122/290 663/1103/275 
f 652/1108/264 665/1107/277 679/1123/291 664/1124/276 
f 653/1091/265 666/1109/278 680/1125/292 665/1126/277 
f 660/1100/272 674/1118/286 681/1127/293 666/1109/278 
f 618/1054/230 682/1128/294 667/1110/279 
f 667/1110/279 683/1129/295 668/1111/280 654/1093/266 
f 668/1111/280 684/1130/296 669/1112/281 655/1094/267 
f 669/1112/281 685/1131/297 670/1113/282 656/1095/268 
f 670/1132/282 686/1133/298 671/1134/283 657/1135/269 
f 671/1115/283 687/1136/299 672/1116/284 658/1098/270 
f 672/1116/284 688/1137/300 673/1117/285 659/1099/271 
f 673/1117/285 689/1138/301 690/1139/302 674/1118/286 
f 618/1054/230 675/1119/287 691/1140/303 
f 661/1101/273 676/1120/288 692/1141/304 675/1119/287 
f 662/1102/274 677/1121/289 693/1142/305 676/1120/288 
f 663/1103/275 678/1122/290 694/1143/306 677/1121/289 
f 664/1124/276 679/1123/291 695/1144/307 678/1145/290 
f 665/1107/277 680/1146/292 696/1147/308 679/1123/291 
f 666/1109/278 681/1127/293 697/1148/309 680/1125/292 
f 674/1118/286 690/1139/302 698/1149/310 681/1127/293 
f 618/1054/230 699/1150/311 682/1128/294 
f 682/1128/294 700/1151/312 683/1129/295 667/1110/279 
f 683/1129/295 701/1152/313 684/1130/296 668/1111/280 
f 684/1130/296 702/1153/314 685/1131/297 669/1112/281 
f 685/1154/297 703/1155/315 686/1156/298 670/1157/282 
f 686/1158/298 704/1159/316 687/1136/299 671/1115/283 
f 687/1136/299 705/1160/317 688/1137/300 672/1116/284 
f 688/1137/300 706/1161/318 689/1138/301 673/1117/285 
f 689/1138/301 707/1162/319 708/1163/320 690/1139/302 
f 618/1054/230 691/1140/303 709/1164/321 
f 675/1119/287 692/1141/304 710/1165/322 691/1140/303 
f 676/1120/288 693/1142/305 711/1166/323 692/1141/304 
f 677/1121/289 694/1143/306 712/1167/324 693/1142/305 
f 678/1145/290 695/1144/307 713/1168/325 694/1169/306 
f 679/1123/291 696/1147/308 714/1170/326 695/1144/307 
f 680/1125/292 697/1148/309 715/1171/327 696/1172/308 
f 681/1127/293 698/1149/310 716/1173/328 697/1148/309 
f 690/1139/302 708/1163/320 717/1174/329 698/1149/310 
f 618/1054/230 718/1175/330 699/1150/311 
f 699/1150/311 719/1176/331 700/1151/312 682/1128/294 
f 700/1151/312 720/1177/332 701/1152/313 683/1129/295 
f 701/1152/313 721/1178/333 702/1153/314 684/1130/296 
f 702/1179/314 722/1180/334 703/1155/315 685/1154/297 
f 703/1155/315 723/1181/335 704/1182/316 686/1156/298 
f 704/1159/316 724/1183/336 705/1160/317 687/1136/299 
f 705/1160/317 725/1184/337 706/1161/318 688/1137/300 
f 706/1161/318 726/1185/338 707/1162/319 689/1138/301 
f 707/1162/319 727/1186/339 728/1187/340 708/1163/320 
f 618/1054/230 709/1164/321 729/1188/341 
f 691/1140/303 710/1165/322 730/1189/342 709/1164/321 
f 692/1141/304 711/1166/323 731/1190/343 710/1165/322 
f 693/1142/305 712/1167/324 732/1191/344 711/1166/323 
f 694/1192/306 713/1193/325 733/1194/345 712/1195/324 
f 695/1196/307 714/1197/326 734/1198/346 713/1193/325 
f 696/1199/308 715/1200/327 735/1201/347 714/1197/326 
f 697/1148/309 716/1173/328 736/1202/348 715/1171/327 
f 698/1149/310 717/1174/329 737/1203/349 716/1173/328 
f 738/1204/350 717/1174/329 708/1163/320 728/1187/340 739/1205/351 
f 618/1054/230 740/1206/352 718/1175/330 
f 718/1175/330 741/1207/353 719/1176/331 699/1150/311 
f 719/1176/331 742/1208/354 720/1177/332 700/1151/312 
f 720/1177/332 743/1209/355 721/1178/333 701/1152/313 
f 721/1210/333 744/1211/356 722/1180/334 702/1179/314 
f 722/1180/334 745/1212/357 723/1181/335 703/1155/315 
f 723/1213/335 746/1214/358 724/1183/336 704/1159/316 
f 724/1183/336 747/1215/359 725/1184/337 705/1160/317 
f 725/1184/337 748/1216/360 726/1185/338 706/1161/318 
f 726/1185/338 749/1217/361 727/1186/339 707/1162/319 
f 750/1218/362 728/1187/340 727/1186/339 751/1219/363 
f 618/1054/230 729/1188/341 752/1220/364 
f 709/1164/321 730/1189/342 753/1221/365 729/1188/341 
f 710/1165/322 731/1190/343 754/1222/366 730/1189/342 
f 711/1166/323 732/1191/344 755/1223/367 731/1190/343 
f 712/1195/324 733/1194/345 756/1224/368 732/1225/344 
f 713/1193/325 734/1198/346 757/1226/369 733/1194/345 
f 714/1197/326 735/1201/347 758/1227/370 734/1198/346 
f 715/1200/327 736/1228/348 759/1229/371 735/1201/347 
f 618/1054/230 760/1230/372 740/1206/352 
f 740/1206/352 761/1231/373 741/1207/353 718/1175/330 
f 741/1207/353 762/1232/374 742/1208/354 719/1176/331 
f 742/1208/354 763/1233/375 743/1209/355 720/1177/332 
f 743/1234/355 764/1235/376 744/1236/356 721/1237/333 
f 744/1236/356 765/1238/377 745/1239/357 722/1240/334 
f 745/1239/357 766/1241/378 746/1242/358 723/1243/335 
f 746/1214/358 767/1244/379 747/1215/359 724/1183/336 
f 747/1215/359 768/1245/380 748/1216/360 725/1184/337 
f 769/1246/381 749/1217/361 726/1185/338 748/1216/360 770/1247/382 
f 618/1054/230 752/1220/364 771/1248/383 
f 729/1188/341 753/1221/365 772/1249/384 752/1220/364 
f 730/1189/342 754/1222/366 773/1250/385 753/1221/365 
f 731/1190/343 755/1223/367 774/1251/386 754/1222/366 
f 732/1225/344 756/1224/368 775/1252/387 755/1253/367 
f 733/1194/345 757/1226/369 776/1254/388 756/1224/368 
f 734/1198/346 758/1227/370 777/1255/389 757/1226/369 
f 735/1201/347 759/1229/371 778/1256/390 758/1227/370 
f 779/1257/391 780/1258/392 759/1229/371 736/1228/348 781/1259/393 
f 782/1260/394 737/1203/349 783/1261/395 
f 618/1054/230 784/1262/396 760/1230/372 
f 760/1230/372 785/1263/397 761/1231/373 740/1206/352 
f 761/1231/373 786/1264/398 762/1232/374 741/1207/353 
f 762/1232/374 787/1265/399 763/1233/375 742/1208/354 
f 763/1266/375 788/1267/400 764/1235/376 743/1234/355 
f 764/1235/376 789/1268/401 765/1238/377 744/1236/356 
f 765/1238/377 790/1269/402 766/1241/378 745/1239/357 
f 766/1241/378 791/1270/403 767/1271/379 746/1242/358 
f 792/1272/404 749/1217/361 769/1246/381 
f 618/1054/230 771/1248/383 793/1273/405 
f 752/1220/364 772/1249/384 794/1274/406 771/1248/383 
f 753/1221/365 773/1250/385 795/1275/407 772/1249/384 
f 754/1222/366 774/1251/386 796/1276/408 773/1250/385 
f 755/1253/367 775/1252/387 797/1277/409 774/1278/386 
f 756/1224/368 776/1254/388 798/1279/410 775/1252/387 
f 757/1226/369 777/1255/389 799/1280/411 776/1254/388 
f 758/1227/370 778/1256/390 800/1281/412 777/1255/389 
f 759/1229/371 780/1258/392 801/1282/413 778/1256/390 
f 802/1283/414 780/1258/392 779/1257/391 
f 618/1054/230 803/1284/415 784/1262/396 
f 784/1262/396 804/1285/416 785/1263/397 760/1230/372 
f 785/1263/397 805/1286/417 786/1264/398 761/1231/373 
f 786/1264/398 806/1287/418 787/1265/399 762/1232/374 
f 787/1288/399 807/1289/419 788/1267/400 763/1266/375 
f 788/1267/400 808/1290/420 789/1268/401 764/1235/376 
f 789/1268/401 809/1291/421 790/1269/402 765/1238/377 
f 790/1269/402 810/1292/422 791/1270/403 766/1241/378 
f 791/1270/403 811/1293/423 812/1294/424 767/1271/379 
f 812/1295/424 813/1296/425 814/1297/426 
f 815/1298/427 768/1245/380 816/1299/428 
f 618/1054/230 793/1273/405 817/1300/429 
f 771/1248/383 794/1274/406 818/1301/430 793/1273/405 
f 772/1249/384 795/1275/407 819/1302/431 794/1274/406 
f 773/1250/385 796/1276/408 820/1303/432 795/1275/407 
f 774/1304/386 797/1305/409 821/1306/433 796/1307/408 
f 775/1252/387 798/1279/410 822/1308/434 797/1277/409 
f 776/1254/388 799/1280/411 823/1309/435 798/1279/410 
f 777/1255/389 800/1281/412 824/1310/436 799/1280/411 
f 778/1256/390 801/1282/413 825/1311/437 800/1281/412 
f 618/1054/230 826/1312/438 803/1284/415 
f 803/1284/415 827/1313/439 804/1285/416 784/1262/396 
f 804/1285/416 828/1314/440 805/1286/417 785/1263/397 
f 805/1286/417 829/1315/441 806/1287/418 786/1264/398 
f 806/1316/418 830/1317/442 807/1289/419 787/1288/399 
f 807/1289/419 831/1318/443 808/1290/420 788/1267/400 
f 808/1290/420 832/1319/444 809/1291/421 789/1268/401 
f 809/1291/421 833/1320/445 810/1292/422 790/1269/402 
f 810/1292/422 834/1321/446 811/1293/423 791/1270/403 
f 813/1322/425 812/1294/424 811/1293/423 835/1323/447 836/1324/448 
f 618/1054/230 817/1300/429 837/1325/449 
f 793/1273/405 818/1301/430 838/1326/450 817/1300/429 
f 794/1274/406 819/1302/431 839/1327/451 818/1301/430 
f 795/1275/407 820/1303/432 840/1328/452 819/1302/431 
f 796/1307/408 821/1306/433 841/1329/453 820/1330/432 
f 797/1277/409 822/1308/434 842/1331/454 821/1332/433 
f 798/1279/410 823/1309/435 843/1333/455 822/1308/434 
f 799/1280/411 824/1310/436 844/1334/456 823/1309/435 
f 800/1281/412 825/1311/437 845/1335/457 824/1310/436 
f 846/1336/458 825/1311/437 801/1282/413 847/1337/459 
f 618/1054/230 848/1338/460 826/1312/438 
f 826/1312/438 849/1339/461 827/1313/439 803/1284/415 
f 827/1313/439 850/1340/462 828/1314/440 804/1285/416 
f 828/1314/440 851/1341/463 829/1315/441 805/1286/417 
f 829/1342/441 852/1343/464 830/1344/442 806/1345/418 
f 830/1317/442 853/1346/465 831/1318/443 807/1289/419 
f 831/1318/443 854/1347/466 832/1319/444 808/1290/420 
f 832/1319/444 855/1348/105 833/1320/445 809/1291/421 
f 833/1320/445 856/1349/467 834/1321/446 810/1292/422 
f 834/1321/446 857/1350/468 835/1323/447 811/1293/423 
f 836/1351/448 835/1352/447 858/1353/469 
f 618/1054/230 837/1325/449 848/1338/460 
f 817/1300/429 838/1326/450 859/1354/470 837/1325/449 
f 818/1301/430 839/1327/451 860/1355/471 838/1326/450 
f 819/1302/431 840/1328/452 861/1356/472 839/1327/451 
f 820/1330/432 841/1329/453 862/1357/473 840/1358/452 
f 821/1306/433 842/1359/454 863/1360/474 841/1329/453 
f 822/1308/434 843/1333/455 864/1361/475 842/1331/454 
f 823/1309/435 844/1334/456 865/1362/476 843/1333/455 
f 824/1310/436 845/1335/457 866/1363/477 844/1334/456 
f 848/1338/460 867/1364/478 849/1339/461 826/1312/438 
f 849/1339/461 868/1365/479 850/1340/462 827/1313/439 
f 850/1340/462 869/1366/480 851/1341/463 828/1314/440 
f 851/1367/463 870/1368/481 852/1343/464 829/1342/441 
f 852/1369/464 871/1370/482 853/1346/465 830/1317/442 
f 853/1346/465 872/1371/483 854/1347/466 831/1318/443 
f 854/1347/466 873/1372/484 855/1348/105 832/1319/444 
f 855/1348/105 874/1373/485 856/1349/467 833/1320/445 
f 856/1349/467 875/1374/486 857/1350/468 834/1321/446 
f 837/1325/449 859/1354/470 867/1364/478 848/1338/460 
f 838/1326/450 860/1355/471 876/1375/487 859/1354/470 
f 839/1327/451 861/1356/472 877/1376/488 860/1355/471 
f 840/1358/452 862/1357/473 878/1377/489 861/1378/472 
f 841/1329/453 863/1360/474 879/1379/490 862/1357/473 
f 842/1331/454 864/1361/475 880/1380/491 863/1381/474 
f 843/1333/455 865/1362/476 881/1382/492 864/1361/475 
f 844/1334/456 866/1363/477 882/1383/493 865/1362/476 
f 883/1384/494 866/1363/477 845/1335/457 884/1385/495 
f 867/1364/478 885/1386/496 868/1365/479 849/1339/461 
f 868/1365/479 886/1387/497 869/1366/480 850/1340/462 
f 869/1388/480 887/1389/498 870/1368/481 851/1367/463 
f 870/1368/481 888/1390/499 871/1391/482 852/1343/464 
f 871/1370/482 889/1392/500 872/1371/483 853/1346/465 
f 872/1371/483 890/1393/501 873/1372/484 854/1347/466 
f 873/1372/484 891/1394/502 874/1373/485 855/1348/105 
f 874/1373/485 892/1395/503 875/1374/486 856/1349/467 
f 893/1396/504 857/1350/468 875/1374/486 894/1397/505 
f 859/1354/470 876/1375/487 885/1386/496 867/1364/478 
f 860/1355/471 877/1376/488 895/1398/506 876/1375/487 
f 861/1399/472 878/1400/489 896/1401/507 877/1402/488 
f 862/1403/473 879/1404/490 897/1405/508 878/1400/489 
f 863/1406/474 880/1407/491 898/1408/509 879/1404/490 
f 864/1361/475 881/1382/492 899/1409/510 880/1380/491 
f 865/1362/476 882/1383/493 900/1410/511 881/1382/492 
f 885/1386/496 901/1411/512 886/1387/497 868/1365/479 
f 886/1412/497 902/1413/513 887/1389/498 869/1388/480 
f 887/1389/498 903/1414/514 888/1390/499 870/1368/481 
f 888/1415/499 904/1416/515 889/1392/500 871/1370/482 
f 889/1392/500 905/1417/516 890/1393/501 872/1371/483 
f 890/1393/501 906/1418/517 891/1394/502 873/1372/484 
f 891/1394/502 907/1419/518 892/1395/503 874/1373/485 
f 876/1375/487 895/1398/506 901/1411/512 885/1386/496 
f 877/1402/488 896/1401/507 908/1420/519 895/1421/506 
f 878/1400/489 897/1405/508 909/1422/520 896/1401/507 
f 879/1404/490 898/1408/509 910/1423/521 897/1405/508 
f 880/1407/491 899/1424/510 911/1425/522 898/1408/509 
f 901/1426/512 912/1427/523 902/1428/513 886/1429/497 
f 902/1428/513 913/1430/524 903/1431/514 887/1432/498 
f 903/1431/514 914/1433/525 904/1434/515 888/1435/499 
f 904/1416/515 915/1436/526 905/1417/516 889/1392/500 
f 905/1417/516 916/1437/527 906/1418/517 890/1393/501 
f 906/1418/517 917/1438/528 907/1419/518 891/1394/502 
f 918/1439/529 892/1395/503 907/1419/518 919/1440/530 
f 895/1421/506 908/1420/519 912/1427/523 901/1426/512 
f 896/1401/507 909/1422/520 920/1441/531 908/1420/519 
f 897/1405/508 910/1423/521 921/1442/532 909/1422/520 
f 898/1408/509 911/1425/522 922/1443/533 910/1423/521 
f 923/1444/534 911/1425/522 899/1424/510 924/1445/535 
f 925/1410/536 900/1410/511 926/1410/537 
f 912/1427/523 927/1446/538 913/1430/524 902/1428/513 
f 913/1430/524 928/1447/539 914/1433/525 903/1431/514 
f 914/1433/525 929/1448/540 915/1449/526 904/1434/515 
f 915/1436/526 930/1450/541 916/1437/527 905/1417/516 
f 916/1437/527 931/1451/542 917/1438/528 906/1418/517 
f 919/1440/530 907/1419/518 917/1438/528 932/1452/543 
f 908/1420/519 920/1441/531 927/1446/538 912/1427/523 
f 909/1422/520 921/1442/532 933/1453/544 920/1441/531 
f 910/1423/521 922/1443/533 934/1454/545 921/1442/532 
f 927/1446/538 935/1455/546 928/1447/539 913/1430/524 
f 928/1447/539 936/1456/547 929/1448/540 914/1433/525 
f 920/1441/531 933/1453/544 935/1455/546 927/1446/538 
f 921/1442/532 934/1454/545 937/1457/548 933/1453/544 
f 922/1443/533 938/1458/549 939/1459/550 934/1454/545 
f 940/1460/551 938/1458/549 941/1461/552 
f 935/1455/546 942/1462/553 936/1456/547 928/1447/539 
f 943/1463/554 929/1448/540 936/1456/547 944/1464/555 945/1465/556 
f 946/1466/557 930/1467/541 947/1468/558 
f 948/1469/559 931/1470/542 949/1471/560 
f 933/1453/544 937/1457/548 942/1462/553 935/1455/546 
f 934/1454/545 939/1459/550 950/1472/561 937/1457/548 
f 942/1462/553 951/1473/562 944/1464/555 936/1456/547 
f 945/1465/556 944/1464/555 952/1474/563 
f 937/1457/548 950/1472/561 951/1473/562 942/1462/553 
f 953/1475/564 950/1472/561 939/1459/550 954/1476/565 
s 8
f 955/1477/566 956/1478/567 957/1479/568 958/1480/569 
f 959/1481/570 955/1477/566 958/1480/569 960/1482/571 
f 961/1483/572 959/1481/570 960/1482/571 962/1484/573 
f 963/1485/574 961/1486/572 962/1487/573 964/1488/575 
f 965/1489/576 963/1485/574 964/1488/575 966/1490/577 
f 967/1491/578 965/1489/576 966/1490/577 968/1492/579 
f 969/1493/580 967/1491/578 968/1492/579 970/1494/581 
f 971/1495/582 969/1493/580 970/1494/581 972/1496/583 
f 973/1497/584 971/1495/582 972/1496/583 974/1498/585 
f 975/1499/586 973/1500/584 974/1501/585 976/1502/587 
f 977/1503/588 975/1499/586 976/1502/587 978/1504/589 
f 979/1505/590 977/1503/588 978/1504/589 980/1506/591 
f 981/1507/592 979/1505/590 980/1506/591 982/1508/593 
f 983/1509/594 981/1507/592 982/1508/593 984/1510/595 
f 985/1511/596 983/1509/594 984/1510/595 986/1512/597 
f 987/1513/598 985/1514/596 986/1515/597 988/1516/599 
f 989/1517/600 987/1513/598 988/1516/599 990/1518/601 
f 991/1519/602 989/1517/600 990/1518/601 992/1520/603 
f 993/1521/604 991/1519/602 992/1520/603 994/1522/605 
f 995/1523/606 993/1521/604 994/1522/605 996/1524/607 
f 997/1525/608 995/1523/606 996/1524/607 998/1526/609 
f 999/1527/610 997/1528/608 998/1529/609 1000/1530/611 
f 1001/1531/612 999/1527/610 1000/1530/611 1002/1532/613 
f 956/1478/567 1001/1531/612 1002/1532/613 957/1479/568 
f 958/1480/569 957/1479/568 1003/1533/568 1004/1534/569 
f 960/1482/571 958/1480/569 1004/1534/569 1005/1535/571 
f 962/1484/573 960/1482/571 1005/1535/571 1006/1536/573 
f 964/1488/575 962/1487/573 1006/1537/573 1007/1538/575 
f 966/1490/577 964/1488/575 1007/1538/575 1008/1539/577 
f 968/1492/579 966/1490/577 1008/1539/577 1009/1540/614 
f 970/1494/581 968/1492/579 1009/1540/614 1010/1541/581 
f 972/1496/583 970/1494/581 1010/1541/581 1011/1542/583 
f 974/1498/585 972/1496/583 1011/1542/583 1012/1543/585 
f 976/1502/587 974/1501/585 1012/1544/585 1013/1545/587 
f 978/1504/589 976/1502/587 1013/1545/587 1014/1546/589 
f 980/1506/591 978/1504/589 1014/1546/589 1015/1547/591 
f 982/1508/593 980/1506/591 1015/1547/591 1016/1548/593 
f 984/1510/595 982/1508/593 1016/1548/593 1017/1549/595 
f 986/1512/597 984/1510/595 1017/1549/595 1018/1550/597 
f 988/1516/599 986/1515/597 1018/1551/597 1019/1552/599 
f 990/1518/601 988/1516/599 1019/1552/599 1020/1553/601 
f 992/1520/603 990/1518/601 1020/1553/601 1021/1554/603 
f 994/1522/605 992/1520/603 1021/1554/603 1022/1555/605 
f 996/1524/607 994/1522/605 1022/1555/605 1023/1556/607 
f 998/1526/609 996/1524/607 1023/1556/607 1024/1557/609 
f 1000/1530/611 998/1529/609 1024/1558/609 1025/1559/611 
f 1002/1532/613 1000/1530/611 1025/1559/611 1026/1560/613 
f 957/1479/568 1002/1532/613 1026/1560/613 1003/1533/568 
f 1004/1534/569 1003/1533/568 1027/1561/568 1028/1562/569 
f 1005/1535/571 1004/1534/569 1028/1562/569 1029/1563/571 
f 1006/1536/573 1005/1535/571 1029/1563/571 1030/1564/573 
f 1007/1538/575 1006/1537/573 1030/1565/573 1031/1566/575 
f 1008/1539/577 1007/1538/575 1031/1566/575 1032/1567/577 
f 1009/1540/614 1008/1539/577 1032/1567/577 1033/1568/579 
f 1010/1541/581 1009/1540/614 1033/1568/579 1034/1569/581 
f 1011/1542/583 1010/1541/581 1034/1569/581 1035/1570/583 
f 1012/1543/585 1011/1542/583 1035/1570/583 1036/1571/585 
f 1013/1545/587 1012/1544/585 1036/1572/585 1037/1573/587 
f 1014/1546/589 1013/1545/587 1037/1573/587 1038/1574/589 
f 1015/1547/591 1014/1546/589 1038/1574/589 1039/1575/591 
f 1016/1548/593 1015/1547/591 1039/1575/591 1040/1576/593 
f 1017/1549/595 1016/1548/593 1040/1576/593 1041/1577/595 
f 1018/1550/597 1017/1549/595 1041/1577/595 1042/1578/597 
f 1019/1552/599 1018/1551/597 1042/1579/597 1043/1580/599 
f 1020/1553/601 1019/1552/599 1043/1580/599 1044/1581/601 
f 1021/1554/603 1020/1553/601 1044/1581/601 1045/1582/603 
f 1022/1555/605 1021/1554/603 1045/1582/603 1046/1583/605 
f 1023/1556/607 1022/1555/605 1046/1583/605 1047/1584/607 
f 1024/1557/609 1023/1556/607 1047/1584/607 1048/1585/609 
f 1025/1559/611 1024/1558/609 1048/1586/609 1049/1587/611 
f 1026/1560/613 1025/1559/611 1049/1587/611 1050/1588/613 
f 1003/1533/568 1026/1560/613 1050/1588/613 1027/1561/568 
f 1028/1562/569 1027/1561/568 1051/1589/568 1052/1590/569 
f 1029/1563/571 1028/1562/569 1052/1590/569 1053/1591/571 
f 1030/1564/573 1029/1563/571 1053/1591/571 1054/1592/573 
f 1031/1566/575 1030/1565/573 1054/1593/573 1055/1594/575 
f 1032/1567/577 1031/1566/575 1055/1594/575 1056/1595/577 
f 1033/1568/579 1032/1567/577 1056/1595/577 1057/1596/614 
f 1034/1569/581 1033/1568/579 1057/1596/614 1058/1597/581 
f 1035/1570/583 1034/1569/581 1058/1597/581 1059/1598/583 
f 1036/1571/585 1035/1570/583 1059/1598/583 1060/1599/585 
f 1037/1573/587 1036/1572/585 1060/1600/585 1061/1601/587 
f 1038/1574/589 1037/1573/587 1061/1601/587 1062/1602/589 
f 1039/1575/591 1038/1574/589 1062/1602/589 1063/1603/591 
f 1040/1576/593 1039/1575/591 1063/1603/591 1064/1604/593 
f 1041/1577/595 1040/1576/593 1064/1604/593 1065/1605/595 
f 1042/1578/597 1041/1577/595 1065/1605/595 1066/1606/597 
f 1043/1580/599 1042/1579/597 1066/1607/597 1067/1608/599 
f 1044/1581/601 1043/1580/599 1067/1608/599 1068/1609/601 
f 1045/1582/603 1044/1581/601 1068/1609/601 1069/1610/603 
f 1046/1583/605 1045/1582/603 1069/1610/603 1070/1611/605 
f 1047/1584/607 1046/1583/605 1070/1611/605 1071/1612/607 
f 1048/1585/609 1047/1584/607 1071/1612/607 1072/1613/609 
f 1049/1587/611 1048/1586/609 1072/1614/609 1073/1615/611 
f 1050/1588/613 1049/1587/611 1073/1615/611 1074/1616/613 
f 1027/1561/568 1050/1588/613 1074/1616/613 1051/1589/568 
f 1052/1590/569 1051/1589/568 1075/1617/615 
f 1053/1591/571 1052/1590/569 1075/1617/616 
f 1054/1592/573 1053/1591/571 1075/1617/617 
f 1055/1594/575 1054/1593/573 1075/1618/618 
f 1056/1595/577 1055/1594/575 1075/1618/619 
f 1057/1596/614 1056/1595/577 1075/1618/620 
f 1058/1597/581 1057/1596/614 1075/1618/621 
f 1059/1598/583 1058/1597/581 1075/1618/622 
f 1060/1599/585 1059/1598/583 1075/1618/623 
f 1061/1601/587 1060/1600/585 1075/1619/624 
f 1062/1602/589 1061/1601/587 1075/1619/625 
f 1063/1603/591 1062/1602/589 1075/1619/626 
f 1064/1604/593 1063/1603/591 1075/1619/627 
f 1065/1605/595 1064/1604/593 1075/1619/628 
f 1066/1606/597 1065/1605/595 1075/1619/629 
f 1067/1608/599 1066/1607/597 1075/1620/630 
f 1068/1609/601 1067/1608/599 1075/1620/631 
f 1069/1610/603 1068/1609/601 1075/1620/632 
f 1070/1611/605 1069/1610/603 1075/1620/633 
f 1071/1612/607 1070/1611/605 1075/1620/634 
f 1072/1613/609 1071/1612/607 1075/1620/635 
f 1073/1615/611 1072/1614/609 1075/1617/636 
f 1074/1616/613 1073/1615/611 1075/1617/637 
f 1051/1589/568 1074/1616/613 1075/1617/638 
f 1052/1621/569 1075/1622/615 1075/1622/616 
f 1051/1623/568 1075/1622/638 1075/1622/615 
f 1053/1624/571 1075/1622/616 1075/1622/617 
f 1054/1625/573 1075/1622/617 1075/1622/618 
f 1055/1626/575 1075/1622/618 1075/1622/619 
f 1056/1627/577 1075/1622/619 1075/1622/620 
f 1057/1628/614 1075/1622/620 1075/1622/621 
f 1058/1629/581 1075/1622/621 1075/1622/622 
f 1059/1630/583 1075/1622/622 1075/1622/623 
f 1060/1631/585 1075/1622/623 1075/1622/624 
f 1061/1632/587 1075/1622/624 1075/1622/625 
f 1062/1633/589 1075/1622/625 1075/1622/626 
f 1063/1634/591 1075/1622/626 1075/1622/627 
f 1064/1635/593 1075/1622/627 1075/1622/628 
f 1065/1636/595 1075/1622/628 1075/1622/629 
f 1066/1637/597 1075/1622/629 1075/1622/630 
f 1067/1638/599 1075/1622/630 1075/1622/631 
f 1068/1639/601 1075/1622/631 1075/1622/632 
f 1069/1640/603 1075/1622/632 1075/1622/633 
f 1070/1641/605 1075/1622/633 1075/1622/634 
f 1071/1642/607 1075/1622/634 1075/1622/635 
f 1072/1643/609 1075/1622/635 1075/1622/636 
f 1073/1644/611 1075/1622/636 1075/1622/637 
f 1074/1645/613 1075/1622/637 1075/1622/638 
s 2
f 1076/1646/639 10/12/7 9/11/8 2/13/2 1/1647/1 5/1648/5 
s 512
f 5/1649/5 6/1650/6 15/1651/12 20/1652/17 19/1653/16 22/1654/19 1076/1655/639 
s 1024
f 24/1656/21 27/1657/24 29/1658/7 31/1659/7 7/1660/7 10/1661/7 1076/1662/639 22/1663/19 21/1664/18 23/1665/20 1077/1666/640 
s 8
f 39/52/4 42/1667/31 47/1667/36 46/1668/35 14/1668/11 4/4/4 3/3/3 38/51/29 
s 8192
f 53/1669/42 1078/1670/641 55/1670/44 57/1671/46 16/1672/13 20/1673/17 15/1674/12 14/1675/11 46/1675/35 45/1676/34 49/1677/38 51/1678/40 
s 256
f 56/1679/45 1077/1680/640 23/1681/20 17/1682/14 16/1683/13 57/1684/46 
s 32
f 1077/1685/640 56/1686/45 55/1687/44 1078/1688/641 1079/1689/21 59/79/22 25/34/22 24/33/21 
s 16384
f 42/1690/31 44/1691/33 77/1692/33 99/1693/33 100/1694/33 103/1695/33 105/1696/74 1080/1696/642 54/1697/43 52/1698/41 50/1699/39 96/1700/71 78/1701/55 82/1702/33 84/1703/33 87/1704/62 89/1705/64 91/1706/66 94/1707/69 96/1700/71 50/1699/39 48/1708/37 47/1690/36 
s 65536
f 1079/1709/21 1078/1710/641 53/1711/42 54/1712/43 1080/1713/642 
s 32
f 1080/1714/642 105/1715/74 104/147/73 108/145/22 59/79/22 1079/1689/21 
s 268435456
f 1081/1716/203 1082/1717/643 342/596/142 341/595/154 1083/1718/203 
s 2147483648
f 1084/1719/644 397/694/32 349/608/32 342/607/142 1082/1720/643 
s 268435456
f 1085/1721/203 1083/1718/203 341/595/154 365/640/154 1086/1722/203 
s 8
f 1083/1723/203 1085/1724/203 419/1725/185 418/1726/184 1081/1727/203 
f 1082/1728/643 1081/1727/203 418/1726/184 422/1729/188 1084/1730/644 
f 428/1731/191 395/1732/175 397/1733/32 1084/1730/644 422/1729/188 431/757/188 433/756/193 434/758/194 
s 268435456
f 452/1734/203 451/1735/203 1086/1722/203 365/640/154 388/681/154 1087/1736/203 
s 8
f 1086/1737/203 451/790/203 450/789/185 419/1725/185 1085/1724/203 
s 134217728
f 434/1738/194 435/1739/195 1088/1740/210 464/807/192 429/750/192 428/749/191 
s 268435456
f 1089/1741/203 1087/1736/203 388/681/154 416/731/154 1090/1742/203 
s 8
f 453/792/185 452/791/203 1087/1743/203 1089/1744/203 479/1745/185 
f 1088/1746/210 435/759/195 433/756/193 491/850/210 
s 134217728
f 491/1747/210 492/1748/210 495/1749/210 496/1750/210 1091/1751/210 493/852/192 464/807/192 1088/1740/210 
s 268435456
f 1092/1752/203 1090/1742/203 416/731/154 449/788/141 1093/1753/645 
s 8
f 1090/1754/203 1092/1755/203 512/1756/213 479/1745/185 1089/1744/203 
f 1091/1757/210 496/855/210 433/756/193 525/910/217 
s 134217728
f 525/1758/217 526/1759/218 530/915/210 529/914/192 493/852/192 1091/1751/210 
s 536870912
f 1094/1760/220 1093/1761/645 449/832/141 477/831/105 545/940/220 
s 8
f 1093/1762/645 1094/1763/220 546/1764/221 512/1756/213 1092/1755/203 
f 545/1765/220 527/1766/219 530/1767/210 526/911/218 433/756/193 557/961/221 546/1764/221 1094/1763/220 
s 4
f 518/899/186 1095/1768/646 923/1769/534 924/1770/535 1096/1771/647 517/898/183 
s 32
f 925/1410/536 926/1410/537 1097/1772/648 519/900/187 517/901/183 1096/1773/647 
f 1098/1774/649 1099/1775/650 520/904/187 519/900/187 1097/1772/648 
s 4
f 940/1776/551 941/1777/552 1095/1768/646 518/899/186 551/950/186 1100/1778/651 
s 32
f 883/1384/494 884/1385/495 1101/1779/652 552/951/187 520/904/187 1099/1775/650 
s 4
f 1102/1780/653 1103/1781/654 572/987/186 573/988/186 1104/1782/655 
f 953/1783/564 954/1784/565 1100/1778/651 551/950/186 572/987/186 1103/1781/654 
s 32
f 846/1336/458 847/1337/459 1105/1785/656 574/989/187 552/951/187 1101/1779/652 
s 4
f 943/1786/554 945/1787/556 952/1788/563 1104/1782/655 573/988/186 586/1008/214 1106/1789/657 
s 32
f 802/1283/414 779/1257/391 781/1259/393 1107/1790/658 587/1009/215 574/989/187 1105/1785/656 
s 2
f 946/1791/557 947/1792/558 1106/1793/657 586/1024/214 597/1025/222 1108/1794/659 
s 16
f 782/1260/394 783/1261/395 1109/1795/660 598/1026/223 587/1027/215 1107/1796/658 
s 2
f 948/1797/559 949/1798/560 1108/1794/659 597/1025/222 602/1032/222 1110/1799/661 
s 16
f 738/1204/350 739/1205/351 1111/1800/662 606/1037/223 598/1026/223 1109/1795/660 
s 2
f 918/1439/529 919/1440/530 932/1452/543 1110/1799/661 602/1032/222 609/1042/222 1112/1801/663 
s 16
f 750/1218/362 751/1219/363 1113/1802/664 612/1045/223 606/1037/223 1111/1800/662 
s 2
f 893/1396/504 894/1397/505 1112/1801/663 609/1042/222 614/1048/222 1114/1803/665 
s 16
f 792/1272/404 769/1246/381 770/1247/382 1115/1804/666 616/1050/223 612/1045/223 1113/1802/664 
s 2
f 814/1805/426 813/1322/425 836/1324/448 858/1806/469 1114/1803/665 614/1048/222 617/1052/229 1116/1807/667 
s 16
f 815/1298/427 816/1299/428 1116/1808/667 617/1053/229 616/1050/223 1115/1804/666 
s 1
f 1107/1796/658 781/1809/393 736/1202/348 716/1173/328 737/1203/349 782/1260/394 
f 1109/1795/660 783/1261/395 737/1203/349 717/1174/329 738/1204/350 
f 1111/1800/662 739/1205/351 728/1187/340 750/1218/362 
f 1113/1802/664 751/1219/363 727/1186/339 749/1217/361 792/1272/404 
f 1116/1808/667 816/1299/428 768/1245/380 747/1215/359 767/1244/379 812/1295/424 814/1297/426 
f 1115/1804/666 770/1247/382 748/1216/360 768/1245/380 815/1298/427 
f 1105/1785/656 847/1337/459 801/1282/413 780/1258/392 802/1283/414 
f 1101/1779/652 884/1385/495 845/1335/457 825/1311/437 846/1336/458 
f 1114/1803/665 858/1806/469 835/1323/447 857/1350/468 893/1396/504 
f 1099/1775/650 1098/1774/649 882/1383/493 866/1363/477 883/1384/494 
f 1112/1801/663 894/1397/505 875/1374/486 892/1395/503 918/1439/529 
f 900/1410/511 925/1410/536 1096/1773/647 924/1810/535 899/1409/510 881/1382/492 
f 882/1383/493 1098/1774/649 1097/1772/648 926/1410/537 900/1410/511 
f 1095/1811/646 941/1461/552 938/1458/549 922/1443/533 911/1425/522 923/1444/534 
f 1106/1812/657 947/1468/558 930/1467/541 915/1449/526 929/1448/540 943/1463/554 
f 1108/1794/659 949/1798/560 931/1451/542 916/1437/527 930/1450/541 946/1791/557 
f 1110/1799/661 932/1452/543 917/1438/528 931/1451/542 948/1797/559 
f 1100/1813/651 954/1476/565 939/1459/550 938/1458/549 940/1460/551 
f 1104/1814/655 952/1474/563 944/1464/555 951/1473/562 1102/1815/653 
f 1103/1816/654 1102/1815/653 951/1473/562 950/1472/561 953/1475/564 
f 1117/1817/230 1118/1818/230 1119/1819/668 1120/1820/669 961/1821/572 963/1822/574 965/1823/576 967/1824/578 969/1825/580 971/1826/582 973/1827/584 975/1828/586 977/1829/588 979/1830/590 981/1831/592 983/1832/594 985/1833/596 987/1834/598 989/1835/600 991/1836/602 993/1837/604 995/1838/606 997/1839/608 999/1840/610 1001/1841/612 956/1842/567 955/1843/566 959/1844/570 961/1821/572 1120/1820/669 1121/1845/668 
f 1075/1622/616 1075/1622/615 1075/1622/638 1075/1622/637 1075/1622/636 1075/1622/635 1075/1622/634 1075/1622/633 1075/1622/632 1075/1622/631 1075/1622/630 1075/1622/629 1075/1622/628 1075/1622/627 1075/1622/626 1075/1622/625 1075/1622/624 1075/1622/623 1075/1622/622 1075/1622/621 1075/1622/620 1075/1622/619 1075/1622/618 1075/1622/617 
f 266/1846/136 265/1847/135 258/1848/133 257/1849/132 
f 265/1847/135 270/1850/134 259/1851/134 258/1848/133 
f 270/1850/134 283/1852/134 269/1853/134 259/1851/134 
f 283/1852/134 301/1854/134 282/1855/134 269/1853/134 
f 301/1854/134 323/1856/134 300/1857/134 282/1855/134 
f 323/1856/134 343/1858/165 322/1859/156 300/1857/134 
f 343/1858/165 351/1860/168 329/1861/159 322/1859/156 
f 351/1860/168 374/1862/168 350/1863/159 329/1861/159 
f 374/1862/168 399/1864/168 373/1865/159 350/1863/159 
f 399/1864/168 437/1866/168 398/1867/159 373/1865/159 
f 437/1866/168 466/1868/204 436/1869/196 398/1867/159 
f 466/1868/204 443/1870/160 406/1871/160 436/1869/196 
f 443/1870/160 407/1872/160 379/1873/160 406/1871/160 
f 407/1872/160 380/1874/160 356/1875/160 379/1873/160 
f 380/1874/160 357/1876/160 334/1877/160 356/1875/160 
f 357/1876/160 335/1878/161 314/1879/152 334/1877/160 
f 335/1878/161 315/1880/136 292/1881/132 314/1879/152 
f 315/1880/136 293/1882/136 277/1883/132 292/1881/132 
f 293/1882/136 278/1884/136 264/1885/132 277/1883/132 
f 278/1884/136 266/1846/136 257/1849/132 264/1885/132 
# 965 polygons - 127 triangles

