# 3ds Max Wavefront OBJ Exporter v0.99 - (c)2007 guruware
# File Created: 02.09.2025 11:13:12

mtllib Devin the Devil.mtl

#
# object Cylinder027
#

v  -19.2614 0.0000 10.3493
v  -14.4049 0.0000 8.5816
v  -14.0932 0.0000 10.3493
v  -14.4049 0.0000 12.1169
v  -15.3023 0.0000 7.0272
v  -9.5483 0.0000 6.8140
v  -8.9249 0.0000 10.3493
v  -15.3023 0.0000 13.6713
v  -9.5483 0.0000 13.8846
v  -16.6773 0.0000 5.8735
v  -11.3432 0.0000 3.7051
v  -9.5483 0.6303 6.8140
v  -8.9249 0.6303 10.3493
v  -16.6773 0.0000 14.8251
v  -11.3432 0.0000 16.9934
v  -9.5483 0.6303 13.8846
v  -18.3639 0.0000 5.2596
v  -14.0932 0.0000 1.3976
v  -11.3432 0.6303 3.7051
v  -9.5483 1.2607 6.8140
v  -8.9249 1.2607 10.3493
v  -18.3639 0.0000 15.4390
v  -14.0932 0.0000 19.3009
v  -11.3432 0.6303 16.9934
v  -9.5483 1.2607 13.8846
v  -20.1588 0.0000 5.2596
v  -17.4665 0.0000 0.1699
v  -14.0932 0.6303 1.3976
v  -11.3432 1.2607 3.7051
v  -9.5483 1.8910 6.8140
v  -8.9249 1.8910 10.3493
v  -20.1588 0.0000 15.4390
v  -17.4665 0.0000 20.5287
v  -14.0932 0.6303 19.3009
v  -11.3432 1.2607 16.9934
v  -9.5483 1.8910 13.8846
v  -21.8455 0.0000 5.8735
v  -21.0563 0.0000 0.1699
v  -17.4665 0.6303 0.1699
v  -14.0932 1.2607 1.3976
v  -11.3432 1.8910 3.7051
v  -9.5483 2.5213 6.8140
v  -8.9249 2.5213 10.3493
v  -21.8455 0.0000 14.8251
v  -21.0563 0.0000 20.5287
v  -17.4665 0.6303 20.5287
v  -14.0932 1.2607 19.3009
v  -11.3432 1.8910 16.9934
v  -9.5483 2.5213 13.8846
v  -23.2205 0.0000 7.0272
v  -24.4296 0.0000 1.3976
v  -21.0563 0.6303 0.1699
v  -17.4665 1.2607 0.1699
v  -14.0932 1.8910 1.3976
v  -11.3432 2.5213 3.7051
v  -9.5483 3.1517 6.8140
v  -8.9249 3.1517 10.3493
v  -23.2205 0.0000 13.6713
v  -24.4296 0.0000 19.3009
v  -21.0563 0.6303 20.5287
v  -17.4665 1.2607 20.5287
v  -14.0932 1.8910 19.3009
v  -11.3432 2.5213 16.9934
v  -9.5483 3.1517 13.8846
v  -24.1179 0.0000 8.5816
v  -27.1796 0.0000 3.7051
v  -24.4296 0.6303 1.3976
v  -21.0563 1.2607 0.1699
v  -17.4665 1.8910 0.1699
v  -14.0932 2.5213 1.3976
v  -11.3432 3.1517 3.7051
v  -14.4049 3.1517 8.5816
v  -14.0932 3.1517 10.3493
v  -24.1179 0.0000 12.1169
v  -27.1796 0.0000 16.9934
v  -24.4296 0.6303 19.3009
v  -21.0563 1.2607 20.5287
v  -17.4665 1.8910 20.5287
v  -14.0932 2.5213 19.3009
v  -11.3432 3.1517 16.9934
v  -14.4049 3.1517 12.1169
v  -24.4296 0.0000 10.3493
v  -28.9745 0.0000 6.8140
v  -27.1796 0.6303 3.7051
v  -24.4296 1.2607 1.3976
v  -21.0563 1.8910 0.1699
v  -17.4665 2.5213 0.1699
v  -14.0932 3.1517 1.3976
v  -15.3023 3.1517 7.0272
v  -16.1874 3.1517 10.3493
v  -16.1874 3.1517 9.2304
v  -28.9745 0.0000 13.8845
v  -27.1796 0.6303 16.9934
v  -24.4296 1.2607 19.3009
v  -21.0563 1.8910 20.5287
v  -17.4665 2.5213 20.5287
v  -14.0932 3.1517 19.3009
v  -15.3023 3.1517 13.6713
v  -16.1874 3.1517 11.4681
v  -29.5978 0.0000 10.3493
v  -28.9745 0.6303 6.8140
v  -27.1796 1.2607 3.7051
v  -24.4296 1.8910 1.3976
v  -21.0563 2.5213 0.1699
v  -17.4665 3.1517 0.1699
v  -16.1874 3.1517 6.2845
v  -16.1874 3.1517 5.0250
v  -16.1874 3.1517 7.7699
v  -16.2275 12.8484 11.5660
v  -16.1873 3.1517 17.4071
v  -16.1873 3.1517 15.6738
v  -16.1873 3.1517 14.4140
v  -16.1873 3.1517 12.9287
v  -16.1874 3.1517 4.0798
v  -16.2275 12.8311 7.4441
v  -28.9745 0.6303 13.8845
v  -27.1796 1.2607 16.9934
v  -24.4296 1.8910 19.3009
v  -21.0563 2.5213 20.5287
v  -17.4665 3.1517 20.5287
v  -29.5978 0.6303 10.3493
v  -28.9745 1.2607 6.8140
v  -27.1796 1.8910 3.7051
v  -24.4296 2.5213 1.3976
v  -21.0563 3.1517 0.1699
v  -18.1559 3.1517 4.0798
v  -19.4661 12.8484 11.5660
v  -19.4661 12.8311 7.4441
v  -19.6217 11.8849 12.1464
v  -16.5536 11.8849 12.1464
v  -16.5536 11.5641 12.3397
v  -19.6456 11.5641 12.3397
v  -19.6456 11.7364 12.2359
v  -21.0314 3.1517 17.4071
v  -20.5059 3.1517 17.4071
v  -18.0169 3.1517 17.4071
v  -20.3669 3.1517 4.0798
v  -21.0250 3.1517 4.0798
v  -20.3957 4.3710 4.5036
v  -16.5318 4.3710 4.5036
v  -16.5318 5.1673 4.7804
v  -20.3957 5.1673 4.7804
v  -19.6456 11.7164 7.0567
v  -19.6456 6.4866 5.2389
v  -16.5536 6.4866 5.2389
v  -16.5536 12.1147 7.1951
v  -19.5815 12.1147 7.1951
v  -28.9745 1.2607 13.8845
v  -27.1796 1.8910 16.9934
v  -24.4296 2.5213 19.3009
v  -21.0563 3.1517 20.5287
v  -29.5978 1.2607 10.3493
v  -28.9745 1.8910 6.8140
v  -27.1796 2.5213 3.7051
v  -24.4296 3.1517 1.3976
v  -19.6456 11.7359 12.2245
v  -19.6232 11.8748 12.1313
v  -19.6405 11.7532 7.9083
v  -19.6456 11.7210 7.8919
v  -21.0252 3.1517 5.5749
v  -21.0262 3.1517 7.2926
v  -21.0270 3.1517 8.8677
v  -21.0275 3.1517 9.7065
v  -21.0278 3.1517 10.3493
v  -21.0282 3.1517 10.9923
v  -21.0287 3.1517 11.8322
v  -21.0295 3.1517 13.4118
v  -21.0305 3.1517 15.1217
v  -16.5536 15.9327 18.1831
v  -19.6456 11.8748 12.1313
v  -19.6456 15.9327 18.1831
v  -16.5536 13.4954 19.7748
v  -16.5536 9.4572 13.7524
v  -19.6456 9.4572 13.7524
v  -19.6456 13.4954 19.7748
v  -19.6456 13.6935 19.6454
v  -19.6456 13.6900 19.3314
v  -19.6456 14.1828 19.3259
v  -24.4296 3.1517 19.3009
v  -21.8455 3.1517 14.8251
v  -21.8455 3.1517 5.8735
v  -20.3957 4.3309 4.4826
v  -16.5318 4.3309 4.4826
v  -16.5318 6.1725 0.9558
v  -16.5318 6.9519 1.3628
v  -20.3957 6.9519 1.3628
v  -19.6456 5.2541 4.6142
v  -19.6456 6.6015 2.0339
v  -16.5536 6.6015 2.0339
v  -16.5536 5.2541 4.6142
v  -20.3957 6.1725 0.9558
v  -19.6456 11.7532 7.9083
v  -19.6456 13.0691 5.3120
v  -16.5536 13.0691 5.3120
v  -28.9745 1.8910 13.8845
v  -27.1796 2.5213 16.9934
v  -29.5978 1.8910 10.3493
v  -28.9745 2.5213 6.8140
v  -27.1796 3.1517 3.7051
v  -23.2205 3.1517 7.0272
v  -24.1179 3.1517 8.5816
v  -24.4296 3.1517 10.3493
v  -24.1179 3.1517 12.1169
v  -23.2205 3.1517 13.6713
v  -20.8219 12.6599 20.3205
v  -20.3366 14.1828 19.3259
v  -20.3366 13.6935 19.6454
v  -20.8219 16.3944 17.8815
v  -16.4902 16.3944 17.8815
v  -16.4902 12.6599 20.3205
v  -20.3366 13.6900 19.3314
v  -27.1796 3.1517 16.9934
v  -28.9745 2.5213 13.8845
v  -29.5978 2.5213 10.3493
v  -28.9745 3.1517 6.8140
v  -29.5978 3.1517 10.3493
v  -28.9745 3.1517 13.8845
v  -16.4902 13.1989 21.1458
v  -20.8219 13.1989 21.1458
v  -20.8219 16.9334 18.7068
v  -16.4902 16.9334 18.7068
v  -20.3366 13.7067 20.8142
v  -20.3366 16.0170 19.3053
v  -17.2983 16.0170 19.3053
v  -17.2983 13.7067 20.8142
v  -20.3366 16.2691 19.3025
v  -20.3366 13.7095 21.0695
v  -20.3366 16.2887 21.0405
v  -17.2983 16.2691 19.3025
v  -17.2983 16.2887 21.0405
v  -17.2983 13.7095 21.0695
v  -18.6882 16.2784 20.1319
v  -18.6622 16.2768 19.9847
v  -18.5875 16.2753 19.8553
v  -18.4730 16.2742 19.7592
v  -18.3326 16.2737 19.7081
v  -18.1831 16.2737 19.7081
v  -18.0427 16.2742 19.7592
v  -17.9282 16.2753 19.8553
v  -17.8535 16.2768 19.9847
v  -17.8275 16.2784 20.1319
v  -17.8535 16.2801 20.2790
v  -17.9282 16.2815 20.4085
v  -18.0427 16.2826 20.5045
v  -18.1831 16.2832 20.5557
v  -18.3326 16.2832 20.5557
v  -18.4730 16.2826 20.5045
v  -18.5875 16.2815 20.4085
v  -18.6622 16.2801 20.2790
v  -18.6882 16.3693 20.1319
v  -18.6622 16.3693 19.9847
v  -18.5875 16.3693 19.8553
v  -18.4730 16.3693 19.7592
v  -18.3326 16.3693 19.7081
v  -18.1831 16.3693 19.7081
v  -18.0427 16.3693 19.7592
v  -17.9282 16.3693 19.8553
v  -17.8535 16.3693 19.9847
v  -17.8275 16.3693 20.1319
v  -17.8535 16.3693 20.2790
v  -17.9282 16.3693 20.4085
v  -18.0427 16.3693 20.5045
v  -18.1831 16.3693 20.5557
v  -18.3326 16.3693 20.5557
v  -18.4730 16.3693 20.5045
v  -18.5875 16.3693 20.4085
v  -18.6622 16.3693 20.2790
v  -18.6882 18.4851 20.1319
v  -18.6622 18.4851 19.9847
v  -18.5875 18.4851 19.8553
v  -18.4730 18.4851 19.7592
v  -18.3326 18.4851 19.7081
v  -18.1831 18.4851 19.7081
v  -18.0427 18.4851 19.7592
v  -17.9282 18.4851 19.8553
v  -17.8535 18.4851 19.9847
v  -17.8275 18.4851 20.1319
v  -17.8535 18.4851 20.2790
v  -17.9282 18.4851 20.4085
v  -18.0427 18.4851 20.5045
v  -18.1831 18.4851 20.5557
v  -18.3326 18.4851 20.5557
v  -18.4730 18.4851 20.5045
v  -18.5875 18.4851 20.4085
v  -18.6622 18.4851 20.2790
v  -18.6882 20.6008 20.1319
v  -18.6622 20.6008 19.9847
v  -18.5875 20.6008 19.8553
v  -18.4730 20.6008 19.7592
v  -18.3326 20.6008 19.7081
v  -18.1831 20.6008 19.7081
v  -18.0427 20.6008 19.7592
v  -17.9282 20.6008 19.8553
v  -17.8535 20.6008 19.9847
v  -17.8275 20.6008 20.1319
v  -17.8535 20.6008 20.2790
v  -17.9282 20.6008 20.4085
v  -18.0427 20.6008 20.5045
v  -18.1831 20.6008 20.5557
v  -18.3326 20.6008 20.5557
v  -18.4730 20.6008 20.5045
v  -18.5875 20.6008 20.4085
v  -18.6622 20.6008 20.2790
v  -18.6882 22.7165 20.1319
v  -18.6622 22.7165 19.9847
v  -18.5875 22.7165 19.8553
v  -18.4730 22.7165 19.7592
v  -18.3326 22.7165 19.7081
v  -18.1831 22.7165 19.7081
v  -18.0427 22.7165 19.7592
v  -17.9282 22.7165 19.8553
v  -17.8535 22.7165 19.9847
v  -17.8275 22.7165 20.1319
v  -17.8535 22.7165 20.2790
v  -17.9282 22.7165 20.4085
v  -18.0427 22.7165 20.5045
v  -18.1831 22.7165 20.5557
v  -18.3326 22.7165 20.5557
v  -18.4730 22.7165 20.5045
v  -18.5875 22.7165 20.4085
v  -18.6622 22.7165 20.2790
v  -18.6622 24.6585 19.9847
v  -18.6882 24.6609 20.1319
v  -18.5875 24.6564 19.8553
v  -18.4730 24.6548 19.7592
v  -18.3326 24.6540 19.7081
v  -18.1831 24.6540 19.7081
v  -18.0427 24.6548 19.7592
v  -17.9282 24.6564 19.8553
v  -17.8535 24.6585 19.9847
v  -17.8275 24.6609 20.1319
v  -17.8535 24.6633 20.2790
v  -17.9282 24.6654 20.4085
v  -18.0427 24.6670 20.5045
v  -18.1831 24.6678 20.5557
v  -18.3326 24.6678 20.5557
v  -18.4730 24.6670 20.5045
v  -18.5875 24.6654 20.4085
v  -18.6622 24.6633 20.2790
v  -19.3224 24.6962 22.2924
v  -19.3224 24.6234 17.8326
v  -17.6701 24.6234 17.8326
v  -17.6701 24.6962 22.2924
v  -17.6701 25.6818 22.2764
v  -19.3224 25.6818 22.2764
v  -19.3224 25.6089 17.8165
v  -17.6701 25.6089 17.8165
v  -17.8502 12.8799 9.9509
v  -16.3029 12.8799 9.3877
v  -16.2036 12.8799 9.9509
v  -16.3029 12.8799 10.5141
v  -16.5888 12.8799 8.8925
v  -14.7556 12.8799 8.8245
v  -14.5570 12.8799 9.9509
v  -16.5888 12.8799 11.0094
v  -14.7556 12.8799 11.0773
v  -17.0269 12.8799 8.5249
v  -15.3274 12.8799 7.8340
v  -14.7556 13.0807 8.8245
v  -14.5570 13.0807 9.9509
v  -17.0269 12.8799 11.3769
v  -15.3274 12.8799 12.0678
v  -14.7556 13.0807 11.0773
v  -17.5643 12.8799 8.3293
v  -16.2036 12.8799 7.0989
v  -15.3274 13.0807 7.8340
v  -14.7556 13.2816 8.8245
v  -14.5570 13.2816 9.9509
v  -17.5643 12.8799 11.5725
v  -16.2036 12.8799 12.8030
v  -15.3274 13.0807 12.0678
v  -14.7556 13.2816 11.0773
v  -18.1362 12.8799 8.3293
v  -17.2784 12.8799 6.7077
v  -16.2036 13.0807 7.0989
v  -15.3274 13.2816 7.8340
v  -14.7556 13.4824 8.8245
v  -14.5570 13.4824 9.9509
v  -18.1362 12.8799 11.5725
v  -17.2784 12.8799 13.1942
v  -16.2036 13.0807 12.8030
v  -15.3274 13.2816 12.0678
v  -14.7556 13.4824 11.0773
v  -18.6735 12.8799 8.5249
v  -18.4221 12.8799 6.7077
v  -17.2784 13.0807 6.7077
v  -16.2036 13.2816 7.0989
v  -15.3274 13.4824 7.8340
v  -14.7556 13.6832 8.8245
v  -14.5570 13.6832 9.9509
v  -18.6735 12.8799 11.3769
v  -18.4221 12.8799 13.1942
v  -17.2784 13.0807 13.1942
v  -16.2036 13.2816 12.8030
v  -15.3274 13.4824 12.0678
v  -14.7556 13.6832 11.0773
v  -19.1116 12.8799 8.8925
v  -19.4969 12.8799 7.0989
v  -18.4221 13.0807 6.7077
v  -17.2784 13.2816 6.7077
v  -16.2036 13.4824 7.0989
v  -15.3274 13.6832 7.8340
v  -14.7556 13.8840 8.8245
v  -14.5570 13.8840 9.9509
v  -19.1116 12.8799 11.0094
v  -19.4969 12.8799 12.8030
v  -18.4221 13.0807 13.1942
v  -17.2784 13.2816 13.1942
v  -16.2036 13.4824 12.8030
v  -15.3274 13.6832 12.0678
v  -14.7556 13.8840 11.0773
v  -19.3976 12.8799 9.3877
v  -20.3730 12.8799 7.8340
v  -19.4969 13.0807 7.0989
v  -18.4221 13.2816 6.7077
v  -17.2784 13.4824 6.7077
v  -16.2036 13.6832 7.0989
v  -15.3274 13.8840 7.8340
v  -16.3029 13.8840 9.3877
v  -16.2036 13.8840 9.9509
v  -19.3976 12.8799 10.5141
v  -20.3730 12.8799 12.0678
v  -19.4969 13.0807 12.8030
v  -18.4221 13.2816 13.1942
v  -17.2784 13.4824 13.1942
v  -16.2036 13.6832 12.8030
v  -15.3274 13.8840 12.0678
v  -16.3029 13.8840 10.5141
v  -19.4969 12.8799 9.9509
v  -20.9449 12.8799 8.8245
v  -20.3730 13.0807 7.8340
v  -19.4969 13.2816 7.0989
v  -18.4221 13.4824 6.7077
v  -17.2784 13.6832 6.7077
v  -16.2036 13.8840 7.0989
v  -16.5888 13.8840 8.8925
v  -17.2376 13.8840 9.9509
v  -17.2376 13.8840 9.7279
v  -20.9449 12.8799 11.0773
v  -20.3730 13.0807 12.0678
v  -19.4969 13.2816 12.8030
v  -18.4221 13.4824 13.1942
v  -17.2784 13.6832 13.1942
v  -16.2036 13.8840 12.8030
v  -16.5888 13.8840 11.0094
v  -17.2376 13.8840 10.1739
v  -21.1435 12.8799 9.9509
v  -20.9449 13.0807 8.8245
v  -20.3730 13.2816 7.8340
v  -19.4969 13.4824 7.0989
v  -18.4221 13.6832 6.7077
v  -17.2784 13.8840 6.7077
v  -17.0269 13.8840 8.5249
v  -17.2376 13.8840 9.4368
v  -17.2376 13.8840 8.1924
v  -16.8632 19.9865 7.0162
v  -16.8632 19.9865 12.8666
v  -17.2376 13.8840 11.6904
v  -17.2376 13.8840 11.4536
v  -17.2376 13.8840 11.0120
v  -17.0768 16.5049 10.6420
v  -17.0041 17.6891 10.1594
v  -16.9908 17.9065 11.4348
v  -16.9908 17.9065 11.4373
v  -16.9908 17.9066 11.4399
v  -16.9908 17.9067 11.4431
v  -16.9907 17.9070 11.4473
v  -16.9907 17.9075 11.4535
v  -16.9907 17.9085 11.4651
v  -16.9905 17.9117 11.4990
v  -16.9901 17.9176 11.5590
v  -16.9878 17.9543 11.6795
v  -16.9842 18.0137 11.7905
v  -16.9793 18.0938 11.8875
v  -16.9733 18.1913 11.9669
v  -16.9665 18.3025 12.0257
v  -16.9591 18.4233 12.0616
v  -16.9514 18.5488 12.0732
v  -16.9437 18.6744 12.0601
v  -16.9363 18.7951 12.0228
v  -16.9294 18.9064 11.9626
v  -16.9234 19.0039 11.8820
v  -16.9216 19.0340 11.8452
v  -16.9185 19.0839 11.7809
v  -16.9149 19.1434 11.6641
v  -16.9146 19.1479 11.6487
v  -16.9133 19.1690 11.5694
v  -16.9127 19.1793 11.5253
v  -16.9126 19.1800 11.5214
v  -16.9125 19.1816 11.4954
v  -16.9125 19.1827 11.4724
v  -16.9124 19.1833 11.4528
v  -16.9124 19.1834 11.4348
v  -16.9124 19.1833 11.4167
v  -16.9125 19.1827 11.3972
v  -16.9125 19.1816 11.3742
v  -16.9126 19.1800 11.3482
v  -16.9127 19.1793 11.3442
v  -16.9133 19.1690 11.3002
v  -16.9146 19.1479 11.2208
v  -16.9149 19.1434 11.2055
v  -16.9185 19.0839 11.0886
v  -16.9216 19.0340 11.0244
v  -16.9234 19.0039 10.9876
v  -16.9294 18.9064 10.9070
v  -16.9363 18.7951 10.8468
v  -16.9437 18.6744 10.8095
v  -16.9514 18.5488 10.7963
v  -16.9591 18.4233 10.8079
v  -16.9665 18.3025 10.8438
v  -16.9733 18.1913 10.9026
v  -16.9793 18.0938 10.9821
v  -16.9842 18.0137 11.0791
v  -16.9878 17.9543 11.1900
v  -16.9901 17.9176 11.3105
v  -16.9905 17.9117 11.3706
v  -16.9907 17.9085 11.4044
v  -16.9907 17.9075 11.4161
v  -16.9907 17.9070 11.4223
v  -16.9908 17.9067 11.4265
v  -16.9908 17.9066 11.4296
v  -16.9908 17.9065 11.4323
v  -17.0041 17.6891 9.8085
v  -16.9908 17.9065 8.6156
v  -16.9908 17.9065 8.6180
v  -16.9908 17.9066 8.6207
v  -16.9908 17.9067 8.6239
v  -16.9907 17.9070 8.6280
v  -16.9907 17.9075 8.6343
v  -16.9907 17.9085 8.6459
v  -16.9905 17.9117 8.6798
v  -16.9901 17.9176 8.7398
v  -16.9878 17.9543 8.8603
v  -16.9842 18.0137 8.9712
v  -16.9793 18.0938 9.0683
v  -16.9733 18.1913 9.1477
v  -16.9665 18.3025 9.2065
v  -16.9591 18.4233 9.2424
v  -16.9514 18.5488 9.2540
v  -16.9437 18.6744 9.2409
v  -16.9363 18.7951 9.2035
v  -16.9294 18.9064 9.1434
v  -16.9234 19.0039 9.0628
v  -16.9216 19.0340 9.0259
v  -16.9185 19.0839 8.9617
v  -16.9149 19.1434 8.8449
v  -16.9146 19.1479 8.8295
v  -16.9133 19.1690 8.7501
v  -16.9127 19.1793 8.7061
v  -16.9126 19.1800 8.7021
v  -16.9125 19.1816 8.6762
v  -16.9125 19.1827 8.6531
v  -16.9124 19.1833 8.6336
v  -16.9124 19.1834 8.6156
v  -16.9124 19.1833 8.5975
v  -16.9125 19.1827 8.5780
v  -16.9125 19.1816 8.5549
v  -16.9126 19.1800 8.5290
v  -16.9127 19.1793 8.5250
v  -16.9133 19.1690 8.4810
v  -16.9146 19.1479 8.4016
v  -16.9149 19.1434 8.3862
v  -16.9185 19.0839 8.2694
v  -16.9216 19.0339 8.2052
v  -16.9234 19.0039 8.1683
v  -16.9294 18.9064 8.0877
v  -16.9363 18.7951 8.0276
v  -16.9437 18.6744 7.9902
v  -16.9514 18.5488 7.9771
v  -16.9591 18.4233 7.9887
v  -16.9665 18.3025 8.0246
v  -16.9733 18.1913 8.0834
v  -16.9793 18.0938 8.1628
v  -16.9842 18.0137 8.2599
v  -16.9878 17.9543 8.3708
v  -16.9901 17.9176 8.4913
v  -16.9905 17.9117 8.5513
v  -16.9907 17.9085 8.5852
v  -16.9907 17.9075 8.5968
v  -16.9907 17.9070 8.6031
v  -16.9908 17.9067 8.6072
v  -16.9908 17.9066 8.6104
v  -16.9908 17.9065 8.6131
v  -17.0768 16.5049 9.3260
v  -17.0768 16.5049 9.6177
v  -17.0768 16.5049 10.3502
v  -17.2376 13.8840 10.4650
v  -17.2376 13.8840 8.8898
v  -17.2376 13.8840 8.4482
v  -20.9449 13.0807 11.0773
v  -20.3730 13.2816 12.0678
v  -19.4969 13.4824 12.8030
v  -18.4221 13.6832 13.1942
v  -17.2784 13.8840 13.1942
v  -17.0269 13.8840 11.3769
v  -21.1435 13.0807 9.9509
v  -20.9449 13.2816 8.8245
v  -20.3730 13.4824 7.8340
v  -19.4969 13.6832 7.0989
v  -18.4221 13.8840 6.7077
v  -17.5402 13.8840 8.1924
v  -18.3512 13.8840 8.1924
v  -18.7256 19.9865 7.0162
v  -18.0979 19.9865 7.0162
v  -18.0897 19.4475 7.1201
v  -17.2290 19.4069 7.1279
v  -17.2378 19.9865 7.0162
v  -18.1603 13.8840 8.1924
v  -18.7256 19.9865 12.8666
v  -18.1091 19.9865 12.8666
v  -18.1091 19.9865 12.4740
v  -17.2517 19.9865 12.4740
v  -17.2517 19.9865 12.8666
v  -17.2080 19.9865 7.3937
v  -18.0629 19.9865 7.4611
v  -17.2517 19.5315 12.7789
v  -18.1091 19.5315 12.7789
v  -18.3512 13.8840 11.6904
v  -18.1570 13.8840 11.6904
v  -17.5435 13.8840 11.6904
v  -16.6867 16.5049 10.6420
v  -16.9373 18.1196 9.9840
v  -16.8777 17.9176 11.4348
v  -16.8801 17.9176 11.4593
v  -16.8872 17.9176 11.4828
v  -16.8988 17.9176 11.5045
v  -16.9144 17.9176 11.5236
v  -16.9335 17.9176 11.5392
v  -16.9552 17.9176 11.5508
v  -16.9787 17.9176 11.5579
v  -16.9552 17.9543 11.6763
v  -16.9335 18.0137 11.7855
v  -16.9144 18.0938 11.8811
v  -16.8988 18.1913 11.9596
v  -16.8872 18.3025 12.0179
v  -16.8801 18.4233 12.0538
v  -16.8777 18.5488 12.0660
v  -16.8801 18.6744 12.0538
v  -16.8872 18.7951 12.0179
v  -16.8988 18.9064 11.9596
v  -16.9144 19.0039 11.8811
v  -16.8291 19.0039 11.8552
v  -16.8664 19.0839 11.7651
v  -16.9090 19.1434 11.6623
v  -16.8664 19.1434 11.6396
v  -16.8291 19.1434 11.6089
v  -16.7985 19.1434 11.5716
v  -16.8988 19.1800 11.5045
v  -16.8872 19.1800 11.4828
v  -16.8801 19.1800 11.4593
v  -16.8777 19.1800 11.4348
v  -16.8801 19.1800 11.4103
v  -16.8872 19.1800 11.3867
v  -16.8988 19.1800 11.3650
v  -16.7985 19.1434 11.2980
v  -16.8291 19.1434 11.2606
v  -16.8664 19.1434 11.2300
v  -16.9090 19.1434 11.2073
v  -16.8664 19.0839 11.1045
v  -16.8291 19.0039 11.0144
v  -16.9144 19.0039 10.9885
v  -16.8988 18.9064 10.9100
v  -16.8872 18.7951 10.8516
v  -16.8801 18.6744 10.8157
v  -16.8777 18.5488 10.8036
v  -16.8801 18.4233 10.8157
v  -16.8872 18.3025 10.8516
v  -16.8988 18.1913 10.9100
v  -16.9144 18.0938 10.9885
v  -16.9335 18.0137 11.0841
v  -16.9552 17.9543 11.1932
v  -16.9787 17.9176 11.3116
v  -16.9552 17.9176 11.3188
v  -16.9335 17.9176 11.3304
v  -16.9144 17.9176 11.3460
v  -16.8988 17.9176 11.3650
v  -16.8872 17.9176 11.3867
v  -16.8801 17.9176 11.4103
v  -16.8777 17.9176 8.6156
v  -16.8801 17.9176 8.6400
v  -16.8872 17.9176 8.6636
v  -16.8988 17.9176 8.6853
v  -16.9145 17.9176 8.7043
v  -16.9335 17.9176 8.7199
v  -16.9552 17.9176 8.7315
v  -16.9787 17.9176 8.7387
v  -16.9552 17.9543 8.8571
v  -16.9335 18.0137 8.9662
v  -16.9145 18.0938 9.0619
v  -16.8988 18.1913 9.1404
v  -16.8872 18.3025 9.1987
v  -16.8801 18.4233 9.2346
v  -16.8777 18.5488 9.2467
v  -16.8801 18.6744 9.2346
v  -16.8872 18.7951 9.1987
v  -16.8988 18.9064 9.1404
v  -16.9145 19.0039 9.0619
v  -16.8291 19.0039 9.0360
v  -16.8664 19.0839 8.9459
v  -16.9090 19.1434 8.8431
v  -16.8664 19.1434 8.8203
v  -16.8291 19.1434 8.7897
v  -16.7985 19.1434 8.7524
v  -16.8988 19.1800 8.6853
v  -16.8872 19.1800 8.6636
v  -16.8801 19.1800 8.6400
v  -16.8777 19.1800 8.6156
v  -16.8801 19.1800 8.5911
v  -16.8872 19.1800 8.5675
v  -16.8988 19.1800 8.5458
v  -16.7985 19.1434 8.4787
v  -16.8291 19.1434 8.4414
v  -16.8664 19.1434 8.4108
v  -16.9090 19.1434 8.3880
v  -16.8664 19.0839 8.2852
v  -16.8291 19.0039 8.1951
v  -16.9145 19.0039 8.1692
v  -16.8988 18.9064 8.0907
v  -16.8872 18.7951 8.0324
v  -16.8801 18.6744 7.9965
v  -16.8777 18.5488 7.9844
v  -16.8801 18.4233 7.9965
v  -16.8872 18.3025 8.0324
v  -16.8988 18.1913 8.0907
v  -16.9145 18.0938 8.1692
v  -16.9335 18.0137 8.2649
v  -16.9552 17.9543 8.3740
v  -16.9787 17.9176 8.4924
v  -16.9552 17.9176 8.4996
v  -16.9335 17.9176 8.5112
v  -16.9145 17.9176 8.5268
v  -16.8988 17.9176 8.5458
v  -16.8872 17.9176 8.5675
v  -16.8801 17.9176 8.5911
v  -16.6867 16.5049 9.3260
v  -16.9373 16.5049 9.9840
v  -20.9449 13.2816 11.0773
v  -20.3730 13.4824 12.0678
v  -19.4969 13.6832 12.8030
v  -18.4221 13.8840 13.1942
v  -21.1435 13.2816 9.9509
v  -20.9449 13.4824 8.8245
v  -20.3730 13.6832 7.8340
v  -19.4969 13.8840 7.0989
v  -18.6735 13.8840 8.5249
v  -18.3512 13.8840 8.4076
v  -18.3512 13.8840 9.0832
v  -18.3512 13.8840 9.5306
v  -18.3512 13.8840 9.7686
v  -18.3512 13.8840 9.9509
v  -18.3512 13.8840 10.1332
v  -18.3512 13.8840 10.3713
v  -18.3512 13.8840 10.8186
v  -18.3512 13.8840 11.4943
v  -18.2162 20.3150 5.5145
v  -18.1925 20.8756 5.8155
v  -17.3613 20.3150 5.4472
v  -17.3376 20.8756 5.7482
v  -18.1091 20.4855 14.5500
v  -18.1091 21.0461 14.2481
v  -18.1091 20.0671 12.4306
v  -17.2517 20.0671 12.4306
v  -17.2517 20.4855 14.5500
v  -17.2517 21.0461 14.2481
v  -19.4969 13.8840 12.8030
v  -18.6735 13.8840 11.3769
v  -16.7617 17.9543 11.4828
v  -16.7569 17.9543 11.4348
v  -16.7757 17.9543 11.5290
v  -16.7985 17.9543 11.5716
v  -16.8291 17.9543 11.6089
v  -16.8664 17.9543 11.6396
v  -16.9090 17.9543 11.6623
v  -16.8664 18.0137 11.7651
v  -16.8291 18.0938 11.8552
v  -16.7985 18.1913 11.9292
v  -16.7757 18.3025 11.9841
v  -16.7617 18.4233 12.0179
v  -16.7569 18.5488 12.0294
v  -16.7617 18.6744 12.0179
v  -16.7757 18.7951 11.9841
v  -16.7985 18.9064 11.9292
v  -16.7504 19.0039 11.8132
v  -16.8046 19.0839 11.7321
v  -16.7504 19.0839 11.6876
v  -16.7059 19.0839 11.6334
v  -16.7757 19.1434 11.5290
v  -16.7617 19.1434 11.4828
v  -16.7569 19.1434 11.4348
v  -16.7617 19.1434 11.3867
v  -16.7757 19.1434 11.3405
v  -16.7059 19.0839 11.2361
v  -16.7504 19.0839 11.1820
v  -16.8046 19.0839 11.1375
v  -16.7504 19.0039 11.0564
v  -16.7985 18.9064 10.9404
v  -16.7757 18.7951 10.8855
v  -16.7617 18.6744 10.8516
v  -16.7570 18.5488 10.8402
v  -16.7617 18.4233 10.8516
v  -16.7757 18.3025 10.8855
v  -16.7985 18.1913 10.9404
v  -16.8291 18.0938 11.0144
v  -16.8664 18.0137 11.1045
v  -16.9090 17.9543 11.2073
v  -16.8664 17.9543 11.2300
v  -16.8291 17.9543 11.2606
v  -16.7985 17.9543 11.2980
v  -16.7757 17.9543 11.3405
v  -16.7617 17.9543 11.3867
v  -16.7617 17.9543 8.6636
v  -16.7570 17.9543 8.6156
v  -16.7757 17.9543 8.7098
v  -16.7985 17.9543 8.7524
v  -16.8291 17.9543 8.7897
v  -16.8664 17.9543 8.8203
v  -16.9090 17.9543 8.8431
v  -16.8664 18.0137 8.9459
v  -16.8291 18.0938 9.0360
v  -16.7985 18.1913 9.1099
v  -16.7757 18.3025 9.1649
v  -16.7617 18.4233 9.1987
v  -16.7570 18.5488 9.2101
v  -16.7617 18.6744 9.1987
v  -16.7757 18.7951 9.1649
v  -16.7985 18.9064 9.1099
v  -16.7504 19.0039 8.9939
v  -16.8046 19.0839 8.9128
v  -16.7504 19.0839 8.8684
v  -16.7059 19.0839 8.8142
v  -16.7757 19.1434 8.7098
v  -16.7617 19.1434 8.6636
v  -16.7570 19.1434 8.6156
v  -16.7617 19.1434 8.5675
v  -16.7757 19.1434 8.5213
v  -16.7059 19.0839 8.4169
v  -16.7504 19.0839 8.3627
v  -16.8046 19.0839 8.3183
v  -16.7504 19.0039 8.2372
v  -16.7985 18.9064 8.1212
v  -16.7757 18.7951 8.0662
v  -16.7617 18.6744 8.0324
v  -16.7570 18.5488 8.0210
v  -16.7617 18.4233 8.0324
v  -16.7757 18.3025 8.0662
v  -16.7985 18.1913 8.1212
v  -16.8291 18.0938 8.1951
v  -16.8664 18.0137 8.2852
v  -16.9090 17.9543 8.3880
v  -16.8664 17.9543 8.4108
v  -16.8291 17.9543 8.4414
v  -16.7985 17.9543 8.4787
v  -16.7757 17.9543 8.5213
v  -16.7617 17.9543 8.5675
v  -20.9449 13.4824 11.0773
v  -20.3730 13.6832 12.0678
v  -21.1435 13.4824 9.9509
v  -20.9449 13.6832 8.8245
v  -20.3730 13.8840 7.8340
v  -19.1116 13.8840 8.8925
v  -19.3976 13.8840 9.3877
v  -19.4969 13.8840 9.9509
v  -19.3976 13.8840 10.5141
v  -19.1116 13.8840 11.0094
v  -20.3730 13.8840 12.0678
v  -16.6526 18.0137 11.5045
v  -16.6457 18.0137 11.4348
v  -16.6729 18.0137 11.5716
v  -16.7059 18.0137 11.6334
v  -16.7504 18.0137 11.6876
v  -16.8046 18.0137 11.7321
v  -16.7504 18.0938 11.8132
v  -16.7059 18.1913 11.8797
v  -16.6729 18.3025 11.9292
v  -16.6526 18.4233 11.9596
v  -16.6457 18.5488 11.9699
v  -16.6526 18.6744 11.9596
v  -16.6729 18.7951 11.9292
v  -16.7059 18.9064 11.8797
v  -16.6814 19.0039 11.7566
v  -16.6249 19.0039 11.6876
v  -16.6729 19.0839 11.5716
v  -16.6526 19.0839 11.5045
v  -16.6457 19.0839 11.4348
v  -16.6526 19.0839 11.3650
v  -16.6729 19.0839 11.2980
v  -16.6249 19.0039 11.1820
v  -16.6814 19.0039 11.1130
v  -16.7059 18.9064 10.9899
v  -16.6729 18.7951 10.9404
v  -16.6526 18.6744 10.9100
v  -16.6457 18.5488 10.8997
v  -16.6526 18.4233 10.9100
v  -16.6729 18.3025 10.9404
v  -16.7059 18.1913 10.9899
v  -16.7504 18.0938 11.0564
v  -16.8046 18.0137 11.1375
v  -16.7504 18.0137 11.1820
v  -16.7059 18.0137 11.2361
v  -16.6729 18.0137 11.2980
v  -16.6526 18.0137 11.3650
v  -16.6526 18.0137 8.6853
v  -16.6457 18.0137 8.6156
v  -16.6729 18.0137 8.7524
v  -16.7059 18.0137 8.8142
v  -16.7504 18.0137 8.8684
v  -16.8046 18.0137 8.9128
v  -16.7504 18.0938 8.9939
v  -16.7059 18.1913 9.0605
v  -16.6729 18.3025 9.1099
v  -16.6526 18.4233 9.1404
v  -16.6457 18.5488 9.1506
v  -16.6526 18.6744 9.1404
v  -16.6729 18.7951 9.1099
v  -16.7059 18.9064 9.0605
v  -16.6815 19.0039 8.9373
v  -16.6249 19.0039 8.8684
v  -16.6729 19.0839 8.7524
v  -16.6526 19.0839 8.6853
v  -16.6457 19.0839 8.6156
v  -16.6526 19.0839 8.5458
v  -16.6729 19.0839 8.4787
v  -16.6249 19.0039 8.3627
v  -16.6815 19.0039 8.2938
v  -16.7059 18.9064 8.1706
v  -16.6729 18.7951 8.1212
v  -16.6526 18.6744 8.0907
v  -16.6457 18.5488 8.0805
v  -16.6526 18.4233 8.0907
v  -16.6729 18.3025 8.1212
v  -16.7059 18.1913 8.1706
v  -16.7504 18.0938 8.2372
v  -16.8046 18.0137 8.3183
v  -16.7504 18.0137 8.3627
v  -16.7059 18.0137 8.4169
v  -16.6729 18.0137 8.4787
v  -16.6526 18.0137 8.5458
v  -20.9449 13.6832 11.0773
v  -21.1435 13.6832 9.9509
v  -20.9449 13.8840 8.8245
v  -21.1435 13.8840 9.9509
v  -20.9449 13.8840 11.0773
v  -16.5569 18.0938 11.5236
v  -16.5482 18.0938 11.4348
v  -16.5828 18.0938 11.6089
v  -16.6249 18.0938 11.6876
v  -16.6814 18.0938 11.7566
v  -16.6249 18.1913 11.8132
v  -16.5828 18.3025 11.8552
v  -16.5569 18.4233 11.8811
v  -16.5482 18.5488 11.8898
v  -16.5569 18.6744 11.8811
v  -16.5828 18.7951 11.8552
v  -16.6249 18.9064 11.8132
v  -16.5583 18.9064 11.7321
v  -16.5828 19.0039 11.6089
v  -16.5569 19.0039 11.5236
v  -16.5482 19.0039 11.4348
v  -16.5569 19.0039 11.3460
v  -16.5828 19.0039 11.2606
v  -16.5583 18.9064 11.1375
v  -16.6249 18.9064 11.0564
v  -16.5828 18.7951 11.0144
v  -16.5569 18.6744 10.9885
v  -16.5482 18.5488 10.9797
v  -16.5569 18.4233 10.9885
v  -16.5828 18.3025 11.0144
v  -16.6249 18.1913 11.0564
v  -16.6814 18.0938 11.1130
v  -16.6249 18.0938 11.1820
v  -16.5828 18.0938 11.2606
v  -16.5569 18.0938 11.3460
v  -16.5569 18.0938 8.7043
v  -16.5482 18.0938 8.6156
v  -16.5828 18.0938 8.7897
v  -16.6249 18.0938 8.8684
v  -16.6815 18.0938 8.9373
v  -16.6249 18.1913 8.9939
v  -16.5828 18.3025 9.0360
v  -16.5569 18.4233 9.0619
v  -16.5482 18.5488 9.0706
v  -16.5569 18.6744 9.0619
v  -16.5828 18.7951 9.0360
v  -16.6249 18.9064 8.9939
v  -16.5583 18.9064 8.9128
v  -16.5828 19.0039 8.7897
v  -16.5569 19.0039 8.7043
v  -16.5482 19.0039 8.6156
v  -16.5569 19.0039 8.5268
v  -16.5828 19.0039 8.4414
v  -16.5583 18.9064 8.3183
v  -16.6249 18.9064 8.2372
v  -16.5828 18.7951 8.1951
v  -16.5569 18.6744 8.1692
v  -16.5482 18.5488 8.1605
v  -16.5569 18.4233 8.1692
v  -16.5828 18.3025 8.1951
v  -16.6249 18.1913 8.2372
v  -16.6815 18.0938 8.2938
v  -16.6249 18.0938 8.3627
v  -16.5828 18.0938 8.4414
v  -16.5569 18.0938 8.5268
v  -16.4784 18.1913 11.5392
v  -16.4681 18.1913 11.4348
v  -16.5089 18.1913 11.6396
v  -16.5583 18.1913 11.7321
v  -16.5089 18.3025 11.7651
v  -16.4784 18.4233 11.7855
v  -16.4681 18.5488 11.7923
v  -16.4784 18.6744 11.7855
v  -16.5089 18.7951 11.7651
v  -16.5089 18.9064 11.6396
v  -16.4784 18.9064 11.5392
v  -16.4681 18.9064 11.4348
v  -16.4784 18.9064 11.3304
v  -16.5089 18.9064 11.2300
v  -16.5089 18.7951 11.1045
v  -16.4784 18.6744 11.0841
v  -16.4681 18.5488 11.0772
v  -16.4784 18.4233 11.0841
v  -16.5089 18.3025 11.1045
v  -16.5583 18.1913 11.1375
v  -16.5089 18.1913 11.2300
v  -16.4784 18.1913 11.3304
v  -16.4784 18.1913 8.7199
v  -16.4681 18.1913 8.6156
v  -16.5089 18.1913 8.8203
v  -16.5583 18.1913 8.9128
v  -16.5089 18.3025 8.9459
v  -16.4784 18.4233 8.9662
v  -16.4681 18.5488 8.9731
v  -16.4784 18.6744 8.9662
v  -16.5089 18.7951 8.9459
v  -16.5089 18.9064 8.8203
v  -16.4784 18.9064 8.7199
v  -16.4681 18.9064 8.6156
v  -16.4784 18.9064 8.5112
v  -16.5089 18.9064 8.4108
v  -16.5089 18.7951 8.2852
v  -16.4784 18.6744 8.2649
v  -16.4681 18.5488 8.2580
v  -16.4784 18.4233 8.2649
v  -16.5089 18.3025 8.2852
v  -16.5583 18.1913 8.3183
v  -16.5089 18.1913 8.4108
v  -16.4784 18.1913 8.5112
v  -16.4201 18.3025 11.5508
v  -16.4087 18.3025 11.4348
v  -16.4539 18.3025 11.6623
v  -16.4201 18.4233 11.6763
v  -16.4087 18.5488 11.6811
v  -16.4201 18.6744 11.6763
v  -16.4539 18.7951 11.6623
v  -16.4201 18.7951 11.5508
v  -16.4087 18.7951 11.4348
v  -16.4201 18.7951 11.3188
v  -16.4539 18.7951 11.2073
v  -16.4201 18.6744 11.1932
v  -16.4087 18.5488 11.1885
v  -16.4201 18.4233 11.1932
v  -16.4539 18.3025 11.2073
v  -16.4201 18.3025 11.3188
v  -16.4201 18.3025 8.7315
v  -16.4087 18.3025 8.6156
v  -16.4539 18.3025 8.8431
v  -16.4201 18.4233 8.8571
v  -16.4087 18.5488 8.8618
v  -16.4201 18.6744 8.8571
v  -16.4539 18.7951 8.8431
v  -16.4201 18.7951 8.7315
v  -16.4087 18.7951 8.6156
v  -16.4201 18.7951 8.4996
v  -16.4539 18.7951 8.3880
v  -16.4201 18.6744 8.3740
v  -16.4087 18.5488 8.3693
v  -16.4201 18.4233 8.3740
v  -16.4539 18.3025 8.3880
v  -16.4201 18.3025 8.4996
v  -16.3842 18.4233 11.5579
v  -16.3720 18.4233 11.4348
v  -16.3720 18.5488 11.5603
v  -16.3842 18.6744 11.5579
v  -16.3720 18.6744 11.4348
v  -16.3842 18.6744 11.3116
v  -16.3720 18.5488 11.3092
v  -16.3842 18.4233 11.3116
v  -16.3842 18.4233 8.7387
v  -16.3720 18.4233 8.6155
v  -16.3720 18.5488 8.7411
v  -16.3842 18.6744 8.7387
v  -16.3720 18.6744 8.6155
v  -16.3842 18.6744 8.4924
v  -16.3720 18.5488 8.4900
v  -16.3842 18.4233 8.4924
v  -16.3597 18.5488 11.4348
v  -16.3597 18.5488 8.6155
v  -17.7056 23.9952 12.6710
v  -17.9562 20.5975 14.4376
v  -17.4550 20.5975 14.4376
v  -17.4550 20.2001 13.1831
v  -17.9562 20.2001 13.1831
v  -17.7056 20.3988 13.8104
v  -17.6161 23.8247 7.3521
v  -17.5050 20.4271 5.5712
v  -18.0046 20.4271 5.6106
v  -17.9061 20.0296 6.8612
v  -17.4065 20.0296 6.8219
v  -17.7056 20.2283 6.2162
v  -18.9525 28.4477 18.4336
v  -19.7645 25.6164 19.0744
v  -18.1405 25.6164 19.0744
v  -18.1405 25.6164 17.7928
v  -19.7645 25.6164 17.7928
v  -18.9525 25.6164 18.4336
v  -18.9525 28.4477 19.9585
v  -19.7645 25.6164 20.5994
v  -18.1405 25.6164 20.5994
v  -18.1405 25.6164 19.3177
v  -19.7645 25.6164 19.3177
v  -18.9525 25.6164 19.9585
v  -18.9525 28.4477 21.7097
v  -19.7645 25.6164 22.3506
v  -18.1405 25.6164 22.3506
v  -18.1405 25.6164 21.0689
v  -19.7645 25.6164 21.0689
v  -18.9525 25.6164 21.7097
# 1126 vertices

vn 0.0000 -1.0000 -0.0000
vn 0.6976 -0.6700 -0.2539
vn 0.7424 -0.6700 0.0000
vn 0.6976 -0.6700 0.2539
vn 0.5686 -0.6701 -0.4771
vn 0.9397 0.0000 -0.3420
vn 1.0000 0.0000 -0.0000
vn 0.5687 -0.6700 0.4772
vn 0.9397 0.0000 0.3420
vn 0.3712 -0.6700 -0.6429
vn 0.7660 0.0000 -0.6428
vn 1.0000 0.0000 0.0000
vn 0.3712 -0.6700 0.6429
vn 0.7661 0.0000 0.6428
vn 0.1289 -0.6700 -0.7311
vn 0.5000 0.0000 -0.8660
vn 0.7661 0.0000 -0.6428
vn 0.1289 -0.6700 0.7311
vn 0.5000 0.0000 0.8660
vn 0.7660 0.0000 0.6428
vn -0.1289 -0.6700 -0.7311
vn 0.1736 0.0000 -0.9848
vn -0.1289 -0.6700 0.7311
vn 0.1736 0.0000 0.9848
vn -0.3712 -0.6700 -0.6429
vn -0.1736 0.0000 -0.9848
vn 0.6976 0.6700 -0.2539
vn 0.7423 0.6701 -0.0000
vn -0.3712 -0.6700 0.6429
vn -0.1736 0.0000 0.9848
vn 0.6975 0.6701 0.2539
vn -0.5686 -0.6701 -0.4771
vn -0.5000 0.0000 -0.8660
vn 0.5686 0.6701 -0.4771
vn 0.0000 1.0000 -0.0000
vn -0.5687 -0.6700 0.4772
vn -0.5000 0.0000 0.8660
vn 0.5687 0.6700 0.4772
vn -0.6976 -0.6700 -0.2539
vn -0.7660 0.0000 -0.6428
vn 0.3711 0.6701 -0.6428
vn 0.7056 0.7086 -0.0000
vn -0.6976 -0.6700 0.2539
vn -0.7660 0.0000 0.6428
vn 0.3712 0.6700 0.6429
vn -0.7423 -0.6700 -0.0000
vn -0.9397 0.0000 -0.3420
vn -0.7661 0.0000 -0.6428
vn 0.1289 0.6701 -0.7310
vn 0.6096 0.6913 0.3879
vn 0.5550 -0.4089 0.7244
vn 0.5629 -0.4786 -0.6739
vn 0.5959 0.6539 -0.4662
vn -0.9397 0.0000 0.3420
vn 0.1289 0.6700 0.7311
vn -1.0000 0.0000 -0.0000
vn -0.1289 0.6700 -0.7311
vn -0.0000 0.8150 -0.5795
vn -0.5512 0.7396 0.3863
vn -0.5395 0.6995 -0.4687
vn -0.5948 -0.1402 0.7916
vn 0.5799 0.1770 -0.7952
vn 0.7016 -0.3824 -0.6012
vn -0.7017 -0.3823 -0.6012
vn 0.0745 0.9638 0.2558
vn -0.5902 -0.3851 0.7095
vn -0.0000 0.8706 0.4919
vn -0.4854 -0.2537 -0.8367
vn -0.7670 0.1543 -0.6229
vn 0.6910 -0.2867 0.6635
vn 0.5855 0.2988 0.7536
vn -0.4646 0.4963 0.7334
vn 0.0741 0.9233 -0.3770
vn -0.6923 -0.2822 0.6642
vn 0.6923 -0.2822 0.6642
vn 0.5848 0.3036 0.7523
vn -0.6082 -0.2614 -0.7495
vn -0.7661 0.0000 0.6428
vn -0.1289 0.6700 0.7311
vn -0.3711 0.6701 -0.6429
vn -0.0748 -0.9695 -0.2334
vn 0.5907 0.1234 -0.7974
vn 0.5970 0.2177 0.7721
vn -0.0759 -0.9466 0.3134
vn -0.6484 0.7613 -0.0003
vn 0.5767 0.8005 0.1629
vn -0.5774 0.1580 -0.8011
vn -0.5767 0.8005 0.1629
vn 0.5780 -0.1628 0.7996
vn 0.5774 -0.8011 -0.1579
vn -0.5774 -0.8011 -0.1579
vn -0.2962 -0.7430 -0.6002
vn -0.6132 -0.6968 -0.3721
vn 0.5774 -0.5838 -0.5708
vn -0.6492 -0.2211 -0.7278
vn -0.3711 0.6701 0.6429
vn -0.5774 -0.7790 0.2444
vn 0.5774 -0.7790 0.2445
vn 0.5774 -0.2445 -0.7790
vn 0.5773 0.7790 -0.2446
vn -0.5773 0.7790 -0.2446
vn -0.3651 0.5877 0.7220
vn -0.5780 -0.2491 -0.7771
vn 0.5780 -0.2491 -0.7771
vn 0.5767 -0.7779 0.2494
vn -0.5774 -0.2445 -0.7790
vn -0.5774 0.2540 0.7760
vn -0.5774 0.7760 -0.2540
vn 0.5774 0.7760 -0.2540
vn -0.5686 0.6701 -0.4771
vn -0.5973 -0.7927 -0.1214
vn -0.5422 0.8040 -0.2442
vn -0.5532 -0.3924 0.7348
vn -0.5774 0.1677 -0.7991
vn 0.5774 0.1677 -0.7991
vn 0.5774 -0.7991 -0.1677
vn -0.5774 -0.5838 -0.5708
vn -0.5686 0.6701 0.4771
vn -0.6976 0.6700 -0.2539
vn -0.7423 0.6700 -0.0000
vn -0.6976 0.6700 0.2539
vn 0.5774 -0.1677 0.7991
vn -0.6043 -0.2220 0.7652
vn -0.5774 0.7991 0.1677
vn 0.5774 0.7991 0.1677
vn -0.4453 0.2347 0.8640
vn -0.6492 -0.2211 -0.7277
vn 0.6492 -0.2211 -0.7277
vn 0.6132 -0.6968 -0.3721
vn -0.6521 0.3797 -0.6562
vn -0.5774 -0.5708 0.5838
vn -0.5774 0.5838 0.5708
vn 0.5774 0.5709 -0.5837
vn 0.5774 0.5838 0.5708
vn 0.5774 -0.5708 0.5838
vn -0.7707 0.6372 -0.0081
vn -0.6985 -0.6714 -0.2476
vn -0.5701 -0.6727 -0.4717
vn -0.3724 -0.6737 -0.6384
vn -0.1294 -0.6742 -0.7272
vn 0.1294 -0.6742 -0.7272
vn 0.3724 -0.6737 -0.6384
vn 0.5701 -0.6727 -0.4717
vn 0.6985 -0.6714 -0.2476
vn 0.7423 -0.6700 0.0066
vn 0.6967 -0.6686 0.2602
vn 0.5673 -0.6673 0.4826
vn 0.3700 -0.6664 0.6474
vn 0.1284 -0.6659 0.7349
vn -0.1284 -0.6659 0.7349
vn -0.3700 -0.6664 0.6474
vn -0.5673 -0.6673 0.4826
vn -0.6967 -0.6686 0.2602
vn -1.0000 -0.0000 -0.0000
vn -0.9397 -0.0000 -0.3420
vn 0.5000 -0.0000 -0.8660
vn 0.9397 -0.0000 -0.3420
vn 0.9397 -0.0000 0.3420
vn 0.1736 -0.0000 0.9848
vn -0.9397 -0.0000 0.3420
vn -0.6963 0.6679 -0.2630
vn -0.9585 -0.2850 0.0064
vn -0.5667 0.6660 -0.4850
vn -0.3694 0.6647 -0.6494
vn -0.1282 0.6640 -0.7367
vn 0.1282 0.6640 -0.7367
vn 0.3694 0.6647 -0.6494
vn 0.5667 0.6660 -0.4850
vn 0.6963 0.6679 -0.2630
vn 0.7423 0.6700 -0.0096
vn 0.6989 0.6721 0.2447
vn 0.5707 0.6739 0.4692
vn 0.3730 0.6753 0.6363
vn 0.1296 0.6760 0.7254
vn -0.1296 0.6760 0.7254
vn -0.3730 0.6753 0.6363
vn -0.5707 0.6739 0.4692
vn -0.6989 0.6721 0.2447
vn -0.4624 -0.7490 0.4745
vn -0.5775 -0.5866 -0.5678
vn 0.5775 -0.5866 -0.5678
vn 0.5775 -0.5678 0.5866
vn 0.5775 0.5866 0.5678
vn -0.5775 0.5866 0.5678
vn -0.5774 0.5678 -0.5867
vn 0.5774 0.5678 -0.5867
vn 0.6975 -0.6701 0.2539
vn 0.3712 -0.6701 0.6428
vn -0.5687 -0.6700 -0.4772
vn 0.3711 0.6701 -0.6429
vn 0.7284 0.6851 0.0000
vn 0.3712 0.6701 0.6428
vn -0.7424 -0.6700 -0.0000
vn 0.1289 0.6700 -0.7311
vn 0.5672 -0.6413 -0.5168
vn 0.5855 0.5100 -0.6302
vn 0.5855 0.5100 0.6302
vn 0.5672 -0.6413 0.5168
vn 0.7587 0.6514 -0.0000
vn -0.9662 -0.1078 0.2344
vn 0.4466 0.3417 0.8269
vn 0.8735 -0.4869 0.0000
vn -0.6929 -0.7209 0.0140
vn -0.6941 -0.7194 0.0273
vn -0.6988 -0.7143 0.0393
vn -0.7001 -0.7123 0.0501
vn -0.7066 -0.7052 0.0589
vn -0.7121 -0.6990 0.0657
vn -0.7192 -0.6912 0.0699
vn -0.7002 -0.6976 0.1516
vn -0.6922 -0.6588 0.2946
vn -0.6839 -0.5912 0.4275
vn -0.6754 -0.4977 0.5441
vn -0.6673 -0.3822 0.6392
vn -0.6598 -0.2498 0.7087
vn -0.6533 -0.1065 0.7496
vn -0.6481 0.0414 0.7605
vn -0.6443 0.1877 0.7414
vn -0.6421 0.3262 0.6937
vn -0.6417 0.4515 0.6200
vn -0.6430 0.5590 0.5236
vn -0.6192 0.6332 0.4643
vn -0.6030 0.6771 0.4218
vn -0.6209 0.7293 0.2875
vn -0.6337 0.7495 0.1915
vn -0.6147 0.7692 0.1749
vn -0.5974 0.7875 0.1511
vn -0.5958 0.7937 0.1228
vn -0.6518 0.7575 0.0369
vn -0.6492 0.7602 0.0254
vn -0.6469 0.7624 0.0130
vn -0.6461 0.7633 0.0000
vn -0.6469 0.7624 -0.0130
vn -0.6492 0.7602 -0.0254
vn -0.6518 0.7575 -0.0369
vn -0.5959 0.7936 -0.1227
vn -0.5974 0.7876 -0.1511
vn -0.6147 0.7692 -0.1749
vn -0.6340 0.7493 -0.1914
vn -0.6209 0.7293 -0.2875
vn -0.6030 0.6771 -0.4218
vn -0.6192 0.6332 -0.4644
vn -0.6430 0.5590 -0.5236
vn -0.6417 0.4515 -0.6200
vn -0.6421 0.3262 -0.6937
vn -0.6443 0.1877 -0.7414
vn -0.6481 0.0414 -0.7605
vn -0.6533 -0.1065 -0.7495
vn -0.6598 -0.2498 -0.7087
vn -0.6673 -0.3822 -0.6392
vn -0.6754 -0.4977 -0.5441
vn -0.6839 -0.5912 -0.4275
vn -0.6923 -0.6588 -0.2946
vn -0.7002 -0.6976 -0.1516
vn -0.7192 -0.6912 -0.0699
vn -0.7121 -0.6990 -0.0657
vn -0.7066 -0.7052 -0.0589
vn -0.7001 -0.7123 -0.0501
vn -0.6988 -0.7143 -0.0393
vn -0.6941 -0.7194 -0.0273
vn -0.6929 -0.7209 -0.0140
vn 0.8455 0.1736 -0.5051
vn 0.2137 -0.9769 0.0000
vn -0.6956 -0.7179 0.0272
vn -0.6958 -0.7171 0.0395
vn -0.7015 -0.7109 0.0500
vn -0.7072 -0.7045 0.0588
vn -0.7111 -0.7000 0.0658
vn -0.7190 -0.6915 0.0699
vn -0.6923 -0.6588 0.2946
vn -0.6430 0.5589 0.5236
vn -0.6191 0.6333 0.4644
vn -0.6208 0.7293 0.2876
vn -0.6341 0.7492 0.1914
vn -0.6146 0.7692 0.1749
vn -0.5973 0.7877 0.1509
vn -0.5960 0.7936 0.1225
vn -0.6521 0.7572 0.0369
vn -0.6488 0.7606 0.0254
vn -0.6471 0.7623 0.0129
vn -0.6461 0.7633 -0.0000
vn -0.6471 0.7623 -0.0129
vn -0.6488 0.7606 -0.0254
vn -0.6521 0.7572 -0.0369
vn -0.5960 0.7936 -0.1225
vn -0.5973 0.7877 -0.1509
vn -0.6146 0.7692 -0.1749
vn -0.6340 0.7492 -0.1914
vn -0.6208 0.7293 -0.2876
vn -0.6191 0.6333 -0.4644
vn -0.6430 0.5589 -0.5236
vn -0.6533 -0.1065 -0.7496
vn -0.7190 -0.6915 -0.0699
vn -0.7111 -0.7000 -0.0658
vn -0.7072 -0.7045 -0.0588
vn -0.7015 -0.7109 -0.0500
vn -0.6958 -0.7171 -0.0395
vn -0.6956 -0.7179 -0.0272
vn -0.5753 -0.4511 -0.6823
vn 0.6851 -0.7284 0.0000
vn 0.1289 0.6701 0.7310
vn -0.0000 0.6367 -0.7711
vn -0.5672 -0.6413 -0.5168
vn -0.5855 0.5100 -0.6302
vn 0.5401 0.5298 -0.6539
vn -0.5436 -0.6679 0.5084
vn 0.5561 -0.6781 0.4805
vn -0.5952 0.5182 -0.6142
vn -0.5855 0.5100 0.6302
vn 0.5680 0.5240 0.6347
vn -0.6079 -0.6817 -0.4071
vn 0.6079 -0.6817 -0.4071
vn -0.5680 0.5240 0.6347
vn 0.6033 -0.2060 0.7704
vn -0.4753 -0.2060 0.8554
vn 0.5496 -0.6733 -0.4946
vn -0.5496 -0.6733 -0.4946
vn -0.5672 -0.6413 0.5168
vn 0.0000 0.6367 0.7711
vn 0.5984 -0.4331 0.6741
vn 0.2010 -0.9796 -0.0000
vn 0.1971 -0.9796 0.0392
vn 0.1857 -0.9796 0.0769
vn 0.1671 -0.9796 0.1116
vn 0.1421 -0.9796 0.1421
vn 0.1117 -0.9796 0.1671
vn 0.0769 -0.9796 0.1857
vn 0.0392 -0.9796 0.1971
vn 0.0757 -0.9217 0.3804
vn 0.1092 -0.8286 0.5490
vn 0.1385 -0.7041 0.6965
vn 0.1626 -0.5528 0.8173
vn 0.1804 -0.3805 0.9070
vn 0.1914 -0.1939 0.9622
vn 0.1951 0.0000 0.9808
vn 0.1914 0.1939 0.9622
vn 0.1804 0.3805 0.9070
vn 0.1626 0.5528 0.8173
vn 0.1385 0.7041 0.6965
vn 0.2718 0.7041 0.6561
vn 0.2142 0.8286 0.5172
vn 0.1484 0.9217 0.3584
vn 0.2155 0.9217 0.3225
vn 0.2743 0.9217 0.2743
vn 0.3225 0.9217 0.2155
vn 0.1671 0.9796 0.1116
vn 0.1856 0.9796 0.0769
vn 0.1971 0.9796 0.0392
vn 0.2010 0.9796 -0.0000
vn 0.1971 0.9796 -0.0392
vn 0.1856 0.9796 -0.0769
vn 0.1671 0.9796 -0.1116
vn 0.3225 0.9217 -0.2155
vn 0.2743 0.9217 -0.2743
vn 0.2155 0.9217 -0.3225
vn 0.1484 0.9217 -0.3583
vn 0.2142 0.8286 -0.5172
vn 0.2718 0.7041 -0.6561
vn 0.1385 0.7041 -0.6965
vn 0.1626 0.5528 -0.8173
vn 0.1804 0.3805 -0.9070
vn 0.1914 0.1939 -0.9622
vn 0.1951 0.0000 -0.9808
vn 0.1914 -0.1939 -0.9622
vn 0.1804 -0.3805 -0.9070
vn 0.1626 -0.5528 -0.8173
vn 0.1385 -0.7041 -0.6965
vn 0.1092 -0.8286 -0.5490
vn 0.0757 -0.9217 -0.3804
vn 0.0392 -0.9796 -0.1971
vn 0.0769 -0.9796 -0.1857
vn 0.1117 -0.9796 -0.1671
vn 0.1421 -0.9796 -0.1421
vn 0.1671 -0.9796 -0.1116
vn 0.1857 -0.9796 -0.0769
vn 0.1971 -0.9796 -0.0392
vn 0.1951 -0.0000 0.9808
vn 0.1671 0.9796 0.1117
vn 0.1857 0.9796 0.0769
vn 0.1857 0.9796 -0.0769
vn 0.1671 0.9796 -0.1117
vn 0.1485 0.9217 -0.3584
vn 0.1116 -0.9796 -0.1671
vn 0.5984 -0.4331 -0.6741
vn -0.3712 0.6700 -0.6429
vn -0.7284 0.6851 -0.0000
vn -0.6370 -0.2345 -0.7344
vn -0.5940 0.7820 -0.1886
vn 0.5142 -0.2345 -0.8250
vn 0.5571 0.7821 -0.2790
vn -0.5774 -0.2345 0.7821
vn -0.5774 0.7821 0.2345
vn -0.5774 0.2345 -0.7821
vn 0.5774 0.2345 -0.7821
vn 0.5774 -0.2345 0.7821
vn 0.5774 0.7821 0.2345
vn -0.3712 0.6700 0.6429
vn 0.3804 -0.9217 0.0757
vn 0.3879 -0.9217 -0.0000
vn 0.3584 -0.9217 0.1484
vn 0.3225 -0.9217 0.2155
vn 0.2743 -0.9217 0.2743
vn 0.2155 -0.9217 0.3225
vn 0.1484 -0.9217 0.3584
vn 0.2142 -0.8286 0.5172
vn 0.2718 -0.7041 0.6561
vn 0.3189 -0.5528 0.7699
vn 0.3539 -0.3805 0.8544
vn 0.3754 -0.1939 0.9063
vn 0.3827 0.0000 0.9239
vn 0.3754 0.1939 0.9063
vn 0.3539 0.3805 0.8544
vn 0.3189 0.5528 0.7699
vn 0.3945 0.7041 0.5905
vn 0.3110 0.8286 0.4654
vn 0.3958 0.8286 0.3958
vn 0.4654 0.8286 0.3110
vn 0.3584 0.9217 0.1484
vn 0.3804 0.9217 0.0757
vn 0.3879 0.9217 0.0000
vn 0.3804 0.9217 -0.0757
vn 0.3584 0.9217 -0.1484
vn 0.4654 0.8286 -0.3110
vn 0.3958 0.8286 -0.3958
vn 0.3110 0.8286 -0.4654
vn 0.3945 0.7041 -0.5905
vn 0.3189 0.5528 -0.7699
vn 0.3539 0.3805 -0.8544
vn 0.3754 0.1939 -0.9063
vn 0.3827 0.0000 -0.9239
vn 0.3754 -0.1939 -0.9063
vn 0.3539 -0.3805 -0.8544
vn 0.3189 -0.5528 -0.7699
vn 0.2718 -0.7041 -0.6561
vn 0.2142 -0.8286 -0.5172
vn 0.1484 -0.9217 -0.3584
vn 0.2155 -0.9217 -0.3225
vn 0.2743 -0.9217 -0.2743
vn 0.3225 -0.9217 -0.2155
vn 0.3584 -0.9217 -0.1484
vn 0.3804 -0.9217 -0.0757
vn -1.0000 0.0000 0.0000
vn -0.5687 0.6700 -0.4772
vn -0.5687 0.6700 0.4772
vn 0.5490 -0.8286 0.1092
vn 0.5598 -0.8286 -0.0000
vn 0.5172 -0.8286 0.2142
vn 0.4654 -0.8286 0.3110
vn 0.3958 -0.8286 0.3958
vn 0.3110 -0.8286 0.4654
vn 0.3945 -0.7041 0.5905
vn 0.4630 -0.5528 0.6929
vn 0.5138 -0.3805 0.7689
vn 0.5450 -0.1939 0.8157
vn 0.5556 0.0000 0.8315
vn 0.5450 0.1939 0.8157
vn 0.5138 0.3805 0.7689
vn 0.4630 0.5528 0.6929
vn 0.5021 0.7041 0.5021
vn 0.5905 0.7041 0.3945
vn 0.5172 0.8286 0.2142
vn 0.5490 0.8286 0.1092
vn 0.5598 0.8286 -0.0000
vn 0.5490 0.8286 -0.1092
vn 0.5172 0.8286 -0.2142
vn 0.5905 0.7041 -0.3945
vn 0.5021 0.7041 -0.5021
vn 0.4630 0.5528 -0.6929
vn 0.5138 0.3805 -0.7689
vn 0.5450 0.1939 -0.8157
vn 0.5556 0.0000 -0.8315
vn 0.5450 -0.1939 -0.8157
vn 0.5138 -0.3805 -0.7689
vn 0.4630 -0.5528 -0.6929
vn 0.3945 -0.7041 -0.5905
vn 0.3110 -0.8286 -0.4654
vn 0.3958 -0.8286 -0.3958
vn 0.4654 -0.8286 -0.3110
vn 0.5172 -0.8286 -0.2142
vn 0.5490 -0.8286 -0.1092
vn 0.5556 -0.0000 -0.8315
vn -0.6975 0.6701 -0.2539
vn -0.7423 0.6701 0.0000
vn 0.6965 -0.7041 0.1385
vn 0.7101 -0.7041 -0.0000
vn 0.6561 -0.7041 0.2718
vn 0.5905 -0.7041 0.3945
vn 0.5021 -0.7041 0.5021
vn 0.5893 -0.5528 0.5893
vn 0.6539 -0.3805 0.6539
vn 0.6937 -0.1939 0.6937
vn 0.7071 0.0000 0.7071
vn 0.6937 0.1939 0.6937
vn 0.6539 0.3805 0.6539
vn 0.5893 0.5528 0.5893
vn 0.6929 0.5528 0.4630
vn 0.6561 0.7041 0.2718
vn 0.6965 0.7041 0.1385
vn 0.7101 0.7041 -0.0000
vn 0.6965 0.7041 -0.1385
vn 0.6561 0.7041 -0.2718
vn 0.6929 0.5528 -0.4630
vn 0.5893 0.5528 -0.5893
vn 0.6539 0.3805 -0.6539
vn 0.6937 0.1939 -0.6937
vn 0.7071 0.0000 -0.7071
vn 0.6937 -0.1939 -0.6937
vn 0.6539 -0.3805 -0.6539
vn 0.5893 -0.5528 -0.5893
vn 0.5021 -0.7041 -0.5021
vn 0.5905 -0.7041 -0.3945
vn 0.6561 -0.7041 -0.2718
vn 0.6965 -0.7041 -0.1385
vn 0.8173 -0.5528 0.1626
vn 0.8333 -0.5528 -0.0000
vn 0.7699 -0.5528 0.3189
vn 0.6929 -0.5528 0.4630
vn 0.7689 -0.3805 0.5138
vn 0.8157 -0.1939 0.5450
vn 0.8315 0.0000 0.5556
vn 0.8157 0.1939 0.5450
vn 0.7689 0.3805 0.5138
vn 0.7699 0.5528 0.3189
vn 0.8173 0.5528 0.1626
vn 0.8333 0.5528 -0.0000
vn 0.8173 0.5528 -0.1626
vn 0.7699 0.5528 -0.3189
vn 0.7689 0.3805 -0.5138
vn 0.8157 0.1939 -0.5450
vn 0.8315 -0.0000 -0.5556
vn 0.8157 -0.1939 -0.5450
vn 0.7689 -0.3805 -0.5138
vn 0.6929 -0.5528 -0.4630
vn 0.7699 -0.5528 -0.3189
vn 0.8173 -0.5528 -0.1626
vn 0.8315 0.0000 -0.5556
vn 0.9070 -0.3805 0.1804
vn 0.9248 -0.3805 -0.0000
vn 0.8544 -0.3805 0.3539
vn 0.9063 -0.1939 0.3754
vn 0.9239 0.0000 0.3827
vn 0.9063 0.1939 0.3754
vn 0.8544 0.3805 0.3539
vn 0.9070 0.3805 0.1804
vn 0.9248 0.3805 -0.0000
vn 0.9070 0.3805 -0.1804
vn 0.8544 0.3805 -0.3539
vn 0.9063 0.1939 -0.3754
vn 0.9239 0.0000 -0.3827
vn 0.9063 -0.1939 -0.3754
vn 0.8544 -0.3805 -0.3539
vn 0.9070 -0.3805 -0.1804
vn 0.9622 -0.1939 0.1914
vn 0.9810 -0.1939 -0.0000
vn 0.9808 -0.0000 0.1951
vn 0.9622 0.1939 0.1914
vn 0.9810 0.1939 -0.0000
vn 0.9622 0.1939 -0.1914
vn 0.9808 0.0000 -0.1951
vn 0.9622 -0.1939 -0.1914
vn 0.0000 0.9533 -0.3020
vn -0.5879 -0.3011 0.7508
vn 0.5879 -0.3011 0.7508
vn 0.5879 -0.6785 -0.4405
vn -0.5879 -0.6785 -0.4405
vn 0.0000 -0.9533 0.3020
vn 0.0237 0.9533 0.3011
vn 0.5271 -0.3011 -0.7947
vn -0.6450 -0.3011 -0.7024
vn -0.5515 -0.6785 0.4853
vn 0.6207 -0.6785 0.3930
vn -0.0237 -0.9533 -0.3011
vn -0.6415 -0.4478 0.6228
vn 0.6415 -0.4478 0.6228
vn 0.6415 -0.4478 -0.6228
vn -0.6415 -0.4478 -0.6228
# 576 vertex normals

vt 0.2315 0.2280 0.0000
vt 0.2516 0.3418 0.0000
vt 0.2115 0.3418 0.0000
vt 0.1738 0.3280 0.0000
vt 0.2893 0.3280 0.0000
vt 0.2716 0.4555 0.0000
vt 0.1914 0.4555 0.0000
vt 0.1430 0.3023 0.0000
vt 0.1160 0.4281 0.0000
vt 0.3200 0.3023 0.0000
vt 0.3470 0.4281 0.0000
vt 0.8360 0.6772 0.0000
vt 0.9150 0.6772 0.0000
vt 0.9150 0.6913 0.0000
vt 0.8360 0.6913 0.0000
vt 0.1230 0.2675 0.0000
vt 0.0545 0.3765 0.0000
vt 0.7570 0.6772 0.0000
vt 0.7570 0.6913 0.0000
vt 0.3401 0.2675 0.0000
vt 0.4085 0.3765 0.0000
vt 0.9845 0.6772 0.0000
vt 0.9845 0.6913 0.0000
vt 0.9150 0.7054 0.0000
vt 0.8360 0.7054 0.0000
vt 0.1160 0.2280 0.0000
vt 0.0144 0.3070 0.0000
vt 0.6875 0.6772 0.0000
vt 0.6875 0.6913 0.0000
vt 0.7570 0.7054 0.0000
vt 0.3470 0.2280 0.0000
vt 0.4486 0.3070 0.0000
vt 0.0709 0.4499 0.0000
vt 0.0709 0.5114 0.0000
vt 0.0569 0.5114 0.0000
vt 0.0569 0.4499 0.0000
vt 0.9845 0.7054 0.0000
vt 0.9150 0.7195 0.0000
vt 0.8360 0.7195 0.0000
vt 0.1230 0.1885 0.0000
vt 0.0005 0.2280 0.0000
vt 0.1433 0.7631 0.0000
vt 0.1433 0.8245 0.0000
vt 0.1292 0.8245 0.0000
vt 0.1292 0.7631 0.0000
vt 0.6875 0.7054 0.0000
vt 0.7570 0.7195 0.0000
vt 0.3401 0.1885 0.0000
vt 0.4625 0.2280 0.0000
vt 0.0709 0.5868 0.0000
vt 0.0569 0.5868 0.0000
vt 0.0428 0.5114 0.0000
vt 0.0428 0.4499 0.0000
vt 0.9845 0.7195 0.0000
vt 0.9150 0.7335 0.0000
vt 0.8360 0.7335 0.0000
vt 0.1430 0.1538 0.0000
vt 0.0144 0.1490 0.0000
vt 0.1433 0.6877 0.0000
vt 0.1292 0.6877 0.0000
vt 0.1151 0.8245 0.0000
vt 0.1151 0.7631 0.0000
vt 0.6875 0.7195 0.0000
vt 0.7570 0.7335 0.0000
vt 0.3200 0.1538 0.0000
vt 0.4486 0.1490 0.0000
vt 0.0709 0.6670 0.0000
vt 0.0569 0.6670 0.0000
vt 0.0428 0.5868 0.0000
vt 0.0287 0.5114 0.0000
vt 0.0287 0.4499 0.0000
vt 0.9845 0.7335 0.0000
vt 0.9150 0.7476 0.0000
vt 0.8360 0.7476 0.0000
vt 0.1738 0.1280 0.0000
vt 0.0545 0.0795 0.0000
vt 0.1433 0.6074 0.0000
vt 0.1292 0.6074 0.0000
vt 0.1151 0.6877 0.0000
vt 0.1010 0.8245 0.0000
vt 0.1010 0.7631 0.0000
vt 0.6875 0.7335 0.0000
vt 0.7570 0.7476 0.0000
vt 0.2893 0.1280 0.0000
vt 0.4085 0.0795 0.0000
vt 0.0709 0.7424 0.0000
vt 0.0569 0.7424 0.0000
vt 0.0428 0.6670 0.0000
vt 0.0287 0.5868 0.0000
vt 0.0146 0.5114 0.0000
vt 0.0146 0.4499 0.0000
vt 0.9845 0.7476 0.0000
vt 0.7131 0.4555 0.0000
vt 0.6377 0.4281 0.0000
vt 0.6955 0.3280 0.0000
vt 0.7332 0.3418 0.0000
vt 0.2115 0.1143 0.0000
vt 0.1160 0.0279 0.0000
vt 0.1433 0.5320 0.0000
vt 0.1292 0.5320 0.0000
vt 0.1151 0.6074 0.0000
vt 0.1010 0.6877 0.0000
vt 0.0869 0.8245 0.0000
vt 0.0869 0.7631 0.0000
vt 0.6875 0.7476 0.0000
vt 0.7934 0.4555 0.0000
vt 0.7733 0.3418 0.0000
vt 0.2516 0.1143 0.0000
vt 0.3470 0.0279 0.0000
vt 0.0709 0.8039 0.0000
vt 0.0569 0.8039 0.0000
vt 0.0428 0.7424 0.0000
vt 0.0287 0.6670 0.0000
vt 0.0146 0.5868 0.0000
vt 0.0005 0.5114 0.0000
vt 0.0005 0.4499 0.0000
vt 0.5763 0.3765 0.0000
vt 0.6648 0.3023 0.0000
vt 0.7413 0.2957 0.0000
vt 0.7167 0.2913 0.0000
vt 0.1914 0.0005 0.0000
vt 0.1433 0.4706 0.0000
vt 0.1292 0.4706 0.0000
vt 0.1151 0.5320 0.0000
vt 0.1010 0.6074 0.0000
vt 0.0869 0.6877 0.0000
vt 0.0728 0.8245 0.0000
vt 0.0728 0.7631 0.0000
vt 0.8688 0.4281 0.0000
vt 0.8110 0.3280 0.0000
vt 0.7659 0.3000 0.0000
vt 0.2716 0.0005 0.0000
vt 0.6875 0.7495 0.0000
vt 0.7570 0.7495 0.0000
vt 0.7570 0.7636 0.0000
vt 0.6875 0.7636 0.0000
vt 0.0428 0.8039 0.0000
vt 0.0287 0.7424 0.0000
vt 0.0146 0.6670 0.0000
vt 0.0005 0.5868 0.0000
vt 0.6519 0.2799 0.0000
vt 0.5362 0.3070 0.0000
vt 0.6241 0.2750 0.0000
vt 0.6845 0.2857 0.0000
vt 0.3619 0.6379 0.0000
vt 0.1451 0.7684 0.0000
vt 0.1451 0.7297 0.0000
vt 0.1451 0.7015 0.0000
vt 0.1451 0.6683 0.0000
vt 0.1451 0.6357 0.0000
vt 0.1451 0.6107 0.0000
vt 0.1451 0.5857 0.0000
vt 0.1451 0.5530 0.0000
vt 0.1451 0.5198 0.0000
vt 0.1451 0.4917 0.0000
vt 0.1451 0.4706 0.0000
vt 0.3615 0.5458 0.0000
vt 0.9150 0.7495 0.0000
vt 0.9845 0.7495 0.0000
vt 0.9845 0.7636 0.0000
vt 0.9150 0.7636 0.0000
vt 0.1151 0.4706 0.0000
vt 0.1010 0.5320 0.0000
vt 0.0869 0.6074 0.0000
vt 0.0728 0.6877 0.0000
vt 0.8585 0.3163 0.0000
vt 0.9302 0.3765 0.0000
vt 0.8308 0.3114 0.0000
vt 0.7981 0.3057 0.0000
vt 0.8360 0.7495 0.0000
vt 0.8360 0.7636 0.0000
vt 0.7570 0.7777 0.0000
vt 0.6875 0.7777 0.0000
vt 0.0287 0.8039 0.0000
vt 0.0146 0.7424 0.0000
vt 0.0005 0.6670 0.0000
vt 0.5222 0.2280 0.0000
vt 0.6110 0.2280 0.0000
vt 0.6033 0.2713 0.0000
vt 0.4904 0.7753 0.0000
vt 0.4904 0.8477 0.0000
vt 0.3983 0.8477 0.0000
vt 0.3983 0.7753 0.0000
vt 0.7702 0.8568 0.0000
vt 0.7917 0.8533 0.0000
vt 0.7917 0.9219 0.0000
vt 0.7989 0.9219 0.0000
vt 0.7989 0.8528 0.0000
vt 0.7950 0.8528 0.0000
vt 0.9869 0.8218 0.0000
vt 0.9869 0.8336 0.0000
vt 0.9869 0.8892 0.0000
vt 0.9869 0.9301 0.0000
vt 0.7702 0.9292 0.0000
vt 0.9703 0.3070 0.0000
vt 0.8967 0.3231 0.0000
vt 0.9038 0.2828 0.0000
vt 0.2220 0.9083 0.0000
vt 0.2220 0.9807 0.0000
vt 0.0057 0.9816 0.0000
vt 0.0057 0.9376 0.0000
vt 0.0057 0.8882 0.0000
vt 0.0057 0.8735 0.0000
vt 0.0329 0.8876 0.0000
vt 0.0329 0.9739 0.0000
vt 0.0507 0.9739 0.0000
vt 0.0507 0.8876 0.0000
vt 0.1971 0.9043 0.0000
vt 0.0802 0.9043 0.0000
vt 0.0802 0.9734 0.0000
vt 0.2060 0.9734 0.0000
vt 0.2060 0.9058 0.0000
vt 0.9845 0.7777 0.0000
vt 0.9150 0.7777 0.0000
vt 0.1010 0.4706 0.0000
vt 0.0869 0.5320 0.0000
vt 0.0728 0.6074 0.0000
vt 0.8360 0.7777 0.0000
vt 0.7570 0.7918 0.0000
vt 0.6875 0.7918 0.0000
vt 0.0146 0.8039 0.0000
vt 0.0005 0.7424 0.0000
vt 0.5362 0.1490 0.0000
vt 0.6195 0.1793 0.0000
vt 0.5906 0.6736 0.0000
vt 0.7062 0.4817 0.0000
vt 0.7065 0.4817 0.0000
vt 0.7086 0.4786 0.0000
vt 0.7082 0.4784 0.0000
vt 0.7212 0.4569 0.0000
vt 0.8133 0.4572 0.0000
vt 0.8189 0.4733 0.0000
vt 0.8029 0.4813 0.0000
vt 0.8033 0.4821 0.0000
vt 0.8220 0.4822 0.0000
vt 0.8885 0.6736 0.0000
vt 0.8551 0.6736 0.0000
vt 0.8167 0.6736 0.0000
vt 0.7815 0.6736 0.0000
vt 0.7628 0.6736 0.0000
vt 0.7484 0.6736 0.0000
vt 0.7340 0.6736 0.0000
vt 0.7152 0.6736 0.0000
vt 0.6799 0.6736 0.0000
vt 0.6417 0.6736 0.0000
vt 0.3776 0.9097 0.0000
vt 0.5125 0.9097 0.0000
vt 0.5125 0.9782 0.0000
vt 0.5128 0.9783 0.0000
vt 0.5128 0.9788 0.0000
vt 0.3776 0.9788 0.0000
vt 0.6803 0.6772 0.0000
vt 0.6855 0.8392 0.0000
vt 0.6288 0.8410 0.0000
vt 0.6204 0.8409 0.0000
vt 0.6152 0.6785 0.0000
vt 0.2896 0.8548 0.0000
vt 0.2330 0.8548 0.0000
vt 0.2330 0.7857 0.0000
vt 0.2896 0.7857 0.0000
vt 0.5733 0.3879 0.0000
vt 0.7039 0.4856 0.0000
vt 0.6723 0.5326 0.0000
vt 0.5377 0.4424 0.0000
vt 0.5406 0.4380 0.0000
vt 0.5476 0.4380 0.0000
vt 0.5478 0.4270 0.0000
vt 0.9703 0.1490 0.0000
vt 0.9843 0.2280 0.0000
vt 0.9134 0.2280 0.0000
vt 0.9155 0.2164 0.0000
vt 0.8652 0.2076 0.0000
vt 0.8618 0.1885 0.0000
vt 0.5763 0.0795 0.0000
vt 0.6648 0.1538 0.0000
vt 0.6550 0.1707 0.0000
vt 0.6221 0.1649 0.0000
vt 0.0057 0.4456 0.0000
vt 0.0057 0.4447 0.0000
vt 0.0920 0.4447 0.0000
vt 0.0920 0.4456 0.0000
vt 0.9006 0.4554 0.0000
vt 0.9016 0.4551 0.0000
vt 0.9297 0.5394 0.0000
vt 0.9111 0.5457 0.0000
vt 0.8838 0.4639 0.0000
vt 0.6034 0.9045 0.0000
vt 0.6034 0.9809 0.0000
vt 0.5171 0.9809 0.0000
vt 0.5171 0.9045 0.0000
vt 0.5338 0.9082 0.0000
vt 0.5338 0.9659 0.0000
vt 0.6029 0.9659 0.0000
vt 0.6029 0.9082 0.0000
vt 0.6089 0.0460 0.0000
vt 0.5228 0.0484 0.0000
vt 0.5222 0.0288 0.0000
vt 0.6111 0.0263 0.0000
vt 0.6111 0.0273 0.0000
vt 0.8610 0.4519 0.0000
vt 0.9342 0.5965 0.0000
vt 0.8766 0.6266 0.0000
vt 0.8626 0.5990 0.0000
vt 0.7547 0.9682 0.0000
vt 0.7547 0.9406 0.0000
vt 0.8238 0.9406 0.0000
vt 0.8238 0.9682 0.0000
vt 0.1813 0.8023 0.0000
vt 0.1658 0.7578 0.0000
vt 0.2846 0.6976 0.0000
vt 0.3138 0.6875 0.0000
vt 0.3344 0.7493 0.0000
vt 0.4821 0.3950 0.0000
vt 0.4241 0.3950 0.0000
vt 0.4241 0.3949 0.0000
vt 0.4400 0.3936 0.0000
vt 0.4400 0.3259 0.0000
vt 0.4821 0.3259 0.0000
vt 0.9845 0.7918 0.0000
vt 0.9150 0.7918 0.0000
vt 0.0869 0.4706 0.0000
vt 0.0728 0.5320 0.0000
vt 0.8360 0.7918 0.0000
vt 0.7570 0.8059 0.0000
vt 0.6875 0.8059 0.0000
vt 0.0005 0.8039 0.0000
vt 0.4238 0.4833 0.0000
vt 0.4201 0.4833 0.0000
vt 0.4201 0.4828 0.0000
vt 0.4135 0.4829 0.0000
vt 0.4135 0.4828 0.0000
vt 0.4143 0.4828 0.0000
vt 0.6928 0.1773 0.0000
vt 0.6955 0.1280 0.0000
vt 0.7275 0.1834 0.0000
vt 0.7332 0.1143 0.0000
vt 0.7460 0.1866 0.0000
vt 0.7733 0.1143 0.0000
vt 0.7601 0.1891 0.0000
vt 0.8110 0.1280 0.0000
vt 0.7743 0.1916 0.0000
vt 0.8417 0.1538 0.0000
vt 0.7927 0.1949 0.0000
vt 0.8275 0.2010 0.0000
vt 0.5984 0.7598 0.0000
vt 0.5721 0.7785 0.0000
vt 0.5030 0.7785 0.0000
vt 0.5030 0.8330 0.0000
vt 0.5721 0.8330 0.0000
vt 0.5721 0.7939 0.0000
vt 0.5875 0.7939 0.0000
vt 0.5875 0.7829 0.0000
vt 0.5721 0.7829 0.0000
vt 0.5984 0.8433 0.0000
vt 0.5016 0.8433 0.0000
vt 0.5016 0.7598 0.0000
vt 0.3466 0.7030 0.0000
vt 0.4812 0.7030 0.0000
vt 0.4812 0.7721 0.0000
vt 0.3466 0.7721 0.0000
vt 0.0127 0.3053 0.0000
vt 0.0127 0.3207 0.0000
vt 0.0057 0.3207 0.0000
vt 0.0057 0.3053 0.0000
vt 0.9302 0.0795 0.0000
vt 0.6377 0.0279 0.0000
vt 0.3001 0.7753 0.0000
vt 0.3865 0.7753 0.0000
vt 0.3865 0.8542 0.0000
vt 0.3001 0.8542 0.0000
vt 0.9768 0.6654 0.0000
vt 0.9768 0.5791 0.0000
vt 0.9942 0.5791 0.0000
vt 0.9942 0.6654 0.0000
vt 0.3723 0.9788 0.0000
vt 0.2278 0.9788 0.0000
vt 0.2278 0.9097 0.0000
vt 0.3723 0.9097 0.0000
vt 0.9845 0.8059 0.0000
vt 0.9150 0.8059 0.0000
vt 0.0728 0.4706 0.0000
vt 0.8360 0.8059 0.0000
vt 0.7570 0.8200 0.0000
vt 0.6875 0.8200 0.0000
vt 0.7131 0.0005 0.0000
vt 0.7934 0.0005 0.0000
vt 0.8688 0.0279 0.0000
vt 0.4529 0.0263 0.0000
vt 0.4529 0.1231 0.0000
vt 0.4344 0.1231 0.0000
vt 0.4344 0.0263 0.0000
vt 0.0418 0.0838 0.0000
vt 0.0419 0.0728 0.0000
vt 0.0490 0.0729 0.0000
vt 0.0271 0.3311 0.0000
vt 0.0493 0.4283 0.0000
vt 0.0278 0.4332 0.0000
vt 0.0057 0.3360 0.0000
vt 0.0005 0.1231 0.0000
vt 0.0005 0.0263 0.0000
vt 0.0189 0.0263 0.0000
vt 0.0189 0.1231 0.0000
vt 0.9990 0.4269 0.0000
vt 0.8993 0.4254 0.0000
vt 0.8996 0.4034 0.0000
vt 0.9993 0.4049 0.0000
vt 0.9845 0.8200 0.0000
vt 0.9150 0.8200 0.0000
vt 0.8360 0.8200 0.0000
vt 0.5858 0.6204 0.0000
vt 0.5722 0.6312 0.0000
vt 0.5105 0.6312 0.0000
vt 0.5105 0.6991 0.0000
vt 0.5722 0.6991 0.0000
vt 0.5858 0.7172 0.0000
vt 0.4861 0.7172 0.0000
vt 0.4861 0.6204 0.0000
vt 0.4142 0.0658 0.0000
vt 0.4086 0.0658 0.0000
vt 0.3569 0.0320 0.0000
vt 0.3570 0.0263 0.0000
vt 0.4146 0.0270 0.0000
vt 0.7175 0.2020 0.0000
vt 0.7175 0.1964 0.0000
vt 0.7854 0.1964 0.0000
vt 0.7854 0.2020 0.0000
vt 0.9045 0.0324 0.0000
vt 0.9045 0.0268 0.0000
vt 0.9433 0.0263 0.0000
vt 0.9440 0.0840 0.0000
vt 0.9383 0.0840 0.0000
vt 0.7175 0.2082 0.0000
vt 0.7175 0.2025 0.0000
vt 0.7854 0.2025 0.0000
vt 0.7854 0.2082 0.0000
vt 0.7175 0.2087 0.0000
vt 0.7854 0.2087 0.0000
vt 0.7485 0.2273 0.0000
vt 0.7479 0.2240 0.0000
vt 0.7463 0.2211 0.0000
vt 0.7437 0.2190 0.0000
vt 0.7406 0.2178 0.0000
vt 0.7372 0.2178 0.0000
vt 0.7341 0.2190 0.0000
vt 0.7315 0.2211 0.0000
vt 0.7299 0.2240 0.0000
vt 0.7293 0.2273 0.0000
vt 0.7299 0.2306 0.0000
vt 0.7315 0.2335 0.0000
vt 0.7341 0.2356 0.0000
vt 0.7372 0.2368 0.0000
vt 0.7406 0.2368 0.0000
vt 0.7437 0.2356 0.0000
vt 0.7463 0.2335 0.0000
vt 0.7479 0.2306 0.0000
vt 0.7854 0.2476 0.0000
vt 0.7175 0.2476 0.0000
vt 0.1090 0.8270 0.0000
vt 0.1769 0.8270 0.0000
vt 0.1769 0.8846 0.0000
vt 0.1090 0.8846 0.0000
vt 0.9933 0.2020 0.0000
vt 0.9933 0.2041 0.0000
vt 0.9900 0.2041 0.0000
vt 0.9900 0.2020 0.0000
vt 0.9871 0.2041 0.0000
vt 0.9871 0.2020 0.0000
vt 0.9709 0.4706 0.0000
vt 0.9709 0.4727 0.0000
vt 0.9683 0.4727 0.0000
vt 0.9683 0.4706 0.0000
vt 0.9652 0.4727 0.0000
vt 0.9652 0.4706 0.0000
vt 0.9618 0.4727 0.0000
vt 0.9618 0.4706 0.0000
vt 0.9587 0.4727 0.0000
vt 0.9587 0.4706 0.0000
vt 0.9561 0.4727 0.0000
vt 0.9561 0.4706 0.0000
vt 0.9995 0.0005 0.0000
vt 0.9995 0.0026 0.0000
vt 0.9966 0.0026 0.0000
vt 0.9966 0.0005 0.0000
vt 0.9933 0.0026 0.0000
vt 0.9933 0.0006 0.0000
vt 0.9900 0.0026 0.0000
vt 0.9900 0.0006 0.0000
vt 0.9871 0.0026 0.0000
vt 0.9871 0.0006 0.0000
vt 0.9502 0.4706 0.0000
vt 0.9502 0.4725 0.0000
vt 0.9477 0.4725 0.0000
vt 0.9477 0.4706 0.0000
vt 0.9445 0.4725 0.0000
vt 0.9445 0.4706 0.0000
vt 0.9412 0.4725 0.0000
vt 0.9412 0.4706 0.0000
vt 0.9380 0.4725 0.0000
vt 0.9380 0.4706 0.0000
vt 0.9355 0.4725 0.0000
vt 0.9355 0.4706 0.0000
vt 0.9995 0.2021 0.0000
vt 0.9995 0.2041 0.0000
vt 0.9966 0.2041 0.0000
vt 0.9966 0.2021 0.0000
vt 0.9933 0.2513 0.0000
vt 0.9900 0.2513 0.0000
vt 0.9871 0.2513 0.0000
vt 0.9709 0.5200 0.0000
vt 0.9683 0.5200 0.0000
vt 0.9652 0.5200 0.0000
vt 0.9618 0.5200 0.0000
vt 0.9587 0.5200 0.0000
vt 0.9561 0.5200 0.0000
vt 0.9995 0.0499 0.0000
vt 0.9966 0.0499 0.0000
vt 0.9933 0.0499 0.0000
vt 0.9900 0.0499 0.0000
vt 0.9871 0.0499 0.0000
vt 0.9502 0.5198 0.0000
vt 0.9477 0.5198 0.0000
vt 0.9445 0.5198 0.0000
vt 0.9412 0.5198 0.0000
vt 0.9380 0.5198 0.0000
vt 0.9355 0.5198 0.0000
vt 0.9995 0.2513 0.0000
vt 0.9966 0.2513 0.0000
vt 0.9933 0.2986 0.0000
vt 0.9900 0.2986 0.0000
vt 0.9871 0.2986 0.0000
vt 0.9709 0.5673 0.0000
vt 0.9683 0.5673 0.0000
vt 0.9652 0.5673 0.0000
vt 0.9618 0.5673 0.0000
vt 0.9587 0.5673 0.0000
vt 0.9561 0.5673 0.0000
vt 0.9995 0.0972 0.0000
vt 0.9966 0.0972 0.0000
vt 0.9933 0.0972 0.0000
vt 0.9900 0.0972 0.0000
vt 0.9871 0.0972 0.0000
vt 0.9502 0.5671 0.0000
vt 0.9477 0.5671 0.0000
vt 0.9445 0.5671 0.0000
vt 0.9412 0.5671 0.0000
vt 0.9380 0.5671 0.0000
vt 0.9355 0.5671 0.0000
vt 0.9995 0.2986 0.0000
vt 0.9966 0.2986 0.0000
vt 0.9933 0.3459 0.0000
vt 0.9900 0.3459 0.0000
vt 0.9871 0.3459 0.0000
vt 0.9709 0.6146 0.0000
vt 0.9683 0.6146 0.0000
vt 0.9652 0.6146 0.0000
vt 0.9618 0.6146 0.0000
vt 0.9587 0.6146 0.0000
vt 0.9561 0.6146 0.0000
vt 0.9995 0.1445 0.0000
vt 0.9966 0.1445 0.0000
vt 0.9933 0.1445 0.0000
vt 0.9900 0.1445 0.0000
vt 0.9871 0.1445 0.0000
vt 0.9502 0.6144 0.0000
vt 0.9477 0.6144 0.0000
vt 0.9445 0.6144 0.0000
vt 0.9412 0.6144 0.0000
vt 0.9380 0.6144 0.0000
vt 0.9355 0.6144 0.0000
vt 0.9995 0.3459 0.0000
vt 0.9966 0.3459 0.0000
vt 0.9900 0.3893 0.0000
vt 0.9933 0.3894 0.0000
vt 0.9871 0.3893 0.0000
vt 0.9683 0.6579 0.0000
vt 0.9709 0.6579 0.0000
vt 0.9652 0.6579 0.0000
vt 0.9618 0.6579 0.0000
vt 0.9587 0.6579 0.0000
vt 0.9561 0.6579 0.0000
vt 0.9966 0.1879 0.0000
vt 0.9995 0.1878 0.0000
vt 0.9933 0.1879 0.0000
vt 0.9900 0.1880 0.0000
vt 0.9871 0.1880 0.0000
vt 0.9477 0.6580 0.0000
vt 0.9502 0.6580 0.0000
vt 0.9445 0.6580 0.0000
vt 0.9412 0.6580 0.0000
vt 0.9380 0.6580 0.0000
vt 0.9355 0.6580 0.0000
vt 0.9966 0.3894 0.0000
vt 0.9995 0.3895 0.0000
vt 0.5961 0.7555 0.0000
vt 0.5478 0.7413 0.0000
vt 0.5511 0.7407 0.0000
vt 0.5540 0.7390 0.0000
vt 0.5561 0.7365 0.0000
vt 0.5573 0.7333 0.0000
vt 0.5573 0.7300 0.0000
vt 0.5561 0.7268 0.0000
vt 0.5540 0.7243 0.0000
vt 0.5511 0.7226 0.0000
vt 0.5478 0.7220 0.0000
vt 0.5445 0.7226 0.0000
vt 0.5416 0.7243 0.0000
vt 0.5395 0.7268 0.0000
vt 0.5383 0.7300 0.0000
vt 0.5383 0.7333 0.0000
vt 0.5395 0.7365 0.0000
vt 0.5416 0.7390 0.0000
vt 0.5445 0.7407 0.0000
vt 0.4964 0.7555 0.0000
vt 0.4964 0.7185 0.0000
vt 0.5961 0.7185 0.0000
vt 0.2544 0.9007 0.0000
vt 0.2175 0.9007 0.0000
vt 0.2175 0.8787 0.0000
vt 0.2544 0.8787 0.0000
vt 0.5226 0.0005 0.0000
vt 0.6223 0.0021 0.0000
vt 0.6219 0.0242 0.0000
vt 0.5222 0.0225 0.0000
vt 0.2957 0.8904 0.0000
vt 0.2588 0.8904 0.0000
vt 0.2588 0.8683 0.0000
vt 0.2957 0.8683 0.0000
vt 0.8632 0.0021 0.0000
vt 0.9628 0.0005 0.0000
vt 0.9632 0.0225 0.0000
vt 0.8635 0.0242 0.0000
vt 0.4861 0.2691 0.0000
vt 0.5230 0.2691 0.0000
vt 0.5230 0.3688 0.0000
vt 0.4861 0.3688 0.0000
vt 0.6836 0.9150 0.0000
vt 0.6491 0.9276 0.0000
vt 0.6468 0.9150 0.0000
vt 0.6491 0.9024 0.0000
vt 0.6555 0.9386 0.0000
vt 0.6145 0.9402 0.0000
vt 0.6100 0.9150 0.0000
vt 0.6555 0.8913 0.0000
vt 0.6145 0.8898 0.0000
vt 0.6652 0.9469 0.0000
vt 0.6273 0.9623 0.0000
vt 0.9786 0.0736 0.0000
vt 0.9786 0.0988 0.0000
vt 0.9741 0.0988 0.0000
vt 0.9741 0.0736 0.0000
vt 0.6652 0.8831 0.0000
vt 0.6273 0.8677 0.0000
vt 0.9786 0.0485 0.0000
vt 0.9741 0.0485 0.0000
vt 0.6773 0.9512 0.0000
vt 0.6468 0.9787 0.0000
vt 0.9786 0.1210 0.0000
vt 0.9741 0.1210 0.0000
vt 0.9696 0.0988 0.0000
vt 0.9696 0.0736 0.0000
vt 0.6773 0.8787 0.0000
vt 0.6468 0.8512 0.0000
vt 0.9786 0.0263 0.0000
vt 0.9741 0.0263 0.0000
vt 0.9696 0.0485 0.0000
vt 0.6900 0.9512 0.0000
vt 0.6709 0.9875 0.0000
vt 0.0005 0.0005 0.0000
vt 0.0201 0.0005 0.0000
vt 0.0201 0.0050 0.0000
vt 0.0005 0.0050 0.0000
vt 0.9696 0.1210 0.0000
vt 0.9651 0.0988 0.0000
vt 0.9651 0.0736 0.0000
vt 0.6900 0.8787 0.0000
vt 0.6709 0.8425 0.0000
vt 0.4295 0.0005 0.0000
vt 0.4490 0.0005 0.0000
vt 0.4490 0.0050 0.0000
vt 0.4295 0.0050 0.0000
vt 0.9696 0.0263 0.0000
vt 0.9651 0.0485 0.0000
vt 0.7021 0.9469 0.0000
vt 0.6964 0.9875 0.0000
vt 0.0441 0.0005 0.0000
vt 0.0441 0.0050 0.0000
vt 0.0201 0.0095 0.0000
vt 0.0005 0.0095 0.0000
vt 0.9651 0.1210 0.0000
vt 0.9606 0.0988 0.0000
vt 0.9606 0.0736 0.0000
vt 0.7021 0.8831 0.0000
vt 0.6964 0.8425 0.0000
vt 0.4054 0.0005 0.0000
vt 0.4054 0.0050 0.0000
vt 0.4490 0.0095 0.0000
vt 0.4295 0.0095 0.0000
vt 0.9651 0.0263 0.0000
vt 0.9606 0.0485 0.0000
vt 0.7118 0.9386 0.0000
vt 0.7205 0.9787 0.0000
vt 0.0697 0.0005 0.0000
vt 0.0697 0.0050 0.0000
vt 0.0441 0.0095 0.0000
vt 0.0201 0.0140 0.0000
vt 0.0005 0.0140 0.0000
vt 0.9606 0.1210 0.0000
vt 0.9561 0.0988 0.0000
vt 0.9561 0.0736 0.0000
vt 0.7118 0.8913 0.0000
vt 0.7205 0.8512 0.0000
vt 0.3799 0.0005 0.0000
vt 0.3799 0.0050 0.0000
vt 0.4054 0.0095 0.0000
vt 0.4490 0.0140 0.0000
vt 0.4295 0.0140 0.0000
vt 0.9606 0.0263 0.0000
vt 0.9561 0.0485 0.0000
vt 0.7182 0.9276 0.0000
vt 0.7400 0.9623 0.0000
vt 0.0937 0.0005 0.0000
vt 0.0937 0.0050 0.0000
vt 0.0697 0.0095 0.0000
vt 0.0441 0.0140 0.0000
vt 0.0201 0.0185 0.0000
vt 0.0005 0.0185 0.0000
vt 0.9561 0.1210 0.0000
vt 0.4139 0.5455 0.0000
vt 0.3887 0.5410 0.0000
vt 0.4013 0.5064 0.0000
vt 0.4139 0.5087 0.0000
vt 0.7182 0.9024 0.0000
vt 0.7400 0.8677 0.0000
vt 0.3558 0.0005 0.0000
vt 0.3558 0.0050 0.0000
vt 0.3799 0.0095 0.0000
vt 0.4054 0.0140 0.0000
vt 0.4490 0.0185 0.0000
vt 0.4295 0.0185 0.0000
vt 0.9561 0.0263 0.0000
vt 0.4391 0.5410 0.0000
vt 0.4265 0.5064 0.0000
vt 0.7205 0.9150 0.0000
vt 0.7528 0.9402 0.0000
vt 0.1133 0.0005 0.0000
vt 0.1133 0.0050 0.0000
vt 0.0937 0.0095 0.0000
vt 0.0697 0.0140 0.0000
vt 0.0441 0.0185 0.0000
vt 0.0201 0.0229 0.0000
vt 0.0005 0.0229 0.0000
vt 0.3666 0.5282 0.0000
vt 0.3903 0.5001 0.0000
vt 0.4139 0.4856 0.0000
vt 0.4089 0.4856 0.0000
vt 0.7528 0.8898 0.0000
vt 0.3363 0.0005 0.0000
vt 0.3363 0.0050 0.0000
vt 0.3558 0.0095 0.0000
vt 0.3799 0.0140 0.0000
vt 0.4054 0.0185 0.0000
vt 0.4490 0.0229 0.0000
vt 0.4295 0.0229 0.0000
vt 0.4612 0.5282 0.0000
vt 0.4376 0.5001 0.0000
vt 0.4189 0.4856 0.0000
vt 0.7573 0.9150 0.0000
vt 0.9992 0.4706 0.0000
vt 0.9992 0.4927 0.0000
vt 0.9948 0.4927 0.0000
vt 0.9948 0.4706 0.0000
vt 0.1133 0.0095 0.0000
vt 0.0937 0.0140 0.0000
vt 0.0697 0.0185 0.0000
vt 0.0441 0.0229 0.0000
vt 0.3502 0.5087 0.0000
vt 0.3820 0.4903 0.0000
vt 0.4024 0.4856 0.0000
vt 0.5750 0.4706 0.0000
vt 0.6013 0.6070 0.0000
vt 0.4706 0.6070 0.0000
vt 0.4969 0.4706 0.0000
vt 0.5022 0.4706 0.0000
vt 0.5120 0.4706 0.0000
vt 0.5203 0.5291 0.0000
vt 0.5311 0.5556 0.0000
vt 0.5026 0.5605 0.0000
vt 0.5025 0.5605 0.0000
vt 0.5024 0.5605 0.0000
vt 0.5023 0.5605 0.0000
vt 0.5022 0.5605 0.0000
vt 0.5019 0.5605 0.0000
vt 0.5011 0.5606 0.0000
vt 0.4998 0.5607 0.0000
vt 0.4971 0.5615 0.0000
vt 0.4946 0.5629 0.0000
vt 0.4925 0.5647 0.0000
vt 0.4907 0.5668 0.0000
vt 0.4894 0.5693 0.0000
vt 0.4886 0.5720 0.0000
vt 0.4883 0.5748 0.0000
vt 0.4886 0.5776 0.0000
vt 0.4894 0.5803 0.0000
vt 0.4908 0.5828 0.0000
vt 0.4926 0.5850 0.0000
vt 0.4934 0.5857 0.0000
vt 0.4948 0.5868 0.0000
vt 0.4974 0.5881 0.0000
vt 0.4978 0.5882 0.0000
vt 0.4996 0.5887 0.0000
vt 0.5005 0.5889 0.0000
vt 0.5006 0.5889 0.0000
vt 0.5012 0.5890 0.0000
vt 0.5017 0.5890 0.0000
vt 0.5022 0.5890 0.0000
vt 0.5026 0.5890 0.0000
vt 0.5030 0.5890 0.0000
vt 0.5034 0.5890 0.0000
vt 0.5039 0.5890 0.0000
vt 0.5045 0.5889 0.0000
vt 0.5046 0.5889 0.0000
vt 0.5056 0.5887 0.0000
vt 0.5074 0.5882 0.0000
vt 0.5077 0.5881 0.0000
vt 0.5103 0.5868 0.0000
vt 0.5117 0.5857 0.0000
vt 0.5126 0.5850 0.0000
vt 0.5144 0.5828 0.0000
vt 0.5157 0.5803 0.0000
vt 0.5165 0.5776 0.0000
vt 0.5168 0.5748 0.0000
vt 0.5166 0.5720 0.0000
vt 0.5158 0.5693 0.0000
vt 0.5145 0.5668 0.0000
vt 0.5127 0.5647 0.0000
vt 0.5105 0.5629 0.0000
vt 0.5080 0.5615 0.0000
vt 0.5054 0.5607 0.0000
vt 0.5040 0.5606 0.0000
vt 0.5033 0.5605 0.0000
vt 0.5030 0.5605 0.0000
vt 0.5029 0.5605 0.0000
vt 0.5028 0.5605 0.0000
vt 0.5027 0.5605 0.0000
vt 0.5389 0.5556 0.0000
vt 0.5656 0.5605 0.0000
vt 0.5655 0.5605 0.0000
vt 0.5654 0.5605 0.0000
vt 0.5653 0.5605 0.0000
vt 0.5652 0.5605 0.0000
vt 0.5649 0.5605 0.0000
vt 0.5641 0.5606 0.0000
vt 0.5628 0.5607 0.0000
vt 0.5601 0.5615 0.0000
vt 0.5576 0.5629 0.0000
vt 0.5555 0.5647 0.0000
vt 0.5537 0.5668 0.0000
vt 0.5524 0.5693 0.0000
vt 0.5516 0.5720 0.0000
vt 0.5513 0.5748 0.0000
vt 0.5516 0.5776 0.0000
vt 0.5524 0.5803 0.0000
vt 0.5538 0.5828 0.0000
vt 0.5556 0.5850 0.0000
vt 0.5564 0.5857 0.0000
vt 0.5578 0.5868 0.0000
vt 0.5605 0.5881 0.0000
vt 0.5608 0.5882 0.0000
vt 0.5626 0.5887 0.0000
vt 0.5636 0.5889 0.0000
vt 0.5642 0.5890 0.0000
vt 0.5647 0.5890 0.0000
vt 0.5652 0.5890 0.0000
vt 0.5656 0.5890 0.0000
vt 0.5660 0.5890 0.0000
vt 0.5664 0.5890 0.0000
vt 0.5669 0.5890 0.0000
vt 0.5675 0.5889 0.0000
vt 0.5676 0.5889 0.0000
vt 0.5686 0.5887 0.0000
vt 0.5704 0.5882 0.0000
vt 0.5707 0.5881 0.0000
vt 0.5733 0.5868 0.0000
vt 0.5748 0.5857 0.0000
vt 0.5756 0.5850 0.0000
vt 0.5774 0.5828 0.0000
vt 0.5787 0.5803 0.0000
vt 0.5796 0.5776 0.0000
vt 0.5799 0.5748 0.0000
vt 0.5796 0.5720 0.0000
vt 0.5788 0.5693 0.0000
vt 0.5775 0.5668 0.0000
vt 0.5757 0.5647 0.0000
vt 0.5735 0.5629 0.0000
vt 0.5711 0.5615 0.0000
vt 0.5684 0.5607 0.0000
vt 0.5670 0.5606 0.0000
vt 0.5663 0.5605 0.0000
vt 0.5660 0.5605 0.0000
vt 0.5659 0.5605 0.0000
vt 0.5658 0.5605 0.0000
vt 0.5657 0.5605 0.0000
vt 0.5497 0.5291 0.0000
vt 0.5432 0.5291 0.0000
vt 0.5268 0.5291 0.0000
vt 0.5242 0.4706 0.0000
vt 0.5308 0.4706 0.0000
vt 0.5357 0.4706 0.0000
vt 0.5407 0.4706 0.0000
vt 0.5472 0.4706 0.0000
vt 0.5595 0.4706 0.0000
vt 0.5693 0.4706 0.0000
vt 0.9992 0.5431 0.0000
vt 0.9992 0.5652 0.0000
vt 0.9948 0.5652 0.0000
vt 0.9948 0.5431 0.0000
vt 0.3363 0.0095 0.0000
vt 0.3558 0.0140 0.0000
vt 0.3799 0.0185 0.0000
vt 0.4054 0.0229 0.0000
vt 0.4777 0.5087 0.0000
vt 0.4458 0.4903 0.0000
vt 0.4254 0.4856 0.0000
vt 0.9992 0.5179 0.0000
vt 0.9948 0.5179 0.0000
vt 0.9903 0.4927 0.0000
vt 0.9903 0.4706 0.0000
vt 0.1133 0.0140 0.0000
vt 0.0937 0.0185 0.0000
vt 0.0697 0.0229 0.0000
vt 0.3414 0.4846 0.0000
vt 0.3746 0.4788 0.0000
vt 0.3746 0.4856 0.0000
vt 0.3803 0.4856 0.0000
vt 0.3902 0.4856 0.0000
vt 0.4634 0.1369 0.0000
vt 0.4551 0.0005 0.0000
vt 0.4691 0.0005 0.0000
vt 0.4693 0.0125 0.0000
vt 0.4885 0.0135 0.0000
vt 0.4883 0.0005 0.0000
vt 0.4967 0.0005 0.0000
vt 0.4883 0.1369 0.0000
vt 0.4816 0.1369 0.0000
vt 0.4677 0.1369 0.0000
vt 0.9861 0.9355 0.0000
vt 0.9861 0.9493 0.0000
vt 0.9773 0.9493 0.0000
vt 0.9773 0.9684 0.0000
vt 0.9861 0.9684 0.0000
vt 0.9861 0.9771 0.0000
vt 0.8553 0.9771 0.0000
vt 0.8553 0.9687 0.0000
vt 0.8638 0.9694 0.0000
vt 0.8653 0.9503 0.0000
vt 0.8553 0.9495 0.0000
vt 0.8553 0.9355 0.0000
vt 0.2020 0.4634 0.0000
vt 0.3383 0.4551 0.0000
vt 0.3383 0.4638 0.0000
vt 0.3282 0.4638 0.0000
vt 0.3282 0.4829 0.0000
vt 0.3383 0.4829 0.0000
vt 0.3383 0.4967 0.0000
vt 0.2020 0.4883 0.0000
vt 0.2020 0.4840 0.0000
vt 0.2020 0.4703 0.0000
vt 0.4864 0.4846 0.0000
vt 0.4475 0.4856 0.0000
vt 0.4528 0.4856 0.0000
vt 0.4528 0.4787 0.0000
vt 0.4376 0.4856 0.0000
vt 0.0005 0.1245 0.0000
vt 0.0092 0.1245 0.0000
vt 0.0036 0.1606 0.0000
vt 0.0021 0.1509 0.0000
vt 0.4236 0.0778 0.0000
vt 0.4211 0.0778 0.0000
vt 0.4212 0.0772 0.0000
vt 0.4236 0.0777 0.0000
vt 0.4213 0.0767 0.0000
vt 0.4216 0.0762 0.0000
vt 0.4236 0.0776 0.0000
vt 0.4219 0.0758 0.0000
vt 0.4236 0.0775 0.0000
vt 0.4224 0.0754 0.0000
vt 0.4236 0.0774 0.0000
vt 0.4228 0.0752 0.0000
vt 0.4236 0.0771 0.0000
vt 0.4234 0.0750 0.0000
vt 0.4236 0.0763 0.0000
vt 0.4236 0.0750 0.0000
vt 0.4228 0.0724 0.0000
vt 0.4236 0.0723 0.0000
vt 0.4224 0.0699 0.0000
vt 0.4235 0.0698 0.0000
vt 0.4219 0.0678 0.0000
vt 0.4234 0.0677 0.0000
vt 0.4237 0.4823 0.0000
vt 0.4222 0.4822 0.0000
vt 0.4220 0.4800 0.0000
vt 0.4237 0.4801 0.0000
vt 0.4219 0.4775 0.0000
vt 0.4237 0.4776 0.0000
vt 0.4220 0.4748 0.0000
vt 0.4237 0.4749 0.0000
vt 0.4221 0.4720 0.0000
vt 0.4238 0.4721 0.0000
vt 0.4224 0.4692 0.0000
vt 0.4238 0.4693 0.0000
vt 0.4227 0.4665 0.0000
vt 0.4238 0.4666 0.0000
vt 0.4231 0.4641 0.0000
vt 0.4238 0.4641 0.0000
vt 0.4236 0.4619 0.0000
vt 0.4238 0.4619 0.0000
vt 0.0502 0.3924 0.0000
vt 0.0500 0.3924 0.0000
vt 0.0502 0.3916 0.0000
vt 0.0481 0.3918 0.0000
vt 0.0489 0.3898 0.0000
vt 0.0501 0.3902 0.0000
vt 0.0499 0.3875 0.0000
vt 0.0500 0.3875 0.0000
vt 0.0500 0.3872 0.0000
vt 0.0489 0.3870 0.0000
vt 0.0500 0.3854 0.0000
vt 0.0481 0.3863 0.0000
vt 0.0500 0.3844 0.0000
vt 0.0474 0.3855 0.0000
vt 0.0497 0.3840 0.0000
vt 0.0500 0.3838 0.0000
vt 0.0494 0.3835 0.0000
vt 0.0500 0.3833 0.0000
vt 0.0492 0.3830 0.0000
vt 0.0500 0.3828 0.0000
vt 0.0492 0.3824 0.0000
vt 0.0500 0.3824 0.0000
vt 0.0492 0.3819 0.0000
vt 0.0500 0.3820 0.0000
vt 0.0494 0.3813 0.0000
vt 0.0500 0.3816 0.0000
vt 0.0497 0.3809 0.0000
vt 0.0500 0.3811 0.0000
vt 0.0500 0.3805 0.0000
vt 0.0474 0.3794 0.0000
vt 0.0481 0.3785 0.0000
vt 0.0500 0.3804 0.0000
vt 0.0489 0.3778 0.0000
vt 0.0500 0.3794 0.0000
vt 0.0499 0.3773 0.0000
vt 0.0500 0.3776 0.0000
vt 0.0500 0.3773 0.0000
vt 0.0489 0.3750 0.0000
vt 0.0501 0.3747 0.0000
vt 0.0481 0.3730 0.0000
vt 0.0500 0.3724 0.0000
vt 0.0502 0.3732 0.0000
vt 0.0502 0.3724 0.0000
vt 0.0418 0.0657 0.0000
vt 0.0418 0.0655 0.0000
vt 0.0440 0.0652 0.0000
vt 0.0440 0.0658 0.0000
vt 0.0465 0.0649 0.0000
vt 0.0465 0.0660 0.0000
vt 0.0492 0.0647 0.0000
vt 0.0492 0.0662 0.0000
vt 0.0520 0.0647 0.0000
vt 0.0520 0.0663 0.0000
vt 0.0548 0.0647 0.0000
vt 0.0548 0.0665 0.0000
vt 0.0575 0.0649 0.0000
vt 0.0575 0.0667 0.0000
vt 0.0600 0.0652 0.0000
vt 0.0600 0.0668 0.0000
vt 0.0622 0.0655 0.0000
vt 0.0622 0.0670 0.0000
vt 0.4234 0.0879 0.0000
vt 0.4219 0.0877 0.0000
vt 0.4224 0.0856 0.0000
vt 0.4235 0.0857 0.0000
vt 0.4228 0.0832 0.0000
vt 0.4236 0.0832 0.0000
vt 0.4234 0.0805 0.0000
vt 0.4236 0.0805 0.0000
vt 0.4236 0.0792 0.0000
vt 0.4228 0.0804 0.0000
vt 0.4236 0.0784 0.0000
vt 0.4224 0.0801 0.0000
vt 0.4236 0.0782 0.0000
vt 0.4219 0.0798 0.0000
vt 0.4236 0.0781 0.0000
vt 0.4216 0.0793 0.0000
vt 0.4236 0.0780 0.0000
vt 0.4213 0.0788 0.0000
vt 0.4236 0.0779 0.0000
vt 0.4212 0.0783 0.0000
vt 0.0807 0.0470 0.0000
vt 0.0767 0.0566 0.0000
vt 0.0728 0.0470 0.0000
vt 0.4499 0.1346 0.0000
vt 0.4524 0.1346 0.0000
vt 0.4524 0.1351 0.0000
vt 0.4522 0.1357 0.0000
vt 0.4499 0.1347 0.0000
vt 0.4520 0.1362 0.0000
vt 0.4499 0.1348 0.0000
vt 0.4516 0.1366 0.0000
vt 0.4499 0.1349 0.0000
vt 0.4512 0.1369 0.0000
vt 0.4499 0.1350 0.0000
vt 0.4507 0.1372 0.0000
vt 0.4499 0.1353 0.0000
vt 0.4502 0.1373 0.0000
vt 0.4499 0.1360 0.0000
vt 0.4499 0.1374 0.0000
vt 0.4507 0.1400 0.0000
vt 0.4500 0.1401 0.0000
vt 0.4512 0.1424 0.0000
vt 0.4501 0.1425 0.0000
vt 0.4516 0.1446 0.0000
vt 0.4502 0.1447 0.0000
vt 0.4141 0.4823 0.0000
vt 0.4126 0.4822 0.0000
vt 0.4124 0.4800 0.0000
vt 0.4141 0.4801 0.0000
vt 0.4124 0.4775 0.0000
vt 0.4141 0.4776 0.0000
vt 0.4124 0.4748 0.0000
vt 0.4141 0.4749 0.0000
vt 0.4125 0.4720 0.0000
vt 0.4142 0.4721 0.0000
vt 0.4128 0.4692 0.0000
vt 0.4142 0.4693 0.0000
vt 0.4131 0.4665 0.0000
vt 0.4142 0.4666 0.0000
vt 0.4136 0.4641 0.0000
vt 0.4142 0.4641 0.0000
vt 0.4141 0.4619 0.0000
vt 0.4143 0.4619 0.0000
vt 0.1600 0.4447 0.0000
vt 0.1599 0.4449 0.0000
vt 0.1591 0.4448 0.0000
vt 0.1594 0.4469 0.0000
vt 0.1573 0.4460 0.0000
vt 0.1577 0.4449 0.0000
vt 0.1551 0.4451 0.0000
vt 0.1551 0.4449 0.0000
vt 0.1547 0.4449 0.0000
vt 0.1545 0.4460 0.0000
vt 0.1530 0.4450 0.0000
vt 0.1539 0.4469 0.0000
vt 0.1520 0.4450 0.0000
vt 0.1530 0.4475 0.0000
vt 0.1515 0.4453 0.0000
vt 0.1519 0.4450 0.0000
vt 0.1513 0.4450 0.0000
vt 0.1510 0.4456 0.0000
vt 0.1508 0.4450 0.0000
vt 0.1505 0.4457 0.0000
vt 0.1504 0.4450 0.0000
vt 0.1500 0.4458 0.0000
vt 0.1500 0.4450 0.0000
vt 0.1494 0.4457 0.0000
vt 0.1496 0.4450 0.0000
vt 0.1489 0.4456 0.0000
vt 0.1491 0.4450 0.0000
vt 0.1484 0.4453 0.0000
vt 0.1486 0.4450 0.0000
vt 0.1480 0.4450 0.0000
vt 0.1469 0.4475 0.0000
vt 0.1461 0.4469 0.0000
vt 0.1479 0.4450 0.0000
vt 0.1454 0.4460 0.0000
vt 0.1470 0.4450 0.0000
vt 0.1449 0.4451 0.0000
vt 0.1452 0.4449 0.0000
vt 0.1448 0.4449 0.0000
vt 0.1426 0.4460 0.0000
vt 0.1422 0.4449 0.0000
vt 0.1406 0.4469 0.0000
vt 0.1400 0.4449 0.0000
vt 0.1408 0.4448 0.0000
vt 0.1400 0.4447 0.0000
vt 0.3001 0.0089 0.0000
vt 0.3001 0.0087 0.0000
vt 0.3023 0.0083 0.0000
vt 0.3023 0.0090 0.0000
vt 0.3048 0.0081 0.0000
vt 0.3048 0.0092 0.0000
vt 0.3075 0.0079 0.0000
vt 0.3075 0.0093 0.0000
vt 0.3103 0.0079 0.0000
vt 0.3103 0.0095 0.0000
vt 0.3131 0.0079 0.0000
vt 0.3131 0.0097 0.0000
vt 0.3158 0.0081 0.0000
vt 0.3158 0.0098 0.0000
vt 0.3183 0.0083 0.0000
vt 0.3183 0.0100 0.0000
vt 0.3204 0.0087 0.0000
vt 0.3204 0.0101 0.0000
vt 0.4502 0.1245 0.0000
vt 0.4516 0.1246 0.0000
vt 0.4512 0.1268 0.0000
vt 0.4501 0.1266 0.0000
vt 0.4507 0.1292 0.0000
vt 0.4500 0.1291 0.0000
vt 0.4502 0.1318 0.0000
vt 0.4499 0.1318 0.0000
vt 0.4499 0.1332 0.0000
vt 0.4507 0.1320 0.0000
vt 0.4499 0.1339 0.0000
vt 0.4512 0.1323 0.0000
vt 0.4499 0.1342 0.0000
vt 0.4516 0.1326 0.0000
vt 0.4499 0.1343 0.0000
vt 0.4520 0.1330 0.0000
vt 0.4499 0.1344 0.0000
vt 0.4522 0.1335 0.0000
vt 0.4499 0.1345 0.0000
vt 0.4524 0.1340 0.0000
vt 0.1509 0.0021 0.0000
vt 0.1606 0.0036 0.0000
vt 0.1245 0.0092 0.0000
vt 0.1245 0.0005 0.0000
vt 0.6653 0.0005 0.0000
vt 0.6653 0.0092 0.0000
vt 0.6506 0.0036 0.0000
vt 0.6588 0.0005 0.0000
vt 0.6424 0.0005 0.0000
vt 0.6359 0.0092 0.0000
vt 0.6359 0.0005 0.0000
vt 0.9903 0.5652 0.0000
vt 0.9903 0.5431 0.0000
vt 0.3363 0.0140 0.0000
vt 0.3558 0.0185 0.0000
vt 0.3799 0.0229 0.0000
vt 0.9903 0.5179 0.0000
vt 0.9858 0.4927 0.0000
vt 0.9858 0.4706 0.0000
vt 0.1133 0.0185 0.0000
vt 0.0937 0.0229 0.0000
vt 0.3414 0.4591 0.0000
vt 0.3746 0.4649 0.0000
vt 0.3502 0.4351 0.0000
vt 0.3820 0.4535 0.0000
vt 0.3794 0.4607 0.0000
vt 0.3746 0.4607 0.0000
vt 0.4562 0.5636 0.0000
vt 0.4825 0.6999 0.0000
vt 0.3518 0.6999 0.0000
vt 0.3781 0.5636 0.0000
vt 0.3829 0.5636 0.0000
vt 0.3980 0.5636 0.0000
vt 0.4080 0.5636 0.0000
vt 0.4133 0.5636 0.0000
vt 0.4174 0.5636 0.0000
vt 0.4214 0.5636 0.0000
vt 0.4267 0.5636 0.0000
vt 0.4367 0.5636 0.0000
vt 0.4518 0.5636 0.0000
vt 0.0832 0.4502 0.0000
vt 0.1239 0.4499 0.0000
vt 0.1162 0.4595 0.0000
vt 0.1250 0.4641 0.0000
vt 0.0832 0.4644 0.0000
vt 0.0744 0.8741 0.0000
vt 0.0728 0.8382 0.0000
vt 0.0920 0.8373 0.0000
vt 0.0936 0.8750 0.0000
vt 0.5510 0.3414 0.0000
vt 0.5639 0.3821 0.0000
vt 0.5504 0.3865 0.0000
vt 0.5377 0.3466 0.0000
vt 0.5438 0.3525 0.0000
vt 0.0890 0.0402 0.0000
vt 0.0461 0.0539 0.0000
vt 0.0418 0.0403 0.0000
vt 0.0858 0.0263 0.0000
vt 0.0864 0.0283 0.0000
vt 0.0803 0.0346 0.0000
vt 0.4047 0.4809 0.0000
vt 0.4029 0.4809 0.0000
vt 0.4029 0.4618 0.0000
vt 0.4047 0.4618 0.0000
vt 0.7854 0.2623 0.0000
vt 0.7404 0.2626 0.0000
vt 0.7469 0.2545 0.0000
vt 0.7392 0.2504 0.0000
vt 0.7392 0.2484 0.0000
vt 0.7853 0.2481 0.0000
vt 0.8270 0.9665 0.0000
vt 0.8285 0.9474 0.0000
vt 0.4740 0.5621 0.0000
vt 0.4344 0.5621 0.0000
vt 0.4344 0.5429 0.0000
vt 0.4740 0.5429 0.0000
vt 0.4777 0.4351 0.0000
vt 0.4864 0.4591 0.0000
vt 0.4528 0.4650 0.0000
vt 0.4528 0.4607 0.0000
vt 0.4484 0.4607 0.0000
vt 0.4458 0.4535 0.0000
vt 0.1598 0.7650 0.0000
vt 0.1745 0.8011 0.0000
vt 0.1451 0.8011 0.0000
vt 0.4185 0.0767 0.0000
vt 0.4184 0.0778 0.0000
vt 0.4188 0.0757 0.0000
vt 0.4193 0.0747 0.0000
vt 0.4200 0.0739 0.0000
vt 0.4209 0.0732 0.0000
vt 0.4218 0.0727 0.0000
vt 0.4209 0.0704 0.0000
vt 0.4200 0.0684 0.0000
vt 0.4203 0.4821 0.0000
vt 0.4198 0.4798 0.0000
vt 0.4195 0.4773 0.0000
vt 0.4193 0.4746 0.0000
vt 0.4194 0.4718 0.0000
vt 0.4197 0.4690 0.0000
vt 0.4202 0.4663 0.0000
vt 0.4209 0.4639 0.0000
vt 0.4217 0.4618 0.0000
vt 0.0463 0.3909 0.0000
vt 0.0476 0.3891 0.0000
vt 0.0463 0.3881 0.0000
vt 0.0454 0.3869 0.0000
vt 0.0469 0.3845 0.0000
vt 0.0466 0.3835 0.0000
vt 0.0465 0.3824 0.0000
vt 0.0466 0.3813 0.0000
vt 0.0469 0.3803 0.0000
vt 0.0454 0.3780 0.0000
vt 0.0463 0.3768 0.0000
vt 0.0476 0.3758 0.0000
vt 0.0463 0.3740 0.0000
vt 0.0418 0.0636 0.0000
vt 0.0440 0.0629 0.0000
vt 0.0465 0.0624 0.0000
vt 0.0492 0.0621 0.0000
vt 0.0520 0.0620 0.0000
vt 0.0548 0.0621 0.0000
vt 0.0575 0.0624 0.0000
vt 0.0600 0.0629 0.0000
vt 0.0622 0.0636 0.0000
vt 0.4200 0.0872 0.0000
vt 0.4209 0.0852 0.0000
vt 0.4218 0.0829 0.0000
vt 0.4209 0.0823 0.0000
vt 0.4200 0.0817 0.0000
vt 0.4193 0.0808 0.0000
vt 0.4188 0.0799 0.0000
vt 0.4185 0.0788 0.0000
vt 0.4550 0.1357 0.0000
vt 0.4551 0.1346 0.0000
vt 0.4547 0.1367 0.0000
vt 0.4542 0.1377 0.0000
vt 0.4535 0.1385 0.0000
vt 0.4527 0.1392 0.0000
vt 0.4517 0.1397 0.0000
vt 0.4527 0.1420 0.0000
vt 0.4535 0.1440 0.0000
vt 0.4107 0.4821 0.0000
vt 0.4102 0.4798 0.0000
vt 0.4099 0.4773 0.0000
vt 0.4097 0.4746 0.0000
vt 0.4098 0.4718 0.0000
vt 0.4101 0.4690 0.0000
vt 0.4106 0.4663 0.0000
vt 0.4113 0.4639 0.0000
vt 0.4121 0.4618 0.0000
vt 0.1584 0.4486 0.0000
vt 0.1566 0.4474 0.0000
vt 0.1556 0.4486 0.0000
vt 0.1544 0.4496 0.0000
vt 0.1521 0.4480 0.0000
vt 0.1510 0.4484 0.0000
vt 0.1500 0.4485 0.0000
vt 0.1489 0.4484 0.0000
vt 0.1479 0.4480 0.0000
vt 0.1455 0.4496 0.0000
vt 0.1443 0.4486 0.0000
vt 0.1433 0.4474 0.0000
vt 0.1415 0.4486 0.0000
vt 0.3001 0.0068 0.0000
vt 0.3023 0.0061 0.0000
vt 0.3048 0.0056 0.0000
vt 0.3075 0.0053 0.0000
vt 0.3103 0.0052 0.0000
vt 0.3131 0.0053 0.0000
vt 0.3158 0.0056 0.0000
vt 0.3183 0.0061 0.0000
vt 0.3204 0.0068 0.0000
vt 0.4535 0.1252 0.0000
vt 0.4527 0.1272 0.0000
vt 0.4517 0.1295 0.0000
vt 0.4527 0.1300 0.0000
vt 0.4535 0.1307 0.0000
vt 0.4542 0.1315 0.0000
vt 0.4547 0.1325 0.0000
vt 0.4550 0.1335 0.0000
vt 0.9858 0.5652 0.0000
vt 0.9858 0.5431 0.0000
vt 0.3363 0.0185 0.0000
vt 0.3558 0.0229 0.0000
vt 0.9858 0.5179 0.0000
vt 0.9813 0.4927 0.0000
vt 0.9813 0.4706 0.0000
vt 0.1133 0.0229 0.0000
vt 0.3666 0.4155 0.0000
vt 0.3903 0.4437 0.0000
vt 0.3945 0.4607 0.0000
vt 0.4045 0.4607 0.0000
vt 0.4013 0.4373 0.0000
vt 0.4098 0.4607 0.0000
vt 0.4139 0.4351 0.0000
vt 0.4139 0.4607 0.0000
vt 0.4265 0.4373 0.0000
vt 0.4180 0.4607 0.0000
vt 0.4376 0.4437 0.0000
vt 0.4233 0.4607 0.0000
vt 0.4333 0.4607 0.0000
vt 0.5520 0.3879 0.0000
vt 0.5520 0.4071 0.0000
vt 0.5377 0.4071 0.0000
vt 0.5377 0.3879 0.0000
vt 0.8322 0.0005 0.0000
vt 0.8513 0.0005 0.0000
vt 0.8513 0.0130 0.0000
vt 0.8322 0.0130 0.0000
vt 0.7385 0.8218 0.0000
vt 0.7385 0.8410 0.0000
vt 0.6979 0.8410 0.0000
vt 0.6979 0.8218 0.0000
vt 0.4612 0.4155 0.0000
vt 0.4161 0.0762 0.0000
vt 0.4159 0.0778 0.0000
vt 0.4165 0.0747 0.0000
vt 0.4173 0.0733 0.0000
vt 0.4183 0.0721 0.0000
vt 0.4195 0.0711 0.0000
vt 0.4183 0.0693 0.0000
vt 0.6359 0.0137 0.0000
vt 0.6365 0.0109 0.0000
vt 0.6385 0.0113 0.0000
vt 0.6382 0.0141 0.0000
vt 0.4177 0.4797 0.0000
vt 0.4172 0.4772 0.0000
vt 0.4169 0.4744 0.0000
vt 0.4169 0.4716 0.0000
vt 0.4173 0.4688 0.0000
vt 0.4179 0.4662 0.0000
vt 0.4188 0.4638 0.0000
vt 0.9615 0.1301 0.0000
vt 0.9613 0.1272 0.0000
vt 0.9637 0.1272 0.0000
vt 0.9635 0.1301 0.0000
vt 0.0448 0.3896 0.0000
vt 0.0435 0.3881 0.0000
vt 0.0446 0.3855 0.0000
vt 0.0442 0.3840 0.0000
vt 0.0440 0.3824 0.0000
vt 0.0442 0.3809 0.0000
vt 0.0446 0.3794 0.0000
vt 0.0435 0.3768 0.0000
vt 0.0448 0.3752 0.0000
vt 0.0526 0.3890 0.0000
vt 0.0554 0.3894 0.0000
vt 0.0550 0.3917 0.0000
vt 0.0523 0.3910 0.0000
vt 0.0440 0.0608 0.0000
vt 0.0465 0.0601 0.0000
vt 0.0492 0.0597 0.0000
vt 0.0520 0.0595 0.0000
vt 0.0548 0.0597 0.0000
vt 0.0575 0.0601 0.0000
vt 0.0600 0.0608 0.0000
vt 0.8954 0.0409 0.0000
vt 0.8956 0.0381 0.0000
vt 0.8976 0.0381 0.0000
vt 0.8977 0.0409 0.0000
vt 0.4183 0.0862 0.0000
vt 0.4195 0.0844 0.0000
vt 0.4183 0.0834 0.0000
vt 0.4173 0.0822 0.0000
vt 0.4165 0.0808 0.0000
vt 0.4161 0.0793 0.0000
vt 0.4575 0.1362 0.0000
vt 0.4576 0.1346 0.0000
vt 0.4570 0.1377 0.0000
vt 0.4563 0.1390 0.0000
vt 0.4553 0.1402 0.0000
vt 0.4541 0.1412 0.0000
vt 0.4553 0.1430 0.0000
vt 0.5842 0.0550 0.0000
vt 0.5849 0.0523 0.0000
vt 0.5868 0.0526 0.0000
vt 0.5865 0.0554 0.0000
vt 0.4081 0.4797 0.0000
vt 0.4076 0.4772 0.0000
vt 0.4073 0.4744 0.0000
vt 0.4074 0.4716 0.0000
vt 0.4077 0.4688 0.0000
vt 0.4083 0.4662 0.0000
vt 0.4093 0.4638 0.0000
vt 0.9666 0.1404 0.0000
vt 0.9665 0.1376 0.0000
vt 0.9688 0.1376 0.0000
vt 0.9686 0.1404 0.0000
vt 0.1572 0.4502 0.0000
vt 0.1556 0.4514 0.0000
vt 0.1530 0.4503 0.0000
vt 0.1515 0.4508 0.0000
vt 0.1500 0.4510 0.0000
vt 0.1484 0.4508 0.0000
vt 0.1469 0.4503 0.0000
vt 0.1443 0.4514 0.0000
vt 0.1428 0.4502 0.0000
vt 0.1308 0.0165 0.0000
vt 0.1311 0.0137 0.0000
vt 0.1334 0.0141 0.0000
vt 0.1327 0.0168 0.0000
vt 0.3023 0.0040 0.0000
vt 0.3048 0.0033 0.0000
vt 0.3075 0.0028 0.0000
vt 0.3103 0.0027 0.0000
vt 0.3131 0.0028 0.0000
vt 0.3158 0.0033 0.0000
vt 0.3183 0.0040 0.0000
vt 0.8851 0.0306 0.0000
vt 0.8852 0.0278 0.0000
vt 0.8872 0.0278 0.0000
vt 0.8874 0.0306 0.0000
vt 0.4553 0.1261 0.0000
vt 0.4541 0.1279 0.0000
vt 0.4553 0.1289 0.0000
vt 0.4563 0.1302 0.0000
vt 0.4570 0.1315 0.0000
vt 0.4575 0.1330 0.0000
vt 0.9813 0.5652 0.0000
vt 0.9813 0.5431 0.0000
vt 0.3363 0.0229 0.0000
vt 0.9813 0.5179 0.0000
vt 0.9768 0.4927 0.0000
vt 0.9768 0.4706 0.0000
vt 0.3887 0.4027 0.0000
vt 0.4139 0.3983 0.0000
vt 0.4391 0.4027 0.0000
vt 0.4139 0.0758 0.0000
vt 0.4138 0.0778 0.0000
vt 0.4145 0.0739 0.0000
vt 0.4155 0.0721 0.0000
vt 0.4167 0.0706 0.0000
vt 0.6405 0.0114 0.0000
vt 0.6405 0.0142 0.0000
vt 0.6378 0.0168 0.0000
vt 0.6404 0.0170 0.0000
vt 0.4152 0.4770 0.0000
vt 0.4148 0.4743 0.0000
vt 0.4148 0.4715 0.0000
vt 0.4152 0.4687 0.0000
vt 0.4159 0.4660 0.0000
vt 0.9638 0.1245 0.0000
vt 0.9663 0.1248 0.0000
vt 0.9660 0.1275 0.0000
vt 0.9654 0.1303 0.0000
vt 0.9681 0.1281 0.0000
vt 0.9673 0.1308 0.0000
vt 0.0426 0.3863 0.0000
vt 0.0420 0.3844 0.0000
vt 0.0418 0.3824 0.0000
vt 0.0420 0.3804 0.0000
vt 0.0426 0.3785 0.0000
vt 0.0526 0.3852 0.0000
vt 0.0554 0.3848 0.0000
vt 0.0555 0.3871 0.0000
vt 0.0527 0.3871 0.0000
vt 0.0583 0.3871 0.0000
vt 0.0582 0.3897 0.0000
vt 0.0465 0.0581 0.0000
vt 0.0492 0.0575 0.0000
vt 0.0520 0.0573 0.0000
vt 0.0548 0.0575 0.0000
vt 0.0575 0.0581 0.0000
vt 0.8927 0.0433 0.0000
vt 0.8931 0.0406 0.0000
vt 0.8953 0.0437 0.0000
vt 0.8936 0.0378 0.0000
vt 0.4167 0.0850 0.0000
vt 0.4155 0.0834 0.0000
vt 0.4145 0.0817 0.0000
vt 0.4139 0.0798 0.0000
vt 0.4596 0.1366 0.0000
vt 0.4598 0.1346 0.0000
vt 0.4590 0.1385 0.0000
vt 0.4581 0.1402 0.0000
vt 0.4568 0.1418 0.0000
vt 0.5888 0.0527 0.0000
vt 0.5888 0.0555 0.0000
vt 0.5862 0.0582 0.0000
vt 0.5887 0.0583 0.0000
vt 0.4056 0.4770 0.0000
vt 0.4052 0.4743 0.0000
vt 0.4052 0.4715 0.0000
vt 0.4056 0.4687 0.0000
vt 0.4063 0.4660 0.0000
vt 0.9689 0.1348 0.0000
vt 0.9715 0.1351 0.0000
vt 0.9711 0.1379 0.0000
vt 0.9706 0.1406 0.0000
vt 0.9733 0.1384 0.0000
vt 0.9724 0.1411 0.0000
vt 0.1539 0.4524 0.0000
vt 0.1520 0.4529 0.0000
vt 0.1500 0.4531 0.0000
vt 0.1480 0.4529 0.0000
vt 0.1461 0.4524 0.0000
vt 0.1269 0.0166 0.0000
vt 0.1265 0.0138 0.0000
vt 0.1288 0.0136 0.0000
vt 0.1288 0.0164 0.0000
vt 0.1289 0.0108 0.0000
vt 0.1314 0.0110 0.0000
vt 0.3048 0.0013 0.0000
vt 0.3075 0.0007 0.0000
vt 0.3103 0.0005 0.0000
vt 0.3131 0.0007 0.0000
vt 0.3158 0.0013 0.0000
vt 0.8824 0.0330 0.0000
vt 0.8828 0.0303 0.0000
vt 0.8849 0.0333 0.0000
vt 0.8833 0.0275 0.0000
vt 0.4568 0.1274 0.0000
vt 0.4581 0.1289 0.0000
vt 0.4590 0.1307 0.0000
vt 0.4596 0.1326 0.0000
vt 0.9768 0.5652 0.0000
vt 0.9768 0.5431 0.0000
vt 0.9768 0.5179 0.0000
vt 0.3338 0.6747 0.0000
vt 0.3359 0.6751 0.0000
vt 0.3359 0.6770 0.0000
vt 0.3338 0.6770 0.0000
vt 0.3338 0.6725 0.0000
vt 0.3359 0.6731 0.0000
vt 0.6427 0.0140 0.0000
vt 0.6424 0.0112 0.0000
vt 0.6441 0.0108 0.0000
vt 0.6448 0.0136 0.0000
vt 0.6429 0.0168 0.0000
vt 0.3286 0.6671 0.0000
vt 0.3313 0.6676 0.0000
vt 0.3313 0.6697 0.0000
vt 0.3286 0.6692 0.0000
vt 0.3258 0.6669 0.0000
vt 0.3258 0.6690 0.0000
vt 0.3230 0.6671 0.0000
vt 0.3230 0.6692 0.0000
vt 0.3203 0.6676 0.0000
vt 0.3203 0.6697 0.0000
vt 0.9687 0.1254 0.0000
vt 0.9701 0.1289 0.0000
vt 0.9689 0.1315 0.0000
vt 0.3156 0.6731 0.0000
vt 0.3178 0.6725 0.0000
vt 0.3178 0.6747 0.0000
vt 0.3156 0.6751 0.0000
vt 0.3178 0.6770 0.0000
vt 0.3156 0.6770 0.0000
vt 0.3178 0.6794 0.0000
vt 0.3156 0.6790 0.0000
vt 0.3178 0.6816 0.0000
vt 0.3156 0.6809 0.0000
vt 0.0522 0.3834 0.0000
vt 0.0549 0.3828 0.0000
vt 0.0581 0.3847 0.0000
vt 0.3203 0.6844 0.0000
vt 0.3230 0.6849 0.0000
vt 0.3230 0.6870 0.0000
vt 0.3203 0.6864 0.0000
vt 0.3258 0.6850 0.0000
vt 0.3258 0.6872 0.0000
vt 0.3286 0.6849 0.0000
vt 0.3286 0.6870 0.0000
vt 0.3313 0.6844 0.0000
vt 0.3313 0.6864 0.0000
vt 0.8903 0.0427 0.0000
vt 0.8909 0.0400 0.0000
vt 0.8918 0.0374 0.0000
vt 0.8890 0.0392 0.0000
vt 0.8901 0.0367 0.0000
vt 0.3338 0.6794 0.0000
vt 0.3359 0.6790 0.0000
vt 0.3359 0.6809 0.0000
vt 0.3338 0.6816 0.0000
vt 0.7419 0.8447 0.0000
vt 0.7422 0.8425 0.0000
vt 0.7442 0.8425 0.0000
vt 0.7442 0.8447 0.0000
vt 0.7396 0.8447 0.0000
vt 0.7403 0.8425 0.0000
vt 0.5911 0.0554 0.0000
vt 0.5907 0.0526 0.0000
vt 0.5925 0.0522 0.0000
vt 0.5931 0.0549 0.0000
vt 0.5912 0.0581 0.0000
vt 0.7342 0.8499 0.0000
vt 0.7348 0.8472 0.0000
vt 0.7368 0.8472 0.0000
vt 0.7364 0.8499 0.0000
vt 0.7340 0.8527 0.0000
vt 0.7362 0.8527 0.0000
vt 0.7342 0.8555 0.0000
vt 0.7364 0.8555 0.0000
vt 0.7348 0.8582 0.0000
vt 0.7368 0.8582 0.0000
vt 0.9739 0.1358 0.0000
vt 0.9752 0.1392 0.0000
vt 0.9741 0.1418 0.0000
vt 0.7403 0.8628 0.0000
vt 0.7396 0.8607 0.0000
vt 0.7419 0.8607 0.0000
vt 0.7422 0.8628 0.0000
vt 0.7442 0.8607 0.0000
vt 0.7442 0.8628 0.0000
vt 0.7465 0.8607 0.0000
vt 0.7462 0.8628 0.0000
vt 0.7488 0.8607 0.0000
vt 0.7481 0.8628 0.0000
vt 0.1251 0.0170 0.0000
vt 0.1245 0.0142 0.0000
vt 0.1264 0.0110 0.0000
vt 0.7516 0.8582 0.0000
vt 0.7520 0.8555 0.0000
vt 0.7542 0.8555 0.0000
vt 0.7536 0.8582 0.0000
vt 0.7522 0.8527 0.0000
vt 0.7544 0.8527 0.0000
vt 0.7520 0.8499 0.0000
vt 0.7542 0.8499 0.0000
vt 0.7516 0.8472 0.0000
vt 0.7536 0.8472 0.0000
vt 0.8800 0.0324 0.0000
vt 0.8806 0.0297 0.0000
vt 0.8814 0.0270 0.0000
vt 0.8787 0.0289 0.0000
vt 0.8798 0.0263 0.0000
vt 0.7465 0.8447 0.0000
vt 0.7462 0.8425 0.0000
vt 0.7481 0.8425 0.0000
vt 0.7488 0.8447 0.0000
vt 0.3313 0.6744 0.0000
vt 0.3313 0.6770 0.0000
vt 0.3313 0.6720 0.0000
vt 0.3338 0.6704 0.0000
vt 0.3286 0.6716 0.0000
vt 0.3258 0.6715 0.0000
vt 0.3230 0.6716 0.0000
vt 0.3203 0.6720 0.0000
vt 0.3178 0.6704 0.0000
vt 0.3203 0.6744 0.0000
vt 0.3203 0.6770 0.0000
vt 0.3203 0.6796 0.0000
vt 0.3203 0.6821 0.0000
vt 0.3178 0.6837 0.0000
vt 0.3230 0.6824 0.0000
vt 0.3258 0.6825 0.0000
vt 0.3286 0.6824 0.0000
vt 0.3313 0.6821 0.0000
vt 0.3338 0.6837 0.0000
vt 0.3313 0.6796 0.0000
vt 0.7416 0.8472 0.0000
vt 0.7442 0.8472 0.0000
vt 0.7391 0.8472 0.0000
vt 0.7375 0.8447 0.0000
vt 0.7388 0.8499 0.0000
vt 0.7387 0.8527 0.0000
vt 0.7388 0.8555 0.0000
vt 0.7391 0.8582 0.0000
vt 0.7375 0.8607 0.0000
vt 0.7416 0.8582 0.0000
vt 0.7442 0.8582 0.0000
vt 0.7468 0.8582 0.0000
vt 0.7493 0.8582 0.0000
vt 0.7508 0.8607 0.0000
vt 0.7496 0.8555 0.0000
vt 0.7497 0.8527 0.0000
vt 0.7496 0.8499 0.0000
vt 0.7493 0.8472 0.0000
vt 0.7508 0.8447 0.0000
vt 0.7468 0.8472 0.0000
vt 0.3286 0.6743 0.0000
vt 0.3286 0.6770 0.0000
vt 0.3258 0.6742 0.0000
vt 0.3230 0.6743 0.0000
vt 0.3230 0.6770 0.0000
vt 0.3230 0.6798 0.0000
vt 0.3258 0.6798 0.0000
vt 0.3286 0.6798 0.0000
vt 0.7414 0.8499 0.0000
vt 0.7442 0.8499 0.0000
vt 0.7414 0.8527 0.0000
vt 0.7414 0.8555 0.0000
vt 0.7442 0.8555 0.0000
vt 0.7469 0.8555 0.0000
vt 0.7470 0.8527 0.0000
vt 0.7469 0.8499 0.0000
vt 0.3258 0.6770 0.0000
vt 0.7442 0.8527 0.0000
vt 0.9148 0.4452 0.0000
vt 0.9908 0.4396 0.0000
vt 0.9908 0.4508 0.0000
vt 0.8558 0.8223 0.0000
vt 0.7751 0.8508 0.0000
vt 0.7702 0.8218 0.0000
vt 0.1370 0.4429 0.0000
vt 0.0522 0.4315 0.0000
vt 0.0610 0.4034 0.0000
vt 0.9871 0.7156 0.0000
vt 0.9927 0.7015 0.0000
vt 0.9983 0.7156 0.0000
vt 0.8270 0.4452 0.0000
vt 0.9118 0.4396 0.0000
vt 0.9118 0.4508 0.0000
vt 0.9983 0.6875 0.0000
vt 0.9871 0.6875 0.0000
vt 0.0340 0.1023 0.0000
vt 0.0315 0.0263 0.0000
vt 0.0427 0.0263 0.0000
vt 0.4657 0.2330 0.0000
vt 0.4792 0.3172 0.0000
vt 0.4499 0.3170 0.0000
vt 0.5326 0.1421 0.0000
vt 0.5444 0.0573 0.0000
vt 0.5724 0.0662 0.0000
vt 0.1840 0.4714 0.0000
vt 0.1697 0.4664 0.0000
vt 0.1835 0.4602 0.0000
vt 0.5287 0.1370 0.0000
vt 0.5222 0.0522 0.0000
vt 0.5334 0.0522 0.0000
vt 0.1555 0.4615 0.0000
vt 0.1560 0.4727 0.0000
vt 0.4939 0.1916 0.0000
vt 0.5120 0.2549 0.0000
vt 0.4757 0.2549 0.0000
vt 0.6140 0.6165 0.0000
vt 0.5997 0.5532 0.0000
vt 0.6284 0.5532 0.0000
vt 0.5159 0.3828 0.0000
vt 0.5302 0.4460 0.0000
vt 0.5016 0.4460 0.0000
vt 0.3104 0.8866 0.0000
vt 0.3286 0.8723 0.0000
vt 0.3467 0.8866 0.0000
vt 0.2549 0.8658 0.0000
vt 0.1916 0.8840 0.0000
vt 0.1916 0.8477 0.0000
vt 0.3467 0.8580 0.0000
vt 0.3104 0.8580 0.0000
vt 0.6578 0.5352 0.0000
vt 0.5945 0.5534 0.0000
vt 0.5945 0.5171 0.0000
vt 0.2794 0.5159 0.0000
vt 0.3453 0.5016 0.0000
vt 0.3453 0.5302 0.0000
vt 0.1503 0.8207 0.0000
vt 0.2136 0.8063 0.0000
vt 0.2136 0.8350 0.0000
vt 0.4809 0.8815 0.0000
vt 0.4991 0.8672 0.0000
vt 0.5172 0.8815 0.0000
vt 0.5326 0.8658 0.0000
vt 0.5958 0.8477 0.0000
vt 0.5958 0.8840 0.0000
vt 0.5172 0.8528 0.0000
vt 0.4809 0.8528 0.0000
vt 0.5235 0.1788 0.0000
vt 0.4602 0.1969 0.0000
vt 0.4602 0.1606 0.0000
vt 0.9188 0.6100 0.0000
vt 0.9331 0.6759 0.0000
vt 0.9045 0.6759 0.0000
vt 0.0057 0.8517 0.0000
vt 0.0689 0.8373 0.0000
vt 0.0689 0.8660 0.0000
vt 0.3621 0.8866 0.0000
vt 0.3802 0.8723 0.0000
vt 0.3984 0.8866 0.0000
vt 0.5042 0.0935 0.0000
vt 0.5224 0.1568 0.0000
vt 0.4861 0.1568 0.0000
vt 0.3984 0.8580 0.0000
vt 0.3621 0.8580 0.0000
# 1896 texture coords

o Cylinder027
g Cylinder027
usemtl wire_156018005
s 1
f 1/1/1 2/2/1 3/3/1 
f 1/1/1 3/3/1 4/4/1 
f 1/1/1 5/5/1 2/2/1 
f 3/3/1 2/2/1 6/6/2 7/7/3 
f 1/1/1 4/4/1 8/8/1 
f 4/4/1 3/3/1 7/7/3 9/9/4 
f 1/1/1 10/10/1 5/5/1 
f 2/2/1 5/5/1 11/11/5 6/6/2 
s 8
f 7/12/3 6/13/2 12/14/6 13/15/7 
s 1
f 1/1/1 8/8/1 14/16/1 
f 8/8/1 4/4/1 9/9/4 15/17/8 
s 8
f 9/18/4 7/12/3 13/15/7 16/19/9 
s 1
f 1/1/1 17/20/1 10/10/1 
f 5/5/1 10/10/1 18/21/10 11/11/5 
s 8
f 6/13/2 11/22/5 19/23/11 12/14/6 
f 13/15/7 12/14/6 20/24/6 21/25/12 
s 1
f 1/1/1 14/16/1 22/26/1 
f 14/16/1 8/8/1 15/17/8 23/27/13 
s 8
f 15/28/8 9/18/4 16/19/9 24/29/14 
f 16/19/9 13/15/7 21/25/12 25/30/9 
s 1
f 1/1/1 26/31/1 17/20/1 
f 10/10/1 17/20/1 27/32/15 18/21/10 
s 8
f 11/33/5 18/34/10 28/35/16 19/36/11 
f 12/14/6 19/23/11 29/37/17 20/24/6 
f 21/25/12 20/24/6 30/38/6 31/39/7 
s 1
f 1/1/1 22/26/1 32/40/1 
f 22/26/1 14/16/1 23/27/13 33/41/18 
s 8
f 23/42/13 15/43/8 24/44/14 34/45/19 
f 24/29/14 16/19/9 25/30/9 35/46/20 
f 25/30/9 21/25/12 31/39/7 36/47/9 
s 1
f 1/1/1 37/48/1 26/31/1 
f 17/20/1 26/31/1 38/49/21 27/32/15 
s 8
f 18/34/10 27/50/15 39/51/22 28/35/16 
f 19/36/11 28/35/16 40/52/16 29/53/17 
f 20/24/6 29/37/17 41/54/17 30/38/6 
f 31/39/7 30/38/6 42/55/6 43/56/7 
s 1
f 1/1/1 32/40/1 44/57/1 
f 32/40/1 22/26/1 33/41/18 45/58/23 
s 8
f 33/59/18 23/42/13 34/45/19 46/60/24 
f 34/45/19 24/44/14 35/61/20 47/62/19 
f 35/46/20 25/30/9 36/47/9 48/63/20 
f 36/47/9 31/39/7 43/56/7 49/64/9 
s 1
f 1/1/1 50/65/1 37/48/1 
f 26/31/1 37/48/1 51/66/25 38/49/21 
s 8
f 27/50/15 38/67/21 52/68/26 39/51/22 
f 28/35/16 39/51/22 53/69/22 40/52/16 
f 29/53/17 40/52/16 54/70/16 41/71/17 
f 30/38/6 41/54/17 55/72/17 42/55/6 
f 43/56/7 42/55/6 56/73/27 57/74/28 
s 1
f 1/1/1 44/57/1 58/75/1 
f 44/57/1 32/40/1 45/58/23 59/76/29 
s 8
f 45/77/23 33/59/18 46/60/24 60/78/30 
f 46/60/24 34/45/19 47/62/19 61/79/24 
f 47/62/19 35/61/20 48/80/20 62/81/19 
f 48/63/20 36/47/9 49/64/9 63/82/20 
f 49/64/9 43/56/7 57/74/28 64/83/31 
s 1
f 1/1/1 65/84/1 50/65/1 
f 37/48/1 50/65/1 66/85/32 51/66/25 
s 8
f 38/67/21 51/86/25 67/87/33 52/68/26 
f 39/51/22 52/68/26 68/88/26 53/69/22 
f 40/52/16 53/69/22 69/89/22 54/70/16 
f 41/71/17 54/70/16 70/90/16 55/91/17 
f 42/55/6 55/72/17 71/92/34 56/73/27 
s 1
f 57/93/28 56/94/27 72/95/35 73/96/35 
f 1/1/1 58/75/1 74/97/1 
f 58/75/1 44/57/1 59/76/29 75/98/36 
s 8
f 59/99/29 45/77/23 60/78/30 76/100/37 
f 60/78/30 46/60/24 61/79/24 77/101/30 
f 61/79/24 47/62/19 62/81/19 78/102/24 
f 62/81/19 48/80/20 63/103/20 79/104/19 
f 63/82/20 49/64/9 64/83/31 80/105/38 
s 1
f 64/106/31 57/93/28 73/96/35 81/107/35 
f 1/1/1 82/108/1 65/84/1 
f 50/65/1 65/84/1 83/109/39 66/85/32 
s 8
f 51/86/25 66/110/32 84/111/40 67/87/33 
f 52/68/26 67/87/33 85/112/33 68/88/26 
f 53/69/22 68/88/26 86/113/26 69/89/22 
f 54/70/16 69/89/22 87/114/22 70/90/16 
f 55/91/17 70/90/16 88/115/41 71/116/34 
s 1
f 56/94/27 71/117/34 89/118/35 72/95/35 
f 90/119/42 73/96/35 72/95/35 91/120/42 
f 1/1/1 74/97/1 82/108/1 
f 74/97/1 58/75/1 75/98/36 92/121/43 
s 8
f 75/122/36 59/99/29 76/100/37 93/123/44 
f 76/100/37 60/78/30 77/101/30 94/124/37 
f 77/101/30 61/79/24 78/102/24 95/125/30 
f 78/102/24 62/81/19 79/104/19 96/126/24 
f 79/104/19 63/103/20 80/127/38 97/128/45 
s 1
f 80/129/38 64/106/31 81/107/35 98/130/35 
f 99/131/42 81/107/35 73/96/35 90/119/42 
f 65/84/1 82/108/1 100/132/46 83/109/39 
s 8
f 66/133/32 83/134/39 101/135/47 84/136/40 
f 67/87/33 84/111/40 102/137/48 85/112/33 
f 68/88/26 85/112/33 103/138/33 86/113/26 
f 69/89/22 86/113/26 104/139/26 87/114/22 
f 70/90/16 87/114/22 105/140/49 88/115/41 
s 1
f 106/141/42 89/118/35 71/117/34 88/142/41 107/143/35 
f 91/120/42 72/95/35 89/118/35 108/144/42 
s 16
f 109/145/50 110/146/51 111/147/35 112/148/42 113/149/42 99/150/42 90/151/42 91/152/42 108/153/42 106/154/42 107/155/35 114/156/52 115/157/53 
s 1
f 82/108/1 74/97/1 92/121/43 100/132/46 
s 8
f 92/158/43 75/159/36 93/160/44 116/161/54 
f 93/123/44 76/100/37 94/124/37 117/162/44 
f 94/124/37 77/101/30 95/125/30 118/163/37 
f 95/125/30 78/102/24 96/126/24 119/164/30 
f 96/126/24 79/104/19 97/128/45 120/165/55 
s 1
f 111/166/35 97/167/45 80/129/38 98/130/35 112/168/42 
f 113/169/42 98/130/35 81/107/35 99/131/42 
s 8
f 83/134/39 100/170/46 121/171/56 101/135/47 
f 84/136/40 101/135/47 122/172/47 102/173/48 
f 85/112/33 102/137/48 123/174/48 103/138/33 
f 86/113/26 103/138/33 124/175/33 104/139/26 
f 87/114/22 104/139/26 125/176/57 105/140/49 
s 1
f 88/142/41 105/177/49 126/178/58 114/179/52 107/143/35 
f 108/144/42 89/118/35 106/141/42 
s 128
f 127/180/59 109/181/50 115/182/53 128/183/60 
s 2
f 127/184/59 129/185/61 130/186/62 131/187/63 132/188/64 133/189/65 134/190/66 135/191/67 136/192/67 110/193/51 109/194/50 
s 1
f 120/195/55 97/167/45 111/166/35 110/196/51 136/197/67 
f 112/168/42 98/130/35 113/169/42 
s 4
f 128/198/60 115/199/53 114/200/52 126/201/58 137/202/58 138/203/68 139/204/69 140/205/70 141/206/71 142/207/72 139/204/69 138/203/68 143/208/73 144/209/74 145/210/75 146/211/76 147/212/77 
s 8
f 100/170/46 92/158/43 116/161/54 121/171/56 
f 116/161/54 93/160/44 117/213/44 148/214/54 
f 117/162/44 94/124/37 118/163/37 149/215/78 
f 118/163/37 95/125/30 119/164/30 150/216/37 
f 119/164/30 96/126/24 120/165/55 151/217/79 
f 101/135/47 121/171/56 152/218/56 122/172/47 
f 102/173/48 122/172/47 153/219/47 123/220/48 
f 103/138/33 123/174/48 154/221/48 124/175/33 
f 104/139/26 124/175/33 155/222/80 125/176/57 
s 1
f 126/178/58 105/177/49 125/223/57 137/224/58 
s 64
f 134/225/66 133/226/65 156/227/81 157/228/82 129/229/61 127/230/59 128/231/60 147/232/77 158/233/83 159/234/84 143/235/73 138/236/68 160/237/7 161/238/85 162/239/85 163/240/85 164/241/85 165/242/85 166/243/85 167/244/85 168/245/35 
s 4194304
f 169/246/86 130/247/62 129/248/61 157/249/82 170/250/87 171/251/88 
s 2097152
f 172/252/89 173/253/90 131/254/63 130/255/62 169/256/86 
s 16384
f 174/257/91 132/258/64 131/259/63 173/260/90 
s 8388608
f 171/261/88 170/228/87 156/227/81 133/226/65 132/262/64 174/263/91 175/264/92 176/265/93 177/266/94 178/267/95 
s 1
f 179/268/96 151/269/79 135/270/67 134/271/66 168/272/35 180/273/35 
f 135/270/67 151/269/79 120/195/55 136/197/67 
f 125/223/57 155/274/80 181/275/35 160/276/7 138/277/68 137/224/58 
s 32
f 139/278/69 182/279/97 183/280/98 140/281/70 
s 2048
f 140/282/70 183/283/98 184/284/99 185/285/100 141/286/71 
s 256
f 141/287/71 185/288/100 186/289/101 142/290/72 187/291/102 188/292/103 189/293/104 190/294/105 187/291/102 142/290/72 
s 4096
f 142/295/72 186/296/101 191/297/106 182/298/97 139/299/69 
s 262144
f 192/233/107 193/300/108 188/301/103 187/302/102 144/303/74 143/235/73 159/234/84 
s 131072
f 144/304/74 187/305/102 190/306/105 145/307/75 
s 65536
f 194/308/109 146/309/76 145/310/75 190/311/105 189/312/104 
s 8192
f 193/313/108 192/314/107 158/315/83 147/316/77 146/317/76 194/318/109 
s 8
f 121/171/56 116/161/54 148/214/54 152/218/56 
f 148/214/54 117/213/44 149/319/78 195/320/54 
f 149/215/78 118/163/37 150/216/37 196/321/78 
f 150/216/37 119/164/30 151/217/79 179/322/96 
f 122/172/47 152/218/56 197/323/56 153/219/47 
f 123/220/48 153/219/47 198/324/47 154/325/48 
f 124/175/33 154/221/48 199/326/110 155/222/80 
s 16384
f 156/327/81 170/328/87 157/329/82 
s 131072
f 158/330/83 192/331/107 159/332/84 
s 1
f 160/276/7 181/275/35 161/333/85 
f 161/333/85 181/275/35 200/334/35 162/335/85 
f 162/335/85 200/334/35 201/336/35 163/337/85 
f 163/337/85 201/336/35 202/338/35 164/339/85 
f 164/339/85 202/338/35 203/340/35 165/341/85 
f 165/341/85 203/340/35 204/342/35 166/343/85 
f 166/343/85 204/342/35 180/273/35 167/344/85 
f 167/344/85 180/273/35 168/272/35 
s 16777216
f 205/345/111 175/346/92 172/347/89 169/348/86 171/349/88 178/350/95 206/351/112 207/352/113 176/353/93 175/346/92 205/345/111 208/354/114 209/355/115 210/356/116 
s 1048576
f 175/357/92 174/358/91 173/359/90 172/360/89 
s 8
f 211/361/117 177/362/94 176/363/93 207/364/113 
s 2
f 211/352/117 206/351/112 178/350/95 177/353/94 
s 1
f 212/365/118 179/268/96 180/273/35 204/342/35 
f 155/274/80 199/366/110 200/334/35 181/275/35 
s 512
f 191/367/106 184/368/99 183/369/98 182/370/97 
s 1024
f 186/371/101 185/372/100 184/373/99 191/374/106 
s 32768
f 188/375/103 193/376/108 194/377/109 189/378/104 
s 8
f 152/218/56 148/214/54 195/320/54 197/323/56 
f 195/320/54 149/319/78 196/379/78 213/380/54 
f 196/321/78 150/216/37 179/322/96 212/381/118 
f 153/219/47 197/323/56 214/382/56 198/324/47 
f 154/325/48 198/324/47 215/383/119 199/384/110 
s 1
f 199/366/110 215/385/119 201/336/35 200/334/35 
f 215/385/119 216/386/120 202/338/35 201/336/35 
f 216/386/120 217/387/121 203/340/35 202/338/35 
f 217/387/121 212/365/118 204/342/35 203/340/35 
s 67108864
f 205/388/111 210/389/116 218/390/122 219/391/123 
s 64
f 206/392/112 211/393/117 207/394/113 
s 536870912
f 208/395/114 205/396/111 219/397/123 220/398/124 
s 268435456
f 209/399/115 208/400/114 220/401/124 221/402/125 
s 134217728
f 210/403/116 209/404/115 221/405/125 218/406/122 
s 8
f 197/323/56 195/320/54 213/380/54 214/382/56 
f 213/380/54 196/379/78 212/407/118 217/408/121 
f 198/324/47 214/382/56 216/409/120 215/383/119 
f 214/382/56 213/380/54 217/408/121 216/409/120 
s 33554432
f 219/410/123 222/411/126 223/412/127 224/413/128 225/414/129 222/411/126 219/410/123 218/415/122 221/416/125 220/417/124 
s 64
f 226/418/130 223/419/127 222/420/126 227/421/131 228/422/132 
s 2
f 223/423/127 226/424/130 229/425/133 224/426/128 
s 16
f 224/427/128 229/428/133 230/429/134 231/430/135 225/431/129 
s 8
f 225/432/129 231/433/135 227/434/131 222/435/126 
s 32
f 229/436/133 226/437/130 232/438/136 233/439/137 234/440/138 235/441/139 236/442/140 237/443/141 238/444/142 239/445/143 240/446/144 241/447/145 242/448/146 243/449/147 244/450/148 245/451/149 246/452/150 247/453/151 248/454/152 249/455/153 232/438/136 226/437/130 228/456/132 230/457/134 
s 4
f 227/458/131 231/459/135 230/460/134 228/461/132 
s 1073741824
f 232/462/136 250/463/154 251/464/155 233/465/137 
f 233/465/137 251/464/155 252/466/40 234/467/138 
f 234/468/138 252/469/40 253/470/33 235/471/139 
f 235/471/139 253/470/33 254/472/26 236/473/140 
f 236/473/140 254/472/26 255/474/22 237/475/141 
f 237/475/141 255/474/22 256/476/156 238/477/142 
f 238/477/142 256/476/156 257/478/11 239/479/143 
f 239/480/143 257/481/11 258/482/157 240/483/144 
f 240/483/144 258/482/157 259/484/7 241/485/145 
f 241/485/145 259/484/7 260/486/158 242/487/146 
f 242/487/146 260/486/158 261/488/20 243/489/147 
f 243/490/147 261/491/20 262/492/19 244/493/148 
f 244/493/148 262/492/19 263/494/159 245/495/149 
f 245/495/149 263/494/159 264/496/30 246/497/150 
f 246/497/150 264/496/30 265/498/37 247/499/151 
f 247/499/151 265/498/37 266/500/44 248/501/152 
f 248/502/152 266/503/44 267/504/160 249/505/153 
f 249/505/153 267/504/160 250/463/154 232/462/136 
f 251/464/155 250/463/154 268/506/56 269/507/47 
f 252/466/40 251/464/155 269/507/47 270/508/40 
f 253/470/33 252/469/40 270/509/40 271/510/33 
f 254/472/26 253/470/33 271/510/33 272/511/26 
f 255/474/22 254/472/26 272/511/26 273/512/22 
f 256/476/156 255/474/22 273/512/22 274/513/16 
f 257/478/11 256/476/156 274/513/16 275/514/11 
f 258/482/157 257/481/11 275/515/11 276/516/6 
f 259/484/7 258/482/157 276/516/6 277/517/7 
f 260/486/158 259/484/7 277/517/7 278/518/9 
f 261/488/20 260/486/158 278/518/9 279/519/20 
f 262/492/19 261/491/20 279/520/20 280/521/19 
f 263/494/159 262/492/19 280/521/19 281/522/24 
f 264/496/30 263/494/159 281/522/24 282/523/30 
f 265/498/37 264/496/30 282/523/30 283/524/37 
f 266/500/44 265/498/37 283/524/37 284/525/44 
f 267/504/160 266/503/44 284/526/44 285/527/54 
f 250/463/154 267/504/160 285/527/54 268/506/56 
f 269/507/47 268/506/56 286/528/56 287/529/47 
f 270/508/40 269/507/47 287/529/47 288/530/40 
f 271/510/33 270/509/40 288/531/40 289/532/33 
f 272/511/26 271/510/33 289/532/33 290/533/26 
f 273/512/22 272/511/26 290/533/26 291/534/22 
f 274/513/16 273/512/22 291/534/22 292/535/16 
f 275/514/11 274/513/16 292/535/16 293/536/11 
f 276/516/6 275/515/11 293/537/11 294/538/6 
f 277/517/7 276/516/6 294/538/6 295/539/7 
f 278/518/9 277/517/7 295/539/7 296/540/9 
f 279/519/20 278/518/9 296/540/9 297/541/20 
f 280/521/19 279/520/20 297/542/20 298/543/19 
f 281/522/24 280/521/19 298/543/19 299/544/24 
f 282/523/30 281/522/24 299/544/24 300/545/30 
f 283/524/37 282/523/30 300/545/30 301/546/37 
f 284/525/44 283/524/37 301/546/37 302/547/44 
f 285/527/54 284/526/44 302/548/44 303/549/54 
f 268/506/56 285/527/54 303/549/54 286/528/56 
f 287/529/47 286/528/56 304/550/56 305/551/47 
f 288/530/40 287/529/47 305/551/47 306/552/40 
f 289/532/33 288/531/40 306/553/40 307/554/33 
f 290/533/26 289/532/33 307/554/33 308/555/26 
f 291/534/22 290/533/26 308/555/26 309/556/22 
f 292/535/16 291/534/22 309/556/22 310/557/16 
f 293/536/11 292/535/16 310/557/16 311/558/11 
f 294/538/6 293/537/11 311/559/11 312/560/6 
f 295/539/7 294/538/6 312/560/6 313/561/7 
f 296/540/9 295/539/7 313/561/7 314/562/9 
f 297/541/20 296/540/9 314/562/9 315/563/20 
f 298/543/19 297/542/20 315/564/20 316/565/19 
f 299/544/24 298/543/19 316/565/19 317/566/24 
f 300/545/30 299/544/24 317/566/24 318/567/30 
f 301/546/37 300/545/30 318/567/30 319/568/37 
f 302/547/44 301/546/37 319/568/37 320/569/44 
f 303/549/54 302/548/44 320/570/44 321/571/54 
f 286/528/56 303/549/54 321/571/54 304/550/56 
f 322/572/161 305/551/47 304/550/56 323/573/162 
f 324/574/163 306/552/40 305/551/47 322/572/161 
f 325/575/164 307/554/33 306/553/40 324/576/163 
f 326/577/165 308/555/26 307/554/33 325/575/164 
f 327/578/166 309/556/22 308/555/26 326/577/165 
f 328/579/167 310/557/16 309/556/22 327/578/166 
f 329/580/168 311/558/11 310/557/16 328/579/167 
f 330/581/169 312/560/6 311/559/11 329/582/168 
f 331/583/170 313/561/7 312/560/6 330/581/169 
f 332/584/171 314/562/9 313/561/7 331/583/170 
f 333/585/172 315/563/20 314/562/9 332/584/171 
f 334/586/173 316/565/19 315/564/20 333/587/172 
f 335/588/174 317/566/24 316/565/19 334/586/173 
f 336/589/175 318/567/30 317/566/24 335/588/174 
f 337/590/176 319/568/37 318/567/30 336/589/175 
f 338/591/177 320/569/44 319/568/37 337/590/176 
f 339/592/178 321/571/54 320/570/44 338/593/177 
f 323/573/162 304/550/56 321/571/54 339/592/178 
s 2
f 340/594/179 323/595/162 339/596/178 338/597/177 337/598/176 336/599/175 335/600/174 334/601/173 333/602/172 332/603/171 331/604/170 330/605/169 329/606/168 328/607/167 327/608/166 326/609/165 325/610/164 324/611/163 322/612/161 323/595/162 340/594/179 341/613/180 342/614/181 343/615/182 
s 8
f 340/616/179 343/617/182 344/618/183 345/619/184 
s 64
f 341/620/180 340/621/179 345/622/184 346/623/185 
s 32
f 342/624/181 341/625/180 346/626/185 347/627/186 
s 16
f 343/628/182 342/629/181 347/630/186 344/631/183 
s 4
f 345/632/184 344/633/183 347/634/186 346/635/185 
s 1
f 348/636/1 349/637/1 350/638/1 
f 348/636/1 350/638/1 351/639/1 
f 348/636/1 352/640/1 349/637/1 
f 350/638/1 349/637/1 353/641/2 354/642/3 
f 348/636/1 351/639/1 355/643/1 
f 351/639/1 350/638/1 354/642/3 356/644/187 
f 348/636/1 357/645/1 352/640/1 
f 349/637/1 352/640/1 358/646/5 353/641/2 
s 8
f 354/647/3 353/648/2 359/649/6 360/650/7 
s 1
f 348/636/1 355/643/1 361/651/1 
f 355/643/1 351/639/1 356/644/187 362/652/8 
s 8
f 356/653/187 354/647/3 360/650/7 363/654/9 
s 1
f 348/636/1 364/655/1 357/645/1 
f 352/640/1 357/645/1 365/656/10 358/646/5 
s 8
f 353/648/2 358/657/5 366/658/11 359/649/6 
f 360/650/7 359/649/6 367/659/6 368/660/12 
s 1
f 348/636/1 361/651/1 369/661/1 
f 361/651/1 355/643/1 362/652/8 370/662/188 
s 8
f 362/663/8 356/653/187 363/654/9 371/664/20 
f 363/654/9 360/650/7 368/660/12 372/665/9 
s 1
f 348/636/1 373/666/1 364/655/1 
f 357/645/1 364/655/1 374/667/15 365/656/10 
s 8
f 358/668/5 365/669/10 375/670/16 366/671/11 
f 359/649/6 366/658/11 376/672/17 367/659/6 
f 368/660/12 367/659/6 377/673/6 378/674/7 
s 1
f 348/636/1 369/661/1 379/675/1 
f 369/661/1 361/651/1 370/662/188 380/676/18 
s 8
f 370/677/188 362/678/8 371/679/20 381/680/19 
f 371/664/20 363/654/9 372/665/9 382/681/20 
f 372/665/9 368/660/12 378/674/7 383/682/9 
s 1
f 348/636/1 384/683/1 373/666/1 
f 364/655/1 373/666/1 385/684/21 374/667/15 
s 8
f 365/669/10 374/685/15 386/686/22 375/670/16 
f 366/671/11 375/670/16 387/687/16 376/688/17 
f 367/659/6 376/672/17 388/689/17 377/673/6 
f 378/674/7 377/673/6 389/690/6 390/691/7 
s 1
f 348/636/1 379/675/1 391/692/1 
f 379/675/1 369/661/1 380/676/18 392/693/23 
s 8
f 380/694/18 370/677/188 381/680/19 393/695/24 
f 381/680/19 371/679/20 382/696/20 394/697/19 
f 382/681/20 372/665/9 383/682/9 395/698/20 
f 383/682/9 378/674/7 390/691/7 396/699/9 
s 1
f 348/636/1 397/700/1 384/683/1 
f 373/666/1 384/683/1 398/701/25 385/684/21 
s 8
f 374/685/15 385/702/21 399/703/26 386/686/22 
f 375/670/16 386/686/22 400/704/22 387/687/16 
f 376/688/17 387/687/16 401/705/16 388/706/17 
f 377/673/6 388/689/17 402/707/17 389/690/6 
f 390/691/7 389/690/6 403/708/27 404/709/28 
s 1
f 348/636/1 391/692/1 405/710/1 
f 391/692/1 379/675/1 392/693/23 406/711/29 
s 8
f 392/712/23 380/694/18 393/695/24 407/713/30 
f 393/695/24 381/680/19 394/697/19 408/714/24 
f 394/697/19 382/696/20 395/715/20 409/716/19 
f 395/698/20 383/682/9 396/699/9 410/717/20 
f 396/699/9 390/691/7 404/709/28 411/718/31 
s 1
f 348/636/1 412/719/1 397/700/1 
f 384/683/1 397/700/1 413/720/189 398/701/25 
s 8
f 385/702/21 398/721/25 414/722/33 399/703/26 
f 386/686/22 399/703/26 415/723/26 400/704/22 
f 387/687/16 400/704/22 416/724/22 401/705/16 
f 388/706/17 401/705/16 417/725/16 402/726/17 
f 389/690/6 402/707/17 418/727/34 403/708/27 
s 1
f 404/728/28 403/729/27 419/730/35 420/731/35 
f 348/636/1 405/710/1 421/732/1 
f 405/710/1 391/692/1 406/711/29 422/733/36 
s 8
f 406/734/29 392/712/23 407/713/30 423/735/37 
f 407/713/30 393/695/24 408/714/24 424/736/30 
f 408/714/24 394/697/19 409/716/19 425/737/24 
f 409/716/19 395/715/20 410/738/20 426/739/19 
f 410/717/20 396/699/9 411/718/31 427/740/38 
s 1
f 411/741/31 404/728/28 420/731/35 428/742/35 
f 348/636/1 429/743/1 412/719/1 
f 397/700/1 412/719/1 430/744/39 413/720/189 
s 8
f 398/721/25 413/745/189 431/746/40 414/722/33 
f 399/703/26 414/722/33 432/747/33 415/723/26 
f 400/704/22 415/723/26 433/748/26 416/724/22 
f 401/705/16 416/724/22 434/749/22 417/725/16 
f 402/726/17 417/725/16 435/750/190 418/751/34 
s 1
f 403/729/27 418/752/34 436/753/35 419/730/35 
f 437/754/191 420/731/35 419/730/35 438/755/191 
f 348/636/1 421/732/1 429/743/1 
f 421/732/1 405/710/1 422/733/36 439/756/43 
s 8
f 422/757/36 406/734/29 423/735/37 440/758/78 
f 423/735/37 407/713/30 424/736/30 441/759/37 
f 424/736/30 408/714/24 425/737/24 442/760/30 
f 425/737/24 409/716/19 426/739/19 443/761/24 
f 426/739/19 410/738/20 427/762/38 444/763/192 
s 1
f 427/764/38 411/741/31 428/742/35 445/765/35 
f 446/766/191 428/742/35 420/731/35 437/754/191 
f 412/719/1 429/743/1 447/767/193 430/744/39 
s 8
f 413/768/189 430/769/39 448/770/47 431/771/40 
f 414/722/33 431/746/40 449/772/40 432/747/33 
f 415/723/26 432/747/33 450/773/33 433/748/26 
f 416/724/22 433/748/26 451/774/26 434/749/22 
f 417/725/16 434/749/22 452/775/194 435/750/190 
s 1
f 418/752/34 435/776/190 453/777/35 436/753/35 
f 438/755/191 419/730/35 436/753/35 454/778/191 
s 16
f 455/779/195 456/780/196 457/781/197 458/782/198 459/783/191 460/784/199 461/785/200 462/786/201 463/787/202 464/788/203 465/788/204 466/789/205 467/790/206 468/791/207 469/792/208 470/793/209 471/794/210 472/795/211 473/796/212 474/797/213 475/798/214 476/799/215 477/800/216 478/801/217 479/802/218 480/803/219 481/804/220 482/805/221 483/806/222 484/807/223 485/808/224 486/809/225 487/810/226 488/811/227 489/812/228 490/813/229 491/814/230 492/815/231 493/816/232 494/817/233 495/818/234 496/819/235 497/820/236 498/821/237 499/822/238 500/823/239 501/824/240 502/825/241 503/826/242 504/827/243 505/828/244 506/829/245 507/830/246 508/831/247 509/832/248 510/833/249 511/834/250 512/835/251 513/836/252 514/837/253 515/838/254 516/839/255 517/840/256 518/841/257 519/842/258 520/843/259 521/844/260 522/787/261 463/787/202 462/786/201 523/845/262 524/846/263 525/847/203 526/847/264 527/848/265 528/849/266 529/850/267 530/851/268 531/852/269 532/853/210 533/854/270 534/855/212 535/856/213 536/857/214 537/858/215 538/859/216 539/860/217 540/861/218 541/862/219 542/863/220 543/864/271 544/865/272 545/866/223 546/867/273 547/868/274 548/869/275 549/870/276 550/870/277 551/871/278 552/872/279 553/873/280 554/874/281 555/875/282 556/876/283 557/877/284 558/878/285 559/879/286 560/880/287 561/881/288 562/882/289 563/883/241 564/884/290 565/885/291 566/886/244 567/887/245 568/888/246 569/889/247 570/890/292 571/891/249 572/892/250 573/893/251 574/894/252 575/895/253 576/896/254 577/897/293 578/898/294 579/899/295 580/900/296 581/901/297 582/902/298 583/846/261 524/846/263 523/845/262 584/903/299 585/904/300 586/905/300 461/785/200 460/784/199 587/906/191 446/907/191 437/908/191 438/909/191 454/910/191 588/911/191 589/912/191 
s 1
f 429/743/1 421/732/1 439/756/43 447/767/193 
s 8
f 439/913/43 422/914/36 440/915/78 590/916/54 
f 440/758/78 423/735/37 441/759/37 591/917/44 
f 441/759/37 424/736/30 442/760/30 592/918/37 
f 442/760/30 425/737/24 443/761/24 593/919/30 
f 443/761/24 426/739/19 444/763/192 594/920/301 
s 1
f 444/921/192 427/764/38 445/765/35 595/922/35 
f 587/923/191 445/765/35 428/742/35 446/766/191 
s 8
f 430/769/39 447/924/193 596/925/56 448/770/47 
f 431/771/40 448/770/47 597/926/47 449/927/40 
f 432/747/33 449/772/40 598/928/40 450/773/33 
f 433/748/26 450/773/33 599/929/33 451/774/26 
f 434/749/22 451/774/26 600/930/57 452/775/194 
s 1
f 435/776/190 452/931/194 601/932/302 455/933/195 589/934/191 453/777/35 
f 454/778/191 436/753/35 453/777/35 588/935/191 
s 32
f 602/936/303 603/937/304 604/938/305 605/939/306 606/940/307 607/941/308 456/942/196 455/943/195 601/944/302 608/945/302 
s 4
f 609/946/309 610/947/310 611/948/311 612/949/312 613/950/313 457/951/197 456/952/196 607/953/308 614/954/314 615/955/315 604/956/305 603/957/304 
s 8
f 458/958/198 457/959/197 613/960/313 616/961/316 617/962/317 610/963/310 609/964/309 618/965/318 619/966/319 620/967/319 
s 1
f 594/968/301 444/921/192 595/922/35 459/969/191 458/970/198 620/971/319 
f 459/969/191 595/922/35 460/972/199 
s 4
f 461/973/200 621/974/320 622/975/35 462/976/201 
s 2147483648
f 463/977/202 623/978/321 624/979/322 464/980/203 
f 464/980/203 624/979/322 625/981/323 465/980/204 
f 465/980/204 625/981/323 626/982/324 466/983/205 
f 466/983/205 626/982/324 627/984/325 467/985/206 
f 467/985/206 627/984/325 628/986/326 468/987/207 
f 468/987/207 628/986/326 629/988/327 469/989/208 
f 469/989/208 629/988/327 630/990/328 470/991/209 
f 470/991/209 630/990/328 471/992/210 
f 471/992/210 630/990/328 631/993/329 472/994/211 
f 472/994/211 631/993/329 632/995/330 473/996/212 
f 473/996/212 632/995/330 633/997/331 474/998/213 
f 474/999/213 633/1000/331 634/1001/332 475/1002/214 
f 475/1002/214 634/1001/332 635/1003/333 476/1004/215 
f 476/1004/215 635/1003/333 636/1005/334 477/1006/216 
f 477/1006/216 636/1005/334 637/1007/335 478/1008/217 
f 478/1008/217 637/1007/335 638/1009/336 479/1010/218 
f 479/1010/218 638/1009/336 639/1011/337 480/1012/219 
f 480/1012/219 639/1011/337 640/1013/338 481/1014/220 
f 481/1014/220 640/1013/338 641/1015/339 482/1016/221 
f 482/1017/221 641/1018/339 483/1019/222 
f 483/1019/222 641/1018/339 642/1020/340 643/1021/341 484/1022/223 
f 484/1022/223 643/1021/341 644/1023/342 485/1024/224 
f 485/1024/224 644/1023/342 486/1025/225 
f 486/1025/225 644/1023/342 645/1026/343 487/1027/226 
f 487/1027/226 645/1026/343 646/1028/344 488/1029/227 
f 488/1029/227 646/1028/344 647/1030/345 648/1031/346 489/1029/228 
f 489/1029/228 648/1031/346 490/1032/229 
f 490/1032/229 648/1031/346 649/1033/347 491/1034/230 
f 491/1034/230 649/1033/347 650/1035/348 492/1036/231 
f 492/1036/231 650/1035/348 651/1037/349 493/1038/232 
f 493/1038/232 651/1037/349 652/1039/350 494/1040/233 
f 494/1040/233 652/1039/350 653/1041/351 495/1042/234 
f 495/1042/234 653/1041/351 654/1043/352 496/1044/235 
f 496/1044/235 654/1043/352 497/1045/236 
f 497/1045/236 654/1043/352 655/1046/353 656/1047/354 498/1048/237 
f 498/1048/237 656/1047/354 657/1049/355 499/1050/238 
f 499/1050/238 657/1049/355 658/1051/356 500/1052/239 
f 500/1052/239 658/1051/356 501/1053/240 
f 501/1053/240 658/1051/356 659/1054/357 502/1055/241 
f 502/1055/241 659/1054/357 660/1056/358 661/1057/359 503/1058/242 
f 503/1058/242 661/1057/359 504/1059/243 
f 504/1060/243 661/1061/359 662/1062/360 505/1063/244 
f 505/1063/244 662/1062/360 663/1064/361 506/1065/245 
f 506/1065/245 663/1064/361 664/1066/362 507/1067/246 
f 507/1067/246 664/1066/362 665/1068/363 508/1069/247 
f 508/1069/247 665/1068/363 666/1070/364 509/1071/248 
f 509/1071/248 666/1070/364 667/1072/365 510/1073/249 
f 510/1073/249 667/1072/365 668/1074/366 511/1075/250 
f 511/1075/250 668/1074/366 669/1076/367 512/1077/251 
f 512/1078/251 669/1079/367 670/1080/368 513/1081/252 
f 513/1081/252 670/1080/368 671/1082/369 514/1083/253 
f 514/1083/253 671/1082/369 672/1084/370 515/1085/254 
f 515/1085/254 672/1084/370 516/1086/255 
f 516/1086/255 672/1084/370 673/1087/371 517/1088/256 
f 517/1088/256 673/1087/371 674/1089/372 518/1090/257 
f 518/1090/257 674/1089/372 675/1091/373 519/1092/258 
f 519/1092/258 675/1091/373 676/1093/374 520/1094/259 
f 520/1094/259 676/1093/374 677/1095/375 521/1096/260 
f 521/1096/260 677/1095/375 678/1097/376 522/977/261 
f 522/977/261 678/1097/376 623/978/321 463/977/202 
s 32
f 462/1098/201 622/1099/35 523/1100/262 
s 1
f 524/1101/263 679/1102/321 680/1103/322 525/1101/203 
f 525/1101/203 680/1103/322 681/1104/323 526/1105/264 
f 526/1105/264 681/1104/323 682/1106/324 527/1107/265 
f 527/1107/265 682/1106/324 683/1108/325 528/1109/266 
f 528/1109/266 683/1108/325 684/1110/326 529/1111/267 
f 529/1111/267 684/1110/326 685/1112/327 530/1113/268 
f 530/1113/268 685/1112/327 686/1114/328 531/1115/269 
f 531/1115/269 686/1114/328 532/1116/210 
f 532/1116/210 686/1114/328 687/1117/329 533/1118/270 
f 533/1118/270 687/1117/329 688/1119/330 534/1120/212 
f 534/1120/212 688/1119/330 689/1121/331 535/1122/213 
f 535/1123/213 689/1124/331 690/1125/332 536/1126/214 
f 536/1126/214 690/1125/332 691/1127/333 537/1128/215 
f 537/1128/215 691/1127/333 692/1129/334 538/1130/216 
f 538/1130/216 692/1129/334 693/1131/377 539/1132/217 
f 539/1132/217 693/1131/377 694/1133/336 540/1134/218 
f 540/1134/218 694/1133/336 695/1135/337 541/1136/219 
f 541/1136/219 695/1135/337 696/1137/338 542/1138/220 
f 542/1138/220 696/1137/338 697/1139/339 543/1140/271 
f 543/1141/271 697/1142/339 544/1143/272 
f 544/1143/272 697/1142/339 698/1144/340 699/1145/341 545/1146/223 
f 545/1146/223 699/1145/341 700/1147/342 546/1148/273 
f 546/1148/273 700/1147/342 547/1149/274 
f 547/1149/274 700/1147/342 701/1150/343 548/1151/275 
f 548/1151/275 701/1150/343 702/1152/344 549/1153/276 
f 549/1153/276 702/1152/344 703/1154/345 704/1155/378 550/1156/277 
f 550/1156/277 704/1155/378 551/1157/278 
f 551/1157/278 704/1155/378 705/1158/379 552/1159/279 
f 552/1159/279 705/1158/379 706/1160/348 553/1161/280 
f 553/1161/280 706/1160/348 707/1162/349 554/1163/281 
f 554/1163/281 707/1162/349 708/1164/350 555/1165/282 
f 555/1165/282 708/1164/350 709/1166/380 556/1167/283 
f 556/1167/283 709/1166/380 710/1168/381 557/1169/284 
f 557/1169/284 710/1168/381 558/1170/285 
f 558/1170/285 710/1168/381 711/1171/353 712/1172/354 559/1173/286 
f 559/1173/286 712/1172/354 713/1174/355 560/1175/287 
f 560/1175/287 713/1174/355 714/1176/382 561/1177/288 
f 561/1177/288 714/1176/382 562/1178/289 
f 562/1178/289 714/1176/382 715/1179/357 563/1180/241 
f 563/1180/241 715/1179/357 716/1181/358 717/1182/359 564/1183/290 
f 564/1183/290 717/1182/359 565/1184/291 
f 565/1185/291 717/1186/359 718/1187/360 566/1188/244 
f 566/1188/244 718/1187/360 719/1189/361 567/1190/245 
f 567/1190/245 719/1189/361 720/1191/362 568/1192/246 
f 568/1192/246 720/1191/362 721/1193/363 569/1194/247 
f 569/1194/247 721/1193/363 722/1195/364 570/1196/292 
f 570/1196/292 722/1195/364 723/1197/365 571/1198/249 
f 571/1198/249 723/1197/365 724/1199/366 572/1200/250 
f 572/1200/250 724/1199/366 725/1201/367 573/1202/251 
f 573/1203/251 725/1204/367 726/1205/368 574/1206/252 
f 574/1206/252 726/1205/368 727/1207/369 575/1208/253 
f 575/1208/253 727/1207/369 728/1209/370 576/1210/254 
f 576/1210/254 728/1209/370 577/1211/293 
f 577/1211/293 728/1209/370 729/1212/371 578/1213/294 
f 578/1213/294 729/1212/371 730/1214/383 579/1215/295 
f 579/1215/295 730/1214/383 731/1216/373 580/1217/296 
f 580/1217/296 731/1216/373 732/1218/374 581/1219/297 
f 581/1219/297 732/1218/374 733/1220/375 582/1221/298 
f 582/1221/298 733/1220/375 734/1222/376 583/1221/261 
f 583/1221/261 734/1222/376 679/1102/321 524/1101/263 
s 16
f 523/1223/262 622/1224/35 735/1225/384 584/1226/299 
s 8
f 584/1227/299 735/1228/384 736/1229/1 585/1230/300 
f 585/1230/300 736/1229/1 586/1231/300 
f 586/1231/300 736/1229/1 621/1232/320 461/1233/200 
s 1
f 460/972/199 595/922/35 445/765/35 587/923/191 
f 588/935/191 453/777/35 589/934/191 
s 8
f 447/924/193 439/913/43 590/916/54 596/925/56 
f 590/916/54 440/915/78 591/1234/44 737/1235/54 
f 591/917/44 441/759/37 592/918/37 738/1236/44 
f 592/918/37 442/760/30 593/919/30 739/1237/37 
f 593/919/30 443/761/24 594/920/301 740/1238/79 
f 448/770/47 596/925/56 741/1239/56 597/926/47 
f 449/927/40 597/926/47 742/1240/47 598/1241/40 
f 450/773/33 598/928/40 743/1242/40 599/929/33 
f 451/774/26 599/929/33 744/1243/385 600/930/57 
s 1
f 601/932/302 452/931/194 600/1244/57 608/1245/302 
f 600/1244/57 744/1246/385 745/1247/35 746/1248/386 602/1249/303 608/1245/302 
s 64
f 618/1250/318 609/1251/309 603/1252/304 602/1253/303 746/1254/386 747/1255/386 748/1256/386 749/1257/386 750/1258/386 751/1259/386 752/1260/386 753/1261/386 754/1262/386 
s 16
f 755/1263/387 605/1264/306 604/1265/305 615/1266/315 756/1267/388 
s 2
f 605/1268/306 755/1269/387 757/1270/389 606/1271/307 
s 64
f 606/1272/307 757/1273/389 758/1274/390 614/1275/314 607/1276/308 
f 617/1277/317 759/1278/391 760/1279/392 761/1280/393 611/1281/311 610/1282/310 
s 32
f 611/1283/311 761/1284/393 762/1285/394 612/1286/312 
s 16
f 763/1287/395 616/1288/316 613/1289/313 612/1290/312 762/1291/394 764/1292/396 
s 4
f 614/954/314 758/1293/390 756/1294/388 615/955/315 
s 2
f 616/1295/316 763/1296/395 759/1297/391 617/1298/317 
s 1
f 765/1299/397 740/1300/79 619/1301/319 618/1302/318 754/1303/386 766/1304/35 
f 619/1301/319 740/1300/79 594/968/301 620/971/319 
s 2
f 622/1305/35 621/1306/320 735/1307/384 
s 2147483648
f 767/1308/398 624/979/322 623/978/321 768/1309/399 
f 769/1310/400 625/981/323 624/979/322 767/1308/398 
f 770/1311/401 626/982/324 625/981/323 769/1310/400 
f 771/1312/402 627/984/325 626/982/324 770/1311/401 
f 772/1313/403 628/986/326 627/984/325 771/1312/402 
f 773/1314/404 629/988/327 628/986/326 772/1313/403 
f 631/993/329 630/990/328 629/988/327 773/1314/404 
f 632/995/330 631/993/329 773/1314/404 774/1315/405 
f 633/997/331 632/995/330 774/1315/405 775/1316/406 
f 634/1001/332 633/1000/331 775/1317/406 776/1318/407 
f 635/1003/333 634/1001/332 776/1318/407 777/1319/408 
f 636/1005/334 635/1003/333 777/1319/408 778/1320/409 
f 637/1007/335 636/1005/334 778/1320/409 779/1321/410 
f 638/1009/336 637/1007/335 779/1321/410 780/1322/411 
f 639/1011/337 638/1009/336 780/1322/411 781/1323/412 
f 640/1013/338 639/1011/337 781/1323/412 782/1324/413 
f 641/1015/339 640/1013/338 782/1324/413 642/1325/340 
f 643/1021/341 642/1020/340 783/1326/414 784/1327/415 
f 644/1023/342 643/1021/341 784/1327/415 645/1026/343 
f 645/1026/343 784/1327/415 785/1328/416 646/1028/344 
f 646/1028/344 785/1328/416 786/1329/417 647/1030/345 
f 648/1031/346 647/1030/345 787/1330/418 649/1033/347 
f 649/1033/347 787/1330/418 788/1331/419 650/1035/348 
f 650/1035/348 788/1331/419 789/1332/420 651/1037/349 
f 651/1037/349 789/1332/420 790/1333/421 652/1039/350 
f 652/1039/350 790/1333/421 791/1334/422 653/1041/351 
f 653/1041/351 791/1334/422 655/1046/353 654/1043/352 
f 655/1046/353 792/1335/423 793/1336/424 656/1047/354 
f 656/1047/354 793/1336/424 794/1337/425 657/1049/355 
f 657/1049/355 794/1337/425 659/1054/357 658/1051/356 
f 794/1337/425 795/1338/426 660/1056/358 659/1054/357 
f 660/1339/358 796/1340/427 662/1062/360 661/1061/359 
f 796/1340/427 797/1341/428 663/1064/361 662/1062/360 
f 797/1341/428 798/1342/429 664/1066/362 663/1064/361 
f 798/1342/429 799/1343/430 665/1068/363 664/1066/362 
f 799/1343/430 800/1344/431 666/1070/364 665/1068/363 
f 800/1344/431 801/1345/432 667/1072/365 666/1070/364 
f 801/1345/432 802/1346/433 668/1074/366 667/1072/365 
f 802/1346/433 803/1347/434 669/1076/367 668/1074/366 
f 803/1348/434 804/1349/435 670/1080/368 669/1079/367 
f 804/1349/435 805/1350/436 671/1082/369 670/1080/368 
f 805/1350/436 673/1087/371 672/1084/370 671/1082/369 
f 806/1351/437 674/1089/372 673/1087/371 805/1350/436 
f 807/1352/438 675/1091/373 674/1089/372 806/1351/437 
f 808/1353/439 676/1093/374 675/1091/373 807/1352/438 
f 809/1354/440 677/1095/375 676/1093/374 808/1353/439 
f 810/1355/441 678/1097/376 677/1095/375 809/1354/440 
f 768/1309/399 623/978/321 678/1097/376 810/1355/441 
s 1
f 811/1356/398 680/1103/322 679/1102/321 812/1357/399 
f 813/1358/400 681/1104/323 680/1103/322 811/1356/398 
f 814/1359/401 682/1106/324 681/1104/323 813/1358/400 
f 815/1360/402 683/1108/325 682/1106/324 814/1359/401 
f 816/1361/403 684/1110/326 683/1108/325 815/1360/402 
f 817/1362/404 685/1112/327 684/1110/326 816/1361/403 
f 687/1117/329 686/1114/328 685/1112/327 817/1362/404 
f 688/1119/330 687/1117/329 817/1362/404 818/1363/405 
f 689/1121/331 688/1119/330 818/1363/405 819/1364/406 
f 690/1125/332 689/1124/331 819/1365/406 820/1366/407 
f 691/1127/333 690/1125/332 820/1366/407 821/1367/408 
f 692/1129/334 691/1127/333 821/1367/408 822/1368/409 
f 693/1131/377 692/1129/334 822/1368/409 823/1369/410 
f 694/1133/336 693/1131/377 823/1369/410 824/1370/411 
f 695/1135/337 694/1133/336 824/1370/411 825/1371/412 
f 696/1137/338 695/1135/337 825/1371/412 826/1372/413 
f 697/1139/339 696/1137/338 826/1372/413 698/1373/340 
f 699/1145/341 698/1144/340 827/1374/414 828/1375/415 
f 700/1147/342 699/1145/341 828/1375/415 701/1150/343 
f 701/1150/343 828/1375/415 829/1376/416 702/1152/344 
f 702/1152/344 829/1376/416 830/1377/417 703/1154/345 
f 704/1155/378 703/1154/345 831/1378/418 705/1158/379 
f 705/1158/379 831/1378/418 832/1379/419 706/1160/348 
f 706/1160/348 832/1379/419 833/1380/420 707/1162/349 
f 707/1162/349 833/1380/420 834/1381/421 708/1164/350 
f 708/1164/350 834/1381/421 835/1382/422 709/1166/380 
f 709/1166/380 835/1382/422 711/1171/353 710/1168/381 
f 711/1171/353 836/1383/423 837/1384/424 712/1172/354 
f 712/1172/354 837/1384/424 838/1385/425 713/1174/355 
f 713/1174/355 838/1385/425 715/1179/357 714/1176/382 
f 838/1385/425 839/1386/426 716/1181/358 715/1179/357 
f 716/1387/358 840/1388/427 718/1187/360 717/1186/359 
f 840/1388/427 841/1389/428 719/1189/361 718/1187/360 
f 841/1389/428 842/1390/429 720/1191/362 719/1189/361 
f 842/1390/429 843/1391/430 721/1193/363 720/1191/362 
f 843/1391/430 844/1392/431 722/1195/364 721/1193/363 
f 844/1392/431 845/1393/432 723/1197/365 722/1195/364 
f 845/1393/432 846/1394/433 724/1199/366 723/1197/365 
f 846/1394/433 847/1395/434 725/1201/367 724/1199/366 
f 847/1396/434 848/1397/435 726/1205/368 725/1204/367 
f 848/1397/435 849/1398/436 727/1207/369 726/1205/368 
f 849/1398/436 729/1212/371 728/1209/370 727/1207/369 
f 850/1399/437 730/1214/383 729/1212/371 849/1398/436 
f 851/1400/438 731/1216/373 730/1214/383 850/1399/437 
f 852/1401/439 732/1218/374 731/1216/373 851/1400/438 
f 853/1402/440 733/1220/375 732/1218/374 852/1401/439 
f 854/1403/441 734/1222/376 733/1220/375 853/1402/440 
f 812/1357/399 679/1102/321 734/1222/376 854/1403/441 
s 8
f 621/1232/320 736/1229/1 735/1228/384 
f 596/925/56 590/916/54 737/1235/54 741/1239/56 
f 737/1235/54 591/1234/44 738/1404/44 855/1405/54 
f 738/1236/44 592/918/37 739/1237/37 856/1406/44 
f 739/1237/37 593/919/30 740/1238/79 765/1407/397 
f 597/926/47 741/1239/56 857/1408/442 742/1240/47 
f 598/1241/40 742/1240/47 858/1409/47 743/1410/40 
f 599/929/33 743/1242/40 859/1411/443 744/1243/385 
s 1
f 744/1246/385 859/1412/443 860/1413/35 745/1247/35 
f 746/1248/386 745/1247/35 747/1414/386 
f 747/1414/386 745/1247/35 860/1413/35 748/1415/386 
f 748/1415/386 860/1413/35 861/1416/35 749/1417/386 
f 749/1417/386 861/1416/35 862/1418/35 750/1419/386 
f 750/1419/386 862/1418/35 863/1420/35 751/1421/386 
f 751/1421/386 863/1420/35 864/1422/35 752/1423/386 
f 752/1423/386 864/1422/35 766/1304/35 753/1424/386 
f 753/1424/386 766/1304/35 754/1303/386 
s 8
f 757/1425/389 755/1426/387 756/1427/388 758/1428/390 
f 759/1429/391 763/1430/395 764/1431/396 760/1432/392 
s 4
f 760/1433/392 764/1434/396 762/1435/394 761/1436/393 
s 1
f 865/1437/444 765/1299/397 766/1304/35 864/1422/35 
s 2147483648
f 866/1438/445 767/1308/398 768/1309/399 867/1439/446 
f 868/1440/447 769/1310/400 767/1308/398 866/1438/445 
f 869/1441/448 770/1311/401 769/1310/400 868/1440/447 
f 870/1442/449 771/1312/402 770/1311/401 869/1441/448 
f 871/1443/450 772/1313/403 771/1312/402 870/1442/449 
f 774/1315/405 773/1314/404 772/1313/403 871/1443/450 
f 775/1316/406 774/1315/405 871/1443/450 872/1444/451 
f 776/1445/407 775/1446/406 872/1447/451 873/1448/452 
f 777/1319/408 776/1318/407 873/1449/452 874/1450/453 
f 778/1320/409 777/1319/408 874/1450/453 875/1451/454 
f 779/1321/410 778/1320/409 875/1451/454 876/1452/455 
f 780/1322/411 779/1321/410 876/1452/455 877/1453/456 
f 781/1323/412 780/1322/411 877/1453/456 878/1454/457 
f 782/1324/413 781/1323/412 878/1454/457 879/1455/458 
f 642/1456/340 782/1457/413 879/1458/458 783/1459/414 
f 784/1327/415 783/1326/414 880/1460/459 785/1328/416 
f 785/1328/416 880/1460/459 881/1461/460 786/1329/417 
f 647/1030/345 786/1329/417 882/1462/461 787/1330/418 
f 787/1330/418 882/1462/461 883/1463/462 788/1331/419 
f 788/1331/419 883/1463/462 884/1464/463 789/1332/420 
f 789/1332/420 884/1464/463 885/1465/464 790/1333/421 
f 790/1333/421 885/1465/464 886/1466/465 791/1334/422 
f 791/1334/422 886/1466/465 792/1335/423 655/1046/353 
f 792/1335/423 887/1467/466 888/1468/467 793/1336/424 
f 793/1336/424 888/1468/467 795/1338/426 794/1337/425 
f 795/1469/426 889/1470/468 796/1471/427 660/1472/358 
f 889/1473/468 890/1474/469 797/1341/428 796/1340/427 
f 890/1474/469 891/1475/470 798/1342/429 797/1341/428 
f 891/1475/470 892/1476/471 799/1343/430 798/1342/429 
f 892/1476/471 893/1477/472 800/1344/431 799/1343/430 
f 893/1477/472 894/1478/473 801/1345/432 800/1344/431 
f 894/1478/473 895/1479/474 802/1346/433 801/1345/432 
f 895/1480/474 896/1481/475 803/1482/434 802/1483/433 
f 896/1484/475 897/1485/476 804/1349/435 803/1348/434 
f 897/1485/476 806/1351/437 805/1350/436 804/1349/435 
f 898/1486/477 807/1352/438 806/1351/437 897/1485/476 
f 899/1487/478 808/1353/439 807/1352/438 898/1486/477 
f 900/1488/479 809/1354/440 808/1353/439 899/1487/478 
f 901/1489/480 810/1355/441 809/1354/440 900/1488/479 
f 867/1439/446 768/1309/399 810/1355/441 901/1489/480 
s 1
f 902/1490/445 811/1356/398 812/1357/399 903/1491/446 
f 904/1492/447 813/1358/400 811/1356/398 902/1490/445 
f 905/1493/448 814/1359/401 813/1358/400 904/1492/447 
f 906/1494/449 815/1360/402 814/1359/401 905/1493/448 
f 907/1495/450 816/1361/403 815/1360/402 906/1494/449 
f 818/1363/405 817/1362/404 816/1361/403 907/1495/450 
f 819/1364/406 818/1363/405 907/1495/450 908/1496/451 
f 820/1497/407 819/1498/406 908/1499/451 909/1500/452 
f 821/1367/408 820/1366/407 909/1501/452 910/1502/453 
f 822/1368/409 821/1367/408 910/1502/453 911/1503/454 
f 823/1369/410 822/1368/409 911/1503/454 912/1504/455 
f 824/1370/411 823/1369/410 912/1504/455 913/1505/456 
f 825/1371/412 824/1370/411 913/1505/456 914/1506/457 
f 826/1372/413 825/1371/412 914/1506/457 915/1507/458 
f 698/1508/340 826/1509/413 915/1510/458 827/1511/414 
f 828/1375/415 827/1374/414 916/1512/459 829/1376/416 
f 829/1376/416 916/1512/459 917/1513/460 830/1377/417 
f 703/1154/345 830/1377/417 918/1514/461 831/1378/418 
f 831/1378/418 918/1514/461 919/1515/462 832/1379/419 
f 832/1379/419 919/1515/462 920/1516/463 833/1380/420 
f 833/1380/420 920/1516/463 921/1517/464 834/1381/421 
f 834/1381/421 921/1517/464 922/1518/465 835/1382/422 
f 835/1382/422 922/1518/465 836/1383/423 711/1171/353 
f 836/1383/423 923/1519/466 924/1520/467 837/1384/424 
f 837/1384/424 924/1520/467 839/1386/426 838/1385/425 
f 839/1521/426 925/1522/468 840/1523/427 716/1524/358 
f 925/1525/468 926/1526/469 841/1389/428 840/1388/427 
f 926/1526/469 927/1527/470 842/1390/429 841/1389/428 
f 927/1527/470 928/1528/481 843/1391/430 842/1390/429 
f 928/1528/481 929/1529/472 844/1392/431 843/1391/430 
f 929/1529/472 930/1530/473 845/1393/432 844/1392/431 
f 930/1530/473 931/1531/474 846/1394/433 845/1393/432 
f 931/1532/474 932/1533/475 847/1534/434 846/1535/433 
f 932/1536/475 933/1537/476 848/1397/435 847/1396/434 
f 933/1537/476 850/1399/437 849/1398/436 848/1397/435 
f 934/1538/477 851/1400/438 850/1399/437 933/1537/476 
f 935/1539/478 852/1401/439 851/1400/438 934/1538/477 
f 936/1540/479 853/1402/440 852/1401/439 935/1539/478 
f 937/1541/480 854/1403/441 853/1402/440 936/1540/479 
f 903/1491/446 812/1357/399 854/1403/441 937/1541/480 
s 8
f 741/1239/56 737/1235/54 855/1405/54 857/1408/442 
f 855/1405/54 738/1404/44 856/1542/44 938/1543/54 
f 856/1406/44 739/1237/37 765/1407/397 865/1544/444 
f 742/1240/47 857/1408/442 939/1545/442 858/1409/47 
f 743/1410/40 858/1409/47 940/1546/482 859/1547/443 
s 1
f 859/1412/443 940/1548/482 861/1416/35 860/1413/35 
f 940/1548/482 941/1549/483 862/1418/35 861/1416/35 
f 941/1549/483 942/1550/121 863/1420/35 862/1418/35 
f 942/1550/121 865/1437/444 864/1422/35 863/1420/35 
s 2147483648
f 943/1551/484 866/1438/445 867/1439/446 944/1552/485 
f 945/1553/486 868/1440/447 866/1438/445 943/1551/484 
f 946/1554/487 869/1441/448 868/1440/447 945/1553/486 
f 947/1555/488 870/1442/449 869/1441/448 946/1554/487 
f 872/1444/451 871/1443/450 870/1442/449 947/1555/488 
f 873/1448/452 872/1447/451 947/1556/488 948/1557/489 
f 874/1558/453 873/1448/452 948/1557/489 949/1559/490 
f 875/1451/454 874/1450/453 949/1560/490 950/1561/491 
f 876/1452/455 875/1451/454 950/1561/491 951/1562/492 
f 877/1453/456 876/1452/455 951/1562/492 952/1563/493 
f 878/1454/457 877/1453/456 952/1563/493 953/1564/494 
f 879/1458/458 878/1565/457 953/1566/494 954/1567/495 
f 783/1459/414 879/1458/458 954/1567/495 880/1568/459 
f 880/1568/459 954/1567/495 955/1569/496 881/1570/460 
f 786/1329/417 881/1461/460 956/1571/497 882/1462/461 
f 882/1462/461 956/1571/497 957/1572/498 883/1463/462 
f 883/1463/462 957/1572/498 958/1573/499 884/1464/463 
f 884/1464/463 958/1573/499 959/1574/500 885/1465/464 
f 885/1465/464 959/1574/500 960/1575/501 886/1466/465 
f 886/1466/465 960/1575/501 887/1467/466 792/1335/423 
f 887/1576/466 961/1577/502 962/1578/503 888/1579/467 
f 888/1579/467 962/1578/503 889/1470/468 795/1469/426 
f 962/1578/503 963/1580/504 890/1581/469 889/1470/468 
f 963/1582/504 964/1583/505 891/1475/470 890/1474/469 
f 964/1583/505 965/1584/506 892/1476/471 891/1475/470 
f 965/1584/506 966/1585/507 893/1477/472 892/1476/471 
f 966/1585/507 967/1586/508 894/1478/473 893/1477/472 
f 967/1587/508 968/1588/509 895/1480/474 894/1589/473 
f 968/1588/509 969/1590/510 896/1481/475 895/1480/474 
f 969/1591/510 898/1486/477 897/1485/476 896/1484/475 
f 970/1592/511 899/1487/478 898/1486/477 969/1591/510 
f 971/1593/512 900/1488/479 899/1487/478 970/1592/511 
f 972/1594/513 901/1489/480 900/1488/479 971/1593/512 
f 944/1552/485 867/1439/446 901/1489/480 972/1594/513 
s 1
f 973/1595/484 902/1490/445 903/1491/446 974/1596/485 
f 975/1597/486 904/1492/447 902/1490/445 973/1595/484 
f 976/1598/487 905/1493/448 904/1492/447 975/1597/486 
f 977/1599/488 906/1494/449 905/1493/448 976/1598/487 
f 908/1496/451 907/1495/450 906/1494/449 977/1599/488 
f 909/1500/452 908/1499/451 977/1600/488 978/1601/489 
f 910/1602/453 909/1500/452 978/1601/489 979/1603/490 
f 911/1503/454 910/1502/453 979/1604/490 980/1605/491 
f 912/1504/455 911/1503/454 980/1605/491 981/1606/492 
f 913/1505/456 912/1504/455 981/1606/492 982/1607/493 
f 914/1506/457 913/1505/456 982/1607/493 983/1608/494 
f 915/1510/458 914/1609/457 983/1610/494 984/1611/495 
f 827/1511/414 915/1510/458 984/1611/495 916/1612/459 
f 916/1612/459 984/1611/495 985/1613/496 917/1614/460 
f 830/1377/417 917/1513/460 986/1615/497 918/1514/461 
f 918/1514/461 986/1615/497 987/1616/498 919/1515/462 
f 919/1515/462 987/1616/498 988/1617/499 920/1516/463 
f 920/1516/463 988/1617/499 989/1618/500 921/1517/464 
f 921/1517/464 989/1618/500 990/1619/501 922/1518/465 
f 922/1518/465 990/1619/501 923/1519/466 836/1383/423 
f 923/1620/466 991/1621/502 992/1622/503 924/1623/467 
f 924/1623/467 992/1622/503 925/1522/468 839/1521/426 
f 992/1622/503 993/1624/504 926/1625/469 925/1522/468 
f 993/1626/504 994/1627/505 927/1527/470 926/1526/469 
f 994/1627/505 995/1628/506 928/1528/481 927/1527/470 
f 995/1628/506 996/1629/507 929/1529/472 928/1528/481 
f 996/1629/507 997/1630/508 930/1530/473 929/1529/472 
f 997/1631/508 998/1632/509 931/1532/474 930/1633/473 
f 998/1632/509 999/1634/510 932/1533/475 931/1532/474 
f 999/1635/510 934/1538/477 933/1537/476 932/1536/475 
f 1000/1636/511 935/1539/478 934/1538/477 999/1635/510 
f 1001/1637/512 936/1540/479 935/1539/478 1000/1636/511 
f 1002/1638/513 937/1541/480 936/1540/479 1001/1637/512 
f 974/1596/485 903/1491/446 937/1541/480 1002/1638/513 
s 8
f 857/1408/442 855/1405/54 938/1543/54 939/1545/442 
f 938/1543/54 856/1542/44 865/1639/444 942/1640/121 
f 858/1409/47 939/1545/442 941/1641/483 940/1546/482 
f 939/1545/442 938/1543/54 942/1640/121 941/1641/483 
s 2147483648
f 1003/1642/514 943/1643/484 944/1644/485 1004/1645/515 
f 1005/1646/516 945/1647/486 943/1643/484 1003/1642/514 
f 1006/1648/517 946/1649/487 945/1650/486 1005/1651/516 
f 948/1557/489 947/1556/488 946/1649/487 1006/1648/517 
f 949/1559/490 948/1557/489 1006/1648/517 1007/1652/518 
f 950/1653/491 949/1654/490 1007/1655/518 1008/1656/519 
f 951/1657/492 950/1653/491 1008/1656/519 1009/1658/520 
f 952/1659/493 951/1657/492 1009/1658/520 1010/1660/521 
f 953/1661/494 952/1659/493 1010/1660/521 1011/1662/522 
f 954/1567/495 953/1566/494 1011/1663/522 955/1569/496 
f 881/1570/460 955/1569/496 1012/1664/523 956/1665/497 
f 956/1666/497 1012/1667/523 1013/1668/524 957/1669/498 
f 957/1669/498 1013/1668/524 1014/1670/525 958/1671/499 
f 958/1671/499 1014/1670/525 1015/1672/526 959/1673/500 
f 959/1673/500 1015/1672/526 1016/1674/527 960/1675/501 
f 960/1676/501 1016/1677/527 961/1577/502 887/1576/466 
f 961/1577/502 1017/1678/528 963/1580/504 962/1578/503 
f 1017/1679/528 1018/1680/529 964/1681/505 963/1682/504 
f 1018/1680/529 1019/1683/530 965/1684/506 964/1681/505 
f 1019/1683/530 1020/1685/531 966/1686/507 965/1684/506 
f 1020/1685/531 1021/1687/532 967/1688/508 966/1686/507 
f 1021/1689/532 1022/1690/533 968/1588/509 967/1587/508 
f 1022/1690/533 970/1691/511 969/1590/510 968/1588/509 
f 1023/1692/534 971/1693/512 970/1691/511 1022/1690/533 
f 1024/1694/535 972/1695/513 971/1696/512 1023/1697/534 
f 1004/1645/515 944/1644/485 972/1695/513 1024/1694/535 
s 1
f 1025/1698/514 973/1699/484 974/1700/485 1026/1701/515 
f 1027/1702/516 975/1703/486 973/1699/484 1025/1698/514 
f 1028/1704/517 976/1705/487 975/1706/486 1027/1707/516 
f 978/1601/489 977/1600/488 976/1705/487 1028/1704/517 
f 979/1603/490 978/1601/489 1028/1704/517 1029/1708/518 
f 980/1709/491 979/1710/490 1029/1711/518 1030/1712/519 
f 981/1713/492 980/1709/491 1030/1712/519 1031/1714/520 
f 982/1715/493 981/1713/492 1031/1714/520 1032/1716/521 
f 983/1717/494 982/1715/493 1032/1716/521 1033/1718/522 
f 984/1611/495 983/1610/494 1033/1719/522 985/1613/496 
f 917/1614/460 985/1613/496 1034/1720/523 986/1721/497 
f 986/1722/497 1034/1723/523 1035/1724/524 987/1725/498 
f 987/1725/498 1035/1724/524 1036/1726/525 988/1727/499 
f 988/1727/499 1036/1726/525 1037/1728/526 989/1729/500 
f 989/1729/500 1037/1728/526 1038/1730/527 990/1731/501 
f 990/1732/501 1038/1733/527 991/1621/502 923/1620/466 
f 991/1621/502 1039/1734/528 993/1624/504 992/1622/503 
f 1039/1735/528 1040/1736/529 994/1737/505 993/1738/504 
f 1040/1736/529 1041/1739/536 995/1740/506 994/1737/505 
f 1041/1739/536 1042/1741/531 996/1742/507 995/1740/506 
f 1042/1741/531 1043/1743/532 997/1744/508 996/1742/507 
f 1043/1745/532 1044/1746/533 998/1632/509 997/1631/508 
f 1044/1746/533 1000/1747/511 999/1634/510 998/1632/509 
f 1045/1748/534 1001/1749/512 1000/1747/511 1044/1746/533 
f 1046/1750/535 1002/1751/513 1001/1752/512 1045/1753/534 
f 1026/1701/515 974/1700/485 1002/1751/513 1046/1750/535 
s 2147483648
f 1047/1754/537 1003/1642/514 1004/1645/515 1048/1755/538 
f 1049/1756/539 1005/1646/516 1003/1642/514 1047/1754/537 
f 1007/1655/518 1006/1757/517 1005/1646/516 1049/1756/539 
f 1008/1656/519 1007/1655/518 1049/1756/539 1050/1758/540 
f 1009/1658/520 1008/1656/519 1050/1758/540 1051/1759/541 
f 1010/1660/521 1009/1658/520 1051/1759/541 1052/1760/542 
f 1011/1662/522 1010/1660/521 1052/1760/542 1053/1761/543 
f 955/1762/496 1011/1662/522 1053/1761/543 1012/1667/523 
f 1012/1667/523 1053/1761/543 1054/1763/544 1013/1668/524 
f 1013/1668/524 1054/1763/544 1055/1764/545 1014/1670/525 
f 1014/1670/525 1055/1764/545 1056/1765/546 1015/1672/526 
f 1015/1672/526 1056/1765/546 1057/1766/547 1016/1674/527 
f 1016/1674/527 1057/1766/547 1017/1679/528 961/1767/502 
f 1057/1766/547 1058/1768/548 1018/1680/529 1017/1679/528 
f 1058/1768/548 1059/1769/549 1019/1683/530 1018/1680/529 
f 1059/1769/549 1060/1770/550 1020/1685/531 1019/1683/530 
f 1060/1770/550 1061/1771/551 1021/1687/532 1020/1685/531 
f 1061/1771/551 1023/1697/534 1022/1772/533 1021/1687/532 
f 1062/1773/552 1024/1694/535 1023/1697/534 1061/1771/551 
f 1048/1755/538 1004/1645/515 1024/1694/535 1062/1773/552 
s 1
f 1063/1774/537 1025/1698/514 1026/1701/515 1064/1775/538 
f 1065/1776/539 1027/1702/516 1025/1698/514 1063/1774/537 
f 1029/1711/518 1028/1777/517 1027/1702/516 1065/1776/539 
f 1030/1712/519 1029/1711/518 1065/1776/539 1066/1778/540 
f 1031/1714/520 1030/1712/519 1066/1778/540 1067/1779/541 
f 1032/1716/521 1031/1714/520 1067/1779/541 1068/1780/542 
f 1033/1718/522 1032/1716/521 1068/1780/542 1069/1781/543 
f 985/1782/496 1033/1718/522 1069/1781/543 1034/1723/523 
f 1034/1723/523 1069/1781/543 1070/1783/544 1035/1724/524 
f 1035/1724/524 1070/1783/544 1071/1784/545 1036/1726/525 
f 1036/1726/525 1071/1784/545 1072/1785/546 1037/1728/526 
f 1037/1728/526 1072/1785/546 1073/1786/547 1038/1730/527 
f 1038/1730/527 1073/1786/547 1039/1735/528 991/1787/502 
f 1073/1786/547 1074/1788/548 1040/1736/529 1039/1735/528 
f 1074/1788/548 1075/1789/549 1041/1739/536 1040/1736/529 
f 1075/1789/549 1076/1790/550 1042/1741/531 1041/1739/536 
f 1076/1790/550 1077/1791/551 1043/1743/532 1042/1741/531 
f 1077/1791/551 1045/1753/534 1044/1792/533 1043/1743/532 
f 1078/1793/552 1046/1750/535 1045/1753/534 1077/1791/551 
f 1064/1775/538 1026/1701/515 1046/1750/535 1078/1793/552 
s 2147483648
f 1079/1794/553 1047/1754/537 1048/1755/538 1080/1795/554 
f 1050/1758/540 1049/1756/539 1047/1754/537 1079/1794/553 
f 1051/1759/541 1050/1758/540 1079/1794/553 1081/1796/555 
f 1052/1760/542 1051/1759/541 1081/1796/555 1082/1797/556 
f 1053/1761/543 1052/1760/542 1082/1797/556 1054/1763/544 
f 1054/1763/544 1082/1797/556 1083/1798/557 1055/1764/545 
f 1055/1764/545 1083/1798/557 1084/1799/558 1056/1765/546 
f 1056/1765/546 1084/1799/558 1058/1768/548 1057/1766/547 
f 1084/1799/558 1085/1800/559 1059/1769/549 1058/1768/548 
f 1085/1800/559 1086/1801/560 1060/1770/550 1059/1769/549 
f 1086/1801/560 1062/1773/552 1061/1771/551 1060/1770/550 
f 1080/1795/554 1048/1755/538 1062/1773/552 1086/1801/560 
s 1
f 1087/1802/553 1063/1774/537 1064/1775/538 1088/1803/554 
f 1066/1778/540 1065/1776/539 1063/1774/537 1087/1802/553 
f 1067/1779/541 1066/1778/540 1087/1802/553 1089/1804/555 
f 1068/1780/542 1067/1779/541 1089/1804/555 1090/1805/556 
f 1069/1781/543 1068/1780/542 1090/1805/556 1070/1783/544 
f 1070/1783/544 1090/1805/556 1091/1806/557 1071/1784/545 
f 1071/1784/545 1091/1806/557 1092/1807/558 1072/1785/546 
f 1072/1785/546 1092/1807/558 1074/1788/548 1073/1786/547 
f 1092/1807/558 1093/1808/559 1075/1789/549 1074/1788/548 
f 1093/1808/559 1094/1809/560 1076/1790/550 1075/1789/549 
f 1094/1809/560 1078/1793/552 1077/1791/551 1076/1790/550 
f 1088/1803/554 1064/1775/538 1078/1793/552 1094/1809/560 
s 2147483648
f 1081/1796/555 1079/1794/553 1080/1795/554 1095/1810/7 
f 1082/1797/556 1081/1796/555 1095/1810/7 1083/1798/557 
f 1083/1798/557 1095/1810/7 1085/1800/559 1084/1799/558 
f 1095/1810/7 1080/1795/554 1086/1801/560 1085/1800/559 
s 1
f 1089/1804/555 1087/1802/553 1088/1803/554 1096/1811/7 
f 1090/1805/556 1089/1804/555 1096/1811/7 1091/1806/557 
f 1091/1806/557 1096/1811/7 1093/1808/559 1092/1807/558 
f 1096/1811/7 1088/1803/554 1094/1809/560 1093/1808/559 
s 4
f 1097/1812/561 1098/1813/562 1099/1814/563 
s 2
f 1097/1815/561 1099/1816/563 1100/1817/564 
s 32
f 1097/1818/561 1101/1819/565 1098/1820/562 
s 8
f 1098/1821/562 1102/1822/566 1099/1823/563 
s 16
f 1097/1824/561 1100/1825/564 1101/1826/565 
s 8
f 1099/1823/563 1102/1822/566 1100/1827/564 
f 1101/1828/565 1102/1822/566 1098/1821/562 
f 1100/1827/564 1102/1822/566 1101/1828/565 
s 4
f 1103/1829/567 1104/1830/568 1105/1831/569 
s 2
f 1103/1832/567 1105/1833/569 1106/1834/570 
s 32
f 1103/1835/567 1107/1836/571 1104/1837/568 
s 8
f 1104/1838/568 1108/1839/572 1105/1840/569 
s 16
f 1103/1841/567 1106/1842/570 1107/1843/571 
s 8
f 1105/1840/569 1108/1839/572 1106/1844/570 
f 1107/1845/571 1108/1839/572 1104/1838/568 
f 1106/1844/570 1108/1839/572 1107/1845/571 
s 4
f 1109/1846/35 1110/1847/573 1111/1848/574 
s 2
f 1109/1849/35 1111/1850/574 1112/1851/575 
s 32
f 1109/1852/35 1113/1853/576 1110/1854/573 
s 8
f 1110/1855/573 1114/1856/1 1111/1857/574 
s 16
f 1109/1858/35 1112/1859/575 1113/1860/576 
s 8
f 1111/1857/574 1114/1856/1 1112/1861/575 
f 1113/1862/576 1114/1856/1 1110/1855/573 
f 1112/1861/575 1114/1856/1 1113/1862/576 
s 4
f 1115/1863/35 1116/1864/573 1117/1865/574 
s 2
f 1115/1866/35 1117/1867/574 1118/1868/575 
s 32
f 1115/1869/35 1119/1870/576 1116/1871/573 
s 8
f 1116/1872/573 1120/1873/1 1117/1874/574 
s 16
f 1115/1875/35 1118/1876/575 1119/1877/576 
s 8
f 1117/1874/574 1120/1873/1 1118/1878/575 
f 1119/1879/576 1120/1873/1 1116/1872/573 
f 1118/1878/575 1120/1873/1 1119/1879/576 
s 4
f 1121/1880/35 1122/1881/573 1123/1882/574 
s 2
f 1121/1883/35 1123/1884/574 1124/1885/575 
s 32
f 1121/1886/35 1125/1887/576 1122/1888/573 
s 8
f 1122/1889/573 1126/1890/1 1123/1891/574 
s 16
f 1121/1892/35 1124/1893/575 1125/1894/576 
s 8
f 1123/1891/574 1126/1890/1 1124/1895/575 
f 1125/1896/576 1126/1890/1 1122/1889/573 
f 1124/1895/575 1126/1890/1 1125/1896/576 
# 897 polygons - 107 triangles

