# 3ds Max Wavefront OBJ Exporter v0.99 - (c)2007 guruware
# File Created: 02.09.2025 11:13:50

mtllib Gary the Ghost.mtl

#
# object Cylinder029
#

v  -15.9523 0.0000 -37.2761
v  -11.0958 0.0000 -39.0438
v  -10.7841 0.0000 -37.2761
v  -11.0958 0.0000 -35.5085
v  -11.9932 0.0000 -40.5982
v  -6.2392 0.0000 -40.8114
v  -5.6159 0.0000 -37.2761
v  -11.9932 0.0000 -33.9541
v  -6.2392 0.0000 -33.7409
v  -13.3682 0.0000 -41.7520
v  -8.0341 0.0000 -43.9203
v  -6.2392 0.6303 -40.8114
v  -5.6159 0.6303 -37.2761
v  -13.3682 0.0000 -32.8003
v  -8.0341 0.0000 -30.6320
v  -6.2392 0.6303 -33.7409
v  -15.0549 0.0000 -42.3659
v  -10.7841 0.0000 -46.2278
v  -8.0341 0.6303 -43.9203
v  -6.2392 1.2607 -40.8114
v  -5.6159 1.2607 -37.2761
v  -15.0549 0.0000 -32.1864
v  -10.7841 0.0000 -28.3245
v  -8.0341 0.6303 -30.6320
v  -6.2392 1.2607 -33.7409
v  -16.8498 0.0000 -42.3659
v  -14.1574 0.0000 -47.4556
v  -10.7841 0.6303 -46.2278
v  -8.0341 1.2607 -43.9203
v  -6.2392 1.8910 -40.8114
v  -5.6159 1.8910 -37.2761
v  -16.8498 0.0000 -32.1864
v  -14.1574 0.0000 -27.0967
v  -10.7841 0.6303 -28.3245
v  -8.0341 1.2607 -30.6320
v  -6.2392 1.8910 -33.7409
v  -18.5364 0.0000 -41.7520
v  -17.7472 0.0000 -47.4556
v  -14.1574 0.6303 -47.4556
v  -10.7841 1.2607 -46.2278
v  -8.0341 1.8910 -43.9203
v  -6.2392 2.5213 -40.8114
v  -5.6159 2.5213 -37.2761
v  -18.5364 0.0000 -32.8003
v  -17.7472 0.0000 -27.0967
v  -14.1574 0.6303 -27.0967
v  -10.7841 1.2607 -28.3245
v  -8.0341 1.8910 -30.6320
v  -6.2392 2.5213 -33.7409
v  -19.9114 0.0000 -40.5982
v  -21.1205 0.0000 -46.2278
v  -17.7472 0.6303 -47.4556
v  -14.1574 1.2607 -47.4556
v  -10.7841 1.8910 -46.2278
v  -8.0341 2.5213 -43.9203
v  -6.2392 3.1517 -40.8114
v  -5.6159 3.1517 -37.2761
v  -19.9114 0.0000 -33.9541
v  -21.1205 0.0000 -28.3245
v  -17.7472 0.6303 -27.0967
v  -14.1574 1.2607 -27.0967
v  -10.7841 1.8910 -28.3245
v  -8.0341 2.5213 -30.6320
v  -6.2392 3.1517 -33.7409
v  -20.8088 0.0000 -39.0438
v  -23.8705 0.0000 -43.9203
v  -21.1205 0.6303 -46.2278
v  -17.7472 1.2607 -47.4556
v  -14.1574 1.8910 -47.4556
v  -10.7841 2.5213 -46.2278
v  -8.0341 3.1517 -43.9203
v  -11.0312 3.1517 -39.0673
v  -10.8237 3.1517 -38.3832
v  -10.7147 3.1517 -37.2761
v  -20.8088 0.0000 -35.5085
v  -23.8705 0.0000 -30.6320
v  -21.1205 0.6303 -28.3245
v  -17.7472 1.2607 -27.0967
v  -14.1574 1.8910 -27.0967
v  -10.7841 2.5213 -28.3245
v  -8.0341 3.1517 -30.6320
v  -10.7049 3.1517 -37.1762
v  -10.8237 3.1517 -35.9692
v  -10.9766 3.1517 -35.4651
v  -21.1205 0.0000 -37.2761
v  -25.6654 0.0000 -40.8114
v  -23.8705 0.6303 -43.9203
v  -21.1205 1.2607 -46.2278
v  -17.7472 1.8910 -47.4556
v  -14.1574 2.5213 -47.4556
v  -10.7841 3.1517 -46.2278
v  -11.8403 3.1517 -40.7265
v  -11.7476 3.1517 -40.6135
v  -11.1758 3.1517 -39.5439
v  -11.8533 16.8209 -38.1892
v  -12.1485 16.8209 -39.1625
v  -11.7999 17.4247 -37.1771
v  -11.8270 16.8209 -37.9224
v  -11.8733 17.4247 -37.9224
v  -25.6654 0.0000 -33.7409
v  -23.8705 0.6303 -30.6320
v  -21.1205 1.2607 -28.3245
v  -17.7472 1.8910 -27.0967
v  -14.1574 2.5213 -27.0967
v  -10.7841 3.1517 -28.3245
v  -11.1758 3.1517 -34.8085
v  -11.7442 3.1517 -33.7451
v  -11.8738 17.4247 -36.4268
v  -11.8275 16.8209 -36.4268
v  -11.8533 16.8209 -36.1648
v  -12.1485 16.8209 -35.1916
v  -26.2887 0.0000 -37.2761
v  -25.6654 0.6303 -40.8114
v  -23.8705 1.2607 -43.9203
v  -21.1205 1.8910 -46.2278
v  -17.7472 2.5213 -47.4556
v  -14.1574 3.1517 -47.4556
v  -13.1732 3.1517 -42.0896
v  -12.5170 3.1517 -41.5511
v  -12.6280 16.8209 -40.0594
v  -13.3066 17.4247 -40.8145
v  -12.7599 17.4247 -40.1484
v  -12.7010 16.8209 -40.1484
v  -11.0096 16.8209 -40.1484
v  -11.0096 16.8209 -37.9224
v  -11.7725 18.4480 -37.9224
v  -11.6991 18.4480 -37.1771
v  -11.0096 20.8667 -37.9224
v  -12.3918 20.8667 -37.9224
v  -12.1718 20.4551 -37.9224
v  -11.8733 19.4712 -37.9224
v  -25.6654 0.6303 -33.7409
v  -23.8705 1.2607 -30.6320
v  -21.1205 1.8910 -28.3245
v  -17.7472 2.5213 -27.0967
v  -14.1574 3.1517 -27.0967
v  -11.7476 3.1517 -33.7389
v  -12.5170 3.1517 -32.8013
v  -13.0949 3.1517 -32.3270
v  -12.6279 16.8209 -34.2946
v  -11.7730 18.4480 -36.4268
v  -11.0095 16.8209 -36.4268
v  -11.8738 19.4712 -36.4268
v  -12.1723 20.4551 -36.4268
v  -12.3922 20.8667 -36.4268
v  -11.0095 20.8667 -36.4268
v  -11.0095 16.8209 -34.2008
v  -12.7049 16.8209 -34.2008
v  -26.2887 0.6303 -37.2761
v  -25.6654 1.2607 -40.8114
v  -23.8705 1.8910 -43.9203
v  -21.1205 2.5213 -46.2278
v  -17.7472 3.1517 -47.4556
v  -14.9398 3.1517 -43.0183
v  -14.5242 3.1517 -42.8923
v  -13.4546 3.1517 -42.3205
v  -14.0861 17.4247 -41.4542
v  -13.2353 18.4480 -40.8857
v  -12.6302 18.4480 -40.1484
v  -12.7599 19.4712 -40.1484
v  -13.1442 20.4551 -40.1484
v  -13.2197 20.5648 -40.1484
v  -13.2197 20.8667 -40.1484
v  -11.0096 20.8667 -40.1484
v  -11.7999 19.4712 -37.1771
v  -13.2197 20.8667 -39.8953
v  -13.0979 20.8667 -39.7469
v  -12.6705 20.8667 -38.9472
v  -12.4072 20.8667 -38.0795
v  -12.5830 21.3619 -37.1770
v  -12.0984 20.4551 -37.1770
v  -12.6668 21.3619 -38.0278
v  -25.6654 1.2607 -33.7409
v  -23.8705 1.8910 -30.6320
v  -21.1205 2.5213 -28.3245
v  -17.7472 3.1517 -27.0967
v  -13.4545 3.1517 -32.0319
v  -14.5242 3.1517 -31.4601
v  -14.9063 3.1517 -31.3442
v  -12.7639 17.4247 -34.2008
v  -13.3066 17.4247 -33.5396
v  -14.0861 17.4247 -32.8999
v  -11.0095 20.8667 -34.2008
v  -12.6668 21.3619 -36.3263
v  -12.4072 20.8667 -36.2746
v  -13.2197 20.8667 -34.2008
v  -12.6705 20.8667 -35.4069
v  -13.0979 20.8667 -34.6072
v  -13.2197 20.8667 -34.4588
v  -13.2197 20.5590 -34.2008
v  -13.1482 20.4551 -34.2008
v  -12.7639 19.4712 -34.2008
v  -12.6342 18.4480 -34.2008
v  -26.2887 1.2607 -37.2761
v  -25.6654 1.8910 -40.8114
v  -23.8705 2.5213 -43.9203
v  -21.1205 3.1517 -46.2278
v  -17.0233 3.1517 -43.3503
v  -16.8919 3.1517 -43.3632
v  -15.6849 3.1517 -43.2443
v  -14.9085 15.3069 -42.0724
v  -15.9027 15.3174 -42.3732
v  -14.6554 15.3042 -41.9374
v  -14.6329 17.4247 -41.7465
v  -14.0301 18.4480 -41.5380
v  -13.3066 19.4712 -40.8145
v  -13.5176 20.4551 -40.6034
v  -13.3180 21.3619 -39.5999
v  -13.8604 21.3619 -40.2607
v  -12.9150 21.3619 -38.8459
v  -13.2353 22.1567 -37.1770
v  -13.3066 22.1567 -37.9006
v  -25.6654 1.8910 -33.7409
v  -23.8705 2.5213 -30.6320
v  -21.1205 3.1517 -28.3245
v  -15.6848 3.1517 -31.1081
v  -16.8919 3.1517 -30.9892
v  -17.0580 3.1517 -31.0055
v  -14.9754 17.4247 -32.4245
v  -15.9027 15.3174 -31.9806
v  -15.8854 17.4247 -32.1485
v  -15.3479 15.3116 -32.1485
v  -13.2353 18.4480 -33.4683
v  -14.0301 18.4480 -32.8161
v  -13.3066 22.1567 -36.4535
v  -12.9150 21.3619 -35.5082
v  -13.3180 21.3619 -34.7542
v  -13.8603 21.3619 -34.0934
v  -13.5176 20.4551 -33.7507
v  -13.3066 19.4712 -33.5396
v  -26.2887 1.8910 -37.2761
v  -25.6654 2.5213 -40.8114
v  -23.8705 3.1517 -43.9203
v  -19.2044 3.1517 -42.9090
v  -18.0989 3.1517 -43.2443
v  -16.9364 15.3284 -42.4742
v  -17.9697 15.3393 -42.3716
v  -18.7009 15.3470 -42.1493
v  -18.7009 15.3470 -43.7424
v  -14.6554 15.3042 -43.7424
v  -14.5819 22.2424 -41.5164
v  -14.6046 20.0992 -41.5164
v  -14.6113 19.4712 -41.7349
v  -14.6221 18.4480 -41.8544
v  -14.5819 22.2424 -43.7424
v  -14.0861 19.4712 -41.4542
v  -14.2519 20.4551 -41.2061
v  -13.8603 22.1567 -39.2375
v  -14.3216 22.1567 -39.7995
v  -14.5212 21.3619 -40.8031
v  -13.5176 22.1567 -38.5963
v  -14.0301 22.8089 -37.1770
v  -14.0861 22.8089 -37.7455
v  -25.6654 2.5213 -33.7409
v  -23.8705 3.1517 -30.6320
v  -18.0989 3.1517 -31.1081
v  -19.2595 3.1517 -31.4601
v  -19.2982 3.1517 -31.4808
v  -16.9364 15.3284 -31.8796
v  -17.9697 15.3393 -31.9822
v  -14.9369 18.4480 -32.3314
v  -18.7009 15.3471 -29.9224
v  -18.7009 15.3471 -32.1485
v  -18.5164 15.3451 -32.1485
v  -14.6554 15.3042 -32.1485
v  -14.6554 15.3042 -29.9224
v  -15.5399 18.4480 -32.1485
v  -18.6275 22.2852 -32.1485
v  -14.5819 22.2424 -32.1485
v  -15.8854 19.4712 -32.1485
v  -15.9438 19.5273 -32.1485
v  -16.9440 19.8521 -32.1485
v  -17.9443 19.5273 -32.1485
v  -18.0026 19.4712 -32.1485
v  -18.3481 18.4480 -32.1485
v  -18.0026 17.4247 -32.1485
v  -14.0861 19.4712 -32.8999
v  -14.0861 22.8089 -36.6086
v  -13.5176 22.1567 -35.7578
v  -13.8603 22.1567 -35.1166
v  -14.3216 22.1567 -34.5546
v  -14.5212 21.3619 -33.5510
v  -14.2519 20.4551 -33.1480
v  -26.2887 2.5213 -37.2761
v  -25.6654 3.1517 -40.8114
v  -21.1556 3.1517 -41.6423
v  -20.3292 3.1517 -42.3205
v  -19.2595 3.1517 -42.8923
v  -18.9126 17.4247 -41.9296
v  -18.6789 17.4247 -42.0005
v  -18.6275 22.2852 -41.5164
v  -18.6275 22.2852 -43.7424
v  -18.6358 21.4970 -43.7424
v  -18.6358 21.4970 -43.4232
v  -18.6843 16.9209 -43.4232
v  -18.6843 16.9209 -43.7424
v  -18.6681 18.4480 -42.1086
v  -18.6573 19.4712 -42.0070
v  -18.6468 20.4551 -41.6998
v  -18.6433 20.7870 -41.5164
v  -14.9129 16.9209 -43.7424
v  -14.9129 21.4970 -43.7424
v  -16.6508 21.4970 -43.7424
v  -16.5510 21.7637 -43.7424
v  -16.5094 22.1275 -43.7424
v  -16.5249 22.2630 -43.7424
v  -16.5214 22.2629 -43.7161
v  -16.5094 22.2628 -43.6273
v  -16.5510 22.2632 -43.3174
v  -16.6707 22.2645 -43.0440
v  -16.8541 22.2665 -42.8403
v  -17.0791 22.2688 -42.7308
v  -17.3185 22.2714 -42.7286
v  -17.5435 22.2738 -42.8341
v  -17.7269 22.2757 -43.0345
v  -17.8466 22.2770 -43.3057
v  -17.8882 22.2774 -43.6149
v  -17.8723 22.2772 -43.7330
v  -17.8711 22.2772 -43.7424
v  -17.8072 21.2433 -41.5164
v  -17.1636 21.3619 -41.5164
v  -16.9440 21.3882 -41.5164
v  -16.7244 21.3619 -41.5164
v  -16.0809 21.2433 -41.5164
v  -15.1466 20.7335 -41.5164
v  -14.8325 20.4551 -41.5164
v  -14.5212 22.8089 -38.7959
v  -14.8836 22.8089 -39.2375
v  -14.8836 22.1567 -40.2607
v  -15.2752 21.3619 -41.2061
v  -14.2519 22.8089 -38.2922
v  -14.9369 23.2936 -37.1770
v  -14.9755 23.2936 -37.5686
v  -25.6654 3.1517 -33.7409
v  -20.3292 3.1517 -32.0319
v  -21.4781 3.1517 -32.5072
v  -21.5311 3.1517 -32.5367
v  -21.5594 3.1517 -32.5712
v  -18.9126 17.4247 -32.4245
v  -19.8019 17.4247 -32.8999
v  -14.9754 19.4712 -32.4245
v  -16.5437 21.4970 -29.9224
v  -14.6745 21.4970 -29.9224
v  -14.6745 16.9209 -29.9224
v  -18.6843 16.9209 -29.9224
v  -14.5819 22.2424 -29.9224
v  -16.5649 22.2634 -29.9224
v  -16.5510 22.2229 -29.9224
v  -16.5094 21.8251 -29.9224
v  -18.6275 22.2852 -29.9224
v  -18.6843 16.9209 -29.9472
v  -18.6358 21.4970 -29.9472
v  -18.6358 21.4970 -29.9224
v  -17.8282 22.2768 -29.9224
v  -17.8466 22.2770 -29.9622
v  -17.8882 22.2774 -30.2552
v  -17.8673 22.2772 -30.4020
v  -17.8466 22.2770 -30.5476
v  -17.7269 22.2757 -30.8041
v  -17.5435 22.2738 -30.9937
v  -17.3185 22.2714 -31.0936
v  -17.0791 22.2688 -31.0917
v  -16.8541 22.2665 -30.9883
v  -16.6707 22.2645 -30.7959
v  -16.5510 22.2633 -30.5375
v  -16.5345 22.2631 -30.4211
v  -16.5094 22.2628 -30.2445
v  -16.5510 22.2633 -29.9521
v  -15.0897 20.4551 -32.7002
v  -15.9987 20.4551 -32.4245
v  -16.9440 20.4551 -32.3314
v  -17.8894 20.4551 -32.4245
v  -18.7984 20.4551 -32.7002
v  -18.9126 19.4712 -32.4245
v  -18.9512 18.4480 -32.3314
v  -14.9755 23.2936 -36.7855
v  -14.2519 22.8089 -36.0619
v  -14.5212 22.8089 -35.5582
v  -14.8836 22.8089 -35.1166
v  -14.8836 22.1567 -34.0934
v  -15.2751 21.3619 -33.1480
v  -26.2887 3.1517 -37.2761
v  -22.8920 3.1517 -39.8020
v  -22.3471 3.1517 -40.8214
v  -21.5311 3.1517 -41.8157
v  -21.4877 3.1517 -41.8513
v  -21.4781 3.1517 -41.8452
v  -21.2210 3.1517 -41.5887
v  -19.8019 17.4247 -41.4542
v  -18.9512 18.4480 -42.0227
v  -17.7468 21.4970 -43.7424
v  -17.8882 22.1275 -43.7424
v  -17.8466 21.7637 -43.7424
v  -19.2362 21.4970 -43.4232
v  -17.8466 21.4970 -43.9693
v  -17.8882 21.4970 -44.2789
v  -17.8466 21.4970 -44.5885
v  -17.7269 21.4970 -44.8607
v  -17.5435 21.4970 -45.0628
v  -17.5262 21.4970 -45.0710
v  -17.3185 21.4970 -45.1703
v  -17.0791 21.4970 -45.1703
v  -16.8714 21.4970 -45.0710
v  -16.8541 21.4970 -45.0628
v  -16.6707 21.4970 -44.8607
v  -16.5510 21.4970 -44.5885
v  -16.5094 21.4970 -44.2789
v  -16.5510 21.4970 -43.9693
v  -14.9129 21.4970 -45.7146
v  -19.2362 21.4970 -45.7146
v  -19.2362 16.9209 -43.4232
v  -19.2362 16.9209 -45.7146
v  -14.9129 16.9209 -45.7146
v  -18.9126 19.4712 -41.9296
v  -18.7984 20.4551 -41.6538
v  -17.7948 21.3619 -41.4542
v  -18.6129 21.3619 -41.2061
v  -16.5510 22.3718 -43.8441
v  -16.5510 23.4848 -42.8971
v  -16.5094 23.3320 -42.7176
v  -16.5510 23.1792 -42.5380
v  -16.6707 23.0448 -42.3801
v  -16.8541 22.9451 -42.2629
v  -17.0791 22.8920 -42.2005
v  -17.3185 22.8920 -42.2005
v  -17.5435 22.9451 -42.2629
v  -17.7269 23.0448 -42.3801
v  -17.8466 23.1792 -42.5380
v  -17.8882 23.3320 -42.7176
v  -17.8466 23.4848 -42.8971
v  -17.8466 22.3718 -43.8441
v  -17.6676 22.1567 -40.8145
v  -16.9440 22.1567 -40.8857
v  -16.2205 22.1567 -40.8145
v  -16.0932 21.3619 -41.4542
v  -15.2751 23.2936 -38.2921
v  -15.5248 23.2936 -38.5963
v  -15.3251 22.8089 -39.5999
v  -15.5248 22.1567 -40.6034
v  -15.0897 23.2936 -37.9451
v  -15.9208 23.5921 -37.1770
v  -15.9405 23.5921 -37.3767
v  -22.3471 3.1517 -33.5310
v  -22.9534 3.1517 -34.6653
v  -22.9705 3.1517 -34.7217
v  -20.6527 18.4480 -33.4683
v  -21.3050 18.4480 -34.2631
v  -19.8579 18.4480 -32.8161
v  -16.5094 21.4970 -29.6811
v  -18.9978 21.4970 -27.6559
v  -14.6745 21.4970 -27.6559
v  -16.5510 21.4970 -29.3884
v  -16.6707 21.4970 -29.1310
v  -16.7999 21.4970 -28.9964
v  -16.8541 21.4970 -28.9400
v  -17.0791 21.4970 -28.8383
v  -17.3185 21.4970 -28.8383
v  -17.5435 21.4970 -28.9400
v  -17.5977 21.4970 -28.9964
v  -17.7269 21.4970 -29.1310
v  -17.8466 21.4970 -29.3884
v  -17.8882 21.4970 -29.6811
v  -17.8539 21.4970 -29.9224
v  -18.9978 21.4970 -29.9472
v  -14.6745 16.9209 -27.6559
v  -18.9978 16.9209 -27.6559
v  -18.9978 16.9209 -29.9472
v  -16.5510 22.4870 -30.1167
v  -16.6707 22.6099 -29.9497
v  -17.8882 21.8251 -29.9224
v  -17.8466 22.2229 -29.9224
v  -17.7269 22.6099 -29.9497
v  -17.8466 22.4870 -30.1167
v  -17.8882 22.3473 -30.3066
v  -17.8882 23.5244 -31.1726
v  -17.8466 23.3847 -31.3625
v  -17.7269 23.2618 -31.5295
v  -17.5435 23.1706 -31.6535
v  -17.3185 23.1221 -31.7195
v  -17.0791 23.1221 -31.7195
v  -16.8541 23.1706 -31.6535
v  -16.6707 23.2618 -31.5295
v  -16.5510 23.3847 -31.3625
v  -16.5094 23.5244 -31.1726
v  -16.5094 22.3473 -30.3066
v  -16.0932 21.3619 -32.8999
v  -16.9440 21.3619 -32.8161
v  -17.7948 21.3619 -32.8999
v  -18.6129 21.3619 -33.1480
v  -19.6361 20.4551 -33.1480
v  -19.8019 19.4712 -32.8999
v  -15.9405 23.5921 -36.9774
v  -15.0897 23.2936 -36.4089
v  -15.2751 23.2936 -36.0619
v  -15.5248 23.2936 -35.7578
v  -15.3251 22.8089 -34.7542
v  -15.5248 22.1567 -33.7506
v  -23.4430 3.1517 -37.2761
v  -23.3268 3.1517 -38.4562
v  -22.9534 3.1517 -39.6871
v  -21.3050 18.4480 -40.0910
v  -21.7897 18.4480 -39.1842
v  -20.6527 18.4480 -40.8857
v  -19.8579 18.4480 -41.5380
v  -17.7269 22.5062 -44.0020
v  -17.5435 22.6059 -44.1192
v  -17.3185 22.6590 -44.1816
v  -17.3185 21.5460 -45.1286
v  -17.0791 21.5460 -45.1286
v  -17.0791 22.6590 -44.1816
v  -16.8541 22.6059 -44.1192
v  -16.6707 22.5062 -44.0020
v  -17.8520 20.1259 -45.7146
v  -16.5456 20.1259 -45.7146
v  -16.5510 20.1735 -45.7146
v  -16.6707 20.4935 -45.7146
v  -16.8541 20.7310 -45.7146
v  -17.0791 20.8573 -45.7146
v  -17.3185 20.8573 -45.7146
v  -17.5435 20.7310 -45.7146
v  -17.7269 20.4935 -45.7146
v  -17.8466 20.1735 -45.7146
v  -19.8019 19.4712 -41.4542
v  -19.6361 20.4551 -41.2061
v  -18.3633 22.1567 -40.6034
v  -19.3668 21.3619 -40.8031
v  -16.6707 23.6191 -43.0551
v  -16.5510 24.5977 -41.9502
v  -16.5094 24.4449 -41.7706
v  -16.5510 24.2922 -41.5910
v  -16.6707 24.1578 -41.4331
v  -16.8541 24.0581 -41.3159
v  -17.0791 24.0050 -41.2535
v  -17.3185 24.0050 -41.2535
v  -17.5435 24.0581 -41.3159
v  -17.7269 24.1578 -41.4331
v  -17.8466 24.2922 -41.5910
v  -17.8882 24.4449 -41.7706
v  -17.8466 24.5977 -41.9502
v  -17.7269 23.6191 -43.0551
v  -16.9440 22.8089 -40.0910
v  -17.5125 22.8089 -40.0350
v  -16.3756 22.8089 -40.0350
v  -16.0932 23.5921 -37.7455
v  -16.2205 23.5921 -37.9006
v  -15.8289 23.2936 -38.8459
v  -15.8289 22.8089 -39.8691
v  -15.9987 23.5921 -37.5686
v  -16.9440 23.6929 -37.1770
v  -23.3268 3.1517 -35.8962
v  -23.4528 3.1517 -37.1762
v  -21.7897 18.4480 -35.1699
v  -22.0881 18.4480 -36.1538
v  -21.2212 19.4712 -34.3191
v  -20.5815 19.4712 -33.5396
v  -16.8541 22.7011 -29.8258
v  -16.8541 21.5240 -28.9598
v  -17.0791 21.5725 -28.8938
v  -17.3185 21.5725 -28.8938
v  -17.5435 21.5240 -28.9598
v  -17.5435 22.7011 -29.8258
v  -16.5510 23.6641 -30.9827
v  -16.6707 23.7870 -30.8157
v  -17.7269 23.7870 -30.8157
v  -17.8466 23.6641 -30.9827
v  -17.8882 24.7015 -32.0386
v  -17.8466 24.5618 -32.2285
v  -17.7269 24.3854 -32.3561
v  -17.7575 24.4703 -32.3528
v  -17.6663 24.3039 -32.3593
v  -17.5435 24.3052 -32.4882
v  -17.3504 24.3061 -32.5761
v  -17.3185 24.2992 -32.5854
v  -17.0791 24.2992 -32.5854
v  -16.8541 24.3052 -32.4882
v  -17.0472 24.3061 -32.5761
v  -16.7313 24.3039 -32.3593
v  -16.6707 24.3854 -32.3561
v  -16.6401 24.4703 -32.3528
v  -16.5510 24.5618 -32.2285
v  -16.5094 24.7015 -32.0386
v  -16.2205 22.1567 -33.5396
v  -16.9440 22.1567 -33.4683
v  -17.6675 22.1567 -33.5396
v  -18.3633 22.1567 -33.7506
v  -19.3668 21.3619 -33.5510
v  -20.3704 20.4551 -33.7506
v  -15.9987 23.5921 -36.7855
v  -16.0932 23.5921 -36.6086
v  -16.2205 23.5921 -36.4535
v  -15.8289 23.2936 -35.5082
v  -15.8289 22.8089 -34.4849
v  -22.0881 18.4480 -38.2003
v  -22.1889 18.4480 -37.1770
v  -21.2212 19.4712 -40.0350
v  -21.6966 19.4712 -39.1456
v  -20.5815 19.4712 -40.8145
v  -17.5435 23.7189 -43.1723
v  -17.3185 23.7719 -43.2346
v  -17.0791 23.7719 -43.2346
v  -16.8541 23.7189 -43.1723
v  -17.8466 20.1459 -45.7381
v  -17.7269 20.2803 -45.8960
v  -17.5435 20.3800 -46.0132
v  -17.3185 20.4331 -46.0756
v  -17.0791 20.4331 -46.0756
v  -16.8541 20.3800 -46.0132
v  -16.6707 20.2803 -45.8960
v  -16.5510 20.1459 -45.7381
v  -20.3704 20.4551 -40.6034
v  -18.0591 22.8089 -39.8691
v  -19.0045 22.1567 -40.2607
v  -20.0277 21.3619 -40.2607
v  -16.6707 24.7321 -42.1081
v  -16.5094 24.8890 -41.3928
v  -16.5510 25.2703 -41.3779
v  -16.5510 24.5077 -41.4076
v  -16.5915 24.3942 -41.4121
v  -16.6707 24.3924 -41.2335
v  -16.8541 24.3904 -41.0331
v  -17.0791 24.3894 -40.9265
v  -17.3185 24.3894 -40.9265
v  -17.5435 24.3904 -41.0331
v  -17.7269 24.3924 -41.2335
v  -17.8061 24.3942 -41.4121
v  -17.8466 24.5077 -41.4076
v  -17.8882 24.8890 -41.3928
v  -17.7269 24.7321 -42.1081
v  -17.8466 25.2703 -41.3779
v  -16.9440 23.2936 -39.1842
v  -17.3356 23.2936 -39.1456
v  -16.5525 23.2936 -39.1456
v  -16.3755 23.5921 -38.0278
v  -16.1759 23.2936 -39.0314
v  -21.6966 19.4712 -35.2085
v  -21.9893 19.4712 -36.1735
v  -20.9730 20.4551 -34.4849
v  -16.8541 23.8782 -30.6917
v  -17.0791 22.7496 -29.7598
v  -17.3185 22.7496 -29.7598
v  -17.5435 23.8782 -30.6917
v  -16.5510 24.8412 -31.8487
v  -16.6707 24.9641 -31.6816
v  -17.7269 24.9641 -31.6816
v  -17.8466 24.8412 -31.8487
v  -17.8466 24.7176 -32.3432
v  -17.8882 25.0955 -32.3284
v  -17.3185 24.3062 -32.5906
v  -17.0791 24.3062 -32.5906
v  -16.5510 24.7176 -32.3432
v  -16.5094 25.0955 -32.3284
v  -16.3755 22.8089 -34.3191
v  -16.9440 22.8089 -34.2631
v  -17.5125 22.8089 -34.3191
v  -18.0591 22.8089 -34.4849
v  -19.0045 22.1567 -34.0934
v  -20.0277 21.3619 -34.0934
v  -16.3755 23.5921 -36.3263
v  -16.1759 23.2936 -35.3227
v  -21.9893 19.4712 -38.1806
v  -22.0881 19.4712 -37.1770
v  -20.9730 20.4551 -39.8691
v  -21.4208 20.4551 -39.0314
v  -17.5435 24.8318 -42.2253
v  -17.3185 24.8849 -42.2876
v  -17.0791 24.8849 -42.2876
v  -16.8541 24.8318 -42.2253
v  -17.7121 23.2936 -39.0314
v  -18.5629 22.8089 -39.5999
v  -19.5665 22.1567 -39.7995
v  -20.5700 21.3619 -39.5999
v  -16.6707 25.6057 -41.3648
v  -17.7269 25.6057 -41.3648
v  -16.9440 23.5921 -38.2003
v  -17.1436 23.5921 -38.1806
v  -16.7444 23.5921 -38.1806
v  -16.5524 23.5921 -38.1224
v  -21.4208 20.4551 -35.3227
v  -21.6966 20.4551 -36.2317
v  -20.5700 21.3619 -34.7542
v  -17.0791 23.9267 -30.6258
v  -16.8541 25.0553 -31.5577
v  -17.3185 23.9267 -30.6258
v  -17.5435 25.0553 -31.5577
v  -16.6707 25.8055 -32.3007
v  -16.5510 25.4733 -32.3137
v  -17.8466 25.4733 -32.3137
v  -17.7269 25.8055 -32.3007
v  -16.5524 23.2936 -35.2085
v  -16.9440 23.2936 -35.1699
v  -17.3356 23.2936 -35.2085
v  -17.7121 23.2936 -35.3227
v  -18.5629 22.8089 -34.7542
v  -19.5665 22.1567 -34.5546
v  -16.5524 23.5921 -36.2317
v  -21.6966 20.4551 -38.1224
v  -21.7897 20.4551 -37.1770
v  -20.9730 21.3619 -38.8459
v  -17.5435 25.8546 -41.3550
v  -17.3185 25.9870 -41.3499
v  -16.8541 25.8546 -41.3550
v  -17.0791 25.9870 -41.3499
v  -17.3356 23.5921 -38.1224
v  -18.0591 23.2936 -38.8459
v  -19.0045 22.8089 -39.2375
v  -20.0277 22.1567 -39.2375
v  -20.9730 21.3619 -35.5082
v  -21.2212 21.3619 -36.3263
v  -20.0277 22.1567 -35.1166
v  -17.0791 25.1038 -31.4917
v  -16.8541 26.0521 -32.2910
v  -17.3185 25.1038 -31.4917
v  -17.5435 26.0521 -32.2910
v  -16.7444 23.5921 -36.1735
v  -16.9440 23.5921 -36.1538
v  -17.1436 23.5921 -36.1735
v  -17.3356 23.5921 -36.2317
v  -18.0591 23.2936 -35.5082
v  -19.0045 22.8089 -35.1166
v  -21.2212 21.3619 -38.0278
v  -21.3050 21.3619 -37.1770
v  -20.3704 22.1567 -38.5963
v  -17.5125 23.5921 -38.0278
v  -18.3633 23.2936 -38.5963
v  -19.3668 22.8089 -38.7959
v  -20.3704 22.1567 -35.7578
v  -20.5815 22.1567 -36.4535
v  -19.3668 22.8089 -35.5582
v  -17.0791 26.1833 -32.2859
v  -17.3185 26.1833 -32.2859
v  -17.5125 23.5921 -36.3263
v  -18.3633 23.2936 -35.7578
v  -20.5815 22.1567 -37.9006
v  -20.6527 22.1567 -37.1770
v  -19.6361 22.8089 -38.2921
v  -17.6676 23.5921 -37.9006
v  -18.6129 23.2936 -38.2921
v  -19.6361 22.8089 -36.0619
v  -19.8019 22.8089 -36.6086
v  -18.6129 23.2936 -36.0619
v  -17.6676 23.5921 -36.4535
v  -19.8019 22.8089 -37.7455
v  -19.8579 22.8089 -37.1770
v  -18.7984 23.2936 -37.9451
v  -17.7948 23.5921 -37.7455
v  -18.7984 23.2936 -36.4089
v  -18.9126 23.2936 -36.7855
v  -17.7948 23.5921 -36.6086
v  -18.9126 23.2936 -37.5686
v  -18.9512 23.2936 -37.1770
v  -17.8894 23.5921 -37.5686
v  -17.8894 23.5921 -36.7855
v  -17.9476 23.5921 -36.9774
v  -17.9476 23.5921 -37.3767
v  -17.9672 23.5921 -37.1770
v  -18.9978 24.3942 -41.4121
v  -18.9978 26.6851 -41.3226
v  -14.6745 26.6851 -41.3226
v  -14.6745 24.3942 -41.4121
v  -14.6745 24.3039 -32.3593
v  -18.9978 24.3039 -32.3593
v  -18.9978 26.5948 -32.2698
v  -14.6745 26.5948 -32.2698
# 763 vertices

vn 0.0000 -1.0000 -0.0000
vn 0.6976 -0.6700 -0.2539
vn 0.7424 -0.6700 0.0000
vn 0.6976 -0.6700 0.2539
vn 0.5686 -0.6701 -0.4771
vn 0.9397 0.0000 -0.3420
vn 1.0000 0.0000 -0.0000
vn 0.5687 -0.6700 0.4772
vn 0.9397 0.0000 0.3420
vn 0.3712 -0.6700 -0.6429
vn 0.7660 0.0000 -0.6428
vn 1.0000 0.0000 0.0000
vn 0.3712 -0.6700 0.6429
vn 0.7661 0.0000 0.6428
vn 0.1289 -0.6700 -0.7311
vn 0.5000 0.0000 -0.8660
vn 0.7661 0.0000 -0.6428
vn 0.1289 -0.6700 0.7311
vn 0.5000 0.0000 0.8660
vn 0.7660 0.0000 0.6428
vn -0.1289 -0.6700 -0.7311
vn 0.1736 0.0000 -0.9848
vn -0.1289 -0.6700 0.7311
vn 0.1736 0.0000 0.9848
vn -0.3712 -0.6700 -0.6429
vn -0.1736 0.0000 -0.9848
vn 0.6976 0.6700 -0.2539
vn 0.7423 0.6701 -0.0000
vn -0.3712 -0.6700 0.6429
vn -0.1736 0.0000 0.9848
vn 0.6975 0.6701 0.2539
vn -0.5686 -0.6701 -0.4771
vn -0.5000 0.0000 -0.8660
vn 0.5686 0.6701 -0.4771
vn 0.6504 0.7335 -0.1973
vn 0.7390 -0.6575 -0.1470
vn 0.0000 1.0000 -0.0000
vn -0.5687 -0.6700 0.4772
vn -0.5000 0.0000 0.8660
vn 0.5687 0.6700 0.4772
vn 0.7535 -0.6575 0.0000
vn 0.7390 -0.6575 0.1470
vn 0.6504 0.7335 0.1973
vn -0.6976 -0.6700 -0.2539
vn -0.7660 0.0000 -0.6428
vn 0.3711 0.6701 -0.6428
vn 0.6264 -0.6577 -0.4184
vn 0.6961 -0.6576 -0.2882
vn 0.6877 0.7130 -0.1368
vn 0.6478 0.7129 -0.2684
vn 0.9999 -0.0109 -0.0000
vn -0.5216 -0.6012 0.6053
vn 0.7584 -0.0082 0.6517
vn -0.6976 -0.6700 0.2539
vn -0.7660 0.0000 0.6428
vn 0.3712 0.6700 0.6429
vn 0.6961 -0.6576 0.2883
vn 0.7584 -0.0081 -0.6517
vn -0.5216 -0.6012 -0.6053
vn 0.6877 0.7130 0.1368
vn 0.6478 0.7130 0.2684
vn -0.7423 -0.6700 -0.0000
vn -0.9397 0.0000 -0.3420
vn -0.7661 0.0000 -0.6428
vn 0.1289 0.6701 -0.7310
vn 0.4315 0.7331 -0.5258
vn 0.5326 -0.6579 -0.5324
vn 0.5831 0.7128 -0.3897
vn 0.7070 -0.0114 -0.7071
vn 0.4517 -0.0068 -0.8921
vn -0.7265 -0.5811 -0.3669
vn 0.5774 -0.5774 -0.5774
vn 0.5774 -0.5774 0.5774
vn 0.6934 -0.0000 -0.7206
vn 0.5774 0.5774 0.5774
vn -0.6825 0.4369 0.5860
vn 0.6425 0.2679 -0.7180
vn 0.6805 0.1362 -0.7199
vn -0.9397 0.0000 0.3420
vn 0.1289 0.6700 0.7311
vn 0.6264 -0.6577 0.4184
vn 0.5326 -0.6579 0.5325
vn 0.4315 0.7331 0.5257
vn 0.5831 0.7128 0.3897
vn 0.6934 -0.0000 0.7206
vn 0.6805 0.1362 0.7199
vn 0.6425 0.2679 0.7180
vn -0.6825 0.4369 -0.5860
vn 0.5774 0.5774 -0.5774
vn -0.7265 -0.5811 0.3669
vn -1.0000 0.0000 -0.0000
vn -0.1289 0.6700 -0.7311
vn 0.2882 -0.6583 -0.6954
vn 0.4184 -0.6581 -0.6260
vn 0.5555 -0.0117 -0.8315
vn 0.7071 -0.0000 -0.7071
vn 0.9157 -0.0000 0.4019
vn 0.8871 0.2150 0.4085
vn 0.8073 0.4068 0.4277
vn -0.8032 -0.3802 -0.4585
vn -0.5774 0.5774 -0.5774
vn 0.9810 0.1939 -0.0000
vn -0.7740 0.4956 0.3941
vn 0.7240 -0.4918 -0.4837
vn 0.8044 -0.4918 -0.3332
vn 0.8540 -0.4918 -0.1699
vn 0.8333 0.5528 -0.0000
vn 0.9248 0.3805 -0.0000
vn 0.8173 0.5528 -0.1626
vn -0.7661 0.0000 0.6428
vn -0.1289 0.6700 0.7311
vn 0.4184 -0.6581 0.6260
vn 0.2882 -0.6583 0.6954
vn 0.1976 0.7327 0.6513
vn 0.4517 -0.0068 0.8921
vn 0.7070 -0.0114 0.7071
vn 0.5555 -0.0116 0.8315
vn 0.8173 0.5528 0.1626
vn 0.8540 -0.4918 0.1699
vn -0.5774 0.5774 0.5774
vn 0.8044 -0.4918 0.3332
vn 0.7240 -0.4918 0.4837
vn -0.7740 0.4956 -0.3941
vn -0.8032 -0.3802 0.4585
vn 0.8073 0.4067 -0.4277
vn 0.8871 0.2150 -0.4085
vn 0.9157 -0.0000 -0.4019
vn -0.3711 0.6701 -0.6429
vn 0.0002 -0.6589 -0.7523
vn 0.1470 -0.6586 -0.7380
vn 0.2746 0.7108 -0.6476
vn 0.1432 0.7112 -0.6882
vn 0.4301 -0.5880 0.6850
vn 0.8436 -0.0128 -0.5368
vn 0.5556 -0.0000 -0.8315
vn 0.6937 0.1939 -0.6937
vn 0.6539 0.3805 -0.6539
vn 0.6929 0.5528 -0.4630
vn 0.5893 0.5528 -0.5893
vn 0.7699 0.5528 -0.3189
vn 0.7101 0.7041 -0.0000
vn 0.6965 0.7041 -0.1385
vn -0.3711 0.6701 0.6429
vn 0.1470 -0.6585 0.7380
vn 0.0002 -0.6588 0.7523
vn 0.3826 -0.0120 0.9239
vn 0.1432 0.7113 0.6882
vn 0.9915 -0.0327 -0.1262
vn -0.0963 -0.6864 -0.7208
vn 0.7071 -0.0000 0.7071
vn 0.5556 0.0000 0.8315
vn 0.6965 0.7041 0.1385
vn 0.7699 0.5528 0.3189
vn 0.6929 0.5528 0.4630
vn 0.5893 0.5528 0.5893
vn 0.6539 0.3805 0.6539
vn 0.6937 0.1939 0.6937
vn -0.5686 0.6701 -0.4771
vn -0.1466 -0.6591 -0.7376
vn 0.0064 0.7117 -0.7024
vn -0.1308 0.7122 -0.6897
vn -0.5041 -0.5788 0.6410
vn -0.5834 -0.5712 -0.5774
vn 0.5712 -0.5834 -0.5774
vn 0.5834 0.5712 0.5774
vn 0.5191 -0.2298 0.8233
vn -0.4924 0.1932 -0.8487
vn -0.4891 0.0094 -0.8722
vn 0.5834 0.5712 -0.5774
vn 0.5450 0.1939 -0.8157
vn 0.5138 0.3805 -0.7689
vn 0.5905 0.7041 -0.3945
vn 0.5021 0.7041 -0.5021
vn 0.4630 0.5528 -0.6929
vn 0.6561 0.7041 -0.2718
vn 0.5598 0.8286 -0.0000
vn 0.5490 0.8286 -0.1092
vn -0.5686 0.6701 0.4771
vn -0.1466 -0.6591 0.7377
vn -0.2876 -0.6593 0.6947
vn 0.0064 0.7118 0.7024
vn -0.1308 0.7122 0.6896
vn 0.3827 0.0000 0.9239
vn -0.5834 -0.5712 0.5774
vn -0.5835 -0.5712 -0.5773
vn 0.0842 -0.6871 -0.7216
vn 0.5712 -0.5834 0.5774
vn 0.1762 -0.0000 0.9844
vn -0.5712 0.5834 -0.5774
vn 0.1650 0.1299 0.9777
vn 0.1251 0.1679 0.9778
vn 0.0000 0.1751 0.9845
vn -0.1251 0.1679 0.9778
vn -0.1649 0.1299 0.9777
vn -0.1762 -0.0000 0.9844
vn -0.9913 -0.0357 -0.1264
vn 0.5450 0.1939 0.8157
vn 0.5490 0.8286 0.1092
vn 0.6561 0.7041 0.2718
vn 0.5905 0.7041 0.3945
vn 0.5021 0.7041 0.5021
vn 0.4630 0.5528 0.6929
vn 0.5138 0.3805 0.7689
vn -0.6976 0.6700 -0.2539
vn -0.4175 -0.6596 -0.6250
vn -0.2876 -0.6594 -0.6946
vn -0.3827 -0.0134 -0.9238
vn -0.7874 -0.0026 -0.6165
vn -0.5712 0.5834 0.5774
vn -0.5807 -0.5746 -0.5768
vn 0.5807 0.5746 0.5768
vn 0.5740 -0.5801 0.5779
vn -0.5740 0.5801 -0.5779
vn 0.5719 -0.0081 -0.8203
vn 0.5751 0.1549 -0.8033
vn 0.5827 0.3091 -0.7516
vn -0.5891 -0.2548 0.7669
vn 0.7892 0.4421 -0.4262
vn 0.6531 -0.1119 0.7489
vn 0.7542 0.0471 0.6550
vn -0.6504 0.5417 -0.5326
vn 0.9898 0.0513 -0.1330
vn 0.7470 -0.6633 -0.0450
vn 0.6542 -0.7428 0.1423
vn 0.5109 -0.8089 0.2908
vn 0.3272 -0.8566 0.3989
vn 0.1110 -0.8815 0.4589
vn -0.1197 -0.8803 0.4590
vn -0.3363 -0.8532 0.3987
vn -0.5198 -0.8035 0.2901
vn -0.6622 -0.7358 0.1416
vn -0.7541 -0.6553 -0.0445
vn -0.2244 0.9740 -0.0315
vn 0.6554 0.5342 -0.5340
vn -0.1085 0.2669 -0.9576
vn -0.0414 0.3360 -0.9409
vn -0.0000 0.3592 -0.9333
vn 0.0414 0.3360 -0.9409
vn 0.1085 0.2669 -0.9576
vn 0.2083 0.2641 -0.9417
vn 0.2436 0.2348 -0.9410
vn 0.4654 0.8286 -0.3110
vn 0.3958 0.8286 -0.3958
vn 0.3945 0.7041 -0.5905
vn 0.3189 0.5528 -0.7699
vn 0.5172 0.8286 -0.2142
vn 0.3879 0.9217 -0.0000
vn 0.3804 0.9217 -0.0757
vn -0.6976 0.6700 0.2539
vn -0.2959 0.7211 0.6264
vn -0.3266 -0.6666 0.6701
vn -0.4948 -0.6362 0.5919
vn -0.3827 -0.0134 0.9238
vn -0.4970 0.0112 0.8677
vn 0.3754 0.1939 0.9063
vn 0.6523 0.5403 0.5316
vn -0.5740 0.5801 0.5779
vn -0.7853 0.4552 0.4196
vn 0.8072 0.2320 -0.5429
vn 0.7558 0.0467 -0.6531
vn 0.5740 -0.5801 -0.5779
vn 0.5807 0.5746 -0.5768
vn -0.5807 -0.5746 0.5768
vn 0.7894 0.4459 0.4220
vn -0.7690 -0.5785 0.2719
vn -0.7526 -0.6571 0.0422
vn -0.3296 0.9429 -0.0483
vn -0.6648 -0.7308 -0.1546
vn -0.5227 -0.7931 -0.3128
vn -0.3374 -0.8387 -0.4274
vn -0.1198 -0.8636 -0.4897
vn 0.1107 -0.8648 -0.4898
vn 0.3281 -0.8422 -0.4278
vn 0.5138 -0.7985 -0.3137
vn 0.6569 -0.7378 -0.1554
vn -0.0648 -0.9979 0.0077
vn 0.7456 -0.6651 0.0427
vn 0.7618 -0.5866 0.2748
vn 0.3539 0.3805 0.8544
vn 0.1804 0.3805 0.9070
vn 0.0000 0.3805 0.9248
vn -0.1804 0.3805 0.9070
vn -0.3539 0.3805 0.8544
vn -0.3754 0.1939 0.9063
vn -0.3827 -0.0000 0.9239
vn 0.3804 0.9217 0.0757
vn 0.5172 0.8286 0.2142
vn 0.4654 0.8286 0.3110
vn 0.3958 0.8286 0.3958
vn 0.3945 0.7041 0.5905
vn 0.3189 0.5528 0.7699
vn -0.7423 0.6700 -0.0000
vn -0.6282 -0.6551 -0.4198
vn -0.5343 -0.6549 -0.5344
vn -0.0804 -0.5842 -0.8076
vn 0.4409 -0.7018 -0.5596
vn 0.0739 0.5827 -0.8093
vn 0.0110 -0.0292 -0.9995
vn -0.3827 -0.0000 -0.9239
vn -0.7892 0.4421 -0.4262
vn -0.7542 0.0471 0.6550
vn -0.6531 -0.1119 0.7489
vn -0.6582 -0.7393 0.1419
vn -0.7506 -0.6593 -0.0448
vn -0.7749 -0.5728 -0.2673
vn -0.7043 -0.4891 -0.5146
vn -0.5088 -0.4208 -0.7510
vn -0.1907 0.8969 -0.3990
vn -0.1882 -0.3819 -0.9049
vn 0.1882 -0.3819 -0.9049
vn 0.1907 0.8969 -0.3990
vn 0.5088 -0.4208 -0.7510
vn 0.7043 -0.4891 -0.5146
vn 0.7749 -0.5728 -0.2673
vn 0.7506 -0.6593 -0.0448
vn 0.6582 -0.7393 0.1419
vn -0.5762 0.5762 -0.5797
vn -0.5774 -0.5774 0.5774
vn -0.5774 -0.5774 -0.5774
vn -0.3754 0.1939 -0.9063
vn -0.3539 0.3805 -0.8544
vn -0.1626 0.5528 -0.8173
vn -0.3189 0.5528 -0.7699
vn 0.9397 0.2216 -0.2605
vn 0.9397 -0.2216 0.2605
vn 0.7660 -0.4165 0.4896
vn 0.5000 -0.5612 0.6596
vn 0.1736 -0.6382 0.7500
vn -0.1736 -0.6382 0.7500
vn -0.5000 -0.5612 0.6596
vn -0.7660 -0.4165 0.4896
vn -0.9397 -0.2216 0.2605
vn -0.9397 0.2216 -0.2605
vn -0.1385 0.7041 -0.6965
vn -0.0000 0.7041 -0.7101
vn 0.1385 0.7041 -0.6965
vn 0.1626 0.5528 -0.8173
vn 0.3225 0.9217 -0.2155
vn 0.2743 0.9217 -0.2743
vn 0.3110 0.8286 -0.4654
vn 0.2718 0.7041 -0.6561
vn 0.3584 0.9217 -0.1484
vn 0.2010 0.9796 -0.0000
vn 0.1971 0.9796 -0.0392
vn -0.6282 -0.6551 0.4199
vn -0.6979 -0.6552 0.2892
vn -0.6483 0.7356 0.1967
vn -0.6892 0.0680 0.7214
vn -0.8281 0.0904 0.5532
vn -0.5556 -0.0000 0.8315
vn 0.7491 -0.6611 0.0425
vn 0.7654 -0.5826 0.2733
vn 0.6856 -0.5076 0.5218
vn 0.3769 0.8526 0.3619
vn 0.4876 -0.4472 0.7499
vn 0.1784 -0.4131 0.8931
vn -0.1784 -0.4131 0.8931
vn -0.4876 -0.4472 0.7499
vn -0.3769 0.8526 0.3619
vn -0.6856 -0.5076 0.5218
vn -0.7654 -0.5826 0.2733
vn -0.7491 -0.6611 0.0425
vn -0.6523 0.5403 0.5316
vn 0.9397 0.2027 0.2755
vn 0.7660 0.3809 0.5178
vn -0.7558 0.0467 -0.6531
vn -0.8071 0.2320 -0.5429
vn -0.7661 0.3809 0.5178
vn -0.9397 0.2027 0.2755
vn -1.0000 -0.0000 -0.0000
vn -0.9397 -0.2027 -0.2755
vn -0.7660 -0.3809 -0.5178
vn -0.5000 -0.5132 -0.6976
vn -0.1736 -0.5836 -0.7933
vn 0.1736 -0.5836 -0.7933
vn 0.5000 -0.5132 -0.6976
vn 0.7661 -0.3809 -0.5178
vn 0.9397 -0.2027 -0.2755
vn 1.0000 -0.0000 -0.0000
vn 0.1626 0.5528 0.8173
vn 0.0000 0.5528 0.8333
vn -0.1626 0.5528 0.8173
vn -0.3189 0.5528 0.7699
vn -0.5138 0.3805 0.7689
vn -0.5450 0.1939 0.8157
vn 0.1971 0.9796 0.0392
vn 0.3584 0.9217 0.1484
vn 0.3225 0.9217 0.2155
vn 0.2743 0.9217 0.2743
vn 0.3110 0.8286 0.4654
vn 0.2718 0.7041 0.6561
vn -0.7409 -0.6553 -0.1474
vn -0.6979 -0.6552 -0.2892
vn -0.8281 0.0904 -0.5532
vn -0.9201 0.0903 -0.3811
vn -0.7043 0.0906 -0.7041
vn -0.5308 0.0434 -0.8464
vn -0.7660 0.4165 -0.4896
vn -0.5000 0.5612 -0.6596
vn -0.1736 0.6382 -0.7500
vn 0.1736 0.6382 -0.7500
vn 0.5000 0.5612 -0.6596
vn 0.7660 0.4165 -0.4896
vn -0.2156 -0.2467 0.9448
vn 0.6228 -0.7125 0.3233
vn 0.7972 0.2454 0.5516
vn 0.7512 0.4843 0.4484
vn 0.5669 0.7404 0.3610
vn 0.2161 0.9259 0.3098
vn -0.2161 0.9259 0.3098
vn -0.5669 0.7404 0.3610
vn -0.7512 0.4843 0.4484
vn -0.7972 0.2454 0.5516
vn -0.5450 0.1939 -0.8157
vn -0.5138 0.3805 -0.7689
vn -0.2718 0.7041 -0.6561
vn -0.4630 0.5528 -0.6929
vn 0.7660 0.4166 -0.4896
vn 1.0000 -0.0000 0.0000
vn 0.7660 -0.4165 0.4895
vn 0.1737 -0.6382 0.7500
vn -0.7660 -0.4166 0.4896
vn -1.0000 -0.0000 0.0000
vn -0.7660 0.4166 -0.4896
vn -0.0000 0.8286 -0.5598
vn -0.1092 0.8286 -0.5490
vn 0.1092 0.8286 -0.5490
vn 0.1671 0.9796 -0.1117
vn 0.1421 0.9796 -0.1421
vn 0.2155 0.9217 -0.3225
vn 0.2142 0.8286 -0.5172
vn 0.1857 0.9796 -0.0769
vn 0.0000 1.0000 0.0000
vn -0.7409 -0.6552 0.1474
vn -0.7554 -0.6553 0.0000
vn -0.9201 0.0903 0.3811
vn -0.9768 0.0902 0.1943
vn -0.8157 0.1939 0.5450
vn -0.6937 0.1939 0.6937
vn 0.5000 0.5132 0.6976
vn 0.1736 0.5836 0.7933
vn -0.1736 0.5836 0.7933
vn -0.5000 0.5132 0.6976
vn -0.5094 -0.1931 -0.8386
vn -0.7846 -0.3038 0.5404
vn 0.4462 -0.5014 0.7413
vn -0.4904 0.4509 -0.7458
vn -0.3498 -0.5284 -0.7736
vn 0.4904 0.4509 -0.7458
vn 0.3480 -0.5349 -0.7699
vn -0.4462 -0.5014 0.7413
vn 0.5094 -0.1931 -0.8386
vn 0.7846 -0.3038 0.5404
vn 0.1385 0.7041 0.6965
vn 0.0000 0.7041 0.7101
vn -0.1385 0.7041 0.6965
vn -0.2718 0.7041 0.6561
vn -0.4630 0.5528 0.6929
vn -0.6539 0.3805 0.6539
vn 0.1857 0.9796 0.0769
vn 0.1671 0.9796 0.1117
vn 0.1421 0.9796 0.1421
vn 0.2155 0.9217 0.3225
vn 0.2142 0.8286 0.5172
vn -0.9768 0.0902 -0.1943
vn -0.9959 0.0901 -0.0000
vn -0.8157 0.1939 -0.5450
vn -0.9063 0.1939 -0.3754
vn -0.6937 0.1939 -0.6937
vn -0.6976 -0.3458 -0.6276
vn -0.5687 -0.2011 -0.7976
vn -0.3712 -0.0938 -0.9238
vn -0.1289 -0.0366 -0.9910
vn 0.1289 -0.0366 -0.9910
vn 0.3712 -0.0938 -0.9238
vn 0.5687 -0.2011 -0.7976
vn 0.6976 -0.3457 -0.6276
vn -0.6539 0.3805 -0.6539
vn -0.2142 0.8286 -0.5172
vn -0.3945 0.7041 -0.5905
vn -0.5893 0.5528 -0.5893
vn 0.7551 0.0214 0.6553
vn 0.8027 0.2168 0.5556
vn 0.6520 -0.1339 0.7463
vn -0.5273 -0.5050 -0.6833
vn 0.7016 0.4865 0.5207
vn 0.5057 0.4170 0.7552
vn 0.1867 0.3773 0.9071
vn -0.1867 0.3773 0.9071
vn -0.5057 0.4170 0.7552
vn -0.7016 0.4865 0.5207
vn 0.5273 -0.5050 -0.6833
vn -0.6520 -0.1339 0.7463
vn -0.7551 0.0214 0.6553
vn -0.8027 0.2168 0.5556
vn -0.0000 0.9217 -0.3879
vn -0.0757 0.9217 -0.3804
vn 0.0757 0.9217 -0.3804
vn 0.1117 0.9796 -0.1671
vn 0.1484 0.9217 -0.3584
vn -0.9063 0.1939 0.3754
vn -0.9622 0.1939 0.1914
vn -0.7689 0.3805 0.5138
vn -0.7660 0.3809 0.5178
vn -0.6522 -0.0766 -0.7541
vn -0.7549 0.0725 -0.6518
vn -0.1797 0.4176 -0.8907
vn 0.1797 0.4176 -0.8907
vn 0.6522 -0.0766 -0.7541
vn 0.7549 0.0725 -0.6518
vn 0.1092 0.8286 0.5490
vn 0.0000 0.8286 0.5598
vn -0.1092 0.8286 0.5490
vn -0.2142 0.8286 0.5172
vn -0.3945 0.7041 0.5905
vn -0.5893 0.5528 0.5893
vn 0.1117 0.9796 0.1671
vn 0.1484 0.9217 0.3584
vn -0.9622 0.1939 -0.1914
vn -0.9810 0.1939 0.0000
vn -0.7689 0.3805 -0.5138
vn -0.8544 0.3805 -0.3539
vn -0.1484 0.9217 -0.3584
vn -0.3110 0.8286 -0.4654
vn -0.5021 0.7041 -0.5021
vn -0.6929 0.5528 -0.4630
vn 0.7635 0.4561 0.4571
vn -0.7635 0.4561 0.4571
vn -0.0000 0.9796 -0.2010
vn -0.0392 0.9796 -0.1971
vn 0.0392 0.9796 -0.1971
vn 0.0769 0.9796 -0.1857
vn -0.8544 0.3805 0.3539
vn -0.9070 0.3805 0.1804
vn -0.6929 0.5528 0.4630
vn 0.1737 0.5836 0.7933
vn 0.7612 0.4926 -0.4218
vn 0.8017 0.2609 -0.5378
vn -0.8017 0.2609 -0.5378
vn -0.7612 0.4926 -0.4218
vn 0.0757 0.9217 0.3804
vn 0.0000 0.9217 0.3879
vn -0.0757 0.9217 0.3804
vn -0.1484 0.9217 0.3584
vn -0.3110 0.8286 0.4654
vn -0.5021 0.7041 0.5021
vn 0.0769 0.9796 0.1857
vn -0.9070 0.3805 -0.1804
vn -0.9248 0.3805 0.0000
vn -0.7699 0.5528 -0.3189
vn -0.5835 0.7204 0.3751
vn -0.2244 0.9175 0.3283
vn 0.5835 0.7204 0.3751
vn 0.2244 0.9175 0.3283
vn -0.0769 0.9796 -0.1857
vn -0.2155 0.9217 -0.3225
vn -0.3958 0.8286 -0.3958
vn -0.5905 0.7041 -0.3945
vn -0.7699 0.5528 0.3189
vn -0.8173 0.5528 0.1626
vn -0.5905 0.7041 0.3945
vn 0.5803 0.7488 -0.3204
vn -0.1737 0.5836 0.7933
vn -0.5803 0.7488 -0.3204
vn 0.0392 0.9796 0.1971
vn 0.0000 0.9796 0.2010
vn -0.0392 0.9796 0.1971
vn -0.0769 0.9796 0.1857
vn -0.2155 0.9217 0.3225
vn -0.3958 0.8286 0.3958
vn -0.8173 0.5528 -0.1626
vn -0.8333 0.5528 0.0000
vn -0.6561 0.7041 -0.2718
vn -0.1117 0.9796 -0.1671
vn -0.2743 0.9217 -0.2743
vn -0.4654 0.8286 -0.3110
vn -0.6561 0.7041 0.2718
vn -0.6965 0.7041 0.1385
vn -0.4654 0.8286 0.3110
vn 0.2228 0.9398 -0.2592
vn -0.2228 0.9398 -0.2592
vn -0.1117 0.9796 0.1671
vn -0.2743 0.9217 0.2743
vn -0.6965 0.7041 -0.1385
vn -0.7101 0.7041 0.0000
vn -0.5172 0.8286 -0.2142
vn -0.1421 0.9796 -0.1421
vn -0.3225 0.9217 -0.2155
vn -0.5172 0.8286 0.2142
vn -0.5490 0.8286 0.1092
vn -0.3225 0.9217 0.2155
vn -0.1421 0.9796 0.1421
vn -0.5490 0.8286 -0.1092
vn -0.5598 0.8286 0.0000
vn -0.3584 0.9217 -0.1484
vn -0.1671 0.9796 -0.1117
vn -0.3584 0.9217 0.1484
vn -0.3804 0.9217 0.0757
vn -0.1671 0.9796 0.1117
vn -0.3804 0.9217 -0.0757
vn -0.3879 0.9217 0.0000
vn -0.1857 0.9796 -0.0769
vn -0.1857 0.9796 0.0769
vn -0.1971 0.9796 0.0392
vn -0.1971 0.9796 -0.0392
vn -0.2010 0.9796 0.0000
vn -0.5759 -0.5638 -0.5920
vn -0.5789 0.5906 -0.5622
vn 0.5789 0.5906 -0.5622
vn 0.5759 -0.5638 -0.5920
vn 0.5789 -0.5906 0.5622
vn -0.5789 -0.5906 0.5622
vn -0.5759 0.5638 0.5920
vn 0.5759 0.5638 0.5920
# 614 vertex normals

vt 0.2068 0.2036 0.0000
vt 0.2247 0.3052 0.0000
vt 0.1889 0.3052 0.0000
vt 0.1552 0.2929 0.0000
vt 0.2583 0.2929 0.0000
vt 0.2426 0.4068 0.0000
vt 0.1709 0.4068 0.0000
vt 0.1278 0.2699 0.0000
vt 0.1036 0.3823 0.0000
vt 0.2858 0.2699 0.0000
vt 0.3099 0.3823 0.0000
vt 0.4129 0.6494 0.0000
vt 0.4129 0.7210 0.0000
vt 0.4003 0.7210 0.0000
vt 0.4003 0.6494 0.0000
vt 0.1099 0.2389 0.0000
vt 0.0488 0.3362 0.0000
vt 0.4129 0.5820 0.0000
vt 0.4003 0.5820 0.0000
vt 0.3037 0.2389 0.0000
vt 0.3648 0.3362 0.0000
vt 0.4129 0.7883 0.0000
vt 0.4003 0.7883 0.0000
vt 0.3877 0.7210 0.0000
vt 0.3877 0.6494 0.0000
vt 0.1036 0.2036 0.0000
vt 0.0129 0.2742 0.0000
vt 0.4129 0.5272 0.0000
vt 0.4003 0.5272 0.0000
vt 0.3877 0.5820 0.0000
vt 0.3099 0.2036 0.0000
vt 0.4006 0.2742 0.0000
vt 0.4818 0.0005 0.0000
vt 0.4818 0.0554 0.0000
vt 0.4692 0.0554 0.0000
vt 0.4692 0.0005 0.0000
vt 0.3877 0.7883 0.0000
vt 0.3751 0.7210 0.0000
vt 0.3751 0.6494 0.0000
vt 0.1099 0.1684 0.0000
vt 0.0005 0.2036 0.0000
vt 0.5458 0.2616 0.0000
vt 0.5458 0.3165 0.0000
vt 0.5332 0.3165 0.0000
vt 0.5332 0.2616 0.0000
vt 0.3877 0.5272 0.0000
vt 0.3751 0.5820 0.0000
vt 0.3037 0.1684 0.0000
vt 0.4130 0.2036 0.0000
vt 0.4818 0.1227 0.0000
vt 0.4692 0.1227 0.0000
vt 0.4566 0.0554 0.0000
vt 0.4566 0.0005 0.0000
vt 0.3751 0.7883 0.0000
vt 0.3626 0.7210 0.0000
vt 0.3626 0.6494 0.0000
vt 0.1278 0.1373 0.0000
vt 0.0129 0.1331 0.0000
vt 0.5458 0.1943 0.0000
vt 0.5332 0.1943 0.0000
vt 0.5206 0.3165 0.0000
vt 0.5206 0.2616 0.0000
vt 0.3751 0.5272 0.0000
vt 0.3626 0.5820 0.0000
vt 0.2858 0.1373 0.0000
vt 0.4006 0.1331 0.0000
vt 0.4818 0.1943 0.0000
vt 0.4692 0.1943 0.0000
vt 0.4566 0.1227 0.0000
vt 0.4440 0.0554 0.0000
vt 0.4440 0.0005 0.0000
vt 0.3626 0.7883 0.0000
vt 0.3500 0.7210 0.0000
vt 0.3500 0.6494 0.0000
vt 0.1552 0.1143 0.0000
vt 0.0488 0.0710 0.0000
vt 0.5458 0.1227 0.0000
vt 0.5332 0.1227 0.0000
vt 0.5206 0.1943 0.0000
vt 0.5080 0.3165 0.0000
vt 0.5080 0.2616 0.0000
vt 0.3626 0.5272 0.0000
vt 0.3500 0.5820 0.0000
vt 0.2583 0.1143 0.0000
vt 0.3648 0.0710 0.0000
vt 0.4818 0.2616 0.0000
vt 0.4692 0.2616 0.0000
vt 0.4566 0.1943 0.0000
vt 0.4440 0.1227 0.0000
vt 0.4315 0.0554 0.0000
vt 0.4315 0.0005 0.0000
vt 0.3500 0.7883 0.0000
vt 0.8185 0.0005 0.0000
vt 0.8858 0.0250 0.0000
vt 0.8349 0.1131 0.0000
vt 0.8222 0.1067 0.0000
vt 0.8008 0.1007 0.0000
vt 0.1889 0.1021 0.0000
vt 0.1036 0.0250 0.0000
vt 0.5458 0.0554 0.0000
vt 0.5332 0.0554 0.0000
vt 0.5206 0.1227 0.0000
vt 0.5080 0.1943 0.0000
vt 0.4954 0.3165 0.0000
vt 0.4954 0.2616 0.0000
vt 0.3500 0.5272 0.0000
vt 0.7468 0.0005 0.0000
vt 0.7989 0.1002 0.0000
vt 0.7747 0.0983 0.0000
vt 0.7643 0.0996 0.0000
vt 0.2247 0.1021 0.0000
vt 0.3099 0.0250 0.0000
vt 0.4818 0.3165 0.0000
vt 0.4692 0.3165 0.0000
vt 0.4566 0.2616 0.0000
vt 0.4440 0.1943 0.0000
vt 0.4315 0.1227 0.0000
vt 0.4189 0.0554 0.0000
vt 0.4189 0.0005 0.0000
vt 0.9407 0.0710 0.0000
vt 0.8647 0.1348 0.0000
vt 0.8628 0.1326 0.0000
vt 0.8438 0.1176 0.0000
vt 0.2399 0.5254 0.0000
vt 0.2360 0.7981 0.0000
vt 0.2223 0.7981 0.0000
vt 0.2128 0.7981 0.0000
vt 0.2204 0.5254 0.0000
vt 0.2601 0.5133 0.0000
vt 0.2601 0.7981 0.0000
vt 0.2581 0.7981 0.0000
vt 0.2452 0.5254 0.0000
vt 0.2452 0.5133 0.0000
vt 0.1709 0.0005 0.0000
vt 0.5458 0.0005 0.0000
vt 0.5332 0.0005 0.0000
vt 0.5206 0.0554 0.0000
vt 0.5080 0.1227 0.0000
vt 0.4954 0.1943 0.0000
vt 0.4829 0.3165 0.0000
vt 0.4829 0.2616 0.0000
vt 0.6795 0.0250 0.0000
vt 0.7507 0.1012 0.0000
vt 0.7278 0.1087 0.0000
vt 0.2750 0.5133 0.0000
vt 0.2750 0.5254 0.0000
vt 0.2803 0.5254 0.0000
vt 0.2842 0.7981 0.0000
vt 0.2997 0.5254 0.0000
vt 0.3073 0.7981 0.0000
vt 0.2942 0.7981 0.0000
vt 0.2426 0.0005 0.0000
vt 0.4769 0.6010 0.0000
vt 0.4769 0.6726 0.0000
vt 0.4643 0.6726 0.0000
vt 0.4643 0.6010 0.0000
vt 0.4566 0.3165 0.0000
vt 0.4440 0.2616 0.0000
vt 0.4315 0.1943 0.0000
vt 0.4189 0.1227 0.0000
vt 0.9765 0.1331 0.0000
vt 0.8869 0.1657 0.0000
vt 0.8786 0.1509 0.0000
vt 0.2025 0.5254 0.0000
vt 0.1915 0.7981 0.0000
vt 0.1892 0.7981 0.0000
vt 0.1728 0.7981 0.0000
vt 0.1875 0.5133 0.0000
vt 0.2008 0.5133 0.0000
vt 0.2008 0.5254 0.0000
vt 0.3452 0.9652 0.0000
vt 0.3452 0.9990 0.0000
vt 0.3008 0.9990 0.0000
vt 0.3008 0.9827 0.0000
vt 0.3061 0.9822 0.0000
vt 0.3255 0.9763 0.0000
vt 0.3434 0.9667 0.0000
vt 0.2452 0.4929 0.0000
vt 0.2601 0.4929 0.0000
vt 0.0167 0.3204 0.0000
vt 0.0330 0.3204 0.0000
vt 0.0330 0.4012 0.0000
vt 0.0054 0.4012 0.0000
vt 0.0098 0.3930 0.0000
vt 0.0158 0.3733 0.0000
vt 0.0178 0.3529 0.0000
vt 0.0158 0.3325 0.0000
vt 0.9111 0.6037 0.0000
vt 0.9111 0.5321 0.0000
vt 0.9237 0.5321 0.0000
vt 0.9237 0.6037 0.0000
vt 0.5206 0.0005 0.0000
vt 0.5080 0.0554 0.0000
vt 0.4954 0.1227 0.0000
vt 0.4829 0.1943 0.0000
vt 0.6246 0.0710 0.0000
vt 0.7277 0.1087 0.0000
vt 0.7066 0.1206 0.0000
vt 0.6953 0.1303 0.0000
vt 0.3176 0.5254 0.0000
vt 0.3287 0.7981 0.0000
vt 0.3285 0.7981 0.0000
vt 0.2750 0.4929 0.0000
vt 0.9721 0.0005 0.0000
vt 0.9721 0.0168 0.0000
vt 0.9601 0.0177 0.0000
vt 0.9397 0.0157 0.0000
vt 0.9193 0.0177 0.0000
vt 0.8996 0.0237 0.0000
vt 0.8914 0.0281 0.0000
vt 0.8914 0.0005 0.0000
vt 0.5927 0.1089 0.0000
vt 0.5764 0.1089 0.0000
vt 0.5764 0.0645 0.0000
vt 0.6102 0.0645 0.0000
vt 0.6087 0.0664 0.0000
vt 0.5991 0.0843 0.0000
vt 0.5932 0.1037 0.0000
vt 0.4769 0.7400 0.0000
vt 0.4643 0.7400 0.0000
vt 0.4517 0.6726 0.0000
vt 0.4517 0.6010 0.0000
vt 0.4440 0.3165 0.0000
vt 0.4315 0.2616 0.0000
vt 0.4189 0.1943 0.0000
vt 0.9889 0.2036 0.0000
vt 0.8990 0.2036 0.0000
vt 0.8980 0.1950 0.0000
vt 0.8904 0.1720 0.0000
vt 0.2902 0.9669 0.0000
vt 0.0054 0.9827 0.0000
vt 0.0054 0.9696 0.0000
vt 0.0054 0.9640 0.0000
vt 0.2902 0.9514 0.0000
vt 0.1861 0.4929 0.0000
vt 0.2008 0.4929 0.0000
vt 0.9995 0.9820 0.0000
vt 0.9657 0.9820 0.0000
vt 0.9646 0.9699 0.0000
vt 0.9672 0.9495 0.0000
vt 0.9646 0.9291 0.0000
vt 0.9569 0.9095 0.0000
vt 0.9554 0.9073 0.0000
vt 0.9554 0.9013 0.0000
vt 0.9995 0.9013 0.0000
vt 0.9259 0.4386 0.0000
vt 0.9703 0.4386 0.0000
vt 0.9703 0.5193 0.0000
vt 0.9259 0.5193 0.0000
vt 0.2452 0.4725 0.0000
vt 0.2601 0.4725 0.0000
vt 0.7242 0.4059 0.0000
vt 0.7242 0.4335 0.0000
vt 0.6798 0.4335 0.0000
vt 0.6798 0.3893 0.0000
vt 0.6848 0.3893 0.0000
vt 0.6878 0.3918 0.0000
vt 0.7037 0.4003 0.0000
vt 0.7210 0.4056 0.0000
vt 0.2601 0.4347 0.0000
vt 0.2601 0.4528 0.0000
vt 0.2452 0.4528 0.0000
vt 0.2452 0.4446 0.0000
vt 0.2421 0.4446 0.0000
vt 0.2431 0.4347 0.0000
vt 0.4769 0.7948 0.0000
vt 0.4643 0.7948 0.0000
vt 0.9363 0.5321 0.0000
vt 0.9363 0.6037 0.0000
vt 0.5080 0.0005 0.0000
vt 0.4954 0.0554 0.0000
vt 0.4829 0.1227 0.0000
vt 0.5888 0.1331 0.0000
vt 0.6883 0.1364 0.0000
vt 0.6733 0.1554 0.0000
vt 0.6697 0.1625 0.0000
vt 0.3194 0.5254 0.0000
vt 0.3194 0.5133 0.0000
vt 0.3326 0.5133 0.0000
vt 0.3474 0.7981 0.0000
vt 0.6742 0.8341 0.0000
vt 0.3893 0.8215 0.0000
vt 0.3893 0.8143 0.0000
vt 0.3893 0.8028 0.0000
vt 0.6742 0.8186 0.0000
vt 0.2750 0.4725 0.0000
vt 0.8127 0.5419 0.0000
vt 0.8571 0.5419 0.0000
vt 0.8571 0.6227 0.0000
vt 0.8127 0.6227 0.0000
vt 0.2750 0.4528 0.0000
vt 0.2770 0.4347 0.0000
vt 0.2781 0.4446 0.0000
vt 0.2750 0.4446 0.0000
vt 0.7636 0.9505 0.0000
vt 0.7636 0.9946 0.0000
vt 0.7191 0.9946 0.0000
vt 0.7191 0.9670 0.0000
vt 0.7222 0.9667 0.0000
vt 0.7395 0.9614 0.0000
vt 0.7554 0.9529 0.0000
vt 0.7584 0.9505 0.0000
vt 0.8820 0.3893 0.0000
vt 0.9158 0.3893 0.0000
vt 0.9158 0.4701 0.0000
vt 0.8717 0.4701 0.0000
vt 0.8717 0.4639 0.0000
vt 0.8731 0.4619 0.0000
vt 0.8808 0.4422 0.0000
vt 0.8834 0.4218 0.0000
vt 0.8808 0.4014 0.0000
vt 0.4517 0.7400 0.0000
vt 0.4391 0.6726 0.0000
vt 0.4391 0.6010 0.0000
vt 0.4315 0.3165 0.0000
vt 0.4189 0.2616 0.0000
vt 0.9765 0.2742 0.0000
vt 0.8983 0.2457 0.0000
vt 0.8990 0.2432 0.0000
vt 0.9009 0.2191 0.0000
vt 0.2480 0.9350 0.0000
vt 0.0054 0.9426 0.0000
vt 0.0054 0.9343 0.0000
vt 0.0054 0.9195 0.0000
vt 0.2482 0.9151 0.0000
vt 0.2479 0.9400 0.0000
vt 0.2902 0.9405 0.0000
vt 0.3107 0.9684 0.0000
vt 0.3107 0.9525 0.0000
vt 0.1875 0.4725 0.0000
vt 0.2008 0.4725 0.0000
vt 0.1917 0.4528 0.0000
vt 0.2008 0.4528 0.0000
vt 0.4738 0.5570 0.0000
vt 0.4626 0.5576 0.0000
vt 0.4626 0.5537 0.0000
vt 0.4558 0.5498 0.0000
vt 0.4533 0.5508 0.0000
vt 0.4533 0.5390 0.0000
vt 0.4738 0.5400 0.0000
vt 0.0300 0.0745 0.0000
vt 0.0300 0.0694 0.0000
vt 0.0361 0.0694 0.0000
vt 0.2088 0.4446 0.0000
vt 0.2117 0.4347 0.0000
vt 0.2268 0.4347 0.0000
vt 0.2247 0.4446 0.0000
vt 0.2601 0.4189 0.0000
vt 0.2456 0.4189 0.0000
vt 0.4517 0.7948 0.0000
vt 0.9488 0.5321 0.0000
vt 0.9488 0.6037 0.0000
vt 0.4954 0.0005 0.0000
vt 0.4829 0.0554 0.0000
vt 0.5764 0.2036 0.0000
vt 0.6624 0.1770 0.0000
vt 0.6558 0.2003 0.0000
vt 0.6556 0.2036 0.0000
vt 0.6742 0.8519 0.0000
vt 0.3893 0.8429 0.0000
vt 0.6321 0.8704 0.0000
vt 0.3893 0.8660 0.0000
vt 0.3893 0.8505 0.0000
vt 0.6742 0.8700 0.0000
vt 0.6320 0.8593 0.0000
vt 0.3194 0.4929 0.0000
vt 0.3341 0.4929 0.0000
vt 0.6946 0.8330 0.0000
vt 0.6946 0.8171 0.0000
vt 0.2745 0.4189 0.0000
vt 0.2934 0.4347 0.0000
vt 0.2954 0.4446 0.0000
vt 0.0549 0.0448 0.0000
vt 0.0549 0.0509 0.0000
vt 0.0497 0.0509 0.0000
vt 0.3084 0.4347 0.0000
vt 0.3113 0.4446 0.0000
vt 0.9497 0.0433 0.0000
vt 0.9500 0.0638 0.0000
vt 0.9384 0.0634 0.0000
vt 0.9393 0.0611 0.0000
vt 0.9356 0.0540 0.0000
vt 0.9318 0.0538 0.0000
vt 0.9327 0.0427 0.0000
vt 0.3194 0.4528 0.0000
vt 0.3284 0.4528 0.0000
vt 0.3326 0.4725 0.0000
vt 0.3194 0.4725 0.0000
vt 0.4391 0.7400 0.0000
vt 0.4265 0.6726 0.0000
vt 0.4265 0.6010 0.0000
vt 0.4189 0.3165 0.0000
vt 0.9407 0.3362 0.0000
vt 0.8821 0.2871 0.0000
vt 0.8925 0.2665 0.0000
vt 0.2484 0.8945 0.0000
vt 0.0054 0.8954 0.0000
vt 0.0054 0.8928 0.0000
vt 0.0054 0.8713 0.0000
vt 0.2486 0.8739 0.0000
vt 0.6079 0.3985 0.0000
vt 0.6079 0.4303 0.0000
vt 0.5272 0.4303 0.0000
vt 0.5272 0.3943 0.0000
vt 0.5322 0.3970 0.0000
vt 0.5521 0.4030 0.0000
vt 0.5727 0.4050 0.0000
vt 0.5933 0.4029 0.0000
vt 0.5567 0.5567 0.0000
vt 0.5995 0.5567 0.0000
vt 0.6120 0.5611 0.0000
vt 0.6324 0.5634 0.0000
vt 0.6528 0.5613 0.0000
vt 0.6952 0.5651 0.0000
vt 0.6952 0.6011 0.0000
vt 0.5567 0.6011 0.0000
vt 0.3107 0.9407 0.0000
vt 0.3311 0.9669 0.0000
vt 0.3311 0.9514 0.0000
vt 0.3507 0.9627 0.0000
vt 0.3507 0.9481 0.0000
vt 0.4939 0.5558 0.0000
vt 0.4939 0.5412 0.0000
vt 0.4551 0.5204 0.0000
vt 0.4754 0.5232 0.0000
vt 0.4952 0.5700 0.0000
vt 0.4754 0.5738 0.0000
vt 0.2317 0.4189 0.0000
vt 0.8983 0.9382 0.0000
vt 0.9123 0.9457 0.0000
vt 0.9043 0.9578 0.0000
vt 0.8920 0.9477 0.0000
vt 0.4391 0.7948 0.0000
vt 0.9614 0.5321 0.0000
vt 0.9614 0.6037 0.0000
vt 0.4829 0.0005 0.0000
vt 0.5888 0.2742 0.0000
vt 0.6540 0.2244 0.0000
vt 0.6569 0.2485 0.0000
vt 0.6572 0.2493 0.0000
vt 0.6323 0.8910 0.0000
vt 0.3893 0.8901 0.0000
vt 0.6326 0.9116 0.0000
vt 0.3893 0.9142 0.0000
vt 0.3893 0.8934 0.0000
vt 0.6946 0.8511 0.0000
vt 0.8963 0.6355 0.0000
vt 0.9408 0.6355 0.0000
vt 0.9408 0.6391 0.0000
vt 0.9374 0.6500 0.0000
vt 0.9354 0.6707 0.0000
vt 0.9374 0.6913 0.0000
vt 0.9408 0.7024 0.0000
vt 0.9408 0.7162 0.0000
vt 0.8963 0.7162 0.0000
vt 0.6946 0.8631 0.0000
vt 0.8358 0.6855 0.0000
vt 0.8343 0.8240 0.0000
vt 0.7536 0.8231 0.0000
vt 0.7551 0.6847 0.0000
vt 0.7689 0.6848 0.0000
vt 0.7796 0.7270 0.0000
vt 0.7727 0.7474 0.0000
vt 0.7796 0.7678 0.0000
vt 0.7808 0.7690 0.0000
vt 0.8007 0.7754 0.0000
vt 0.8207 0.7690 0.0000
vt 0.8218 0.7678 0.0000
vt 0.8287 0.7474 0.0000
vt 0.8218 0.7270 0.0000
vt 0.8321 0.6855 0.0000
vt 0.7150 0.8341 0.0000
vt 0.7150 0.8186 0.0000
vt 0.9026 0.9277 0.0000
vt 0.9178 0.9323 0.0000
vt 0.2884 0.4189 0.0000
vt 0.9347 0.0227 0.0000
vt 0.9160 0.0405 0.0000
vt 0.9205 0.0208 0.0000
vt 0.9492 0.0232 0.0000
vt 0.9665 0.0423 0.0000
vt 0.9686 0.0627 0.0000
vt 0.7346 0.8374 0.0000
vt 0.7346 0.8228 0.0000
vt 0.4265 0.7400 0.0000
vt 0.4140 0.6726 0.0000
vt 0.4140 0.6010 0.0000
vt 0.8858 0.3823 0.0000
vt 0.8504 0.3210 0.0000
vt 0.8666 0.3071 0.0000
vt 0.8816 0.2881 0.0000
vt 0.0054 0.8492 0.0000
vt 0.0054 0.8481 0.0000
vt 0.2902 0.8551 0.0000
vt 0.2902 0.8597 0.0000
vt 0.2488 0.8593 0.0000
vt 0.9604 0.9806 0.0000
vt 0.9160 0.9806 0.0000
vt 0.9160 0.9649 0.0000
vt 0.9224 0.9649 0.0000
vt 0.9224 0.8736 0.0000
vt 0.9160 0.8736 0.0000
vt 0.9160 0.8422 0.0000
vt 0.9478 0.8422 0.0000
vt 0.9508 0.8836 0.0000
vt 0.9486 0.9041 0.0000
vt 0.9506 0.9245 0.0000
vt 0.9568 0.9441 0.0000
vt 0.9604 0.9507 0.0000
vt 0.4148 0.5075 0.0000
vt 0.4462 0.5078 0.0000
vt 0.4462 0.5831 0.0000
vt 0.5375 0.5831 0.0000
vt 0.5375 0.5484 0.0000
vt 0.5429 0.5504 0.0000
vt 0.5501 0.5512 0.0000
vt 0.5528 0.5509 0.0000
vt 0.5524 0.5897 0.0000
vt 0.4140 0.5882 0.0000
vt 0.8077 0.6700 0.0000
vt 0.8077 0.6256 0.0000
vt 0.8885 0.6256 0.0000
vt 0.8885 0.6700 0.0000
vt 0.8497 0.6700 0.0000
vt 0.8498 0.6695 0.0000
vt 0.8500 0.6677 0.0000
vt 0.8492 0.6616 0.0000
vt 0.8468 0.6561 0.0000
vt 0.8431 0.6520 0.0000
vt 0.8386 0.6498 0.0000
vt 0.8339 0.6498 0.0000
vt 0.8294 0.6519 0.0000
vt 0.8257 0.6559 0.0000
vt 0.8233 0.6613 0.0000
vt 0.8225 0.6675 0.0000
vt 0.8228 0.6698 0.0000
vt 0.8228 0.6700 0.0000
vt 0.6581 0.0025 0.0000
vt 0.6574 0.0324 0.0000
vt 0.6411 0.0227 0.0000
vt 0.6283 0.0199 0.0000
vt 0.6239 0.0192 0.0000
vt 0.6195 0.0196 0.0000
vt 0.6066 0.0215 0.0000
vt 0.5876 0.0310 0.0000
vt 0.5812 0.0363 0.0000
vt 0.5764 0.0433 0.0000
vt 0.5774 0.0005 0.0000
vt 0.3311 0.9409 0.0000
vt 0.3436 0.9410 0.0000
vt 0.3507 0.9365 0.0000
vt 0.8745 0.9622 0.0000
vt 0.8820 0.9761 0.0000
vt 0.8686 0.9817 0.0000
vt 0.8639 0.9665 0.0000
vt 0.4952 0.5270 0.0000
vt 0.3563 0.9302 0.0000
vt 0.3688 0.9276 0.0000
vt 0.3688 0.9427 0.0000
vt 0.8839 0.9558 0.0000
vt 0.8940 0.9680 0.0000
vt 0.8823 0.9297 0.0000
vt 0.8780 0.9363 0.0000
vt 0.4265 0.7948 0.0000
vt 0.9740 0.5321 0.0000
vt 0.9740 0.6037 0.0000
vt 0.6246 0.3362 0.0000
vt 0.6644 0.2715 0.0000
vt 0.6698 0.2957 0.0000
vt 0.6702 0.2968 0.0000
vt 0.6708 0.2975 0.0000
vt 0.6327 0.9225 0.0000
vt 0.6742 0.9123 0.0000
vt 0.6742 0.9304 0.0000
vt 0.3893 0.9374 0.0000
vt 0.6742 0.9482 0.0000
vt 0.3893 0.9587 0.0000
vt 0.3893 0.9381 0.0000
vt 0.7150 0.8519 0.0000
vt 0.8764 0.7000 0.0000
vt 0.8391 0.7000 0.0000
vt 0.8391 0.7913 0.0000
vt 0.9191 0.7913 0.0000
vt 0.9195 0.8227 0.0000
vt 0.8387 0.8235 0.0000
vt 0.8373 0.6851 0.0000
vt 0.8768 0.6847 0.0000
vt 0.8766 0.6855 0.0000
vt 0.8757 0.6934 0.0000
vt 0.3746 0.3649 0.0000
vt 0.3746 0.3204 0.0000
vt 0.5130 0.3204 0.0000
vt 0.5130 0.3649 0.0000
vt 0.4816 0.3649 0.0000
vt 0.4816 0.3644 0.0000
vt 0.3903 0.3644 0.0000
vt 0.3903 0.3649 0.0000
vt 0.3303 0.3697 0.0000
vt 0.4687 0.3697 0.0000
vt 0.4687 0.4141 0.0000
vt 0.3303 0.4141 0.0000
vt 0.7150 0.8700 0.0000
vt 0.8619 0.4829 0.0000
vt 0.9063 0.4829 0.0000
vt 0.9063 0.4988 0.0000
vt 0.9055 0.4985 0.0000
vt 0.8997 0.4976 0.0000
vt 0.8967 0.4980 0.0000
vt 0.8938 0.4985 0.0000
vt 0.8887 0.5008 0.0000
vt 0.8849 0.5045 0.0000
vt 0.8829 0.5090 0.0000
vt 0.8830 0.5138 0.0000
vt 0.8850 0.5183 0.0000
vt 0.8889 0.5219 0.0000
vt 0.8940 0.5243 0.0000
vt 0.8963 0.5246 0.0000
vt 0.8999 0.5251 0.0000
vt 0.9057 0.5243 0.0000
vt 0.9063 0.5240 0.0000
vt 0.9063 0.5636 0.0000
vt 0.8619 0.5636 0.0000
vt 0.7346 0.8541 0.0000
vt 0.7346 0.8723 0.0000
vt 0.7161 0.8712 0.0000
vt 0.7346 0.8912 0.0000
vt 0.7226 0.8912 0.0000
vt 0.7346 0.9100 0.0000
vt 0.7161 0.9111 0.0000
vt 0.7346 0.9282 0.0000
vt 0.7150 0.9304 0.0000
vt 0.7150 0.9123 0.0000
vt 0.6946 0.9312 0.0000
vt 0.6946 0.9192 0.0000
vt 0.8853 0.9225 0.0000
vt 0.9048 0.9165 0.0000
vt 0.9206 0.9180 0.0000
vt 0.9048 0.9051 0.0000
vt 0.9206 0.9035 0.0000
vt 0.9025 0.8939 0.0000
vt 0.9177 0.8893 0.0000
vt 0.9634 0.0223 0.0000
vt 0.7527 0.8578 0.0000
vt 0.7527 0.8428 0.0000
vt 0.4140 0.7400 0.0000
vt 0.8185 0.4068 0.0000
vt 0.8082 0.3488 0.0000
vt 0.8302 0.3416 0.0000
vt 0.8525 0.3290 0.0000
vt 0.8534 0.3283 0.0000
vt 0.8533 0.3281 0.0000
vt 0.8491 0.3221 0.0000
vt 0.2902 0.8373 0.0000
vt 0.0054 0.8268 0.0000
vt 0.0054 0.8103 0.0000
vt 0.0054 0.8090 0.0000
vt 0.3107 0.8543 0.0000
vt 0.3107 0.8599 0.0000
vt 0.3509 0.0251 0.0000
vt 0.3509 0.0429 0.0000
vt 0.3352 0.0427 0.0000
vt 0.3354 0.0276 0.0000
vt 0.3384 0.0279 0.0000
vt 0.3456 0.0271 0.0000
vt 0.8092 0.5862 0.0000
vt 0.8092 0.5982 0.0000
vt 0.8028 0.5982 0.0000
vt 0.8028 0.6160 0.0000
vt 0.7983 0.6140 0.0000
vt 0.7921 0.6131 0.0000
vt 0.7859 0.6140 0.0000
vt 0.7805 0.6164 0.0000
vt 0.7764 0.6200 0.0000
vt 0.7763 0.6204 0.0000
vt 0.7743 0.6245 0.0000
vt 0.7743 0.6293 0.0000
vt 0.7763 0.6334 0.0000
vt 0.7764 0.6338 0.0000
vt 0.7805 0.6374 0.0000
vt 0.7859 0.6398 0.0000
vt 0.7921 0.6406 0.0000
vt 0.7983 0.6398 0.0000
vt 0.8028 0.6378 0.0000
vt 0.8028 0.6725 0.0000
vt 0.7634 0.6725 0.0000
vt 0.7634 0.5862 0.0000
vt 0.4063 0.1164 0.0000
vt 0.3943 0.1164 0.0000
vt 0.3943 0.0251 0.0000
vt 0.4053 0.0251 0.0000
vt 0.9716 0.4362 0.0000
vt 0.9259 0.4362 0.0000
vt 0.9259 0.3500 0.0000
vt 0.9652 0.3500 0.0000
vt 0.9652 0.4252 0.0000
vt 0.9716 0.4252 0.0000
vt 0.3311 0.8551 0.0000
vt 0.3311 0.8602 0.0000
vt 0.3507 0.8573 0.0000
vt 0.3507 0.8604 0.0000
vt 0.3688 0.8774 0.0000
vt 0.3664 0.8771 0.0000
vt 0.3573 0.8604 0.0000
vt 0.3688 0.8610 0.0000
vt 0.7634 0.4435 0.0000
vt 0.8028 0.4435 0.0000
vt 0.8028 0.5348 0.0000
vt 0.7634 0.5348 0.0000
vt 0.3135 0.0234 0.0000
vt 0.3205 0.0227 0.0000
vt 0.3168 0.0265 0.0000
vt 0.3091 0.0191 0.0000
vt 0.3255 0.0175 0.0000
vt 0.3047 0.0148 0.0000
vt 0.3275 0.0126 0.0000
vt 0.3278 0.0159 0.0000
vt 0.3274 0.0155 0.0000
vt 0.3565 0.0097 0.0000
vt 0.3570 0.0144 0.0000
vt 0.3291 0.0171 0.0000
vt 0.3574 0.0191 0.0000
vt 0.3335 0.0214 0.0000
vt 0.3578 0.0232 0.0000
vt 0.3375 0.0252 0.0000
vt 0.0460 0.3352 0.0000
vt 0.0521 0.3547 0.0000
vt 0.0476 0.3561 0.0000
vt 0.0423 0.3392 0.0000
vt 0.0433 0.3575 0.0000
vt 0.0384 0.3419 0.0000
vt 0.0398 0.3586 0.0000
vt 0.0350 0.3430 0.0000
vt 0.3839 0.0290 0.0000
vt 0.3839 0.0452 0.0000
vt 0.3792 0.0452 0.0000
vt 0.3791 0.0277 0.0000
vt 0.3747 0.0453 0.0000
vt 0.3746 0.0251 0.0000
vt 0.0184 0.0358 0.0000
vt 0.0186 0.0560 0.0000
vt 0.0144 0.0560 0.0000
vt 0.0143 0.0324 0.0000
vt 0.0097 0.0560 0.0000
vt 0.0095 0.0284 0.0000
vt 0.0050 0.0561 0.0000
vt 0.0048 0.0269 0.0000
vt 0.0077 0.0269 0.0000
vt 0.0094 0.0080 0.0000
vt 0.0095 0.0245 0.0000
vt 0.0076 0.0268 0.0000
vt 0.0047 0.0040 0.0000
vt 0.3688 0.8900 0.0000
vt 0.3847 0.8799 0.0000
vt 0.3847 0.8943 0.0000
vt 0.3693 0.8943 0.0000
vt 0.3847 0.9088 0.0000
vt 0.3688 0.9113 0.0000
vt 0.3688 0.8987 0.0000
vt 0.3664 0.9116 0.0000
vt 0.8659 0.9462 0.0000
vt 0.8587 0.9492 0.0000
vt 0.8544 0.9846 0.0000
vt 0.8528 0.9688 0.0000
vt 0.4785 0.5075 0.0000
vt 0.4979 0.5136 0.0000
vt 0.8724 0.9418 0.0000
vt 0.8650 0.9205 0.0000
vt 0.8628 0.9239 0.0000
vt 0.4140 0.7948 0.0000
vt 0.6795 0.3823 0.0000
vt 0.6869 0.3163 0.0000
vt 0.7071 0.3322 0.0000
vt 0.7081 0.3327 0.0000
vt 0.3893 0.9816 0.0000
vt 0.6946 0.9652 0.0000
vt 0.3893 0.9827 0.0000
vt 0.1512 0.7143 0.0000
vt 0.1658 0.4090 0.0000
vt 0.1850 0.4090 0.0000
vt 0.1857 0.4090 0.0000
vt 0.1671 0.7143 0.0000
vt 0.6946 0.9493 0.0000
vt 0.1221 0.0088 0.0000
vt 0.1303 0.0088 0.0000
vt 0.1274 0.0127 0.0000
vt 0.7241 0.5370 0.0000
vt 0.8103 0.5370 0.0000
vt 0.8103 0.5822 0.0000
vt 0.7730 0.5822 0.0000
vt 0.7737 0.5774 0.0000
vt 0.7729 0.5716 0.0000
vt 0.7705 0.5665 0.0000
vt 0.7679 0.5638 0.0000
vt 0.7668 0.5626 0.0000
vt 0.7623 0.5606 0.0000
vt 0.7576 0.5606 0.0000
vt 0.7531 0.5626 0.0000
vt 0.7520 0.5638 0.0000
vt 0.7494 0.5665 0.0000
vt 0.7470 0.5716 0.0000
vt 0.7462 0.5774 0.0000
vt 0.7469 0.5822 0.0000
vt 0.7313 0.5822 0.0000
vt 0.7313 0.5827 0.0000
vt 0.7241 0.5827 0.0000
vt 0.7102 0.5348 0.0000
vt 0.6650 0.5348 0.0000
vt 0.6650 0.4435 0.0000
vt 0.7102 0.4435 0.0000
vt 0.8077 0.4435 0.0000
vt 0.8535 0.4435 0.0000
vt 0.8535 0.4498 0.0000
vt 0.8530 0.4498 0.0000
vt 0.8530 0.5298 0.0000
vt 0.8077 0.5298 0.0000
vt 0.1337 0.0043 0.0000
vt 0.1157 0.0043 0.0000
vt 0.1151 0.0039 0.0000
vt 0.1147 0.0043 0.0000
vt 0.1092 0.0043 0.0000
vt 0.1092 0.0006 0.0000
vt 0.1368 0.0006 0.0000
vt 0.0647 0.3805 0.0000
vt 0.0645 0.3647 0.0000
vt 0.0801 0.3647 0.0000
vt 0.0794 0.3713 0.0000
vt 0.0802 0.3792 0.0000
vt 0.0806 0.3803 0.0000
vt 0.0064 0.2811 0.0000
vt 0.0126 0.2811 0.0000
vt 0.0126 0.3724 0.0000
vt 0.0054 0.3724 0.0000
vt 0.8406 0.2342 0.0000
vt 0.8138 0.2407 0.0000
vt 0.8127 0.2360 0.0000
vt 0.8177 0.2348 0.0000
vt 0.8184 0.2354 0.0000
vt 0.8190 0.2345 0.0000
vt 0.8365 0.2303 0.0000
vt 0.8116 0.2316 0.0000
vt 0.8133 0.2312 0.0000
vt 0.8112 0.2299 0.0000
vt 0.7833 0.2384 0.0000
vt 0.7824 0.2349 0.0000
vt 0.8091 0.2285 0.0000
vt 0.6352 0.0460 0.0000
vt 0.6085 0.0524 0.0000
vt 0.6074 0.0478 0.0000
vt 0.6311 0.0421 0.0000
vt 0.6063 0.0434 0.0000
vt 0.6279 0.0382 0.0000
vt 0.6055 0.0399 0.0000
vt 0.6260 0.0350 0.0000
vt 0.0393 0.0166 0.0000
vt 0.0393 0.0377 0.0000
vt 0.0345 0.0377 0.0000
vt 0.0345 0.0165 0.0000
vt 0.0300 0.0377 0.0000
vt 0.0300 0.0153 0.0000
vt 0.1024 0.0217 0.0000
vt 0.0800 0.0216 0.0000
vt 0.0800 0.0180 0.0000
vt 0.1047 0.0180 0.0000
vt 0.0800 0.0135 0.0000
vt 0.1078 0.0135 0.0000
vt 0.0800 0.0087 0.0000
vt 0.1092 0.0088 0.0000
vt 0.1092 0.0116 0.0000
vt 0.1113 0.0088 0.0000
vt 0.7527 0.8742 0.0000
vt 0.7527 0.8912 0.0000
vt 0.7527 0.9081 0.0000
vt 0.7527 0.9245 0.0000
vt 0.7346 0.9449 0.0000
vt 0.7150 0.9482 0.0000
vt 0.8665 0.9168 0.0000
vt 0.8868 0.9148 0.0000
vt 0.8868 0.9069 0.0000
vt 0.8852 0.8992 0.0000
vt 0.8982 0.8834 0.0000
vt 0.9121 0.8759 0.0000
vt 0.9769 0.0202 0.0000
vt 0.9824 0.0398 0.0000
vt 0.7468 0.4068 0.0000
vt 0.7567 0.3508 0.0000
vt 0.7803 0.3526 0.0000
vt 0.8058 0.3496 0.0000
vt 0.0349 0.7143 0.0000
vt 0.0203 0.4090 0.0000
vt 0.0407 0.4090 0.0000
vt 0.0430 0.4090 0.0000
vt 0.0530 0.7143 0.0000
vt 0.0191 0.7143 0.0000
vt 0.0005 0.4090 0.0000
vt 0.0054 0.8028 0.0000
vt 0.3107 0.8203 0.0000
vt 0.3107 0.8362 0.0000
vt 0.0054 0.8037 0.0000
vt 0.0054 0.8039 0.0000
vt 0.9702 0.4040 0.0000
vt 0.9994 0.1186 0.0000
vt 0.9774 0.4040 0.0000
vt 0.0142 0.0189 0.0000
vt 0.0141 0.0119 0.0000
vt 0.0176 0.0148 0.0000
vt 0.7142 0.4435 0.0000
vt 0.7599 0.4435 0.0000
vt 0.7599 0.5348 0.0000
vt 0.7142 0.5348 0.0000
vt 0.0007 0.0269 0.0000
vt 0.0005 0.0005 0.0000
vt 0.7258 0.1528 0.0000
vt 0.7261 0.1792 0.0000
vt 0.7213 0.1793 0.0000
vt 0.7209 0.1502 0.0000
vt 0.3642 0.5224 0.0000
vt 0.3642 0.5003 0.0000
vt 0.3687 0.4992 0.0000
vt 0.3687 0.5214 0.0000
vt 0.3646 0.5224 0.0000
vt 0.3687 0.5224 0.0000
vt 0.3735 0.5214 0.0000
vt 0.3735 0.5224 0.0000
vt 0.3776 0.5224 0.0000
vt 0.3735 0.4992 0.0000
vt 0.3780 0.5003 0.0000
vt 0.3780 0.5224 0.0000
vt 0.8431 0.1900 0.0000
vt 0.8154 0.1986 0.0000
vt 0.8140 0.1941 0.0000
vt 0.8392 0.1862 0.0000
vt 0.3008 0.0110 0.0000
vt 0.3271 0.0084 0.0000
vt 0.5250 0.4189 0.0000
vt 0.5250 0.5052 0.0000
vt 0.4336 0.5052 0.0000
vt 0.4610 0.4775 0.0000
vt 0.4610 0.4515 0.0000
vt 0.4601 0.4516 0.0000
vt 0.4537 0.4540 0.0000
vt 0.4489 0.4576 0.0000
vt 0.4464 0.4621 0.0000
vt 0.4464 0.4669 0.0000
vt 0.4489 0.4714 0.0000
vt 0.4537 0.4750 0.0000
vt 0.4601 0.4774 0.0000
vt 0.4336 0.4189 0.0000
vt 0.3311 0.8373 0.0000
vt 0.3507 0.8406 0.0000
vt 0.3847 0.8660 0.0000
vt 0.3688 0.8460 0.0000
vt 0.3561 0.0056 0.0000
vt 0.3855 0.0069 0.0000
vt 0.3860 0.0115 0.0000
vt 0.3864 0.0162 0.0000
vt 0.3868 0.0203 0.0000
vt 0.0608 0.3826 0.0000
vt 0.0563 0.3840 0.0000
vt 0.0520 0.3853 0.0000
vt 0.0485 0.3864 0.0000
vt 0.3840 0.0744 0.0000
vt 0.3793 0.0744 0.0000
vt 0.3748 0.0744 0.0000
vt 0.0188 0.0851 0.0000
vt 0.0146 0.0852 0.0000
vt 0.0099 0.0852 0.0000
vt 0.0052 0.0852 0.0000
vt 0.0009 0.0561 0.0000
vt 0.8196 0.9623 0.0000
vt 0.8122 0.9763 0.0000
vt 0.8001 0.9682 0.0000
vt 0.8102 0.9560 0.0000
vt 0.8302 0.9666 0.0000
vt 0.8256 0.9818 0.0000
vt 0.3847 0.9227 0.0000
vt 0.8566 0.9289 0.0000
vt 0.8529 0.9305 0.0000
vt 0.8510 0.9508 0.0000
vt 0.8399 0.9846 0.0000
vt 0.8414 0.9688 0.0000
vt 0.8599 0.9267 0.0000
vt 0.8469 0.9109 0.0000
vt 0.7300 0.3438 0.0000
vt 0.7547 0.3507 0.0000
vt 0.1331 0.7143 0.0000
vt 0.1432 0.4090 0.0000
vt 0.1135 0.7143 0.0000
vt 0.1186 0.4090 0.0000
vt 0.1421 0.4090 0.0000
vt 0.1501 0.7347 0.0000
vt 0.1656 0.7347 0.0000
vt 0.6158 0.4435 0.0000
vt 0.6615 0.4435 0.0000
vt 0.6615 0.5348 0.0000
vt 0.6158 0.5348 0.0000
vt 0.5272 0.4435 0.0000
vt 0.6134 0.4435 0.0000
vt 0.6134 0.5348 0.0000
vt 0.5272 0.5348 0.0000
vt 0.7336 0.1539 0.0000
vt 0.7333 0.1814 0.0000
vt 0.7285 0.1814 0.0000
vt 0.7289 0.1522 0.0000
vt 0.7303 0.1522 0.0000
vt 0.7289 0.1516 0.0000
vt 0.8948 0.6748 0.0000
vt 0.8948 0.6754 0.0000
vt 0.8903 0.6763 0.0000
vt 0.8903 0.6748 0.0000
vt 0.8855 0.6763 0.0000
vt 0.8855 0.6748 0.0000
vt 0.8811 0.6754 0.0000
vt 0.8811 0.6748 0.0000
vt 0.8438 0.2381 0.0000
vt 0.8432 0.2382 0.0000
vt 0.8429 0.2369 0.0000
vt 0.8148 0.2450 0.0000
vt 0.8242 0.2286 0.0000
vt 0.8321 0.2267 0.0000
vt 0.8286 0.2245 0.0000
vt 0.0800 0.0042 0.0000
vt 0.0800 0.0006 0.0000
vt 0.7854 0.2475 0.0000
vt 0.7843 0.2428 0.0000
vt 0.7549 0.2453 0.0000
vt 0.7541 0.2417 0.0000
vt 0.5803 0.0543 0.0000
vt 0.5801 0.0593 0.0000
vt 0.5793 0.0558 0.0000
vt 0.5812 0.0526 0.0000
vt 0.5790 0.0500 0.0000
vt 0.5773 0.0472 0.0000
vt 0.5771 0.0467 0.0000
vt 0.0393 0.0668 0.0000
vt 0.0345 0.0668 0.0000
vt 0.0300 0.0658 0.0000
vt 0.0339 0.0668 0.0000
vt 0.0519 0.0216 0.0000
vt 0.0535 0.0192 0.0000
vt 0.0522 0.0179 0.0000
vt 0.0509 0.0168 0.0000
vt 0.0509 0.0135 0.0000
vt 0.0509 0.0087 0.0000
vt 0.7686 0.8767 0.0000
vt 0.7686 0.8628 0.0000
vt 0.7686 0.8912 0.0000
vt 0.7686 0.9056 0.0000
vt 0.7686 0.9195 0.0000
vt 0.7527 0.9395 0.0000
vt 0.7346 0.9595 0.0000
vt 0.7150 0.9637 0.0000
vt 0.8673 0.9129 0.0000
vt 0.8673 0.9089 0.0000
vt 0.8665 0.9050 0.0000
vt 0.8822 0.8920 0.0000
vt 0.8918 0.8739 0.0000
vt 0.9040 0.8639 0.0000
vt 0.0726 0.7143 0.0000
vt 0.0675 0.4090 0.0000
vt 0.0911 0.4090 0.0000
vt 0.0931 0.4090 0.0000
vt 0.0931 0.7143 0.0000
vt 0.0360 0.7347 0.0000
vt 0.0538 0.7347 0.0000
vt 0.0205 0.7347 0.0000
vt 0.3311 0.8218 0.0000
vt 0.7264 0.2084 0.0000
vt 0.7216 0.2084 0.0000
vt 0.3642 0.4781 0.0000
vt 0.3687 0.4770 0.0000
vt 0.3735 0.4770 0.0000
vt 0.3780 0.4781 0.0000
vt 0.7875 0.2073 0.0000
vt 0.7861 0.2027 0.0000
vt 0.0497 0.0323 0.0000
vt 0.0498 0.0318 0.0000
vt 0.0522 0.0287 0.0000
vt 0.0559 0.0264 0.0000
vt 0.0604 0.0251 0.0000
vt 0.0651 0.0251 0.0000
vt 0.0696 0.0264 0.0000
vt 0.0733 0.0287 0.0000
vt 0.0757 0.0318 0.0000
vt 0.0758 0.0323 0.0000
vt 0.8443 0.2571 0.0000
vt 0.8448 0.2575 0.0000
vt 0.8443 0.2580 0.0000
vt 0.8480 0.2601 0.0000
vt 0.8443 0.2644 0.0000
vt 0.0517 0.0366 0.0000
vt 0.0571 0.0350 0.0000
vt 0.0585 0.0395 0.0000
vt 0.0497 0.0423 0.0000
vt 0.4559 0.4576 0.0000
vt 0.4549 0.4621 0.0000
vt 0.4549 0.4669 0.0000
vt 0.4559 0.4714 0.0000
vt 0.7211 0.1497 0.0000
vt 0.7209 0.1405 0.0000
vt 0.7257 0.1405 0.0000
vt 0.7258 0.1461 0.0000
vt 0.7311 0.1511 0.0000
vt 0.7275 0.1468 0.0000
vt 0.7307 0.1441 0.0000
vt 0.7311 0.1447 0.0000
vt 0.7311 0.1437 0.0000
vt 0.3507 0.8260 0.0000
vt 0.7898 0.9580 0.0000
vt 0.8021 0.9479 0.0000
vt 0.6733 0.3899 0.0000
vt 0.6746 0.4104 0.0000
vt 0.6575 0.4104 0.0000
vt 0.6588 0.3899 0.0000
vt 0.6566 0.4305 0.0000
vt 0.6380 0.4281 0.0000
vt 0.6408 0.4083 0.0000
vt 0.3851 0.0027 0.0000
vt 0.3976 0.0104 0.0000
vt 0.4031 0.0051 0.0000
vt 0.3921 0.0157 0.0000
vt 0.3904 0.0172 0.0000
vt 0.3930 0.0197 0.0000
vt 0.0589 0.3923 0.0000
vt 0.0627 0.3884 0.0000
vt 0.0550 0.3949 0.0000
vt 0.0515 0.3960 0.0000
vt 0.3793 0.0831 0.0000
vt 0.3841 0.0845 0.0000
vt 0.3748 0.0806 0.0000
vt 0.0188 0.0913 0.0000
vt 0.0161 0.0890 0.0000
vt 0.0147 0.0908 0.0000
vt 0.0100 0.0968 0.0000
vt 0.0011 0.0853 0.0000
vt 0.0053 0.1029 0.0000
vt 0.8281 0.9463 0.0000
vt 0.8216 0.9419 0.0000
vt 0.8354 0.9493 0.0000
vt 0.8490 0.9312 0.0000
vt 0.8431 0.9508 0.0000
vt 0.1323 0.7347 0.0000
vt 0.1131 0.7347 0.0000
vt 0.1468 0.7543 0.0000
vt 0.1614 0.7543 0.0000
vt 0.7329 0.2106 0.0000
vt 0.7282 0.2105 0.0000
vt 0.8948 0.6989 0.0000
vt 0.8903 0.6998 0.0000
vt 0.8855 0.6998 0.0000
vt 0.8811 0.6989 0.0000
vt 0.7865 0.2518 0.0000
vt 0.0509 0.0042 0.0000
vt 0.0509 0.0005 0.0000
vt 0.7571 0.2543 0.0000
vt 0.7560 0.2496 0.0000
vt 0.7503 0.2426 0.0000
vt 0.7454 0.2475 0.0000
vt 0.5764 0.0602 0.0000
vt 0.5770 0.0467 0.0000
vt 0.0345 0.0670 0.0000
vt 0.0393 0.0670 0.0000
vt 0.0470 0.0134 0.0000
vt 0.0411 0.0087 0.0000
vt 0.8837 0.8659 0.0000
vt 0.8938 0.8536 0.0000
vt 0.8742 0.8596 0.0000
vt 0.8817 0.8456 0.0000
vt 0.8637 0.8553 0.0000
vt 0.8683 0.8401 0.0000
vt 0.8525 0.8531 0.0000
vt 0.8540 0.8373 0.0000
vt 0.9671 0.8022 0.0000
vt 0.9468 0.7999 0.0000
vt 0.9497 0.7831 0.0000
vt 0.9697 0.7879 0.0000
vt 0.9459 0.8168 0.0000
vt 0.9259 0.8161 0.0000
vt 0.9268 0.7974 0.0000
vt 0.8649 0.9013 0.0000
vt 0.8778 0.8855 0.0000
vt 0.0730 0.7347 0.0000
vt 0.0931 0.7347 0.0000
vt 0.0393 0.7543 0.0000
vt 0.0561 0.7543 0.0000
vt 0.0247 0.7543 0.0000
vt 0.7268 0.2375 0.0000
vt 0.7220 0.2376 0.0000
vt 0.3642 0.4559 0.0000
vt 0.3687 0.4548 0.0000
vt 0.3735 0.4548 0.0000
vt 0.3780 0.4559 0.0000
vt 0.7597 0.2160 0.0000
vt 0.7583 0.2114 0.0000
vt 0.8160 0.9364 0.0000
vt 0.7818 0.9460 0.0000
vt 0.7957 0.9385 0.0000
vt 0.6446 0.3881 0.0000
vt 0.6205 0.4236 0.0000
vt 0.6250 0.4041 0.0000
vt 0.4079 0.0005 0.0000
vt 0.0012 0.1081 0.0000
vt 0.8374 0.9290 0.0000
vt 0.8340 0.9267 0.0000
vt 0.8411 0.9305 0.0000
vt 0.8450 0.9313 0.0000
vt 0.1301 0.7543 0.0000
vt 0.1119 0.7543 0.0000
vt 0.9472 0.8330 0.0000
vt 0.9273 0.8341 0.0000
vt 0.8948 0.7224 0.0000
vt 0.8903 0.7233 0.0000
vt 0.7326 0.2398 0.0000
vt 0.7278 0.2397 0.0000
vt 0.8855 0.7233 0.0000
vt 0.8811 0.7224 0.0000
vt 0.7581 0.2586 0.0000
vt 0.0300 0.0005 0.0000
vt 0.0352 0.0042 0.0000
vt 0.7407 0.2533 0.0000
vt 0.7368 0.2591 0.0000
vt 0.8723 0.8799 0.0000
vt 0.8657 0.8756 0.0000
vt 0.8585 0.8726 0.0000
vt 0.8508 0.8711 0.0000
vt 0.8411 0.8531 0.0000
vt 0.8395 0.8373 0.0000
vt 0.9664 0.8165 0.0000
vt 0.8627 0.8979 0.0000
vt 0.0742 0.7543 0.0000
vt 0.0931 0.7543 0.0000
vt 0.0447 0.7724 0.0000
vt 0.0598 0.7724 0.0000
vt 0.7223 0.2644 0.0000
vt 0.7270 0.2604 0.0000
vt 0.3687 0.4328 0.0000
vt 0.3642 0.4355 0.0000
vt 0.3780 0.4355 0.0000
vt 0.3735 0.4328 0.0000
vt 0.7364 0.2182 0.0000
vt 0.7341 0.2240 0.0000
vt 0.8312 0.9239 0.0000
vt 0.8117 0.9299 0.0000
vt 0.7762 0.9326 0.0000
vt 0.7913 0.9279 0.0000
vt 0.6312 0.3846 0.0000
vt 0.1264 0.7724 0.0000
vt 0.1414 0.7724 0.0000
vt 0.1100 0.7724 0.0000
vt 0.9676 0.8304 0.0000
vt 0.8948 0.7458 0.0000
vt 0.8903 0.7468 0.0000
vt 0.7275 0.2644 0.0000
vt 0.7323 0.2606 0.0000
vt 0.8855 0.7468 0.0000
vt 0.8811 0.7458 0.0000
vt 0.7341 0.2644 0.0000
vt 0.8599 0.8951 0.0000
vt 0.8565 0.8929 0.0000
vt 0.8528 0.8914 0.0000
vt 0.8489 0.8906 0.0000
vt 0.8429 0.8711 0.0000
vt 0.8299 0.8553 0.0000
vt 0.8253 0.8402 0.0000
vt 0.0761 0.7724 0.0000
vt 0.0931 0.7724 0.0000
vt 0.6108 0.3982 0.0000
vt 0.6191 0.3795 0.0000
vt 0.8290 0.9206 0.0000
vt 0.8086 0.9226 0.0000
vt 0.7733 0.9183 0.0000
vt 0.7891 0.9168 0.0000
vt 0.9705 0.8431 0.0000
vt 0.9507 0.8480 0.0000
vt 0.1075 0.7883 0.0000
vt 0.1214 0.7883 0.0000
vt 0.8194 0.8597 0.0000
vt 0.8119 0.8457 0.0000
vt 0.8903 0.7683 0.0000
vt 0.8948 0.7657 0.0000
vt 0.8855 0.7683 0.0000
vt 0.8811 0.7657 0.0000
vt 0.8449 0.8906 0.0000
vt 0.8352 0.8726 0.0000
vt 0.0786 0.7883 0.0000
vt 0.0931 0.7883 0.0000
vt 0.0647 0.7883 0.0000
vt 0.7733 0.9038 0.0000
vt 0.7891 0.9054 0.0000
vt 0.8274 0.9169 0.0000
vt 0.8071 0.9149 0.0000
vt 0.8100 0.8661 0.0000
vt 0.7999 0.8538 0.0000
vt 0.8019 0.8741 0.0000
vt 0.7896 0.8641 0.0000
vt 0.8280 0.8756 0.0000
vt 0.8410 0.8914 0.0000
vt 0.7913 0.8942 0.0000
vt 0.7761 0.8896 0.0000
vt 0.7816 0.8762 0.0000
vt 0.7956 0.8836 0.0000
vt 0.8071 0.9071 0.0000
vt 0.8266 0.9130 0.0000
vt 0.8215 0.8800 0.0000
vt 0.8159 0.8856 0.0000
vt 0.8373 0.8929 0.0000
vt 0.8086 0.8994 0.0000
vt 0.8116 0.8921 0.0000
vt 0.8266 0.9090 0.0000
vt 0.8340 0.8952 0.0000
vt 0.8311 0.8980 0.0000
vt 0.8274 0.9050 0.0000
vt 0.8289 0.9013 0.0000
vt 0.3352 0.4646 0.0000
vt 0.3352 0.4189 0.0000
vt 0.4215 0.4189 0.0000
vt 0.4215 0.4646 0.0000
vt 0.3832 0.4646 0.0000
vt 0.3840 0.4623 0.0000
vt 0.3849 0.4547 0.0000
vt 0.3840 0.4471 0.0000
vt 0.3816 0.4404 0.0000
vt 0.3606 0.4404 0.0000
vt 0.3582 0.4471 0.0000
vt 0.3573 0.4547 0.0000
vt 0.3582 0.4623 0.0000
vt 0.3590 0.4646 0.0000
vt 0.5764 0.6207 0.0000
vt 0.6002 0.6207 0.0000
vt 0.6018 0.6243 0.0000
vt 0.6054 0.6283 0.0000
vt 0.6099 0.6304 0.0000
vt 0.6147 0.6304 0.0000
vt 0.6192 0.6283 0.0000
vt 0.6228 0.6243 0.0000
vt 0.6244 0.6207 0.0000
vt 0.6627 0.6207 0.0000
vt 0.6627 0.8013 0.0000
vt 0.6216 0.8013 0.0000
vt 0.6192 0.7988 0.0000
vt 0.6153 0.7970 0.0000
vt 0.6147 0.7967 0.0000
vt 0.6099 0.7967 0.0000
vt 0.6093 0.7970 0.0000
vt 0.6054 0.7988 0.0000
vt 0.6030 0.8013 0.0000
vt 0.5764 0.8013 0.0000
vt 0.5255 0.7964 0.0000
vt 0.4798 0.7982 0.0000
vt 0.4779 0.6176 0.0000
vt 0.5237 0.6158 0.0000
vt 0.7513 0.8013 0.0000
vt 0.6650 0.8013 0.0000
vt 0.6650 0.6207 0.0000
vt 0.7513 0.6207 0.0000
vt 0.5729 0.7982 0.0000
vt 0.5272 0.7964 0.0000
vt 0.5290 0.6158 0.0000
vt 0.5747 0.6176 0.0000
vt 0.8520 0.7308 0.0000
vt 0.8786 0.7308 0.0000
vt 0.8774 0.7325 0.0000
vt 0.8768 0.7342 0.0000
vt 0.8750 0.7391 0.0000
vt 0.8742 0.7466 0.0000
vt 0.8750 0.7542 0.0000
vt 0.8774 0.7608 0.0000
vt 0.8985 0.7608 0.0000
vt 0.9009 0.7542 0.0000
vt 0.9017 0.7466 0.0000
vt 0.9009 0.7391 0.0000
vt 0.8991 0.7342 0.0000
vt 0.8985 0.7325 0.0000
vt 0.8973 0.7308 0.0000
vt 0.9383 0.7308 0.0000
vt 0.9383 0.7766 0.0000
vt 0.8520 0.7766 0.0000
# 1376 texture coords

o Cylinder029
g Cylinder029
usemtl wire_255255255
s 1
f 1/1/1 2/2/1 3/3/1 
f 1/1/1 3/3/1 4/4/1 
f 1/1/1 5/5/1 2/2/1 
f 3/3/1 2/2/1 6/6/2 7/7/3 
f 1/1/1 4/4/1 8/8/1 
f 4/4/1 3/3/1 7/7/3 9/9/4 
f 1/1/1 10/10/1 5/5/1 
f 2/2/1 5/5/1 11/11/5 6/6/2 
s 8
f 7/12/3 6/13/2 12/14/6 13/15/7 
s 1
f 1/1/1 8/8/1 14/16/1 
f 8/8/1 4/4/1 9/9/4 15/17/8 
s 8
f 9/18/4 7/12/3 13/15/7 16/19/9 
s 1
f 1/1/1 17/20/1 10/10/1 
f 5/5/1 10/10/1 18/21/10 11/11/5 
s 8
f 6/13/2 11/22/5 19/23/11 12/14/6 
f 13/15/7 12/14/6 20/24/6 21/25/12 
s 1
f 1/1/1 14/16/1 22/26/1 
f 14/16/1 8/8/1 15/17/8 23/27/13 
s 8
f 15/28/8 9/18/4 16/19/9 24/29/14 
f 16/19/9 13/15/7 21/25/12 25/30/9 
s 1
f 1/1/1 26/31/1 17/20/1 
f 10/10/1 17/20/1 27/32/15 18/21/10 
s 8
f 11/33/5 18/34/10 28/35/16 19/36/11 
f 12/14/6 19/23/11 29/37/17 20/24/6 
f 21/25/12 20/24/6 30/38/6 31/39/7 
s 1
f 1/1/1 22/26/1 32/40/1 
f 22/26/1 14/16/1 23/27/13 33/41/18 
s 8
f 23/42/13 15/43/8 24/44/14 34/45/19 
f 24/29/14 16/19/9 25/30/9 35/46/20 
f 25/30/9 21/25/12 31/39/7 36/47/9 
s 1
f 1/1/1 37/48/1 26/31/1 
f 17/20/1 26/31/1 38/49/21 27/32/15 
s 8
f 18/34/10 27/50/15 39/51/22 28/35/16 
f 19/36/11 28/35/16 40/52/16 29/53/17 
f 20/24/6 29/37/17 41/54/17 30/38/6 
f 31/39/7 30/38/6 42/55/6 43/56/7 
s 1
f 1/1/1 32/40/1 44/57/1 
f 32/40/1 22/26/1 33/41/18 45/58/23 
s 8
f 33/59/18 23/42/13 34/45/19 46/60/24 
f 34/45/19 24/44/14 35/61/20 47/62/19 
f 35/46/20 25/30/9 36/47/9 48/63/20 
f 36/47/9 31/39/7 43/56/7 49/64/9 
s 1
f 1/1/1 50/65/1 37/48/1 
f 26/31/1 37/48/1 51/66/25 38/49/21 
s 8
f 27/50/15 38/67/21 52/68/26 39/51/22 
f 28/35/16 39/51/22 53/69/22 40/52/16 
f 29/53/17 40/52/16 54/70/16 41/71/17 
f 30/38/6 41/54/17 55/72/17 42/55/6 
f 43/56/7 42/55/6 56/73/27 57/74/28 
s 1
f 1/1/1 44/57/1 58/75/1 
f 44/57/1 32/40/1 45/58/23 59/76/29 
s 8
f 45/77/23 33/59/18 46/60/24 60/78/30 
f 46/60/24 34/45/19 47/62/19 61/79/24 
f 47/62/19 35/61/20 48/80/20 62/81/19 
f 48/63/20 36/47/9 49/64/9 63/82/20 
f 49/64/9 43/56/7 57/74/28 64/83/31 
s 1
f 1/1/1 65/84/1 50/65/1 
f 37/48/1 50/65/1 66/85/32 51/66/25 
s 8
f 38/67/21 51/86/25 67/87/33 52/68/26 
f 39/51/22 52/68/26 68/88/26 53/69/22 
f 40/52/16 53/69/22 69/89/22 54/70/16 
f 41/71/17 54/70/16 70/90/16 55/91/17 
f 42/55/6 55/72/17 71/92/34 56/73/27 
s 1
f 57/93/28 56/94/27 72/95/35 73/96/36 74/97/37 
f 1/1/1 58/75/1 75/98/1 
f 58/75/1 44/57/1 59/76/29 76/99/38 
s 8
f 59/100/29 45/77/23 60/78/30 77/101/39 
f 60/78/30 46/60/24 61/79/24 78/102/30 
f 61/79/24 47/62/19 62/81/19 79/103/24 
f 62/81/19 48/80/20 63/104/20 80/105/19 
f 63/82/20 49/64/9 64/83/31 81/106/40 
s 1
f 64/107/31 57/93/28 74/97/37 82/108/41 83/109/42 84/110/43 
f 1/1/1 85/111/1 65/84/1 
f 50/65/1 65/84/1 86/112/44 66/85/32 
s 8
f 51/86/25 66/113/32 87/114/45 67/87/33 
f 52/68/26 67/87/33 88/115/33 68/88/26 
f 53/69/22 68/88/26 89/116/26 69/89/22 
f 54/70/16 69/89/22 90/117/22 70/90/16 
f 55/91/17 70/90/16 91/118/46 71/119/34 
s 1
f 56/94/27 71/120/34 92/121/37 93/122/47 94/123/48 72/95/35 
s 2
f 95/124/49 73/125/36 72/126/35 94/127/48 96/128/50 
f 97/129/51 82/130/41 74/131/37 73/125/36 95/124/49 98/132/52 99/133/53 
s 1
f 1/1/1 75/98/1 85/111/1 
f 75/98/1 58/75/1 76/99/38 100/134/54 
s 8
f 76/135/38 59/100/29 77/101/39 101/136/55 
f 77/101/39 60/78/30 78/102/30 102/137/39 
f 78/102/30 61/79/24 79/103/24 103/138/30 
f 79/103/24 62/81/19 80/105/19 104/139/24 
f 80/105/19 63/104/20 81/140/40 105/141/56 
s 1
f 81/142/40 64/107/31 84/110/43 106/143/57 107/144/37 
s 2
f 82/130/41 97/129/51 108/145/58 109/146/59 110/147/60 83/148/42 
f 111/149/61 106/150/57 84/151/43 83/148/42 110/147/60 
s 1
f 65/84/1 85/111/1 112/152/62 86/112/44 
s 8
f 66/153/32 86/154/44 113/155/63 87/156/45 
f 67/87/33 87/114/45 114/157/64 88/115/33 
f 68/88/26 88/115/33 115/158/33 89/116/26 
f 69/89/22 89/116/26 116/159/26 90/117/22 
f 70/90/16 90/117/22 117/160/65 91/118/46 
s 1
f 71/120/34 91/161/46 118/162/66 119/163/67 92/121/37 
s 2
f 120/164/68 93/165/47 92/166/37 119/167/67 121/168/69 122/169/70 123/170/71 
f 96/128/50 94/127/48 93/165/47 120/164/68 
s 2097152
f 123/171/71 124/172/72 125/173/73 98/174/52 95/175/49 96/176/50 120/177/68 
s 2
f 126/178/74 127/179/7 97/129/51 99/133/53 
s 8388608
f 98/180/52 125/181/73 128/182/75 129/183/76 130/184/77 131/185/78 126/186/74 99/187/53 
s 1
f 85/111/1 75/98/1 100/134/54 112/152/62 
s 8
f 100/188/54 76/189/38 101/190/55 132/191/79 
f 101/136/55 77/101/39 102/137/39 133/192/55 
f 102/137/39 78/102/30 103/138/30 134/193/39 
f 103/138/30 79/103/24 104/139/24 135/194/30 
f 104/139/24 80/105/19 105/141/56 136/195/80 
s 1
f 105/196/56 81/142/40 107/144/37 137/197/81 138/198/82 139/199/83 
s 2
f 140/200/84 137/201/81 107/202/37 106/150/57 111/149/61 
f 108/145/58 97/129/51 127/179/7 141/203/85 
s 524288
f 142/204/72 109/205/59 108/206/58 141/207/85 143/208/86 144/209/87 145/210/88 146/211/89 
s 32768
f 109/212/59 142/213/72 147/214/73 148/215/90 140/216/84 111/217/61 110/218/60 
s 8
f 86/154/44 112/219/62 149/220/91 113/155/63 
f 87/156/45 113/155/63 150/221/63 114/222/64 
f 88/115/33 114/157/64 151/223/64 115/158/33 
f 89/116/26 115/158/33 152/224/33 116/159/26 
f 90/117/22 116/159/26 153/225/92 117/160/65 
s 1
f 91/161/46 117/226/65 154/227/37 155/228/93 156/229/94 118/162/66 
s 2
f 121/230/69 119/231/67 118/232/66 156/233/94 157/234/95 
f 122/169/70 121/168/69 158/235/96 159/236/97 
s 33554432
f 124/237/72 123/238/71 122/239/70 159/240/97 160/241/98 161/242/99 162/243/100 163/244/101 164/245/89 
s 16777216
f 125/246/73 124/247/72 164/248/89 128/249/75 
s 2
f 131/250/78 165/251/102 127/179/7 126/178/74 
s 4194304
f 129/252/76 128/253/75 164/254/89 163/255/101 166/256/103 167/257/104 168/258/105 169/259/106 
s 2
f 170/260/107 171/261/108 130/262/77 129/263/76 169/264/106 172/265/109 
f 130/262/77 171/261/108 165/251/102 131/250/78 
s 8
f 112/219/62 100/266/54 132/267/79 149/220/91 
f 132/191/79 101/190/55 133/268/55 173/269/79 
f 133/192/55 102/137/39 134/193/39 174/270/110 
f 134/193/39 103/138/30 135/194/30 175/271/39 
f 135/194/30 104/139/24 136/195/80 176/272/111 
s 1
f 136/273/80 105/196/56 139/199/83 177/274/112 178/275/113 179/276/114 
s 2
f 137/201/81 140/200/84 148/277/90 180/278/115 181/279/116 138/280/82 
f 182/281/117 177/282/112 139/283/83 138/284/82 181/285/116 
f 141/203/85 127/179/7 165/251/102 143/286/86 
s 262144
f 147/287/73 142/288/72 146/289/89 183/290/75 
s 2
f 143/286/86 165/251/102 171/261/108 144/291/87 
f 184/292/118 185/293/119 145/294/88 144/291/87 171/261/108 170/260/107 
s 65536
f 186/295/120 183/296/75 146/297/89 145/298/88 185/299/119 187/300/121 188/301/122 189/302/123 
s 131072
f 148/303/90 147/304/73 183/305/75 186/306/120 190/307/124 191/308/125 192/309/126 193/310/127 180/311/115 
s 8
f 113/155/63 149/220/91 194/312/91 150/221/63 
f 114/222/64 150/221/63 195/313/63 151/314/64 
f 115/158/33 151/223/64 196/315/64 152/224/33 
f 116/159/26 152/224/33 197/316/128 153/225/92 
s 1
f 117/226/65 153/317/92 198/318/37 199/319/129 200/320/130 154/227/37 
s 2
f 201/321/131 155/322/93 154/323/37 200/324/130 202/325/132 
f 155/322/93 201/321/131 203/326/133 204/327/134 157/234/95 156/233/94 
f 158/328/96 121/230/69 157/234/95 205/329/135 
f 159/236/97 158/235/96 206/330/136 160/331/98 
f 160/331/98 206/330/136 207/332/137 161/333/99 
f 208/334/138 167/335/104 166/336/103 162/337/100 161/338/99 207/339/137 209/340/139 
s 67108864
f 166/341/103 163/342/101 162/343/100 
s 2
f 167/344/104 208/345/138 210/346/140 168/347/105 
f 168/347/105 210/346/140 172/265/109 169/264/106 
f 211/348/141 170/260/107 172/265/109 212/349/142 
s 8
f 149/220/91 132/267/79 173/350/79 194/312/91 
f 173/269/79 133/268/55 174/351/110 213/352/79 
f 174/270/110 134/193/39 175/271/39 214/353/110 
f 175/271/39 135/194/30 176/272/111 215/354/143 
s 1
f 176/355/111 136/273/80 179/276/114 216/356/144 217/357/145 218/358/37 
s 2
f 177/282/112 182/281/117 219/359/146 178/360/113 
f 220/361/147 216/362/144 179/363/114 178/360/113 219/359/146 221/364/148 222/365/149 
f 193/366/127 223/367/150 181/279/116 180/278/115 
f 224/368/151 182/281/117 181/285/116 223/369/150 
f 225/370/152 184/292/118 170/260/107 211/348/141 
f 185/293/119 184/292/118 226/371/153 187/372/121 
s 1048576
f 190/373/124 186/374/120 189/375/123 
s 2
f 187/372/121 226/371/153 227/376/154 188/377/122 
f 228/378/155 229/379/156 191/380/125 190/381/124 189/382/123 188/383/122 227/384/154 
f 191/385/125 229/386/156 230/387/157 192/388/126 
f 192/388/126 230/387/157 223/367/150 193/366/127 
s 8
f 150/221/63 194/312/91 231/389/91 195/313/63 
f 151/314/64 195/313/63 232/390/63 196/391/64 
f 152/224/33 196/315/64 233/392/158 197/316/128 
s 1
f 153/317/92 197/393/128 234/394/37 235/395/159 198/318/37 
s 2
f 236/396/160 199/397/129 198/398/37 235/399/159 237/400/161 
f 202/325/132 200/324/130 199/397/129 236/396/160 
s 16
f 238/401/162 239/402/163 240/403/164 203/404/133 201/405/131 202/406/132 236/407/160 237/408/161 
s 4
f 241/409/165 242/410/166 243/411/167 244/412/168 204/413/134 203/414/133 240/415/164 245/416/169 
s 2
f 244/417/168 205/329/135 157/234/95 204/327/134 
f 206/418/136 158/328/96 205/329/135 246/419/170 
f 207/420/137 206/418/136 246/419/170 247/421/171 
f 248/422/172 208/334/138 209/340/139 249/423/173 
f 209/340/139 207/339/137 247/424/171 250/425/174 
f 251/426/175 210/427/140 208/334/138 248/422/172 
f 212/349/142 172/265/109 210/346/140 251/428/175 
f 252/429/176 211/430/141 212/431/142 253/432/177 
s 8
f 194/312/91 173/350/79 213/433/79 231/389/91 
f 213/352/79 174/351/110 214/434/110 254/435/79 
f 214/353/110 175/271/39 215/354/143 255/436/178 
s 1
f 215/437/143 176/355/111 218/358/37 256/438/179 257/439/180 258/440/1 
s 2
f 259/441/181 217/442/145 216/362/144 220/361/147 
f 260/443/182 256/444/179 218/445/37 217/442/145 259/441/181 
f 261/446/183 219/359/146 182/281/117 224/368/151 
s 16
f 262/447/184 263/448/185 264/449/186 260/450/182 259/451/181 220/452/147 222/453/149 265/454/164 266/455/187 
s 2
f 221/364/148 219/359/146 261/446/183 267/456/188 
s 32
f 263/457/185 268/458/189 269/459/169 265/460/164 222/461/149 221/462/148 267/463/188 270/464/190 271/465/191 272/466/192 273/467/193 274/468/194 275/469/195 276/470/196 264/471/186 
s 2
f 277/472/197 224/368/151 223/369/150 230/473/157 
f 278/474/198 225/475/152 211/430/141 252/429/176 
f 279/476/199 226/371/153 184/292/118 225/370/152 
f 280/477/200 227/384/154 226/478/153 279/479/199 
f 281/480/201 228/378/155 227/384/154 280/477/200 
f 282/481/202 283/482/203 229/379/156 228/378/155 
f 283/483/203 277/472/197 230/473/157 229/484/156 
s 8
f 195/313/63 231/389/91 284/485/91 232/390/63 
f 196/391/64 232/390/63 285/486/204 233/487/158 
s 1
f 197/393/128 233/488/158 286/489/37 287/490/205 288/491/206 234/394/37 
s 2
f 237/400/161 235/399/159 234/492/37 288/493/206 289/494/207 290/495/208 238/496/162 
f 291/497/209 292/498/189 293/499/210 294/500/211 295/501/212 296/502/213 239/503/163 238/504/162 290/505/208 297/506/214 298/507/215 299/508/216 300/509/217 
s 32
f 239/510/163 296/511/213 301/512/73 302/513/75 303/514/218 304/515/219 305/516/220 306/517/221 245/518/169 240/519/164 
s 64
f 292/520/189 291/521/209 241/522/165 245/523/169 306/524/221 307/525/222 308/526/223 309/527/224 310/528/225 311/529/226 312/530/227 313/531/228 314/532/229 315/533/230 316/534/231 317/535/232 318/536/233 319/537/234 
s 8
f 291/538/209 300/539/217 320/540/235 321/541/236 322/542/237 323/543/238 324/544/239 325/545/240 326/546/241 242/547/166 241/548/165 
s 2
f 247/421/171 246/419/170 243/549/167 242/550/166 326/551/241 
f 243/549/167 246/419/170 205/329/135 244/417/168 
f 327/552/242 248/553/172 249/554/173 328/555/243 
f 249/423/173 209/340/139 250/425/174 329/556/244 
f 325/557/240 330/558/245 250/559/174 247/421/171 326/551/241 
f 331/560/246 251/561/175 248/553/172 327/552/242 
f 253/432/177 212/431/142 251/561/175 331/560/246 
f 332/562/247 252/429/176 253/432/177 333/563/248 
s 8
f 231/389/91 213/433/79 254/564/79 284/485/91 
f 254/435/79 214/434/110 255/565/178 334/566/249 
s 1
f 255/567/178 215/437/143 258/440/1 335/568/250 336/569/251 337/570/252 338/571/37 
s 2
f 256/444/179 260/443/182 264/572/186 276/573/196 339/574/253 257/575/180 
f 340/576/254 335/577/250 258/578/1 257/575/180 339/574/253 
f 341/579/255 261/446/183 224/368/151 277/472/197 
s 256
f 342/580/256 343/581/89 344/582/72 345/583/257 262/584/184 266/585/187 346/586/165 347/587/258 348/588/259 349/589/260 
s 128
f 350/590/209 268/591/189 263/592/185 262/593/184 345/594/257 351/595/261 352/596/262 353/597/263 
s 4
f 346/598/165 266/599/187 265/600/164 269/601/169 
s 2
f 267/456/188 261/446/183 341/579/255 270/602/190 
s 64
f 268/603/189 350/604/209 354/605/264 355/606/265 356/607/266 357/608/267 358/609/268 359/610/269 360/611/270 361/612/271 362/613/272 363/614/273 364/615/274 365/616/275 366/617/276 367/618/277 368/619/278 347/620/258 346/621/165 269/622/169 
s 2
f 270/602/190 341/579/255 369/623/279 370/624/280 271/625/191 
f 271/625/191 370/624/280 371/626/281 272/627/192 
f 272/627/192 371/626/281 372/628/282 273/629/193 
f 273/629/193 372/628/282 373/630/283 374/631/284 274/632/194 
f 274/632/194 374/631/284 375/633/285 275/634/195 
f 275/634/195 375/633/285 339/574/253 276/573/196 
f 376/635/286 278/474/198 252/429/176 332/562/247 
f 377/636/287 279/637/199 225/475/152 278/474/198 
f 378/638/288 280/639/200 279/637/199 377/636/287 
f 379/640/289 281/641/201 280/639/200 378/638/288 
f 380/642/290 282/481/202 228/378/155 281/480/201 
f 381/643/291 369/623/279 283/483/203 282/644/202 
f 369/623/279 341/579/255 277/472/197 283/483/203 
s 8
f 232/390/63 284/485/91 382/645/292 285/486/204 
s 1
f 233/488/158 285/646/204 383/647/7 384/648/293 385/649/294 386/650/295 387/651/296 388/652/297 286/489/37 
s 2
f 389/653/298 287/654/205 286/655/37 388/656/297 
f 287/654/205 389/653/298 289/494/207 288/493/206 
f 290/495/208 289/494/207 390/657/299 297/658/214 
s 32
f 391/659/300 293/660/210 292/661/189 319/662/234 392/663/301 393/664/302 
s 4
f 394/665/120 294/666/211 293/667/210 391/668/300 395/669/303 396/670/304 397/671/305 398/672/306 399/673/307 400/674/308 401/675/309 402/676/310 403/677/311 404/678/312 405/679/313 406/680/314 407/681/315 408/682/316 303/683/218 302/684/75 409/685/89 410/686/317 
s 8
f 294/687/211 394/688/120 411/689/318 295/690/212 
s 2
f 411/691/318 412/692/319 413/693/72 301/694/73 296/695/213 295/696/212 
f 297/658/214 390/657/299 414/697/320 298/698/215 
f 298/698/215 414/697/320 415/699/321 299/700/216 
f 416/701/322 320/702/235 300/703/217 299/700/216 415/699/321 417/704/323 
s 16
f 301/705/73 413/706/72 409/707/89 302/708/75 
s 268435456
f 408/709/316 304/710/219 303/711/218 
f 407/712/315 305/713/220 304/710/219 408/709/316 
f 406/714/314 418/715/324 307/716/222 306/717/221 305/713/220 407/712/315 
f 307/716/222 418/715/324 419/718/324 420/719/7 308/720/223 
f 308/720/223 420/719/7 421/721/325 309/722/224 
f 309/722/224 421/721/325 422/723/326 310/724/225 
f 310/725/225 422/726/326 423/727/327 311/728/226 
f 311/728/226 423/727/327 424/729/328 312/730/227 
f 312/730/227 424/729/328 425/731/329 313/732/228 
f 313/733/228 425/734/329 426/735/330 314/736/229 
f 314/736/229 426/735/330 427/737/331 315/738/230 
f 315/739/230 427/740/331 428/741/332 316/742/231 
f 316/742/231 428/741/332 429/743/91 317/744/232 
f 317/744/232 429/743/91 430/745/333 431/746/333 318/747/233 
f 396/748/304 392/749/301 319/750/234 318/747/233 431/746/333 397/751/305 
s 2
f 320/702/235 416/701/322 321/752/236 
f 321/752/236 416/701/322 432/753/334 433/754/335 322/755/237 
f 322/755/237 433/754/335 434/756/336 435/757/337 323/758/238 
f 323/758/238 435/757/337 324/759/239 
f 324/759/239 435/757/337 330/558/245 325/557/240 
f 436/760/338 327/552/242 328/555/243 437/761/339 
f 328/555/243 249/554/173 329/762/244 438/763/340 
f 329/556/244 250/425/174 330/764/245 439/765/341 
f 440/766/342 331/560/246 327/552/242 436/760/338 
f 333/563/248 253/432/177 331/560/246 440/766/342 
f 441/767/343 332/562/247 333/563/248 442/768/344 
s 8
f 284/485/91 254/564/79 334/769/249 382/645/292 
s 1
f 334/770/249 255/567/178 338/571/37 443/771/345 444/772/346 445/773/347 
s 2
f 335/577/250 340/576/254 336/774/251 
f 336/774/251 340/576/254 446/775/348 337/776/252 
f 447/777/349 443/778/345 338/779/37 337/780/252 446/781/348 
f 448/782/350 340/576/254 339/574/253 375/633/285 
s 1073741824
f 349/783/260 449/784/351 342/785/256 
s 1024
f 450/786/120 451/787/75 343/788/89 342/789/256 449/790/351 452/791/352 453/792/353 454/793/354 455/794/355 456/795/356 457/796/357 458/797/358 459/798/359 460/799/360 461/800/361 462/801/362 463/802/363 353/803/263 352/804/262 464/805/101 
s 4096
f 343/806/89 451/807/75 465/808/73 344/809/72 
s 512
f 466/810/318 467/811/319 351/812/261 345/813/257 344/814/72 465/815/73 
s 1073741824
f 452/816/352 348/817/259 347/818/258 368/819/278 468/820/364 469/821/365 453/822/353 
f 449/784/351 349/783/260 348/817/259 452/816/352 
s 256
f 350/823/209 353/824/263 463/825/363 470/826/366 471/827/367 354/828/264 
s 8192
f 351/829/261 467/830/319 464/831/101 352/832/262 
s 1073741824
f 460/833/360 472/834/368 473/835/369 355/836/265 354/837/264 471/838/367 461/839/361 
f 355/836/265 473/835/369 474/840/370 356/841/266 
f 356/841/266 474/840/370 357/842/267 
f 357/842/267 474/840/370 475/843/370 476/844/371 358/845/268 
f 358/846/268 476/847/371 477/848/372 359/849/269 
f 359/849/269 477/848/372 478/850/373 360/851/270 
f 360/851/270 478/850/373 479/852/374 361/853/271 
f 361/854/271 479/855/374 480/856/375 362/857/272 
f 362/857/272 480/856/375 481/858/376 363/859/273 
f 363/860/273 481/861/376 482/862/377 364/863/274 
f 364/863/274 482/862/377 483/864/378 365/865/275 
f 365/865/275 483/864/378 484/866/379 485/867/379 366/868/276 
f 366/868/276 485/867/379 367/869/277 
f 367/869/277 485/867/379 468/820/364 368/819/278 
s 2
f 486/870/380 370/624/280 369/623/279 381/643/291 
f 487/871/381 371/626/281 370/624/280 486/870/380 
f 488/872/382 372/628/282 371/626/281 487/871/381 
f 489/873/383 373/630/283 372/628/282 488/872/382 
f 490/874/384 491/875/385 374/631/284 373/630/283 
f 491/875/385 448/782/350 375/633/285 374/631/284 
f 492/876/386 376/635/286 332/562/247 441/767/343 
f 493/877/387 377/636/287 278/474/198 376/635/286 
f 494/878/388 378/638/288 377/636/287 493/877/387 
f 495/879/389 379/640/289 378/638/288 494/878/388 
f 496/880/390 380/881/290 281/641/201 379/640/289 
f 497/882/391 381/883/291 282/481/202 380/642/290 
s 1
f 285/646/204 382/884/292 498/885/37 499/886/392 500/887/393 383/647/7 
s 2
f 501/888/394 384/889/293 383/890/7 500/891/393 502/892/395 
f 384/889/293 501/888/394 503/893/396 385/894/294 
f 385/895/294 503/896/396 504/897/397 386/898/295 
f 386/898/295 504/897/397 389/653/298 387/899/296 
f 387/900/296 389/901/298 388/902/297 
f 390/657/299 289/494/207 389/653/298 504/897/397 
s 268435456
f 393/903/302 395/904/303 391/905/300 
f 395/904/303 393/903/302 392/749/301 396/748/304 
s 64
f 412/906/319 411/907/318 394/908/120 410/909/317 
s 268435456
f 397/751/305 431/746/333 505/910/398 398/911/306 
f 398/912/306 505/913/398 506/914/399 399/915/307 
f 399/916/307 506/917/399 507/918/400 508/919/400 400/920/308 
f 400/920/308 508/919/400 401/921/309 
f 401/921/309 508/919/400 509/922/401 402/923/310 
f 402/923/310 509/922/401 403/924/311 
f 403/924/311 509/922/401 510/925/401 511/926/402 404/927/312 
f 404/928/312 511/929/402 512/930/403 405/931/313 
f 405/932/313 512/933/403 418/715/324 406/714/314 
s 32
f 413/934/72 412/935/319 410/936/317 513/937/404 514/938/405 515/939/406 516/940/407 517/941/408 518/942/409 519/943/410 520/944/411 521/945/412 522/946/413 513/937/404 410/936/317 409/947/89 
s 2
f 414/697/320 390/657/299 504/897/397 523/948/414 
f 415/699/321 414/697/320 523/948/414 524/949/415 
f 432/753/334 416/701/322 417/704/323 525/950/416 
f 417/704/323 415/699/321 524/949/415 526/951/417 
s 268435456
f 418/715/324 512/933/403 527/952/418 419/718/324 
f 420/719/7 419/718/324 528/953/324 529/954/419 
f 421/721/325 420/719/7 529/954/419 530/955/325 
f 422/723/326 421/721/325 530/955/325 531/956/420 
f 423/727/327 422/726/326 531/957/420 532/958/327 
f 424/729/328 423/727/327 532/958/327 533/959/421 
f 425/731/329 424/729/328 533/959/421 534/960/329 
f 426/735/330 425/734/329 534/961/329 535/962/330 
f 427/737/331 426/735/330 535/962/330 536/963/422 
f 428/741/332 427/740/331 536/964/422 537/965/332 
f 429/743/91 428/741/332 537/965/332 538/966/423 
f 430/745/333 429/743/91 538/966/423 539/967/333 
f 505/910/398 431/746/333 430/745/333 540/968/424 
s 2
f 541/969/425 433/970/335 432/971/334 542/972/426 
f 543/973/427 434/974/336 433/970/335 541/969/425 
f 439/975/341 330/558/245 435/757/337 434/756/336 
f 544/976/428 436/760/338 437/761/339 545/977/429 
f 437/761/339 328/555/243 438/763/340 546/978/430 
f 438/763/340 329/762/244 439/979/341 547/980/431 
f 548/981/432 440/766/342 436/760/338 544/976/428 
f 442/768/344 333/563/248 440/766/342 548/981/432 
f 549/982/433 441/767/343 442/768/344 
s 1
f 382/884/292 334/770/249 445/773/347 550/983/434 551/984/435 498/885/37 
s 2
f 443/778/345 447/777/349 552/985/436 444/986/346 
f 553/987/437 550/988/434 445/989/347 444/986/346 552/985/436 
f 340/576/254 448/782/350 446/775/348 
f 554/990/438 447/777/349 446/781/348 555/991/439 
s 16384
f 467/992/319 466/993/318 450/994/120 464/995/101 
s 2048
f 466/996/318 465/997/73 451/998/75 450/999/120 
s 1073741824
f 453/1000/353 469/1001/365 556/1002/440 557/1003/440 454/1004/354 
f 454/1004/354 557/1003/440 455/1005/355 
f 455/1006/355 557/1007/440 558/1008/441 456/1009/356 
f 456/1009/356 558/1008/441 559/1010/442 457/1011/357 
f 457/1011/357 559/1010/442 560/1012/443 458/1013/358 
f 458/1014/358 560/1015/443 459/1016/359 
f 459/1016/359 560/1015/443 561/1017/443 472/834/368 460/833/360 
f 461/839/361 471/838/367 470/1018/366 462/1019/362 
f 462/1019/362 470/1018/366 463/1020/363 
f 469/821/365 468/820/364 562/1021/364 563/1022/365 
f 473/835/369 472/834/368 564/1023/368 565/1024/369 
f 474/840/370 473/835/369 565/1024/369 475/843/370 
f 476/844/371 475/843/370 566/1025/91 567/1026/371 
f 568/1027/444 477/848/372 476/847/371 567/1028/371 569/1029/445 
f 478/850/373 477/848/372 568/1027/444 570/1030/446 571/1031/447 
f 572/1032/448 573/1033/374 479/852/374 478/850/373 571/1031/447 
f 480/856/375 479/855/374 573/1034/374 574/1035/375 
f 575/1036/449 481/858/376 480/856/375 574/1035/375 576/1037/450 
f 482/862/377 481/861/376 575/1038/449 577/1039/451 578/1040/452 
f 579/1041/453 580/1042/378 483/864/378 482/862/377 578/1040/452 
f 484/866/379 483/864/378 580/1042/378 581/1043/12 
f 468/820/364 485/867/379 484/866/379 562/1021/364 
s 2
f 582/1044/454 486/870/380 381/643/291 497/1045/391 
f 583/1046/455 487/871/381 486/870/380 582/1044/454 
f 584/1047/456 488/872/382 487/871/381 583/1046/455 
f 585/1048/457 489/873/383 488/872/382 584/1047/456 
f 586/1049/458 490/874/384 373/630/283 489/873/383 
f 587/1050/459 555/1051/439 491/875/385 490/874/384 
f 555/1051/439 446/775/348 448/782/350 491/875/385 
f 549/982/433 492/876/386 441/767/343 
f 588/1052/460 493/877/387 376/635/286 492/876/386 
f 589/1053/461 494/878/388 493/877/387 588/1052/460 
f 590/1054/462 495/879/389 494/878/388 589/1053/461 
f 591/1055/463 496/880/390 379/640/289 495/879/389 
f 592/1056/464 497/1057/391 380/881/290 496/880/390 
f 593/1058/465 499/1059/392 498/1060/37 551/1061/435 594/1062/466 
f 499/1059/392 593/1058/465 502/892/395 500/891/393 
f 595/1063/467 501/888/394 502/892/395 596/1064/468 
f 597/1065/469 503/893/396 501/888/394 595/1063/467 
f 523/948/414 504/897/397 503/896/396 597/1066/469 
s 268435456
f 506/914/399 505/913/398 540/1067/424 598/1068/399 
f 507/918/400 506/917/399 598/1069/399 599/1070/400 
f 509/922/401 508/919/400 507/918/400 510/925/401 
f 511/926/402 510/925/401 600/1071/401 601/1072/402 
f 512/930/403 511/929/402 601/1073/402 527/1074/418 
s 134217728
f 513/1075/404 602/1076/470 603/1077/471 604/1078/472 605/1079/473 606/1080/474 607/1081/475 608/1082/476 609/1083/477 514/1084/405 
s 268435456
f 514/1085/405 609/1086/477 515/1087/406 
f 515/1087/406 609/1086/477 608/1088/476 516/1089/407 
f 516/1090/407 608/1091/476 607/1092/475 517/1093/408 
f 607/1094/475 606/1095/474 518/942/409 517/941/408 
f 606/1095/474 605/1096/473 519/943/410 518/942/409 
f 605/1096/473 604/1097/472 520/944/411 519/943/410 
f 520/1098/411 604/1099/472 603/1100/471 521/1101/412 
f 521/1102/412 603/1103/471 602/1104/470 522/1105/413 
f 522/1105/413 602/1104/470 513/1106/404 
s 2
f 524/949/415 523/948/414 597/1066/469 610/1107/478 
f 542/972/426 432/971/334 525/1108/416 611/1109/479 
f 525/1110/416 417/1111/323 526/1112/417 612/1113/480 
f 526/1112/417 524/1114/415 610/1115/478 613/1116/481 
s 268435456
f 419/718/324 527/952/418 614/1117/403 528/953/324 
f 615/1118/482 529/954/419 528/953/324 616/1119/483 
f 617/1120/484 530/955/325 529/954/419 615/1118/482 
f 531/956/420 530/955/325 617/1120/484 618/1121/485 619/1122/486 
f 620/1123/487 532/958/327 531/957/420 619/1124/486 
f 621/1125/488 533/959/421 532/958/327 620/1123/487 
f 622/1126/489 534/960/329 533/959/421 621/1125/488 
f 623/1127/490 535/962/330 534/961/329 622/1128/489 
f 624/1129/491 536/963/422 535/962/330 623/1127/490 
f 537/965/332 536/964/422 624/1130/491 625/1131/492 626/1132/493 
f 627/1133/494 538/966/423 537/965/332 626/1132/493 
f 540/968/424 430/745/333 539/967/333 628/1134/398 
f 629/1135/495 539/967/333 538/966/423 627/1133/494 
s 2
f 630/1136/496 541/969/425 542/972/426 631/1137/497 
f 632/1138/498 543/973/427 541/969/425 630/1136/496 
f 547/980/431 439/979/341 434/974/336 543/973/427 
f 549/982/433 544/976/428 545/977/429 
f 545/977/429 437/761/339 546/978/430 633/1139/499 
f 546/978/430 438/763/340 547/980/431 634/1140/500 
f 549/982/433 548/981/432 544/976/428 
f 549/982/433 442/768/344 548/981/432 
f 550/988/434 553/987/437 594/1062/466 551/1061/435 
f 635/1141/501 552/985/436 447/777/349 554/990/438 
f 636/1142/502 553/987/437 552/985/436 635/1141/501 
f 637/1143/503 554/990/438 555/991/439 587/1144/459 
s 1073741824
f 556/1002/440 469/1001/365 563/1145/365 638/1146/440 
f 558/1008/441 557/1007/440 556/1147/440 639/1148/441 
f 559/1010/442 558/1008/441 639/1148/441 640/1149/442 
f 560/1012/443 559/1010/442 640/1149/442 561/1150/443 
f 472/834/368 561/1017/443 641/1151/443 564/1023/368 
f 563/1022/365 562/1021/364 642/1152/364 643/1153/365 
f 565/1024/369 564/1023/368 644/1154/504 645/1155/369 
f 475/843/370 565/1024/369 645/1155/369 566/1025/91 
f 646/1156/505 567/1026/371 566/1025/91 647/1157/506 
f 569/1029/445 567/1028/371 646/1158/505 
f 648/1159/507 573/1033/374 572/1032/448 
f 649/1160/508 574/1035/375 573/1034/374 648/1161/507 
f 576/1037/450 574/1035/375 649/1160/508 
f 650/1162/509 580/1042/378 579/1041/453 
f 562/1021/364 484/866/379 581/1043/12 642/1152/364 
f 651/1163/510 581/1043/12 580/1042/378 650/1162/509 
s 2
f 652/1164/511 582/1165/454 497/1057/391 592/1056/464 
f 653/1166/512 583/1167/455 582/1165/454 652/1164/511 
f 654/1168/513 584/1169/456 583/1167/455 653/1166/512 
f 655/1170/514 585/1171/457 584/1169/456 654/1168/513 
f 656/1172/515 586/1173/458 489/1174/383 585/1175/457 
f 657/1176/516 587/1177/459 490/1178/384 586/1173/458 
f 549/982/433 588/1052/460 492/876/386 
f 549/982/433 589/1053/461 588/1052/460 
f 549/982/433 590/1054/462 589/1053/461 
f 658/1179/517 591/1055/463 495/879/389 590/1054/462 
f 659/1180/518 592/1056/464 496/880/390 591/1055/463 
f 660/1181/519 593/1058/465 594/1062/466 661/1182/520 
f 596/1064/468 502/892/395 593/1058/465 660/1181/519 
f 662/1183/521 595/1063/467 596/1064/468 663/1184/522 
f 610/1185/478 597/1065/469 595/1063/467 662/1183/521 
s 268435456
f 598/1068/399 540/1067/424 628/1186/398 664/1187/399 
f 510/925/401 507/918/400 599/1070/400 600/1071/401 
f 599/1070/400 598/1069/399 664/1188/399 665/1189/400 
f 601/1072/402 600/1071/401 666/1190/401 667/1191/402 
f 527/1074/418 601/1073/402 667/1192/402 614/1193/403 
s 2
f 631/1137/497 542/972/426 611/1109/479 668/1194/523 
f 611/1109/479 525/1108/416 612/1195/480 669/1196/524 
f 612/1113/480 526/1112/417 613/1116/481 670/1197/525 
f 613/1116/481 610/1115/478 662/1198/521 671/1199/526 
s 268435456
f 616/1119/483 528/953/324 614/1117/403 672/1200/527 
f 673/1201/528 628/1134/398 539/967/333 629/1135/495 
s 2
f 674/1202/529 630/1136/496 631/1137/497 675/1203/530 
f 676/1204/531 632/1138/498 630/1136/496 674/1202/529 
f 634/1140/500 547/980/431 543/973/427 632/1138/498 
f 549/982/433 545/977/429 633/1139/499 
f 633/1139/499 546/978/430 634/1140/500 677/1205/532 
f 661/1182/520 594/1062/466 553/987/437 636/1142/502 
f 678/1206/533 635/1141/501 554/990/438 637/1143/503 
f 679/1207/534 636/1142/502 635/1141/501 678/1206/533 
f 680/1208/535 637/1209/503 587/1177/459 657/1176/516 
s 1073741824
f 639/1148/441 556/1147/440 638/1210/440 681/1211/536 
f 638/1146/440 563/1145/365 643/1212/365 682/1213/440 
f 640/1149/442 639/1148/441 681/1211/536 683/1214/442 
f 561/1150/443 640/1149/442 683/1214/442 641/1215/443 
f 564/1023/368 641/1151/443 684/1216/443 644/1154/504 
f 685/1217/537 643/1153/365 642/1152/364 686/1218/538 
f 687/1219/539 645/1155/369 644/1154/504 688/1220/540 
f 647/1157/506 566/1025/91 645/1155/369 687/1219/539 
f 686/1218/538 642/1152/364 581/1043/12 651/1163/510 
s 2
f 689/1221/541 652/1164/511 592/1056/464 659/1180/518 
f 690/1222/542 653/1166/512 652/1164/511 689/1221/541 
f 691/1223/543 654/1168/513 653/1166/512 690/1222/542 
f 692/1224/544 655/1170/514 654/1168/513 691/1223/543 
f 693/1225/545 656/1226/515 585/1171/457 655/1170/514 
f 694/1227/546 657/1176/516 586/1173/458 656/1172/515 
f 549/982/433 658/1179/517 590/1054/462 
f 695/1228/547 659/1180/518 591/1055/463 658/1179/517 
f 696/1229/548 660/1181/519 661/1182/520 697/1230/549 
f 663/1184/522 596/1064/468 660/1181/519 696/1229/548 
f 671/1231/526 662/1183/521 663/1184/522 698/1232/550 
s 268435456
f 699/1233/551 664/1187/399 628/1186/398 673/1234/528 
f 600/1071/401 599/1070/400 665/1189/400 666/1190/401 
f 700/1235/552 665/1189/400 664/1188/399 699/1236/551 
f 701/1237/553 667/1191/402 666/1190/401 702/1238/554 
f 672/1239/527 614/1193/403 667/1192/402 701/1240/553 
s 2
f 675/1203/530 631/1137/497 668/1194/523 703/1241/555 
f 668/1194/523 611/1109/479 669/1196/524 704/1242/556 
f 669/1196/524 612/1195/480 670/1243/525 705/1244/557 
f 670/1197/525 613/1116/481 671/1199/526 706/1245/558 
f 549/982/433 674/1202/529 675/1203/530 
f 549/982/433 676/1204/531 674/1202/529 
f 677/1205/532 634/1140/500 632/1138/498 676/1204/531 
f 549/982/433 633/1139/499 677/1205/532 
f 697/1230/549 661/1182/520 636/1142/502 679/1207/534 
f 707/1246/559 678/1206/533 637/1143/503 680/1247/535 
f 708/1248/560 679/1207/534 678/1206/533 707/1246/559 
f 709/1249/561 680/1208/535 657/1176/516 694/1227/546 
s 1073741824
f 681/1211/536 638/1210/440 682/1250/440 710/1251/536 
f 711/1252/562 682/1213/440 643/1212/365 685/1253/537 
f 683/1214/442 681/1211/536 710/1251/536 712/1254/563 
f 641/1215/443 683/1214/442 712/1254/563 684/1255/443 
f 688/1220/540 644/1154/504 684/1216/443 713/1256/564 
s 2
f 714/1257/565 689/1221/541 659/1180/518 695/1228/547 
f 715/1258/566 690/1222/542 689/1221/541 714/1257/565 
f 716/1259/567 691/1223/543 690/1222/542 715/1258/566 
f 717/1260/568 692/1224/544 691/1223/543 716/1259/567 
f 718/1261/569 693/1225/545 655/1170/514 692/1224/544 
f 719/1262/570 694/1263/546 656/1226/515 693/1225/545 
f 549/982/433 695/1228/547 658/1179/517 
f 720/1264/571 696/1229/548 697/1230/549 721/1265/572 
f 698/1232/550 663/1184/522 696/1229/548 720/1264/571 
f 706/1245/558 671/1199/526 698/1266/550 722/1267/573 
s 268435456
f 702/1238/554 666/1190/401 665/1189/400 700/1235/552 
s 2
f 549/982/433 675/1203/530 703/1241/555 
f 703/1241/555 668/1194/523 704/1242/556 723/1268/574 
f 704/1242/556 669/1196/524 705/1244/557 724/1269/575 
f 705/1244/557 670/1243/525 706/1270/558 725/1271/576 
f 549/982/433 677/1205/532 676/1204/531 
f 721/1265/572 697/1230/549 679/1207/534 708/1248/560 
f 726/1272/577 707/1273/559 680/1208/535 709/1249/561 
f 727/1274/578 708/1248/560 707/1246/559 726/1275/577 
f 728/1276/579 709/1277/561 694/1263/546 719/1262/570 
s 1073741824
f 729/1278/580 710/1251/536 682/1250/440 711/1279/562 
f 730/1280/581 712/1254/563 710/1251/536 729/1278/580 
f 713/1281/564 684/1255/443 712/1254/563 730/1280/581 
s 2
f 549/982/433 714/1257/565 695/1228/547 
f 549/982/433 715/1258/566 714/1257/565 
f 549/982/433 716/1259/567 715/1258/566 
f 549/982/433 717/1260/568 716/1259/567 
f 731/1282/582 718/1261/569 692/1224/544 717/1260/568 
f 732/1283/583 719/1262/570 693/1225/545 718/1261/569 
f 733/1284/584 720/1264/571 721/1265/572 734/1285/585 
f 722/1286/573 698/1232/550 720/1264/571 733/1284/584 
f 725/1271/576 706/1270/558 722/1287/573 735/1288/586 
f 549/982/433 703/1241/555 723/1268/574 
f 723/1268/574 704/1242/556 724/1269/575 736/1289/587 
f 724/1269/575 705/1244/557 725/1271/576 737/1290/588 
f 734/1285/585 721/1265/572 708/1248/560 727/1274/578 
f 738/1291/589 726/1292/577 709/1277/561 728/1276/579 
f 739/1293/590 727/1294/578 726/1292/577 738/1291/589 
f 740/1295/591 728/1276/579 719/1262/570 732/1283/583 
f 549/982/433 731/1282/582 717/1260/568 
f 741/1296/592 732/1283/583 718/1261/569 731/1282/582 
f 742/1297/593 733/1298/584 734/1299/585 743/1300/594 
f 735/1288/586 722/1287/573 733/1298/584 742/1297/593 
f 737/1290/588 725/1271/576 735/1288/586 744/1301/595 
f 549/982/433 723/1268/574 736/1289/587 
f 736/1289/587 724/1269/575 737/1290/588 745/1302/596 
f 743/1300/594 734/1299/585 727/1294/578 739/1293/590 
f 746/1303/597 738/1291/589 728/1276/579 740/1295/591 
f 747/1304/598 739/1293/590 738/1291/589 746/1303/597 
f 748/1305/599 740/1295/591 732/1283/583 741/1296/592 
f 549/982/433 741/1296/592 731/1282/582 
f 749/1306/600 742/1297/593 743/1300/594 750/1307/601 
f 744/1301/595 735/1288/586 742/1297/593 749/1306/600 
f 745/1302/596 737/1290/588 744/1301/595 751/1308/602 
f 549/982/433 736/1289/587 745/1302/596 
f 750/1307/601 743/1300/594 739/1293/590 747/1304/598 
f 752/1309/603 746/1303/597 740/1295/591 748/1305/599 
f 753/1310/604 747/1304/598 746/1303/597 752/1309/603 
f 549/982/433 748/1305/599 741/1296/592 
f 754/1311/605 749/1306/600 750/1307/601 755/1312/606 
f 751/1308/602 744/1301/595 749/1306/600 754/1311/605 
f 549/982/433 745/1302/596 751/1308/602 
f 755/1312/606 750/1307/601 747/1304/598 753/1310/604 
f 549/982/433 752/1309/603 748/1305/599 
f 549/982/433 753/1310/604 752/1309/603 
f 549/982/433 754/1311/605 755/1312/606 
f 549/982/433 751/1308/602 754/1311/605 
f 549/982/433 755/1312/606 753/1310/604 
f 756/1313/607 757/1314/608 758/1315/609 759/1316/610 618/1317/485 617/1318/484 615/1319/482 616/1320/483 672/1321/527 701/1237/553 702/1238/554 700/1235/552 699/1236/551 673/1322/528 629/1323/495 627/1324/494 626/1325/493 625/1326/492 
s 8
f 756/1327/607 625/1328/492 624/1329/491 623/1330/490 622/1331/489 621/1332/488 620/1333/487 619/1334/486 618/1335/485 759/1336/610 760/1337/611 577/1338/451 575/1339/449 576/1340/450 649/1341/508 648/1342/507 572/1343/448 571/1344/447 570/1345/446 761/1346/612 
s 64
f 757/1347/608 756/1348/607 761/1349/612 762/1350/613 
s 32
f 758/1351/609 757/1352/608 762/1353/613 763/1354/614 
s 16
f 759/1355/610 758/1356/609 763/1357/614 760/1358/611 
s 4
f 761/1359/612 570/1360/446 568/1361/444 569/1362/445 646/1363/505 647/1364/506 687/1365/539 688/1366/540 713/1281/564 730/1280/581 729/1278/580 711/1279/562 685/1367/537 686/1368/538 651/1369/510 650/1370/509 579/1371/453 578/1372/452 577/1373/451 760/1374/611 763/1375/614 762/1376/613 
# 557 polygons - 73 triangles

