# 3ds Max Wavefront OBJ Exporter v0.99 - (c)2007 guruware
# File Created: 02.09.2025 11:13:32

mtllib Gunther the Robot.mtl

#
# object Cylinder028
#

v  -16.4779 0.0000 -13.6708
v  -11.6214 0.0000 -15.4384
v  -11.3097 0.0000 -13.6708
v  -11.6214 0.0000 -11.9032
v  -12.5188 0.0000 -16.9929
v  -6.7648 0.0000 -17.2061
v  -6.1415 0.0000 -13.6708
v  -12.5188 0.0000 -10.3487
v  -6.7649 0.0000 -10.1355
v  -13.8938 0.0000 -18.1466
v  -8.5598 0.0000 -20.3149
v  -6.7648 0.6303 -17.2061
v  -6.1415 0.6303 -13.6708
v  -13.8938 0.0000 -9.1950
v  -8.5598 0.0000 -7.0267
v  -6.7649 0.6303 -10.1355
v  -15.5805 0.0000 -18.7605
v  -11.3097 0.0000 -22.6224
v  -8.5598 0.6303 -20.3149
v  -6.7648 1.2607 -17.2061
v  -6.1415 1.2607 -13.6708
v  -15.5805 0.0000 -8.5811
v  -11.3097 0.0000 -4.7192
v  -8.5598 0.6303 -7.0267
v  -6.7649 1.2607 -10.1355
v  -17.3754 0.0000 -18.7605
v  -14.6830 0.0000 -23.8502
v  -11.3097 0.6303 -22.6224
v  -8.5598 1.2607 -20.3149
v  -6.7648 1.8910 -17.2061
v  -6.1415 1.8910 -13.6708
v  -17.3754 0.0000 -8.5811
v  -14.6830 0.0000 -3.4914
v  -11.3097 0.6303 -4.7192
v  -8.5598 1.2607 -7.0267
v  -6.7649 1.8910 -10.1355
v  -19.0620 0.0000 -18.1466
v  -18.2728 0.0000 -23.8502
v  -14.6830 0.6303 -23.8502
v  -11.3097 1.2607 -22.6224
v  -8.5598 1.8910 -20.3149
v  -6.7648 2.5213 -17.2061
v  -6.1415 2.5213 -13.6708
v  -19.0620 0.0000 -9.1950
v  -18.2728 0.0000 -3.4914
v  -14.6830 0.6303 -3.4914
v  -11.3097 1.2607 -4.7192
v  -8.5598 1.8910 -7.0267
v  -6.7649 2.5213 -10.1355
v  -20.4370 0.0000 -16.9929
v  -21.6462 0.0000 -22.6224
v  -18.2728 0.6303 -23.8502
v  -14.6830 1.2607 -23.8502
v  -11.3097 1.8910 -22.6224
v  -8.5598 2.5213 -20.3149
v  -6.7648 3.1517 -17.2061
v  -6.1415 3.1517 -13.6708
v  -20.4370 0.0000 -10.3487
v  -21.6462 0.0000 -4.7192
v  -18.2728 0.6303 -3.4914
v  -14.6830 1.2607 -3.4914
v  -11.3097 1.8910 -4.7192
v  -8.5598 2.5213 -7.0267
v  -6.7649 3.1517 -10.1355
v  -21.3345 0.0000 -15.4384
v  -24.3961 0.0000 -20.3149
v  -21.6462 0.6303 -22.6224
v  -18.2728 1.2607 -23.8502
v  -14.6830 1.8910 -23.8502
v  -11.3097 2.5213 -22.6224
v  -8.5598 3.1517 -20.3149
v  -11.6214 3.1517 -15.4384
v  -11.3097 3.1517 -13.6708
v  -21.3345 0.0000 -11.9032
v  -24.3961 0.0000 -7.0267
v  -21.6462 0.6303 -4.7192
v  -18.2728 1.2607 -3.4914
v  -14.6830 1.8910 -3.4914
v  -11.3097 2.5213 -4.7192
v  -8.5598 3.1517 -7.0267
v  -11.6214 3.1517 -11.9032
v  -21.6462 0.0000 -13.6708
v  -26.1910 0.0000 -17.2061
v  -24.3961 0.6303 -20.3149
v  -21.6462 1.2607 -22.6224
v  -18.2728 1.8910 -23.8502
v  -14.6830 2.5213 -23.8502
v  -11.3097 3.1517 -22.6224
v  -11.6515 3.1517 -15.4906
v  -11.6515 3.1517 -17.7207
v  -11.6515 3.1517 -13.6708
v  -11.6515 3.1517 -15.4275
v  -26.1910 0.0000 -10.1355
v  -24.3961 0.6303 -7.0267
v  -21.6462 1.2607 -4.7192
v  -18.2728 1.8910 -3.4914
v  -14.6830 2.5213 -3.4914
v  -11.3097 3.1517 -4.7192
v  -11.6515 3.1517 -9.6209
v  -11.6515 3.1517 -11.8510
v  -11.6515 3.1517 -11.9141
v  -26.8144 0.0000 -13.6708
v  -26.1910 0.6303 -17.2061
v  -24.3961 1.2607 -20.3149
v  -21.6462 1.8910 -22.6224
v  -18.2728 2.5213 -23.8502
v  -14.6830 3.1517 -23.8502
v  -13.6591 3.1517 -18.5532
v  -11.6515 3.1517 -18.5532
v  -11.6515 21.6564 -18.5532
v  -11.6515 21.6564 -7.1992
v  -11.6515 3.1517 -7.1992
v  -11.6515 11.3318 -10.0082
v  -11.6515 19.9904 -10.0082
v  -11.6515 19.9904 -15.6251
v  -11.6515 11.3318 -15.6251
v  -26.1910 0.6303 -10.1355
v  -24.3961 1.2607 -7.0267
v  -21.6462 1.8910 -4.7192
v  -18.2728 2.5213 -3.4914
v  -14.6830 3.1517 -3.4914
v  -12.7416 3.1517 -7.1992
v  -26.8144 0.6303 -13.6708
v  -26.1910 1.2607 -17.2061
v  -24.3961 1.8910 -20.3149
v  -21.6462 2.5213 -22.6224
v  -18.2728 3.1517 -23.8502
v  -15.5805 3.1517 -18.7605
v  -15.0110 3.1517 -18.5532
v  -22.4372 3.1517 -18.5532
v  -22.4372 21.6564 -18.5532
v  -15.6170 3.1517 -18.5532
v  -17.3388 3.1517 -18.5532
v  -17.9449 3.1517 -18.5532
v  -19.2968 3.1517 -18.5532
v  -18.6762 9.7110 -18.5532
v  -18.5257 8.9874 -18.5532
v  -18.0801 8.2915 -18.5532
v  -17.9942 8.2154 -18.5532
v  -17.3206 7.8478 -18.5532
v  -16.6983 7.7331 -18.5532
v  -16.0760 7.8478 -18.5532
v  -15.4024 8.2154 -18.5532
v  -15.3165 8.2915 -18.5532
v  -14.8709 8.9874 -18.5532
v  -14.7204 9.7110 -18.5532
v  -14.8709 10.4347 -18.5532
v  -15.3165 11.1306 -18.5532
v  -15.4024 11.2067 -18.5532
v  -16.0760 11.5743 -18.5532
v  -16.6983 11.6889 -18.5532
v  -17.3206 11.5743 -18.5532
v  -17.9942 11.2067 -18.5532
v  -18.0801 11.1306 -18.5532
v  -20.4669 12.8005 -18.5532
v  -13.1079 12.8005 -18.5532
v  -13.1079 20.5473 -18.5532
v  -20.4669 20.5473 -18.5532
v  -18.5257 10.4347 -18.5532
v  -22.2966 3.1517 -18.5532
v  -22.4372 21.6564 -7.1992
v  -20.7239 21.6564 -8.6793
v  -20.7239 21.6564 -16.4260
v  -13.3649 21.6564 -16.4260
v  -13.3649 21.6564 -8.6793
v  -22.4372 3.1517 -7.1992
v  -20.2143 3.1517 -7.1992
v  -17.6191 3.1517 -7.1992
v  -17.4039 9.7111 -7.1992
v  -17.2534 10.4348 -7.1992
v  -20.4669 12.8279 -7.1992
v  -20.4669 20.5747 -7.1992
v  -13.1079 20.5747 -7.1992
v  -13.1079 12.8279 -7.1992
v  -16.8211 11.1099 -7.1992
v  -16.7995 11.1306 -7.1992
v  -16.1382 11.4915 -7.1992
v  -15.5072 11.6078 -7.1992
v  -14.8763 11.4916 -7.1992
v  -14.2149 11.1306 -7.1992
v  -14.1933 11.1099 -7.1992
v  -13.7610 10.4348 -7.1992
v  -13.6105 9.7111 -7.1992
v  -13.7610 8.9874 -7.1992
v  -14.1933 8.3123 -7.1992
v  -14.2149 8.2916 -7.1992
v  -14.8763 7.9307 -7.1992
v  -15.5072 7.8144 -7.1992
v  -16.1382 7.9307 -7.1992
v  -16.7995 8.2916 -7.1992
v  -16.8211 8.3123 -7.1992
v  -17.2534 8.9874 -7.1992
v  -15.3368 3.1517 -7.1992
v  -10.7918 11.3318 -10.0082
v  -10.7918 19.9904 -10.0082
v  -10.7918 19.9904 -15.6251
v  -10.7918 11.3318 -15.6251
v  -26.1910 1.2607 -10.1355
v  -24.3961 1.8910 -7.0267
v  -21.6462 2.5213 -4.7192
v  -18.2728 3.1517 -3.4914
v  -26.8144 1.2607 -13.6708
v  -26.1910 1.8910 -17.2061
v  -24.3961 2.5213 -20.3149
v  -21.6462 3.1517 -22.6224
v  -17.3754 3.1517 -18.7605
v  -24.3961 3.1517 -20.3149
v  -26.1910 3.1517 -17.2061
v  -22.4372 3.1517 -15.8398
v  -22.4372 3.1517 -13.6708
v  -22.4372 3.1517 -11.5018
v  -22.4372 3.1517 -8.6704
v  -18.7591 9.7110 -18.5976
v  -18.7195 8.9874 -18.6568
v  -18.6022 8.2915 -18.8323
v  -18.4118 7.6502 -19.1174
v  -17.8786 7.6502 -18.8323
v  -17.3000 7.6502 -18.6568
v  -16.6983 7.6502 -18.5976
v  -16.0966 7.6502 -18.6568
v  -15.5180 7.6502 -18.8323
v  -14.9848 7.6502 -19.1174
v  -14.7943 8.2915 -18.8323
v  -14.6771 8.9874 -18.6568
v  -14.6375 9.7110 -18.5976
v  -14.6771 10.4347 -18.6568
v  -14.7943 11.1306 -18.8323
v  -14.9848 11.7719 -19.1174
v  -15.5180 11.7719 -18.8323
v  -16.0966 11.7719 -18.6568
v  -16.6983 11.7719 -18.5976
v  -17.3000 11.7719 -18.6568
v  -17.8786 11.7719 -18.8323
v  -18.4118 11.7719 -19.1174
v  -18.6022 11.1306 -18.8323
v  -20.4669 12.8285 -24.1248
v  -13.1079 12.8285 -24.1248
v  -16.6983 12.8060 -19.6409
v  -16.3002 12.8062 -19.6805
v  -15.9178 12.8068 -19.7977
v  -15.5662 12.8077 -19.9876
v  -15.2592 12.8090 -20.2427
v  -15.0085 12.8105 -20.5527
v  -14.8237 12.8123 -20.9054
v  -14.7118 12.8142 -21.2867
v  -14.6766 12.8162 -21.6818
v  -14.7191 12.8182 -22.0755
v  -14.8372 12.8201 -22.4527
v  -15.0260 12.8218 -22.7992
v  -15.2782 12.8233 -23.1020
v  -15.5838 12.8246 -23.3498
v  -15.9313 12.8255 -23.5336
v  -16.3075 12.8261 -23.6466
v  -16.6983 12.8263 -23.6847
v  -17.0891 12.8261 -23.6466
v  -17.4653 12.8255 -23.5336
v  -17.8128 12.8246 -23.3498
v  -18.1184 12.8233 -23.1020
v  -18.3706 12.8218 -22.7992
v  -18.5594 12.8201 -22.4527
v  -18.6775 12.8182 -22.0755
v  -18.7200 12.8162 -21.6818
v  -18.6848 12.8142 -21.2867
v  -18.5728 12.8123 -20.9054
v  -18.3881 12.8105 -20.5527
v  -18.1374 12.8090 -20.2427
v  -17.8303 12.8077 -19.9876
v  -17.4787 12.8068 -19.7977
v  -17.0964 12.8062 -19.6805
v  -13.1079 20.5751 -24.0860
v  -20.4669 20.5751 -24.0860
v  -18.7195 10.4347 -18.6568
v  -20.7239 27.2279 -8.6793
v  -20.7239 27.2279 -16.4260
v  -13.3649 27.2279 -16.4260
v  -13.3649 27.2279 -8.6793
v  -24.3961 3.1517 -7.0267
v  -21.6462 3.1517 -4.7192
v  -17.5680 9.7111 -7.1115
v  -17.5284 10.4348 -7.0522
v  -20.4669 12.7996 -1.5660
v  -20.4669 20.5462 -1.5271
v  -13.1079 20.5462 -1.5271
v  -13.1079 12.7996 -1.5660
v  -15.5072 12.8017 -1.9782
v  -15.1075 12.8019 -2.0179
v  -14.7236 12.8024 -2.1355
v  -14.3706 12.8034 -2.3262
v  -14.0623 12.8047 -2.5823
v  -13.8106 12.8062 -2.8936
v  -13.6251 12.8080 -3.2476
v  -13.5127 12.8099 -3.6305
v  -13.4774 12.8119 -4.0272
v  -13.5200 12.8139 -4.4225
v  -13.6386 12.8158 -4.8012
v  -13.8282 12.8176 -5.1491
v  -14.0814 12.8191 -5.4531
v  -14.3882 12.8203 -5.7019
v  -14.7371 12.8213 -5.8864
v  -15.1148 12.8218 -5.9999
v  -15.5072 12.8220 -6.0382
v  -15.8996 12.8218 -5.9999
v  -16.2773 12.8213 -5.8864
v  -16.6262 12.8203 -5.7019
v  -16.9330 12.8191 -5.4531
v  -17.1862 12.8176 -5.1491
v  -17.3758 12.8158 -4.8012
v  -17.4944 12.8139 -4.4225
v  -17.5370 12.8119 -4.0272
v  -17.5017 12.8099 -3.6305
v  -17.3893 12.8080 -3.2476
v  -17.2038 12.8062 -2.8936
v  -16.9521 12.8047 -2.5823
v  -16.6438 12.8034 -2.3262
v  -16.2908 12.8024 -2.1355
v  -15.9069 12.8019 -2.0179
v  -17.4112 11.1306 -6.8767
v  -16.8187 11.1306 -7.1934
v  -16.6875 11.7719 -6.8767
v  -16.1089 11.7719 -7.0522
v  -15.5072 11.7719 -7.1115
v  -14.9055 11.7719 -7.0522
v  -14.3269 11.7719 -6.8767
v  -14.1957 11.1306 -7.1934
v  -13.6033 11.1306 -6.8767
v  -13.4860 10.4348 -7.0522
v  -13.4464 9.7111 -7.1115
v  -13.4860 8.9874 -7.0522
v  -13.6033 8.2916 -6.8767
v  -14.1957 8.2916 -7.1934
v  -14.3269 7.6503 -6.8767
v  -14.9055 7.6503 -7.0522
v  -15.5072 7.6503 -7.1115
v  -16.1089 7.6503 -7.0522
v  -16.6875 7.6503 -6.8767
v  -16.8187 8.2916 -7.1934
v  -17.4112 8.2916 -6.8767
v  -17.5284 8.9874 -7.0522
v  -26.1910 1.8910 -10.1355
v  -24.3961 2.5213 -7.0267
v  -26.8144 1.8910 -13.6708
v  -26.1910 2.5213 -17.2061
v  -26.8144 3.1517 -13.6708
v  -26.1910 3.1517 -10.1355
v  -19.3212 9.7110 -19.0589
v  -19.2708 8.9874 -19.1093
v  -19.1216 8.2915 -19.2585
v  -18.8792 7.6502 -19.5009
v  -18.1555 7.0881 -19.5009
v  -17.7020 7.0881 -19.2585
v  -17.2100 7.0881 -19.1093
v  -16.6983 7.0881 -19.0589
v  -16.1866 7.0881 -19.1093
v  -15.6945 7.0881 -19.2585
v  -15.2411 7.0881 -19.5009
v  -14.5174 7.6502 -19.5009
v  -14.2750 8.2915 -19.2585
v  -14.1257 8.9874 -19.1093
v  -14.0753 9.7110 -19.0589
v  -14.1257 10.4347 -19.1093
v  -14.2750 11.1306 -19.2585
v  -14.5174 11.7719 -19.5009
v  -15.6945 12.3340 -19.2585
v  -15.2411 12.3340 -19.5009
v  -16.1866 12.3340 -19.1093
v  -16.6983 12.3340 -19.0589
v  -17.2100 12.3340 -19.1093
v  -17.7020 12.3340 -19.2585
v  -18.1555 12.3340 -19.5009
v  -18.8792 11.7719 -19.5009
v  -19.1216 11.1306 -19.2585
v  -16.6983 12.7953 -19.6210
v  -16.2962 12.7953 -19.6606
v  -15.9096 12.7953 -19.7779
v  -15.5533 12.7953 -19.9683
v  -15.2411 12.7953 -20.2246
v  -14.9848 12.7953 -20.5369
v  -14.7943 12.7953 -20.8932
v  -14.6771 12.7953 -21.2798
v  -14.6375 12.7953 -21.6818
v  -14.6771 12.7953 -22.0839
v  -14.7943 12.7953 -22.4705
v  -14.9848 12.7953 -22.8268
v  -15.2411 12.7953 -23.1391
v  -15.5534 12.7953 -23.3953
v  -15.9096 12.7953 -23.5858
v  -16.2962 12.7953 -23.7031
v  -16.6983 12.7953 -23.7427
v  -17.1003 12.7953 -23.7031
v  -17.4869 12.7953 -23.5858
v  -17.8432 12.7953 -23.3953
v  -18.1555 12.7953 -23.1390
v  -18.4118 12.7953 -22.8268
v  -18.6022 12.7953 -22.4705
v  -18.7195 12.7953 -22.0839
v  -18.7591 12.7953 -21.6818
v  -18.7195 12.7953 -21.2798
v  -18.6022 12.7953 -20.8932
v  -18.4118 12.7953 -20.5369
v  -18.1555 12.7953 -20.2246
v  -17.8432 12.7953 -19.9683
v  -17.4869 12.7953 -19.7779
v  -17.1003 12.7953 -19.6606
v  -19.2708 10.4347 -19.1093
v  -17.8758 27.2279 -8.9262
v  -17.8758 27.2279 -10.2931
v  -16.3877 27.2279 -10.2931
v  -16.3877 27.2279 -8.9262
v  -17.8758 27.2279 -14.7111
v  -17.8758 27.2279 -16.0780
v  -16.3877 27.2279 -16.0780
v  -16.3877 27.2279 -14.7111
v  -18.1301 9.7111 -6.6502
v  -18.0797 10.4348 -6.5998
v  -15.5072 12.7954 -1.9664
v  -15.1052 12.7954 -2.0060
v  -14.7186 12.7954 -2.1233
v  -14.3623 12.7954 -2.3137
v  -14.0500 12.7954 -2.5700
v  -13.7937 12.7954 -2.8823
v  -13.6032 12.7954 -3.2386
v  -13.4860 12.7954 -3.6252
v  -13.4464 12.7954 -4.0272
v  -13.4860 12.7954 -4.4293
v  -13.6032 12.7954 -4.8159
v  -13.7937 12.7954 -5.1722
v  -14.0500 12.7954 -5.4845
v  -14.3623 12.7954 -5.7408
v  -14.7186 12.7954 -5.9312
v  -15.1052 12.7954 -6.0485
v  -15.5072 12.7954 -6.0881
v  -15.9093 12.7954 -6.0485
v  -16.2959 12.7954 -5.9312
v  -16.6521 12.7954 -5.7407
v  -16.9644 12.7954 -5.4845
v  -17.2207 12.7954 -5.1722
v  -17.4112 12.7954 -4.8159
v  -17.5284 12.7954 -4.4293
v  -17.5680 12.7954 -4.0272
v  -17.5284 12.7954 -3.6252
v  -17.4112 12.7954 -3.2386
v  -17.2207 12.7954 -2.8823
v  -16.9644 12.7954 -2.5700
v  -16.6521 12.7954 -2.3137
v  -16.2959 12.7954 -2.1233
v  -15.9093 12.7954 -2.0060
v  -17.9305 11.1306 -6.4505
v  -17.2207 11.7719 -6.5917
v  -16.0189 12.3341 -6.5998
v  -16.5110 12.3341 -6.4505
v  -15.5072 12.3341 -6.6502
v  -14.9955 12.3341 -6.5998
v  -14.5035 12.3341 -6.4505
v  -13.7937 11.7719 -6.5917
v  -13.0839 11.1306 -6.4505
v  -12.9347 10.4348 -6.5998
v  -12.8843 9.7111 -6.6502
v  -12.9347 8.9874 -6.5998
v  -13.0839 8.2916 -6.4505
v  -13.7937 7.6503 -6.5917
v  -14.5035 7.0882 -6.4505
v  -14.9955 7.0882 -6.5998
v  -15.5072 7.0882 -6.6502
v  -16.0189 7.0882 -6.5998
v  -16.5110 7.0882 -6.4505
v  -17.2207 7.6503 -6.5917
v  -17.9305 8.2916 -6.4505
v  -18.0797 8.9874 -6.5998
v  -26.1910 2.5213 -10.1355
v  -26.8144 2.5213 -13.6708
v  -19.7825 9.7110 -19.6210
v  -19.7233 8.9874 -19.6606
v  -19.5478 8.2915 -19.7779
v  -19.2627 7.6502 -19.9683
v  -18.5530 7.0881 -19.8271
v  -17.8432 6.6268 -19.9683
v  -17.4869 6.6268 -19.7779
v  -17.1003 6.6268 -19.6606
v  -16.6983 6.6268 -19.6210
v  -16.2962 6.6268 -19.6606
v  -15.9096 6.6268 -19.7779
v  -15.5533 6.6268 -19.9683
v  -14.8436 7.0881 -19.8271
v  -14.1338 7.6502 -19.9683
v  -13.8488 8.2915 -19.7779
v  -13.6733 8.9874 -19.6606
v  -13.6140 9.7110 -19.6210
v  -13.6733 10.4347 -19.6606
v  -13.8488 11.1306 -19.7779
v  -14.8436 12.3340 -19.8271
v  -14.1338 11.7719 -19.9683
v  -18.5530 12.3340 -19.8271
v  -19.2627 11.7719 -19.9683
v  -19.5478 11.1306 -19.7779
v  -14.5174 12.3340 -20.2246
v  -14.2750 12.3340 -20.6781
v  -14.1257 12.3340 -21.1701
v  -14.0753 12.3340 -21.6818
v  -14.1257 12.3340 -22.1935
v  -14.2750 12.3340 -22.6856
v  -14.5174 12.3340 -23.1391
v  -14.8436 12.3340 -23.5365
v  -15.2411 12.3340 -23.8627
v  -15.6945 12.3340 -24.1051
v  -16.1866 12.3340 -24.2544
v  -16.6983 12.3340 -24.3048
v  -17.2100 12.3340 -24.2544
v  -17.7020 12.3340 -24.1051
v  -18.1555 12.3340 -23.8627
v  -18.5530 12.3340 -23.5365
v  -18.8792 12.3340 -23.1390
v  -19.1216 12.3340 -22.6856
v  -19.2708 12.3340 -22.1935
v  -19.3212 12.3340 -21.6818
v  -19.2708 12.3340 -21.1701
v  -19.1216 12.3340 -20.6781
v  -18.8792 12.3340 -20.2246
v  -19.7233 10.4347 -19.6606
v  -17.8758 30.8479 -8.9262
v  -17.8758 30.8479 -10.2931
v  -16.3877 30.8479 -10.2931
v  -16.3877 30.8479 -8.9262
v  -18.5915 9.7111 -6.0881
v  -18.5322 10.4348 -6.0485
v  -15.5072 12.3341 -1.4043
v  -14.9955 12.3341 -1.4547
v  -14.5034 12.3341 -1.6039
v  -14.0500 12.3341 -1.8463
v  -13.6525 12.3341 -2.1725
v  -13.3263 12.3341 -2.5700
v  -13.0839 12.3341 -3.0235
v  -12.9347 12.3341 -3.5155
v  -12.8843 12.3341 -4.0272
v  -12.9347 12.3341 -4.5389
v  -13.0839 12.3341 -5.0310
v  -13.3263 12.3341 -5.4845
v  -13.6525 12.3341 -5.8819
v  -14.0500 12.3341 -6.2081
v  -16.9644 12.3341 -6.2081
v  -17.3619 12.3341 -5.8819
v  -17.6881 12.3341 -5.4845
v  -17.9305 12.3341 -5.0310
v  -18.0797 12.3341 -4.5389
v  -18.1301 12.3341 -4.0272
v  -18.0797 12.3341 -3.5155
v  -17.9305 12.3341 -3.0235
v  -17.6881 12.3341 -2.5700
v  -17.3619 12.3341 -2.1725
v  -16.9644 12.3341 -1.8463
v  -16.5110 12.3341 -1.6039
v  -16.0189 12.3341 -1.4547
v  -17.6881 11.7719 -6.2081
v  -18.3567 11.1306 -5.9312
v  -13.3263 11.7719 -6.2081
v  -12.6577 11.1306 -5.9312
v  -12.4822 10.4348 -6.0485
v  -12.4230 9.7111 -6.0881
v  -12.4822 8.9874 -6.0485
v  -12.6577 8.2916 -5.9312
v  -13.3263 7.6503 -6.2081
v  -14.0500 7.0882 -6.2081
v  -14.7186 6.6269 -5.9312
v  -15.1052 6.6269 -6.0485
v  -15.5072 6.6269 -6.0881
v  -15.9093 6.6269 -6.0485
v  -16.2959 6.6269 -5.9312
v  -16.9644 7.0882 -6.2081
v  -17.6881 7.6503 -6.2081
v  -18.3567 8.2916 -5.9312
v  -18.5322 8.9874 -6.0485
v  -20.1253 9.7110 -20.2623
v  -20.0595 8.9874 -20.2896
v  -19.8645 8.2915 -20.3703
v  -19.5478 7.6502 -20.5015
v  -18.8792 7.0881 -20.2246
v  -18.1555 6.6268 -20.2246
v  -17.4869 6.2840 -20.5015
v  -17.2415 6.2840 -20.3704
v  -16.9752 6.2840 -20.2896
v  -16.6983 6.2840 -20.2623
v  -16.4214 6.2840 -20.2896
v  -16.1551 6.2840 -20.3704
v  -15.9096 6.2840 -20.5015
v  -15.2411 6.6268 -20.2246
v  -14.5174 7.0881 -20.2246
v  -13.8488 7.6502 -20.5015
v  -13.5321 8.2915 -20.3704
v  -13.3371 8.9874 -20.2896
v  -13.2712 9.7110 -20.2623
v  -13.3371 10.4347 -20.2896
v  -13.5321 11.1306 -20.3704
v  -13.8488 11.7719 -20.5015
v  -19.5478 11.7719 -20.5015
v  -19.8645 11.1306 -20.3703
v  -13.6733 11.7719 -21.0801
v  -13.6140 11.7719 -21.6818
v  -13.6733 11.7719 -22.2835
v  -13.8488 11.7719 -22.8621
v  -14.1338 11.7719 -23.3953
v  -14.5174 11.7719 -23.8627
v  -14.9848 11.7719 -24.2463
v  -15.5180 11.7719 -24.5313
v  -16.0966 11.7719 -24.7068
v  -16.6983 11.7719 -24.7661
v  -17.3000 11.7719 -24.7068
v  -17.8786 11.7719 -24.5313
v  -18.4118 11.7719 -24.2463
v  -18.8792 11.7719 -23.8627
v  -19.2628 11.7719 -23.3953
v  -19.5478 11.7719 -22.8621
v  -19.7233 11.7719 -22.2835
v  -19.7825 11.7719 -21.6818
v  -19.7233 11.7719 -21.0801
v  -20.0595 10.4347 -20.2896
v  -18.9342 9.7111 -5.4468
v  -18.8684 10.4348 -5.4195
v  -15.5072 11.7719 -0.9430
v  -14.9055 11.7719 -1.0022
v  -14.3269 11.7719 -1.1778
v  -13.7937 11.7719 -1.4628
v  -13.3263 11.7719 -1.8463
v  -12.9427 11.7719 -2.3137
v  -12.6577 11.7719 -2.8469
v  -12.4822 11.7719 -3.4255
v  -12.4230 11.7719 -4.0272
v  -12.4822 11.7719 -4.6289
v  -12.6577 11.7719 -5.2075
v  -12.9427 11.7719 -5.7408
v  -18.0717 11.7719 -5.7407
v  -18.3567 11.7719 -5.2075
v  -18.5322 11.7719 -4.6289
v  -18.5915 11.7719 -4.0272
v  -18.5322 11.7719 -3.4255
v  -18.3567 11.7719 -2.8469
v  -18.0717 11.7719 -2.3137
v  -17.6881 11.7719 -1.8463
v  -17.2207 11.7719 -1.4628
v  -16.6875 11.7719 -1.1778
v  -16.1089 11.7719 -1.0022
v  -18.6734 11.1306 -5.3387
v  -12.3410 11.1306 -5.3387
v  -12.1460 10.4348 -5.4195
v  -12.0802 9.7111 -5.4468
v  -12.1460 8.9874 -5.4195
v  -12.3410 8.2916 -5.3387
v  -12.9427 7.6503 -5.7408
v  -13.6525 7.0882 -5.8819
v  -14.3623 6.6269 -5.7408
v  -14.9640 6.2841 -5.3387
v  -15.2303 6.2841 -5.4195
v  -15.5072 6.2841 -5.4468
v  -15.7841 6.2841 -5.4195
v  -16.0504 6.2841 -5.3387
v  -16.6521 6.6269 -5.7407
v  -17.3619 7.0882 -5.8819
v  -18.0717 7.6503 -5.7407
v  -18.6734 8.2916 -5.3387
v  -18.8684 8.9874 -5.4195
v  -20.3364 9.7110 -20.9582
v  -20.2665 8.9874 -20.9721
v  -20.0595 8.2915 -21.0132
v  -19.7233 7.6502 -21.0801
v  -19.1216 7.0881 -20.6781
v  -18.4118 6.6268 -20.5369
v  -17.7020 6.2840 -20.6781
v  -17.1003 6.0729 -21.0801
v  -16.9752 6.0729 -21.0132
v  -16.8395 6.0729 -20.9721
v  -16.6983 6.0729 -20.9582
v  -16.5571 6.0729 -20.9721
v  -16.4214 6.0729 -21.0132
v  -16.2962 6.0729 -21.0801
v  -15.6945 6.2840 -20.6781
v  -14.9848 6.6268 -20.5369
v  -14.2750 7.0881 -20.6781
v  -13.6733 7.6502 -21.0801
v  -13.3371 8.2915 -21.0132
v  -13.1301 8.9874 -20.9721
v  -13.0602 9.7110 -20.9582
v  -13.1301 10.4347 -20.9721
v  -13.3371 11.1306 -21.0132
v  -20.0595 11.1306 -21.0132
v  -13.2713 11.1306 -21.6818
v  -13.3371 11.1306 -22.3504
v  -13.5321 11.1306 -22.9933
v  -13.8488 11.1306 -23.5858
v  -14.2750 11.1306 -24.1051
v  -14.7943 11.1306 -24.5313
v  -15.3868 11.1306 -24.8480
v  -16.0297 11.1306 -25.0430
v  -16.6983 11.1306 -25.1089
v  -17.3669 11.1306 -25.0430
v  -18.0098 11.1306 -24.8480
v  -18.6022 11.1306 -24.5313
v  -19.1216 11.1306 -24.1051
v  -19.5478 11.1306 -23.5858
v  -19.8645 11.1306 -22.9933
v  -20.0595 11.1306 -22.3504
v  -20.1253 11.1306 -21.6818
v  -20.2665 10.4347 -20.9721
v  -19.1453 9.7111 -4.7509
v  -19.0754 10.4348 -4.7370
v  -15.5072 11.1306 -0.6002
v  -14.8386 11.1306 -0.6660
v  -14.1957 11.1306 -0.8611
v  -13.6032 11.1306 -1.1778
v  -13.0839 11.1306 -1.6040
v  -12.6577 11.1306 -2.1233
v  -12.3410 11.1306 -2.7158
v  -12.1460 11.1306 -3.3587
v  -12.0802 11.1306 -4.0272
v  -12.1460 11.1306 -4.6958
v  -18.8684 11.1306 -4.6958
v  -18.9342 11.1306 -4.0272
v  -18.8684 11.1306 -3.3586
v  -18.6734 11.1306 -2.7158
v  -18.3567 11.1306 -2.1233
v  -17.9305 11.1306 -1.6039
v  -17.4112 11.1306 -1.1778
v  -16.8187 11.1306 -0.8611
v  -16.1758 11.1306 -0.6660
v  -11.9390 10.4348 -4.7370
v  -11.8691 9.7111 -4.7509
v  -11.9390 8.9874 -4.7370
v  -12.1460 8.2916 -4.6958
v  -12.6577 7.6503 -5.2075
v  -13.3263 7.0882 -5.4845
v  -14.0500 6.6269 -5.4845
v  -14.7186 6.2841 -5.2075
v  -15.2303 6.0730 -4.6958
v  -15.3660 6.0730 -4.7370
v  -15.5072 6.0730 -4.7509
v  -15.6484 6.0730 -4.7370
v  -15.7841 6.0730 -4.6958
v  -16.2959 6.2841 -5.2075
v  -16.9644 6.6269 -5.4845
v  -17.6881 7.0882 -5.4845
v  -18.3567 7.6503 -5.2075
v  -18.8684 8.2916 -4.6958
v  -19.0754 8.9874 -4.7370
v  -20.4077 9.7110 -21.6818
v  -20.3364 8.9874 -21.6818
v  -20.1253 8.2915 -21.6818
v  -19.7825 7.6502 -21.6818
v  -19.2708 7.0881 -21.1701
v  -18.6022 6.6268 -20.8932
v  -17.8786 6.2840 -20.8932
v  -17.2100 6.0729 -21.1701
v  -16.6983 6.0016 -21.6818
v  -16.1866 6.0729 -21.1701
v  -15.5180 6.2840 -20.8932
v  -14.7943 6.6268 -20.8932
v  -14.1257 7.0881 -21.1701
v  -13.6140 7.6502 -21.6818
v  -13.2712 8.2915 -21.6818
v  -13.0602 8.9874 -21.6818
v  -12.9889 9.7110 -21.6818
v  -13.0602 10.4347 -21.6818
v  -13.1301 10.4347 -22.3916
v  -13.3371 10.4347 -23.0741
v  -13.6733 10.4347 -23.7031
v  -14.1258 10.4347 -24.2544
v  -14.6771 10.4347 -24.7068
v  -15.3060 10.4347 -25.0430
v  -15.9885 10.4347 -25.2500
v  -16.6983 10.4347 -25.3199
v  -17.4081 10.4347 -25.2500
v  -18.0905 10.4347 -25.0430
v  -18.7195 10.4347 -24.7068
v  -19.2708 10.4347 -24.2544
v  -19.7233 10.4347 -23.7031
v  -20.0595 10.4347 -23.0741
v  -20.2665 10.4347 -22.3916
v  -20.3364 10.4347 -21.6818
v  -19.2166 9.7111 -4.0272
v  -19.1453 10.4348 -4.0272
v  -15.5072 10.4348 -0.3891
v  -14.7974 10.4348 -0.4590
v  -14.1150 10.4348 -0.6660
v  -13.4860 10.4348 -1.0022
v  -12.9347 10.4348 -1.4547
v  -12.4822 10.4348 -2.0060
v  -12.1460 10.4348 -2.6350
v  -11.9390 10.4348 -3.3175
v  -11.8691 10.4348 -4.0272
v  -19.0754 10.4348 -3.3175
v  -18.8684 10.4348 -2.6350
v  -18.5322 10.4348 -2.0060
v  -18.0797 10.4348 -1.4547
v  -17.5284 10.4348 -1.0022
v  -16.8995 10.4348 -0.6660
v  -16.2170 10.4348 -0.4590
v  -11.7978 9.7111 -4.0272
v  -11.8691 8.9874 -4.0272
v  -12.0802 8.2916 -4.0272
v  -12.4822 7.6503 -4.6289
v  -13.0839 7.0882 -5.0310
v  -13.7937 6.6269 -5.1722
v  -14.5035 6.2841 -5.0310
v  -15.1052 6.0730 -4.6289
v  -15.5072 6.0017 -4.0272
v  -15.9093 6.0730 -4.6289
v  -16.5110 6.2841 -5.0310
v  -17.2207 6.6269 -5.1722
v  -17.9305 7.0882 -5.0310
v  -18.5322 7.6503 -4.6289
v  -18.9342 8.2916 -4.0272
v  -19.1453 8.9874 -4.0272
v  -20.3364 9.7110 -22.4055
v  -20.2665 8.9874 -22.3916
v  -20.0595 8.2915 -22.3504
v  -19.7233 7.6502 -22.2835
v  -19.3212 7.0881 -21.6818
v  -18.7195 6.6268 -21.2798
v  -18.0098 6.2840 -21.1386
v  -17.3000 6.0729 -21.2798
v  -16.0966 6.0729 -21.2798
v  -15.3868 6.2840 -21.1386
v  -14.6771 6.6268 -21.2798
v  -14.0753 7.0881 -21.6818
v  -13.6733 7.6502 -22.2835
v  -13.3371 8.2915 -22.3504
v  -13.1301 8.9874 -22.3916
v  -13.0602 9.7110 -22.4055
v  -13.2713 9.7110 -23.1014
v  -13.6140 9.7110 -23.7427
v  -14.0754 9.7110 -24.3048
v  -14.6375 9.7110 -24.7661
v  -15.2788 9.7110 -25.1089
v  -15.9746 9.7110 -25.3199
v  -16.6983 9.7110 -25.3912
v  -17.4220 9.7110 -25.3199
v  -18.1178 9.7110 -25.1089
v  -18.7591 9.7110 -24.7661
v  -19.3212 9.7110 -24.3048
v  -19.7825 9.7110 -23.7427
v  -20.1253 9.7110 -23.1013
v  -19.1453 9.7111 -3.3036
v  -15.5072 9.7111 -0.3178
v  -14.7835 9.7111 -0.3891
v  -14.0877 9.7111 -0.6002
v  -13.4464 9.7111 -0.9430
v  -12.8843 9.7111 -1.4043
v  -12.4230 9.7111 -1.9664
v  -12.0802 9.7111 -2.6077
v  -11.8691 9.7111 -3.3036
v  -18.9342 9.7111 -2.6077
v  -18.5915 9.7111 -1.9664
v  -18.1301 9.7111 -1.4043
v  -17.5680 9.7111 -0.9430
v  -16.9267 9.7111 -0.6002
v  -16.2309 9.7111 -0.3891
v  -11.9390 8.9874 -3.3175
v  -12.1460 8.2916 -3.3587
v  -12.4230 7.6503 -4.0272
v  -12.9347 7.0882 -4.5389
v  -13.6032 6.6269 -4.8159
v  -14.3269 6.2841 -4.8159
v  -14.9955 6.0730 -4.5389
v  -16.0189 6.0730 -4.5389
v  -16.6875 6.2841 -4.8159
v  -17.4112 6.6269 -4.8159
v  -18.0797 7.0882 -4.5389
v  -18.5915 7.6503 -4.0272
v  -18.8684 8.2916 -3.3586
v  -19.0754 8.9874 -3.3175
v  -20.0595 8.9874 -23.0741
v  -19.8645 8.2915 -22.9933
v  -19.5478 7.6502 -22.8621
v  -19.2708 7.0881 -22.1935
v  -18.7591 6.6268 -21.6818
v  -18.0905 6.2840 -21.4049
v  -17.3669 6.0729 -21.4049
v  -16.0297 6.0729 -21.4049
v  -15.3060 6.2840 -21.4049
v  -14.6375 6.6268 -21.6818
v  -14.1257 7.0881 -22.1935
v  -13.8488 7.6502 -22.8621
v  -13.5321 8.2915 -22.9933
v  -13.3371 8.9874 -23.0741
v  -13.6733 8.9874 -23.7031
v  -14.1258 8.9874 -24.2544
v  -14.6771 8.9874 -24.7068
v  -15.3060 8.9874 -25.0430
v  -15.9885 8.9874 -25.2500
v  -16.6983 8.9874 -25.3199
v  -17.4081 8.9874 -25.2500
v  -18.0905 8.9874 -25.0430
v  -18.7195 8.9874 -24.7068
v  -19.2708 8.9874 -24.2544
v  -19.7233 8.9874 -23.7031
v  -15.5072 8.9874 -0.3891
v  -14.7974 8.9874 -0.4590
v  -14.1150 8.9874 -0.6660
v  -13.4860 8.9874 -1.0022
v  -12.9347 8.9874 -1.4547
v  -12.4822 8.9874 -2.0060
v  -12.1460 8.9874 -2.6350
v  -18.8684 8.9874 -2.6350
v  -18.5322 8.9874 -2.0060
v  -18.0797 8.9874 -1.4547
v  -17.5284 8.9874 -1.0022
v  -16.8995 8.9874 -0.6660
v  -16.2170 8.9874 -0.4590
v  -12.3410 8.2916 -2.7158
v  -12.4822 7.6503 -3.4255
v  -12.8843 7.0882 -4.0272
v  -13.4860 6.6269 -4.4293
v  -14.1957 6.2841 -4.5705
v  -14.9055 6.0730 -4.4293
v  -16.1089 6.0730 -4.4293
v  -16.8187 6.2841 -4.5705
v  -17.5284 6.6269 -4.4293
v  -18.1301 7.0882 -4.0272
v  -18.5322 7.6503 -3.4255
v  -18.6734 8.2916 -2.7158
v  -19.5478 8.2915 -23.5858
v  -19.2628 7.6502 -23.3953
v  -19.1216 7.0881 -22.6856
v  -18.7195 6.6268 -22.0839
v  -18.1178 6.2840 -21.6818
v  -17.4081 6.0729 -21.5406
v  -15.9885 6.0729 -21.5406
v  -15.2788 6.2840 -21.6818
v  -14.6771 6.6268 -22.0839
v  -14.2750 7.0881 -22.6856
v  -14.1338 7.6502 -23.3953
v  -13.8488 8.2915 -23.5858
v  -14.2750 8.2915 -24.1051
v  -14.7943 8.2915 -24.5313
v  -15.3868 8.2915 -24.8480
v  -16.0297 8.2915 -25.0430
v  -16.6983 8.2915 -25.1089
v  -17.3669 8.2915 -25.0430
v  -18.0098 8.2915 -24.8480
v  -18.6022 8.2915 -24.5313
v  -19.1216 8.2915 -24.1051
v  -15.5072 8.2916 -0.6002
v  -14.8386 8.2916 -0.6660
v  -14.1957 8.2916 -0.8611
v  -13.6032 8.2916 -1.1778
v  -13.0839 8.2916 -1.6040
v  -12.6577 8.2916 -2.1233
v  -18.3567 8.2916 -2.1233
v  -17.9305 8.2916 -1.6039
v  -17.4112 8.2916 -1.1778
v  -16.8187 8.2916 -0.8611
v  -16.1758 8.2916 -0.6660
v  -12.6577 7.6503 -2.8469
v  -12.9347 7.0882 -3.5155
v  -13.4464 6.6269 -4.0272
v  -14.1150 6.2841 -4.3042
v  -14.8386 6.0730 -4.3042
v  -16.1758 6.0730 -4.3042
v  -16.8995 6.2841 -4.3042
v  -17.5680 6.6269 -4.0272
v  -18.0797 7.0882 -3.5155
v  -18.3567 7.6503 -2.8469
v  -18.8792 7.6502 -23.8627
v  -18.8792 7.0881 -23.1390
v  -18.6022 6.6268 -22.4705
v  -18.0905 6.2840 -21.9588
v  -17.4220 6.0729 -21.6818
v  -15.9746 6.0729 -21.6818
v  -15.3060 6.2840 -21.9588
v  -14.7943 6.6268 -22.4705
v  -14.5174 7.0881 -23.1391
v  -14.5174 7.6502 -23.8627
v  -14.9848 7.6502 -24.2463
v  -15.5180 7.6502 -24.5313
v  -16.0966 7.6502 -24.7068
v  -16.6983 7.6502 -24.7661
v  -17.3000 7.6502 -24.7068
v  -17.8786 7.6502 -24.5313
v  -18.4118 7.6502 -24.2463
v  -15.5072 7.6503 -0.9430
v  -14.9055 7.6503 -1.0022
v  -14.3269 7.6503 -1.1778
v  -13.7937 7.6503 -1.4628
v  -13.3263 7.6503 -1.8463
v  -12.9427 7.6503 -2.3137
v  -18.0717 7.6503 -2.3137
v  -17.6881 7.6503 -1.8463
v  -17.2207 7.6503 -1.4628
v  -16.6875 7.6503 -1.1778
v  -16.1089 7.6503 -1.0022
v  -13.0839 7.0882 -3.0235
v  -13.4860 6.6269 -3.6252
v  -14.0877 6.2841 -4.0272
v  -14.7974 6.0730 -4.1684
v  -16.2170 6.0730 -4.1684
v  -16.9267 6.2841 -4.0272
v  -17.5284 6.6269 -3.6252
v  -17.9305 7.0882 -3.0235
v  -18.5530 7.0881 -23.5365
v  -18.4118 6.6268 -22.8268
v  -18.0098 6.2840 -22.2251
v  -17.4081 6.0729 -21.8230
v  -15.9885 6.0729 -21.8230
v  -15.3868 6.2840 -22.2251
v  -14.9848 6.6268 -22.8268
v  -14.8436 7.0881 -23.5365
v  -15.2411 7.0881 -23.8627
v  -15.6945 7.0881 -24.1051
v  -16.1866 7.0881 -24.2544
v  -16.6983 7.0881 -24.3048
v  -17.2100 7.0881 -24.2544
v  -17.7020 7.0881 -24.1051
v  -18.1555 7.0881 -23.8627
v  -15.5072 7.0882 -1.4043
v  -14.9955 7.0882 -1.4547
v  -14.5034 7.0882 -1.6039
v  -14.0500 7.0882 -1.8463
v  -13.6525 7.0882 -2.1725
v  -13.3263 7.0882 -2.5700
v  -17.6881 7.0882 -2.5700
v  -17.3619 7.0882 -2.1725
v  -16.9644 7.0882 -1.8463
v  -16.5110 7.0882 -1.6039
v  -16.0189 7.0882 -1.4547
v  -13.6032 6.6269 -3.2386
v  -14.1150 6.2841 -3.7503
v  -14.7835 6.0730 -4.0272
v  -16.2309 6.0730 -4.0272
v  -16.8995 6.2841 -3.7503
v  -17.4112 6.6269 -3.2386
v  -18.1555 6.6268 -23.1390
v  -17.8786 6.2840 -22.4705
v  -17.3669 6.0729 -21.9588
v  -16.0297 6.0729 -21.9588
v  -15.5180 6.2840 -22.4705
v  -15.2411 6.6268 -23.1391
v  -15.5534 6.6268 -23.3953
v  -15.9096 6.6268 -23.5858
v  -16.2962 6.6268 -23.7031
v  -16.6983 6.6268 -23.7427
v  -17.1003 6.6268 -23.7031
v  -17.4869 6.6268 -23.5858
v  -17.8432 6.6268 -23.3953
v  -15.5072 6.6269 -1.9664
v  -15.1052 6.6269 -2.0060
v  -14.7186 6.6269 -2.1233
v  -14.3623 6.6269 -2.3137
v  -14.0500 6.6269 -2.5700
v  -13.7937 6.6269 -2.8823
v  -17.2207 6.6269 -2.8823
v  -16.9644 6.6269 -2.5700
v  -16.6521 6.6269 -2.3137
v  -16.2959 6.6269 -2.1233
v  -15.9093 6.6269 -2.0060
v  -14.1957 6.2841 -3.4840
v  -14.7974 6.0730 -3.8861
v  -16.2170 6.0730 -3.8860
v  -16.8187 6.2841 -3.4840
v  -17.7020 6.2840 -22.6856
v  -17.3000 6.0729 -22.0839
v  -16.0966 6.0729 -22.0839
v  -15.6945 6.2840 -22.6856
v  -15.9096 6.2840 -22.8621
v  -16.1551 6.2840 -22.9933
v  -16.4214 6.2840 -23.0741
v  -16.6983 6.2840 -23.1013
v  -16.9752 6.2840 -23.0741
v  -17.2415 6.2840 -22.9933
v  -17.4869 6.2840 -22.8621
v  -15.5072 6.2841 -2.6077
v  -15.2303 6.2841 -2.6350
v  -14.9640 6.2841 -2.7158
v  -14.7186 6.2841 -2.8469
v  -14.5034 6.2841 -3.0235
v  -14.3269 6.2841 -3.2386
v  -16.6875 6.2841 -3.2386
v  -16.5110 6.2841 -3.0235
v  -16.2959 6.2841 -2.8469
v  -16.0504 6.2841 -2.7158
v  -15.7841 6.2841 -2.6350
v  -14.8386 6.0730 -3.7503
v  -16.1758 6.0730 -3.7503
v  -17.2100 6.0729 -22.1935
v  -16.1866 6.0729 -22.1935
v  -16.2962 6.0729 -22.2835
v  -16.4214 6.0729 -22.3504
v  -16.5571 6.0729 -22.3916
v  -16.6983 6.0729 -22.4055
v  -16.8395 6.0729 -22.3916
v  -16.9752 6.0729 -22.3504
v  -17.1003 6.0729 -22.2835
v  -15.5072 6.0730 -3.3036
v  -15.3660 6.0730 -3.3175
v  -15.2303 6.0730 -3.3586
v  -15.1052 6.0730 -3.4255
v  -14.9955 6.0730 -3.5155
v  -14.9055 6.0730 -3.6252
v  -16.1089 6.0730 -3.6252
v  -16.0189 6.0730 -3.5155
v  -15.9093 6.0730 -3.4255
v  -15.7841 6.0730 -3.3586
v  -15.6484 6.0730 -3.3175
v  -17.8758 30.8479 -14.7111
v  -16.3877 30.8479 -14.7111
v  -16.3877 30.8479 -16.0780
v  -17.8758 30.8479 -16.0780
v  -12.7323 24.1491 -13.6687
v  -12.7323 24.1491 -15.2970
v  -11.8601 24.1491 -15.2970
v  -11.8601 24.1491 -13.6687
v  -11.8601 26.6592 -13.6687
v  -12.7323 26.6592 -13.6687
v  -12.7323 26.6592 -15.2970
v  -11.8601 26.6592 -15.2970
v  -12.7323 24.1491 -9.7830
v  -12.7323 24.1491 -11.4113
v  -11.8601 24.1491 -11.4113
v  -11.8601 24.1491 -9.7830
v  -11.8601 26.6592 -9.7830
v  -12.7323 26.6592 -9.7830
v  -12.7323 26.6592 -11.4113
v  -11.8601 26.6592 -11.4113
# 1118 vertices

vn 0.0000 -1.0000 -0.0000
vn 0.6976 -0.6700 -0.2539
vn 0.7424 -0.6700 0.0000
vn 0.6976 -0.6700 0.2539
vn 0.5686 -0.6701 -0.4771
vn 0.9397 0.0000 -0.3420
vn 1.0000 0.0000 -0.0000
vn 0.5687 -0.6700 0.4772
vn 0.9397 0.0000 0.3420
vn 0.3712 -0.6700 -0.6429
vn 0.7660 0.0000 -0.6428
vn 1.0000 0.0000 0.0000
vn 0.3712 -0.6700 0.6429
vn 0.7661 0.0000 0.6428
vn 0.1289 -0.6700 -0.7311
vn 0.5000 0.0000 -0.8660
vn 0.7661 0.0000 -0.6428
vn 0.1289 -0.6700 0.7311
vn 0.5000 0.0000 0.8660
vn 0.7660 0.0000 0.6428
vn -0.1289 -0.6700 -0.7311
vn 0.1736 0.0000 -0.9848
vn -0.1289 -0.6700 0.7311
vn 0.1736 0.0000 0.9848
vn -0.3712 -0.6700 -0.6429
vn -0.1736 0.0000 -0.9848
vn 0.6976 0.6700 -0.2539
vn 0.7423 0.6701 -0.0000
vn -0.3712 -0.6700 0.6429
vn -0.1736 0.0000 0.9848
vn 0.6975 0.6701 0.2539
vn -0.5686 -0.6701 -0.4771
vn -0.5000 0.0000 -0.8660
vn 0.5686 0.6701 -0.4771
vn 0.0000 1.0000 -0.0000
vn -0.5687 -0.6700 0.4772
vn -0.5000 0.0000 0.8660
vn 0.5687 0.6700 0.4772
vn -0.6976 -0.6700 -0.2539
vn -0.7660 0.0000 -0.6428
vn 0.3711 0.6701 -0.6428
vn 0.7071 0.7071 -0.0000
vn -0.6976 -0.6700 0.2539
vn -0.7660 0.0000 0.6428
vn 0.3712 0.6700 0.6429
vn 0.7175 0.6965 -0.0000
vn -0.7423 -0.6700 -0.0000
vn -0.9397 0.0000 -0.3420
vn -0.7661 0.0000 -0.6428
vn 0.1289 0.6701 -0.7310
vn 0.0000 0.7071 -0.7071
vn 0.5774 -0.5774 -0.5774
vn 0.5774 0.5774 -0.5774
vn 0.5774 0.5774 0.5774
vn 0.5774 -0.5774 0.5774
vn 0.9412 -0.2389 0.2389
vn -0.5774 0.5774 0.5774
vn -0.5774 0.5774 -0.5774
vn -0.5774 -0.5774 -0.5774
vn -0.9397 0.0000 0.3420
vn 0.1289 0.6700 0.7311
vn 0.0000 0.7071 0.7071
vn -1.0000 0.0000 -0.0000
vn -0.1289 0.6700 -0.7311
vn 0.0000 0.7286 -0.6849
vn -0.5530 0.0000 0.8332
vn -0.2641 -0.1221 0.9567
vn -0.2436 -0.2348 0.9410
vn -0.2083 -0.2641 0.9417
vn -0.1085 -0.2669 0.9576
vn 0.0000 -0.2691 0.9631
vn 0.1085 -0.2669 0.9576
vn 0.2083 -0.2641 0.9417
vn 0.2436 -0.2348 0.9410
vn 0.2641 -0.1221 0.9567
vn 0.2723 0.0000 0.9622
vn 0.2641 0.1221 0.9567
vn 0.2436 0.2348 0.9410
vn 0.2083 0.2641 0.9417
vn 0.1085 0.2669 0.9576
vn 0.0000 0.2691 0.9631
vn -0.1085 0.2669 0.9576
vn -0.2083 0.2641 0.9417
vn -0.6540 0.6304 -0.4181
vn -0.6175 -0.6195 -0.4846
vn 0.4638 -0.7563 0.4615
vn 0.5776 0.5758 0.5787
vn -0.5776 0.5758 0.5787
vn -0.2641 0.1221 0.9567
vn -0.5595 0.6115 0.5595
vn -0.3093 0.8992 0.3093
vn -0.5774 -0.5774 0.5774
vn 0.0000 0.6998 0.7144
vn -0.1794 0.0000 -0.9838
vn -0.7785 0.3600 0.5142
vn -0.3179 -0.3169 -0.8936
vn -0.5771 0.5789 -0.5760
vn 0.5771 0.5789 -0.5760
vn 0.5776 -0.5758 -0.5787
vn -0.2297 0.1606 -0.9599
vn -0.1465 0.2389 -0.9599
vn -0.1085 0.2669 -0.9576
vn -0.0000 0.2691 -0.9631
vn 0.1084 0.2669 -0.9576
vn 0.1465 0.2389 -0.9599
vn 0.2297 0.1606 -0.9599
vn 0.2641 0.1221 -0.9567
vn 0.2723 0.0000 -0.9622
vn 0.2641 -0.1221 -0.9567
vn 0.2297 -0.1606 -0.9599
vn 0.1465 -0.2389 -0.9599
vn 0.1084 -0.2669 -0.9576
vn -0.0000 -0.2691 -0.9631
vn -0.1085 -0.2669 -0.9576
vn -0.1465 -0.2389 -0.9599
vn -0.2297 -0.1606 -0.9599
vn -0.2641 -0.1221 -0.9567
vn -0.7661 0.0000 0.6428
vn -0.1289 0.6700 0.7311
vn -0.3711 0.6701 -0.6429
vn -0.5686 0.6701 -0.4771
vn -0.6976 0.6700 -0.2539
vn -0.7071 0.7071 -0.0000
vn -0.5556 -0.0000 0.8315
vn -0.5450 -0.1939 0.8157
vn -0.5138 -0.3805 0.7689
vn -0.4630 -0.5528 0.6929
vn -0.3189 -0.5528 0.7699
vn -0.1626 -0.5528 0.8173
vn 0.0000 -0.5528 0.8333
vn 0.1626 -0.5528 0.8173
vn 0.3189 -0.5528 0.7699
vn 0.4630 -0.5528 0.6929
vn 0.5138 -0.3805 0.7689
vn 0.5450 -0.1939 0.8157
vn 0.5556 0.0000 0.8315
vn 0.5450 0.1939 0.8157
vn 0.5138 0.3805 0.7689
vn 0.4630 0.5528 0.6929
vn 0.3189 0.5528 0.7699
vn 0.1626 0.5528 0.8173
vn 0.0000 0.5528 0.8333
vn -0.1626 0.5528 0.8173
vn -0.3189 0.5528 0.7699
vn -0.4630 0.5528 0.6929
vn -0.5138 0.3805 0.7689
vn -0.5774 -0.5744 -0.5802
vn 0.5774 -0.5744 -0.5802
vn 0.0000 0.8079 0.5894
vn 0.0502 0.9657 0.2546
vn 0.0985 0.9658 0.2400
vn 0.1429 0.9658 0.2162
vn 0.1819 0.9659 0.1842
vn 0.2139 0.9660 0.1452
vn 0.2376 0.9661 0.1007
vn 0.2522 0.9662 0.0524
vn 0.2572 0.9664 0.0023
vn 0.2522 0.9665 -0.0479
vn 0.2375 0.9666 -0.0961
vn 0.2138 0.9667 -0.1405
vn 0.1818 0.9668 -0.1795
vn 0.1428 0.9669 -0.2114
vn 0.0984 0.9670 -0.2352
vn 0.0501 0.9670 -0.2498
vn -0.0000 0.9670 -0.2547
vn -0.0501 0.9670 -0.2498
vn -0.0984 0.9670 -0.2352
vn -0.1428 0.9669 -0.2114
vn -0.1818 0.9668 -0.1795
vn -0.2138 0.9667 -0.1406
vn -0.2375 0.9666 -0.0961
vn -0.2522 0.9665 -0.0479
vn -0.2572 0.9664 0.0023
vn -0.2523 0.9662 0.0524
vn -0.2376 0.9661 0.1007
vn -0.2139 0.9660 0.1452
vn -0.1819 0.9659 0.1842
vn -0.1429 0.9658 0.2162
vn -0.0985 0.9658 0.2400
vn -0.0502 0.9657 0.2546
vn 0.5774 0.5802 -0.5744
vn -0.5774 0.5802 -0.5744
vn -0.5450 0.1939 0.8157
vn -0.4236 0.8007 0.4236
vn -0.6355 0.4385 -0.6355
vn -0.5686 0.6701 0.4771
vn -0.3711 0.6701 0.6429
vn -0.5556 0.0000 -0.8315
vn -0.5450 0.1939 -0.8157
vn -0.5774 -0.5802 0.5744
vn -0.5774 0.5744 0.5802
vn 0.5774 0.5744 0.5802
vn 0.4394 -0.7857 0.4354
vn 0.0000 0.8369 0.5474
vn -0.2138 0.9667 -0.1405
vn -0.2522 0.9662 0.0524
vn -0.5138 0.3805 -0.7689
vn -0.3539 0.3805 -0.8544
vn -0.3189 0.5528 -0.7699
vn -0.1626 0.5528 -0.8173
vn -0.0000 0.5528 -0.8333
vn 0.1626 0.5528 -0.8173
vn 0.3189 0.5528 -0.7699
vn 0.3539 0.3805 -0.8544
vn 0.5138 0.3805 -0.7689
vn 0.5450 0.1939 -0.8157
vn 0.5556 0.0000 -0.8315
vn 0.5450 -0.1939 -0.8157
vn 0.5138 -0.3805 -0.7689
vn 0.3539 -0.3805 -0.8544
vn 0.3189 -0.5528 -0.7699
vn 0.1626 -0.5528 -0.8173
vn -0.0000 -0.5528 -0.8333
vn -0.1626 -0.5528 -0.8173
vn -0.3189 -0.5528 -0.7699
vn -0.3539 -0.3805 -0.8544
vn -0.5138 -0.3805 -0.7689
vn -0.5450 -0.1939 -0.8157
vn -0.7423 0.6700 -0.0000
vn -0.6976 0.6700 0.2539
vn -0.7071 0.0000 0.7071
vn -0.6937 -0.1939 0.6937
vn -0.6539 -0.3805 0.6539
vn -0.5893 -0.5528 0.5893
vn -0.3945 -0.7041 0.5905
vn -0.2718 -0.7041 0.6561
vn -0.1385 -0.7041 0.6965
vn 0.0000 -0.7041 0.7101
vn 0.1385 -0.7041 0.6965
vn 0.2718 -0.7041 0.6561
vn 0.3945 -0.7041 0.5905
vn 0.5893 -0.5528 0.5893
vn 0.6539 -0.3805 0.6539
vn 0.6937 -0.1939 0.6937
vn 0.7071 0.0000 0.7071
vn 0.6937 0.1939 0.6937
vn 0.6539 0.3805 0.6539
vn 0.5893 0.5528 0.5893
vn 0.2718 0.7041 0.6561
vn 0.3945 0.7041 0.5905
vn 0.1385 0.7041 0.6965
vn 0.0000 0.7041 0.7101
vn -0.1385 0.7041 0.6965
vn -0.2718 0.7041 0.6561
vn -0.3945 0.7041 0.5905
vn -0.5893 0.5528 0.5893
vn -0.6539 0.3805 0.6539
vn 0.0000 0.8286 0.5598
vn 0.1092 0.8286 0.5490
vn 0.2142 0.8286 0.5172
vn 0.3110 0.8286 0.4654
vn 0.3958 0.8286 0.3958
vn 0.4654 0.8286 0.3110
vn 0.5172 0.8286 0.2142
vn 0.5490 0.8286 0.1092
vn 0.5598 0.8286 -0.0000
vn 0.5490 0.8286 -0.1092
vn 0.5172 0.8286 -0.2142
vn 0.4654 0.8286 -0.3110
vn 0.3958 0.8286 -0.3958
vn 0.3110 0.8286 -0.4654
vn 0.2142 0.8286 -0.5172
vn 0.1092 0.8286 -0.5490
vn -0.0000 0.8286 -0.5598
vn -0.1092 0.8286 -0.5490
vn -0.2142 0.8286 -0.5172
vn -0.3110 0.8286 -0.4654
vn -0.3958 0.8286 -0.3958
vn -0.4654 0.8286 -0.3110
vn -0.5172 0.8286 -0.2142
vn -0.5490 0.8286 -0.1092
vn -0.5598 0.8286 0.0000
vn -0.5490 0.8286 0.1092
vn -0.5172 0.8286 0.2142
vn -0.4654 0.8286 0.3110
vn -0.3958 0.8286 0.3958
vn -0.3110 0.8286 0.4654
vn -0.2142 0.8286 0.5172
vn -0.1092 0.8286 0.5490
vn -0.6937 0.1939 0.6937
vn -0.3937 0.8307 0.3937
vn -0.5188 0.6795 0.5188
vn -0.7071 0.0000 -0.7071
vn -0.6937 0.1939 -0.6937
vn 0.0000 0.8287 0.5598
vn 0.1092 0.8287 0.5490
vn 0.2142 0.8287 0.5171
vn 0.3958 0.8287 0.3958
vn -0.3958 0.8287 0.3958
vn -0.2142 0.8287 0.5171
vn -0.1092 0.8287 0.5490
vn -0.6539 0.3805 -0.6539
vn -0.4630 0.5528 -0.6929
vn -0.1385 0.7041 -0.6965
vn -0.2718 0.7041 -0.6561
vn -0.0000 0.7041 -0.7101
vn 0.1385 0.7041 -0.6965
vn 0.2718 0.7041 -0.6561
vn 0.4630 0.5528 -0.6929
vn 0.6539 0.3805 -0.6539
vn 0.6937 0.1939 -0.6937
vn 0.7071 0.0000 -0.7071
vn 0.6937 -0.1939 -0.6937
vn 0.6539 -0.3805 -0.6539
vn 0.4630 -0.5528 -0.6929
vn 0.2718 -0.7041 -0.6561
vn 0.1385 -0.7041 -0.6965
vn -0.0000 -0.7041 -0.7101
vn -0.1385 -0.7041 -0.6965
vn -0.2718 -0.7041 -0.6561
vn -0.4630 -0.5528 -0.6929
vn -0.6539 -0.3805 -0.6539
vn -0.6937 -0.1939 -0.6937
vn -0.8315 0.0000 0.5556
vn -0.8157 -0.1939 0.5450
vn -0.7689 -0.3805 0.5138
vn -0.6929 -0.5528 0.4630
vn -0.5021 -0.7041 0.5021
vn -0.3110 -0.8286 0.4654
vn -0.2142 -0.8286 0.5172
vn -0.1092 -0.8286 0.5490
vn 0.0000 -0.8286 0.5598
vn 0.1092 -0.8286 0.5490
vn 0.2142 -0.8286 0.5172
vn 0.3110 -0.8286 0.4654
vn 0.5021 -0.7041 0.5021
vn 0.6929 -0.5528 0.4630
vn 0.7689 -0.3805 0.5138
vn 0.8157 -0.1939 0.5450
vn 0.8315 0.0000 0.5556
vn 0.8157 0.1939 0.5450
vn 0.7689 0.3805 0.5138
vn 0.5021 0.7041 0.5021
vn 0.6929 0.5528 0.4630
vn -0.5021 0.7041 0.5021
vn -0.6929 0.5528 0.4630
vn -0.7689 0.3805 0.5138
vn 0.5905 0.7041 0.3945
vn 0.6561 0.7041 0.2718
vn 0.6965 0.7041 0.1385
vn 0.7101 0.7041 -0.0000
vn 0.6965 0.7041 -0.1385
vn 0.6561 0.7041 -0.2718
vn 0.5905 0.7041 -0.3945
vn 0.5021 0.7041 -0.5021
vn 0.3945 0.7041 -0.5905
vn -0.3945 0.7041 -0.5905
vn -0.5021 0.7041 -0.5021
vn -0.5905 0.7041 -0.3945
vn -0.6561 0.7041 -0.2718
vn -0.6965 0.7041 -0.1385
vn -0.7101 0.7041 0.0000
vn -0.6965 0.7041 0.1385
vn -0.6561 0.7041 0.2718
vn -0.5905 0.7041 0.3945
vn -0.8157 0.1939 0.5450
vn -0.8315 0.0000 -0.5556
vn -0.8157 0.1939 -0.5450
vn -0.5893 0.5528 -0.5893
vn -0.7689 0.3805 -0.5138
vn 0.5893 0.5528 -0.5893
vn 0.7689 0.3805 -0.5138
vn 0.8157 0.1939 -0.5450
vn 0.8315 0.0000 -0.5556
vn 0.8157 -0.1939 -0.5450
vn 0.7689 -0.3805 -0.5138
vn 0.5893 -0.5528 -0.5893
vn 0.3945 -0.7041 -0.5905
vn 0.2142 -0.8286 -0.5172
vn 0.1092 -0.8286 -0.5490
vn -0.0000 -0.8286 -0.5598
vn -0.1092 -0.8286 -0.5490
vn -0.2142 -0.8286 -0.5172
vn -0.3945 -0.7041 -0.5905
vn -0.5893 -0.5528 -0.5893
vn -0.7689 -0.3805 -0.5138
vn -0.8157 -0.1939 -0.5450
vn -0.9239 0.0000 0.3827
vn -0.9063 -0.1939 0.3754
vn -0.8544 -0.3805 0.3539
vn -0.7699 -0.5528 0.3189
vn -0.5905 -0.7041 0.3945
vn -0.3958 -0.8286 0.3958
vn -0.2155 -0.9217 0.3225
vn -0.1484 -0.9217 0.3584
vn -0.0757 -0.9217 0.3804
vn 0.0000 -0.9217 0.3879
vn 0.0757 -0.9217 0.3804
vn 0.1484 -0.9217 0.3584
vn 0.2155 -0.9217 0.3225
vn 0.3958 -0.8286 0.3958
vn 0.5905 -0.7041 0.3945
vn 0.7699 -0.5528 0.3189
vn 0.8544 -0.3805 0.3539
vn 0.9063 -0.1939 0.3754
vn 0.9239 0.0000 0.3827
vn 0.9063 0.1939 0.3754
vn 0.8544 0.3805 0.3539
vn 0.7699 0.5528 0.3189
vn -0.7699 0.5528 0.3189
vn -0.8544 0.3805 0.3539
vn 0.8173 0.5528 0.1626
vn 0.8333 0.5528 -0.0000
vn 0.8173 0.5528 -0.1626
vn 0.7699 0.5528 -0.3189
vn 0.6929 0.5528 -0.4630
vn -0.6929 0.5528 -0.4630
vn -0.7699 0.5528 -0.3189
vn -0.8173 0.5528 -0.1626
vn -0.8333 0.5528 0.0000
vn -0.8173 0.5528 0.1626
vn -0.9063 0.1939 0.3754
vn -0.9239 0.0000 -0.3827
vn -0.9063 0.1939 -0.3754
vn -0.8544 0.3805 -0.3539
vn 0.8544 0.3805 -0.3539
vn 0.9063 0.1939 -0.3754
vn 0.9239 0.0000 -0.3827
vn 0.9063 -0.1939 -0.3754
vn 0.8544 -0.3805 -0.3539
vn 0.6929 -0.5528 -0.4630
vn 0.5021 -0.7041 -0.5021
vn 0.3110 -0.8286 -0.4654
vn 0.1484 -0.9217 -0.3584
vn 0.0757 -0.9217 -0.3804
vn -0.0000 -0.9217 -0.3879
vn -0.0757 -0.9217 -0.3804
vn -0.1484 -0.9217 -0.3584
vn -0.3110 -0.8286 -0.4654
vn -0.5021 -0.7041 -0.5021
vn -0.6929 -0.5528 -0.4630
vn -0.8544 -0.3805 -0.3539
vn -0.9063 -0.1939 -0.3754
vn -0.9808 0.0000 0.1951
vn -0.9622 -0.1939 0.1914
vn -0.9070 -0.3805 0.1804
vn -0.8173 -0.5528 0.1626
vn -0.6561 -0.7041 0.2718
vn -0.4654 -0.8286 0.3110
vn -0.2743 -0.9217 0.2743
vn -0.1117 -0.9796 0.1671
vn -0.0769 -0.9796 0.1857
vn -0.0392 -0.9796 0.1971
vn 0.0000 -0.9796 0.2010
vn 0.0392 -0.9796 0.1971
vn 0.0769 -0.9796 0.1857
vn 0.1117 -0.9796 0.1671
vn 0.2743 -0.9217 0.2743
vn 0.4654 -0.8286 0.3110
vn 0.6561 -0.7041 0.2718
vn 0.8173 -0.5528 0.1626
vn 0.9070 -0.3805 0.1804
vn 0.9622 -0.1939 0.1914
vn 0.9808 0.0000 0.1951
vn 0.9622 0.1939 0.1914
vn 0.9070 0.3805 0.1804
vn -0.9070 0.3805 0.1804
vn 0.9248 0.3805 -0.0000
vn 0.9070 0.3805 -0.1804
vn 0.1804 0.3805 -0.9070
vn -0.0000 0.3805 -0.9248
vn -0.1804 0.3805 -0.9070
vn -0.9070 0.3805 -0.1804
vn -0.9248 0.3805 0.0000
vn -0.9622 0.1939 0.1914
vn -0.9808 -0.0000 -0.1951
vn -0.9622 0.1939 -0.1914
vn 0.0000 0.3805 0.9248
vn 0.1804 0.3805 0.9070
vn 0.3539 0.3805 0.8544
vn -0.3539 0.3805 0.8544
vn -0.1804 0.3805 0.9070
vn 0.9622 0.1939 -0.1914
vn 0.9808 0.0000 -0.1951
vn 0.9622 -0.1939 -0.1914
vn 0.9070 -0.3805 -0.1804
vn 0.7699 -0.5528 -0.3189
vn 0.5905 -0.7041 -0.3945
vn 0.3958 -0.8286 -0.3958
vn 0.2155 -0.9217 -0.3225
vn 0.0769 -0.9796 -0.1857
vn 0.0392 -0.9796 -0.1971
vn -0.0000 -0.9796 -0.2010
vn -0.0392 -0.9796 -0.1971
vn -0.0769 -0.9796 -0.1857
vn -0.2155 -0.9217 -0.3225
vn -0.3958 -0.8286 -0.3958
vn -0.5905 -0.7041 -0.3945
vn -0.7699 -0.5528 -0.3189
vn -0.9070 -0.3805 -0.1804
vn -0.9622 -0.1939 -0.1914
vn -1.0000 0.0000 0.0000
vn -0.9810 -0.1939 -0.0000
vn -0.9248 -0.3805 0.0000
vn -0.8333 -0.5528 0.0000
vn -0.6965 -0.7041 0.1385
vn -0.5172 -0.8286 0.2142
vn -0.3225 -0.9217 0.2155
vn -0.1421 -0.9796 0.1421
vn 0.0000 -1.0000 0.0000
vn 0.1421 -0.9796 0.1421
vn 0.3225 -0.9217 0.2155
vn 0.5172 -0.8286 0.2142
vn 0.6965 -0.7041 0.1385
vn 0.8333 -0.5528 -0.0000
vn 0.9248 -0.3805 -0.0000
vn 0.9810 -0.1939 -0.0000
vn 0.9810 0.1939 -0.0000
vn 0.3754 0.1939 -0.9063
vn 0.1914 0.1939 -0.9622
vn -0.0000 0.1939 -0.9810
vn -0.1914 0.1939 -0.9622
vn -0.3754 0.1939 -0.9063
vn -0.9810 0.1939 0.0000
vn 0.0000 0.1939 0.9810
vn 0.1914 0.1939 0.9622
vn 0.3754 0.1939 0.9063
vn -0.3754 0.1939 0.9063
vn -0.1914 0.1939 0.9622
vn 0.8173 -0.5528 -0.1626
vn 0.6561 -0.7041 -0.2718
vn 0.4654 -0.8286 -0.3110
vn 0.2743 -0.9217 -0.2743
vn 0.1117 -0.9796 -0.1671
vn -0.0000 -1.0000 0.0000
vn -0.1117 -0.9796 -0.1671
vn -0.2743 -0.9217 -0.2743
vn -0.4654 -0.8286 -0.3110
vn -0.6561 -0.7041 -0.2718
vn -0.8173 -0.5528 -0.1626
vn -0.7101 -0.7041 0.0000
vn -0.5490 -0.8286 0.1092
vn -0.3584 -0.9217 0.1484
vn -0.1671 -0.9796 0.1117
vn 0.1671 -0.9796 0.1117
vn 0.3584 -0.9217 0.1484
vn 0.5490 -0.8286 0.1092
vn 0.7101 -0.7041 -0.0000
vn 0.3827 -0.0000 -0.9239
vn 0.1951 -0.0000 -0.9808
vn -0.0000 0.0000 -1.0000
vn -0.1951 -0.0000 -0.9808
vn -0.3827 0.0000 -0.9239
vn -0.5556 -0.0000 -0.8315
vn -0.9808 -0.0000 0.1951
vn 0.0000 0.0000 1.0000
vn 0.1951 0.0000 0.9808
vn 0.3827 0.0000 0.9239
vn 0.5556 -0.0000 0.8315
vn 0.7071 -0.0000 0.7071
vn 0.9808 -0.0000 0.1951
vn -0.3827 0.0000 0.9239
vn -0.1951 0.0000 0.9808
vn 0.6965 -0.7041 -0.1385
vn 0.5172 -0.8286 -0.2142
vn 0.3225 -0.9217 -0.2155
vn 0.1421 -0.9796 -0.1421
vn -0.1421 -0.9796 -0.1421
vn -0.3225 -0.9217 -0.2155
vn -0.5172 -0.8286 -0.2142
vn -0.6965 -0.7041 -0.1385
vn -0.5598 -0.8286 0.0000
vn -0.3804 -0.9217 0.0757
vn -0.1857 -0.9796 0.0769
vn 0.1857 -0.9796 0.0769
vn 0.3804 -0.9217 0.0757
vn 0.5598 -0.8286 -0.0000
vn 0.3754 -0.1939 -0.9063
vn 0.1914 -0.1939 -0.9622
vn -0.0000 -0.1939 -0.9810
vn -0.1914 -0.1939 -0.9622
vn -0.3754 -0.1939 -0.9063
vn 0.0000 -0.1939 0.9810
vn 0.1914 -0.1939 0.9622
vn 0.3754 -0.1939 0.9063
vn -0.3754 -0.1939 0.9063
vn -0.1914 -0.1939 0.9622
vn 0.5490 -0.8286 -0.1092
vn 0.3584 -0.9217 -0.1484
vn 0.1671 -0.9796 -0.1117
vn -0.1671 -0.9796 -0.1117
vn -0.3584 -0.9217 -0.1484
vn -0.5490 -0.8286 -0.1092
vn -0.3879 -0.9217 0.0000
vn -0.1971 -0.9796 0.0392
vn 0.1971 -0.9796 0.0392
vn 0.3879 -0.9217 -0.0000
vn 0.1804 -0.3805 -0.9070
vn -0.0000 -0.3805 -0.9248
vn -0.1804 -0.3805 -0.9070
vn 0.0000 -0.3805 0.9248
vn 0.1804 -0.3805 0.9070
vn 0.3539 -0.3805 0.8544
vn -0.3539 -0.3805 0.8544
vn -0.1804 -0.3805 0.9070
vn 0.3804 -0.9217 -0.0757
vn 0.1857 -0.9796 -0.0769
vn -0.1857 -0.9796 -0.0769
vn -0.3804 -0.9217 -0.0757
vn -0.2010 -0.9796 0.0000
vn 0.2010 -0.9796 -0.0000
vn 0.1971 -0.9796 -0.0392
vn -0.1971 -0.9796 -0.0392
vn -0.2010 -0.9796 -0.0000
# 604 vertex normals

vt 0.1772 0.1745 0.0000
vt 0.1925 0.2615 0.0000
vt 0.1619 0.2615 0.0000
vt 0.1330 0.2510 0.0000
vt 0.2214 0.2510 0.0000
vt 0.2079 0.3485 0.0000
vt 0.1465 0.3485 0.0000
vt 0.1095 0.2313 0.0000
vt 0.0888 0.3275 0.0000
vt 0.2449 0.2313 0.0000
vt 0.2655 0.3275 0.0000
vt 0.8749 0.5900 0.0000
vt 0.9363 0.5900 0.0000
vt 0.9363 0.6008 0.0000
vt 0.8749 0.6008 0.0000
vt 0.0942 0.2047 0.0000
vt 0.0418 0.2881 0.0000
vt 0.8172 0.5900 0.0000
vt 0.8172 0.6008 0.0000
vt 0.2602 0.2047 0.0000
vt 0.3125 0.2881 0.0000
vt 0.9939 0.5900 0.0000
vt 0.9939 0.6008 0.0000
vt 0.9363 0.6115 0.0000
vt 0.8749 0.6115 0.0000
vt 0.0888 0.1745 0.0000
vt 0.0112 0.2349 0.0000
vt 0.7702 0.5900 0.0000
vt 0.7702 0.6008 0.0000
vt 0.8172 0.6115 0.0000
vt 0.2655 0.1745 0.0000
vt 0.3432 0.2349 0.0000
vt 0.0544 0.3415 0.0000
vt 0.0544 0.3885 0.0000
vt 0.0436 0.3885 0.0000
vt 0.0436 0.3415 0.0000
vt 0.9939 0.6115 0.0000
vt 0.9363 0.6223 0.0000
vt 0.8749 0.6223 0.0000
vt 0.0942 0.1443 0.0000
vt 0.0005 0.1745 0.0000
vt 0.5750 0.1905 0.0000
vt 0.6220 0.1905 0.0000
vt 0.6220 0.2013 0.0000
vt 0.5750 0.2013 0.0000
vt 0.7702 0.6115 0.0000
vt 0.8172 0.6223 0.0000
vt 0.2602 0.1443 0.0000
vt 0.3539 0.1745 0.0000
vt 0.0544 0.4462 0.0000
vt 0.0436 0.4462 0.0000
vt 0.0328 0.3885 0.0000
vt 0.0328 0.3415 0.0000
vt 0.9939 0.6223 0.0000
vt 0.9363 0.6331 0.0000
vt 0.8749 0.6331 0.0000
vt 0.1095 0.1177 0.0000
vt 0.0112 0.1141 0.0000
vt 0.5173 0.1905 0.0000
vt 0.5173 0.2013 0.0000
vt 0.6220 0.2120 0.0000
vt 0.5750 0.2120 0.0000
vt 0.7702 0.6223 0.0000
vt 0.8172 0.6331 0.0000
vt 0.2449 0.1177 0.0000
vt 0.3432 0.1141 0.0000
vt 0.0544 0.5076 0.0000
vt 0.0436 0.5076 0.0000
vt 0.0328 0.4462 0.0000
vt 0.0220 0.3885 0.0000
vt 0.0220 0.3415 0.0000
vt 0.9939 0.6331 0.0000
vt 0.9363 0.6439 0.0000
vt 0.8749 0.6439 0.0000
vt 0.1330 0.0980 0.0000
vt 0.0418 0.0609 0.0000
vt 0.4559 0.1905 0.0000
vt 0.4559 0.2013 0.0000
vt 0.5173 0.2120 0.0000
vt 0.6220 0.2228 0.0000
vt 0.5750 0.2228 0.0000
vt 0.7702 0.6331 0.0000
vt 0.8172 0.6439 0.0000
vt 0.2214 0.0980 0.0000
vt 0.3125 0.0609 0.0000
vt 0.0544 0.5652 0.0000
vt 0.0436 0.5652 0.0000
vt 0.0328 0.5076 0.0000
vt 0.0220 0.4462 0.0000
vt 0.0113 0.3885 0.0000
vt 0.0113 0.3415 0.0000
vt 0.9939 0.6439 0.0000
vt 0.3534 0.8412 0.0000
vt 0.3324 0.8989 0.0000
vt 0.2559 0.8547 0.0000
vt 0.2664 0.8259 0.0000
vt 0.1619 0.0875 0.0000
vt 0.0888 0.0215 0.0000
vt 0.3983 0.1905 0.0000
vt 0.3983 0.2013 0.0000
vt 0.4559 0.2120 0.0000
vt 0.5173 0.2228 0.0000
vt 0.6220 0.2336 0.0000
vt 0.5750 0.2336 0.0000
vt 0.7702 0.6439 0.0000
vt 0.3534 0.7798 0.0000
vt 0.2664 0.7952 0.0000
vt 0.1925 0.0875 0.0000
vt 0.2655 0.0215 0.0000
vt 0.0544 0.6122 0.0000
vt 0.0436 0.6122 0.0000
vt 0.0328 0.5652 0.0000
vt 0.0220 0.5076 0.0000
vt 0.0113 0.4462 0.0000
vt 0.0005 0.3885 0.0000
vt 0.0005 0.3415 0.0000
vt 0.2552 0.8555 0.0000
vt 0.2930 0.9459 0.0000
vt 0.2486 0.8930 0.0000
vt 0.2606 0.8248 0.0000
vt 0.2554 0.8544 0.0000
vt 0.1465 0.0005 0.0000
vt 0.3513 0.1905 0.0000
vt 0.3513 0.2013 0.0000
vt 0.3983 0.2120 0.0000
vt 0.4559 0.2228 0.0000
vt 0.5173 0.2336 0.0000
vt 0.6220 0.2444 0.0000
vt 0.5750 0.2444 0.0000
vt 0.2727 0.7567 0.0000
vt 0.3324 0.7222 0.0000
vt 0.2660 0.7942 0.0000
vt 0.2658 0.7953 0.0000
vt 0.2079 0.0005 0.0000
vt 0.8238 0.8384 0.0000
vt 0.8852 0.8384 0.0000
vt 0.8852 0.8492 0.0000
vt 0.8238 0.8492 0.0000
vt 0.0328 0.6122 0.0000
vt 0.0220 0.5652 0.0000
vt 0.0113 0.5076 0.0000
vt 0.0005 0.4462 0.0000
vt 0.2398 0.9766 0.0000
vt 0.2123 0.9011 0.0000
vt 0.2461 0.9070 0.0000
vt 0.9940 0.3943 0.0000
vt 0.6777 0.3943 0.0000
vt 0.6777 0.2002 0.0000
vt 0.9940 0.2002 0.0000
vt 0.9940 0.2416 0.0000
vt 0.8542 0.2483 0.0000
vt 0.7062 0.2483 0.0000
vt 0.7062 0.3443 0.0000
vt 0.8542 0.3443 0.0000
vt 0.9940 0.2798 0.0000
vt 0.9940 0.2808 0.0000
vt 0.9940 0.3109 0.0000
vt 0.9940 0.3409 0.0000
vt 0.9940 0.3420 0.0000
vt 0.9940 0.3801 0.0000
vt 0.4051 0.5023 0.0000
vt 0.4051 0.5637 0.0000
vt 0.3944 0.5637 0.0000
vt 0.3944 0.5023 0.0000
vt 0.3513 0.2120 0.0000
vt 0.3983 0.2228 0.0000
vt 0.4559 0.2336 0.0000
vt 0.5173 0.2444 0.0000
vt 0.2930 0.6752 0.0000
vt 0.2798 0.7159 0.0000
vt 0.2615 0.7127 0.0000
vt 0.9429 0.8384 0.0000
vt 0.9429 0.8492 0.0000
vt 0.8852 0.8600 0.0000
vt 0.8238 0.8600 0.0000
vt 0.0220 0.6122 0.0000
vt 0.0113 0.5652 0.0000
vt 0.0005 0.5076 0.0000
vt 0.1794 0.9872 0.0000
vt 0.1794 0.8989 0.0000
vt 0.1896 0.8971 0.0000
vt 0.9940 0.5844 0.0000
vt 0.6777 0.5844 0.0000
vt 0.6777 0.4000 0.0000
vt 0.9940 0.4000 0.0000
vt 0.9940 0.4343 0.0000
vt 0.9940 0.4574 0.0000
vt 0.9940 0.4678 0.0000
vt 0.9940 0.4972 0.0000
vt 0.9940 0.5076 0.0000
vt 0.9940 0.5307 0.0000
vt 0.8819 0.5201 0.0000
vt 0.8942 0.5175 0.0000
vt 0.9061 0.5099 0.0000
vt 0.9074 0.5084 0.0000
vt 0.9137 0.4969 0.0000
vt 0.9157 0.4863 0.0000
vt 0.9137 0.4756 0.0000
vt 0.9074 0.4641 0.0000
vt 0.9061 0.4626 0.0000
vt 0.8942 0.4550 0.0000
vt 0.8819 0.4524 0.0000
vt 0.8695 0.4550 0.0000
vt 0.8576 0.4626 0.0000
vt 0.8563 0.4641 0.0000
vt 0.8500 0.4756 0.0000
vt 0.8481 0.4863 0.0000
vt 0.8500 0.4969 0.0000
vt 0.8563 0.5084 0.0000
vt 0.8576 0.5099 0.0000
vt 0.8291 0.5507 0.0000
vt 0.8291 0.4249 0.0000
vt 0.6966 0.4249 0.0000
vt 0.6966 0.5507 0.0000
vt 0.8695 0.5175 0.0000
vt 0.9940 0.5820 0.0000
vt 0.7995 0.8328 0.0000
vt 0.8248 0.8035 0.0000
vt 0.9572 0.8035 0.0000
vt 0.9572 0.6777 0.0000
vt 0.8248 0.6777 0.0000
vt 0.7995 0.6484 0.0000
vt 0.9936 0.6484 0.0000
vt 0.9936 0.8328 0.0000
vt 0.6725 0.1849 0.0000
vt 0.3561 0.1849 0.0000
vt 0.3561 0.0005 0.0000
vt 0.6725 0.0005 0.0000
vt 0.6725 0.0385 0.0000
vt 0.6725 0.0829 0.0000
vt 0.5603 0.0865 0.0000
vt 0.5480 0.0891 0.0000
vt 0.5071 0.0342 0.0000
vt 0.3746 0.0342 0.0000
vt 0.3746 0.1600 0.0000
vt 0.5071 0.1600 0.0000
vt 0.5364 0.0965 0.0000
vt 0.5361 0.0969 0.0000
vt 0.5299 0.1082 0.0000
vt 0.5279 0.1190 0.0000
vt 0.5299 0.1297 0.0000
vt 0.5361 0.1411 0.0000
vt 0.5364 0.1414 0.0000
vt 0.5480 0.1488 0.0000
vt 0.5603 0.1514 0.0000
vt 0.5727 0.1488 0.0000
vt 0.5842 0.1414 0.0000
vt 0.5846 0.1411 0.0000
vt 0.5908 0.1297 0.0000
vt 0.5928 0.1190 0.0000
vt 0.5908 0.1082 0.0000
vt 0.5846 0.0969 0.0000
vt 0.5842 0.0965 0.0000
vt 0.5727 0.0891 0.0000
vt 0.6725 0.1219 0.0000
vt 0.6725 0.1662 0.0000
vt 0.3483 0.9846 0.0000
vt 0.3483 0.9993 0.0000
vt 0.2002 0.9993 0.0000
vt 0.2002 0.9846 0.0000
vt 0.2164 0.8352 0.0000
vt 0.2164 0.8499 0.0000
vt 0.1204 0.8499 0.0000
vt 0.1204 0.8352 0.0000
vt 0.4847 0.2490 0.0000
vt 0.4847 0.2637 0.0000
vt 0.3366 0.2637 0.0000
vt 0.3366 0.2490 0.0000
vt 0.2164 0.8504 0.0000
vt 0.2164 0.8651 0.0000
vt 0.1204 0.8651 0.0000
vt 0.1204 0.8504 0.0000
vt 0.9899 0.8384 0.0000
vt 0.9899 0.8492 0.0000
vt 0.3836 0.5637 0.0000
vt 0.3836 0.5023 0.0000
vt 0.3513 0.2228 0.0000
vt 0.3983 0.2336 0.0000
vt 0.4559 0.2444 0.0000
vt 0.2178 0.7050 0.0000
vt 0.2398 0.6445 0.0000
vt 0.9429 0.8600 0.0000
vt 0.8852 0.8708 0.0000
vt 0.8238 0.8708 0.0000
vt 0.0113 0.6122 0.0000
vt 0.0005 0.5652 0.0000
vt 0.1189 0.9766 0.0000
vt 0.1492 0.8935 0.0000
vt 0.1794 0.8953 0.0000
vt 0.0264 0.8989 0.0000
vt 0.0054 0.8412 0.0000
vt 0.0726 0.8293 0.0000
vt 0.0646 0.8750 0.0000
vt 0.0669 0.8754 0.0000
vt 0.9940 0.1946 0.0000
vt 0.6777 0.1946 0.0000
vt 0.6777 0.0005 0.0000
vt 0.9940 0.0005 0.0000
vt 0.9940 0.0469 0.0000
vt 0.9940 0.0840 0.0000
vt 0.9940 0.1210 0.0000
vt 0.9940 0.1694 0.0000
vt 0.1504 0.8902 0.0000
vt 0.1402 0.8884 0.0000
vt 0.0658 0.9459 0.0000
vt 0.1174 0.8843 0.0000
vt 0.1891 0.4956 0.0000
vt 0.1875 0.4956 0.0000
vt 0.1877 0.4832 0.0000
vt 0.1914 0.4832 0.0000
vt 0.1880 0.4710 0.0000
vt 0.1981 0.4710 0.0000
vt 0.1886 0.4595 0.0000
vt 0.1989 0.4595 0.0000
vt 0.1994 0.4696 0.0000
vt 0.2091 0.4593 0.0000
vt 0.2096 0.4629 0.0000
vt 0.2186 0.4589 0.0000
vt 0.2190 0.4604 0.0000
vt 0.2272 0.4584 0.0000
vt 0.2283 0.4619 0.0000
vt 0.2305 0.4914 0.0000
vt 0.2327 0.4882 0.0000
vt 0.2415 0.4937 0.0000
vt 0.2361 0.5032 0.0000
vt 0.2506 0.4983 0.0000
vt 0.2455 0.5096 0.0000
vt 0.2366 0.5051 0.0000
vt 0.2399 0.5204 0.0000
vt 0.2366 0.5188 0.0000
vt 0.2342 0.5304 0.0000
vt 0.2327 0.5296 0.0000
vt 0.2284 0.5390 0.0000
vt 0.2251 0.5373 0.0000
vt 0.3483 0.3276 0.0000
vt 0.3460 0.3306 0.0000
vt 0.3364 0.3226 0.0000
vt 0.3427 0.3146 0.0000
vt 0.3272 0.3147 0.0000
vt 0.3336 0.3065 0.0000
vt 0.3423 0.3127 0.0000
vt 0.3393 0.2982 0.0000
vt 0.3426 0.3001 0.0000
vt 0.3443 0.2900 0.0000
vt 0.3458 0.2906 0.0000
vt 0.2190 0.5277 0.0000
vt 0.2186 0.5291 0.0000
vt 0.2091 0.5294 0.0000
vt 0.2096 0.5263 0.0000
vt 0.1989 0.5296 0.0000
vt 0.1994 0.5205 0.0000
vt 0.1886 0.5296 0.0000
vt 0.1880 0.5193 0.0000
vt 0.1981 0.5193 0.0000
vt 0.4195 0.6338 0.0000
vt 0.5147 0.6338 0.0000
vt 0.5147 0.7596 0.0000
vt 0.4195 0.7596 0.0000
vt 0.4381 0.6982 0.0000
vt 0.4387 0.7051 0.0000
vt 0.4407 0.7116 0.0000
vt 0.4440 0.7176 0.0000
vt 0.4483 0.7228 0.0000
vt 0.4536 0.7271 0.0000
vt 0.4597 0.7303 0.0000
vt 0.4662 0.7322 0.0000
vt 0.4729 0.7328 0.0000
vt 0.4797 0.7321 0.0000
vt 0.4861 0.7301 0.0000
vt 0.4920 0.7268 0.0000
vt 0.4972 0.7225 0.0000
vt 0.5015 0.7173 0.0000
vt 0.5046 0.7114 0.0000
vt 0.5065 0.7049 0.0000
vt 0.5072 0.6982 0.0000
vt 0.5065 0.6916 0.0000
vt 0.5046 0.6851 0.0000
vt 0.5015 0.6792 0.0000
vt 0.4972 0.6740 0.0000
vt 0.4920 0.6697 0.0000
vt 0.4861 0.6664 0.0000
vt 0.4797 0.6644 0.0000
vt 0.4729 0.6637 0.0000
vt 0.4662 0.6643 0.0000
vt 0.4597 0.6662 0.0000
vt 0.4536 0.6694 0.0000
vt 0.4483 0.6736 0.0000
vt 0.4440 0.6789 0.0000
vt 0.4407 0.6849 0.0000
vt 0.4387 0.6914 0.0000
vt 0.6644 0.3464 0.0000
vt 0.6639 0.4416 0.0000
vt 0.5315 0.4410 0.0000
vt 0.5320 0.3464 0.0000
vt 0.6212 0.6671 0.0000
vt 0.5266 0.6671 0.0000
vt 0.5266 0.5413 0.0000
vt 0.6212 0.5413 0.0000
vt 0.6639 0.2490 0.0000
vt 0.6644 0.3435 0.0000
vt 0.5320 0.3442 0.0000
vt 0.5315 0.2490 0.0000
vt 0.1877 0.5078 0.0000
vt 0.1914 0.5078 0.0000
vt 0.6639 0.4438 0.0000
vt 0.6639 0.5391 0.0000
vt 0.5315 0.5391 0.0000
vt 0.5315 0.4438 0.0000
vt 0.6874 0.9580 0.0000
vt 0.6874 0.8628 0.0000
vt 0.8132 0.8628 0.0000
vt 0.8132 0.9580 0.0000
vt 0.5178 0.2684 0.0000
vt 0.5178 0.3637 0.0000
vt 0.3854 0.3637 0.0000
vt 0.3854 0.2684 0.0000
vt 0.5147 0.6281 0.0000
vt 0.4195 0.6281 0.0000
vt 0.4195 0.5023 0.0000
vt 0.5147 0.5023 0.0000
vt 0.0658 0.6752 0.0000
vt 0.1189 0.6445 0.0000
vt 0.1357 0.6905 0.0000
vt 0.0983 0.6839 0.0000
vt 0.0939 0.7086 0.0000
vt 0.1794 0.6338 0.0000
vt 0.1794 0.6982 0.0000
vt 0.1756 0.7887 0.0000
vt 0.1756 0.7919 0.0000
vt 0.1632 0.7918 0.0000
vt 0.1632 0.7864 0.0000
vt 0.2011 0.3513 0.0000
vt 0.2016 0.4476 0.0000
vt 0.0692 0.4482 0.0000
vt 0.0687 0.3513 0.0000
vt 0.6236 0.7986 0.0000
vt 0.5266 0.7986 0.0000
vt 0.5266 0.6728 0.0000
vt 0.6236 0.6728 0.0000
vt 0.0590 0.4584 0.0000
vt 0.1559 0.4589 0.0000
vt 0.1553 0.5914 0.0000
vt 0.0590 0.5909 0.0000
vt 0.6524 0.9006 0.0000
vt 0.6114 0.8936 0.0000
vt 0.6183 0.8929 0.0000
vt 0.6248 0.8909 0.0000
vt 0.6309 0.8876 0.0000
vt 0.6361 0.8833 0.0000
vt 0.6404 0.8779 0.0000
vt 0.6436 0.8719 0.0000
vt 0.6455 0.8653 0.0000
vt 0.6461 0.8586 0.0000
vt 0.6454 0.8518 0.0000
vt 0.6434 0.8453 0.0000
vt 0.6401 0.8394 0.0000
vt 0.6358 0.8342 0.0000
vt 0.6306 0.8299 0.0000
vt 0.6246 0.8268 0.0000
vt 0.6181 0.8248 0.0000
vt 0.6114 0.8242 0.0000
vt 0.6047 0.8248 0.0000
vt 0.5983 0.8268 0.0000
vt 0.5923 0.8299 0.0000
vt 0.5871 0.8342 0.0000
vt 0.5827 0.8394 0.0000
vt 0.5795 0.8453 0.0000
vt 0.5775 0.8518 0.0000
vt 0.5767 0.8586 0.0000
vt 0.5773 0.8653 0.0000
vt 0.5793 0.8719 0.0000
vt 0.5824 0.8779 0.0000
vt 0.5867 0.8833 0.0000
vt 0.5920 0.8876 0.0000
vt 0.5980 0.8909 0.0000
vt 0.6046 0.8929 0.0000
vt 0.5266 0.9006 0.0000
vt 0.5266 0.8043 0.0000
vt 0.6524 0.8043 0.0000
vt 0.1510 0.7914 0.0000
vt 0.1510 0.7799 0.0000
vt 0.1513 0.7799 0.0000
vt 0.1510 0.7796 0.0000
vt 0.1395 0.7805 0.0000
vt 0.1393 0.7704 0.0000
vt 0.1443 0.7696 0.0000
vt 0.1389 0.7608 0.0000
vt 0.1418 0.7601 0.0000
vt 0.1383 0.7522 0.0000
vt 0.1433 0.7506 0.0000
vt 0.6358 0.9092 0.0000
vt 0.6402 0.9125 0.0000
vt 0.6344 0.9210 0.0000
vt 0.6238 0.9146 0.0000
vt 0.6240 0.9143 0.0000
vt 0.6235 0.9144 0.0000
vt 0.6183 0.9245 0.0000
vt 0.6077 0.9186 0.0000
vt 0.6102 0.9140 0.0000
vt 0.5980 0.9125 0.0000
vt 0.5995 0.9097 0.0000
vt 0.5896 0.9064 0.0000
vt 0.5921 0.9018 0.0000
vt 0.0005 0.0431 0.0000
vt 0.0038 0.0389 0.0000
vt 0.0134 0.0468 0.0000
vt 0.0063 0.0559 0.0000
vt 0.0060 0.0557 0.0000
vt 0.0061 0.0562 0.0000
vt 0.0162 0.0629 0.0000
vt 0.0105 0.0713 0.0000
vt 0.0058 0.0686 0.0000
vt 0.0055 0.0795 0.0000
vt 0.0026 0.0782 0.0000
vt 0.2064 0.7601 0.0000
vt 0.2090 0.7608 0.0000
vt 0.2094 0.7704 0.0000
vt 0.2049 0.7696 0.0000
vt 0.2096 0.7805 0.0000
vt 0.1993 0.7799 0.0000
vt 0.1993 0.7796 0.0000
vt 0.1989 0.7799 0.0000
vt 0.1993 0.7914 0.0000
vt 0.1878 0.7918 0.0000
vt 0.1878 0.7864 0.0000
vt 0.9913 0.8969 0.0000
vt 0.9913 0.9929 0.0000
vt 0.8433 0.9929 0.0000
vt 0.8433 0.8969 0.0000
vt 0.9899 0.8600 0.0000
vt 0.3728 0.5637 0.0000
vt 0.3728 0.5023 0.0000
vt 0.3513 0.2336 0.0000
vt 0.3983 0.2444 0.0000
vt 0.9429 0.8708 0.0000
vt 0.8852 0.8815 0.0000
vt 0.8238 0.8815 0.0000
vt 0.0005 0.6122 0.0000
vt 0.8852 0.8923 0.0000
vt 0.8238 0.8923 0.0000
vt 0.0054 0.7798 0.0000
vt 0.0791 0.7928 0.0000
vt 0.0264 0.7222 0.0000
vt 0.0855 0.7563 0.0000
vt 0.1753 0.4954 0.0000
vt 0.1757 0.4830 0.0000
vt 0.1767 0.4708 0.0000
vt 0.1784 0.4593 0.0000
vt 0.1894 0.4492 0.0000
vt 0.1981 0.4492 0.0000
vt 0.2068 0.4490 0.0000
vt 0.2149 0.4487 0.0000
vt 0.2246 0.4820 0.0000
vt 0.2329 0.4731 0.0000
vt 0.2398 0.4783 0.0000
vt 0.2473 0.4830 0.0000
vt 0.2550 0.4869 0.0000
vt 0.2596 0.5017 0.0000
vt 0.2556 0.5135 0.0000
vt 0.2507 0.5246 0.0000
vt 0.2451 0.5345 0.0000
vt 0.2391 0.5431 0.0000
vt 0.3381 0.3396 0.0000
vt 0.3290 0.3311 0.0000
vt 0.3205 0.3223 0.0000
vt 0.3240 0.3001 0.0000
vt 0.3186 0.3070 0.0000
vt 0.3290 0.2930 0.0000
vt 0.3332 0.2860 0.0000
vt 0.3366 0.2794 0.0000
vt 0.3483 0.2822 0.0000
vt 0.2990 0.0248 0.0000
vt 0.2998 0.0372 0.0000
vt 0.2895 0.0372 0.0000
vt 0.2902 0.0248 0.0000
vt 0.1894 0.5384 0.0000
vt 0.1981 0.5384 0.0000
vt 0.1784 0.5294 0.0000
vt 0.1767 0.5191 0.0000
vt 0.7596 0.7224 0.0000
vt 0.6338 0.7224 0.0000
vt 0.6338 0.5900 0.0000
vt 0.7596 0.5900 0.0000
vt 0.2845 0.0114 0.0000
vt 0.2844 0.0118 0.0000
vt 0.2780 0.0101 0.0000
vt 0.2782 0.0097 0.0000
vt 0.2723 0.0077 0.0000
vt 0.2725 0.0073 0.0000
vt 0.3151 0.2943 0.0000
vt 0.3153 0.2945 0.0000
vt 0.3111 0.2999 0.0000
vt 0.3109 0.2997 0.0000
vt 0.2677 0.0042 0.0000
vt 0.2674 0.0046 0.0000
vt 0.2636 0.0009 0.0000
vt 0.2640 0.0006 0.0000
vt 0.3242 0.5321 0.0000
vt 0.3239 0.5324 0.0000
vt 0.3189 0.5276 0.0000
vt 0.3193 0.5273 0.0000
vt 0.3149 0.5221 0.0000
vt 0.3154 0.5218 0.0000
vt 0.3119 0.5160 0.0000
vt 0.3125 0.5157 0.0000
vt 0.3101 0.5096 0.0000
vt 0.3109 0.5094 0.0000
vt 0.3096 0.5031 0.0000
vt 0.3104 0.5030 0.0000
vt 0.3103 0.4968 0.0000
vt 0.3112 0.4969 0.0000
vt 0.3124 0.4909 0.0000
vt 0.3132 0.4911 0.0000
vt 0.3155 0.4857 0.0000
vt 0.3164 0.4861 0.0000
vt 0.3198 0.4813 0.0000
vt 0.3205 0.4818 0.0000
vt 0.3249 0.4779 0.0000
vt 0.3255 0.4786 0.0000
vt 0.2460 0.3879 0.0000
vt 0.2452 0.3872 0.0000
vt 0.2500 0.3823 0.0000
vt 0.2507 0.3831 0.0000
vt 0.2555 0.3782 0.0000
vt 0.2561 0.3792 0.0000
vt 0.2617 0.3752 0.0000
vt 0.2621 0.3763 0.0000
vt 0.2681 0.3735 0.0000
vt 0.2683 0.3745 0.0000
vt 0.2746 0.3729 0.0000
vt 0.2746 0.3740 0.0000
vt 0.2809 0.3737 0.0000
vt 0.2807 0.3747 0.0000
vt 0.2867 0.3757 0.0000
vt 0.2865 0.3766 0.0000
vt 0.2920 0.3789 0.0000
vt 0.2916 0.3796 0.0000
vt 0.2963 0.3831 0.0000
vt 0.2959 0.3837 0.0000
vt 0.2997 0.3882 0.0000
vt 0.2993 0.3887 0.0000
vt 0.6366 0.2324 0.0000
vt 0.6373 0.2323 0.0000
vt 0.6373 0.2392 0.0000
vt 0.6367 0.2392 0.0000
vt 0.3252 0.0005 0.0000
vt 0.3257 0.0009 0.0000
vt 0.3219 0.0046 0.0000
vt 0.3215 0.0041 0.0000
vt 0.3170 0.0077 0.0000
vt 0.3167 0.0072 0.0000
vt 0.3112 0.0101 0.0000
vt 0.3110 0.0097 0.0000
vt 0.3049 0.0118 0.0000
vt 0.3048 0.0113 0.0000
vt 0.2981 0.0126 0.0000
vt 0.2981 0.0122 0.0000
vt 0.2912 0.0126 0.0000
vt 0.2912 0.0122 0.0000
vt 0.1757 0.5076 0.0000
vt 0.5209 0.4983 0.0000
vt 0.4722 0.4941 0.0000
vt 0.4722 0.4707 0.0000
vt 0.4468 0.4707 0.0000
vt 0.4468 0.4941 0.0000
vt 0.3951 0.4983 0.0000
vt 0.3951 0.3659 0.0000
vt 0.5209 0.3659 0.0000
vt 0.4722 0.3952 0.0000
vt 0.4722 0.3718 0.0000
vt 0.4468 0.3718 0.0000
vt 0.4468 0.3952 0.0000
vt 0.3513 0.2444 0.0000
vt 0.1753 0.8041 0.0000
vt 0.1629 0.8037 0.0000
vt 0.7889 0.7264 0.0000
vt 0.7889 0.8588 0.0000
vt 0.6631 0.8588 0.0000
vt 0.6631 0.7264 0.0000
vt 0.4738 0.8084 0.0000
vt 0.4740 0.8084 0.0000
vt 0.4740 0.8153 0.0000
vt 0.4737 0.8153 0.0000
vt 0.4728 0.8221 0.0000
vt 0.4725 0.8220 0.0000
vt 0.4705 0.8285 0.0000
vt 0.4702 0.8283 0.0000
vt 0.4671 0.8342 0.0000
vt 0.4668 0.8340 0.0000
vt 0.4628 0.8391 0.0000
vt 0.4625 0.8388 0.0000
vt 0.4577 0.8429 0.0000
vt 0.4575 0.8426 0.0000
vt 0.4521 0.8456 0.0000
vt 0.4519 0.8451 0.0000
vt 0.4461 0.8469 0.0000
vt 0.4460 0.8464 0.0000
vt 0.4401 0.8469 0.0000
vt 0.4400 0.8463 0.0000
vt 0.4341 0.8456 0.0000
vt 0.4341 0.8449 0.0000
vt 0.6473 0.9557 0.0000
vt 0.6466 0.9559 0.0000
vt 0.6474 0.9506 0.0000
vt 0.6481 0.9505 0.0000
vt 0.6491 0.9448 0.0000
vt 0.6499 0.9449 0.0000
vt 0.6517 0.9388 0.0000
vt 0.6524 0.9390 0.0000
vt 0.6549 0.9328 0.0000
vt 0.6556 0.9332 0.0000
vt 0.6588 0.9271 0.0000
vt 0.6594 0.9276 0.0000
vt 0.6631 0.9218 0.0000
vt 0.6636 0.9225 0.0000
vt 0.6677 0.9172 0.0000
vt 0.6681 0.9180 0.0000
vt 0.6724 0.9135 0.0000
vt 0.6727 0.9143 0.0000
vt 0.6770 0.9107 0.0000
vt 0.6772 0.9116 0.0000
vt 0.4049 0.7901 0.0000
vt 0.4054 0.7894 0.0000
vt 0.4104 0.7942 0.0000
vt 0.4097 0.7947 0.0000
vt 0.4144 0.7997 0.0000
vt 0.4138 0.8001 0.0000
vt 0.4174 0.8058 0.0000
vt 0.4167 0.8061 0.0000
vt 0.4192 0.8123 0.0000
vt 0.4185 0.8124 0.0000
vt 0.4341 0.7787 0.0000
vt 0.4341 0.7781 0.0000
vt 0.4401 0.7768 0.0000
vt 0.4400 0.7773 0.0000
vt 0.4461 0.7768 0.0000
vt 0.4460 0.7773 0.0000
vt 0.4521 0.7781 0.0000
vt 0.4519 0.7785 0.0000
vt 0.4577 0.7808 0.0000
vt 0.4575 0.7811 0.0000
vt 0.4628 0.7846 0.0000
vt 0.4625 0.7849 0.0000
vt 0.4671 0.7895 0.0000
vt 0.4668 0.7897 0.0000
vt 0.4705 0.7953 0.0000
vt 0.4702 0.7954 0.0000
vt 0.4728 0.8016 0.0000
vt 0.4726 0.8017 0.0000
vt 0.1507 0.8027 0.0000
vt 0.1395 0.7908 0.0000
vt 0.1290 0.7727 0.0000
vt 0.1292 0.7813 0.0000
vt 0.1287 0.7645 0.0000
vt 0.6498 0.9199 0.0000
vt 0.6466 0.9046 0.0000
vt 0.6553 0.9132 0.0000
vt 0.6449 0.9272 0.0000
vt 0.6295 0.9300 0.0000
vt 0.6141 0.9345 0.0000
vt 0.6032 0.9292 0.0000
vt 0.5934 0.9232 0.0000
vt 0.5851 0.9169 0.0000
vt 0.0117 0.0299 0.0000
vt 0.0208 0.0384 0.0000
vt 0.0226 0.0548 0.0000
vt 0.0257 0.0694 0.0000
vt 0.0208 0.0765 0.0000
vt 0.0166 0.0835 0.0000
vt 0.0132 0.0901 0.0000
vt 0.0015 0.0873 0.0000
vt 0.0891 0.9722 0.0000
vt 0.0846 0.9838 0.0000
vt 0.0762 0.9810 0.0000
vt 0.0793 0.9690 0.0000
vt 0.2096 0.7908 0.0000
vt 0.1990 0.8027 0.0000
vt 0.1875 0.8037 0.0000
vt 0.9899 0.8708 0.0000
vt 0.3620 0.5637 0.0000
vt 0.3620 0.5023 0.0000
vt 0.9429 0.8815 0.0000
vt 0.9429 0.8923 0.0000
vt 0.9899 0.8815 0.0000
vt 0.9899 0.8923 0.0000
vt 0.3513 0.5637 0.0000
vt 0.3513 0.5023 0.0000
vt 0.2743 0.4752 0.0000
vt 0.2867 0.4745 0.0000
vt 0.2867 0.4839 0.0000
vt 0.2743 0.4848 0.0000
vt 0.2986 0.4725 0.0000
vt 0.2986 0.4814 0.0000
vt 0.1661 0.4704 0.0000
vt 0.1689 0.4589 0.0000
vt 0.1807 0.4490 0.0000
vt 0.4804 0.9810 0.0000
vt 0.4759 0.9726 0.0000
vt 0.4816 0.9687 0.0000
vt 0.4877 0.9761 0.0000
vt 0.4865 0.9638 0.0000
vt 0.4939 0.9699 0.0000
vt 0.4903 0.9581 0.0000
vt 0.4988 0.9626 0.0000
vt 0.4930 0.9517 0.0000
vt 0.5022 0.9545 0.0000
vt 0.4943 0.9449 0.0000
vt 0.5039 0.9458 0.0000
vt 0.4943 0.9380 0.0000
vt 0.5038 0.9370 0.0000
vt 0.2627 0.4898 0.0000
vt 0.2684 0.5040 0.0000
vt 0.2653 0.5160 0.0000
vt 0.2609 0.5272 0.0000
vt 0.2556 0.5373 0.0000
vt 0.3475 0.3473 0.0000
vt 0.3393 0.3555 0.0000
vt 0.3301 0.3476 0.0000
vt 0.3215 0.3387 0.0000
vt 0.3129 0.3135 0.0000
vt 0.3137 0.3291 0.0000
vt 0.3192 0.2889 0.0000
vt 0.3225 0.2834 0.0000
vt 0.3252 0.2782 0.0000
vt 0.3077 0.0237 0.0000
vt 0.3158 0.0215 0.0000
vt 0.3195 0.0334 0.0000
vt 0.3099 0.0359 0.0000
vt 0.1689 0.5291 0.0000
vt 0.1661 0.5187 0.0000
vt 0.3066 0.3050 0.0000
vt 0.3072 0.3193 0.0000
vt 0.3021 0.3096 0.0000
vt 0.3016 0.3242 0.0000
vt 0.2977 0.3134 0.0000
vt 0.3046 0.5287 0.0000
vt 0.3009 0.5209 0.0000
vt 0.2986 0.5127 0.0000
vt 0.2979 0.5045 0.0000
vt 0.2989 0.4964 0.0000
vt 0.3014 0.4890 0.0000
vt 0.3055 0.4823 0.0000
vt 0.2386 0.3991 0.0000
vt 0.2274 0.3946 0.0000
vt 0.2309 0.3867 0.0000
vt 0.2413 0.3929 0.0000
vt 0.2358 0.3795 0.0000
vt 0.2419 0.3731 0.0000
vt 0.2490 0.3680 0.0000
vt 0.2567 0.3642 0.0000
vt 0.2649 0.3619 0.0000
vt 0.2732 0.3613 0.0000
vt 0.2812 0.3622 0.0000
vt 0.2887 0.3648 0.0000
vt 0.2953 0.3688 0.0000
vt 0.6338 0.2192 0.0000
vt 0.6450 0.2146 0.0000
vt 0.6480 0.2228 0.0000
vt 0.6362 0.2256 0.0000
vt 0.6495 0.2314 0.0000
vt 0.6495 0.2402 0.0000
vt 0.3342 0.0099 0.0000
vt 0.3293 0.0145 0.0000
vt 0.3231 0.0185 0.0000
vt 0.2500 0.4725 0.0000
vt 0.2619 0.4745 0.0000
vt 0.2619 0.4839 0.0000
vt 0.2500 0.4814 0.0000
vt 0.7887 0.6582 0.0000
vt 0.7887 0.7201 0.0000
vt 0.7654 0.7201 0.0000
vt 0.7654 0.6582 0.0000
vt 0.3767 0.2782 0.0000
vt 0.3767 0.3401 0.0000
vt 0.3513 0.3401 0.0000
vt 0.3513 0.2782 0.0000
vt 0.8321 0.9836 0.0000
vt 0.7702 0.9836 0.0000
vt 0.7702 0.9602 0.0000
vt 0.8321 0.9602 0.0000
vt 0.7590 0.9857 0.0000
vt 0.6972 0.9857 0.0000
vt 0.6972 0.9602 0.0000
vt 0.7590 0.9602 0.0000
vt 0.1749 0.8156 0.0000
vt 0.1625 0.8150 0.0000
vt 0.4861 0.8075 0.0000
vt 0.4861 0.8163 0.0000
vt 0.4846 0.8249 0.0000
vt 0.4817 0.8330 0.0000
vt 0.4774 0.8403 0.0000
vt 0.4719 0.8465 0.0000
vt 0.4654 0.8514 0.0000
vt 0.4583 0.8548 0.0000
vt 0.4507 0.8565 0.0000
vt 0.4064 0.6456 0.0000
vt 0.3941 0.6465 0.0000
vt 0.3941 0.6377 0.0000
vt 0.4064 0.6387 0.0000
vt 0.3954 0.6291 0.0000
vt 0.4075 0.6319 0.0000
vt 0.6343 0.9565 0.0000
vt 0.6353 0.9498 0.0000
vt 0.6375 0.9424 0.0000
vt 0.6407 0.9348 0.0000
vt 0.6612 0.9074 0.0000
vt 0.6671 0.9026 0.0000
vt 0.1204 0.7822 0.0000
vt 0.1292 0.7901 0.0000
vt 0.1204 0.7891 0.0000
vt 0.4132 0.7800 0.0000
vt 0.4195 0.7861 0.0000
vt 0.4247 0.7932 0.0000
vt 0.4284 0.8009 0.0000
vt 0.4307 0.8091 0.0000
vt 0.4314 0.8174 0.0000
vt 0.4197 0.8187 0.0000
vt 0.4304 0.8254 0.0000
vt 0.4190 0.8250 0.0000
vt 0.4507 0.7672 0.0000
vt 0.4583 0.7690 0.0000
vt 0.4654 0.7723 0.0000
vt 0.4719 0.7772 0.0000
vt 0.4774 0.7834 0.0000
vt 0.4817 0.7907 0.0000
vt 0.4846 0.7988 0.0000
vt 0.1393 0.8010 0.0000
vt 0.1503 0.8133 0.0000
vt 0.6257 0.9389 0.0000
vt 0.6113 0.9440 0.0000
vt 0.6002 0.9393 0.0000
vt 0.5903 0.9336 0.0000
vt 0.0105 0.0139 0.0000
vt 0.0197 0.0219 0.0000
vt 0.0023 0.0221 0.0000
vt 0.0283 0.0308 0.0000
vt 0.0293 0.0472 0.0000
vt 0.0312 0.0625 0.0000
vt 0.3381 0.9021 0.0000
vt 0.3443 0.9095 0.0000
vt 0.3394 0.9144 0.0000
vt 0.3319 0.9083 0.0000
vt 0.3356 0.9201 0.0000
vt 0.3271 0.9156 0.0000
vt 0.3329 0.9265 0.0000
vt 0.3237 0.9237 0.0000
vt 0.3316 0.9333 0.0000
vt 0.3220 0.9324 0.0000
vt 0.2184 0.7813 0.0000
vt 0.2184 0.7901 0.0000
vt 0.2094 0.8010 0.0000
vt 0.1986 0.8133 0.0000
vt 0.1871 0.8150 0.0000
vt 0.2743 0.4642 0.0000
vt 0.2867 0.4637 0.0000
vt 0.2986 0.4624 0.0000
vt 0.3095 0.4601 0.0000
vt 0.3095 0.4692 0.0000
vt 0.1726 0.4487 0.0000
vt 0.4723 0.9844 0.0000
vt 0.4695 0.9752 0.0000
vt 0.4707 0.9629 0.0000
vt 0.4747 0.9603 0.0000
vt 0.4780 0.9569 0.0000
vt 0.4807 0.9529 0.0000
vt 0.4825 0.9485 0.0000
vt 0.4834 0.9439 0.0000
vt 0.4834 0.9391 0.0000
vt 0.4929 0.9312 0.0000
vt 0.5021 0.9284 0.0000
vt 0.2701 0.4917 0.0000
vt 0.2764 0.5050 0.0000
vt 0.2742 0.5171 0.0000
vt 0.2704 0.5284 0.0000
vt 0.3488 0.3622 0.0000
vt 0.3410 0.3690 0.0000
vt 0.3314 0.3624 0.0000
vt 0.3223 0.3544 0.0000
vt 0.3141 0.3451 0.0000
vt 0.3071 0.3349 0.0000
vt 0.3281 0.0298 0.0000
vt 0.2391 0.4601 0.0000
vt 0.2500 0.4624 0.0000
vt 0.2391 0.4692 0.0000
vt 0.2952 0.5351 0.0000
vt 0.2908 0.5260 0.0000
vt 0.2881 0.5164 0.0000
vt 0.2873 0.5067 0.0000
vt 0.2885 0.4972 0.0000
vt 0.2250 0.4111 0.0000
vt 0.2143 0.4093 0.0000
vt 0.2148 0.3996 0.0000
vt 0.2254 0.4029 0.0000
vt 0.2171 0.3899 0.0000
vt 0.2212 0.3806 0.0000
vt 0.2270 0.3721 0.0000
vt 0.2342 0.3646 0.0000
vt 0.2425 0.3586 0.0000
vt 0.2517 0.3541 0.0000
vt 0.2613 0.3514 0.0000
vt 0.2710 0.3507 0.0000
vt 0.2804 0.3518 0.0000
vt 0.6352 0.2011 0.0000
vt 0.6442 0.1950 0.0000
vt 0.6506 0.2023 0.0000
vt 0.6407 0.2073 0.0000
vt 0.6557 0.2109 0.0000
vt 0.2295 0.4228 0.0000
vt 0.2391 0.4198 0.0000
vt 0.2391 0.4297 0.0000
vt 0.2295 0.4312 0.0000
vt 0.2391 0.4399 0.0000
vt 0.2295 0.4399 0.0000
vt 0.2391 0.4502 0.0000
vt 0.2295 0.4487 0.0000
vt 0.2295 0.4571 0.0000
vt 0.3354 0.0251 0.0000
vt 0.2619 0.4637 0.0000
vt 0.2967 0.3220 0.0000
vt 0.2967 0.3475 0.0000
vt 0.2733 0.3475 0.0000
vt 0.2733 0.3220 0.0000
vt 0.1742 0.8259 0.0000
vt 0.1618 0.8251 0.0000
vt 0.4976 0.8067 0.0000
vt 0.4976 0.8170 0.0000
vt 0.4958 0.8272 0.0000
vt 0.4923 0.8367 0.0000
vt 0.4873 0.8453 0.0000
vt 0.4808 0.8526 0.0000
vt 0.4733 0.8584 0.0000
vt 0.3980 0.6633 0.0000
vt 0.3865 0.6670 0.0000
vt 0.3834 0.6574 0.0000
vt 0.3954 0.6552 0.0000
vt 0.3819 0.6473 0.0000
vt 0.3819 0.6370 0.0000
vt 0.3834 0.6268 0.0000
vt 0.6219 0.9555 0.0000
vt 0.6231 0.9476 0.0000
vt 0.1290 0.7987 0.0000
vt 0.1389 0.8105 0.0000
vt 0.1287 0.8068 0.0000
vt 0.4341 0.7867 0.0000
vt 0.4385 0.7958 0.0000
vt 0.4412 0.8054 0.0000
vt 0.4420 0.8152 0.0000
vt 0.4409 0.8246 0.0000
vt 0.4085 0.8350 0.0000
vt 0.4018 0.8455 0.0000
vt 0.3935 0.8394 0.0000
vt 0.4014 0.8299 0.0000
vt 0.3860 0.8324 0.0000
vt 0.3950 0.8239 0.0000
vt 0.4733 0.7654 0.0000
vt 0.4808 0.7711 0.0000
vt 0.4873 0.7784 0.0000
vt 0.4923 0.7870 0.0000
vt 0.4958 0.7966 0.0000
vt 0.1497 0.8228 0.0000
vt 0.6099 0.9529 0.0000
vt 0.5987 0.9487 0.0000
vt 0.0088 0.0005 0.0000
vt 0.0184 0.0070 0.0000
vt 0.0010 0.0073 0.0000
vt 0.0275 0.0151 0.0000
vt 0.0357 0.0244 0.0000
vt 0.0361 0.0403 0.0000
vt 0.0369 0.0560 0.0000
vt 0.3454 0.8972 0.0000
vt 0.3500 0.9056 0.0000
vt 0.3512 0.9179 0.0000
vt 0.3479 0.9213 0.0000
vt 0.3452 0.9253 0.0000
vt 0.3434 0.9297 0.0000
vt 0.3425 0.9343 0.0000
vt 0.3316 0.9402 0.0000
vt 0.3221 0.9411 0.0000
vt 0.0693 0.9671 0.0000
vt 0.0677 0.9794 0.0000
vt 0.0593 0.9789 0.0000
vt 0.0594 0.9665 0.0000
vt 0.2090 0.8105 0.0000
vt 0.1980 0.8228 0.0000
vt 0.1864 0.8251 0.0000
vt 0.2743 0.4523 0.0000
vt 0.2867 0.4521 0.0000
vt 0.2986 0.4514 0.0000
vt 0.3095 0.4502 0.0000
vt 0.3493 0.0401 0.0000
vt 0.3369 0.0393 0.0000
vt 0.3369 0.0305 0.0000
vt 0.3493 0.0297 0.0000
vt 0.4637 0.9861 0.0000
vt 0.4628 0.9766 0.0000
vt 0.4663 0.9647 0.0000
vt 0.4651 0.9524 0.0000
vt 0.4671 0.9511 0.0000
vt 0.4688 0.9494 0.0000
vt 0.4702 0.9473 0.0000
vt 0.4711 0.9451 0.0000
vt 0.4715 0.9427 0.0000
vt 0.4715 0.9403 0.0000
vt 0.4824 0.9344 0.0000
vt 0.4903 0.9249 0.0000
vt 0.4987 0.9203 0.0000
vt 0.2769 0.4926 0.0000
vt 0.3566 0.7781 0.0000
vt 0.3572 0.7656 0.0000
vt 0.3675 0.7656 0.0000
vt 0.3681 0.7781 0.0000
vt 0.3563 0.7902 0.0000
vt 0.3684 0.7902 0.0000
vt 0.3561 0.8017 0.0000
vt 0.3686 0.8017 0.0000
vt 0.3563 0.8121 0.0000
vt 0.3684 0.8121 0.0000
vt 0.3151 0.3596 0.0000
vt 0.3073 0.3500 0.0000
vt 0.3010 0.3393 0.0000
vt 0.2500 0.4514 0.0000
vt 0.2820 0.5311 0.0000
vt 0.2791 0.5204 0.0000
vt 0.2782 0.5096 0.0000
vt 0.0595 0.6349 0.0000
vt 0.0592 0.6473 0.0000
vt 0.0477 0.6465 0.0000
vt 0.0492 0.6341 0.0000
vt 0.2051 0.4067 0.0000
vt 0.2056 0.3959 0.0000
vt 0.2082 0.3851 0.0000
vt 0.2128 0.3748 0.0000
vt 0.2192 0.3653 0.0000
vt 0.2272 0.3570 0.0000
vt 0.2364 0.3503 0.0000
vt 0.2466 0.3454 0.0000
vt 0.2572 0.3424 0.0000
vt 0.2680 0.3415 0.0000
vt 0.3529 0.6647 0.0000
vt 0.3405 0.6653 0.0000
vt 0.3405 0.6538 0.0000
vt 0.3529 0.6544 0.0000
vt 0.6527 0.1905 0.0000
vt 0.6598 0.1986 0.0000
vt 0.2391 0.4107 0.0000
vt 0.2500 0.4074 0.0000
vt 0.2500 0.4175 0.0000
vt 0.2500 0.4285 0.0000
vt 0.2500 0.4399 0.0000
vt 0.2619 0.4521 0.0000
vt 0.1734 0.8347 0.0000
vt 0.1610 0.8337 0.0000
vt 0.5079 0.8061 0.0000
vt 0.5079 0.8176 0.0000
vt 0.5059 0.8289 0.0000
vt 0.5021 0.8395 0.0000
vt 0.4965 0.8490 0.0000
vt 0.4893 0.8571 0.0000
vt 0.3909 0.6756 0.0000
vt 0.3805 0.6793 0.0000
vt 0.3755 0.6698 0.0000
vt 0.3721 0.6591 0.0000
vt 0.3704 0.6479 0.0000
vt 0.3704 0.6364 0.0000
vt 0.3721 0.6251 0.0000
vt 0.1383 0.8191 0.0000
vt 0.4473 0.7907 0.0000
vt 0.4503 0.8014 0.0000
vt 0.4511 0.8122 0.0000
vt 0.4108 0.8504 0.0000
vt 0.4051 0.8612 0.0000
vt 0.3951 0.8557 0.0000
vt 0.3858 0.8490 0.0000
vt 0.3776 0.8412 0.0000
vt 0.3706 0.8327 0.0000
vt 0.3798 0.8248 0.0000
vt 0.4893 0.7666 0.0000
vt 0.4965 0.7747 0.0000
vt 0.5021 0.7842 0.0000
vt 0.5059 0.7949 0.0000
vt 0.4254 0.8675 0.0000
vt 0.4208 0.8777 0.0000
vt 0.4101 0.8752 0.0000
vt 0.4153 0.8652 0.0000
vt 0.3601 0.6360 0.0000
vt 0.3619 0.6241 0.0000
vt 0.4064 0.6956 0.0000
vt 0.3940 0.6953 0.0000
vt 0.3944 0.6828 0.0000
vt 0.4068 0.6834 0.0000
vt 0.3818 0.6947 0.0000
vt 0.3822 0.6825 0.0000
vt 0.0347 0.0098 0.0000
vt 0.0425 0.0194 0.0000
vt 0.0427 0.0346 0.0000
vt 0.0426 0.0502 0.0000
vt 0.3536 0.8938 0.0000
vt 0.3564 0.9030 0.0000
vt 0.3552 0.9153 0.0000
vt 0.3588 0.9271 0.0000
vt 0.3571 0.9288 0.0000
vt 0.3557 0.9309 0.0000
vt 0.3548 0.9331 0.0000
vt 0.3544 0.9355 0.0000
vt 0.3425 0.9391 0.0000
vt 0.3330 0.9470 0.0000
vt 0.3238 0.9498 0.0000
vt 0.0514 0.9796 0.0000
vt 0.0501 0.9673 0.0000
vt 0.0501 0.9554 0.0000
vt 0.0417 0.9694 0.0000
vt 0.0408 0.9577 0.0000
vt 0.3181 0.5504 0.0000
vt 0.3165 0.5627 0.0000
vt 0.3051 0.5615 0.0000
vt 0.3060 0.5491 0.0000
vt 0.3195 0.5383 0.0000
vt 0.3072 0.5370 0.0000
vt 0.2743 0.4399 0.0000
vt 0.2867 0.4399 0.0000
vt 0.2986 0.4399 0.0000
vt 0.3095 0.4399 0.0000
vt 0.3191 0.4487 0.0000
vt 0.3191 0.4571 0.0000
vt 0.4549 0.9862 0.0000
vt 0.4559 0.9766 0.0000
vt 0.4617 0.9657 0.0000
vt 0.4628 0.9534 0.0000
vt 0.4592 0.9415 0.0000
vt 0.4711 0.9379 0.0000
vt 0.4806 0.9300 0.0000
vt 0.4864 0.9191 0.0000
vt 0.4938 0.9130 0.0000
vt 0.3580 0.7535 0.0000
vt 0.3667 0.7535 0.0000
vt 0.3777 0.7647 0.0000
vt 0.3794 0.7770 0.0000
vt 0.3804 0.7891 0.0000
vt 0.3808 0.8006 0.0000
vt 0.3804 0.8110 0.0000
vt 0.0812 0.6457 0.0000
vt 0.0821 0.6578 0.0000
vt 0.0707 0.6592 0.0000
vt 0.0705 0.6470 0.0000
vt 0.0587 0.6595 0.0000
vt 0.0465 0.6586 0.0000
vt 0.0347 0.6567 0.0000
vt 0.0366 0.6447 0.0000
vt 0.0236 0.6537 0.0000
vt 0.0261 0.6419 0.0000
vt 0.0137 0.6498 0.0000
vt 0.0168 0.6382 0.0000
vt 0.0054 0.6452 0.0000
vt 0.0090 0.6338 0.0000
vt 0.2126 0.3594 0.0000
vt 0.2211 0.3507 0.0000
vt 0.3504 0.7048 0.0000
vt 0.3389 0.7076 0.0000
vt 0.3348 0.6990 0.0000
vt 0.3466 0.6967 0.0000
vt 0.3316 0.6888 0.0000
vt 0.3436 0.6871 0.0000
vt 0.3295 0.6776 0.0000
vt 0.3416 0.6765 0.0000
vt 0.3283 0.6656 0.0000
vt 0.3283 0.6534 0.0000
vt 0.2500 0.3985 0.0000
vt 0.2619 0.3960 0.0000
vt 0.2619 0.4054 0.0000
vt 0.2619 0.4161 0.0000
vt 0.2619 0.4278 0.0000
vt 0.2619 0.4399 0.0000
vt 0.4045 0.8839 0.0000
vt 0.3934 0.8796 0.0000
vt 0.3992 0.8710 0.0000
vt 0.5167 0.8058 0.0000
vt 0.5167 0.8180 0.0000
vt 0.5395 0.9813 0.0000
vt 0.5396 0.9689 0.0000
vt 0.5518 0.9693 0.0000
vt 0.5510 0.9817 0.0000
vt 0.5637 0.9704 0.0000
vt 0.5622 0.9828 0.0000
vt 0.5749 0.9722 0.0000
vt 0.5728 0.9844 0.0000
vt 0.5850 0.9745 0.0000
vt 0.5823 0.9866 0.0000
vt 0.3707 0.6816 0.0000
vt 0.3655 0.6715 0.0000
vt 0.3619 0.6602 0.0000
vt 0.3601 0.6482 0.0000
vt 0.3887 0.8652 0.0000
vt 0.3788 0.8580 0.0000
vt 0.3700 0.8498 0.0000
vt 0.3626 0.8408 0.0000
vt 0.3569 0.8314 0.0000
vt 0.3653 0.8238 0.0000
vt 0.4998 0.9861 0.0000
vt 0.4974 0.9739 0.0000
vt 0.5061 0.9717 0.0000
vt 0.5080 0.9840 0.0000
vt 0.5163 0.9701 0.0000
vt 0.5176 0.9825 0.0000
vt 0.5276 0.9692 0.0000
vt 0.5282 0.9816 0.0000
vt 0.3513 0.6484 0.0000
vt 0.3513 0.6359 0.0000
vt 0.3938 0.7075 0.0000
vt 0.3816 0.7067 0.0000
vt 0.3702 0.7052 0.0000
vt 0.3703 0.6940 0.0000
vt 0.0488 0.0301 0.0000
vt 0.0482 0.0453 0.0000
vt 0.3622 0.8920 0.0000
vt 0.3631 0.9016 0.0000
vt 0.3596 0.9135 0.0000
vt 0.3608 0.9258 0.0000
vt 0.3667 0.9367 0.0000
vt 0.3544 0.9379 0.0000
vt 0.3435 0.9438 0.0000
vt 0.3356 0.9533 0.0000
vt 0.3272 0.9579 0.0000
vt 0.0443 0.9814 0.0000
vt 0.3146 0.5748 0.0000
vt 0.3044 0.5737 0.0000
vt 0.2938 0.5610 0.0000
vt 0.2940 0.5485 0.0000
vt 0.2950 0.5364 0.0000
vt 0.2743 0.4276 0.0000
vt 0.2867 0.4278 0.0000
vt 0.2986 0.4285 0.0000
vt 0.3095 0.4297 0.0000
vt 0.3191 0.4399 0.0000
vt 0.4463 0.9845 0.0000
vt 0.4491 0.9753 0.0000
vt 0.4569 0.9657 0.0000
vt 0.4605 0.9538 0.0000
vt 0.4701 0.9357 0.0000
vt 0.4780 0.9261 0.0000
vt 0.4815 0.9142 0.0000
vt 0.4876 0.9068 0.0000
vt 0.3754 0.7527 0.0000
vt 0.3872 0.7628 0.0000
vt 0.3900 0.7749 0.0000
vt 0.3917 0.7869 0.0000
vt 0.3922 0.7984 0.0000
vt 0.3917 0.8088 0.0000
vt 0.0580 0.6709 0.0000
vt 0.0456 0.6701 0.0000
vt 0.0335 0.6681 0.0000
vt 0.0222 0.6651 0.0000
vt 0.0121 0.6611 0.0000
vt 0.2040 0.5916 0.0000
vt 0.2039 0.5792 0.0000
vt 0.2163 0.5792 0.0000
vt 0.2162 0.5916 0.0000
vt 0.2285 0.5794 0.0000
vt 0.2281 0.5919 0.0000
vt 0.2400 0.5799 0.0000
vt 0.2394 0.5923 0.0000
vt 0.3235 0.6998 0.0000
vt 0.3202 0.6894 0.0000
vt 0.3180 0.6779 0.0000
vt 0.3168 0.6657 0.0000
vt 0.3168 0.6533 0.0000
vt 0.2743 0.3951 0.0000
vt 0.2743 0.4047 0.0000
vt 0.2743 0.4157 0.0000
vt 0.3827 0.8736 0.0000
vt 0.5277 0.9570 0.0000
vt 0.5399 0.9567 0.0000
vt 0.5523 0.9572 0.0000
vt 0.5645 0.9583 0.0000
vt 0.5759 0.9601 0.0000
vt 0.5862 0.9624 0.0000
vt 0.4071 0.7376 0.0000
vt 0.3947 0.7381 0.0000
vt 0.3942 0.7293 0.0000
vt 0.4066 0.7290 0.0000
vt 0.3939 0.7190 0.0000
vt 0.4063 0.7188 0.0000
vt 0.4062 0.7075 0.0000
vt 0.3726 0.8663 0.0000
vt 0.3637 0.8579 0.0000
vt 0.3561 0.8487 0.0000
vt 0.4065 0.6010 0.0000
vt 0.3941 0.6012 0.0000
vt 0.3941 0.5887 0.0000
vt 0.4065 0.5888 0.0000
vt 0.3943 0.5765 0.0000
vt 0.4067 0.5769 0.0000
vt 0.5058 0.9596 0.0000
vt 0.5162 0.9580 0.0000
vt 0.3817 0.7180 0.0000
vt 0.3702 0.7159 0.0000
vt 0.3599 0.7032 0.0000
vt 0.3600 0.6930 0.0000
vt 0.3513 0.6920 0.0000
vt 0.3516 0.6832 0.0000
vt 0.3604 0.6827 0.0000
vt 0.3710 0.8920 0.0000
vt 0.3700 0.9016 0.0000
vt 0.3642 0.9125 0.0000
vt 0.3630 0.9248 0.0000
vt 0.3548 0.9403 0.0000
vt 0.3453 0.9481 0.0000
vt 0.3395 0.9591 0.0000
vt 0.3321 0.9652 0.0000
vt 0.0382 0.9843 0.0000
vt 0.0346 0.9728 0.0000
vt 0.2942 0.5732 0.0000
vt 0.2831 0.5611 0.0000
vt 0.2827 0.5487 0.0000
vt 0.2834 0.5366 0.0000
vt 0.2867 0.4161 0.0000
vt 0.2986 0.4175 0.0000
vt 0.3095 0.4198 0.0000
vt 0.3191 0.4312 0.0000
vt 0.4382 0.9811 0.0000
vt 0.4427 0.9726 0.0000
vt 0.4522 0.9648 0.0000
vt 0.4580 0.9538 0.0000
vt 0.4688 0.9337 0.0000
vt 0.4746 0.9227 0.0000
vt 0.4758 0.9104 0.0000
vt 0.4803 0.9019 0.0000
vt 0.3835 0.7511 0.0000
vt 0.3958 0.7601 0.0000
vt 0.3995 0.7719 0.0000
vt 0.4018 0.7838 0.0000
vt 0.4026 0.7951 0.0000
vt 0.0450 0.6804 0.0000
vt 0.0331 0.6785 0.0000
vt 0.0221 0.6755 0.0000
vt 0.1917 0.5794 0.0000
vt 0.1920 0.5672 0.0000
vt 0.2040 0.5670 0.0000
vt 0.2162 0.5670 0.0000
vt 0.2281 0.5672 0.0000
vt 0.2394 0.5677 0.0000
vt 0.2495 0.5684 0.0000
vt 0.2503 0.5806 0.0000
vt 0.3098 0.6888 0.0000
vt 0.3076 0.6776 0.0000
vt 0.3065 0.6656 0.0000
vt 0.3065 0.6534 0.0000
vt 0.2867 0.3960 0.0000
vt 0.2867 0.4054 0.0000
vt 0.5284 0.9455 0.0000
vt 0.5404 0.9452 0.0000
vt 0.5526 0.9457 0.0000
vt 0.5645 0.9468 0.0000
vt 0.5757 0.9485 0.0000
vt 0.5858 0.9508 0.0000
vt 0.0523 0.9475 0.0000
vt 0.0399 0.9473 0.0000
vt 0.0399 0.9351 0.0000
vt 0.0523 0.9350 0.0000
vt 0.3820 0.7281 0.0000
vt 0.3774 0.8807 0.0000
vt 0.3675 0.8735 0.0000
vt 0.3948 0.6248 0.0000
vt 0.3826 0.6243 0.0000
vt 0.3821 0.6130 0.0000
vt 0.3943 0.6133 0.0000
vt 0.3819 0.6010 0.0000
vt 0.3819 0.5888 0.0000
vt 0.3821 0.5769 0.0000
vt 0.5069 0.9481 0.0000
vt 0.5171 0.9465 0.0000
vt 0.3705 0.7254 0.0000
vt 0.3599 0.7127 0.0000
vt 0.2169 0.8504 0.0000
vt 0.2293 0.8511 0.0000
vt 0.2293 0.8599 0.0000
vt 0.2169 0.8607 0.0000
vt 0.3796 0.8937 0.0000
vt 0.3768 0.9029 0.0000
vt 0.3690 0.9125 0.0000
vt 0.3654 0.9243 0.0000
vt 0.3558 0.9425 0.0000
vt 0.3479 0.9521 0.0000
vt 0.3444 0.9639 0.0000
vt 0.3383 0.9714 0.0000
vt 0.3039 0.5852 0.0000
vt 0.2953 0.5848 0.0000
vt 0.2846 0.5733 0.0000
vt 0.2734 0.5620 0.0000
vt 0.2724 0.5496 0.0000
vt 0.2986 0.4074 0.0000
vt 0.3095 0.4107 0.0000
vt 0.3191 0.4228 0.0000
vt 0.4309 0.9763 0.0000
vt 0.4369 0.9688 0.0000
vt 0.4478 0.9630 0.0000
vt 0.4557 0.9534 0.0000
vt 0.4671 0.9319 0.0000
vt 0.4706 0.9201 0.0000
vt 0.4694 0.9078 0.0000
vt 0.4721 0.8986 0.0000
vt 0.3908 0.7488 0.0000
vt 0.4031 0.7567 0.0000
vt 0.4076 0.7681 0.0000
vt 0.4104 0.7797 0.0000
vt 0.1808 0.5677 0.0000
vt 0.1825 0.5562 0.0000
vt 0.1931 0.5557 0.0000
vt 0.2043 0.5555 0.0000
vt 0.2158 0.5555 0.0000
vt 0.2271 0.5557 0.0000
vt 0.2377 0.5562 0.0000
vt 0.2472 0.5568 0.0000
vt 0.0486 0.2977 0.0000
vt 0.0483 0.3101 0.0000
vt 0.0368 0.3101 0.0000
vt 0.0364 0.2977 0.0000
vt 0.0255 0.3107 0.0000
vt 0.0245 0.2984 0.0000
vt 0.2977 0.6653 0.0000
vt 0.2977 0.6538 0.0000
vt 0.2986 0.3985 0.0000
vt 0.5299 0.9352 0.0000
vt 0.5411 0.9349 0.0000
vt 0.5526 0.9353 0.0000
vt 0.5638 0.9364 0.0000
vt 0.5744 0.9380 0.0000
vt 0.0396 0.9593 0.0000
vt 0.0275 0.9582 0.0000
vt 0.0277 0.9470 0.0000
vt 0.0277 0.9355 0.0000
vt 0.2651 0.5634 0.0000
vt 0.2636 0.5512 0.0000
vt 0.3706 0.6119 0.0000
vt 0.3704 0.6007 0.0000
vt 0.3704 0.5892 0.0000
vt 0.3706 0.5779 0.0000
vt 0.3711 0.5673 0.0000
vt 0.3826 0.5656 0.0000
vt 0.5192 0.9361 0.0000
vt 0.0162 0.9361 0.0000
vt 0.0160 0.9259 0.0000
vt 0.0275 0.9242 0.0000
vt 0.0057 0.9282 0.0000
vt 0.0054 0.9201 0.0000
vt 0.0156 0.9164 0.0000
vt 0.3877 0.8971 0.0000
vt 0.3832 0.9056 0.0000
vt 0.3737 0.9134 0.0000
vt 0.3679 0.9243 0.0000
vt 0.3571 0.9445 0.0000
vt 0.3513 0.9554 0.0000
vt 0.3501 0.9678 0.0000
vt 0.3456 0.9762 0.0000
vt 0.2871 0.5849 0.0000
vt 0.2759 0.5741 0.0000
vt 0.0149 0.3120 0.0000
vt 0.0177 0.3240 0.0000
vt 0.0091 0.3257 0.0000
vt 0.0054 0.3139 0.0000
vt 0.3318 0.0814 0.0000
vt 0.3220 0.0744 0.0000
vt 0.3267 0.0696 0.0000
vt 0.3373 0.0757 0.0000
vt 0.4246 0.9700 0.0000
vt 0.4320 0.9639 0.0000
vt 0.4439 0.9603 0.0000
vt 0.4534 0.9525 0.0000
vt 0.4650 0.9306 0.0000
vt 0.4662 0.9183 0.0000
vt 0.4626 0.9065 0.0000
vt 0.4635 0.8969 0.0000
vt 0.3970 0.7459 0.0000
vt 0.1852 0.5458 0.0000
vt 0.1948 0.5454 0.0000
vt 0.2049 0.5452 0.0000
vt 0.2152 0.5452 0.0000
vt 0.2254 0.5454 0.0000
vt 0.2349 0.5458 0.0000
vt 0.0595 0.3107 0.0000
vt 0.0578 0.3229 0.0000
vt 0.0477 0.3223 0.0000
vt 0.0374 0.3223 0.0000
vt 0.0272 0.3229 0.0000
vt 0.6290 0.7638 0.0000
vt 0.6414 0.7644 0.0000
vt 0.6414 0.7747 0.0000
vt 0.6290 0.7753 0.0000
vt 0.5420 0.9261 0.0000
vt 0.5523 0.9265 0.0000
vt 0.0264 0.9784 0.0000
vt 0.0151 0.9747 0.0000
vt 0.0156 0.9661 0.0000
vt 0.0270 0.9689 0.0000
vt 0.0160 0.9565 0.0000
vt 0.0162 0.9464 0.0000
vt 0.2684 0.5754 0.0000
vt 0.3603 0.6102 0.0000
vt 0.3601 0.6001 0.0000
vt 0.3601 0.5898 0.0000
vt 0.3603 0.5796 0.0000
vt 0.3606 0.5701 0.0000
vt 0.6300 0.7526 0.0000
vt 0.6423 0.7543 0.0000
vt 0.0059 0.9368 0.0000
vt 0.3950 0.9019 0.0000
vt 0.3890 0.9094 0.0000
vt 0.3781 0.9152 0.0000
vt 0.3702 0.9248 0.0000
vt 0.3588 0.9462 0.0000
vt 0.3553 0.9581 0.0000
vt 0.3565 0.9704 0.0000
vt 0.3537 0.9796 0.0000
vt 0.2797 0.5855 0.0000
vt 0.0214 0.3352 0.0000
vt 0.0141 0.3366 0.0000
vt 0.4197 0.9628 0.0000
vt 0.4282 0.9582 0.0000
vt 0.4405 0.9570 0.0000
vt 0.4514 0.9511 0.0000
vt 0.4628 0.9297 0.0000
vt 0.4616 0.9174 0.0000
vt 0.4557 0.9065 0.0000
vt 0.4547 0.8969 0.0000
vt 0.2169 0.8475 0.0000
vt 0.2185 0.8352 0.0000
vt 0.2273 0.8358 0.0000
vt 0.2272 0.8482 0.0000
vt 0.2360 0.8353 0.0000
vt 0.2374 0.8477 0.0000
vt 0.2057 0.5364 0.0000
vt 0.2145 0.5364 0.0000
vt 0.0760 0.3257 0.0000
vt 0.0710 0.3366 0.0000
vt 0.0637 0.3352 0.0000
vt 0.0674 0.3240 0.0000
vt 0.0556 0.3342 0.0000
vt 0.0469 0.3337 0.0000
vt 0.0381 0.3337 0.0000
vt 0.0295 0.3342 0.0000
vt 0.6535 0.7652 0.0000
vt 0.6535 0.7740 0.0000
vt 0.6543 0.7826 0.0000
vt 0.6423 0.7849 0.0000
vt 0.6559 0.7907 0.0000
vt 0.6442 0.7944 0.0000
vt 0.0054 0.9624 0.0000
vt 0.0057 0.9543 0.0000
vt 0.0059 0.9456 0.0000
vt 0.3410 0.0689 0.0000
vt 0.3287 0.0672 0.0000
vt 0.3293 0.0585 0.0000
vt 0.3417 0.0586 0.0000
vt 0.3288 0.0498 0.0000
vt 0.3412 0.0484 0.0000
vt 0.3513 0.5993 0.0000
vt 0.3513 0.5905 0.0000
vt 0.6469 0.7361 0.0000
vt 0.6582 0.7411 0.0000
vt 0.6559 0.7484 0.0000
vt 0.6442 0.7447 0.0000
vt 0.6543 0.7566 0.0000
vt 0.4013 0.9081 0.0000
vt 0.3938 0.9142 0.0000
vt 0.3820 0.9179 0.0000
vt 0.3725 0.9257 0.0000
vt 0.3609 0.9476 0.0000
vt 0.3597 0.9599 0.0000
vt 0.3633 0.9717 0.0000
vt 0.3624 0.9813 0.0000
vt 0.4164 0.9546 0.0000
vt 0.4255 0.9518 0.0000
vt 0.4379 0.9530 0.0000
vt 0.4497 0.9494 0.0000
vt 0.4604 0.9292 0.0000
vt 0.4568 0.9174 0.0000
vt 0.4489 0.9078 0.0000
vt 0.4461 0.8987 0.0000
vt 0.4426 0.9105 0.0000
vt 0.4380 0.9020 0.0000
vt 0.4368 0.9143 0.0000
vt 0.4307 0.9069 0.0000
vt 0.4319 0.9192 0.0000
vt 0.4245 0.9132 0.0000
vt 0.4281 0.9250 0.0000
vt 0.4196 0.9205 0.0000
vt 0.4255 0.9314 0.0000
vt 0.4163 0.9286 0.0000
vt 0.4242 0.9382 0.0000
vt 0.4146 0.9372 0.0000
vt 0.4242 0.9451 0.0000
vt 0.4146 0.9460 0.0000
vt 0.4063 0.9577 0.0000
vt 0.3978 0.9532 0.0000
vt 0.4004 0.9468 0.0000
vt 0.4096 0.9496 0.0000
vt 0.4017 0.9400 0.0000
vt 0.4113 0.9410 0.0000
vt 0.4017 0.9331 0.0000
vt 0.4113 0.9322 0.0000
vt 0.4004 0.9264 0.0000
vt 0.4095 0.9235 0.0000
vt 0.3977 0.9200 0.0000
vt 0.4062 0.9154 0.0000
vt 0.3702 0.9717 0.0000
vt 0.3712 0.9813 0.0000
vt 0.3770 0.9703 0.0000
vt 0.3798 0.9795 0.0000
vt 0.3833 0.9677 0.0000
vt 0.3879 0.9762 0.0000
vt 0.3891 0.9638 0.0000
vt 0.3952 0.9713 0.0000
vt 0.3939 0.9589 0.0000
vt 0.4014 0.9650 0.0000
vt 0.3854 0.9212 0.0000
vt 0.3745 0.9271 0.0000
vt 0.3631 0.9485 0.0000
vt 0.3643 0.9608 0.0000
vt 0.4360 0.9486 0.0000
vt 0.4483 0.9474 0.0000
vt 0.4580 0.9292 0.0000
vt 0.4521 0.9183 0.0000
vt 0.4477 0.9202 0.0000
vt 0.4438 0.9228 0.0000
vt 0.4404 0.9262 0.0000
vt 0.4378 0.9301 0.0000
vt 0.4360 0.9345 0.0000
vt 0.4351 0.9392 0.0000
vt 0.4351 0.9440 0.0000
vt 0.3881 0.9480 0.0000
vt 0.3899 0.9437 0.0000
vt 0.3908 0.9390 0.0000
vt 0.3908 0.9342 0.0000
vt 0.3899 0.9296 0.0000
vt 0.3880 0.9252 0.0000
vt 0.3691 0.9608 0.0000
vt 0.3738 0.9599 0.0000
vt 0.3782 0.9580 0.0000
vt 0.3821 0.9554 0.0000
vt 0.3855 0.9520 0.0000
vt 0.3762 0.9288 0.0000
vt 0.3655 0.9490 0.0000
vt 0.4474 0.9451 0.0000
vt 0.4556 0.9297 0.0000
vt 0.4534 0.9306 0.0000
vt 0.4514 0.9320 0.0000
vt 0.4496 0.9337 0.0000
vt 0.4483 0.9357 0.0000
vt 0.4474 0.9380 0.0000
vt 0.4469 0.9403 0.0000
vt 0.4469 0.9428 0.0000
vt 0.3776 0.9425 0.0000
vt 0.3785 0.9402 0.0000
vt 0.3790 0.9378 0.0000
vt 0.3790 0.9354 0.0000
vt 0.3785 0.9330 0.0000
vt 0.3776 0.9308 0.0000
vt 0.3679 0.9490 0.0000
vt 0.3703 0.9485 0.0000
vt 0.3725 0.9476 0.0000
vt 0.3745 0.9462 0.0000
vt 0.3762 0.9445 0.0000
vt 0.6582 0.8725 0.0000
vt 0.6836 0.8725 0.0000
vt 0.6836 0.8959 0.0000
vt 0.6582 0.8959 0.0000
vt 0.3844 0.4146 0.0000
vt 0.3844 0.4765 0.0000
vt 0.3610 0.4765 0.0000
vt 0.3610 0.4146 0.0000
vt 0.3767 0.3513 0.0000
vt 0.3767 0.4131 0.0000
vt 0.3513 0.4131 0.0000
vt 0.3513 0.3513 0.0000
vt 0.1306 0.6182 0.0000
vt 0.0687 0.6182 0.0000
vt 0.0687 0.5949 0.0000
vt 0.1306 0.5949 0.0000
vt 0.3475 0.3805 0.0000
vt 0.3475 0.4424 0.0000
vt 0.3220 0.4424 0.0000
vt 0.3220 0.3805 0.0000
vt 0.2189 0.8218 0.0000
vt 0.2189 0.7940 0.0000
vt 0.2338 0.7940 0.0000
vt 0.2338 0.8218 0.0000
vt 0.3211 0.9554 0.0000
vt 0.3211 0.9703 0.0000
vt 0.2782 0.9703 0.0000
vt 0.2782 0.9554 0.0000
vt 0.6338 0.5413 0.0000
vt 0.6617 0.5413 0.0000
vt 0.6617 0.5842 0.0000
vt 0.6338 0.5842 0.0000
vt 0.4088 0.9846 0.0000
vt 0.4088 0.9995 0.0000
vt 0.3659 0.9995 0.0000
vt 0.3659 0.9846 0.0000
vt 0.4819 0.8628 0.0000
vt 0.4819 0.8906 0.0000
vt 0.4390 0.8906 0.0000
vt 0.4390 0.8628 0.0000
vt 0.0868 0.0005 0.0000
vt 0.0868 0.0154 0.0000
vt 0.0590 0.0154 0.0000
vt 0.0590 0.0005 0.0000
vt 0.0054 0.7201 0.0000
vt 0.0054 0.6923 0.0000
vt 0.0203 0.6923 0.0000
vt 0.0203 0.7201 0.0000
vt 0.8190 0.9066 0.0000
vt 0.8339 0.9066 0.0000
vt 0.8339 0.9495 0.0000
vt 0.8190 0.9495 0.0000
vt 0.3211 0.5900 0.0000
vt 0.3211 0.6178 0.0000
vt 0.2782 0.6178 0.0000
vt 0.2782 0.5900 0.0000
vt 0.2189 0.7506 0.0000
vt 0.2338 0.7506 0.0000
vt 0.2338 0.7935 0.0000
vt 0.2189 0.7935 0.0000
vt 0.6426 0.9602 0.0000
vt 0.6426 0.9881 0.0000
vt 0.5997 0.9881 0.0000
vt 0.5997 0.9602 0.0000
vt 0.0054 0.2538 0.0000
vt 0.0203 0.2538 0.0000
vt 0.0203 0.2817 0.0000
vt 0.0054 0.2817 0.0000
# 1829 texture coords

o Cylinder028
g Cylinder028
usemtl wire_075017121
s 1
f 1/1/1 2/2/1 3/3/1 
f 1/1/1 3/3/1 4/4/1 
f 1/1/1 5/5/1 2/2/1 
f 3/3/1 2/2/1 6/6/2 7/7/3 
f 1/1/1 4/4/1 8/8/1 
f 4/4/1 3/3/1 7/7/3 9/9/4 
f 1/1/1 10/10/1 5/5/1 
f 2/2/1 5/5/1 11/11/5 6/6/2 
s 8
f 7/12/3 6/13/2 12/14/6 13/15/7 
s 1
f 1/1/1 8/8/1 14/16/1 
f 8/8/1 4/4/1 9/9/4 15/17/8 
s 8
f 9/18/4 7/12/3 13/15/7 16/19/9 
s 1
f 1/1/1 17/20/1 10/10/1 
f 5/5/1 10/10/1 18/21/10 11/11/5 
s 8
f 6/13/2 11/22/5 19/23/11 12/14/6 
f 13/15/7 12/14/6 20/24/6 21/25/12 
s 1
f 1/1/1 14/16/1 22/26/1 
f 14/16/1 8/8/1 15/17/8 23/27/13 
s 8
f 15/28/8 9/18/4 16/19/9 24/29/14 
f 16/19/9 13/15/7 21/25/12 25/30/9 
s 1
f 1/1/1 26/31/1 17/20/1 
f 10/10/1 17/20/1 27/32/15 18/21/10 
s 8
f 11/33/5 18/34/10 28/35/16 19/36/11 
f 12/14/6 19/23/11 29/37/17 20/24/6 
f 21/25/12 20/24/6 30/38/6 31/39/7 
s 1
f 1/1/1 22/26/1 32/40/1 
f 22/26/1 14/16/1 23/27/13 33/41/18 
s 8
f 23/42/13 15/43/8 24/44/14 34/45/19 
f 24/29/14 16/19/9 25/30/9 35/46/20 
f 25/30/9 21/25/12 31/39/7 36/47/9 
s 1
f 1/1/1 37/48/1 26/31/1 
f 17/20/1 26/31/1 38/49/21 27/32/15 
s 8
f 18/34/10 27/50/15 39/51/22 28/35/16 
f 19/36/11 28/35/16 40/52/16 29/53/17 
f 20/24/6 29/37/17 41/54/17 30/38/6 
f 31/39/7 30/38/6 42/55/6 43/56/7 
s 1
f 1/1/1 32/40/1 44/57/1 
f 32/40/1 22/26/1 33/41/18 45/58/23 
s 8
f 33/59/18 23/42/13 34/45/19 46/60/24 
f 34/45/19 24/44/14 35/61/20 47/62/19 
f 35/46/20 25/30/9 36/47/9 48/63/20 
f 36/47/9 31/39/7 43/56/7 49/64/9 
s 1
f 1/1/1 50/65/1 37/48/1 
f 26/31/1 37/48/1 51/66/25 38/49/21 
s 8
f 27/50/15 38/67/21 52/68/26 39/51/22 
f 28/35/16 39/51/22 53/69/22 40/52/16 
f 29/53/17 40/52/16 54/70/16 41/71/17 
f 30/38/6 41/54/17 55/72/17 42/55/6 
f 43/56/7 42/55/6 56/73/27 57/74/28 
s 1
f 1/1/1 44/57/1 58/75/1 
f 44/57/1 32/40/1 45/58/23 59/76/29 
s 8
f 45/77/23 33/59/18 46/60/24 60/78/30 
f 46/60/24 34/45/19 47/62/19 61/79/24 
f 47/62/19 35/61/20 48/80/20 62/81/19 
f 48/63/20 36/47/9 49/64/9 63/82/20 
f 49/64/9 43/56/7 57/74/28 64/83/31 
s 1
f 1/1/1 65/84/1 50/65/1 
f 37/48/1 50/65/1 66/85/32 51/66/25 
s 8
f 38/67/21 51/86/25 67/87/33 52/68/26 
f 39/51/22 52/68/26 68/88/26 53/69/22 
f 40/52/16 53/69/22 69/89/22 54/70/16 
f 41/71/17 54/70/16 70/90/16 55/91/17 
f 42/55/6 55/72/17 71/92/34 56/73/27 
s 1
f 57/93/28 56/94/27 72/95/35 73/96/35 
f 1/1/1 58/75/1 74/97/1 
f 58/75/1 44/57/1 59/76/29 75/98/36 
s 8
f 59/99/29 45/77/23 60/78/30 76/100/37 
f 60/78/30 46/60/24 61/79/24 77/101/30 
f 61/79/24 47/62/19 62/81/19 78/102/24 
f 62/81/19 48/80/20 63/103/20 79/104/19 
f 63/82/20 49/64/9 64/83/31 80/105/38 
s 1
f 64/106/31 57/93/28 73/96/35 81/107/35 
f 1/1/1 82/108/1 65/84/1 
f 50/65/1 65/84/1 83/109/39 66/85/32 
s 8
f 51/86/25 66/110/32 84/111/40 67/87/33 
f 52/68/26 67/87/33 85/112/33 68/88/26 
f 53/69/22 68/88/26 86/113/26 69/89/22 
f 54/70/16 69/89/22 87/114/22 70/90/16 
f 55/91/17 70/90/16 88/115/41 71/116/34 
s 1
f 89/117/42 72/95/35 56/94/27 71/118/34 90/119/42 
f 91/120/42 73/96/35 72/95/35 92/121/42 
f 1/1/1 74/97/1 82/108/1 
f 74/97/1 58/75/1 75/98/36 93/122/43 
s 8
f 75/123/36 59/99/29 76/100/37 94/124/44 
f 76/100/37 60/78/30 77/101/30 95/125/37 
f 77/101/30 61/79/24 78/102/24 96/126/30 
f 78/102/24 62/81/19 79/104/19 97/127/24 
f 79/104/19 63/103/20 80/128/38 98/129/45 
s 1
f 99/130/46 80/131/38 64/106/31 81/107/35 100/132/42 
f 101/133/42 81/107/35 73/96/35 91/120/42 
f 65/84/1 82/108/1 102/134/47 83/109/39 
s 8
f 66/135/32 83/136/39 103/137/48 84/138/40 
f 67/87/33 84/111/40 104/139/49 85/112/33 
f 68/88/26 85/112/33 105/140/33 86/113/26 
f 69/89/22 86/113/26 106/141/26 87/114/22 
f 70/90/16 87/114/22 107/142/50 88/115/41 
s 1
f 71/118/34 88/143/41 108/144/51 109/145/52 90/119/42 
s 16
f 109/146/52 110/147/53 111/148/54 112/149/55 99/150/46 113/151/56 114/152/57 115/153/58 116/154/59 113/151/56 99/150/46 100/155/42 101/156/42 91/157/42 92/158/42 89/159/42 90/160/42 
s 1
f 92/121/42 72/95/35 89/117/42 
f 82/108/1 74/97/1 93/122/43 102/134/47 
s 8
f 93/161/43 75/162/36 94/163/44 117/164/60 
f 94/124/44 76/100/37 95/125/37 118/165/44 
f 95/125/37 77/101/30 96/126/30 119/166/37 
f 96/126/30 78/102/24 97/127/24 120/167/30 
f 97/127/24 79/104/19 98/129/45 121/168/61 
s 1
f 98/169/45 80/131/38 99/130/46 112/170/55 122/171/62 
f 100/132/42 81/107/35 101/133/42 
s 8
f 83/136/39 102/172/47 123/173/63 103/137/48 
f 84/138/40 103/137/48 124/174/48 104/175/49 
f 85/112/33 104/139/49 125/176/49 105/140/33 
f 86/113/26 105/140/33 126/177/33 106/141/26 
f 87/114/22 106/141/26 127/178/64 107/142/50 
s 1
f 108/144/51 88/143/41 107/179/50 128/180/35 129/181/51 
s 32
f 130/182/59 131/183/58 110/184/53 109/185/52 108/186/51 129/187/51 132/188/51 133/189/51 134/190/51 135/191/65 136/192/66 137/193/67 138/194/68 139/195/69 140/196/70 141/197/71 142/198/72 143/199/73 144/200/74 145/201/75 146/202/76 147/203/77 148/204/78 149/205/79 150/206/80 151/207/81 152/208/82 153/209/83 154/210/84 155/211/85 156/212/86 157/213/87 158/214/88 155/211/85 154/210/84 159/215/89 136/192/66 135/191/65 160/216/51 
s 4
f 161/217/90 162/218/91 163/219/59 164/220/52 165/221/55 162/218/91 161/217/90 111/222/54 110/223/53 131/224/58 
s 128
f 112/225/55 111/226/54 161/227/90 166/228/92 167/229/62 168/230/93 169/231/94 170/232/95 171/233/96 172/234/97 173/235/98 174/236/99 171/233/96 170/232/95 175/237/100 176/238/101 177/239/102 178/240/103 179/241/104 180/242/105 181/243/106 182/244/107 183/245/108 184/246/109 185/247/110 186/248/111 187/249/112 188/250/113 189/251/114 190/252/115 191/253/116 192/254/117 169/231/94 168/230/93 193/255/62 122/256/62 
s 32768
f 113/257/56 194/258/55 195/259/54 114/260/57 
s 16384
f 114/261/57 195/262/54 196/263/53 115/264/58 
s 131072
f 115/265/58 196/266/53 197/267/52 116/268/59 
s 512
f 116/269/59 197/270/52 194/271/55 113/272/56 
s 8
f 102/172/47 93/273/43 117/274/60 123/173/63 
f 117/164/60 94/163/44 118/275/44 198/276/60 
f 118/165/44 95/125/37 119/166/37 199/277/118 
f 119/166/37 96/126/30 120/167/30 200/278/37 
f 120/167/30 97/127/24 121/168/61 201/279/119 
s 1
f 193/280/62 121/281/61 98/169/45 122/171/62 
s 8
f 103/137/48 123/173/63 202/282/63 124/174/48 
f 104/175/49 124/174/48 203/283/48 125/284/49 
f 105/140/33 125/176/49 204/285/49 126/177/33 
f 106/141/26 126/177/33 205/286/120 127/178/64 
s 1
f 107/179/50 127/287/64 206/288/35 128/180/35 
f 129/181/51 128/180/35 132/289/51 
f 207/290/121 208/291/122 209/292/123 130/293/59 160/294/51 
s 64
f 166/295/92 161/296/90 131/297/58 130/298/59 209/299/123 210/300/123 211/301/123 212/302/123 
s 1
f 132/289/51 128/180/35 206/288/35 133/303/51 
f 133/303/51 206/288/35 134/304/51 
f 134/304/51 206/288/35 127/287/64 205/305/120 135/306/65 
s 262144
f 136/307/66 213/308/124 214/309/125 137/310/67 
f 137/310/67 214/309/125 215/311/126 138/312/68 
f 138/312/68 215/311/126 216/313/127 217/314/128 139/315/69 
f 139/315/69 217/314/128 218/316/129 140/317/70 
f 140/317/70 218/316/129 219/318/130 141/319/71 
f 141/319/71 219/318/130 220/320/131 142/321/72 
f 142/322/72 220/323/131 221/324/132 143/325/73 
f 143/325/73 221/324/132 222/326/133 223/327/134 144/328/74 
f 144/328/74 223/327/134 224/329/135 145/330/75 
f 145/330/75 224/329/135 225/331/136 146/332/76 
f 146/332/76 225/331/136 226/333/137 147/334/77 
f 147/335/77 226/336/137 227/337/138 148/338/78 
f 148/338/78 227/337/138 228/339/139 229/340/140 149/341/79 
f 149/341/79 229/340/140 230/342/141 150/343/80 
f 150/343/80 230/342/141 231/344/142 151/345/81 
f 151/346/81 231/347/142 232/348/143 152/349/82 
f 152/349/82 232/348/143 233/350/144 153/351/83 
f 153/351/83 233/350/144 234/352/145 235/353/146 154/354/84 
s 8388608
f 155/355/85 236/356/147 237/357/148 156/358/86 238/359/149 239/360/150 240/361/151 241/362/152 242/363/153 243/364/154 244/365/155 245/366/156 246/367/157 247/368/158 248/369/159 249/370/160 250/371/161 251/372/162 252/373/163 253/374/164 254/375/165 255/376/166 256/377/167 257/378/168 258/379/169 259/380/170 260/381/171 261/382/172 262/383/173 263/384/174 264/385/175 265/386/176 266/387/177 267/388/178 268/389/179 269/390/180 238/359/149 156/358/86 
s 4194304
f 156/391/86 237/392/148 270/393/181 157/394/87 
s 2097152
f 157/395/87 270/396/181 271/397/182 158/398/88 
s 16777216
f 158/399/88 271/400/182 236/401/147 155/402/85 
s 262144
f 154/354/84 235/353/146 272/403/183 159/404/89 
f 159/404/89 272/403/183 213/308/124 136/307/66 
s 1
f 135/306/65 205/305/120 207/290/121 160/294/51 
s 536870912
f 162/405/91 273/406/184 274/407/185 163/408/59 
s 268435456
f 163/409/59 274/410/185 275/411/53 164/412/52 
s 134217728
f 164/413/52 275/414/53 276/415/54 165/416/55 
s 67108864
f 165/417/55 276/418/54 273/419/184 162/420/91 
s 1
f 277/421/186 278/422/187 167/423/62 166/424/92 212/425/123 
f 167/423/62 278/422/187 201/426/119 168/427/93 
s 2
f 169/428/94 279/429/188 280/430/189 170/431/95 
s 8192
f 171/432/96 281/433/190 282/434/191 172/435/97 
s 1024
f 172/436/97 282/437/191 283/438/192 173/439/98 
s 2048
f 173/440/98 283/441/192 284/442/193 174/443/99 
s 4096
f 284/444/193 285/445/194 286/446/150 287/447/151 288/448/152 289/449/153 290/450/154 291/451/155 292/452/156 293/453/157 294/454/158 295/455/159 296/456/160 297/457/161 298/458/162 299/459/163 300/460/164 301/461/165 302/462/166 303/463/167 304/464/168 305/465/169 306/466/195 307/467/171 308/468/172 309/469/173 310/470/196 311/471/175 312/472/176 313/473/177 314/474/178 315/475/179 316/476/180 285/445/194 284/444/193 281/477/190 171/478/96 174/479/99 
s 2
f 170/431/95 280/430/189 317/480/197 318/481/198 175/482/100 
f 175/482/100 318/481/198 176/483/101 
f 176/483/101 318/481/198 319/484/199 320/485/200 177/486/102 
f 177/486/102 320/485/200 321/487/201 178/488/103 
f 178/488/103 321/487/201 322/489/202 179/490/104 
f 179/491/104 322/492/202 323/493/203 324/494/204 180/495/105 
f 180/495/105 324/494/204 181/496/106 
f 181/496/106 324/494/204 325/497/205 326/498/206 182/499/107 
f 182/499/107 326/498/206 327/500/207 183/501/108 
f 183/501/108 327/500/207 328/502/208 184/503/109 
f 184/504/109 328/505/208 329/506/209 330/507/210 185/508/110 
f 185/508/110 330/507/210 186/509/111 
f 186/509/111 330/507/210 331/510/211 332/511/212 187/512/112 
f 187/512/112 332/511/212 333/513/213 188/514/113 
f 188/515/113 333/516/213 334/517/214 189/518/114 
f 189/518/114 334/517/214 335/519/215 336/520/216 190/521/115 
f 190/521/115 336/520/216 191/522/116 
f 191/522/116 336/520/216 337/523/217 338/524/218 192/525/117 
f 192/525/117 338/524/218 279/429/188 169/428/94 
s 1
f 168/427/93 201/426/119 121/281/61 193/280/62 
s 65536
f 194/526/55 197/527/52 196/528/53 195/529/54 
s 8
f 123/173/63 117/274/60 198/530/60 202/282/63 
f 198/276/60 118/275/44 199/531/118 339/532/60 
f 199/277/118 119/166/37 200/278/37 340/533/118 
f 200/278/37 120/167/30 201/279/119 278/534/187 
f 124/174/48 202/282/63 341/535/63 203/283/48 
f 125/284/49 203/283/48 342/536/48 204/537/49 
f 126/177/33 204/285/49 207/538/121 205/286/120 
f 204/537/49 342/536/48 208/539/122 207/540/121 
s 1
f 209/292/123 208/291/122 343/541/219 210/542/123 
f 210/542/123 343/541/219 344/543/220 211/544/123 
f 211/544/123 344/543/220 277/421/186 212/425/123 
s 262144
f 345/545/221 346/546/222 214/309/125 213/308/124 
f 346/546/222 347/547/223 215/311/126 214/309/125 
f 347/547/223 348/548/224 216/313/127 215/311/126 
f 216/313/127 349/549/225 350/550/226 217/314/128 
f 217/314/128 350/550/226 351/551/227 218/316/129 
f 218/316/129 351/551/227 352/552/228 219/318/130 
f 219/553/130 352/554/228 353/555/229 220/323/131 
f 220/323/131 353/555/229 354/556/230 221/324/132 
f 221/324/132 354/556/230 355/557/231 222/326/133 
f 223/327/134 222/326/133 356/558/232 357/559/233 
f 224/329/135 223/327/134 357/559/233 358/560/234 
f 225/331/136 224/329/135 358/560/234 359/561/235 
f 226/333/137 225/331/136 359/561/235 360/562/236 
f 227/337/138 226/336/137 360/563/236 361/564/237 
f 228/339/139 227/337/138 361/564/237 362/565/238 
f 363/566/239 229/340/140 228/339/139 364/567/240 
f 365/568/241 230/342/141 229/340/140 363/566/239 
f 366/569/242 231/344/142 230/342/141 365/568/241 
f 367/570/243 232/571/143 231/344/142 366/569/242 
f 368/572/244 233/573/144 232/574/143 367/575/243 
f 369/576/245 234/352/145 233/350/144 368/577/244 
f 370/578/246 371/579/247 235/353/146 234/352/145 
s 1048576
f 271/580/182 270/581/181 237/582/148 236/583/147 
s 262144
f 238/584/149 372/585/248 373/586/249 239/587/150 
f 239/587/150 373/586/249 374/588/250 240/589/151 
f 240/590/151 374/591/250 375/592/251 241/593/152 
f 241/594/152 375/595/251 376/596/252 242/597/153 
f 242/598/153 376/599/252 377/600/253 243/601/154 
f 243/601/154 377/600/253 378/602/254 244/603/155 
f 244/603/155 378/602/254 379/604/255 245/605/156 
f 245/605/156 379/604/255 380/606/256 246/607/157 
f 246/607/157 380/606/256 381/608/257 247/609/158 
f 247/609/158 381/608/257 382/610/258 248/611/159 
f 248/611/159 382/610/258 383/612/259 249/613/160 
f 249/613/160 383/612/259 384/614/260 250/615/161 
f 250/615/161 384/614/260 385/616/261 251/617/162 
f 251/617/162 385/616/261 386/618/262 252/619/163 
f 252/620/163 386/621/262 387/622/263 253/623/164 
f 253/623/164 387/622/263 388/624/264 254/625/165 
f 254/625/165 388/624/264 389/626/265 255/627/166 
f 255/627/166 389/626/265 390/628/266 256/629/167 
f 256/629/167 390/628/266 391/630/267 257/631/168 
f 257/631/168 391/630/267 392/632/268 258/633/169 
f 258/633/169 392/632/268 393/634/269 259/635/170 
f 259/635/170 393/634/269 394/636/270 260/637/171 
f 260/637/171 394/636/270 395/638/271 261/639/172 
f 261/639/172 395/638/271 396/640/272 262/641/173 
f 262/642/173 396/643/272 397/644/273 263/645/174 
f 263/646/174 397/647/273 398/648/274 264/649/175 
f 264/649/175 398/648/274 399/650/275 265/651/176 
f 265/651/176 399/650/275 400/652/276 266/653/177 
f 266/653/177 400/652/276 401/654/277 267/655/178 
f 267/655/178 401/654/277 402/656/278 268/657/179 
f 268/657/179 402/656/278 403/658/279 269/659/180 
f 269/659/180 403/658/279 372/585/248 238/584/149 
f 371/579/247 404/660/280 272/403/183 235/353/146 
f 404/660/280 345/545/221 213/308/124 272/403/183 
s 33554432
f 273/661/184 405/662/281 406/663/59 407/664/52 408/665/55 405/662/281 273/661/184 276/666/54 275/667/53 274/668/185 409/669/282 410/670/59 411/671/52 412/672/55 409/669/282 274/668/185 
s 8
f 340/533/118 200/278/37 278/534/187 277/673/186 
s 2
f 280/430/189 279/429/188 413/674/283 414/675/284 
s 256
f 282/676/191 281/677/190 284/678/193 283/679/192 
s 2
f 285/680/194 415/681/285 416/682/286 286/683/150 
f 286/683/150 416/682/286 417/684/287 287/685/151 
f 287/685/151 417/684/287 418/686/251 288/687/152 
f 288/687/152 418/686/251 419/688/288 289/689/153 
f 289/689/153 419/688/288 420/690/253 290/691/154 
f 290/691/154 420/690/253 421/692/254 291/693/155 
f 291/693/155 421/692/254 422/694/255 292/695/156 
f 292/695/156 422/694/255 423/696/256 293/697/157 
f 293/697/157 423/696/256 424/698/257 294/699/158 
f 294/699/158 424/698/257 425/700/258 295/701/159 
f 295/702/159 425/703/258 426/704/259 296/705/160 
f 296/705/160 426/704/259 427/706/260 297/707/161 
f 297/707/161 427/706/260 428/708/261 298/709/162 
f 298/709/162 428/708/261 429/710/262 299/711/163 
f 299/711/163 429/710/262 430/712/263 300/713/164 
f 300/713/164 430/712/263 431/714/264 301/715/165 
f 301/715/165 431/714/264 432/716/265 302/717/166 
f 302/717/166 432/716/265 433/718/266 303/719/167 
f 303/719/167 433/718/266 434/720/267 304/721/168 
f 304/722/168 434/723/267 435/724/268 305/725/169 
f 305/725/169 435/724/268 436/726/269 306/727/195 
f 306/727/195 436/726/269 437/728/270 307/729/171 
f 307/729/171 437/728/270 438/730/271 308/731/172 
f 308/732/172 438/733/271 439/734/272 309/735/173 
f 309/735/173 439/734/272 440/736/273 310/737/196 
f 310/737/196 440/736/273 441/738/274 311/739/175 
f 311/739/175 441/738/274 442/740/275 312/741/176 
f 312/741/176 442/740/275 443/742/289 313/743/177 
f 313/743/177 443/742/289 444/744/277 314/745/178 
f 314/745/178 444/744/277 445/746/290 315/747/179 
f 315/747/179 445/746/290 446/748/291 316/749/180 
f 316/749/180 446/748/291 415/681/285 285/680/194 
f 317/480/197 280/430/189 414/675/284 447/750/292 
f 319/484/199 318/481/198 317/480/197 448/751/293 
f 449/752/294 320/485/200 319/484/199 450/753/295 
f 451/754/296 321/487/201 320/485/200 449/752/294 
f 452/755/297 322/492/202 321/756/201 451/757/296 
f 453/758/298 323/493/203 322/492/202 452/755/297 
f 454/759/299 325/497/205 324/494/204 323/493/203 
f 455/760/300 456/761/301 326/498/206 325/497/205 
f 456/761/301 457/762/302 327/500/207 326/498/206 
f 457/762/302 458/763/303 328/502/208 327/500/207 
f 458/764/303 459/765/304 329/506/209 328/505/208 
f 329/506/209 460/766/305 331/510/211 330/507/210 
f 331/510/211 461/767/306 462/768/307 332/511/212 
f 332/511/212 462/768/307 463/769/308 333/513/213 
f 333/513/213 463/769/308 464/770/309 334/771/214 
f 334/772/214 464/773/309 465/774/310 335/775/215 
f 336/520/216 335/519/215 466/776/311 337/523/217 
f 338/524/218 337/523/217 467/777/312 468/778/313 
f 279/429/188 338/524/218 468/778/313 413/674/283 
s 8
f 202/282/63 198/530/60 339/779/60 341/535/63 
f 339/532/60 199/531/118 340/780/118 469/781/60 
f 203/283/48 341/535/63 470/782/63 342/536/48 
f 342/536/48 470/782/63 343/783/219 208/539/122 
f 470/782/63 469/784/60 344/785/220 343/783/219 
f 469/781/60 340/780/118 277/786/186 344/787/220 
s 262144
f 471/788/314 472/789/315 346/790/222 345/791/221 
f 472/789/315 473/792/316 347/793/223 346/790/222 
f 473/794/316 474/795/317 348/548/224 347/547/223 
f 348/548/224 475/796/318 349/549/225 216/313/127 
f 349/797/225 476/798/319 477/799/320 350/800/226 
f 350/800/226 477/799/320 478/801/321 351/802/227 
f 351/802/227 478/801/321 479/803/322 352/804/228 
f 352/804/228 479/803/322 480/805/323 353/806/229 
f 353/806/229 480/805/323 481/807/324 354/808/230 
f 354/808/230 481/807/324 482/809/325 355/810/231 
f 222/326/133 355/557/231 483/811/326 356/558/232 
f 357/559/233 356/558/232 484/812/327 485/813/328 
f 358/560/234 357/559/233 485/813/328 486/814/329 
f 359/561/235 358/560/234 486/814/329 487/815/330 
f 360/563/236 359/816/235 487/817/330 488/818/331 
f 361/564/237 360/563/236 488/818/331 489/819/332 
f 364/567/240 228/339/139 362/565/238 490/820/333 
f 362/565/238 361/564/237 489/819/332 491/821/334 
f 374/591/250 363/566/239 364/567/240 375/592/251 
f 373/822/249 365/568/241 363/566/239 374/591/250 
f 372/823/248 366/569/242 365/568/241 373/822/249 
f 403/824/279 367/570/243 366/569/242 372/823/248 
f 402/656/278 368/572/244 367/575/243 403/658/279 
f 401/654/277 369/825/245 368/572/244 402/656/278 
f 492/826/335 370/827/246 234/828/145 369/825/245 
f 493/829/336 494/830/337 371/579/247 370/578/246 
f 375/592/251 364/567/240 490/820/333 376/831/252 
f 376/831/252 490/820/333 495/832/338 377/833/253 
f 377/833/253 495/832/338 496/834/339 378/835/254 
f 378/602/254 496/836/339 497/837/340 379/604/255 
f 379/604/255 497/837/340 498/838/341 380/606/256 
f 380/606/256 498/838/341 499/839/342 381/608/257 
f 381/608/257 499/839/342 500/840/343 382/610/258 
f 382/610/258 500/840/343 501/841/344 383/612/259 
f 383/612/259 501/841/344 502/842/345 384/614/260 
f 384/843/260 502/844/345 503/845/346 385/846/261 
f 385/846/261 503/845/346 504/847/298 386/621/262 
f 386/621/262 504/847/298 505/848/297 387/622/263 
f 387/622/263 505/848/297 506/849/296 388/624/264 
f 388/624/264 506/849/296 507/850/294 389/626/265 
f 389/626/265 507/850/294 508/851/295 390/628/266 
f 390/628/266 508/851/295 509/852/347 391/630/267 
f 391/630/267 509/852/347 510/853/348 392/632/268 
f 392/632/268 510/853/348 511/854/349 393/634/269 
f 393/634/269 511/854/349 512/855/350 394/636/270 
f 394/856/270 512/857/350 513/858/351 395/859/271 
f 395/859/271 513/858/351 514/860/352 396/643/272 
f 396/643/272 514/860/352 515/861/353 397/644/273 
f 397/647/273 515/862/353 516/863/354 398/648/274 
f 398/648/274 516/863/354 517/864/355 399/650/275 
f 399/650/275 517/864/355 492/826/335 400/652/276 
f 400/652/276 492/826/335 369/825/245 401/654/277 
f 494/865/337 518/866/356 404/867/280 371/868/247 
f 518/866/356 471/788/314 345/791/221 404/867/280 
s 64
f 405/869/281 519/870/57 520/871/58 406/872/59 
s 32
f 406/873/59 520/874/58 521/875/53 407/876/52 
s 16
f 407/877/52 521/878/53 522/879/54 408/880/55 
s 8
f 408/881/55 522/882/54 519/883/57 405/884/281 
s 2
f 414/675/284 413/674/283 523/885/357 524/886/358 
f 415/681/285 525/887/242 526/888/241 416/682/286 
f 416/682/286 526/888/241 527/889/239 417/684/287 
f 417/684/287 527/889/239 528/890/240 418/686/251 
f 418/686/251 528/890/240 529/891/333 419/688/288 
f 419/688/288 529/891/333 530/892/338 420/690/253 
f 420/690/253 530/892/338 531/893/339 421/692/254 
f 421/692/254 531/893/339 532/894/340 422/694/255 
f 422/694/255 532/894/340 533/895/341 423/696/256 
f 423/896/256 533/897/341 534/898/342 424/899/257 
f 424/899/257 534/898/342 535/900/343 425/901/258 
f 425/703/258 535/902/343 536/903/344 426/704/259 
f 426/704/259 536/903/344 537/904/345 427/706/260 
f 427/706/260 537/904/345 538/905/346 428/708/261 
f 428/708/261 538/905/346 453/758/298 429/710/262 
f 429/710/262 453/758/298 452/755/297 430/712/263 
f 430/712/263 452/755/297 451/757/296 431/714/264 
f 431/714/264 451/757/296 449/906/294 432/716/265 
f 432/716/265 449/906/294 450/907/295 433/718/266 
f 433/908/266 450/753/295 539/909/347 434/910/267 
f 434/723/267 539/911/347 540/912/348 435/724/268 
f 435/724/268 540/912/348 541/913/349 436/726/269 
f 436/726/269 541/913/349 542/914/350 437/728/270 
f 437/728/270 542/914/350 543/915/351 438/730/271 
f 438/730/271 543/915/351 544/916/352 439/917/272 
f 439/917/272 544/916/352 545/918/353 440/919/273 
f 440/736/273 545/920/353 546/921/354 441/738/274 
f 441/738/274 546/921/354 547/922/355 442/740/275 
f 442/740/275 547/922/355 548/923/335 443/742/289 
f 443/742/289 548/923/335 549/924/245 444/744/277 
f 444/744/277 549/924/245 550/925/244 445/746/290 
f 445/746/290 550/925/244 551/926/243 446/748/291 
f 446/748/291 551/926/243 525/887/242 415/681/285 
f 448/751/293 317/480/197 447/750/292 552/927/359 
f 447/750/292 414/675/284 524/886/358 553/928/360 
f 450/753/295 319/484/199 448/751/293 539/909/347 
f 538/905/346 454/759/299 323/493/203 453/758/298 
f 554/929/361 455/760/300 325/497/205 454/759/299 
f 555/930/362 556/931/363 456/761/301 455/760/300 
f 556/931/363 557/932/364 457/762/302 456/761/301 
f 557/933/364 558/934/365 458/764/303 457/935/302 
f 558/934/365 559/936/366 459/765/304 458/764/303 
f 459/765/304 560/937/367 460/766/305 329/506/209 
f 460/766/305 561/938/368 461/767/306 331/510/211 
f 461/939/306 562/940/369 563/941/370 462/942/307 
f 462/942/307 563/941/370 564/943/371 463/944/308 
f 463/944/308 564/943/371 565/945/372 464/946/309 
f 464/946/309 565/945/372 566/947/373 465/948/310 
f 335/519/215 465/949/310 567/950/374 466/776/311 
f 337/523/217 466/776/311 568/951/375 467/777/312 
f 468/778/313 467/777/312 569/952/376 570/953/377 
f 413/674/283 468/778/313 570/953/377 523/885/357 
s 8
f 341/535/63 339/779/60 469/784/60 470/782/63 
s 262144
f 571/954/378 572/955/379 472/789/315 471/788/314 
f 572/955/379 573/956/380 473/792/316 472/789/315 
f 573/956/380 574/957/381 474/958/317 473/792/316 
f 474/795/317 575/959/382 475/796/318 348/548/224 
f 475/960/318 576/961/383 476/798/319 349/797/225 
f 476/798/319 577/962/384 578/963/385 477/799/320 
f 477/799/320 578/963/385 579/964/386 478/801/321 
f 478/801/321 579/964/386 580/965/387 479/803/322 
f 479/803/322 580/965/387 581/966/388 480/805/323 
f 480/805/323 581/966/388 582/967/389 481/807/324 
f 481/807/324 582/967/389 583/968/390 482/809/325 
f 355/810/231 482/809/325 584/969/391 483/970/326 
f 356/558/232 483/811/326 585/971/392 484/812/327 
f 485/813/328 484/812/327 586/972/393 587/973/394 
f 486/814/329 485/813/328 587/973/394 588/974/395 
f 487/817/330 486/975/329 588/976/395 589/977/396 
f 488/818/331 487/817/330 589/977/396 590/978/397 
f 489/819/332 488/818/331 590/978/397 591/979/398 
f 490/820/333 362/565/238 491/821/334 495/832/338 
f 491/821/334 489/819/332 591/979/398 592/980/399 
f 517/864/355 493/981/336 370/827/246 492/826/335 
f 593/982/400 594/983/401 494/865/337 493/984/336 
f 495/832/338 491/821/334 592/980/399 496/834/339 
f 496/836/339 592/985/399 595/986/402 497/837/340 
f 497/837/340 595/986/402 596/987/403 498/838/341 
f 498/838/341 596/987/403 597/988/404 499/839/342 
f 499/839/342 597/988/404 598/989/405 500/840/343 
f 500/990/343 598/991/405 599/992/406 501/993/344 
f 501/993/344 599/992/406 600/994/361 502/844/345 
f 502/844/345 600/994/361 601/995/299 503/845/346 
f 503/845/346 601/995/299 602/996/203 504/847/298 
f 504/847/298 602/996/203 603/997/202 505/848/297 
f 505/848/297 603/997/202 604/998/201 506/849/296 
f 506/849/296 604/998/201 605/999/200 507/850/294 
f 507/850/294 605/999/200 606/1000/199 508/851/295 
f 508/851/295 606/1000/199 607/1001/293 509/852/347 
f 509/852/347 607/1001/293 608/1002/359 510/853/348 
f 510/1003/348 608/1004/359 609/1005/407 511/1006/349 
f 511/1006/349 609/1005/407 610/1007/408 512/857/350 
f 512/1008/350 610/1009/408 611/1010/409 513/1011/351 
f 513/1011/351 611/1010/409 612/1012/410 514/1013/352 
f 514/1013/352 612/1012/410 613/1014/411 515/1015/353 
f 515/1015/353 613/1014/411 593/982/400 516/1016/354 
f 516/863/354 593/1017/400 493/981/336 517/864/355 
f 594/983/401 614/1018/412 518/866/356 494/865/337 
f 614/1018/412 571/954/378 471/788/314 518/866/356 
s 4
f 519/1019/57 522/1020/54 521/1021/53 520/1022/58 
s 2
f 524/886/358 523/885/357 615/1023/413 616/1024/414 
f 525/887/242 617/1025/142 618/1026/141 526/888/241 
f 526/888/241 618/1026/141 619/1027/140 527/889/239 
f 527/889/239 619/1027/140 620/1028/139 528/890/240 
f 528/890/240 620/1028/139 621/1029/238 529/891/333 
f 529/891/333 621/1029/238 622/1030/334 530/892/338 
f 530/892/338 622/1030/334 623/1031/399 531/893/339 
f 531/1032/339 623/1033/399 624/1034/402 532/1035/340 
f 532/1035/340 624/1034/402 625/1036/403 533/897/341 
f 533/897/341 625/1036/403 626/1037/404 534/898/342 
f 534/898/342 626/1037/404 627/1038/405 535/900/343 
f 535/902/343 627/1039/405 628/1040/406 536/903/344 
f 536/903/344 628/1040/406 554/929/361 537/904/345 
f 537/904/345 554/929/361 454/759/299 538/905/346 
f 539/909/347 448/751/293 552/927/359 540/1041/348 
f 540/1041/348 552/927/359 629/1042/407 541/1043/349 
f 541/913/349 629/1044/407 630/1045/408 542/914/350 
f 542/914/350 630/1045/408 631/1046/409 543/915/351 
f 543/915/351 631/1046/409 632/1047/410 544/916/352 
f 544/916/352 632/1047/410 633/1048/411 545/918/353 
f 545/1049/353 633/1050/411 634/1051/400 546/1052/354 
f 546/1052/354 634/1051/400 635/1053/336 547/1054/355 
f 547/922/355 635/1055/336 636/1056/246 548/923/335 
f 548/923/335 636/1056/246 637/1057/145 549/924/245 
f 549/924/245 637/1057/145 638/1058/144 550/925/244 
f 550/925/244 638/1058/144 639/1059/143 551/926/243 
f 551/926/243 639/1059/143 617/1025/142 525/887/242 
f 552/927/359 447/750/292 553/928/360 629/1042/407 
f 553/928/360 524/886/358 616/1024/414 640/1060/415 
f 628/1040/406 555/930/362 455/760/300 554/929/361 
f 641/1061/416 642/1062/417 556/931/363 555/930/362 
f 642/1063/417 643/1064/418 557/933/364 556/1065/363 
f 643/1064/418 644/1066/419 558/934/365 557/933/364 
f 644/1066/419 645/1067/420 559/936/366 558/934/365 
f 559/936/366 646/1068/421 560/937/367 459/765/304 
f 560/937/367 647/1069/422 561/938/368 460/766/305 
f 561/1070/368 648/1071/423 562/940/369 461/939/306 
f 562/940/369 649/1072/424 650/1073/425 563/941/370 
f 563/941/370 650/1073/425 651/1074/426 564/943/371 
f 564/943/371 651/1074/426 652/1075/427 565/945/372 
f 565/945/372 652/1075/427 653/1076/428 566/947/373 
f 465/948/310 566/947/373 654/1077/429 567/1078/374 
f 466/1079/311 567/1080/374 655/1081/430 568/1082/375 
f 467/777/312 568/951/375 656/1083/431 569/952/376 
f 570/953/377 569/952/376 657/1084/432 658/1085/433 
f 523/885/357 570/953/377 658/1085/433 615/1023/413 
s 262144
f 659/1086/434 660/1087/435 572/955/379 571/954/378 
f 660/1087/435 661/1088/436 573/956/380 572/955/379 
f 661/1088/436 662/1089/437 574/957/381 573/956/380 
f 574/1090/381 663/1091/438 575/1092/382 474/1093/317 
f 575/1094/382 664/1095/439 576/961/383 475/960/318 
f 576/961/383 665/1096/440 577/962/384 476/798/319 
f 577/962/384 666/1097/441 667/1098/442 578/963/385 
f 578/963/385 667/1098/442 668/1099/443 579/964/386 
f 579/964/386 668/1099/443 669/1100/444 580/965/387 
f 580/965/387 669/1100/444 670/1101/445 581/966/388 
f 581/966/388 670/1101/445 671/1102/446 582/967/389 
f 582/967/389 671/1102/446 672/1103/447 583/968/390 
f 482/809/325 583/968/390 673/1104/448 584/969/391 
f 483/970/326 584/969/391 674/1105/449 585/1106/392 
f 484/812/327 585/971/392 675/1107/450 586/972/393 
f 587/1108/394 586/1109/393 676/1110/451 677/1111/452 
f 588/1112/395 587/1108/394 677/1111/452 678/1113/453 
f 589/1114/396 588/1112/395 678/1113/453 679/1115/454 
f 590/1116/397 589/1114/396 679/1115/454 680/1117/455 
f 591/979/398 590/978/397 680/1118/455 681/1119/456 
f 592/980/399 591/979/398 681/1119/456 595/1120/402 
f 613/1014/411 682/1121/457 594/983/401 593/982/400 
f 595/986/402 681/1122/456 683/1123/458 596/987/403 
f 596/987/403 683/1123/458 684/1124/459 597/988/404 
f 597/1125/404 684/1126/459 685/1127/416 598/1128/405 
f 598/991/405 685/1129/416 686/1130/362 599/992/406 
f 599/992/406 686/1130/362 687/1131/300 600/994/361 
f 600/994/361 687/1131/300 688/1132/205 601/995/299 
f 601/995/299 688/1132/205 689/1133/204 602/996/203 
f 602/996/203 689/1133/204 690/1134/460 603/997/202 
f 603/997/202 690/1134/460 691/1135/461 604/998/201 
f 604/998/201 691/1135/461 692/1136/462 605/999/200 
f 605/999/200 692/1136/462 693/1137/198 606/1000/199 
f 606/1000/199 693/1137/198 694/1138/197 607/1001/293 
f 607/1139/293 694/1140/197 695/1141/292 608/1142/359 
f 608/1004/359 695/1143/292 696/1144/360 609/1005/407 
f 609/1145/407 696/1146/360 697/1147/415 610/1009/408 
f 610/1009/408 697/1147/415 698/1148/463 611/1010/409 
f 611/1010/409 698/1148/463 699/1149/464 612/1012/410 
f 612/1012/410 699/1149/464 682/1121/457 613/1014/411 
f 682/1121/457 700/1150/465 614/1018/412 594/983/401 
f 700/1150/465 659/1086/434 571/954/378 614/1018/412 
s 2
f 616/1024/414 615/1023/413 701/1151/466 702/1152/467 
f 617/1025/142 703/1153/468 704/1154/469 618/1026/141 
f 618/1026/141 704/1154/469 705/1155/470 619/1027/140 
f 619/1027/140 705/1155/470 706/1156/138 620/1028/139 
f 620/1028/139 706/1156/138 707/1157/237 621/1029/238 
f 621/1029/238 707/1157/237 708/1158/332 622/1030/334 
f 622/1159/334 708/1160/332 709/1161/398 623/1033/399 
f 623/1033/399 709/1161/398 710/1162/456 624/1034/402 
f 624/1034/402 710/1162/456 711/1163/458 625/1036/403 
f 625/1036/403 711/1163/458 712/1164/459 626/1037/404 
f 626/1037/404 712/1164/459 641/1165/416 627/1038/405 
f 627/1039/405 641/1061/416 555/930/362 628/1040/406 
f 629/1042/407 553/928/360 640/1060/415 630/1166/408 
f 630/1045/408 640/1167/415 713/1168/463 631/1046/409 
f 631/1046/409 713/1168/463 714/1169/464 632/1047/410 
f 632/1170/410 714/1171/464 715/1172/457 633/1050/411 
f 633/1050/411 715/1172/457 716/1173/401 634/1051/400 
f 634/1051/400 716/1173/401 717/1174/337 635/1053/336 
f 635/1053/336 717/1174/337 718/1175/247 636/1176/246 
f 636/1056/246 718/1177/247 719/1178/146 637/1057/145 
f 637/1057/145 719/1178/146 720/1179/471 638/1058/144 
f 638/1058/144 720/1179/471 721/1180/472 639/1059/143 
f 639/1059/143 721/1180/472 703/1153/468 617/1025/142 
f 640/1181/415 616/1182/414 702/1183/467 713/1184/463 
f 712/1164/459 722/1185/473 642/1186/417 641/1165/416 
f 722/1187/473 723/1188/474 643/1189/418 642/1190/417 
f 723/1188/474 724/1191/475 644/1192/419 643/1189/418 
f 724/1193/475 725/1194/476 645/1067/420 644/1066/419 
f 645/1067/420 726/1195/477 646/1068/421 559/936/366 
f 646/1068/421 727/1196/478 647/1069/422 560/937/367 
f 647/1197/422 728/1198/479 648/1071/423 561/1070/368 
f 648/1071/423 729/1199/480 649/1072/424 562/940/369 
f 649/1072/424 730/1200/481 731/1201/482 650/1073/425 
f 650/1073/425 731/1201/482 732/1202/483 651/1074/426 
f 651/1074/426 732/1202/483 733/1203/484 652/1075/427 
f 652/1075/427 733/1203/484 734/1204/485 653/1076/428 
f 566/947/373 653/1076/428 735/1205/486 654/1077/429 
f 567/1078/374 654/1077/429 736/1206/487 655/1207/430 
f 568/1082/375 655/1081/430 737/1208/488 656/1209/431 
f 569/1210/376 656/1209/431 738/1211/489 657/1212/432 
f 658/1213/433 657/1214/432 739/1215/490 740/1216/491 
f 615/1217/413 658/1213/433 740/1216/491 701/1218/466 
s 262144
f 741/1219/492 742/1220/493 660/1087/435 659/1086/434 
f 742/1220/493 743/1221/494 661/1088/436 660/1087/435 
f 743/1221/494 744/1222/495 662/1089/437 661/1088/436 
f 662/1089/437 745/1223/496 663/1224/438 574/957/381 
f 663/1225/438 746/1226/497 664/1095/439 575/1094/382 
f 664/1095/439 747/1227/498 665/1096/440 576/961/383 
f 665/1096/440 748/1228/499 666/1097/441 577/962/384 
f 749/1229/500 667/1098/442 666/1097/441 
f 749/1229/500 668/1099/443 667/1098/442 
f 749/1229/500 669/1100/444 668/1099/443 
f 749/1229/500 670/1101/445 669/1100/444 
f 749/1229/500 671/1102/446 670/1101/445 
f 749/1229/500 672/1103/447 671/1102/446 
f 583/968/390 672/1103/447 750/1230/501 673/1104/448 
f 584/969/391 673/1104/448 751/1231/502 674/1105/449 
f 585/1106/392 674/1105/449 752/1232/503 675/1233/450 
f 586/1109/393 675/1234/450 753/1235/504 676/1110/451 
f 677/1111/452 676/1110/451 754/1236/505 755/1237/506 
f 678/1113/453 677/1111/452 755/1237/506 756/1238/507 
f 679/1115/454 678/1113/453 756/1238/507 757/1239/7 
f 680/1117/455 679/1115/454 757/1239/7 758/1240/508 
f 681/1241/456 680/1242/455 758/1243/508 683/1244/458 
f 683/1244/458 758/1243/508 759/1245/473 684/1126/459 
f 684/1126/459 759/1245/473 760/1246/417 685/1127/416 
f 685/1127/416 760/1246/417 761/1247/363 686/1248/362 
f 686/1248/362 761/1247/363 762/1249/301 687/1250/300 
f 687/1250/300 762/1249/301 763/1251/206 688/1252/205 
f 688/1252/205 763/1251/206 764/1253/509 689/1254/204 
f 689/1133/204 764/1255/509 765/1256/510 690/1134/460 
f 690/1257/460 765/1258/510 766/1259/511 691/1260/461 
f 691/1260/461 766/1259/511 767/1261/512 692/1262/462 
f 692/1262/462 767/1261/512 768/1263/513 693/1264/198 
f 693/1264/198 768/1263/513 769/1265/189 694/1140/197 
f 694/1140/197 769/1265/189 770/1266/284 695/1141/292 
f 695/1267/292 770/1268/284 771/1269/358 696/1146/360 
f 696/1146/360 771/1269/358 772/1270/414 697/1147/415 
f 697/1147/415 772/1270/414 773/1271/467 698/1148/463 
f 698/1148/463 773/1271/467 774/1272/514 699/1149/464 
f 699/1149/464 774/1272/514 700/1150/465 682/1121/457 
f 774/1272/514 741/1219/492 659/1086/434 700/1150/465 
s 2
f 702/1183/467 701/1273/466 775/1274/492 776/1275/514 
f 703/1153/468 777/1276/515 778/1277/516 704/1154/469 
f 704/1278/469 778/1279/516 779/1280/517 705/1281/470 
f 705/1281/470 779/1280/517 780/1282/137 706/1283/138 
f 706/1283/138 780/1282/137 781/1284/236 707/1285/237 
f 707/1285/237 781/1284/236 782/1286/331 708/1287/332 
f 708/1160/332 782/1288/331 783/1289/397 709/1161/398 
f 709/1161/398 783/1289/397 784/1290/455 710/1162/456 
f 710/1162/456 784/1290/455 785/1291/508 711/1163/458 
f 711/1163/458 785/1291/508 722/1185/473 712/1164/459 
f 713/1184/463 702/1183/467 776/1275/514 714/1171/464 
f 714/1171/464 776/1275/514 786/1292/465 715/1172/457 
f 715/1172/457 786/1292/465 787/1293/412 716/1173/401 
f 716/1173/401 787/1293/412 788/1294/356 717/1174/337 
f 717/1174/337 788/1294/356 789/1295/280 718/1175/247 
f 718/1175/247 789/1295/280 790/1296/183 719/1297/146 
f 719/1298/146 790/1299/183 791/1300/518 720/1301/471 
f 720/1301/471 791/1300/518 792/1302/519 721/1303/472 
f 721/1303/472 792/1302/519 777/1304/515 703/1305/468 
f 785/1291/508 793/1306/7 723/1307/474 722/1185/473 
f 793/1308/7 794/1309/507 724/1191/475 723/1188/474 
f 794/1309/507 795/1310/506 725/1311/476 724/1191/475 
f 725/1194/476 796/1312/520 726/1195/477 645/1067/420 
f 726/1195/477 797/1313/521 727/1196/478 646/1068/421 
f 727/1314/478 798/1315/522 728/1198/479 647/1197/422 
f 728/1198/479 799/1316/523 729/1199/480 648/1071/423 
f 729/1199/480 800/1317/524 730/1200/481 649/1072/424 
f 801/1318/525 731/1201/482 730/1200/481 
f 801/1318/525 732/1202/483 731/1201/482 
f 801/1318/525 733/1203/484 732/1202/483 
f 801/1318/525 734/1204/485 733/1203/484 
f 653/1076/428 734/1204/485 802/1319/526 735/1205/486 
f 654/1077/429 735/1205/486 803/1320/527 736/1206/487 
f 655/1207/430 736/1206/487 804/1321/528 737/1322/488 
f 656/1209/431 737/1208/488 805/1323/529 738/1211/489 
f 657/1214/432 738/1324/489 806/1325/530 739/1215/490 
f 740/1216/491 739/1215/490 807/1326/494 808/1327/493 
f 701/1218/466 740/1216/491 808/1327/493 775/1328/492 
s 262144
f 809/1329/466 810/1330/491 742/1220/493 741/1219/492 
f 810/1330/491 811/1331/490 743/1221/494 742/1220/493 
f 811/1331/490 812/1332/530 744/1222/495 743/1221/494 
f 744/1222/495 813/1333/531 745/1223/496 662/1089/437 
f 745/1334/496 814/1335/532 746/1226/497 663/1225/438 
f 746/1226/497 815/1336/533 747/1227/498 664/1095/439 
f 747/1227/498 816/1337/534 748/1228/499 665/1096/440 
f 749/1229/500 666/1097/441 748/1228/499 
f 749/1229/500 750/1230/501 672/1103/447 
f 673/1104/448 750/1230/501 817/1338/535 751/1231/502 
f 674/1105/449 751/1231/502 818/1339/536 752/1232/503 
f 675/1233/450 752/1232/503 819/1340/537 753/1341/504 
f 676/1110/451 753/1235/504 820/1342/538 754/1236/505 
f 755/1237/506 754/1236/505 821/1343/520 822/1344/476 
f 756/1238/507 755/1237/506 822/1344/476 823/1345/475 
f 757/1239/7 756/1238/507 823/1345/475 824/1346/474 
f 758/1240/508 757/1239/7 824/1346/474 759/1347/473 
f 759/1245/473 824/1348/474 825/1349/418 760/1246/417 
f 760/1246/417 825/1349/418 826/1350/364 761/1247/363 
f 761/1247/363 826/1350/364 827/1351/302 762/1249/301 
f 762/1249/301 827/1351/302 828/1352/207 763/1251/206 
f 763/1353/206 828/1354/207 829/1355/539 764/1356/509 
f 764/1356/509 829/1355/539 830/1357/540 765/1358/510 
f 765/1358/510 830/1357/540 831/1359/541 766/1360/511 
f 766/1259/511 831/1361/541 832/1362/542 767/1261/512 
f 767/1261/512 832/1362/542 833/1363/543 768/1263/513 
f 768/1263/513 833/1363/543 834/1364/544 769/1265/189 
f 769/1265/189 834/1364/544 835/1365/283 770/1266/284 
f 770/1268/284 835/1366/283 836/1367/357 771/1269/358 
f 771/1269/358 836/1367/357 837/1368/413 772/1270/414 
f 772/1270/414 837/1368/413 809/1329/466 773/1271/467 
f 773/1271/467 809/1329/466 741/1219/492 774/1272/514 
s 2
f 776/1275/514 775/1274/492 838/1369/545 786/1292/465 
f 777/1304/515 839/1370/546 840/1371/547 778/1279/516 
f 778/1279/516 840/1371/547 841/1372/548 779/1280/517 
f 779/1280/517 841/1372/548 842/1373/549 780/1282/137 
f 780/1282/137 842/1373/549 843/1374/550 781/1284/236 
f 781/1284/236 843/1374/550 844/1375/330 782/1286/331 
f 782/1376/331 844/1377/330 845/1378/396 783/1379/397 
f 783/1379/397 845/1378/396 846/1380/551 784/1381/455 
f 784/1381/455 846/1380/551 793/1308/7 785/1382/508 
f 786/1292/465 838/1369/545 847/1383/378 787/1293/412 
f 787/1293/412 847/1383/378 848/1384/314 788/1294/356 
f 788/1294/356 848/1384/314 849/1385/221 789/1295/280 
f 789/1386/280 849/1387/221 850/1388/124 790/1389/183 
f 790/1389/183 850/1388/124 851/1390/552 791/1391/518 
f 791/1300/518 851/1392/552 852/1393/553 792/1302/519 
f 792/1302/519 852/1393/553 839/1370/546 777/1304/515 
f 846/1380/551 853/1394/453 794/1309/507 793/1308/7 
f 853/1394/453 854/1395/452 795/1310/506 794/1309/507 
f 795/1310/506 855/1396/505 796/1397/520 725/1311/476 
f 796/1397/520 856/1398/554 797/1399/521 726/1400/477 
f 797/1401/521 857/1402/555 798/1315/522 727/1314/478 
f 798/1315/522 858/1403/556 799/1316/523 728/1198/479 
f 799/1316/523 859/1404/557 800/1317/524 729/1199/480 
f 801/1318/525 730/1200/481 800/1317/524 
f 801/1318/525 802/1319/526 734/1204/485 
f 735/1205/486 802/1319/526 860/1405/558 803/1320/527 
f 736/1206/487 803/1320/527 861/1406/559 804/1321/528 
f 737/1322/488 804/1321/528 862/1407/560 805/1408/529 
f 738/1211/489 805/1323/529 863/1409/561 806/1410/530 
f 739/1215/490 806/1325/530 864/1411/495 807/1326/494 
f 808/1327/493 807/1326/494 865/1412/436 866/1413/435 
f 775/1328/492 808/1327/493 866/1413/435 838/1414/545 
s 262144
f 837/1368/413 867/1415/433 810/1330/491 809/1329/466 
f 867/1415/433 868/1416/432 811/1331/490 810/1330/491 
f 868/1416/432 869/1417/489 812/1332/530 811/1331/490 
f 812/1332/530 870/1418/561 813/1333/531 744/1222/495 
f 813/1419/531 871/1420/562 814/1335/532 745/1334/496 
f 814/1335/532 872/1421/563 815/1336/533 746/1226/497 
f 815/1336/533 873/1422/564 816/1337/534 747/1227/498 
f 749/1229/500 748/1228/499 816/1337/534 
f 749/1229/500 817/1338/535 750/1230/501 
f 751/1231/502 817/1338/535 874/1423/565 818/1339/536 
f 752/1232/503 818/1339/536 875/1424/566 819/1340/537 
f 753/1341/504 819/1340/537 876/1425/567 820/1426/538 
f 754/1236/505 820/1342/538 877/1427/554 821/1343/520 
f 822/1344/476 821/1343/520 878/1428/477 879/1429/420 
f 823/1345/475 822/1344/476 879/1429/420 880/1430/419 
f 824/1346/474 823/1345/475 880/1430/419 825/1431/418 
f 825/1349/418 880/1432/419 881/1433/365 826/1350/364 
f 826/1350/364 881/1433/365 882/1434/303 827/1351/302 
f 827/1435/302 882/1436/303 883/1437/208 828/1354/207 
f 828/1354/207 883/1437/208 884/1438/568 829/1355/539 
f 829/1355/539 884/1438/568 885/1439/569 830/1357/540 
f 830/1357/540 885/1439/569 886/1440/570 831/1359/541 
f 831/1359/541 886/1440/570 887/1441/571 832/1442/542 
f 832/1362/542 887/1443/571 888/1444/572 833/1363/543 
f 833/1363/543 888/1444/572 889/1445/218 834/1364/544 
f 834/1364/544 889/1445/218 890/1446/313 835/1365/283 
f 835/1366/283 890/1447/313 891/1448/377 836/1367/357 
f 836/1367/357 891/1448/377 867/1415/433 837/1368/413 
s 2
f 839/1370/546 892/1449/573 893/1450/574 840/1371/547 
f 840/1371/547 893/1450/574 894/1451/575 841/1372/548 
f 841/1372/548 894/1451/575 895/1452/135 842/1373/549 
f 842/1373/549 895/1452/135 896/1453/234 843/1374/550 
f 843/1374/550 896/1453/234 897/1454/329 844/1375/330 
f 844/1455/330 897/1456/329 898/1457/395 845/1458/396 
f 845/1378/396 898/1459/395 853/1394/453 846/1380/551 
f 838/1369/545 866/1460/435 899/1461/379 847/1383/378 
f 847/1462/378 899/1463/379 900/1464/315 848/1465/314 
f 848/1465/314 900/1464/315 901/1466/222 849/1387/221 
f 849/1387/221 901/1466/222 902/1467/125 850/1388/124 
f 850/1388/124 902/1467/125 903/1468/576 851/1390/552 
f 851/1392/552 903/1469/576 904/1470/577 852/1393/553 
f 852/1393/553 904/1470/577 892/1449/573 839/1370/546 
f 898/1459/395 905/1471/394 854/1395/452 853/1394/453 
f 854/1395/452 906/1472/451 855/1396/505 795/1310/506 
f 855/1473/505 907/1474/538 856/1475/554 796/1476/520 
f 856/1477/554 908/1478/578 857/1402/555 797/1401/521 
f 857/1402/555 909/1479/579 858/1403/556 798/1315/522 
f 858/1403/556 910/1480/580 859/1404/557 799/1316/523 
f 801/1318/525 800/1317/524 859/1404/557 
f 801/1318/525 860/1405/558 802/1319/526 
f 803/1320/527 860/1405/558 911/1481/581 861/1406/559 
f 804/1321/528 861/1406/559 912/1482/582 862/1407/560 
f 805/1408/529 862/1407/560 913/1483/583 863/1484/561 
f 806/1325/530 863/1485/561 914/1486/531 864/1411/495 
f 807/1326/494 864/1411/495 915/1487/437 865/1412/436 
f 866/1413/435 865/1412/436 916/1488/380 899/1489/379 
s 262144
f 891/1448/377 917/1490/376 868/1416/432 867/1415/433 
f 917/1490/376 918/1491/431 869/1417/489 868/1416/432 
f 869/1417/489 919/1492/529 870/1418/561 812/1332/530 
f 870/1493/561 920/1494/583 871/1420/562 813/1419/531 
f 871/1420/562 921/1495/584 872/1421/563 814/1335/532 
f 872/1421/563 922/1496/585 873/1422/564 815/1336/533 
f 749/1229/500 816/1337/534 873/1422/564 
f 749/1229/500 874/1423/565 817/1338/535 
f 818/1339/536 874/1423/565 923/1497/586 875/1424/566 
f 819/1340/537 875/1424/566 924/1498/587 876/1425/567 
f 820/1426/538 876/1425/567 925/1499/578 877/1500/554 
f 821/1343/520 877/1427/554 926/1501/521 878/1428/477 
f 879/1429/420 878/1428/477 927/1502/421 928/1503/366 
f 880/1430/419 879/1429/420 928/1503/366 881/1504/365 
f 881/1505/365 928/1506/366 929/1507/304 882/1436/303 
f 882/1436/303 929/1507/304 930/1508/209 883/1437/208 
f 883/1437/208 930/1508/209 931/1509/210 884/1438/568 
f 884/1438/568 931/1509/210 932/1510/588 885/1439/569 
f 885/1439/569 932/1510/588 933/1511/589 886/1440/570 
f 886/1440/570 933/1511/589 934/1512/590 887/1441/571 
f 887/1513/571 934/1514/590 935/1515/216 888/1516/572 
f 888/1516/572 935/1515/216 936/1517/217 889/1518/218 
f 889/1445/218 936/1519/217 937/1520/312 890/1446/313 
f 890/1447/313 937/1521/312 917/1490/376 891/1448/377 
s 2
f 892/1449/573 938/1522/591 939/1523/592 893/1450/574 
f 893/1450/574 939/1523/592 940/1524/593 894/1451/575 
f 894/1451/575 940/1524/593 941/1525/134 895/1452/135 
f 895/1452/135 941/1525/134 942/1526/233 896/1453/234 
f 896/1527/234 942/1528/233 943/1529/328 897/1456/329 
f 897/1456/329 943/1529/328 905/1530/394 898/1457/395 
f 899/1489/379 916/1488/380 944/1531/316 900/1532/315 
f 900/1464/315 944/1533/316 945/1534/223 901/1466/222 
f 901/1466/222 945/1534/223 946/1535/126 902/1467/125 
f 902/1467/125 946/1535/126 947/1536/594 903/1468/576 
f 903/1468/576 947/1536/594 948/1537/595 904/1538/577 
f 904/1470/577 948/1539/595 938/1522/591 892/1449/573 
f 905/1530/394 949/1540/393 906/1541/451 854/1542/452 
f 906/1541/451 950/1543/504 907/1544/538 855/1545/505 
f 907/1546/538 951/1547/567 908/1478/578 856/1477/554 
f 908/1478/578 952/1548/596 909/1479/579 857/1402/555 
f 909/1479/579 953/1549/597 910/1480/580 858/1403/556 
f 801/1318/525 859/1404/557 910/1480/580 
f 801/1318/525 911/1481/581 860/1405/558 
f 861/1406/559 911/1481/581 954/1550/598 912/1482/582 
f 862/1407/560 912/1482/582 955/1551/599 913/1483/583 
f 863/1484/561 913/1483/583 956/1552/562 914/1553/531 
f 864/1411/495 914/1486/531 957/1554/496 915/1487/437 
f 865/1412/436 915/1487/437 958/1555/381 916/1488/380 
s 262144
f 937/1556/312 959/1557/375 918/1558/431 917/1559/376 
f 918/1560/431 960/1561/488 919/1562/529 869/1563/489 
f 919/1564/529 961/1565/560 920/1494/583 870/1493/561 
f 920/1494/583 962/1566/599 921/1495/584 871/1420/562 
f 921/1495/584 963/1567/600 922/1496/585 872/1421/563 
f 749/1229/500 873/1422/564 922/1496/585 
f 749/1229/500 923/1497/586 874/1423/565 
f 875/1424/566 923/1497/586 964/1568/601 924/1498/587 
f 876/1425/567 924/1498/587 965/1569/596 925/1499/578 
f 877/1500/554 925/1499/578 966/1570/555 926/1571/521 
f 878/1428/477 926/1501/521 967/1572/478 927/1502/421 
f 928/1506/366 927/1573/421 968/1574/367 929/1507/304 
f 929/1507/304 968/1574/367 969/1575/305 930/1508/209 
f 930/1508/209 969/1575/305 970/1576/211 931/1509/210 
f 931/1509/210 970/1576/211 971/1577/212 932/1510/588 
f 932/1510/588 971/1577/212 972/1578/213 933/1511/589 
f 933/1579/589 972/1580/213 973/1581/214 934/1514/590 
f 934/1514/590 973/1581/214 974/1582/215 935/1515/216 
f 935/1515/216 974/1582/215 975/1583/311 936/1517/217 
f 936/1517/217 975/1583/311 959/1557/375 937/1556/312 
s 2
f 938/1584/591 976/1585/130 977/1586/131 939/1587/592 
f 939/1523/592 977/1588/131 978/1589/132 940/1524/593 
f 940/1590/593 978/1591/132 979/1592/133 941/1593/134 
f 941/1593/134 979/1592/133 980/1594/232 942/1528/233 
f 942/1528/233 980/1594/232 981/1595/327 943/1529/328 
f 943/1529/328 981/1595/327 949/1540/393 905/1530/394 
f 916/1488/380 958/1555/381 982/1596/317 944/1531/316 
f 944/1533/316 982/1597/317 983/1598/224 945/1534/223 
f 945/1534/223 983/1598/224 984/1599/127 946/1535/126 
f 946/1535/126 984/1599/127 985/1600/128 947/1536/594 
f 947/1536/594 985/1600/128 986/1601/129 948/1537/595 
f 948/1602/595 986/1603/129 976/1585/130 938/1584/591 
f 949/1540/393 987/1604/450 950/1543/504 906/1541/451 
f 950/1605/504 988/1606/537 951/1547/567 907/1546/538 
f 951/1547/567 989/1607/587 952/1548/596 908/1478/578 
f 952/1548/596 990/1608/602 953/1549/597 909/1479/579 
f 801/1318/525 910/1480/580 953/1549/597 
f 801/1318/525 954/1550/598 911/1481/581 
f 912/1482/582 954/1550/598 991/1609/603 955/1551/599 
f 913/1483/583 955/1551/599 992/1610/584 956/1552/562 
f 914/1553/531 956/1552/562 993/1611/532 957/1612/496 
f 915/1487/437 957/1554/496 994/1613/438 958/1555/381 
s 262144
f 959/1557/375 995/1614/430 960/1615/488 918/1558/431 
f 960/1616/488 996/1617/528 961/1565/560 919/1564/529 
f 961/1565/560 997/1618/582 962/1566/599 920/1494/583 
f 962/1566/599 998/1619/603 963/1567/600 921/1495/584 
f 749/1229/500 922/1496/585 963/1567/600 
f 749/1229/500 964/1568/601 923/1497/586 
f 924/1498/587 964/1568/601 999/1620/602 965/1569/596 
f 925/1499/578 965/1569/596 1000/1621/579 966/1570/555 
f 926/1571/521 966/1570/555 1001/1622/522 967/1623/478 
f 927/1624/421 967/1625/478 1002/1626/422 968/1627/367 
f 968/1627/367 1002/1626/422 1003/1628/368 969/1629/305 
f 969/1575/305 1003/1630/368 1004/1631/306 970/1576/211 
f 970/1632/211 1004/1633/306 1005/1634/307 971/1635/212 
f 971/1635/212 1005/1634/307 1006/1636/308 972/1580/213 
f 972/1580/213 1006/1636/308 1007/1637/309 973/1581/214 
f 973/1581/214 1007/1637/309 1008/1638/310 974/1582/215 
f 974/1582/215 1008/1638/310 1009/1639/374 975/1583/311 
f 975/1583/311 1009/1639/374 995/1614/430 959/1557/375 
s 2
f 976/1585/130 1010/1640/228 1011/1641/229 977/1586/131 
f 977/1586/131 1011/1641/229 1012/1642/230 978/1643/132 
f 978/1643/132 1012/1642/230 1013/1644/231 979/1645/133 
f 979/1592/133 1013/1646/231 1014/1647/326 980/1594/232 
f 980/1594/232 1014/1647/326 1015/1648/392 981/1595/327 
f 981/1595/327 1015/1648/392 987/1604/450 949/1540/393 
f 958/1649/381 994/1650/438 1016/1651/382 982/1652/317 
f 982/1652/317 1016/1651/382 1017/1653/318 983/1654/224 
f 983/1598/224 1017/1655/318 1018/1656/225 984/1599/127 
f 984/1657/127 1018/1658/225 1019/1659/226 985/1660/128 
f 985/1660/128 1019/1659/226 1020/1661/227 986/1603/129 
f 986/1603/129 1020/1661/227 1010/1640/228 976/1585/130 
f 987/1662/450 1021/1663/503 988/1606/537 950/1605/504 
f 988/1606/537 1022/1664/566 989/1607/587 951/1547/567 
f 989/1607/587 1023/1665/601 990/1608/602 952/1548/596 
f 801/1318/525 953/1549/597 990/1608/602 
f 801/1318/525 991/1609/603 954/1550/598 
f 955/1551/599 991/1609/603 1024/1666/604 992/1610/584 
f 956/1552/562 992/1610/584 1025/1667/563 993/1611/532 
f 957/1612/496 993/1611/532 1026/1668/497 994/1669/438 
s 262144
f 995/1670/430 1027/1671/487 996/1617/528 960/1616/488 
f 996/1617/528 1028/1672/559 997/1618/582 961/1565/560 
f 997/1618/582 1029/1673/598 998/1619/603 962/1566/599 
f 749/1229/500 963/1567/600 998/1619/603 
f 749/1229/500 999/1620/602 964/1568/601 
f 965/1569/596 999/1620/602 1030/1674/597 1000/1621/579 
f 966/1570/555 1000/1621/579 1031/1675/556 1001/1622/522 
f 967/1623/478 1001/1622/522 1032/1676/479 1002/1677/422 
f 1002/1677/422 1032/1676/479 1033/1678/423 1003/1679/368 
f 1003/1679/368 1033/1678/423 1034/1680/369 1004/1681/306 
f 1004/1681/306 1034/1680/369 1035/1682/370 1005/1683/307 
f 1005/1683/307 1035/1682/370 1036/1684/371 1006/1685/308 
f 1006/1685/308 1036/1684/371 1037/1686/372 1007/1687/309 
f 1007/1687/309 1037/1686/372 1038/1688/373 1008/1689/310 
f 1008/1689/310 1038/1688/373 1039/1690/429 1009/1691/374 
f 1009/1691/374 1039/1690/429 1027/1671/487 995/1670/430 
s 2
f 1010/1692/228 1040/1693/322 1041/1694/323 1011/1695/229 
f 1011/1695/229 1041/1694/323 1042/1696/324 1012/1697/230 
f 1012/1697/230 1042/1696/324 1043/1698/325 1013/1699/231 
f 1013/1699/231 1043/1698/325 1044/1700/391 1014/1701/326 
f 1014/1701/326 1044/1700/391 1045/1702/449 1015/1703/392 
f 1015/1703/392 1045/1702/449 1021/1663/503 987/1662/450 
f 994/1669/438 1026/1668/497 1046/1704/439 1016/1705/382 
f 1016/1705/382 1046/1704/439 1047/1706/383 1017/1707/318 
f 1017/1707/318 1047/1706/383 1048/1708/319 1018/1709/225 
f 1018/1709/225 1048/1708/319 1049/1710/320 1019/1711/226 
f 1019/1711/226 1049/1710/320 1050/1712/321 1020/1713/227 
f 1020/1713/227 1050/1712/321 1040/1693/322 1010/1692/228 
f 1021/1663/503 1051/1714/536 1022/1664/566 988/1606/537 
f 1022/1664/566 1052/1715/586 1023/1665/601 989/1607/587 
f 801/1318/525 990/1608/602 1023/1665/601 
f 801/1318/525 1024/1666/604 991/1609/603 
f 992/1610/584 1024/1666/604 1053/1716/585 1025/1667/563 
f 993/1611/532 1025/1667/563 1054/1717/533 1026/1668/497 
s 262144
f 1027/1671/487 1055/1718/527 1028/1672/559 996/1617/528 
f 1028/1672/559 1056/1719/581 1029/1673/598 997/1618/582 
f 749/1229/500 998/1619/603 1029/1673/598 
f 749/1229/500 1030/1674/597 999/1620/602 
f 1000/1621/579 1030/1674/597 1057/1720/580 1031/1675/556 
f 1001/1622/522 1031/1675/556 1058/1721/523 1032/1676/479 
f 1032/1676/479 1058/1721/523 1059/1722/480 1033/1678/423 
f 1033/1678/423 1059/1722/480 1060/1723/424 1034/1680/369 
f 1034/1680/369 1060/1723/424 1061/1724/425 1035/1682/370 
f 1035/1682/370 1061/1724/425 1062/1725/426 1036/1684/371 
f 1036/1684/371 1062/1725/426 1063/1726/427 1037/1686/372 
f 1037/1686/372 1063/1726/427 1064/1727/428 1038/1688/373 
f 1038/1688/373 1064/1727/428 1065/1728/486 1039/1690/429 
f 1039/1690/429 1065/1728/486 1055/1718/527 1027/1671/487 
s 2
f 1040/1693/322 1066/1729/387 1067/1730/388 1041/1694/323 
f 1041/1694/323 1067/1730/388 1068/1731/389 1042/1696/324 
f 1042/1696/324 1068/1731/389 1069/1732/390 1043/1698/325 
f 1043/1698/325 1069/1732/390 1070/1733/448 1044/1700/391 
f 1044/1700/391 1070/1733/448 1071/1734/502 1045/1702/449 
f 1045/1702/449 1071/1734/502 1051/1714/536 1021/1663/503 
f 1026/1668/497 1054/1717/533 1072/1735/498 1046/1704/439 
f 1046/1704/439 1072/1735/498 1073/1736/440 1047/1706/383 
f 1047/1706/383 1073/1736/440 1074/1737/384 1048/1708/319 
f 1048/1708/319 1074/1737/384 1075/1738/385 1049/1710/320 
f 1049/1710/320 1075/1738/385 1076/1739/386 1050/1712/321 
f 1050/1712/321 1076/1739/386 1066/1729/387 1040/1693/322 
f 1051/1714/536 1077/1740/565 1052/1715/586 1022/1664/566 
f 801/1318/525 1023/1665/601 1052/1715/586 
f 801/1318/525 1053/1716/585 1024/1666/604 
f 1025/1667/563 1053/1716/585 1078/1741/564 1054/1717/533 
s 262144
f 1055/1718/527 1079/1742/558 1056/1719/581 1028/1672/559 
f 749/1229/500 1029/1673/598 1056/1719/581 
f 749/1229/500 1057/1720/580 1030/1674/597 
f 1031/1675/556 1057/1720/580 1080/1743/557 1058/1721/523 
f 1058/1721/523 1080/1743/557 1081/1744/524 1059/1722/480 
f 1059/1722/480 1081/1744/524 1082/1745/481 1060/1723/424 
f 1060/1723/424 1082/1745/481 1083/1746/482 1061/1724/425 
f 1061/1724/425 1083/1746/482 1084/1747/483 1062/1725/426 
f 1062/1725/426 1084/1747/483 1085/1748/484 1063/1726/427 
f 1063/1726/427 1085/1748/484 1086/1749/485 1064/1727/428 
f 1064/1727/428 1086/1749/485 1087/1750/526 1065/1728/486 
f 1065/1728/486 1087/1750/526 1079/1742/558 1055/1718/527 
s 2
f 1066/1729/387 1088/1751/444 1089/1752/445 1067/1730/388 
f 1067/1730/388 1089/1752/445 1090/1753/446 1068/1731/389 
f 1068/1731/389 1090/1753/446 1091/1754/447 1069/1732/390 
f 1069/1732/390 1091/1754/447 1092/1755/501 1070/1733/448 
f 1070/1733/448 1092/1755/501 1093/1756/535 1071/1734/502 
f 1071/1734/502 1093/1756/535 1077/1740/565 1051/1714/536 
f 1054/1717/533 1078/1741/564 1094/1757/534 1072/1735/498 
f 1072/1735/498 1094/1757/534 1095/1758/499 1073/1736/440 
f 1073/1736/440 1095/1758/499 1096/1759/441 1074/1737/384 
f 1074/1737/384 1096/1759/441 1097/1760/442 1075/1738/385 
f 1075/1738/385 1097/1760/442 1098/1761/443 1076/1739/386 
f 1076/1739/386 1098/1761/443 1088/1751/444 1066/1729/387 
f 801/1318/525 1052/1715/586 1077/1740/565 
f 801/1318/525 1078/1741/564 1053/1716/585 
s 262144
f 749/1229/500 1056/1719/581 1079/1742/558 
f 749/1229/500 1080/1743/557 1057/1720/580 
f 749/1229/500 1081/1744/524 1080/1743/557 
f 749/1229/500 1082/1745/481 1081/1744/524 
f 749/1229/500 1083/1746/482 1082/1745/481 
f 749/1229/500 1084/1747/483 1083/1746/482 
f 749/1229/500 1085/1748/484 1084/1747/483 
f 749/1229/500 1086/1749/485 1085/1748/484 
f 749/1229/500 1087/1750/526 1086/1749/485 
f 749/1229/500 1079/1742/558 1087/1750/526 
s 2
f 801/1318/525 1089/1752/445 1088/1751/444 
f 801/1318/525 1090/1753/446 1089/1752/445 
f 801/1318/525 1091/1754/447 1090/1753/446 
f 801/1318/525 1092/1755/501 1091/1754/447 
f 801/1318/525 1093/1756/535 1092/1755/501 
f 801/1318/525 1077/1740/565 1093/1756/535 
f 801/1318/525 1094/1757/534 1078/1741/564 
f 801/1318/525 1095/1758/499 1094/1757/534 
f 801/1318/525 1096/1759/441 1095/1758/499 
f 801/1318/525 1097/1760/442 1096/1759/441 
f 801/1318/525 1098/1761/443 1097/1760/442 
f 801/1318/525 1088/1751/444 1098/1761/443 
s 4
f 1099/1762/57 1100/1763/54 1101/1764/53 1102/1765/58 
s 64
f 409/1766/282 1099/1767/57 1102/1768/58 410/1769/59 
s 8
f 412/1770/55 1100/1771/54 1099/1772/57 409/1773/282 
s 16
f 411/1774/52 1101/1775/53 1100/1776/54 412/1777/55 
s 32
f 410/1778/59 1102/1779/58 1101/1780/53 411/1781/52 
s 2
f 1103/1782/92 1104/1783/59 1105/1784/52 1106/1785/55 
s 8
f 1103/1786/92 1106/1787/55 1107/1788/54 1108/1789/57 
s 64
f 1104/1790/59 1103/1791/92 1108/1792/57 1109/1793/58 
s 32
f 1105/1794/52 1104/1795/59 1109/1796/58 1110/1797/53 
s 16
f 1106/1798/55 1105/1799/52 1110/1800/53 1107/1801/54 
s 4
f 1108/1802/57 1107/1803/54 1110/1804/53 1109/1805/58 
s 2
f 1111/1806/92 1112/1807/59 1113/1808/52 1114/1809/55 
s 8
f 1111/1810/92 1114/1811/55 1115/1812/54 1116/1813/57 
s 64
f 1112/1814/59 1111/1815/92 1116/1816/57 1117/1817/58 
s 32
f 1113/1818/52 1112/1819/59 1117/1820/58 1118/1821/53 
s 16
f 1114/1822/55 1113/1823/52 1118/1824/53 1115/1825/54 
s 4
f 1116/1826/57 1115/1827/54 1118/1828/53 1117/1829/58 
# 976 polygons - 90 triangles

