# 3ds Max Wavefront OBJ Exporter v0.99 - (c)2007 guruware
# File Created: 03.09.2025 00:09:30

mtllib Choco Creature.mtl

#
# object Choco_Creature
#

v  -239.1997 189.3423 -0.0116
v  -234.7966 179.4461 -0.0116
v  -236.1923 179.4461 -5.2206
v  -240.0055 189.3423 -3.0190
v  -240.0055 179.4461 -9.0338
v  -242.2071 189.3423 -5.2206
v  -245.2144 179.4461 -10.4295
v  -245.2144 189.3423 -6.0264
v  -234.2925 162.1054 6.3058
v  -235.7557 155.7996 5.4610
v  -234.2924 155.7996 0.0000
v  -232.6028 162.1054 0.0000
v  -245.2144 155.7996 10.9219
v  -245.2144 151.1835 6.3058
v  -242.0615 151.1835 5.4610
v  -239.7534 155.7996 9.4587
v  -239.7534 151.1835 3.1529
v  -238.9086 151.1835 0.0000
v  -239.7534 155.7996 -9.4587
v  -242.0615 151.1835 -5.4610
v  -245.2144 151.1835 -6.3058
v  -245.2144 155.7996 -10.9219
v  -245.2144 71.1333 0.0041
v  -240.8277 73.4841 5.6413
v  -245.2144 73.4841 6.5134
v  -236.5717 73.4841 3.2587
v  -239.3336 72.9424 0.0041
v  -236.5717 73.4841 -3.2506
v  -240.8277 73.4841 -5.6332
v  -245.2144 73.4841 -6.5053
v  -245.2144 189.3423 6.0032
v  -242.2071 189.3423 5.1974
v  -243.9372 193.4623 2.2008
v  -245.2144 193.4623 2.5430
v  -240.0055 189.3423 2.9958
v  -243.0022 193.4623 1.2657
v  -242.6599 193.4623 -0.0116
v  -243.0022 193.4623 -1.2889
v  -243.9372 193.4623 -2.2239
v  -245.2144 193.4623 -2.5662
v  -242.9239 193.4392 3.9559
v  -245.2144 193.4392 4.5697
v  -241.2470 193.4392 2.2791
v  -240.6332 193.4392 -0.0116
v  -241.2470 193.4392 -2.3022
v  -242.9239 193.4392 -3.9791
v  -245.2144 193.4392 -4.5929
v  -245.2144 199.4684 -1.6063
v  -245.2144 199.8652 -2.7188
v  -245.0209 199.5243 -1.6016
v  -244.8751 199.6718 -1.5891
v  -244.8220 199.8713 -1.5722
v  -244.8728 200.0722 -1.5550
v  -245.0185 200.2224 -1.5422
v  -245.2144 200.2797 -1.5372
v  -245.2144 196.9514 2.9360
v  -243.8151 196.9518 2.5413
v  -244.4302 197.6728 1.8067
v  -245.2144 197.6726 2.0294
v  -242.8150 196.9522 1.5070
v  -243.8660 197.6731 1.2233
v  -242.4669 196.9526 0.1238
v  -243.6696 197.6733 0.4429
v  -242.8310 196.9526 -1.2503
v  -243.8751 197.6733 -0.3322
v  -243.8314 196.9524 -2.2656
v  -244.4394 197.6732 -0.9050
v  -245.2144 196.9521 -2.6505
v  -245.2144 197.6730 -1.1220
v  -245.2144 166.6374 -12.2672
v  -238.9086 166.6374 -10.9219
v  -238.9086 164.3022 -10.9219
v  -245.2144 164.3022 -12.2672
v  -234.2924 166.6374 -6.3058
v  -234.2924 164.3022 -6.3058
v  -232.6028 166.6374 0.0000
v  -232.6028 164.3022 0.0000
v  -234.2925 166.6374 6.3058
v  -234.2925 164.3022 6.3058
v  -238.9086 162.1054 -10.9219
v  -245.2144 162.1054 -12.2672
v  -234.2924 162.1054 -6.3058
v  -242.0615 144.0956 -5.4610
v  -245.2144 144.0956 -6.3058
v  -239.7534 151.1835 -3.1529
v  -239.7534 144.0956 -3.1529
v  -238.9086 144.0956 0.0000
v  -239.7534 144.0956 3.1529
v  -242.0615 144.0956 5.4610
v  -245.2144 144.0956 6.3078
v  -242.0635 144.0956 5.4615
v  -242.0615 144.0956 -5.4569
v  -245.2144 144.0956 -6.3017
v  -239.7534 144.0956 -3.1488
v  -238.9086 144.0956 0.0041
v  -239.7534 144.0956 3.1570
v  -242.0615 144.0956 5.4650
v  -245.2144 140.4807 -13.3200
v  -236.2352 140.4807 -11.5349
v  -235.1927 136.5311 -12.8746
v  -245.2144 136.5311 -14.8670
v  -229.6619 140.4807 -6.6580
v  -227.8563 136.5311 -7.4314
v  -229.6620 140.4807 6.6661
v  -236.2352 140.4807 11.5431
v  -235.1927 136.5311 12.8828
v  -227.8563 136.5311 7.4396
v  -245.2144 140.4807 13.3282
v  -245.2144 136.5311 14.8751
v  -239.7534 178.1979 -9.4587
v  -245.2144 178.1979 -10.9219
v  -245.2144 162.2831 12.8926
v  -241.3946 162.9890 10.8787
v  -241.3946 162.9890 9.0486
v  -245.2144 162.2831 11.8028
v  -240.2030 164.0529 11.0137
v  -240.2030 164.0529 9.1836
v  -239.2231 165.1839 11.1572
v  -239.2231 165.1839 9.3271
v  -245.2144 164.4780 13.1710
v  -245.2144 164.4780 12.0813
v  -245.2144 132.5816 -16.4139
v  -234.1502 132.5816 -14.2143
v  -234.1502 129.8688 -14.2143
v  -245.2144 129.8688 -16.4139
v  -226.0507 132.5816 -8.2049
v  -226.0507 129.8688 -8.2049
v  -177.6007 172.8487 0.0163
v  -177.5861 170.7877 2.4125
v  -175.3955 170.8016 2.4125
v  -174.6612 172.8673 0.0163
v  -226.0507 132.5816 8.2130
v  -234.1502 132.5816 14.2224
v  -234.1502 129.8688 14.2224
v  -226.0507 129.8688 8.2130
v  -245.2144 132.5816 16.4220
v  -245.2144 129.8688 16.4220
v  -226.0507 121.7307 -8.2049
v  -223.0860 121.7307 0.0041
v  -223.0860 113.3829 0.0041
v  -226.0507 113.3829 -8.2049
v  -226.0507 121.7307 8.2130
v  -226.0507 113.3829 8.2131
v  -245.2144 105.8643 -16.2974
v  -235.1468 105.8643 -14.1134
v  -235.1468 99.4440 -14.1134
v  -245.2144 99.4440 -16.2974
v  -227.7769 105.8643 -8.1466
v  -227.7769 99.4440 -8.1466
v  -225.0793 105.8643 0.0041
v  -225.0793 99.4440 0.0041
v  -227.7769 105.8643 8.1548
v  -227.7769 99.4439 8.1548
v  -235.1469 105.8643 14.1215
v  -235.1469 99.4439 14.1215
v  -236.6737 104.8906 18.6410
v  -243.6876 104.8906 20.1625
v  -243.6876 100.4176 20.1625
v  -236.6737 100.4176 18.6410
v  -223.3261 92.6171 0.0041
v  -226.2585 92.6171 8.1240
v  -224.5125 87.4758 3.2893
v  -223.3261 88.7946 0.0041
v  -245.2144 85.5350 -16.2358
v  -234.2702 85.5350 -14.0601
v  -237.4324 77.5792 -9.9964
v  -245.2144 77.5792 -11.5435
v  -234.2702 85.5350 14.0682
v  -245.2144 85.5350 16.2439
v  -245.2144 77.5792 11.5516
v  -237.4324 77.5792 10.0045
v  -233.4476 174.6447 0.0000
v  -235.0241 174.6447 -5.8834
v  -239.3310 174.6447 -10.1903
v  -236.9787 179.9378 4.8311
v  -241.8368 178.7276 8.7471
v  -241.0745 178.5442 9.2028
v  -237.0690 179.5420 5.9741
v  -240.4467 175.6313 9.4763
v  -237.2741 175.5938 6.6149
v  -237.3125 175.9603 7.4449
v  -239.9283 175.9913 9.8041
v  -236.1781 174.6447 6.6007
v  -233.8700 176.4213 0.0000
v  -231.2664 160.3183 -9.6166
v  -229.1698 160.2365 -11.7332
v  -227.8561 161.2409 -6.2541
v  -228.7968 161.2776 -5.3044
v  -226.3170 157.3650 -1.8392
v  -226.9563 157.3434 -1.6136
v  -227.0879 157.4393 -2.4110
v  -226.8010 157.4490 -2.5122
v  -227.3073 162.2729 -0.6270
v  -227.7174 161.7044 -3.0654
v  -227.2886 160.6035 -2.6159
v  -227.0682 160.9090 -1.3058
v  -226.8232 161.6250 -3.3723
v  -226.8081 160.5608 -2.7809
v  -227.2886 159.9445 -2.6159
v  -227.0682 160.2499 -1.3058
v  -226.8081 159.9018 -2.7809
v  -225.9974 160.1548 -1.6733
v  -227.2482 159.8287 -0.7948
v  -225.4832 159.6719 -1.4007
v  -227.6114 159.3252 -2.9543
v  -226.8195 159.2549 -3.2261
v  -225.4832 158.0961 -1.3906
v  -227.2482 158.0364 -0.7676
v  -227.6114 158.3012 -2.9691
v  -226.8195 158.3280 -3.2486
v  -230.0865 156.4143 -11.6579
v  -230.6202 156.5877 -10.8213
v  -231.6880 156.5970 -11.0249
v  -231.0838 156.4006 -11.9720
v  -230.1377 159.2652 -11.6390
v  -230.6365 159.4273 -10.8571
v  -230.6365 159.0461 -10.8571
v  -230.1377 158.8840 -11.6390
v  -231.6345 159.4360 -11.0474
v  -231.6345 159.0548 -11.0474
v  -231.0698 159.2525 -11.9325
v  -231.0698 158.8713 -11.9325
v  -230.4561 158.5352 -10.4610
v  -229.5712 158.2477 -11.8479
v  -232.2265 158.5506 -10.7984
v  -231.2247 158.2251 -12.3687
v  -230.4561 157.4094 -10.4610
v  -229.5712 157.1219 -11.8479
v  -232.2265 157.4248 -10.7984
v  -231.2247 157.0993 -12.3687
v  -240.1304 162.5240 -15.5685
v  -239.2893 162.4539 -16.3290
v  -239.2893 161.9438 -16.3290
v  -240.1304 162.0139 -15.5685
v  -238.9480 162.3374 -15.6824
v  -238.9480 161.8273 -15.6824
v  -239.1697 162.4552 -15.2715
v  -239.1697 161.9452 -15.2715
v  -239.2322 161.3942 -16.6985
v  -240.5780 161.5064 -15.4820
v  -238.6863 161.2078 -15.6641
v  -239.0410 161.3964 -15.0068
v  -239.2322 160.3268 -16.6985
v  -240.5780 160.4391 -15.4820
v  -238.6863 160.1405 -15.6641
v  -239.0410 160.3291 -15.0068
v  -239.3271 159.8936 -16.0842
v  -239.8340 159.9358 -15.6259
v  -239.1214 159.8233 -15.6945
v  -239.2550 159.8944 -15.4469
v  -222.3629 164.1069 -4.9192
v  -226.7870 162.3121 -16.6061
v  -225.8174 162.6737 -14.8152
v  -222.9678 163.8297 -7.2876
v  -225.7041 162.5520 -18.1743
v  -228.3234 162.8401 -17.3613
v  -227.5426 163.0130 -18.4919
v  -238.3926 165.9471 -20.2052
v  -236.6908 165.4609 -19.9561
v  -238.0448 166.0517 -22.1416
v  -236.4401 165.5363 -21.3522
v  -225.1199 162.8282 -15.8252
v  -225.8174 161.3759 -14.8152
v  -225.1199 161.3835 -15.8252
v  -223.3946 163.9502 -19.6353
v  -222.3927 164.3051 -20.4097
v  -221.7629 164.8123 -18.9375
v  -222.4471 164.5699 -18.4087
v  -217.7310 160.9015 -8.7308
v  -218.2376 160.8941 -8.4136
v  -218.3085 160.8817 -9.1603
v  -217.9626 160.8867 -9.3770
v  -222.6642 158.5279 -20.9879
v  -223.3892 158.5222 -20.4277
v  -223.9903 158.5308 -20.8462
v  -223.4565 158.5350 -21.2588
v  -235.7437 160.6425 -24.2189
v  -235.2560 160.6430 -25.0066
v  -234.6259 160.6421 -24.8324
v  -234.9850 160.6417 -24.2523
v  -217.4298 167.8436 -8.5572
v  -218.4003 167.5332 -7.9493
v  -218.3218 165.3715 -8.1734
v  -217.5752 165.6103 -8.6410
v  -219.0367 167.0167 -10.0057
v  -218.3740 167.2286 -10.4208
v  -217.9165 165.1372 -9.5933
v  -218.4263 164.9741 -9.2740
v  -223.3946 161.8179 -20.2548
v  -222.3927 162.1729 -21.0291
v  -224.9473 164.4852 -20.8879
v  -224.2095 164.7466 -21.4582
v  -223.4876 162.6143 -21.4035
v  -224.2254 162.3529 -20.8333
v  -235.9448 167.6849 -24.0969
v  -235.2912 167.9939 -25.1526
v  -235.2912 165.4629 -25.1526
v  -235.9448 165.4622 -24.0969
v  -221.2349 163.0033 -6.7856
v  -222.0517 162.8397 -6.0077
v  -222.0517 162.4375 -6.0077
v  -221.2349 162.6011 -6.7856
v  -222.4179 162.8382 -6.8692
v  -222.4179 162.4360 -6.8692
v  -221.6146 163.0024 -7.4576
v  -221.6146 162.6002 -7.4576
v  -222.2429 161.7976 -5.3426
v  -220.7227 162.1022 -6.7905
v  -222.9242 161.7948 -6.9460
v  -221.4293 162.1005 -8.0411
v  -222.2429 160.7765 -5.3426
v  -220.7227 161.0810 -6.7905
v  -222.9242 160.7737 -6.9460
v  -221.4293 161.0793 -8.0411
v  -222.0226 160.2977 -6.1088
v  -221.3128 160.4399 -6.7849
v  -222.3408 160.2964 -6.8575
v  -221.6428 160.4391 -7.3688
v  -226.3437 161.3586 -16.1926
v  -225.5477 161.3699 -16.4329
v  -225.5477 160.8262 -16.4329
v  -226.3437 160.8149 -16.1926
v  -225.1199 160.8398 -15.8252
v  -225.8174 160.8322 -14.8152
v  -225.4521 160.2785 -16.8027
v  -226.7255 160.2606 -16.4183
v  -224.7676 160.3003 -15.8304
v  -225.8835 160.2881 -14.2145
v  -225.4521 158.7942 -16.8027
v  -226.7255 158.7762 -16.4183
v  -224.7676 158.8160 -15.8304
v  -225.8835 158.8038 -14.2145
v  -225.5853 158.1233 -16.2876
v  -226.1937 158.1148 -16.1040
v  -225.2583 158.1337 -15.8232
v  -225.7914 158.1279 -15.0512
v  -238.3926 164.7246 -20.8660
v  -238.1740 164.7166 -21.6390
v  -238.1740 163.4025 -21.6390
v  -238.3925 163.4031 -20.8660
v  -237.0245 164.3137 -21.3522
v  -237.0245 163.3706 -21.3522
v  -237.1364 164.2383 -20.7019
v  -237.1364 163.3646 -20.7019
v  -238.4882 162.8300 -21.9577
v  -238.8464 162.8311 -20.6912
v  -236.6047 162.7777 -21.4879
v  -236.7882 162.7679 -20.4223
v  -238.4882 161.2533 -21.9577
v  -238.8464 161.2543 -20.6912
v  -236.6047 161.2010 -21.4879
v  -236.7882 161.1912 -20.4223
v  -237.9948 160.4059 -21.4572
v  -238.1337 160.4063 -20.9657
v  -237.2639 160.3857 -21.2749
v  -237.3351 160.3819 -20.8614
v  -218.3217 164.1954 -8.1734
v  -217.5752 164.2064 -8.6410
v  -218.4263 164.1771 -9.2740
v  -217.9165 164.1846 -9.5933
v  -218.5624 163.3603 -7.4867
v  -217.1297 163.3814 -8.3841
v  -218.7631 163.3253 -9.5990
v  -217.7847 163.3397 -10.2118
v  -218.5624 161.8056 -7.4867
v  -217.1297 161.8266 -8.3841
v  -218.7631 161.7705 -9.5990
v  -217.7847 161.7849 -10.2118
v  -223.3946 161.5915 -20.2548
v  -222.3926 161.5993 -21.0291
v  -224.2254 161.6033 -20.8333
v  -223.4876 161.6092 -21.4035
v  -225.0975 160.9038 -20.7852
v  -223.4146 160.8798 -19.6134
v  -223.6030 160.9156 -21.9402
v  -221.9884 160.8957 -21.1225
v  -223.4146 159.3319 -19.6134
v  -221.9884 159.3479 -21.1225
v  -225.0975 159.3560 -20.7852
v  -223.6030 159.3677 -21.9402
v  -235.2912 164.0802 -25.1526
v  -235.9448 164.0795 -24.0969
v  -234.4466 165.4617 -24.9191
v  -234.4466 164.0790 -24.9191
v  -234.9279 165.4612 -24.1417
v  -234.9279 164.0785 -24.1417
v  -235.3891 163.2794 -25.5587
v  -236.5043 163.2783 -23.7574
v  -233.9480 163.2774 -25.1603
v  -234.7692 163.2766 -23.8338
v  -235.3891 161.4463 -25.5587
v  -236.5043 161.4451 -23.7574
v  -233.9480 161.4442 -25.1603
v  -234.7692 161.4434 -23.8338
v  -235.2071 113.3829 14.2224
v  -245.2144 113.3829 16.4220
v  -245.2144 113.3829 18.2618
v  -235.2071 113.3829 16.0622
v  -245.2144 92.6171 16.2439
v  -235.1485 92.6171 14.0682
v  -235.1485 92.6171 15.9080
v  -245.2144 92.6171 18.0837
v  -235.1469 99.4439 15.9613
v  -235.1469 105.8643 15.9613
v  -245.2144 105.8643 18.1453
v  -236.7496 107.0565 18.6729
v  -243.6244 107.0565 20.1643
v  -236.7907 112.1907 18.7418
v  -243.6244 112.1907 20.2438
v  -245.2144 99.4439 18.1453
v  -243.6876 98.6557 20.1536
v  -236.6738 98.6557 18.6320
v  -243.6877 93.4054 20.1107
v  -236.6749 93.4054 18.5949
v  -234.1502 127.1561 -14.2143
v  -234.1502 121.7307 -14.2143
v  -245.2144 121.7307 -16.4139
v  -245.2144 127.1561 -16.4139
v  -226.0507 127.1561 -8.2049
v  -223.0860 125.4847 0.0041
v  -226.0507 127.1561 8.2130
v  -234.1502 127.1561 14.2224
v  -234.1502 121.7307 14.2224
v  -245.2144 127.1561 16.4220
v  -245.2144 121.7307 16.4220
v  -222.0441 135.6756 5.6818
v  -223.4228 138.6914 5.0912
v  -220.6653 130.5883 6.2724
v  -220.6653 132.6597 6.2724
v  -220.6653 130.5883 -6.2642
v  -220.6653 128.5169 -6.2642
v  -222.0441 135.6756 -5.6736
v  -220.6653 132.6597 -6.2642
v  -214.4890 129.8745 3.8523
v  -214.4890 131.4034 3.8523
v  -214.4890 129.8745 -3.8442
v  -214.4890 128.3456 -3.8442
v  -214.5011 134.9652 -2.9613
v  -214.4942 135.7837 0.0041
v  -184.4554 135.5064 0.0041
v  -184.4623 134.6879 -2.9613
v  -214.5011 134.9652 3.2848
v  -184.4623 134.6879 3.2848
v  -184.4502 130.1317 3.8523
v  -184.4502 131.4034 3.8523
v  -214.4890 128.3456 3.8523
v  -214.4762 127.4760 0.0041
v  -184.4374 127.9904 0.0041
v  -184.4502 128.8600 3.8523
v  -184.4502 128.8600 -3.8442
v  -184.4502 130.1317 -3.8442
v  -223.4228 138.6914 -5.0830
v  -173.2050 170.8154 2.4125
v  -171.7216 172.8858 0.0163
v  -220.6653 128.5169 6.2724
v  -214.4890 131.4034 -3.8442
v  -184.4502 131.4034 -3.8442
v  -184.4562 133.0457 3.5686
v  -182.5542 131.6663 3.8523
v  -183.0102 133.2440 3.5686
v  -182.2056 130.4433 3.8523
v  -181.8569 129.2203 3.8523
v  -182.2056 130.4433 -3.8442
v  -181.8569 129.2203 -3.8442
v  -182.5542 131.6663 -3.8442
v  -180.6280 131.1358 3.8523
v  -181.2035 132.2698 3.8523
v  -180.0525 130.0018 3.8523
v  -180.6280 131.1358 -3.8442
v  -180.0525 130.0018 -3.8442
v  -181.2035 132.2698 -3.8442
v  -178.4135 132.7094 3.8523
v  -179.3412 133.5792 3.8523
v  -177.4857 131.8396 3.8523
v  -178.4135 132.7094 -3.8442
v  -177.4857 131.8396 -3.8442
v  -179.3412 133.5792 -3.8442
v  -176.5338 137.4999 3.8523
v  -177.8055 137.4914 3.8523
v  -175.2622 137.5084 3.8523
v  -176.5338 137.4999 -3.8442
v  -175.2622 137.5084 -3.8442
v  -177.8055 137.4914 -3.8442
v  -181.0899 137.4574 -2.9613
v  -181.9084 137.4587 0.0041
v  -181.7927 140.3393 0.0049
v  -181.0024 140.3380 -2.8581
v  -181.0899 137.4574 3.2848
v  -181.0024 140.3380 3.1724
v  -179.4477 137.4744 3.5686
v  -179.4169 140.3544 3.4464
v  -177.8314 140.3708 3.7203
v  -176.6037 140.3790 3.7203
v  -175.3759 140.3872 3.7203
v  -174.3927 137.5271 0.0041
v  -174.6129 139.0770 0.0049
v  -174.8226 140.3991 1.2715
v  -174.9286 140.3968 -0.5731
v  -176.6037 140.3790 -3.7105
v  -175.3759 140.3872 -3.7105
v  -177.8314 140.3708 -3.7105
v  -179.4477 137.4744 -3.4027
v  -179.4169 140.3544 -3.2843
v  -178.0130 160.5268 2.7962
v  -177.0926 160.5329 2.7962
v  -175.3471 163.9755 3.0363
v  -177.5377 163.9617 3.0363
v  -176.1721 160.5391 2.7962
v  -173.1566 163.9893 3.0363
v  -176.1721 160.5391 -2.7747
v  -177.0926 160.5329 -2.7747
v  -175.3471 163.9755 -3.0197
v  -173.1566 163.9893 -3.0197
v  -178.0130 160.5268 -2.7747
v  -177.5377 163.9617 -3.0197
v  -184.6053 163.9124 0.0083
v  -183.1954 163.9150 2.5897
v  -183.2320 169.0724 2.5897
v  -184.6420 169.0697 0.0083
v  -180.3666 163.9383 2.8130
v  -180.4032 169.0957 2.8130
v  -177.5743 169.1191 3.0363
v  -175.3837 169.1329 3.0363
v  -173.1932 169.1467 3.0363
v  -171.6587 164.0105 0.0083
v  -171.6953 169.1679 0.0083
v  -173.1932 169.1467 -3.0197
v  -175.3837 169.1329 -3.0197
v  -177.5743 169.1191 -3.0197
v  -180.3666 163.9383 -2.6724
v  -180.4032 169.0957 -2.6724
v  -183.1954 163.9150 -2.3250
v  -183.2320 169.0724 -2.3250
v  -175.4242 174.8457 -2.3921
v  -173.2337 174.8595 -2.3921
v  -177.6147 174.8318 -2.3921
v  -184.6684 172.7910 0.0077
v  -181.1345 172.8199 0.0120
v  -181.5206 174.5080 -0.0820
v  -183.9337 174.4884 -0.0849
v  -180.4437 174.8086 -2.1194
v  -183.2725 174.7853 -1.8467
v  -182.9805 175.8502 -1.3512
v  -181.0488 175.8661 -1.5374
v  -180.0831 175.9068 -1.6138
v  -178.0576 175.9235 -1.8091
v  -178.0476 174.5035 -0.0847
v  -180.5777 174.4829 -0.0878
v  -175.1436 174.5227 -0.1103
v  -177.2482 174.5094 -0.1103
v  -177.2583 175.9294 -1.8347
v  -175.6898 175.9393 -1.8347
v  -172.3303 174.5502 -0.1221
v  -174.4062 174.5370 -0.1221
v  -173.3981 175.9440 -1.8229
v  -174.9451 175.9342 -1.8229
v  -175.8516 180.2256 0.9853
v  -176.7720 180.2198 0.9853
v  -176.7764 180.8407 0.2312
v  -176.0905 180.8451 0.2312
v  -173.1781 180.2467 0.9802
v  -174.0858 180.2410 0.9802
v  -173.6450 180.8563 0.2364
v  -174.3214 180.8520 0.2364
v  -182.0367 180.1928 1.1151
v  -183.0920 180.1842 1.1138
v  -182.6751 180.7797 0.5600
v  -181.8304 180.7866 0.4786
v  -179.6190 180.8191 0.3693
v  -178.7333 180.8264 0.2839
v  -178.7289 180.2055 1.0379
v  -179.8353 180.1965 1.0366
v  -181.0486 173.7040 -0.1206
v  -181.3329 174.9471 -0.1898
v  -180.6386 174.9286 -0.1941
v  -180.0919 179.1360 0.6339
v  -179.9326 179.5946 0.1425
v  -180.2743 175.9772 -1.3179
v  -180.5399 175.1685 -1.6901
v  -180.9855 175.9472 -1.2616
v  -181.5610 179.5706 0.2230
v  -181.7130 179.1333 0.6917
v  -177.6204 173.8491 -0.1731
v  -177.9338 175.0099 -0.2440
v  -177.3731 175.0139 -0.2619
v  -177.0391 179.0193 0.5065
v  -177.0422 179.4548 -0.0224
v  -177.3802 176.0099 -1.4714
v  -177.6302 175.2401 -1.8624
v  -177.9409 176.0058 -1.4535
v  -178.4148 179.4447 0.0145
v  -178.4117 179.0092 0.5435
v  -174.8308 174.3075 -0.2621
v  -175.1057 175.2510 -0.3343
v  -174.6855 175.2592 -0.3410
v  -174.6665 179.3129 0.1212
v  -174.5322 178.9647 0.5451
v  -175.2657 175.4351 -1.6347
v  -174.9926 176.0554 -1.3103
v  -175.4171 176.0583 -1.3170
v  -175.5386 178.9559 0.5481
v  -175.6747 179.3090 0.1183
v  -186.0649 164.8083 -0.4017
v  -185.1504 164.8100 -1.9151
v  -186.0886 168.1533 -0.4017
v  -185.1741 168.1550 -1.9151
v  -189.0715 167.9788 0.9574
v  -189.0627 166.7388 0.9574
v  -188.9510 166.7380 0.1010
v  -188.9598 167.9780 0.1010
v  -188.6089 168.0379 0.5909
v  -188.5312 168.0374 -0.0057
v  -183.6121 178.3862 0.3864
v  -184.1985 174.4180 -0.4487
v  -183.3217 178.8011 0.0006
v  -188.0343 174.6232 0.2438
v  -187.9578 174.6099 -0.3528
v  -186.0454 168.1819 -0.6765
v  -186.1666 174.4528 -0.6765
v  -187.7676 175.6875 0.2438
v  -187.5227 176.1928 -0.3528
v  -180.5999 175.6976 -1.4232
v  -181.0067 174.5266 -0.1682
v  -177.6424 174.6243 -0.2263
v  -174.8740 174.9393 -0.3125
v  -177.6504 175.7520 -1.5958
v  -175.2251 175.8496 -1.4207
v  -191.6030 168.5535 2.1618
v  -176.3829 181.8920 1.8649
v  -173.8179 181.9082 1.8649
v  -182.4188 181.8450 2.0733
v  -179.2395 181.8711 1.9383
v  -181.4456 148.9809 0.0074
v  -181.3299 151.8615 0.0083
v  -180.6527 151.8604 -2.4453
v  -180.7401 148.9798 -2.5485
v  -180.7401 148.9798 2.8351
v  -180.6527 151.8604 2.7227
v  -179.3247 148.9944 3.0797
v  -179.2939 151.8744 2.9575
v  -177.9093 149.0091 3.3243
v  -177.9352 151.8885 3.1922
v  -176.8132 149.0164 3.3243
v  -176.8831 151.8955 3.1922
v  -175.7172 149.0238 3.3243
v  -175.8309 151.9026 3.1922
v  -176.8132 149.0164 -3.3094
v  -176.8831 151.8955 -3.1757
v  -175.8309 151.9026 -3.1757
v  -175.7172 149.0238 -3.3094
v  -177.9093 149.0091 -3.3094
v  -177.9352 151.8885 -3.1757
v  -179.3247 148.9944 -2.9289
v  -179.2939 151.8744 -2.8105
v  -181.2142 154.1540 0.0091
v  -181.0985 157.6226 0.0099
v  -180.4778 157.6216 -2.2388
v  -180.5652 154.1529 -2.3421
v  -180.5652 154.1529 2.6103
v  -180.4778 157.6216 2.4979
v  -179.2632 154.1664 2.8353
v  -179.2325 157.6345 2.7130
v  -177.9612 154.1799 3.0602
v  -177.9871 157.6474 2.9282
v  -176.9529 154.1866 3.0602
v  -177.0228 157.6538 2.9282
v  -175.9447 154.1934 3.0602
v  -176.0584 157.6603 2.9282
v  -175.3990 157.6744 0.0099
v  -175.5045 154.2028 1.1123
v  -176.9529 154.1866 -3.0420
v  -177.0228 157.6538 -2.9084
v  -176.0584 157.6603 -2.9084
v  -175.9447 154.1934 -3.0420
v  -177.9612 154.1799 -3.0420
v  -177.9871 157.6474 -2.9084
v  -179.2632 154.1664 -2.6921
v  -179.2325 157.6345 -2.5736
v  -181.6770 143.2198 0.0057
v  -181.5613 146.1004 0.0066
v  -180.8275 146.0992 -2.6517
v  -180.9150 143.2186 -2.7549
v  -180.9150 143.2186 3.0600
v  -180.8275 146.0992 2.9476
v  -179.3862 143.2344 3.3241
v  -179.3554 146.1144 3.2019
v  -177.8574 143.2502 3.5883
v  -177.8833 146.1297 3.4563
v  -176.6735 143.2581 3.5883
v  -176.7434 146.1373 3.4563
v  -175.4897 143.2661 3.5883
v  -175.6034 146.1449 3.4563
v  -176.6735 143.2581 -3.5768
v  -176.7434 146.1373 -3.4431
v  -175.6034 146.1449 -3.4431
v  -175.4897 143.2661 -3.5768
v  -177.8574 143.2502 -3.5768
v  -177.8833 146.1297 -3.4431
v  -179.3862 143.2344 -3.1658
v  -179.3554 146.1144 -3.0474
v  -180.9828 160.5031 0.0108
v  -180.3904 160.5022 -2.1356
v  -180.3904 160.5022 2.3854
v  -179.2017 160.5145 2.5908
v  -175.5428 160.5526 0.0108
v  -179.2017 160.5145 -2.4552
v  -175.4672 155.4809 0.0091
v  -175.5314 154.7831 -0.2893
v  -175.1888 151.9026 1.5146
v  -175.0750 149.0237 1.5771
v  -168.6214 149.0151 1.5771
v  -170.1170 151.8779 1.5146
v  -174.9613 146.1449 1.6396
v  -168.3180 146.1523 1.6396
v  -174.8475 143.2661 1.7021
v  -169.2066 143.2895 1.7021
v  -174.8475 143.2661 -0.5318
v  -174.9613 146.1449 -0.4685
v  -168.8793 145.9139 -0.5097
v  -169.8440 142.7593 -0.5730
v  -220.6833 138.6243 -0.0252
v  -221.0918 138.7713 -1.8244
v  -216.2361 136.9488 -6.8453
v  -214.6868 136.3912 -0.0212
v  -228.2234 141.4415 -9.0063
v  -231.5040 142.6675 -0.0212
v  -228.0074 146.9746 -0.0145
v  -225.2133 145.9304 -7.6669
v  -228.2234 141.4415 8.9639
v  -225.2134 145.9304 7.6380
v  -223.2446 139.5697 11.6855
v  -220.9730 144.3363 9.9559
v  -216.2361 136.9488 7.5287
v  -215.0040 142.1040 6.4156
v  -213.6845 141.6292 -0.0145
v  -215.0040 142.1040 -5.8264
v  -223.2446 139.5697 -11.7279
v  -220.9730 144.3363 -9.9848
v  -222.8821 139.4408 -3.0717
v  -220.6841 138.6246 -0.0212
v  -222.9045 149.2816 0.0051
v  -221.5251 148.7661 -3.7729
v  -221.5251 148.7661 3.7831
v  -219.3168 147.9705 4.9274
v  -216.4848 146.8770 3.1796
v  -215.8334 146.6426 0.0051
v  -216.4848 146.8770 -2.8642
v  -219.3168 147.9705 -4.9172
v  -228.7050 47.7085 -6.7447
v  -224.7460 47.7094 0.0041
v  -224.7460 46.6917 0.0041
v  -228.7050 46.6905 -6.7447
v  -225.8339 47.7090 3.0164
v  -225.8356 46.6912 3.0209
v  -231.7355 47.7063 -5.7233
v  -231.7355 46.6875 -5.7233
v  -228.7050 47.7085 6.7528
v  -231.7355 47.7063 5.7314
v  -231.7355 46.6875 5.7314
v  -228.7050 46.6905 6.7528
v  -238.0504 47.7050 0.0041
v  -235.5785 47.7051 -2.7010
v  -235.5785 46.6860 -2.7010
v  -238.0504 46.6858 0.0041
v  -235.5785 47.7051 2.7091
v  -235.5785 46.6860 2.7091
v  -224.7460 45.6189 0.0041
v  -228.7050 45.6180 -6.7447
v  -225.8373 45.6185 3.0256
v  -231.7355 45.6157 -5.7233
v  -231.7355 45.6157 5.7314
v  -228.7050 45.6180 6.7528
v  -235.5785 45.6146 -2.7010
v  -238.0504 45.6144 0.0041
v  -235.5785 45.6146 2.7091
v  -224.7460 44.6727 0.0041
v  -228.7050 44.6716 -6.7447
v  -225.8388 44.6722 3.0298
v  -231.7355 44.6688 -5.7233
v  -231.7355 44.6688 5.7314
v  -228.7050 44.6716 6.7528
v  -235.5785 44.6674 -2.7010
v  -238.0504 44.6672 0.0041
v  -235.5785 44.6674 2.7091
v  -224.7460 43.4847 0.0041
v  -228.7050 43.4839 -6.7447
v  -225.8407 43.4844 3.0350
v  -231.7355 43.4820 -5.7233
v  -231.7355 43.4820 5.7314
v  -228.7050 43.4839 6.7528
v  -235.5785 43.4811 -2.7010
v  -238.0504 43.4809 0.0041
v  -235.5785 43.4811 2.7091
v  -227.4374 6.1516 2.6524
v  -226.4809 6.1521 0.0041
v  -227.7802 85.5350 8.1240
v  -229.8349 6.1512 -5.0694
v  -224.8748 4.0269 -0.0927
v  -229.3320 4.0256 -6.8352
v  -231.7354 6.1491 -4.3016
v  -231.8577 4.0224 -5.8147
v  -236.4828 6.1478 0.0041
v  -234.3651 6.1480 -2.0295
v  -235.3525 4.0208 -2.7953
v  -238.1668 4.0205 -0.0927
v  -234.3651 6.1480 2.0377
v  -235.3525 4.0208 2.6098
v  -231.7354 6.1491 4.3097
v  -231.8577 4.0224 5.6293
v  -226.1458 4.0262 3.4268
v  -224.8748 0.5159 -0.0927
v  -229.3320 0.5160 -6.8352
v  -231.8577 0.5158 -5.8147
v  -235.3525 0.5158 -2.7953
v  -238.1667 0.5158 -0.0927
v  -233.5409 0.1231 -1.3903
v  -235.0770 0.1230 0.0849
v  -234.7615 0.5160 15.8998
v  -238.7886 0.5160 12.0325
v  -234.3673 0.1229 12.2867
v  -232.1691 0.1231 14.3976
v  -219.7682 0.5160 12.0326
v  -221.5871 0.5160 17.0688
v  -224.9780 0.1261 15.0357
v  -223.9852 0.1264 12.2867
v  -228.5424 4.0256 6.6497
v  -225.0165 4.0255 21.6808
v  -221.5871 4.0262 17.0688
v  -229.7606 4.0223 20.2205
v  -234.7615 4.0207 15.8998
v  -238.7887 4.0205 12.0325
v  -233.5409 0.1231 1.5600
v  -231.6333 0.1240 3.2082
v  -229.4395 0.1239 16.7560
v  -230.2547 0.1258 3.7652
v  -228.5155 0.1261 2.0059
v  -226.3368 0.1257 17.5531
v  -227.8217 0.1265 0.0849
v  -219.7682 4.0269 12.0325
v  -228.9978 2.8037 22.6389
v  -225.7794 2.8059 23.6296
v  -229.7606 0.5160 20.2205
v  -225.0165 0.5160 21.6808
v  -225.7794 0.5152 23.6296
v  -228.9978 0.5152 22.6389
v  -238.1411 2.8014 14.8380
v  -235.4091 2.8015 17.4615
v  -238.1411 0.5152 14.8380
v  -235.4091 0.5152 17.4615
v  -220.0607 0.5152 15.0260
v  -221.2946 0.5152 18.4426
v  -220.0607 2.8076 15.0260
v  -221.2946 2.8071 18.4426
v  -222.2234 0.5160 20.1083
v  -224.3801 0.5160 23.0086
v  -224.3801 2.7197 23.0085
v  -222.2235 2.7201 20.1082
v  -233.8335 2.7151 18.8852
v  -230.6886 2.7161 21.6023
v  -230.6886 0.5159 21.6023
v  -233.8335 0.5159 18.8852
v  -222.9297 0.5161 27.8781
v  -223.7941 0.5161 28.6289
v  -228.1234 1.5774 29.3164
v  -226.6538 1.5784 29.7687
v  -226.6538 0.5158 29.7688
v  -228.1233 0.5158 29.3164
v  -237.3988 1.5746 21.9591
v  -236.1514 1.5746 23.1570
v  -237.3988 0.5157 21.9591
v  -236.1513 0.5157 23.1571
v  -232.9791 1.5356 26.0317
v  -231.5431 1.5361 27.2724
v  -231.5431 0.5161 27.2724
v  -232.9791 0.5161 26.0317
v  -220.0401 0.5158 23.2853
v  -220.9594 0.5158 23.9226
v  -220.0401 1.5806 23.2853
v  -221.6541 3.1164 18.3351
v  -221.4735 2.3635 19.1835
v  -222.0471 2.3098 20.2122
v  -222.9297 1.5403 27.8781
v  -222.4833 1.5811 25.0107
v  -222.4833 0.9486 25.0108
v  -222.0471 0.9485 20.2122
v  -221.6541 0.9486 18.3351
v  -221.4735 0.9481 19.1835
v  -221.2664 0.9484 22.5679
v  -220.9594 1.5804 23.9226
v  -221.2664 1.6059 22.5679
v  -225.0359 0.7784 22.3071
v  -225.6217 0.7778 23.8036
v  -224.5471 0.7784 23.3267
v  -224.0972 0.7785 27.6427
v  -223.7941 1.5401 28.6289
v  -224.0972 1.5648 27.6427
v  -224.5472 2.4707 23.3267
v  -225.0359 3.4734 22.3071
v  -225.6217 2.5368 23.8036
v  -226.2932 1.5942 28.5180
v  -226.2932 0.7782 28.5181
v  -229.7798 3.2578 21.1752
v  -229.2622 2.4311 22.8159
v  -230.4093 2.3717 22.1126
v  -230.9889 1.5712 25.9592
v  -230.9889 0.8792 25.9592
v  -230.4093 0.8791 22.1126
v  -229.7797 0.8792 21.1752
v  -229.2622 0.8786 22.8159
v  -228.6690 0.8790 27.3458
v  -228.6690 1.5992 27.3458
v  -234.7155 0.9517 17.1779
v  -235.1131 0.9512 18.1366
v  -234.1458 0.9516 19.0107
v  -233.6212 0.9517 23.3981
v  -233.6212 1.5776 23.3981
v  -234.1458 2.3017 19.0107
v  -234.7155 3.1033 17.1779
v  -235.1131 2.3548 18.1366
v  -235.5687 1.6015 21.6333
v  -235.5687 0.9515 21.6333
v  -221.7249 2.5965 19.2436
v  -225.0682 2.8269 23.1458
v  -229.8171 2.6868 22.0346
v  -234.6581 2.5865 18.1084
v  -221.7249 0.9483 19.2436
v  -225.0682 0.7782 23.1458
v  -229.8171 0.8789 22.0346
v  -230.2547 0.1258 -3.5954
v  -231.6333 0.1240 -3.0384
v  -229.0453 6.1512 5.0776
v  -226.2585 92.6171 -8.1159
v  -227.7802 85.5350 -8.1159
v  -231.7356 77.5792 -6.8869
v  -231.7356 77.5792 6.8951
v  -218.7660 148.9602 0.0051
v  -225.3144 162.0959 -1.3111
v  -225.9974 160.8139 -0.5159
v  -167.5669 149.3302 0.0072
v  -169.3450 152.7316 0.0076
v  -170.8322 152.2230 -0.3831
v  -169.2087 149.0684 -0.4464
v  -168.2611 142.5274 0.0064
v  -167.2057 145.9288 0.0068
v  -172.0573 139.1243 0.0049
v  -172.3913 140.4383 1.2715
v  -172.0777 139.6149 -0.2851
v  -172.7610 155.4325 0.0091
v  -172.9827 154.1616 1.1123
v  -173.9444 154.7376 -0.2893
v  -183.6839 135.6107 0.0041
v  -183.4662 134.8217 -2.9613
v  -183.4662 134.8217 3.2848
v  -181.6062 128.3876 0.0041
v  -184.4562 133.0457 -3.4027
v  -183.0102 133.2440 -3.4027
v  -183.0651 135.9263 0.0041
v  -182.7007 135.1933 -2.9613
v  -182.7007 135.1933 3.2848
v  -181.9521 133.7315 3.5686
v  -179.6475 129.2322 0.0041
v  -181.9521 133.7315 -3.4027
v  -182.3380 136.3817 0.0041
v  -181.7456 135.8169 -2.9613
v  -181.7456 135.8169 3.2848
v  -180.5434 134.6980 3.5686
v  -176.8426 131.2542 0.0041
v  -180.5434 134.6980 -3.4027
v  -183.2440 170.7677 2.0524
v  -180.4151 170.7777 2.2324
v  -219.7916 127.2774 0.0041
v  -233.7079 167.4629 -24.4947
v  -234.1892 167.2354 -23.7172
v  -220.6833 164.3348 -6.3809
v  -222.4514 163.9765 -8.4662
v  -240.4809 163.8527 -15.4047
v  -238.6878 163.4352 -15.0180
v  -232.7751 161.0936 -11.2439
v  -238.9109 164.5413 -16.6526
v  -231.1422 160.6654 -12.2929
v  -238.2740 163.6837 -15.7761
v  -235.7557 178.1979 -5.4610
v  -234.2924 178.1979 0.0000
v  -225.8633 175.6914 -5.4806
v  -229.9768 175.6914 -12.5017
v  -235.3899 176.4213 -5.6722
v  -229.5496 173.9148 -11.9183
v  -226.5725 173.9148 -5.1027
v  -239.5422 176.4213 -9.8245
v  -236.8961 173.9148 -16.0977
v  -237.0497 175.6914 -16.5255
v  -242.2188 178.1979 10.7499
v  -240.3411 174.7022 10.6793
v  -241.6722 177.9238 9.5224
v  -242.4709 179.4461 9.8190
v  -245.2144 179.4461 10.4064
v  -236.2884 180.6563 4.5786
v  -245.2144 178.1979 10.9219
v  -240.9388 177.8870 9.8421
v  -236.7548 177.8870 6.6262
v  -235.7557 178.1979 5.4610
v  -235.2071 113.3829 -14.2143
v  -245.2144 113.3829 -16.4139
v  -235.1485 92.6171 -14.0601
v  -245.2144 92.6171 -16.2358
v  -245.2144 174.6447 -11.5945
v  -235.7557 154.6555 -6.0660
v  -245.2144 174.5662 11.6587
v  -245.2144 165.8300 12.3955
v  -236.4959 167.2287 9.0686
v  -239.3384 161.6881 9.3175
v  -245.2144 160.2895 12.3955
v  -237.5054 164.3738 9.3175
v  -245.2144 163.6012 10.9502
v  -245.2144 195.4800 4.0275
v  -243.1870 195.4795 3.5110
v  -241.6793 195.4790 2.0332
v  -241.1225 195.4789 -0.0114
v  -241.6782 195.4790 -2.0567
v  -243.1858 195.4794 -3.5359
v  -245.2144 195.4800 -4.0530
v  -244.7418 199.7193 0.0819
v  -245.2144 199.8195 0.1730
v  -244.3986 199.4565 -0.1567
v  -244.2792 199.1050 -0.4757
v  -244.4041 198.7557 -0.7924
v  -244.7474 198.4975 -1.0265
v  -245.2144 198.3997 -1.1151
v  -227.2560 140.4807 0.0041
v  -240.2508 162.1677 10.8787
v  -245.2144 160.6652 12.8926
v  -238.7025 164.4323 11.0137
v  -237.4291 166.8396 11.1572
v  -245.2144 165.3372 13.1710
v  -245.2144 176.4213 -11.2582
v  -236.5976 177.9238 5.6219
v  -229.5725 177.2368 -13.3574
v  -224.7526 177.0934 -6.1163
v  -237.2555 177.0460 -17.2330
v  -237.0904 178.2604 -17.9619
v  -229.1221 178.4972 -13.8559
v  -224.3280 178.3092 -6.4785
v  -229.2245 170.9890 -2.1748
v  -227.9004 172.2367 -2.7507
v  -231.1598 169.4360 -10.4420
v  -238.4225 170.8324 -14.5413
v  -237.5305 172.0552 -15.9355
v  -231.0775 171.3100 -10.5280
v  -214.4950 133.1843 3.5686
v  -214.4950 133.1843 -3.4027
v  -183.8455 168.8236 -1.5531
v  -183.8866 174.6240 -1.2641
v  -185.0498 168.1854 -1.6794
v  -184.6790 168.8226 -0.5380
v  -184.4717 173.3445 -0.6996
v  -183.5403 176.1950 -1.0442
v  -185.1855 174.2923 -1.6794
v  -175.0750 149.0237 -0.4052
v  -175.1888 151.9026 -0.3420
v  -225.1171 140.2790 -0.0252
v  -224.2522 139.9558 -2.3941
v  -224.2522 139.9558 2.3436
v  -222.9395 139.4623 3.0612
v  -221.0918 138.7713 1.9652
v  -222.9395 139.4623 -3.1116
v  -223.3619 0.4956 31.7253
v  -227.3885 0.5143 33.0144
v  -236.7751 0.5126 26.0299
v  -232.2611 0.4934 30.1239
v  -220.4997 0.5156 27.0758
v  -251.2291 189.3423 -0.0116
v  -250.4232 189.3423 -3.0190
v  -254.2365 179.4461 -5.2206
v  -255.6322 179.4461 -0.0116
v  -248.2217 189.3423 -5.2206
v  -250.4232 179.4461 -9.0338
v  -256.1363 162.1054 6.3058
v  -257.8260 162.1054 0.0000
v  -256.1363 155.7996 0.0000
v  -254.6730 155.7996 5.4610
v  -250.6754 155.7996 9.4587
v  -248.3673 151.1835 5.4610
v  -250.6754 151.1835 3.1529
v  -251.5202 151.1835 0.0000
v  -250.6754 155.7996 -9.4587
v  -248.3673 151.1835 -5.4610
v  -249.6011 73.4841 5.6413
v  -253.8571 73.4841 3.2587
v  -251.0952 72.9424 0.0041
v  -253.8571 73.4841 -3.2506
v  -249.6011 73.4841 -5.6332
v  -246.4915 193.4623 2.2008
v  -248.2216 189.3423 5.1974
v  -247.4266 193.4623 1.2657
v  -250.4232 189.3423 2.9958
v  -247.7689 193.4623 -0.0116
v  -247.4266 193.4623 -1.2889
v  -246.4916 193.4623 -2.2239
v  -247.5049 193.4392 3.9559
v  -249.1818 193.4392 2.2791
v  -249.7955 193.4392 -0.0116
v  -249.1818 193.4392 -2.3022
v  -247.5049 193.4392 -3.9791
v  -245.4079 199.5243 -1.6016
v  -245.5537 199.6718 -1.5891
v  -245.6067 199.8713 -1.5722
v  -245.5560 200.0722 -1.5550
v  -245.4102 200.2224 -1.5422
v  -245.9986 197.6728 1.8067
v  -246.6137 196.9518 2.5413
v  -246.5628 197.6731 1.2233
v  -247.6138 196.9522 1.5070
v  -246.7591 197.6733 0.4429
v  -247.9619 196.9526 0.1238
v  -246.5537 197.6733 -0.3322
v  -247.5977 196.9526 -1.2503
v  -245.9894 197.6732 -0.9050
v  -246.5974 196.9524 -2.2656
v  -251.5202 164.3022 -10.9219
v  -251.5202 166.6374 -10.9219
v  -256.1363 164.3022 -6.3058
v  -256.1363 166.6374 -6.3058
v  -257.8260 164.3022 0.0000
v  -257.8260 166.6374 0.0000
v  -256.1363 164.3022 6.3058
v  -256.1363 166.6374 6.3058
v  -251.5202 162.1054 -10.9219
v  -256.1363 162.1054 -6.3058
v  -248.3673 144.0956 -5.4610
v  -250.6754 144.0956 -3.1529
v  -250.6754 151.1835 -3.1529
v  -251.5202 144.0956 0.0000
v  -250.6754 144.0956 3.1529
v  -248.3673 144.0956 5.4610
v  -248.3652 144.0956 5.4615
v  -248.3673 144.0956 -5.4569
v  -250.6754 144.0956 -3.1488
v  -251.5202 144.0956 0.0041
v  -250.6754 144.0956 3.1570
v  -248.3673 144.0956 5.4650
v  -255.2361 136.5311 -12.8746
v  -254.1936 140.4807 -11.5349
v  -262.5725 136.5311 -7.4314
v  -260.7668 140.4807 -6.6580
v  -260.7668 140.4807 6.6661
v  -262.5724 136.5311 7.4396
v  -255.2361 136.5311 12.8828
v  -254.1936 140.4807 11.5431
v  -250.6754 178.1979 -9.4587
v  -249.0342 162.9890 9.0486
v  -249.0342 162.9890 10.8787
v  -250.2257 164.0529 9.1836
v  -250.2257 164.0529 11.0137
v  -251.2057 165.1839 9.3271
v  -251.2057 165.1839 11.1572
v  -256.2786 129.8688 -14.2143
v  -256.2786 132.5816 -14.2143
v  -264.3781 129.8688 -8.2049
v  -264.3781 132.5816 -8.2049
v  -312.8281 172.8487 0.0163
v  -315.7676 172.8673 0.0163
v  -315.0333 170.8016 2.4125
v  -312.8427 170.7877 2.4125
v  -264.3781 132.5816 8.2130
v  -264.3781 129.8688 8.2130
v  -256.2785 129.8688 14.2224
v  -256.2785 132.5816 14.2224
v  -264.3781 121.7307 -8.2049
v  -264.3781 113.3829 -8.2049
v  -267.3427 113.3829 0.0041
v  -267.3427 121.7307 0.0041
v  -264.3781 113.3829 8.2131
v  -264.3781 121.7307 8.2130
v  -255.2819 99.4440 -14.1134
v  -255.2819 105.8643 -14.1134
v  -262.6519 99.4440 -8.1466
v  -262.6519 105.8643 -8.1466
v  -265.3494 99.4440 0.0041
v  -265.3495 105.8643 0.0041
v  -262.6519 99.4439 8.1548
v  -262.6519 105.8643 8.1548
v  -255.2819 99.4439 14.1215
v  -255.2819 105.8643 14.1215
v  -253.7551 104.8906 18.6410
v  -253.7551 100.4176 18.6410
v  -246.7412 100.4176 20.1625
v  -246.7412 104.8906 20.1625
v  -267.1027 92.6171 0.0041
v  -267.1027 88.7946 0.0041
v  -265.9163 87.4758 3.2893
v  -264.1702 92.6171 8.1240
v  -252.9964 77.5792 -9.9964
v  -256.1586 85.5350 -14.0601
v  -256.1585 85.5350 14.0682
v  -252.9963 77.5792 10.0045
v  -256.9811 174.6447 0.0000
v  -255.4047 174.6447 -5.8834
v  -251.0978 174.6447 -10.1903
v  -253.4501 179.9378 4.8311
v  -253.3598 179.5420 5.9741
v  -249.3543 178.5442 9.2028
v  -248.5920 178.7276 8.7471
v  -249.9821 175.6313 9.4763
v  -250.5004 175.9913 9.8041
v  -253.1163 175.9603 7.4449
v  -253.1547 175.5938 6.6149
v  -254.2507 174.6447 6.6007
v  -256.5587 176.4213 0.0000
v  -259.1623 160.3183 -9.6166
v  -261.6319 161.2776 -5.3044
v  -262.5727 161.2409 -6.2541
v  -261.2589 160.2365 -11.7332
v  -264.1118 157.3650 -1.8392
v  -263.6277 157.4490 -2.5122
v  -263.3409 157.4393 -2.4110
v  -263.4725 157.3434 -1.6136
v  -263.1215 162.2729 -0.6270
v  -263.3606 160.9090 -1.3058
v  -263.1402 160.6035 -2.6159
v  -262.7114 161.7044 -3.0654
v  -263.6206 160.5608 -2.7809
v  -263.6055 161.6250 -3.3723
v  -263.3606 160.2499 -1.3058
v  -263.1402 159.9445 -2.6159
v  -263.6206 159.9018 -2.7809
v  -264.4314 160.1548 -1.6733
v  -264.9456 159.6719 -1.4007
v  -263.1806 159.8287 -0.7948
v  -262.8174 159.3252 -2.9543
v  -263.6093 159.2549 -3.2261
v  -264.9456 158.0961 -1.3906
v  -263.1806 158.0364 -0.7676
v  -262.8174 158.3012 -2.9691
v  -263.6093 158.3280 -3.2486
v  -260.3423 156.4143 -11.6579
v  -259.3450 156.4006 -11.9720
v  -258.7407 156.5970 -11.0249
v  -259.8086 156.5877 -10.8213
v  -260.2910 159.2652 -11.6390
v  -260.2910 158.8840 -11.6390
v  -259.7922 159.0461 -10.8571
v  -259.7922 159.4273 -10.8571
v  -258.7943 159.0548 -11.0474
v  -258.7943 159.4360 -11.0474
v  -259.3590 158.8713 -11.9325
v  -259.3590 159.2525 -11.9325
v  -260.8575 158.2477 -11.8479
v  -259.9727 158.5352 -10.4610
v  -258.2023 158.5506 -10.7984
v  -259.2041 158.2251 -12.3687
v  -260.8575 157.1219 -11.8479
v  -259.9727 157.4094 -10.4610
v  -258.2023 157.4248 -10.7984
v  -259.2041 157.0993 -12.3687
v  -250.2983 162.5240 -15.5685
v  -250.2983 162.0139 -15.5685
v  -251.1395 161.9438 -16.3290
v  -251.1395 162.4539 -16.3290
v  -251.4807 161.8273 -15.6824
v  -251.4807 162.3374 -15.6824
v  -251.2590 161.9452 -15.2715
v  -251.2590 162.4552 -15.2715
v  -249.8508 161.5064 -15.4820
v  -251.1965 161.3942 -16.6985
v  -251.7425 161.2078 -15.6641
v  -251.3878 161.3964 -15.0068
v  -249.8508 160.4391 -15.4820
v  -251.1965 160.3268 -16.6985
v  -251.7425 160.1405 -15.6641
v  -251.3878 160.3291 -15.0068
v  -250.5947 159.9358 -15.6259
v  -251.1017 159.8936 -16.0842
v  -251.3074 159.8233 -15.6945
v  -251.1738 159.8944 -15.4469
v  -268.0659 164.1069 -4.9192
v  -267.4609 163.8297 -7.2876
v  -264.6114 162.6737 -14.8152
v  -263.6418 162.3121 -16.6061
v  -264.7247 162.5520 -18.1743
v  -262.8862 163.0130 -18.4919
v  -262.1054 162.8401 -17.3613
v  -253.7380 165.4609 -19.9561
v  -252.0362 165.9471 -20.2052
v  -252.3839 166.0517 -22.1416
v  -253.9887 165.5363 -21.3522
v  -265.3089 162.8282 -15.8252
v  -265.3089 161.3835 -15.8252
v  -264.6114 161.3759 -14.8152
v  -267.0342 163.9502 -19.6353
v  -267.9817 164.5699 -18.4087
v  -268.6658 164.8123 -18.9375
v  -268.0361 164.3051 -20.4097
v  -272.6977 160.9015 -8.7308
v  -272.4661 160.8867 -9.3770
v  -272.1202 160.8817 -9.1603
v  -272.1912 160.8941 -8.4136
v  -267.7645 158.5279 -20.9879
v  -266.9723 158.5350 -21.2588
v  -266.4385 158.5308 -20.8462
v  -267.0396 158.5222 -20.4277
v  -254.6851 160.6425 -24.2189
v  -255.4438 160.6417 -24.2523
v  -255.8029 160.6421 -24.8324
v  -255.1727 160.6430 -25.0066
v  -272.9989 167.8436 -8.5572
v  -272.8535 165.6103 -8.6410
v  -272.1070 165.3715 -8.1734
v  -272.0285 167.5332 -7.9493
v  -271.3921 167.0167 -10.0057
v  -272.0024 164.9741 -9.2740
v  -272.5122 165.1372 -9.5933
v  -272.0548 167.2286 -10.4208
v  -268.0361 162.1729 -21.0291
v  -267.0342 161.8179 -20.2548
v  -265.4815 164.4852 -20.8879
v  -266.2033 162.3529 -20.8333
v  -266.9412 162.6143 -21.4035
v  -266.2193 164.7466 -21.4582
v  -254.4840 167.6849 -24.0969
v  -254.4840 165.4622 -24.0969
v  -255.1375 165.4629 -25.1526
v  -255.1375 167.9939 -25.1526
v  -269.1938 163.0033 -6.7856
v  -269.1938 162.6011 -6.7856
v  -268.3770 162.4375 -6.0077
v  -268.3770 162.8397 -6.0077
v  -268.0109 162.4360 -6.8692
v  -268.0109 162.8382 -6.8692
v  -268.8142 162.6002 -7.4576
v  -268.8142 163.0024 -7.4576
v  -269.7061 162.1022 -6.7905
v  -268.1859 161.7976 -5.3426
v  -267.5045 161.7948 -6.9460
v  -268.9995 162.1005 -8.0411
v  -269.7061 161.0810 -6.7905
v  -268.1859 160.7765 -5.3426
v  -267.5045 160.7737 -6.9460
v  -268.9995 161.0793 -8.0411
v  -269.1159 160.4399 -6.7849
v  -268.4061 160.2977 -6.1088
v  -268.0880 160.2964 -6.8575
v  -268.7860 160.4391 -7.3688
v  -264.0851 161.3586 -16.1926
v  -264.0851 160.8149 -16.1926
v  -264.8810 160.8262 -16.4329
v  -264.8810 161.3699 -16.4329
v  -265.3089 160.8398 -15.8252
v  -264.6114 160.8322 -14.8152
v  -263.7032 160.2606 -16.4183
v  -264.9767 160.2785 -16.8027
v  -265.6612 160.3003 -15.8304
v  -264.5453 160.2881 -14.2145
v  -263.7032 158.7762 -16.4183
v  -264.9767 158.7942 -16.8027
v  -265.6612 158.8160 -15.8304
v  -264.5453 158.8038 -14.2145
v  -264.2351 158.1148 -16.1040
v  -264.8434 158.1233 -16.2876
v  -265.1705 158.1337 -15.8232
v  -264.6374 158.1279 -15.0512
v  -252.0362 164.7246 -20.8660
v  -252.0362 163.4031 -20.8660
v  -252.2548 163.4025 -21.6390
v  -252.2548 164.7166 -21.6390
v  -253.4043 163.3706 -21.3522
v  -253.4043 164.3137 -21.3522
v  -253.2923 163.3646 -20.7019
v  -253.2923 164.2383 -20.7019
v  -251.5824 162.8311 -20.6912
v  -251.9406 162.8300 -21.9577
v  -253.8240 162.7777 -21.4879
v  -253.6406 162.7679 -20.4223
v  -251.5824 161.2543 -20.6912
v  -251.9406 161.2533 -21.9577
v  -253.8240 161.2010 -21.4879
v  -253.6406 161.1912 -20.4223
v  -252.2950 160.4063 -20.9657
v  -252.4340 160.4059 -21.4572
v  -253.1649 160.3857 -21.2749
v  -253.0937 160.3819 -20.8614
v  -272.8535 164.2064 -8.6410
v  -272.1070 164.1954 -8.1734
v  -272.0024 164.1771 -9.2740
v  -272.5122 164.1846 -9.5933
v  -273.2991 163.3814 -8.3841
v  -271.8664 163.3603 -7.4867
v  -271.6657 163.3253 -9.5990
v  -272.6441 163.3397 -10.2118
v  -273.2991 161.8266 -8.3841
v  -271.8664 161.8056 -7.4867
v  -271.6657 161.7705 -9.5990
v  -272.6441 161.7849 -10.2118
v  -268.0361 161.5993 -21.0291
v  -267.0342 161.5915 -20.2548
v  -266.2033 161.6033 -20.8333
v  -266.9412 161.6092 -21.4035
v  -267.0142 160.8798 -19.6134
v  -265.3313 160.9038 -20.7852
v  -266.8257 160.9156 -21.9402
v  -268.4404 160.8957 -21.1225
v  -268.4404 159.3479 -21.1225
v  -267.0142 159.3319 -19.6134
v  -265.3313 159.3560 -20.7852
v  -266.8257 159.3677 -21.9402
v  -254.4840 164.0795 -24.0969
v  -255.1375 164.0802 -25.1526
v  -255.9821 164.0790 -24.9191
v  -255.9821 165.4617 -24.9191
v  -255.5008 164.0785 -24.1417
v  -255.5008 165.4612 -24.1417
v  -253.9245 163.2783 -23.7574
v  -255.0397 163.2794 -25.5587
v  -256.4808 163.2774 -25.1603
v  -255.6596 163.2766 -23.8338
v  -253.9245 161.4451 -23.7574
v  -255.0397 161.4463 -25.5587
v  -256.4808 161.4442 -25.1603
v  -255.6596 161.4434 -23.8338
v  -255.2216 113.3829 14.2224
v  -255.2216 113.3829 16.0622
v  -255.2803 92.6171 15.9080
v  -255.2803 92.6171 14.0682
v  -255.2819 99.4439 15.9613
v  -255.2819 105.8643 15.9613
v  -246.8044 107.0565 20.1643
v  -253.6792 107.0565 18.6729
v  -253.6380 112.1907 18.7418
v  -246.8044 112.1907 20.2438
v  -253.7550 98.6557 18.6320
v  -246.7411 98.6557 20.1536
v  -246.7411 93.4054 20.1107
v  -253.7539 93.4054 18.5949
v  -256.2786 127.1561 -14.2143
v  -256.2786 121.7307 -14.2143
v  -264.3781 127.1561 -8.2049
v  -267.3427 125.4847 0.0041
v  -264.3781 127.1561 8.2130
v  -256.2785 127.1561 14.2224
v  -256.2785 121.7307 14.2224
v  -267.0059 138.6914 5.0912
v  -268.3847 135.6756 5.6818
v  -269.7635 132.6597 6.2724
v  -269.7635 130.5883 6.2724
v  -269.7635 128.5169 -6.2642
v  -269.7635 130.5883 -6.2642
v  -269.7635 132.6597 -6.2642
v  -268.3847 135.6756 -5.6736
v  -275.9398 131.4034 3.8523
v  -275.9398 129.8745 3.8523
v  -275.9398 128.3456 -3.8442
v  -275.9398 129.8745 -3.8442
v  -275.9277 134.9652 -2.9613
v  -305.9665 134.6879 -2.9613
v  -305.9733 135.5064 0.0041
v  -275.9346 135.7837 0.0041
v  -305.9665 134.6879 3.2848
v  -275.9277 134.9652 3.2848
v  -305.9785 131.4034 3.8523
v  -305.9785 130.1317 3.8523
v  -275.9398 128.3456 3.8523
v  -305.9785 128.8600 3.8523
v  -305.9914 127.9904 0.0041
v  -275.9526 127.4760 0.0041
v  -305.9785 128.8600 -3.8442
v  -305.9785 130.1317 -3.8442
v  -267.0060 138.6914 -5.0830
v  -318.7071 172.8858 0.0163
v  -317.2238 170.8154 2.4125
v  -269.7635 128.5169 6.2724
v  -275.9398 131.4034 -3.8442
v  -305.9785 131.4034 -3.8442
v  -305.9725 133.0457 3.5686
v  -307.4186 133.2440 3.5686
v  -307.8746 131.6663 3.8523
v  -308.2232 130.4433 3.8523
v  -308.5718 129.2203 3.8523
v  -308.5718 129.2203 -3.8442
v  -308.2232 130.4433 -3.8442
v  -307.8746 131.6663 -3.8442
v  -309.2253 132.2698 3.8523
v  -309.8008 131.1358 3.8523
v  -310.3763 130.0018 3.8523
v  -310.3763 130.0018 -3.8442
v  -309.8008 131.1358 -3.8442
v  -309.2253 132.2698 -3.8442
v  -311.0876 133.5792 3.8523
v  -312.0153 132.7094 3.8523
v  -312.9431 131.8396 3.8523
v  -312.9431 131.8396 -3.8442
v  -312.0153 132.7094 -3.8442
v  -311.0876 133.5792 -3.8442
v  -312.6233 137.4914 3.8523
v  -313.8950 137.4999 3.8523
v  -315.1666 137.5084 3.8523
v  -315.1666 137.5084 -3.8442
v  -313.8950 137.4999 -3.8442
v  -312.6233 137.4914 -3.8442
v  -309.3389 137.4574 -2.9613
v  -309.4263 140.3380 -2.8581
v  -308.6361 140.3393 0.0049
v  -308.5204 137.4587 0.0041
v  -309.4263 140.3380 3.1724
v  -309.3389 137.4574 3.2848
v  -311.0118 140.3544 3.4464
v  -310.9811 137.4744 3.5686
v  -312.5974 140.3708 3.7203
v  -313.8251 140.3790 3.7203
v  -315.0529 140.3872 3.7203
v  -316.0361 137.5271 0.0041
v  -315.6061 140.3991 1.2715
v  -315.8159 139.0770 0.0049
v  -315.5002 140.3968 -0.5731
v  -315.0529 140.3872 -3.7105
v  -313.8251 140.3790 -3.7105
v  -312.5974 140.3708 -3.7105
v  -311.0118 140.3544 -3.2843
v  -310.9811 137.4744 -3.4027
v  -312.4157 160.5268 2.7962
v  -312.8911 163.9617 3.0363
v  -315.0816 163.9755 3.0363
v  -313.3362 160.5329 2.7962
v  -317.2722 163.9893 3.0363
v  -314.2566 160.5391 2.7962
v  -314.2566 160.5391 -2.7747
v  -317.2722 163.9893 -3.0197
v  -315.0816 163.9755 -3.0197
v  -313.3362 160.5329 -2.7747
v  -312.8911 163.9617 -3.0197
v  -312.4157 160.5268 -2.7747
v  -305.8234 163.9124 0.0083
v  -305.7868 169.0697 0.0083
v  -307.1968 169.0724 2.5897
v  -307.2334 163.9150 2.5897
v  -310.0256 169.0957 2.8130
v  -310.0622 163.9383 2.8130
v  -312.8545 169.1191 3.0363
v  -315.0451 169.1329 3.0363
v  -317.2356 169.1467 3.0363
v  -318.7335 169.1679 0.0083
v  -318.7701 164.0105 0.0083
v  -317.2356 169.1467 -3.0197
v  -315.0451 169.1329 -3.0197
v  -312.8545 169.1191 -3.0197
v  -310.0256 169.0957 -2.6724
v  -310.0622 163.9383 -2.6724
v  -307.1968 169.0724 -2.3250
v  -307.2334 163.9150 -2.3250
v  -317.1951 174.8595 -2.3921
v  -315.0046 174.8457 -2.3921
v  -312.8140 174.8318 -2.3921
v  -305.7604 172.7910 0.0077
v  -306.4951 174.4884 -0.0849
v  -308.9082 174.5080 -0.0820
v  -309.2943 172.8199 0.0120
v  -309.9851 174.8086 -2.1194
v  -309.3800 175.8661 -1.5374
v  -307.4482 175.8502 -1.3512
v  -307.1563 174.7853 -1.8467
v  -312.3712 175.9235 -1.8091
v  -310.3457 175.9068 -1.6138
v  -309.8510 174.4829 -0.0878
v  -312.3812 174.5035 -0.0847
v  -313.1805 174.5094 -0.1103
v  -315.2852 174.5227 -0.1103
v  -314.7389 175.9393 -1.8347
v  -313.1705 175.9294 -1.8347
v  -316.0225 174.5370 -0.1221
v  -318.0984 174.5502 -0.1221
v  -317.0307 175.9440 -1.8229
v  -315.4837 175.9342 -1.8229
v  -313.6568 180.2198 0.9853
v  -314.5771 180.2256 0.9853
v  -314.3383 180.8451 0.2312
v  -313.6524 180.8407 0.2312
v  -316.3430 180.2410 0.9802
v  -317.2507 180.2467 0.9802
v  -316.7838 180.8563 0.2364
v  -316.1073 180.8520 0.2364
v  -307.3368 180.1842 1.1138
v  -308.3921 180.1928 1.1151
v  -308.5984 180.7866 0.4786
v  -307.7536 180.7797 0.5600
v  -311.6955 180.8264 0.2839
v  -310.8098 180.8191 0.3693
v  -310.5934 180.1965 1.0366
v  -311.6999 180.2055 1.0379
v  -309.0959 174.9471 -0.1898
v  -309.3802 173.7040 -0.1206
v  -309.7902 174.9286 -0.1941
v  -310.3369 179.1360 0.6339
v  -310.4962 179.5946 0.1425
v  -310.1544 175.9772 -1.3179
v  -309.8889 175.1685 -1.6901
v  -309.4433 175.9472 -1.2616
v  -308.8677 179.5706 0.2230
v  -308.7158 179.1333 0.6917
v  -312.4950 175.0099 -0.2440
v  -312.8084 173.8491 -0.1731
v  -313.0556 175.0139 -0.2619
v  -313.3897 179.0193 0.5065
v  -313.3866 179.4548 -0.0224
v  -313.0486 176.0099 -1.4714
v  -312.7985 175.2401 -1.8624
v  -312.4879 176.0058 -1.4535
v  -312.0140 179.4447 0.0145
v  -312.0171 179.0092 0.5435
v  -315.3231 175.2510 -0.3343
v  -315.5980 174.3075 -0.2621
v  -315.7433 175.2592 -0.3410
v  -315.8966 178.9647 0.5451
v  -315.7623 179.3129 0.1212
v  -315.4362 176.0554 -1.3103
v  -315.1631 175.4351 -1.6347
v  -315.0117 176.0583 -1.3170
v  -314.7541 179.3090 0.1183
v  -314.8902 178.9559 0.5481
v  -305.2784 164.8100 -1.9151
v  -304.3639 164.8083 -0.4017
v  -304.3402 168.1533 -0.4017
v  -305.2547 168.1550 -1.9151
v  -301.3661 166.7388 0.9574
v  -301.3573 167.9788 0.9574
v  -301.4690 167.9780 0.1010
v  -301.4778 166.7380 0.1010
v  -301.8976 168.0374 -0.0057
v  -301.8198 168.0379 0.5909
v  -306.2303 174.4180 -0.4487
v  -306.8167 178.3862 0.3864
v  -307.1071 178.8011 0.0006
v  -302.4709 174.6099 -0.3528
v  -302.3945 174.6232 0.2438
v  -304.2621 174.4528 -0.6765
v  -304.3833 168.1819 -0.6765
v  -302.6611 175.6875 0.2438
v  -302.9060 176.1928 -0.3528
v  -309.8289 175.6976 -1.4232
v  -309.4221 174.5266 -0.1682
v  -312.7863 174.6243 -0.2263
v  -315.5548 174.9393 -0.3125
v  -312.7784 175.7520 -1.5958
v  -315.2036 175.8496 -1.4207
v  -298.8258 168.5535 2.1618
v  -314.0459 181.8920 1.8649
v  -316.6109 181.9082 1.8649
v  -308.0100 181.8450 2.0733
v  -311.1893 181.8711 1.9383
v  -308.9832 148.9809 0.0074
v  -309.6887 148.9798 -2.5485
v  -309.7761 151.8604 -2.4453
v  -309.0989 151.8615 0.0083
v  -309.6887 148.9798 2.8351
v  -309.7761 151.8604 2.7227
v  -311.1041 148.9944 3.0797
v  -311.1348 151.8744 2.9575
v  -312.5195 149.0091 3.3243
v  -312.4936 151.8885 3.1922
v  -313.6156 149.0164 3.3243
v  -313.5457 151.8955 3.1922
v  -314.7116 149.0238 3.3243
v  -314.5978 151.9026 3.1922
v  -313.6156 149.0164 -3.3094
v  -314.7116 149.0238 -3.3094
v  -314.5978 151.9026 -3.1757
v  -313.5457 151.8955 -3.1757
v  -312.5195 149.0091 -3.3094
v  -312.4936 151.8885 -3.1757
v  -311.1041 148.9944 -2.9289
v  -311.1348 151.8744 -2.8105
v  -309.2146 154.1540 0.0091
v  -309.8636 154.1529 -2.3421
v  -309.9510 157.6216 -2.2388
v  -309.3303 157.6226 0.0099
v  -309.8636 154.1529 2.6103
v  -309.9510 157.6216 2.4979
v  -311.1656 154.1664 2.8353
v  -311.1963 157.6345 2.7130
v  -312.4676 154.1799 3.0602
v  -312.4417 157.6474 2.9282
v  -313.4759 154.1866 3.0602
v  -313.4060 157.6538 2.9282
v  -314.4841 154.1934 3.0602
v  -314.3704 157.6603 2.9282
v  -315.0297 157.6744 0.0099
v  -314.9242 154.2028 1.1123
v  -313.4759 154.1866 -3.0420
v  -314.4841 154.1934 -3.0420
v  -314.3704 157.6603 -2.9084
v  -313.4060 157.6538 -2.9084
v  -312.4676 154.1799 -3.0420
v  -312.4417 157.6474 -2.9084
v  -311.1656 154.1664 -2.6921
v  -311.1963 157.6345 -2.5736
v  -308.7518 143.2198 0.0057
v  -309.5138 143.2186 -2.7549
v  -309.6012 146.0992 -2.6517
v  -308.8675 146.1004 0.0066
v  -309.5138 143.2186 3.0600
v  -309.6012 146.0992 2.9476
v  -311.0426 143.2344 3.3241
v  -311.0733 146.1144 3.2019
v  -312.5714 143.2502 3.5883
v  -312.5455 146.1297 3.4563
v  -313.7552 143.2581 3.5883
v  -313.6854 146.1373 3.4563
v  -314.9391 143.2661 3.5883
v  -314.8253 146.1449 3.4563
v  -313.7552 143.2581 -3.5768
v  -314.9391 143.2661 -3.5768
v  -314.8253 146.1449 -3.4431
v  -313.6854 146.1373 -3.4431
v  -312.5714 143.2502 -3.5768
v  -312.5455 146.1297 -3.4431
v  -311.0426 143.2344 -3.1658
v  -311.0733 146.1144 -3.0474
v  -310.0384 160.5022 -2.1356
v  -309.4460 160.5031 0.0108
v  -310.0384 160.5022 2.3854
v  -311.2271 160.5145 2.5908
v  -314.8860 160.5526 0.0108
v  -311.2271 160.5145 -2.4552
v  -314.9616 155.4809 0.0091
v  -314.8974 154.7831 -0.2893
v  -315.2400 151.9026 1.5146
v  -320.3118 151.8779 1.5146
v  -321.8074 149.0151 1.5771
v  -315.3538 149.0237 1.5771
v  -322.1108 146.1523 1.6396
v  -315.4675 146.1449 1.6396
v  -321.2221 143.2895 1.7021
v  -315.5812 143.2661 1.7021
v  -315.5813 143.2661 -0.5318
v  -320.5848 142.7593 -0.5730
v  -321.5494 145.9139 -0.5097
v  -315.4675 146.1449 -0.4685
v  -269.7455 138.6243 -0.0252
v  -275.7420 136.3912 -0.0212
v  -274.1927 136.9488 -6.8453
v  -269.3370 138.7713 -1.8244
v  -262.2054 141.4415 -9.0063
v  -265.2154 145.9304 -7.6669
v  -262.4214 146.9746 -0.0145
v  -258.9248 142.6675 -0.0212
v  -265.2154 145.9304 7.6380
v  -262.2054 141.4415 8.9639
v  -269.4557 144.3363 9.9559
v  -267.1842 139.5697 11.6855
v  -275.4247 142.1040 6.4156
v  -274.1927 136.9488 7.5287
v  -276.7443 141.6292 -0.0145
v  -275.4247 142.1040 -5.8264
v  -269.4557 144.3363 -9.9848
v  -267.1842 139.5697 -11.7279
v  -267.5467 139.4408 -3.0717
v  -269.7446 138.6246 -0.0212
v  -268.9037 148.7661 -3.7729
v  -267.5243 149.2816 0.0051
v  -268.9037 148.7661 3.7831
v  -271.1120 147.9705 4.9274
v  -273.9439 146.8770 3.1796
v  -274.5954 146.6426 0.0051
v  -273.9439 146.8770 -2.8642
v  -271.1120 147.9705 -4.9172
v  -261.7238 47.7085 -6.7447
v  -261.7238 46.6905 -6.7447
v  -265.6827 46.6917 0.0041
v  -265.6827 47.7094 0.0041
v  -264.5932 46.6912 3.0209
v  -264.5948 47.7090 3.0164
v  -258.6932 47.7063 -5.7233
v  -258.6932 46.6875 -5.7233
v  -261.7238 47.7085 6.7528
v  -261.7238 46.6905 6.7528
v  -258.6932 46.6875 5.7314
v  -258.6932 47.7063 5.7314
v  -252.3783 47.7050 0.0041
v  -252.3783 46.6858 0.0041
v  -254.8503 46.6860 -2.7010
v  -254.8503 47.7051 -2.7010
v  -254.8503 47.7051 2.7091
v  -254.8503 46.6860 2.7091
v  -261.7238 45.6180 -6.7447
v  -265.6827 45.6189 0.0041
v  -264.5915 45.6185 3.0256
v  -258.6932 45.6157 -5.7233
v  -261.7238 45.6180 6.7528
v  -258.6932 45.6157 5.7314
v  -252.3783 45.6144 0.0041
v  -254.8503 45.6146 -2.7010
v  -254.8503 45.6146 2.7091
v  -261.7238 44.6716 -6.7447
v  -265.6827 44.6727 0.0041
v  -264.5900 44.6722 3.0298
v  -258.6932 44.6688 -5.7233
v  -261.7238 44.6716 6.7528
v  -258.6932 44.6688 5.7314
v  -252.3783 44.6672 0.0041
v  -254.8503 44.6674 -2.7010
v  -254.8503 44.6674 2.7091
v  -261.7238 43.4839 -6.7447
v  -265.6827 43.4847 0.0041
v  -264.5881 43.4844 3.0350
v  -258.6932 43.4820 -5.7233
v  -261.7238 43.4839 6.7528
v  -258.6932 43.4820 5.7314
v  -252.3783 43.4809 0.0041
v  -254.8503 43.4811 -2.7010
v  -254.8503 43.4811 2.7091
v  -263.9478 6.1521 0.0041
v  -262.9914 6.1516 2.6524
v  -262.6485 85.5350 8.1240
v  -260.5939 6.1512 -5.0694
v  -261.0967 4.0256 -6.8352
v  -265.5540 4.0269 -0.0927
v  -258.6934 6.1491 -4.3016
v  -258.5710 4.0224 -5.8147
v  -253.9460 6.1478 0.0041
v  -252.2620 4.0205 -0.0927
v  -255.0763 4.0208 -2.7953
v  -256.0637 6.1480 -2.0295
v  -256.0636 6.1480 2.0377
v  -255.0763 4.0208 2.6098
v  -258.6934 6.1491 4.3097
v  -258.5710 4.0224 5.6293
v  -264.2829 4.0262 3.4268
v  -261.0967 0.5160 -6.8352
v  -265.5540 0.5159 -0.0927
v  -258.5710 0.5158 -5.8147
v  -252.2620 0.5158 -0.0927
v  -255.0763 0.5158 -2.7953
v  -255.3518 0.1230 0.0849
v  -256.8879 0.1231 -1.3903
v  -255.6673 0.5160 15.8998
v  -258.2596 0.1231 14.3976
v  -256.0615 0.1229 12.2867
v  -251.6401 0.5160 12.0325
v  -270.6606 0.5160 12.0326
v  -266.4435 0.1264 12.2867
v  -265.4507 0.1261 15.0357
v  -268.8417 0.5160 17.0688
v  -268.8417 4.0262 17.0688
v  -265.4123 4.0255 21.6808
v  -261.8864 4.0256 6.6497
v  -260.6681 4.0223 20.2205
v  -255.6672 4.0207 15.8998
v  -251.6401 4.0205 12.0325
v  -256.8879 0.1231 1.5600
v  -260.9893 0.1239 16.7560
v  -258.7955 0.1240 3.2082
v  -260.1741 0.1258 3.7652
v  -264.0920 0.1257 17.5531
v  -261.9132 0.1261 2.0059
v  -262.6070 0.1265 0.0849
v  -270.6605 4.0269 12.0325
v  -264.6494 2.8059 23.6296
v  -261.4310 2.8037 22.6389
v  -260.6681 0.5160 20.2205
v  -261.4310 0.5152 22.6389
v  -264.6494 0.5152 23.6296
v  -265.4123 0.5160 21.6808
v  -255.0197 2.8015 17.4615
v  -252.2877 2.8014 14.8380
v  -252.2877 0.5152 14.8380
v  -255.0197 0.5152 17.4615
v  -269.1342 0.5152 18.4426
v  -270.3681 0.5152 15.0260
v  -270.3680 2.8076 15.0260
v  -269.1342 2.8071 18.4426
v  -266.0487 0.5160 23.0086
v  -268.2053 0.5160 20.1083
v  -268.2053 2.7201 20.1082
v  -266.0487 2.7197 23.0085
v  -259.7401 2.7161 21.6023
v  -256.5952 2.7151 18.8852
v  -256.5953 0.5159 18.8852
v  -259.7401 0.5159 21.6023
v  -266.6346 0.5161 28.6289
v  -267.4991 0.5161 27.8781
v  -263.7750 1.5784 29.7687
v  -262.3054 1.5774 29.3164
v  -262.3054 0.5158 29.3164
v  -263.7750 0.5158 29.7688
v  -254.2774 1.5746 23.1570
v  -253.0300 1.5746 21.9591
v  -253.0300 0.5157 21.9591
v  -254.2774 0.5157 23.1571
v  -258.8857 1.5361 27.2724
v  -257.4497 1.5356 26.0317
v  -257.4497 0.5161 26.0317
v  -258.8857 0.5161 27.2724
v  -269.4694 0.5158 23.9226
v  -270.3887 0.5158 23.2853
v  -270.3887 1.5806 23.2853
v  -268.9553 2.3635 19.1835
v  -268.7747 3.1164 18.3351
v  -268.3816 2.3098 20.2122
v  -267.9455 1.5811 25.0107
v  -267.4991 1.5403 27.8781
v  -267.9455 0.9486 25.0108
v  -268.3816 0.9485 20.2122
v  -268.7747 0.9486 18.3351
v  -268.9553 0.9481 19.1835
v  -269.1623 0.9484 22.5679
v  -269.1623 1.6059 22.5679
v  -269.4694 1.5804 23.9226
v  -264.8071 0.7778 23.8036
v  -265.3929 0.7784 22.3071
v  -265.8816 0.7784 23.3267
v  -266.3316 0.7785 27.6427
v  -266.3316 1.5648 27.6427
v  -266.6346 1.5401 28.6289
v  -265.8816 2.4707 23.3267
v  -265.3929 3.4734 22.3071
v  -264.8071 2.5368 23.8036
v  -264.1356 1.5942 28.5180
v  -264.1356 0.7782 28.5181
v  -261.1666 2.4311 22.8159
v  -260.6490 3.2578 21.1752
v  -260.0195 2.3717 22.1126
v  -259.4398 1.5712 25.9592
v  -259.4398 0.8792 25.9592
v  -260.0195 0.8791 22.1126
v  -260.6490 0.8792 21.1752
v  -261.1666 0.8786 22.8159
v  -261.7598 0.8790 27.3458
v  -261.7598 1.5992 27.3458
v  -255.3157 0.9512 18.1366
v  -255.7133 0.9517 17.1779
v  -256.2830 0.9516 19.0107
v  -256.8076 0.9517 23.3981
v  -256.8076 1.5776 23.3981
v  -256.2830 2.3017 19.0107
v  -255.7133 3.1033 17.1779
v  -255.3157 2.3548 18.1366
v  -254.8600 1.6015 21.6333
v  -254.8600 0.9515 21.6333
v  -268.7039 2.5965 19.2436
v  -265.3605 2.8269 23.1458
v  -260.6117 2.6868 22.0346
v  -255.7707 2.5865 18.1084
v  -268.7039 0.9483 19.2436
v  -265.3605 0.7782 23.1458
v  -260.6117 0.8789 22.0346
v  -260.1741 0.1258 -3.5954
v  -258.7955 0.1240 -3.0384
v  -261.3835 6.1512 5.0776
v  -264.1702 92.6171 -8.1159
v  -262.6486 85.5350 -8.1159
v  -258.6931 77.5792 -6.8869
v  -258.6931 77.5792 6.8951
v  -271.6628 148.9602 0.0051
v  -265.1144 162.0959 -1.3111
v  -264.4314 160.8139 -0.5159
v  -322.8618 149.3302 0.0072
v  -321.0838 152.7316 0.0076
v  -319.5966 152.2230 -0.3831
v  -321.2200 149.0684 -0.4464
v  -322.1677 142.5274 0.0064
v  -323.2231 145.9288 0.0068
v  -318.3715 139.1243 0.0049
v  -318.0375 140.4383 1.2715
v  -318.3511 139.6149 -0.2851
v  -317.4460 154.1616 1.1123
v  -317.6678 155.4325 0.0091
v  -316.4844 154.7376 -0.2893
v  -306.9626 134.8217 -2.9613
v  -306.7448 135.6107 0.0041
v  -306.9626 134.8217 3.2848
v  -308.8226 128.3876 0.0041
v  -307.4186 133.2440 -3.4027
v  -305.9725 133.0457 -3.4027
v  -307.7280 135.1933 -2.9613
v  -307.3637 135.9263 0.0041
v  -307.7280 135.1933 3.2848
v  -308.4766 133.7315 3.5686
v  -310.7813 129.2322 0.0041
v  -308.4766 133.7315 -3.4027
v  -308.6832 135.8169 -2.9613
v  -308.0908 136.3817 0.0041
v  -308.6832 135.8169 3.2848
v  -309.8854 134.6980 3.5686
v  -313.5862 131.2542 0.0041
v  -309.8854 134.6980 -3.4027
v  -307.1848 170.7677 2.0524
v  -310.0137 170.7777 2.2324
v  -270.6372 127.2774 0.0041
v  -256.7209 167.4629 -24.4947
v  -256.2396 167.2354 -23.7172
v  -267.9774 163.9765 -8.4662
v  -269.7455 164.3348 -6.3809
v  -257.6536 161.0936 -11.2439
v  -251.7410 163.4352 -15.0180
v  -249.9478 163.8527 -15.4047
v  -251.5178 164.5413 -16.6526
v  -252.1547 163.6837 -15.7761
v  -259.2866 160.6654 -12.2929
v  -254.6731 178.1979 -5.4610
v  -260.4520 175.6914 -12.5017
v  -264.5655 175.6914 -5.4806
v  -256.1363 178.1979 0.0000
v  -263.8563 173.9148 -5.1027
v  -260.8792 173.9148 -11.9183
v  -255.0389 176.4213 -5.6722
v  -253.5326 173.9148 -16.0977
v  -250.8866 176.4213 -9.8245
v  -253.3790 175.6914 -16.5255
v  -248.2100 178.1979 10.7499
v  -248.7565 177.9238 9.5224
v  -250.0877 174.7022 10.6793
v  -247.9579 179.4461 9.8190
v  -254.1403 180.6563 4.5786
v  -249.4900 177.8870 9.8421
v  -253.6740 177.8870 6.6262
v  -254.6730 178.1979 5.4610
v  -255.2217 113.3829 -14.2143
v  -255.2803 92.6171 -14.0601
v  -254.6731 154.6555 -6.0660
v  -253.9328 167.2287 9.0686
v  -251.0904 161.6881 9.3175
v  -252.9234 164.3738 9.3175
v  -247.2418 195.4795 3.5110
v  -248.7495 195.4790 2.0332
v  -249.3063 195.4789 -0.0114
v  -248.7506 195.4790 -2.0567
v  -247.2430 195.4794 -3.5359
v  -245.6869 199.7193 0.0819
v  -246.0302 199.4565 -0.1567
v  -246.1496 199.1050 -0.4757
v  -246.0246 198.7557 -0.7924
v  -245.6814 198.4975 -1.0265
v  -263.1728 140.4807 0.0041
v  -250.1780 162.1677 10.8787
v  -251.7263 164.4323 11.0137
v  -252.9997 166.8396 11.1572
v  -253.8312 177.9238 5.6219
v  -265.6762 177.0934 -6.1163
v  -260.8563 177.2368 -13.3574
v  -253.1733 177.0460 -17.2330
v  -253.3383 178.2604 -17.9619
v  -261.3066 178.4972 -13.8559
v  -266.1007 178.3092 -6.4785
v  -262.5284 172.2367 -2.7507
v  -261.2043 170.9890 -2.1748
v  -259.2689 169.4360 -10.4420
v  -252.0063 170.8324 -14.5413
v  -252.8982 172.0552 -15.9355
v  -259.3512 171.3100 -10.5280
v  -275.9337 133.1843 3.5686
v  -275.9337 133.1843 -3.4027
v  -306.5422 174.6240 -1.2641
v  -306.5833 168.8236 -1.5531
v  -305.3790 168.1854 -1.6794
v  -305.7498 168.8226 -0.5380
v  -305.9570 173.3445 -0.6996
v  -306.8885 176.1950 -1.0442
v  -305.2432 174.2923 -1.6794
v  -315.3538 149.0237 -0.4052
v  -315.2400 151.9026 -0.3420
v  -266.1766 139.9558 -2.3941
v  -265.3117 140.2790 -0.0252
v  -266.1766 139.9558 2.3436
v  -267.4893 139.4623 3.0612
v  -269.3370 138.7713 1.9652
v  -267.4893 139.4623 -3.1116
v  -267.0669 0.4956 31.7253
v  -263.0402 0.5143 33.0144
v  -253.6537 0.5126 26.0299
v  -258.1677 0.4934 30.1239
v  -269.9291 0.5156 27.0758
v  -258.9328 0.1246 0.2907
v  -258.9876 0.1246 0.2381
v  -258.9876 0.1246 0.3433
v  -259.0802 0.1247 0.4121
v  -259.1668 0.1247 0.3593
v  -259.1916 0.1247 0.2907
v  -259.0802 0.1247 0.1694
v  -231.3729 0.1246 0.2989
# 2076 vertices

vn 0.8542 0.5199 0.0000
vn 0.8112 0.5508 0.1962
vn 0.4547 0.8527 -0.2571
vn 0.7398 0.5199 -0.4271
vn 0.1544 0.6429 -0.7502
vn 0.4271 0.5199 -0.7398
vn 0.0000 0.3856 -0.9227
vn -0.0000 0.5199 -0.8542
vn 0.7957 -0.1233 0.5929
vn 0.7586 -0.4823 0.4380
vn 0.8806 -0.4711 0.0506
vn 0.9918 -0.1278 0.0000
vn 0.0000 -0.5073 0.8617
vn 0.0000 -0.4068 0.9135
vn 0.4567 -0.4070 0.7911
vn 0.4589 -0.3683 0.8085
vn 0.7911 -0.4070 0.4567
vn 0.9134 -0.4070 0.0000
vn 0.3671 -0.4696 -0.8029
vn 0.4567 -0.4070 -0.7911
vn 0.0000 -0.4070 -0.9134
vn -0.0000 -0.4588 -0.8885
vn -0.0000 -1.0000 0.0000
vn 0.1643 -0.8718 0.4616
vn 0.0000 -0.8616 0.5076
vn -0.2916 -0.5872 0.7551
vn -0.2575 -0.9663 -0.0000
vn -0.2916 -0.5872 -0.7551
vn 0.1643 -0.8718 -0.4616
vn -0.0000 -0.8616 -0.5076
vn -0.0000 0.5199 0.8542
vn 0.4532 0.4946 0.7416
vn 0.4335 -0.4984 0.7508
vn 0.0000 -0.4984 0.8669
vn 0.7342 0.5260 0.4293
vn 0.7508 -0.4984 0.4335
vn 0.8669 -0.4984 0.0000
vn 0.7508 -0.4984 -0.4335
vn 0.4335 -0.4984 -0.7508
vn 0.0000 -0.4984 -0.8669
vn 0.4139 -0.5620 0.7161
vn 0.0000 -0.5575 0.8302
vn 0.7143 -0.5655 0.4122
vn 0.8237 -0.5670 -0.0000
vn 0.7142 -0.5657 -0.4121
vn 0.4137 -0.5624 -0.7159
vn 0.0000 -0.5579 -0.8299
vn -0.0000 -0.7058 -0.7084
vn 0.0000 0.0022 -1.0000
vn 0.4212 -0.6199 -0.6621
vn 0.7657 -0.3506 -0.5392
vn 0.9322 0.0714 -0.3548
vn 0.8301 0.5282 -0.1790
vn 0.4911 0.8684 -0.0683
vn 0.0000 0.9995 -0.0312
vn 0.0000 0.6840 0.7295
vn 0.3676 0.7019 0.6101
vn 0.3350 0.7269 0.5995
vn 0.0000 0.7297 0.6838
vn 0.5959 0.7329 0.3283
vn 0.5900 0.7177 0.3700
vn 0.6454 0.7638 -0.0055
vn 0.7198 0.6929 0.0415
vn 0.5386 0.7846 -0.3072
vn 0.6803 0.6542 -0.3306
vn 0.3079 0.7958 -0.5215
vn 0.4354 0.6069 -0.6648
vn 0.0000 0.7960 -0.6052
vn 0.0000 0.5855 -0.8107
vn 0.0000 0.0417 -0.9991
vn 0.4770 0.0520 -0.8773
vn 0.4775 0.0000 -0.8786
vn 0.0000 0.0000 -1.0000
vn 0.8649 0.0521 -0.4993
vn 0.8660 0.0000 -0.5000
vn 0.9986 0.0521 0.0000
vn 1.0000 0.0000 0.0000
vn 0.8950 0.0919 0.4365
vn 0.8578 0.0000 0.5140
vn 0.4741 -0.1275 -0.8712
vn 0.0000 -0.1035 -0.9946
vn 0.8651 -0.0909 -0.4933
vn 0.3786 -0.6531 -0.6558
vn -0.0000 -0.6531 -0.7572
vn 0.7562 -0.4937 -0.4294
vn 0.6559 -0.6529 -0.3788
vn 0.7578 -0.6524 -0.0004
vn 0.5531 0.7696 0.3190
vn 0.3188 0.7700 0.5527
vn 0.0000 0.5629 0.8265
vn 0.2570 -0.1208 0.9588
vn 0.4446 -0.2510 -0.8599
vn 0.0000 -0.2826 -0.9592
vn 0.8299 -0.2000 -0.5208
vn 0.1750 0.9846 0.0002
vn 0.1636 0.9811 0.1031
vn 0.1398 0.9523 0.2711
vn 0.0000 0.6489 -0.7609
vn 0.3000 0.6718 -0.6772
vn 0.3726 0.3848 -0.8445
vn -0.0000 0.3647 -0.9311
vn 0.3901 0.7752 -0.4969
vn 0.4368 0.3611 -0.8239
vn 0.3903 0.7751 0.4968
vn 0.3000 0.6718 0.6772
vn 0.3726 0.3848 0.8445
vn 0.4368 0.3611 0.8239
vn -0.0000 0.6489 0.7608
vn 0.0000 0.3647 0.9311
vn -0.4239 0.1082 -0.8992
vn -0.0000 0.2737 -0.9618
vn 0.0000 0.5739 0.8189
vn -0.1469 0.7913 0.5935
vn 0.0121 0.4104 0.9118
vn 0.0000 0.9549 0.2968
vn -0.5041 0.3921 0.7695
vn -0.4044 0.3140 0.8590
vn 0.2235 -0.5782 0.7847
vn -0.6724 -0.4021 0.6215
vn 0.0000 -0.6674 0.7447
vn -0.0000 -0.9693 0.2459
vn 0.0000 0.1815 -0.9834
vn 0.4029 0.1917 -0.8949
vn 0.4053 0.0000 -0.9142
vn 0.4516 0.1825 -0.8734
vn 0.4725 0.0000 -0.8814
vn -0.0014 0.4559 0.8900
vn -0.0289 0.5693 0.8216
vn -0.0036 0.5721 0.8202
vn -0.0024 0.4599 0.8880
vn 0.4516 0.1825 0.8734
vn 0.4029 0.1917 0.8949
vn 0.4053 0.0000 0.9142
vn 0.4725 0.0000 0.8813
vn 0.0000 0.1815 0.9834
vn 0.0000 0.0000 1.0000
vn 0.8024 0.0000 -0.5968
vn 0.9921 -0.1258 0.0000
vn 0.7892 -0.0913 -0.6074
vn 0.8024 0.0000 0.5968
vn 0.7892 -0.0913 0.6073
vn -0.0000 -0.0078 -1.0000
vn 0.4332 -0.0043 -0.9013
vn 0.4321 -0.0036 -0.9018
vn 0.0000 -0.0045 -1.0000
vn 0.8122 -0.0955 -0.5755
vn 0.8124 0.0890 -0.5763
vn 0.9912 -0.1327 -0.0000
vn 0.9917 0.1286 0.0000
vn 0.8122 -0.0956 0.5755
vn 0.8124 0.0890 0.5763
vn 0.9016 0.0007 0.4325
vn 0.9030 -0.0018 0.4297
vn 0.4806 0.4651 0.7434
vn -0.2593 0.4493 0.8549
vn -0.2593 -0.4493 0.8549
vn 0.4806 -0.4652 0.7434
vn 0.9925 0.1221 -0.0000
vn 0.7871 0.0305 0.6161
vn 0.9111 -0.0495 0.4093
vn 0.9969 -0.0133 -0.0774
vn -0.0000 -0.2554 -0.9668
vn 0.4536 -0.2399 -0.8583
vn 0.2548 -0.6591 -0.7076
vn 0.0000 -0.6416 -0.7670
vn 0.4536 -0.2399 0.8583
vn 0.0000 -0.2554 0.9668
vn -0.0000 -0.6416 0.7670
vn 0.2548 -0.6591 0.7076
vn 0.8490 -0.0270 0.5276
vn 0.2350 -0.9518 -0.1969
vn -0.4217 -0.2479 -0.8722
vn 0.4908 0.1717 0.8542
vn 0.6153 0.3386 0.7119
vn 0.0242 0.7945 0.6067
vn 0.5945 0.6750 0.4369
vn 0.5982 0.2158 0.7718
vn 0.6874 0.1653 0.7072
vn 0.7405 -0.4145 0.5289
vn 0.2982 -0.3253 0.8974
vn 0.7489 0.2446 0.6159
vn 0.8086 0.1787 0.5606
vn -0.4806 -0.6959 0.5336
vn 0.7444 -0.4552 -0.4885
vn -0.1339 -0.9707 0.1993
vn 0.2186 -0.9722 0.0843
vn 0.4865 -0.8737 0.0026
vn -0.3283 -0.8889 0.3197
vn -0.5030 -0.8174 -0.2808
vn 0.2212 -0.7978 -0.5608
vn -0.3405 -0.1855 0.9218
vn -0.3649 -0.9298 0.0469
vn -0.8653 -0.2576 -0.4300
vn -0.8456 -0.2105 0.4905
vn 0.2143 -0.9366 -0.2772
vn 0.4812 -0.2227 -0.8479
vn -0.7943 0.3657 -0.4851
vn -0.5345 0.4858 0.6916
vn 0.3140 0.3360 -0.8880
vn 0.6940 0.7157 -0.0785
vn -0.4649 0.4012 0.7892
vn 0.8930 0.3582 0.2723
vn -0.8047 0.2793 -0.5238
vn 0.2689 0.2561 -0.9285
vn 0.8845 -0.3702 0.2840
vn -0.4612 -0.3768 0.8033
vn -0.8021 -0.3033 -0.5144
vn 0.2621 -0.2787 -0.9239
vn 0.5450 -0.8265 -0.1406
vn 0.2244 -0.7157 0.6614
vn -0.5851 -0.7511 0.3057
vn -0.2395 -0.8274 -0.5079
vn 0.8332 -0.4264 -0.3521
vn 0.5187 -0.2947 0.8026
vn 0.3969 0.3747 0.8379
vn 0.8068 0.4782 -0.3471
vn -0.8007 -0.2663 0.5367
vn -0.7889 0.5397 0.2939
vn -0.3542 -0.1244 -0.9269
vn -0.2871 0.3662 -0.8851
vn 0.3950 0.3250 0.8592
vn 0.8907 0.3039 -0.3381
vn -0.8537 0.3830 0.3528
vn -0.3170 0.2611 -0.9118
vn 0.3777 -0.1965 0.9048
vn 0.9024 -0.2947 -0.3144
vn -0.8857 -0.2502 0.3911
vn -0.3433 -0.2571 -0.9034
vn -0.9699 -0.1545 0.1883
vn 0.1188 -0.0967 -0.9882
vn 0.2009 0.3370 -0.9198
vn -0.8783 0.4314 0.2058
vn 0.9764 -0.2147 0.0232
vn 0.9713 0.2375 -0.0135
vn 0.2524 -0.1988 0.9470
vn 0.3926 0.2550 0.8837
vn 0.1805 0.2655 -0.9471
vn -0.9270 0.3156 0.2028
vn 0.9864 0.1646 0.0009
vn 0.3957 0.2355 0.8877
vn 0.1415 -0.3774 -0.9152
vn -0.9055 -0.3752 0.1981
vn 0.8937 -0.4478 0.0260
vn 0.3297 -0.3364 0.8821
vn -0.0172 -0.8868 -0.4619
vn -0.4449 -0.8883 0.1136
vn 0.2321 -0.9723 0.0273
vn 0.0538 -0.8410 0.5384
vn -0.0898 -0.3307 0.9394
vn -0.7045 -0.7011 0.1101
vn 0.2929 -0.8960 0.3339
vn -0.2368 -0.9706 -0.0441
vn 0.5119 -0.3577 -0.7810
vn -0.2229 -0.9488 -0.2237
vn -0.1944 -0.9503 -0.2433
vn -0.8822 -0.1653 0.4410
vn -0.0909 -0.9869 0.1335
vn -0.4092 0.1148 -0.9052
vn 0.1614 -0.9266 -0.3395
vn 0.7055 -0.6997 0.1124
vn -0.1194 -0.0000 0.9928
vn 1.0000 0.0000 -0.0045
vn -0.1091 -0.6893 0.7162
vn 0.9333 0.0454 -0.3562
vn -0.6167 -0.6401 0.4583
vn 0.4536 -0.8872 0.0846
vn 0.5689 -0.8071 0.1577
vn -0.2829 -0.8454 0.4531
vn -0.5345 -0.8190 -0.2087
vn 0.2344 -0.8353 -0.4973
vn 0.5871 -0.8050 -0.0859
vn 0.0224 -0.8712 0.4904
vn -0.4591 -0.8883 -0.0116
vn -0.0802 -0.8508 -0.5193
vn -0.4579 -0.8509 0.2574
vn -0.2380 -0.8105 -0.5352
vn 0.5263 -0.8325 -0.1733
vn 0.3060 -0.8040 0.5099
vn 0.9458 0.2452 0.2129
vn -0.1049 -0.2146 0.9710
vn -0.4365 -0.0555 0.8980
vn 0.9441 -0.0454 0.3264
vn -0.0533 -0.9944 -0.0911
vn 0.4575 -0.8623 -0.2170
vn 0.4425 -0.1513 -0.8839
vn -0.8974 -0.1686 -0.4077
vn 0.0170 -0.1124 0.9935
vn 0.9719 -0.0068 -0.2353
vn -0.4247 -0.8490 -0.3143
vn 0.1509 0.4554 -0.8774
vn -0.0862 -0.0203 -0.9961
vn -0.9820 -0.1877 -0.0229
vn -0.9779 -0.1554 0.1397
vn -0.2390 0.2909 -0.9264
vn -0.3648 0.0000 -0.9311
vn -0.8627 -0.0000 0.5057
vn 0.9715 -0.2273 0.0671
vn -0.1321 -0.4195 0.8981
vn -0.1836 0.5266 0.8301
vn 0.8818 0.4278 0.1985
vn -0.9314 -0.2901 -0.2201
vn -0.8891 0.3964 -0.2287
vn 0.4821 -0.1525 -0.8627
vn 0.1031 0.5060 -0.8564
vn -0.2060 0.3274 0.9222
vn 0.9254 0.3518 0.1413
vn -0.9301 0.2828 -0.2343
vn 0.1875 0.3774 -0.9069
vn -0.1775 -0.4183 0.8908
vn 0.9433 -0.3105 0.1176
vn -0.8859 -0.3881 -0.2542
vn 0.2174 -0.3332 -0.9175
vn 0.0315 -0.9196 0.3915
vn 0.5633 -0.8238 0.0626
vn -0.3626 -0.9095 -0.2031
vn 0.1463 -0.8434 -0.5170
vn -0.8806 -0.2970 -0.3692
vn 0.3797 -0.4962 -0.7808
vn 0.3128 0.3369 -0.8881
vn -0.8340 0.3934 -0.3869
vn 0.9487 0.3162 -0.0049
vn -0.1114 0.5300 0.8406
vn 0.3063 0.2714 -0.9124
vn -0.8571 0.2884 -0.4268
vn 0.9650 0.2621 -0.0061
vn -0.1125 0.3404 0.9335
vn 0.3095 -0.2958 -0.9037
vn -0.8476 -0.3207 -0.4228
vn 0.9610 -0.2764 -0.0038
vn -0.1097 -0.3579 0.9273
vn 0.2056 -0.8329 -0.5137
vn -0.4921 -0.8438 -0.2140
vn 0.5803 -0.8144 0.0034
vn -0.0590 -0.8690 0.4913
vn -0.9141 -0.1179 0.3880
vn -0.5884 -0.1411 -0.7961
vn -0.4151 0.3584 -0.8362
vn -0.7296 0.3935 0.5592
vn 0.7680 -0.1845 -0.6133
vn 0.7586 0.3465 -0.5517
vn 0.5537 -0.2967 0.7780
vn 0.5131 0.3520 0.7829
vn -0.4949 0.2859 -0.8206
vn -0.8046 0.2999 0.5126
vn 0.8167 0.2753 -0.5071
vn 0.5863 0.2740 0.7624
vn -0.4967 -0.2941 -0.8166
vn -0.8046 -0.3066 0.5085
vn 0.8077 -0.3006 -0.5073
vn 0.5791 -0.3062 0.7556
vn -0.2399 -0.8106 -0.5342
vn -0.4421 -0.8178 0.3685
vn 0.4272 -0.8215 -0.3776
vn 0.2659 -0.8273 0.4948
vn -0.4454 0.4283 0.7862
vn 0.9111 0.2983 0.2843
vn -0.8802 0.2569 -0.3991
vn 0.3294 0.3718 -0.8679
vn -0.4148 0.2994 0.8593
vn 0.9109 0.2499 0.3283
vn -0.8668 0.2223 -0.4463
vn 0.3036 0.2757 -0.9120
vn -0.4063 -0.3365 0.8495
vn 0.9030 -0.2790 0.3267
vn -0.8541 -0.2738 -0.4421
vn 0.3037 -0.3187 -0.8979
vn 0.0344 0.4153 0.9090
vn 0.9407 0.3102 -0.1377
vn -0.8320 0.5546 0.0130
vn -0.1464 0.3621 -0.9206
vn -0.9307 0.3647 0.0269
vn 0.0886 0.3139 0.9453
vn -0.0969 0.2987 -0.9494
vn 0.9573 0.2338 -0.1698
vn 0.0866 -0.3377 0.9373
vn 0.9403 -0.2967 -0.1670
vn -0.9267 -0.3752 0.0238
vn -0.0974 -0.3067 -0.9468
vn -0.3674 0.2588 -0.8933
vn -0.7868 0.4175 0.4547
vn 0.8852 -0.1043 -0.4533
vn 0.8791 0.3510 -0.3225
vn 0.4618 -0.1994 0.8643
vn 0.4973 0.2152 0.8405
vn -0.3483 0.2184 -0.9116
vn -0.8256 0.2876 0.4855
vn 0.8966 0.2614 -0.3575
vn 0.4944 0.1911 0.8480
vn -0.3428 -0.2725 -0.8990
vn -0.8108 -0.3396 0.4767
vn 0.8812 -0.3158 -0.3518
vn 0.4880 -0.2445 0.8379
vn 0.6381 0.2140 0.7396
vn 0.0000 0.7588 0.6514
vn -0.0000 0.8865 0.4627
vn 0.6969 0.6669 0.2637
vn -0.0000 -0.7578 0.6525
vn 0.6382 -0.2163 0.7389
vn 0.7083 -0.6653 0.2358
vn 0.0000 -0.9091 0.4166
vn 0.9458 0.0004 0.3248
vn 0.9405 0.0068 0.3397
vn 0.0000 0.0130 0.9999
vn 0.4802 -0.4367 0.7607
vn -0.2489 -0.4260 0.8698
vn 0.4791 0.4288 0.7659
vn -0.2462 0.4101 0.8782
vn 0.0000 0.0047 1.0000
vn -0.2601 0.4740 0.8412
vn 0.4766 0.4919 0.7286
vn -0.2616 -0.4815 0.8365
vn 0.4763 -0.4978 0.7248
vn 0.4124 -0.0264 -0.9106
vn 0.6493 -0.1422 -0.7471
vn 0.8579 -0.5139 0.0000
vn 0.6493 -0.1421 0.7471
vn 0.4124 -0.0264 0.9106
vn 0.3359 0.3266 0.8835
vn 0.3717 0.6258 0.6857
vn 0.3520 0.0000 0.9360
vn 0.3671 0.1824 0.9121
vn 0.3520 0.0000 -0.9360
vn 0.3636 -0.5570 -0.7467
vn 0.3447 0.3297 -0.8789
vn 0.3671 0.1824 -0.9121
vn 0.1856 0.0000 0.9826
vn 0.1930 0.0739 0.9784
vn 0.1856 0.0000 -0.9826
vn 0.1372 -0.6664 -0.7329
vn 0.2385 0.6556 -0.7165
vn 0.2253 0.9742 -0.0122
vn -0.0634 0.9979 -0.0125
vn -0.0430 0.6921 -0.7205
vn 0.2251 0.6262 0.7464
vn -0.0413 0.6660 0.7448
vn -0.0000 0.0000 1.0000
vn -0.0054 0.0817 0.9966
vn 0.1372 -0.6664 0.7329
vn 0.0272 -0.9996 0.0000
vn 0.0776 -0.9970 0.0000
vn 0.0499 -0.6368 0.7694
vn 0.0499 -0.6368 -0.7694
vn -0.0000 0.0000 -1.0000
vn 0.3777 0.6194 -0.6883
vn 0.3209 0.4938 0.8082
vn 0.8992 0.3262 0.2917
vn 0.3635 -0.5570 0.7467
vn 0.1968 0.1137 -0.9738
vn -0.0083 0.1252 -0.9921
vn -0.0113 0.1702 0.9853
vn -0.0214 0.0748 0.9970
vn -0.0477 0.1634 0.9854
vn -0.0000 -0.0000 1.0000
vn 0.1766 -0.6308 0.7556
vn -0.0000 -0.0000 -1.0000
vn 0.1766 -0.6308 -0.7556
vn -0.0329 0.1147 -0.9929
vn -0.0395 0.0699 0.9968
vn 0.3199 -0.5645 0.7609
vn 0.3199 -0.5645 -0.7609
vn -0.0605 0.1072 -0.9924
vn -0.0544 0.0438 0.9976
vn 0.5419 -0.4191 0.7285
vn 0.5419 -0.4191 -0.7285
vn -0.0834 0.0672 -0.9942
vn -0.0002 0.0229 0.9997
vn -0.0752 0.0352 0.9965
vn 0.6581 -0.0981 0.7465
vn -0.0002 0.0232 -0.9997
vn 0.6581 -0.0979 -0.7466
vn -0.1151 0.0420 -0.9925
vn -0.6609 0.1523 -0.7349
vn -0.9767 0.2140 -0.0125
vn -0.9991 0.0401 -0.0124
vn -0.7041 0.0468 -0.7085
vn -0.6307 0.1464 0.7621
vn -0.6801 0.0492 0.7315
vn -0.1706 0.0555 0.9838
vn -0.1705 0.0436 0.9844
vn -0.0857 0.0449 0.9953
vn -0.0003 0.0458 0.9990
vn 0.6230 0.0604 0.7799
vn 0.9918 -0.1272 -0.0136
vn 0.9585 -0.2192 -0.1822
vn 0.7214 -0.2212 0.6562
vn 0.7459 -0.0301 -0.6654
vn -0.0003 0.0464 -0.9989
vn 0.6539 0.0609 -0.7541
vn -0.1312 0.0448 -0.9903
vn -0.2596 0.0724 -0.9630
vn -0.2598 0.0425 -0.9647
vn -0.0896 -0.0060 0.9960
vn 0.0001 -0.0120 0.9999
vn 0.0002 -0.0349 0.9994
vn -0.0373 -0.0325 0.9988
vn 0.5008 -0.1837 0.8458
vn 0.5637 -0.2532 0.7862
vn 0.5009 -0.1842 -0.8456
vn 0.0001 -0.0125 -0.9999
vn 0.0002 -0.0356 -0.9994
vn 0.5636 -0.2535 -0.7862
vn -0.1376 -0.0030 -0.9905
vn -0.0579 -0.0319 -0.9978
vn -0.7613 -0.6046 0.2342
vn -0.5721 -0.2447 0.7828
vn -0.5224 0.1243 0.8436
vn -0.9148 0.1433 0.3776
vn -0.0782 -0.0457 0.9959
vn -0.0790 0.1644 0.9832
vn -0.0399 0.1768 0.9834
vn -0.0011 0.1779 0.9840
vn 0.4992 0.1536 0.8528
vn 0.9302 -0.3670 -0.0000
vn 1.0000 0.0071 -0.0003
vn 0.5189 0.0500 -0.8534
vn -0.0003 0.0547 -0.9985
vn -0.0612 0.0541 -0.9967
vn -0.1213 -0.0523 -0.9912
vn -0.1221 0.0470 -0.9914
vn -0.4060 -0.3668 -0.8371
vn -0.3902 0.1382 -0.9103
vn 0.0046 0.3256 -0.9455
vn 0.5175 0.2964 -0.8027
vn -0.0481 0.3234 -0.9450
vn -0.8532 0.2741 0.4437
vn -0.0032 0.4345 0.9006
vn 0.1796 0.0030 0.9837
vn -0.4454 0.0452 0.8942
vn -0.1015 0.3162 -0.9432
vn -0.4288 0.2802 -0.8588
vn -0.1516 0.4164 -0.8964
vn 0.3813 0.5359 -0.7533
vn -0.4152 0.4436 -0.7942
vn 0.4051 0.5016 -0.7644
vn 0.2720 0.0454 0.9612
vn -0.2196 0.0484 0.9744
vn 0.3291 0.0829 0.9406
vn -0.2644 0.0420 0.9635
vn -0.4720 0.4679 -0.7472
vn 0.4203 0.4497 -0.7881
vn 0.8048 0.2159 0.5529
vn -0.2330 0.0240 0.9722
vn 0.5258 0.4008 -0.7502
vn -0.5312 0.5051 -0.6802
vn 0.7714 0.0039 0.6364
vn -0.6986 -0.0913 0.7097
vn -0.6396 0.5668 -0.5192
vn 0.5527 0.5915 -0.5871
vn 0.8643 0.0225 0.5024
vn -0.5784 -0.1346 0.8046
vn 0.4924 0.5798 -0.6491
vn -0.6911 0.5711 -0.4430
vn 0.5952 -0.1509 0.7893
vn -0.8179 0.0864 0.5689
vn -0.5056 0.5964 -0.6234
vn 0.6759 0.5736 -0.4627
vn -0.5957 0.5821 -0.5535
vn 0.6020 0.5978 -0.5294
vn 0.6936 -0.0636 0.7176
vn -0.7653 0.0026 0.6437
vn -0.0388 0.1437 0.9889
vn 0.3172 -0.0764 0.9453
vn -0.4534 -0.0272 0.8909
vn -0.6295 0.2439 0.7378
vn -0.7603 0.5131 -0.3983
vn -0.4607 0.4162 -0.7839
vn 0.0373 0.7252 -0.6876
vn 0.5075 0.4688 -0.7230
vn 0.8429 0.5379 -0.0153
vn 0.5298 0.0877 0.8436
vn 0.0094 0.1765 0.9843
vn 0.4500 -0.0298 0.8925
vn -0.4207 -0.0451 0.9061
vn -0.6334 0.1831 0.7519
vn -0.8396 0.5040 -0.2029
vn -0.5435 0.4226 -0.7253
vn -0.0287 0.7466 -0.6646
vn 0.5053 0.4540 -0.7339
vn 0.8221 0.5378 -0.1869
vn 0.6464 0.1977 0.7370
vn 0.0967 0.1913 0.9767
vn 0.5634 -0.0171 0.8260
vn -0.3841 -0.0881 0.9191
vn -0.8291 0.5580 -0.0361
vn -0.3466 0.0516 0.9366
vn -0.1015 0.7520 -0.6514
vn -0.6253 0.4294 -0.6517
vn 0.4670 0.4257 -0.7751
vn 0.5249 0.1810 0.8317
vn 0.7850 0.5174 -0.3407
vn -0.5573 -0.7052 0.4383
vn -0.4590 -0.4776 -0.7492
vn -0.1628 0.6847 0.7104
vn -0.3865 0.5836 -0.7141
vn 0.3825 0.6444 0.6622
vn -0.1517 -0.6910 0.7068
vn -0.6369 -0.5224 -0.5670
vn -0.4329 0.6412 -0.6336
vn -0.1797 0.9361 0.3023
vn -0.5413 0.7004 -0.4653
vn -0.7620 0.3258 0.5596
vn -0.5591 -0.0654 0.8265
vn -0.6283 0.4902 -0.6041
vn -0.6058 0.1241 0.7859
vn -0.8043 0.1283 -0.5802
vn -0.0325 0.6698 0.7418
vn 0.2166 -0.1972 0.9561
vn -0.7169 0.3358 0.6110
vn -0.5629 0.6081 -0.5597
vn -0.0892 0.4405 -0.8933
vn 0.0077 0.0573 0.9983
vn 0.0314 0.0693 0.9971
vn 0.0144 0.0804 0.9967
vn -0.0318 0.4608 -0.8869
vn 0.0172 0.4573 -0.8891
vn -0.7977 0.3513 0.4901
vn -0.0073 0.7453 0.6667
vn -0.0106 0.7451 0.6669
vn -0.0049 0.7385 0.6742
vn -0.0055 0.7417 0.6707
vn -0.9989 0.0452 -0.0124
vn -0.7038 0.0526 -0.7084
vn -0.6797 0.0553 0.7314
vn -0.1705 0.0492 0.9841
vn -0.0857 0.0506 0.9950
vn -0.0003 0.0517 0.9987
vn 0.5710 0.0601 0.8187
vn 0.5655 0.0676 0.8220
vn -0.0004 0.0523 -0.9986
vn 0.6225 0.0684 -0.7796
vn 0.6248 0.0608 -0.7784
vn -0.1310 0.0505 -0.9901
vn -0.2598 0.0479 -0.9645
vn -0.9990 0.0419 -0.0124
vn -0.9992 0.0367 -0.0124
vn -0.7042 0.0427 -0.7087
vn -0.7042 0.0490 -0.7083
vn -0.6802 0.0515 0.7312
vn -0.6801 0.0450 0.7318
vn -0.1705 0.0455 0.9843
vn -0.1705 0.0399 0.9845
vn -0.0859 0.0468 0.9952
vn -0.0857 0.0411 0.9955
vn -0.0003 0.0478 0.9989
vn -0.0003 0.0419 0.9991
vn 0.6227 0.0633 0.7799
vn 0.6232 0.0552 0.7801
vn 0.9996 0.0260 -0.0095
vn 0.7043 0.3047 0.6411
vn -0.0003 0.0484 -0.9988
vn -0.0003 0.0425 -0.9991
vn 0.6232 0.0556 -0.7801
vn 0.6470 0.0647 -0.7598
vn -0.1314 0.0468 -0.9902
vn -0.1310 0.0410 -0.9905
vn -0.2598 0.0443 -0.9647
vn -0.2598 0.0389 -0.9649
vn 0.5808 0.0602 0.8118
vn 0.5761 0.0601 0.8152
vn 0.6268 0.0608 -0.7768
vn 0.6286 0.0608 -0.7753
vn -0.9147 -0.4040 -0.0120
vn -0.6204 -0.2321 -0.7491
vn -0.5857 -0.2169 0.7810
vn -0.1697 -0.0386 0.9847
vn 0.9116 -0.4110 0.0001
vn -0.2587 -0.0528 -0.9645
vn 0.9515 0.2793 -0.1294
vn 0.7154 0.1455 -0.6834
vn 0.5624 0.1334 0.8160
vn 0.5716 0.0404 0.8195
vn 0.4787 0.1625 0.8628
vn 0.3620 0.3445 0.8662
vn 0.5767 0.0405 0.8160
vn 0.5081 -0.0281 0.8609
vn 0.5940 -0.0375 0.8036
vn 0.4236 -0.2897 0.8583
vn 0.6197 0.0181 -0.7846
vn 0.6250 0.0418 -0.7795
vn 0.1651 0.0010 -0.9863
vn 0.1676 -0.1212 -0.9784
vn 0.9202 -0.3912 -0.0137
vn 0.6187 -0.3741 -0.6909
vn 0.4361 -0.7530 -0.4928
vn 0.5447 -0.8386 -0.0087
vn -0.7738 -0.2508 -0.5817
vn -0.9846 -0.1750 -0.0002
vn -0.6313 0.7755 -0.0000
vn -0.3971 0.7167 -0.5733
vn -0.7739 -0.2514 0.5812
vn -0.3985 0.7152 0.5741
vn -0.1781 -0.4605 0.8696
vn 0.2135 0.4890 0.8458
vn 0.4330 -0.7385 0.5168
vn 0.8316 0.1939 0.5204
vn 0.9958 0.0905 -0.0098
vn 0.8430 0.1788 -0.5074
vn -0.1503 -0.4637 -0.8732
vn 0.2428 0.4757 -0.8455
vn -0.6183 -0.4393 0.6517
vn 0.6107 -0.7706 0.1824
vn -0.2199 0.9755 0.0005
vn -0.0031 0.9625 -0.2713
vn -0.0040 0.9621 0.2726
vn 0.3323 0.8093 0.4844
vn 0.6624 0.7089 0.2425
vn 0.8111 0.5848 -0.0063
vn 0.6665 0.7061 -0.2392
vn 0.3543 0.7989 -0.4860
vn 0.3479 -0.0214 -0.9373
vn 0.9956 -0.0173 -0.0923
vn 0.9958 -0.0000 -0.0918
vn 0.3500 0.0000 -0.9367
vn 0.8769 -0.0159 0.4804
vn 0.8771 0.0007 0.4803
vn -0.4765 -0.0171 -0.8790
vn -0.4757 0.0000 -0.8796
vn 0.2886 -0.0210 0.9572
vn -0.4765 -0.0171 0.8790
vn -0.4757 0.0000 0.8796
vn 0.2908 0.0000 0.9568
vn -0.9997 -0.0257 -0.0000
vn -0.6801 -0.0209 -0.7329
vn -0.6805 0.0000 -0.7328
vn -1.0000 0.0000 -0.0000
vn -0.6801 -0.0209 0.7329
vn -0.6805 0.0000 0.7328
vn 0.9958 0.0000 -0.0918
vn 0.8770 0.0007 0.4805
vn 0.2907 0.0000 0.9568
vn -0.6805 -0.0000 -0.7328
vn -1.0000 -0.0000 -0.0000
vn -0.6805 -0.0000 0.7328
vn 0.8769 0.0007 0.4806
vn -0.4757 -0.0000 -0.8796
vn -0.4757 -0.0000 0.8796
vn 0.2906 0.0000 0.9569
vn 0.9956 -0.0230 -0.0913
vn 0.3522 -0.0260 -0.9356
vn 0.8768 -0.0208 0.4804
vn -0.4748 -0.0167 -0.8800
vn -0.4748 -0.0167 0.8800
vn 0.2896 -0.0226 0.9569
vn -0.6806 -0.0176 -0.7325
vn -0.9998 -0.0208 -0.0000
vn -0.6806 -0.0176 0.7325
vn 0.8557 0.2891 0.4292
vn 0.9373 0.3275 -0.1190
vn 0.7128 -0.1769 0.6787
vn 0.2759 0.3823 -0.8819
vn 0.8598 0.4049 -0.3110
vn 0.2805 0.3098 -0.9085
vn -0.5147 0.2689 -0.8141
vn -0.4920 0.2748 -0.8261
vn -0.9294 0.3688 0.0140
vn -0.6527 0.2434 -0.7175
vn -0.6511 0.2583 -0.7137
vn -0.8687 0.4172 -0.2669
vn -0.6564 0.2178 0.7223
vn -0.3481 0.8570 0.3801
vn -0.4748 0.2473 0.8446
vn -0.2073 0.8941 0.3969
vn 0.3733 0.9055 0.2018
vn 0.6811 -0.6364 -0.3621
vn 0.2464 -0.5557 -0.7940
vn -0.4058 -0.6193 -0.6722
vn -0.5185 -0.6385 -0.5687
vn -0.7359 -0.5909 -0.3305
vn -0.0584 -0.9962 -0.0648
vn -0.0777 -0.9960 -0.0436
vn -0.0460 -0.9953 0.0858
vn -0.7545 -0.6518 0.0765
vn -0.0569 -0.9976 0.0390
vn -0.0464 -0.9976 0.0517
vn 0.7699 -0.6285 -0.1106
vn 0.0384 -0.9983 0.0430
vn 0.0476 -0.9987 0.0208
vn 0.0558 -0.9984 0.0024
vn 0.0869 0.9593 0.2686
vn 0.1949 0.9137 0.3567
vn 0.4537 0.8671 0.2057
vn -0.1892 0.9365 0.2952
vn -0.2212 0.9420 0.2524
vn -0.7225 0.6813 0.1174
vn 0.0003 -1.0000 -0.0002
vn 0.0009 -1.0000 -0.0001
vn -0.0372 -0.9974 0.0610
vn 0.0008 -1.0000 -0.0001
vn 0.0003 -1.0000 0.0000
vn 0.0321 -0.9979 0.0567
vn 0.0694 -0.9969 -0.0363
vn 0.7477 0.6578 -0.0905
vn -0.3962 0.8197 0.4138
vn 0.2428 0.8616 0.4457
vn -0.0288 -0.9947 0.0987
vn 0.0094 -0.9969 0.0780
vn 0.4003 -0.9090 0.1163
vn -0.3971 -0.9131 0.0931
vn -0.8146 0.4785 0.3279
vn -0.1367 0.9007 0.4124
vn -0.6831 -0.7214 0.1138
vn 0.3117 -0.9446 0.1025
vn 0.6944 -0.7188 0.0328
vn -0.4343 -0.8974 0.0783
vn 0.9421 0.2896 0.1691
vn 0.4633 0.8084 0.3631
vn 0.5258 -0.8467 0.0818
vn -0.3262 -0.9384 0.1143
vn 0.1910 0.8802 0.4344
vn 0.7110 0.6148 0.3412
vn -0.5309 0.7509 0.3928
vn -0.1527 0.8922 0.4251
vn 0.2544 -0.9596 0.1199
vn -0.4129 -0.9063 0.0906
vn 0.6966 -0.7118 0.0903
vn -0.6770 -0.7233 0.1359
vn -0.6782 0.6699 0.3023
vn 0.6166 0.7069 0.3465
vn 0.6802 -0.7135 0.1684
vn -0.6811 -0.7153 0.1560
vn -0.7571 0.6178 0.2122
vn 0.5202 0.7510 0.4067
vn -0.7067 -0.7017 0.0908
vn 0.6653 -0.7237 0.1835
vn -0.7248 0.6378 0.2605
vn 0.5232 0.7434 0.4166
vn 0.6610 -0.7225 0.2028
vn -0.6860 -0.7144 0.1384
vn 0.7192 -0.6935 0.0426
vn -0.6888 -0.7155 0.1170
vn 0.7455 0.6475 0.1579
vn 0.6561 0.5988 0.4593
vn -0.0615 0.9118 0.4061
vn 0.6187 0.7502 0.2333
vn 0.7336 0.6461 0.2107
vn 0.9353 0.2646 0.2349
vn 0.9478 -0.2508 0.1971
vn 0.5551 -0.8280 0.0796
vn 0.1075 -0.9515 0.2884
vn -0.5201 -0.8528 0.0464
vn -0.5774 -0.7766 0.2519
vn -0.5887 0.7370 0.3320
vn -0.2925 0.8575 0.4232
vn 0.0808 -0.9430 0.3227
vn 0.4652 -0.8786 0.1079
vn -0.4430 -0.8920 0.0897
vn -0.6293 -0.6586 0.4126
vn -0.5508 0.7539 0.3581
vn -0.4748 0.7028 0.5297
vn -0.1661 0.8963 0.4111
vn 0.3112 0.7125 0.6289
vn 0.4709 0.8075 0.3553
vn 0.7476 0.4704 0.4688
vn 0.7961 -0.4614 0.3917
vn -0.3798 0.7328 0.5645
vn -0.4784 0.8193 0.3161
vn 0.0819 0.9167 0.3912
vn 0.3458 0.7606 0.5495
vn 0.5304 -0.7259 0.4379
vn 0.3830 -0.9174 0.1084
vn -0.1549 -0.9454 0.2868
vn -0.4403 -0.8933 0.0909
vn -0.8115 -0.4604 0.3598
vn -0.7756 0.4610 0.4313
vn -0.1161 -0.9537 0.2776
vn 0.4105 -0.9083 0.0806
vn -0.4547 -0.8857 0.0940
vn -0.8541 -0.4163 0.3118
vn -0.8215 0.4292 0.3753
vn -0.4648 0.8376 0.2872
vn -0.3879 0.7482 0.5382
vn 0.1154 0.9157 0.3850
vn 0.3258 0.7896 0.5199
vn 0.5181 -0.7587 0.3951
vn 0.6714 0.6195 0.4068
vn 0.3072 0.7480 0.5884
vn -0.3518 0.7866 0.5074
vn -0.3782 0.7992 0.4671
vn -0.0014 -1.0000 -0.0003
vn 0.0004 -1.0000 -0.0002
vn -0.0003 -1.0000 -0.0002
vn 0.0273 -0.9966 -0.0782
vn -0.0496 -0.9961 -0.0730
vn 0.3326 0.3479 0.8766
vn 0.8029 0.0017 -0.5961
vn 0.7432 -0.1796 -0.6445
vn 0.0070 -0.3036 -0.9528
vn 0.0070 -0.3036 0.9528
vn 0.3694 0.9293 0.0000
vn 0.9535 -0.0802 0.2904
vn 0.3172 -0.2771 0.9070
vn 0.9105 0.2722 -0.3113
vn 0.7360 0.6081 -0.2975
vn 0.1010 0.1197 -0.9877
vn 0.1378 0.0636 -0.9884
vn 0.8188 -0.5140 -0.2555
vn 0.9497 -0.0949 -0.2983
vn 0.3359 -0.9379 -0.0872
vn 0.1477 -0.4680 0.8713
vn 0.2057 -0.3794 -0.9021
vn 0.3428 0.9189 -0.1952
vn 0.1259 0.4581 0.8799
vn 0.0306 0.2108 -0.9771
vn -0.2992 0.9541 -0.0128
vn -0.1954 0.6488 -0.7354
vn -0.1871 0.6212 0.7610
vn 0.2702 -0.9628 0.0000
vn -0.0172 0.2595 -0.9656
vn -0.0728 0.2492 -0.9657
vn -0.4933 0.8698 -0.0125
vn -0.3422 0.6045 -0.7194
vn -0.3294 0.5820 0.7435
vn -0.0842 0.1481 0.9854
vn 0.4929 -0.8701 0.0000
vn -0.1284 0.2259 -0.9657
vn -0.7701 0.6378 -0.0130
vn -0.5034 0.4110 -0.7600
vn -0.4764 0.3899 0.7881
vn -0.1344 0.1055 0.9853
vn 0.7886 -0.6149 -0.0000
vn -0.2048 0.1609 -0.9655
vn -0.3403 0.4336 0.8344
vn -0.0553 0.5423 0.8384
vn 0.2529 -0.9675 0.0000
vn 0.1962 -0.8420 -0.5025
vn 0.0974 -0.9941 0.0477
vn 0.9858 -0.0268 0.1656
vn 0.1446 -0.9871 -0.0681
vn -0.9927 -0.0836 0.0868
vn 0.1125 -0.9932 0.0300
vn -0.3905 -0.8993 -0.1969
vn -0.1065 -0.0384 -0.9936
vn -0.1447 -0.6057 -0.7824
vn 0.3198 -0.7229 -0.6125
vn 0.8722 -0.2404 -0.4260
vn 0.8018 0.2479 0.5438
vn 0.7408 0.6167 0.2663
vn 0.4680 0.7501 -0.4672
vn 0.7314 -0.5644 -0.3828
vn -0.5320 -0.7117 0.4587
vn -0.0881 -0.4245 0.9011
vn -0.3521 0.0750 -0.9330
vn -0.8211 -0.3908 0.4159
vn -0.4020 0.5839 -0.7053
vn 0.4632 0.3912 0.7952
vn 0.4941 0.2315 0.8380
vn 0.4644 0.5513 0.6931
vn 0.5189 0.3934 0.7589
vn -0.0000 0.3935 0.9193
vn 0.7666 0.3178 0.5580
vn 0.0000 0.2907 0.9568
vn 0.0284 0.3180 0.9477
vn 0.8714 0.1252 0.4743
vn 0.6596 0.2533 0.7077
vn 0.3810 -0.0285 -0.9241
vn 0.0000 -0.0077 -1.0000
vn 0.3842 0.0198 -0.9230
vn -0.0000 -0.0045 -1.0000
vn -0.0000 0.1340 -0.9910
vn 0.7050 -0.5398 -0.4599
vn 0.0000 0.1397 0.9902
vn -0.0000 0.5990 0.8007
vn 0.7375 0.1117 0.6660
vn 0.5688 -0.2827 0.7724
vn 0.0000 -0.5984 0.8012
vn 0.7043 -0.3331 0.6269
vn -0.0000 -0.1526 0.9883
vn 0.0000 0.4229 0.9062
vn 0.4447 0.4276 0.7870
vn 0.7766 0.4387 0.4521
vn 0.8920 0.4521 -0.0032
vn 0.7637 0.4619 -0.4510
vn 0.4317 0.4689 -0.7706
vn -0.0000 0.4722 -0.8815
vn 0.4883 0.7587 0.4313
vn 0.0000 0.8425 0.5386
vn 0.8288 0.5410 0.1431
vn 0.9332 0.2580 -0.2502
vn 0.7753 0.0010 -0.6316
vn 0.4245 -0.1522 -0.8926
vn -0.0000 -0.1863 -0.9825
vn 0.1741 0.9847 0.0002
vn 0.4137 -0.4147 0.8105
vn 0.0000 -0.4627 0.8865
vn 0.4241 -0.3113 0.8504
vn 0.5748 0.4570 0.6788
vn 0.0000 0.4085 0.9128
vn 0.0000 0.1860 -0.9826
vn 0.6065 0.3064 0.7336
vn -0.3676 -0.8281 0.4233
vn 0.1197 -0.4401 0.8899
vn -0.8691 -0.4857 0.0936
vn -0.4506 0.6682 -0.5919
vn 0.3691 0.8305 -0.4171
vn 0.6448 0.7060 0.2929
vn -0.2711 -0.2753 0.9223
vn 0.8179 0.5046 0.2763
vn -0.7498 -0.3069 0.5861
vn -0.9838 0.0159 0.1786
vn -0.0967 0.4462 -0.8897
vn 0.7018 0.4833 -0.5233
vn 0.1585 0.1559 0.9750
vn 0.1775 0.2373 -0.9551
vn -0.4609 0.4964 -0.7356
vn -0.2072 0.1076 -0.9724
vn -0.3852 0.7551 -0.5304
vn -0.6846 0.5701 0.4542
vn -0.6936 0.0930 0.7143
vn -0.5965 0.3082 -0.7411
vn -0.1002 0.1742 -0.9796
vn 0.6226 0.0418 -0.7814
vn 0.6073 0.0640 -0.7919
vn -0.9837 0.1795 -0.0046
vn -0.7250 0.1246 -0.6774
vn -0.7262 0.1259 0.6759
vn -0.0491 -0.3110 0.9491
vn 0.5789 -0.3681 0.7276
vn 0.3285 0.6180 -0.7142
vn 0.0171 -0.1495 0.9886
vn -0.0169 -0.1480 0.9888
vn -0.0393 -0.1522 0.9876
vn -0.0465 -0.1529 0.9872
vn 0.0154 -0.1486 0.9888
vn -0.8542 0.5199 0.0000
vn -0.7398 0.5199 -0.4271
vn -0.4547 0.8527 -0.2571
vn -0.8112 0.5508 0.1962
vn -0.4271 0.5199 -0.7398
vn -0.1544 0.6429 -0.7502
vn -0.7957 -0.1233 0.5929
vn -0.9918 -0.1278 0.0000
vn -0.8806 -0.4711 0.0506
vn -0.7586 -0.4823 0.4380
vn -0.4589 -0.3683 0.8085
vn -0.4567 -0.4070 0.7911
vn -0.7911 -0.4070 0.4567
vn -0.9134 -0.4070 0.0000
vn -0.3671 -0.4696 -0.8029
vn -0.4567 -0.4070 -0.7911
vn -0.1643 -0.8718 0.4616
vn 0.2916 -0.5872 0.7551
vn 0.2575 -0.9663 -0.0000
vn 0.2916 -0.5872 -0.7551
vn -0.1643 -0.8718 -0.4616
vn -0.4335 -0.4984 0.7508
vn -0.4532 0.4946 0.7416
vn -0.7508 -0.4984 0.4335
vn -0.7342 0.5260 0.4293
vn -0.8669 -0.4984 0.0000
vn -0.7508 -0.4984 -0.4335
vn -0.4335 -0.4984 -0.7508
vn -0.4139 -0.5620 0.7161
vn -0.7143 -0.5655 0.4122
vn -0.8237 -0.5670 -0.0000
vn -0.7142 -0.5657 -0.4121
vn -0.4137 -0.5624 -0.7159
vn -0.4212 -0.6199 -0.6621
vn -0.7657 -0.3506 -0.5392
vn -0.9322 0.0714 -0.3548
vn -0.8301 0.5282 -0.1790
vn -0.4911 0.8684 -0.0683
vn -0.3350 0.7269 0.5995
vn -0.3676 0.7019 0.6101
vn -0.5900 0.7177 0.3700
vn -0.5959 0.7329 0.3283
vn -0.7198 0.6929 0.0415
vn -0.6454 0.7638 -0.0055
vn -0.6803 0.6542 -0.3306
vn -0.5386 0.7846 -0.3072
vn -0.4354 0.6069 -0.6648
vn -0.3079 0.7958 -0.5215
vn -0.4775 0.0000 -0.8786
vn -0.4770 0.0520 -0.8773
vn -0.8660 0.0000 -0.5000
vn -0.8649 0.0521 -0.4993
vn -1.0000 0.0000 0.0000
vn -0.9986 0.0521 0.0000
vn -0.8578 0.0000 0.5140
vn -0.8950 0.0919 0.4365
vn -0.4741 -0.1275 -0.8712
vn -0.8651 -0.0909 -0.4933
vn -0.3786 -0.6531 -0.6558
vn -0.6559 -0.6529 -0.3788
vn -0.7562 -0.4937 -0.4294
vn -0.7578 -0.6524 -0.0004
vn -0.5531 0.7696 0.3190
vn -0.3188 0.7700 0.5527
vn -0.2570 -0.1208 0.9588
vn -0.4446 -0.2510 -0.8599
vn -0.8299 -0.2000 -0.5208
vn -0.1750 0.9846 0.0002
vn -0.1636 0.9811 0.1031
vn -0.1398 0.9523 0.2711
vn -0.3726 0.3848 -0.8445
vn -0.3000 0.6718 -0.6772
vn -0.4368 0.3611 -0.8239
vn -0.3901 0.7752 -0.4969
vn -0.3903 0.7751 0.4968
vn -0.4368 0.3611 0.8239
vn -0.3726 0.3848 0.8445
vn -0.3000 0.6718 0.6772
vn 0.4239 0.1082 -0.8992
vn -0.0121 0.4104 0.9118
vn 0.1469 0.7913 0.5935
vn 0.4044 0.3140 0.8590
vn 0.5041 0.3921 0.7695
vn 0.6724 -0.4021 0.6215
vn -0.2235 -0.5782 0.7847
vn -0.4053 0.0000 -0.9142
vn -0.4029 0.1917 -0.8949
vn -0.4725 0.0000 -0.8814
vn -0.4516 0.1825 -0.8734
vn 0.0014 0.4559 0.8900
vn 0.0024 0.4599 0.8880
vn 0.0036 0.5721 0.8202
vn 0.0289 0.5693 0.8216
vn -0.4516 0.1825 0.8734
vn -0.4725 0.0000 0.8813
vn -0.4053 0.0000 0.9142
vn -0.4029 0.1917 0.8949
vn -0.8024 0.0000 -0.5968
vn -0.7892 -0.0913 -0.6074
vn -0.9921 -0.1258 0.0000
vn -0.7892 -0.0913 0.6073
vn -0.8024 0.0000 0.5968
vn -0.4321 -0.0036 -0.9018
vn -0.4332 -0.0043 -0.9013
vn -0.8124 0.0890 -0.5763
vn -0.8122 -0.0955 -0.5755
vn -0.9917 0.1286 0.0000
vn -0.9912 -0.1327 -0.0000
vn -0.8124 0.0890 0.5763
vn -0.8122 -0.0956 0.5755
vn -0.9030 -0.0018 0.4297
vn -0.9016 0.0007 0.4325
vn -0.4806 0.4651 0.7434
vn -0.4806 -0.4652 0.7434
vn 0.2593 -0.4493 0.8549
vn 0.2593 0.4493 0.8549
vn -0.9925 0.1221 -0.0000
vn -0.9969 -0.0133 -0.0774
vn -0.9111 -0.0495 0.4093
vn -0.7871 0.0305 0.6161
vn -0.2548 -0.6591 -0.7076
vn -0.4536 -0.2399 -0.8583
vn -0.4536 -0.2399 0.8583
vn -0.2548 -0.6591 0.7076
vn -0.8490 -0.0270 0.5276
vn -0.2350 -0.9518 -0.1969
vn 0.4217 -0.2479 -0.8722
vn -0.4908 0.1717 0.8542
vn -0.5945 0.6750 0.4369
vn -0.0242 0.7945 0.6067
vn -0.6153 0.3386 0.7119
vn -0.5982 0.2158 0.7718
vn -0.2982 -0.3253 0.8974
vn -0.7405 -0.4145 0.5289
vn -0.6874 0.1653 0.7072
vn -0.7489 0.2446 0.6159
vn -0.8086 0.1787 0.5606
vn 0.4806 -0.6959 0.5336
vn -0.2186 -0.9722 0.0843
vn 0.1339 -0.9707 0.1993
vn -0.7444 -0.4552 -0.4885
vn -0.4865 -0.8737 0.0026
vn -0.2212 -0.7978 -0.5608
vn 0.5030 -0.8174 -0.2808
vn 0.3283 -0.8889 0.3197
vn 0.3405 -0.1855 0.9218
vn 0.8456 -0.2105 0.4905
vn 0.8653 -0.2576 -0.4300
vn 0.3649 -0.9298 0.0469
vn -0.4812 -0.2227 -0.8479
vn -0.2143 -0.9366 -0.2772
vn 0.5345 0.4858 0.6916
vn 0.7943 0.3657 -0.4851
vn -0.3140 0.3360 -0.8880
vn -0.6940 0.7157 -0.0785
vn -0.8930 0.3582 0.2723
vn 0.4649 0.4012 0.7892
vn 0.8047 0.2793 -0.5238
vn -0.2689 0.2561 -0.9285
vn -0.8845 -0.3702 0.2840
vn 0.4612 -0.3768 0.8033
vn 0.8021 -0.3033 -0.5144
vn -0.2621 -0.2787 -0.9239
vn -0.5450 -0.8265 -0.1406
vn 0.2395 -0.8274 -0.5079
vn 0.5851 -0.7511 0.3057
vn -0.2244 -0.7157 0.6614
vn -0.8332 -0.4264 -0.3521
vn -0.8068 0.4782 -0.3471
vn -0.3969 0.3747 0.8379
vn -0.5187 -0.2947 0.8026
vn 0.7889 0.5397 0.2939
vn 0.8007 -0.2663 0.5367
vn 0.2871 0.3662 -0.8851
vn 0.3542 -0.1244 -0.9269
vn -0.8907 0.3039 -0.3381
vn -0.3950 0.3250 0.8592
vn 0.8537 0.3830 0.3528
vn 0.3170 0.2611 -0.9118
vn -0.9024 -0.2947 -0.3144
vn -0.3777 -0.1965 0.9048
vn 0.8857 -0.2502 0.3911
vn 0.3433 -0.2571 -0.9034
vn 0.9699 -0.1545 0.1883
vn 0.8783 0.4314 0.2058
vn -0.2009 0.3370 -0.9198
vn -0.1188 -0.0967 -0.9882
vn -0.9713 0.2375 -0.0135
vn -0.9764 -0.2147 0.0232
vn -0.3926 0.2550 0.8837
vn -0.2524 -0.1988 0.9470
vn 0.9270 0.3156 0.2028
vn -0.1805 0.2655 -0.9471
vn -0.9864 0.1646 0.0009
vn -0.3957 0.2355 0.8877
vn 0.9055 -0.3752 0.1981
vn -0.1415 -0.3774 -0.9152
vn -0.8937 -0.4478 0.0260
vn -0.3297 -0.3364 0.8821
vn 0.4449 -0.8883 0.1136
vn 0.0172 -0.8868 -0.4619
vn -0.2321 -0.9723 0.0273
vn -0.0538 -0.8410 0.5384
vn 0.0898 -0.3307 0.9394
vn 0.2368 -0.9706 -0.0441
vn -0.2929 -0.8960 0.3339
vn 0.7045 -0.7011 0.1101
vn -0.5119 -0.3577 -0.7810
vn 0.1944 -0.9503 -0.2433
vn 0.2229 -0.9488 -0.2237
vn 0.0909 -0.9869 0.1335
vn 0.8822 -0.1653 0.4410
vn 0.4092 0.1148 -0.9052
vn -0.1614 -0.9266 -0.3395
vn -0.7055 -0.6997 0.1124
vn -1.0000 0.0000 -0.0045
vn 0.1194 -0.0000 0.9928
vn 0.1091 -0.6893 0.7162
vn -0.4536 -0.8872 0.0846
vn 0.6167 -0.6401 0.4583
vn -0.9333 0.0454 -0.3562
vn -0.5689 -0.8071 0.1577
vn -0.2344 -0.8353 -0.4973
vn 0.5345 -0.8190 -0.2087
vn 0.2829 -0.8454 0.4531
vn -0.5871 -0.8050 -0.0859
vn 0.0802 -0.8508 -0.5193
vn 0.4591 -0.8883 -0.0116
vn -0.0224 -0.8712 0.4904
vn 0.4579 -0.8509 0.2574
vn -0.3060 -0.8040 0.5099
vn -0.5263 -0.8325 -0.1733
vn 0.2380 -0.8105 -0.5352
vn -0.9458 0.2452 0.2129
vn -0.9441 -0.0454 0.3264
vn 0.4365 -0.0555 0.8980
vn 0.1049 -0.2146 0.9710
vn 0.0533 -0.9944 -0.0911
vn 0.8974 -0.1686 -0.4077
vn -0.4425 -0.1513 -0.8839
vn -0.4575 -0.8623 -0.2170
vn -0.9719 -0.0068 -0.2353
vn -0.0170 -0.1124 0.9935
vn 0.4247 -0.8490 -0.3143
vn 0.9820 -0.1877 -0.0229
vn 0.0862 -0.0203 -0.9961
vn -0.1509 0.4554 -0.8774
vn 0.9779 -0.1554 0.1397
vn 0.8627 -0.0000 0.5057
vn 0.3648 0.0000 -0.9311
vn 0.2390 0.2909 -0.9264
vn -0.9715 -0.2273 0.0671
vn -0.8818 0.4278 0.1985
vn 0.1836 0.5266 0.8301
vn 0.1321 -0.4195 0.8981
vn 0.8891 0.3964 -0.2287
vn 0.9314 -0.2901 -0.2201
vn -0.1031 0.5060 -0.8564
vn -0.4821 -0.1525 -0.8627
vn -0.9254 0.3518 0.1413
vn 0.2060 0.3274 0.9222
vn 0.9301 0.2828 -0.2343
vn -0.1875 0.3774 -0.9069
vn -0.9433 -0.3105 0.1176
vn 0.1775 -0.4183 0.8908
vn 0.8859 -0.3881 -0.2542
vn -0.2174 -0.3332 -0.9175
vn -0.5633 -0.8238 0.0626
vn -0.0315 -0.9196 0.3915
vn 0.3626 -0.9095 -0.2031
vn -0.1463 -0.8434 -0.5170
vn 0.8806 -0.2970 -0.3692
vn 0.8340 0.3934 -0.3869
vn -0.3128 0.3369 -0.8881
vn -0.3797 -0.4962 -0.7808
vn -0.9487 0.3162 -0.0049
vn 0.1114 0.5300 0.8406
vn 0.8571 0.2884 -0.4268
vn -0.3063 0.2714 -0.9124
vn -0.9650 0.2621 -0.0061
vn 0.1125 0.3404 0.9335
vn 0.8476 -0.3207 -0.4228
vn -0.3095 -0.2958 -0.9037
vn -0.9610 -0.2764 -0.0038
vn 0.1097 -0.3579 0.9273
vn 0.4921 -0.8438 -0.2140
vn -0.2056 -0.8329 -0.5137
vn -0.5803 -0.8144 0.0034
vn 0.0590 -0.8690 0.4913
vn 0.9141 -0.1179 0.3880
vn 0.7296 0.3935 0.5592
vn 0.4151 0.3584 -0.8362
vn 0.5884 -0.1411 -0.7961
vn -0.7586 0.3465 -0.5517
vn -0.7680 -0.1845 -0.6133
vn -0.5131 0.3520 0.7829
vn -0.5537 -0.2967 0.7780
vn 0.8046 0.2999 0.5126
vn 0.4949 0.2859 -0.8206
vn -0.8167 0.2753 -0.5071
vn -0.5863 0.2740 0.7624
vn 0.8046 -0.3066 0.5085
vn 0.4967 -0.2941 -0.8166
vn -0.8077 -0.3006 -0.5073
vn -0.5791 -0.3062 0.7556
vn 0.4421 -0.8178 0.3685
vn 0.2399 -0.8106 -0.5342
vn -0.4272 -0.8215 -0.3776
vn -0.2659 -0.8273 0.4948
vn -0.9111 0.2983 0.2843
vn 0.4454 0.4283 0.7862
vn 0.8802 0.2569 -0.3991
vn -0.3294 0.3718 -0.8679
vn -0.9109 0.2499 0.3283
vn 0.4148 0.2994 0.8593
vn 0.8668 0.2223 -0.4463
vn -0.3036 0.2757 -0.9120
vn -0.9030 -0.2790 0.3267
vn 0.4063 -0.3365 0.8495
vn 0.8541 -0.2738 -0.4421
vn -0.3037 -0.3187 -0.8979
vn -0.9407 0.3102 -0.1377
vn -0.0344 0.4153 0.9090
vn 0.8320 0.5546 0.0130
vn 0.1464 0.3621 -0.9206
vn -0.0886 0.3139 0.9453
vn 0.9307 0.3647 0.0269
vn 0.0969 0.2987 -0.9494
vn -0.9573 0.2338 -0.1698
vn -0.9403 -0.2967 -0.1670
vn -0.0866 -0.3377 0.9373
vn 0.9267 -0.3752 0.0238
vn 0.0974 -0.3067 -0.9468
vn 0.7868 0.4175 0.4547
vn 0.3674 0.2588 -0.8933
vn -0.8791 0.3510 -0.3225
vn -0.8852 -0.1043 -0.4533
vn -0.4973 0.2152 0.8405
vn -0.4618 -0.1994 0.8643
vn 0.8256 0.2876 0.4855
vn 0.3483 0.2184 -0.9116
vn -0.8966 0.2614 -0.3575
vn -0.4944 0.1911 0.8480
vn 0.8108 -0.3396 0.4767
vn 0.3428 -0.2725 -0.8990
vn -0.8812 -0.3158 -0.3518
vn -0.4880 -0.2445 0.8379
vn -0.6381 0.2140 0.7396
vn -0.6969 0.6669 0.2637
vn -0.7083 -0.6653 0.2358
vn -0.6382 -0.2163 0.7389
vn -0.9458 0.0004 0.3248
vn -0.9405 0.0068 0.3397
vn 0.2489 -0.4260 0.8698
vn -0.4802 -0.4367 0.7607
vn -0.4791 0.4288 0.7659
vn 0.2462 0.4101 0.8782
vn -0.4766 0.4919 0.7286
vn 0.2601 0.4740 0.8412
vn 0.2616 -0.4815 0.8365
vn -0.4763 -0.4978 0.7248
vn -0.4124 -0.0264 -0.9106
vn -0.6493 -0.1422 -0.7471
vn -0.8579 -0.5139 0.0000
vn -0.6493 -0.1421 0.7471
vn -0.4124 -0.0264 0.9106
vn -0.3717 0.6258 0.6857
vn -0.3359 0.3266 0.8835
vn -0.3671 0.1824 0.9121
vn -0.3520 0.0000 0.9360
vn -0.3636 -0.5570 -0.7467
vn -0.3520 0.0000 -0.9360
vn -0.3671 0.1824 -0.9121
vn -0.3447 0.3297 -0.8789
vn -0.1930 0.0739 0.9784
vn -0.1856 0.0000 0.9826
vn -0.1372 -0.6664 -0.7329
vn -0.1856 0.0000 -0.9826
vn -0.2385 0.6556 -0.7165
vn 0.0430 0.6921 -0.7205
vn 0.0634 0.9979 -0.0125
vn -0.2253 0.9742 -0.0122
vn 0.0413 0.6660 0.7448
vn -0.2251 0.6262 0.7464
vn 0.0054 0.0817 0.9966
vn -0.1372 -0.6664 0.7329
vn -0.0499 -0.6368 0.7694
vn -0.0776 -0.9970 0.0000
vn -0.0272 -0.9996 0.0000
vn -0.0499 -0.6368 -0.7694
vn -0.3777 0.6194 -0.6883
vn -0.8992 0.3262 0.2917
vn -0.3209 0.4938 0.8082
vn -0.3635 -0.5570 0.7467
vn -0.1968 0.1137 -0.9738
vn 0.0083 0.1252 -0.9921
vn 0.0113 0.1702 0.9853
vn 0.0477 0.1634 0.9854
vn 0.0214 0.0748 0.9970
vn 0.0000 -0.0000 1.0000
vn -0.1766 -0.6308 0.7556
vn -0.1766 -0.6308 -0.7556
vn 0.0000 -0.0000 -1.0000
vn 0.0329 0.1147 -0.9929
vn 0.0395 0.0699 0.9968
vn -0.3199 -0.5645 0.7609
vn -0.3199 -0.5645 -0.7609
vn 0.0605 0.1072 -0.9924
vn 0.0544 0.0438 0.9976
vn -0.5419 -0.4191 0.7285
vn -0.5419 -0.4191 -0.7285
vn 0.0834 0.0672 -0.9942
vn 0.0752 0.0352 0.9965
vn 0.0002 0.0229 0.9997
vn -0.6581 -0.0981 0.7465
vn -0.6581 -0.0979 -0.7466
vn 0.0002 0.0232 -0.9997
vn 0.1151 0.0420 -0.9925
vn 0.6609 0.1523 -0.7349
vn 0.7041 0.0468 -0.7085
vn 0.9991 0.0401 -0.0124
vn 0.9767 0.2140 -0.0125
vn 0.6801 0.0492 0.7315
vn 0.6307 0.1464 0.7621
vn 0.1705 0.0436 0.9844
vn 0.1706 0.0555 0.9838
vn 0.0857 0.0449 0.9953
vn 0.0003 0.0458 0.9990
vn -0.6230 0.0604 0.7799
vn -0.9918 -0.1272 -0.0136
vn -0.7214 -0.2212 0.6562
vn -0.9585 -0.2192 -0.1822
vn -0.7459 -0.0301 -0.6654
vn -0.6539 0.0609 -0.7541
vn 0.0003 0.0464 -0.9989
vn 0.1312 0.0448 -0.9903
vn 0.2598 0.0425 -0.9647
vn 0.2596 0.0724 -0.9630
vn 0.0896 -0.0060 0.9960
vn 0.0373 -0.0325 0.9988
vn -0.0002 -0.0349 0.9994
vn -0.0001 -0.0120 0.9999
vn -0.5637 -0.2532 0.7862
vn -0.5008 -0.1837 0.8458
vn -0.5009 -0.1842 -0.8456
vn -0.5636 -0.2535 -0.7862
vn -0.0002 -0.0356 -0.9994
vn -0.0001 -0.0125 -0.9999
vn 0.0579 -0.0319 -0.9978
vn 0.1376 -0.0030 -0.9905
vn 0.7613 -0.6046 0.2342
vn 0.9148 0.1433 0.3776
vn 0.5224 0.1243 0.8436
vn 0.5721 -0.2447 0.7828
vn 0.0790 0.1644 0.9832
vn 0.0782 -0.0457 0.9959
vn 0.0399 0.1768 0.9834
vn 0.0011 0.1779 0.9840
vn -0.4992 0.1536 0.8528
vn -1.0000 0.0071 -0.0003
vn -0.9302 -0.3670 -0.0000
vn -0.5189 0.0500 -0.8534
vn 0.0003 0.0547 -0.9985
vn 0.0612 0.0541 -0.9967
vn 0.1221 0.0470 -0.9914
vn 0.1213 -0.0523 -0.9912
vn 0.3902 0.1382 -0.9103
vn 0.4060 -0.3668 -0.8371
vn -0.5175 0.2964 -0.8027
vn -0.0046 0.3256 -0.9455
vn 0.0481 0.3234 -0.9450
vn 0.8532 0.2741 0.4437
vn 0.4454 0.0452 0.8942
vn -0.1796 0.0030 0.9837
vn 0.0032 0.4345 0.9006
vn 0.1015 0.3162 -0.9432
vn -0.3813 0.5359 -0.7533
vn 0.1516 0.4164 -0.8964
vn 0.4288 0.2802 -0.8588
vn -0.4051 0.5016 -0.7644
vn 0.4152 0.4436 -0.7942
vn 0.2196 0.0484 0.9744
vn -0.2720 0.0454 0.9612
vn 0.2644 0.0420 0.9635
vn -0.3291 0.0829 0.9406
vn -0.4203 0.4497 -0.7881
vn 0.4720 0.4679 -0.7472
vn 0.2330 0.0240 0.9722
vn -0.8048 0.2159 0.5529
vn -0.5258 0.4008 -0.7502
vn 0.5312 0.5051 -0.6802
vn 0.6986 -0.0913 0.7097
vn -0.7714 0.0039 0.6364
vn -0.5527 0.5915 -0.5871
vn 0.6396 0.5668 -0.5192
vn 0.5784 -0.1346 0.8046
vn -0.8643 0.0225 0.5024
vn -0.4924 0.5798 -0.6491
vn 0.6911 0.5711 -0.4430
vn 0.8179 0.0864 0.5689
vn -0.5952 -0.1509 0.7893
vn -0.6759 0.5736 -0.4627
vn 0.5056 0.5964 -0.6234
vn -0.6020 0.5978 -0.5294
vn 0.5957 0.5821 -0.5535
vn 0.7653 0.0026 0.6437
vn -0.6936 -0.0636 0.7176
vn -0.3172 -0.0764 0.9453
vn 0.0388 0.1437 0.9889
vn 0.4534 -0.0272 0.8909
vn 0.6295 0.2439 0.7378
vn 0.7603 0.5131 -0.3983
vn 0.4607 0.4162 -0.7839
vn -0.0373 0.7252 -0.6876
vn -0.5075 0.4688 -0.7230
vn -0.8429 0.5379 -0.0153
vn -0.5298 0.0877 0.8436
vn -0.4500 -0.0298 0.8925
vn -0.0094 0.1765 0.9843
vn 0.4207 -0.0451 0.9061
vn 0.6334 0.1831 0.7519
vn 0.8396 0.5040 -0.2029
vn 0.5435 0.4226 -0.7253
vn 0.0287 0.7466 -0.6646
vn -0.5053 0.4540 -0.7339
vn -0.8221 0.5378 -0.1869
vn -0.6464 0.1977 0.7370
vn -0.5634 -0.0171 0.8260
vn -0.0967 0.1913 0.9767
vn 0.3841 -0.0881 0.9191
vn 0.3466 0.0516 0.9366
vn 0.8291 0.5580 -0.0361
vn 0.6253 0.4294 -0.6517
vn 0.1015 0.7520 -0.6514
vn -0.4670 0.4257 -0.7751
vn -0.7850 0.5174 -0.3407
vn -0.5249 0.1810 0.8317
vn 0.4590 -0.4776 -0.7492
vn 0.5573 -0.7052 0.4383
vn 0.1628 0.6847 0.7104
vn 0.3865 0.5836 -0.7141
vn 0.1517 -0.6910 0.7068
vn -0.3825 0.6444 0.6622
vn 0.4329 0.6412 -0.6336
vn 0.6369 -0.5224 -0.5670
vn 0.5413 0.7004 -0.4653
vn 0.1797 0.9361 0.3023
vn 0.5591 -0.0654 0.8265
vn 0.7620 0.3258 0.5596
vn 0.6283 0.4902 -0.6041
vn 0.8043 0.1283 -0.5802
vn 0.6058 0.1241 0.7859
vn -0.2166 -0.1972 0.9561
vn 0.0325 0.6698 0.7418
vn 0.7169 0.3358 0.6110
vn 0.5629 0.6081 -0.5597
vn 0.0892 0.4405 -0.8933
vn -0.0077 0.0573 0.9983
vn -0.0314 0.0693 0.9971
vn -0.0144 0.0804 0.9967
vn 0.0318 0.4608 -0.8869
vn -0.0172 0.4573 -0.8891
vn 0.7977 0.3513 0.4901
vn 0.0073 0.7453 0.6667
vn 0.0106 0.7451 0.6669
vn 0.0049 0.7385 0.6742
vn 0.0055 0.7417 0.6707
vn 0.7038 0.0526 -0.7084
vn 0.9989 0.0452 -0.0124
vn 0.6797 0.0553 0.7314
vn 0.1705 0.0492 0.9841
vn 0.0857 0.0506 0.9950
vn 0.0003 0.0517 0.9987
vn -0.5710 0.0601 0.8187
vn -0.5655 0.0676 0.8220
vn -0.6248 0.0608 -0.7784
vn -0.6225 0.0684 -0.7796
vn 0.0004 0.0523 -0.9986
vn 0.1310 0.0505 -0.9901
vn 0.2598 0.0479 -0.9645
vn 0.9990 0.0419 -0.0124
vn 0.7042 0.0490 -0.7083
vn 0.7042 0.0427 -0.7087
vn 0.9992 0.0367 -0.0124
vn 0.6802 0.0515 0.7312
vn 0.6801 0.0450 0.7318
vn 0.1705 0.0455 0.9843
vn 0.1705 0.0399 0.9845
vn 0.0859 0.0468 0.9952
vn 0.0857 0.0411 0.9955
vn 0.0003 0.0478 0.9989
vn 0.0003 0.0419 0.9991
vn -0.6227 0.0633 0.7799
vn -0.6232 0.0552 0.7801
vn -0.9996 0.0260 -0.0095
vn -0.7043 0.3047 0.6411
vn 0.0003 0.0484 -0.9988
vn -0.6470 0.0647 -0.7598
vn -0.6232 0.0556 -0.7801
vn 0.0003 0.0425 -0.9991
vn 0.1314 0.0468 -0.9902
vn 0.1310 0.0410 -0.9905
vn 0.2598 0.0443 -0.9647
vn 0.2598 0.0389 -0.9649
vn -0.5808 0.0602 0.8118
vn -0.5761 0.0601 0.8152
vn -0.6286 0.0608 -0.7753
vn -0.6268 0.0608 -0.7768
vn 0.6204 -0.2321 -0.7491
vn 0.9147 -0.4040 -0.0120
vn 0.5857 -0.2169 0.7810
vn 0.1697 -0.0386 0.9847
vn -0.9116 -0.4110 0.0001
vn 0.2587 -0.0528 -0.9645
vn -0.9515 0.2793 -0.1294
vn -0.7154 0.1455 -0.6834
vn -0.5624 0.1334 0.8160
vn -0.3620 0.3445 0.8662
vn -0.4787 0.1625 0.8628
vn -0.5716 0.0404 0.8195
vn -0.5081 -0.0281 0.8609
vn -0.5767 0.0405 0.8160
vn -0.4236 -0.2897 0.8583
vn -0.5940 -0.0375 0.8036
vn -0.6197 0.0181 -0.7846
vn -0.1676 -0.1212 -0.9784
vn -0.1651 0.0010 -0.9863
vn -0.6250 0.0418 -0.7795
vn -0.9202 -0.3912 -0.0137
vn -0.5447 -0.8386 -0.0087
vn -0.4361 -0.7530 -0.4928
vn -0.6187 -0.3741 -0.6909
vn 0.7738 -0.2508 -0.5817
vn 0.3971 0.7167 -0.5733
vn 0.6313 0.7755 -0.0000
vn 0.9846 -0.1750 -0.0002
vn 0.3985 0.7152 0.5741
vn 0.7739 -0.2514 0.5812
vn -0.2135 0.4890 0.8458
vn 0.1781 -0.4605 0.8696
vn -0.8316 0.1939 0.5204
vn -0.4330 -0.7385 0.5168
vn -0.9958 0.0905 -0.0098
vn -0.8430 0.1788 -0.5074
vn -0.2428 0.4757 -0.8455
vn 0.1503 -0.4637 -0.8732
vn 0.6183 -0.4393 0.6517
vn -0.6107 -0.7706 0.1824
vn 0.0031 0.9625 -0.2713
vn 0.2199 0.9755 0.0005
vn 0.0040 0.9621 0.2726
vn -0.3323 0.8093 0.4844
vn -0.6624 0.7089 0.2425
vn -0.8111 0.5848 -0.0063
vn -0.6665 0.7061 -0.2392
vn -0.3543 0.7989 -0.4860
vn -0.3479 -0.0214 -0.9373
vn -0.3500 0.0000 -0.9367
vn -0.9958 -0.0000 -0.0918
vn -0.9956 -0.0173 -0.0923
vn -0.8771 0.0007 0.4803
vn -0.8769 -0.0159 0.4804
vn 0.4765 -0.0171 -0.8790
vn 0.4757 0.0000 -0.8796
vn -0.2886 -0.0210 0.9572
vn -0.2908 0.0000 0.9568
vn 0.4757 0.0000 0.8796
vn 0.4765 -0.0171 0.8790
vn 0.9997 -0.0257 -0.0000
vn 1.0000 0.0000 -0.0000
vn 0.6805 0.0000 -0.7328
vn 0.6801 -0.0209 -0.7329
vn 0.6801 -0.0209 0.7329
vn 0.6805 0.0000 0.7328
vn -0.9958 0.0000 -0.0918
vn -0.8770 0.0007 0.4805
vn -0.2907 0.0000 0.9568
vn 1.0000 -0.0000 -0.0000
vn 0.6805 -0.0000 -0.7328
vn 0.6805 -0.0000 0.7328
vn -0.8769 0.0007 0.4806
vn 0.4757 -0.0000 -0.8796
vn -0.2906 0.0000 0.9569
vn 0.4757 -0.0000 0.8796
vn -0.3522 -0.0260 -0.9356
vn -0.9956 -0.0230 -0.0913
vn -0.8768 -0.0208 0.4804
vn 0.4748 -0.0167 -0.8800
vn -0.2896 -0.0226 0.9569
vn 0.4748 -0.0167 0.8800
vn 0.9998 -0.0208 -0.0000
vn 0.6806 -0.0176 -0.7325
vn 0.6806 -0.0176 0.7325
vn -0.9373 0.3275 -0.1190
vn -0.8557 0.2891 0.4292
vn -0.7128 -0.1769 0.6787
vn -0.2759 0.3823 -0.8819
vn -0.2805 0.3098 -0.9085
vn -0.8598 0.4049 -0.3110
vn 0.5147 0.2689 -0.8141
vn 0.4920 0.2748 -0.8261
vn 0.9294 0.3688 0.0140
vn 0.8687 0.4172 -0.2669
vn 0.6511 0.2583 -0.7137
vn 0.6527 0.2434 -0.7175
vn 0.6564 0.2178 0.7223
vn 0.3481 0.8570 0.3801
vn 0.4748 0.2473 0.8446
vn 0.2073 0.8941 0.3969
vn -0.3733 0.9055 0.2018
vn -0.2464 -0.5557 -0.7940
vn -0.6811 -0.6364 -0.3621
vn 0.4058 -0.6193 -0.6722
vn 0.7359 -0.5909 -0.3305
vn 0.5185 -0.6385 -0.5687
vn 0.0777 -0.9960 -0.0436
vn 0.0584 -0.9962 -0.0648
vn 0.0460 -0.9953 0.0858
vn 0.0464 -0.9976 0.0517
vn 0.0569 -0.9976 0.0390
vn 0.7545 -0.6518 0.0765
vn -0.7699 -0.6285 -0.1106
vn -0.0558 -0.9984 0.0024
vn -0.0476 -0.9987 0.0208
vn -0.0384 -0.9983 0.0430
vn -0.4537 0.8671 0.2057
vn -0.1949 0.9137 0.3567
vn -0.0869 0.9593 0.2686
vn 0.1892 0.9365 0.2952
vn 0.2212 0.9420 0.2524
vn 0.7225 0.6813 0.1174
vn -0.0004 -1.0000 -0.0002
vn 0.0372 -0.9974 0.0610
vn -0.0009 -1.0000 -0.0001
vn -0.0008 -1.0000 -0.0001
vn -0.0321 -0.9979 0.0567
vn -0.0003 -1.0000 -0.0000
vn -0.0694 -0.9969 -0.0363
vn -0.7477 0.6578 -0.0905
vn -0.2428 0.8616 0.4457
vn 0.3962 0.8197 0.4138
vn 0.0288 -0.9947 0.0987
vn 0.3971 -0.9131 0.0931
vn -0.4003 -0.9090 0.1163
vn -0.0094 -0.9969 0.0780
vn 0.1367 0.9007 0.4124
vn 0.8146 0.4785 0.3279
vn 0.6831 -0.7214 0.1138
vn -0.3117 -0.9446 0.1025
vn 0.4343 -0.8974 0.0783
vn -0.6944 -0.7188 0.0328
vn -0.9421 0.2896 0.1691
vn -0.4633 0.8084 0.3631
vn 0.3262 -0.9384 0.1143
vn -0.5258 -0.8467 0.0818
vn -0.7110 0.6148 0.3412
vn -0.1910 0.8802 0.4344
vn 0.1527 0.8922 0.4251
vn 0.5309 0.7509 0.3928
vn 0.4129 -0.9063 0.0906
vn -0.2544 -0.9596 0.1199
vn 0.6770 -0.7233 0.1359
vn -0.6966 -0.7118 0.0903
vn -0.6166 0.7069 0.3465
vn 0.6782 0.6699 0.3023
vn 0.6811 -0.7153 0.1560
vn -0.6802 -0.7135 0.1684
vn -0.5202 0.7510 0.4067
vn 0.7571 0.6178 0.2122
vn 0.7067 -0.7017 0.0908
vn -0.6653 -0.7237 0.1835
vn -0.5232 0.7434 0.4166
vn 0.7248 0.6378 0.2605
vn 0.6860 -0.7144 0.1384
vn -0.6610 -0.7225 0.2028
vn 0.6888 -0.7155 0.1170
vn -0.7192 -0.6935 0.0426
vn -0.7455 0.6475 0.1579
vn 0.0615 0.9118 0.4061
vn -0.6561 0.5988 0.4593
vn -0.6187 0.7502 0.2333
vn -0.9353 0.2646 0.2349
vn -0.7336 0.6461 0.2107
vn -0.9478 -0.2508 0.1971
vn -0.5551 -0.8280 0.0796
vn -0.1075 -0.9515 0.2884
vn 0.5201 -0.8528 0.0464
vn 0.5774 -0.7766 0.2519
vn 0.2925 0.8575 0.4232
vn 0.5887 0.7370 0.3320
vn -0.4652 -0.8786 0.1079
vn -0.0808 -0.9430 0.3227
vn 0.4430 -0.8920 0.0897
vn 0.6293 -0.6586 0.4126
vn 0.4748 0.7028 0.5297
vn 0.5508 0.7539 0.3581
vn 0.1661 0.8963 0.4111
vn -0.3112 0.7125 0.6289
vn -0.4709 0.8075 0.3553
vn -0.7476 0.4704 0.4688
vn -0.7961 -0.4614 0.3917
vn 0.4784 0.8193 0.3161
vn 0.3798 0.7328 0.5645
vn -0.0819 0.9167 0.3912
vn -0.3458 0.7606 0.5495
vn -0.5304 -0.7259 0.4379
vn -0.3830 -0.9174 0.1084
vn 0.1549 -0.9454 0.2868
vn 0.4403 -0.8933 0.0909
vn 0.8115 -0.4604 0.3598
vn 0.7756 0.4610 0.4313
vn -0.4105 -0.9083 0.0806
vn 0.1161 -0.9537 0.2776
vn 0.4547 -0.8857 0.0940
vn 0.8541 -0.4163 0.3118
vn 0.8215 0.4292 0.3753
vn 0.4648 0.8376 0.2872
vn 0.3879 0.7482 0.5382
vn -0.1154 0.9157 0.3850
vn -0.3258 0.7896 0.5199
vn -0.5181 -0.7587 0.3951
vn -0.6714 0.6195 0.4068
vn -0.3072 0.7480 0.5884
vn 0.3518 0.7866 0.5074
vn 0.3782 0.7992 0.4671
vn 0.0014 -1.0000 -0.0003
vn -0.0273 -0.9966 -0.0782
vn 0.0496 -0.9961 -0.0730
vn -0.3326 0.3479 0.8766
vn -0.8029 0.0017 -0.5961
vn -0.7432 -0.1796 -0.6445
vn -0.0070 -0.3036 -0.9528
vn -0.0070 -0.3036 0.9528
vn -0.3694 0.9293 0.0000
vn -0.9535 -0.0802 0.2904
vn -0.3172 -0.2771 0.9070
vn -0.9105 0.2722 -0.3113
vn -0.7360 0.6081 -0.2975
vn -0.1010 0.1197 -0.9877
vn -0.1378 0.0636 -0.9884
vn -0.8188 -0.5140 -0.2555
vn -0.9497 -0.0949 -0.2983
vn -0.3359 -0.9379 -0.0872
vn -0.1477 -0.4680 0.8713
vn -0.2057 -0.3794 -0.9021
vn -0.1259 0.4581 0.8799
vn -0.3428 0.9189 -0.1952
vn -0.0306 0.2108 -0.9771
vn 0.1954 0.6488 -0.7354
vn 0.2992 0.9541 -0.0128
vn 0.1871 0.6212 0.7610
vn -0.2702 -0.9628 0.0000
vn 0.0728 0.2492 -0.9657
vn 0.0172 0.2595 -0.9656
vn 0.3422 0.6045 -0.7194
vn 0.4933 0.8698 -0.0125
vn 0.3294 0.5820 0.7435
vn 0.0842 0.1481 0.9854
vn -0.4929 -0.8701 0.0000
vn 0.1284 0.2259 -0.9657
vn 0.5034 0.4110 -0.7600
vn 0.7701 0.6378 -0.0130
vn 0.4764 0.3899 0.7881
vn 0.1344 0.1055 0.9853
vn -0.7886 -0.6149 -0.0000
vn 0.2048 0.1609 -0.9655
vn 0.3403 0.4336 0.8344
vn 0.0553 0.5423 0.8384
vn -0.2529 -0.9675 0.0000
vn -0.1962 -0.8420 -0.5025
vn -0.0974 -0.9941 0.0477
vn -0.1446 -0.9871 -0.0681
vn -0.9858 -0.0268 0.1656
vn 0.3905 -0.8993 -0.1969
vn -0.1125 -0.9932 0.0300
vn 0.9927 -0.0836 0.0868
vn 0.1065 -0.0384 -0.9936
vn -0.3198 -0.7229 -0.6125
vn 0.1447 -0.6057 -0.7824
vn -0.8722 -0.2404 -0.4260
vn -0.4680 0.7501 -0.4672
vn -0.7408 0.6167 0.2663
vn -0.8018 0.2479 0.5438
vn 0.0881 -0.4245 0.9011
vn 0.5320 -0.7117 0.4587
vn -0.7314 -0.5644 -0.3828
vn 0.8211 -0.3908 0.4159
vn 0.3521 0.0750 -0.9330
vn 0.4020 0.5839 -0.7053
vn -0.4632 0.3912 0.7952
vn -0.4644 0.5513 0.6931
vn -0.4941 0.2315 0.8380
vn -0.5189 0.3934 0.7589
vn -0.7666 0.3178 0.5580
vn -0.0284 0.3180 0.9477
vn -0.8714 0.1252 0.4743
vn -0.6596 0.2533 0.7077
vn -0.3810 -0.0285 -0.9241
vn -0.3842 0.0198 -0.9230
vn -0.7050 -0.5398 -0.4599
vn -0.7375 0.1117 0.6660
vn -0.5688 -0.2827 0.7724
vn -0.7043 -0.3331 0.6269
vn -0.4447 0.4276 0.7870
vn -0.7766 0.4387 0.4521
vn -0.8920 0.4521 -0.0032
vn -0.7637 0.4619 -0.4510
vn -0.4317 0.4689 -0.7706
vn -0.4883 0.7587 0.4313
vn -0.8288 0.5410 0.1431
vn -0.9332 0.2580 -0.2502
vn -0.7753 0.0010 -0.6316
vn -0.4245 -0.1522 -0.8926
vn -0.1741 0.9847 0.0002
vn -0.4137 -0.4147 0.8105
vn -0.4241 -0.3113 0.8504
vn -0.5748 0.4570 0.6788
vn -0.6065 0.3064 0.7336
vn -0.1197 -0.4401 0.8899
vn 0.3676 -0.8281 0.4233
vn 0.8691 -0.4857 0.0936
vn 0.4506 0.6682 -0.5919
vn -0.3691 0.8305 -0.4171
vn -0.6448 0.7060 0.2929
vn -0.8179 0.5046 0.2763
vn 0.2711 -0.2753 0.9223
vn 0.7498 -0.3069 0.5861
vn 0.9838 0.0159 0.1786
vn 0.0967 0.4462 -0.8897
vn -0.7018 0.4833 -0.5233
vn -0.1585 0.1559 0.9750
vn -0.1775 0.2373 -0.9551
vn 0.2072 0.1076 -0.9724
vn 0.4609 0.4964 -0.7356
vn 0.3852 0.7551 -0.5304
vn 0.6846 0.5701 0.4542
vn 0.6936 0.0930 0.7143
vn 0.5965 0.3082 -0.7411
vn 0.1002 0.1742 -0.9796
vn -0.6226 0.0418 -0.7814
vn -0.6073 0.0640 -0.7919
vn 0.7250 0.1246 -0.6774
vn 0.9837 0.1795 -0.0046
vn 0.7262 0.1259 0.6759
vn 0.0491 -0.3110 0.9491
vn -0.5789 -0.3681 0.7276
vn -0.3285 0.6180 -0.7142
vn -0.0171 -0.1495 0.9886
vn 0.0169 -0.1480 0.9888
vn 0.0393 -0.1522 0.9876
vn 0.0465 -0.1529 0.9872
vn -0.0154 -0.1486 0.9888
vn -0.0004 -1.0000 -0.0000
vn -0.0006 -1.0000 0.0002
vn -0.0006 -1.0000 -0.0001
vn -0.0008 -1.0000 -0.0000
vn -0.0005 -1.0000 0.0000
vn -0.0005 -1.0000 -0.0001
vn -0.0008 -1.0000 0.0000
vn 0.0006 -1.0000 -0.0000
# 1983 vertex normals

vt 0.5176 0.2659 0.0000
vt 0.5176 0.3089 0.0000
vt 0.4950 0.3089 0.0000
vt 0.5045 0.2659 0.0000
vt 0.0861 0.8077 0.0000
vt 0.1329 0.8028 0.0000
vt 0.1329 0.8262 0.0000
vt 0.0861 0.8212 0.0000
vt 0.4347 0.3986 0.0000
vt 0.4252 0.3557 0.0000
vt 0.4478 0.3557 0.0000
vt 0.4478 0.3986 0.0000
vt 0.5450 0.3842 0.0000
vt 0.5413 0.4115 0.0000
vt 0.5176 0.4115 0.0000
vt 0.5176 0.3842 0.0000
vt 0.3274 0.9155 0.0000
vt 0.2996 0.9103 0.0000
vt 0.2996 0.8961 0.0000
vt 0.3274 0.8909 0.0000
vt 0.2947 0.8838 0.0000
vt 0.3189 0.8697 0.0000
vt 0.2861 0.8768 0.0000
vt 0.3042 0.8574 0.0000
vt 0.6874 0.5422 0.0000
vt 0.6609 0.5322 0.0000
vt 0.6634 0.5183 0.0000
vt 0.6917 0.5180 0.0000
vt 0.1479 0.8948 0.0000
vt 0.1669 0.9193 0.0000
vt 0.1479 0.9231 0.0000
vt 0.1854 0.9090 0.0000
vt 0.1734 0.8948 0.0000
vt 0.1854 0.8807 0.0000
vt 0.1669 0.8704 0.0000
vt 0.1479 0.8666 0.0000
vt 0.4645 0.5850 0.0000
vt 0.4776 0.5850 0.0000
vt 0.4701 0.6029 0.0000
vt 0.4645 0.6029 0.0000
vt 0.5004 0.8832 0.0000
vt 0.5139 0.8832 0.0000
vt 0.5100 0.9063 0.0000
vt 0.5042 0.9063 0.0000
vt 0.5306 0.2659 0.0000
vt 0.5176 0.2481 0.0000
vt 0.5231 0.2481 0.0000
vt 0.5120 0.2481 0.0000
vt 0.0640 0.8174 0.0000
vt 0.0640 0.8116 0.0000
vt 0.4478 0.4165 0.0000
vt 0.4423 0.4165 0.0000
vt 0.8783 0.4401 0.0000
vt 0.8811 0.4351 0.0000
vt 0.8897 0.4372 0.0000
vt 0.8847 0.4462 0.0000
vt 0.8810 0.4293 0.0000
vt 0.8895 0.4269 0.0000
vt 0.8781 0.4244 0.0000
vt 0.8842 0.4181 0.0000
vt 0.8730 0.4216 0.0000
vt 0.8752 0.4131 0.0000
vt 0.8673 0.4217 0.0000
vt 0.8649 0.4133 0.0000
vt 0.8624 0.4247 0.0000
vt 0.8560 0.4186 0.0000
vt 0.4817 0.4490 0.0000
vt 0.4865 0.4490 0.0000
vt 0.4817 0.4498 0.0000
vt 0.2401 0.6055 0.0000
vt 0.2354 0.6035 0.0000
vt 0.2404 0.6046 0.0000
vt 0.0660 0.8032 0.0000
vt 0.0700 0.8003 0.0000
vt 0.0666 0.8039 0.0000
vt 0.0671 0.8045 0.0000
vt 0.8639 0.2668 0.0000
vt 0.8692 0.2672 0.0000
vt 0.8638 0.2677 0.0000
vt 0.8407 0.5667 0.0000
vt 0.8384 0.5713 0.0000
vt 0.8399 0.5664 0.0000
vt 0.9482 0.3539 0.0000
vt 0.9429 0.3506 0.0000
vt 0.9463 0.3483 0.0000
vt 0.9493 0.3501 0.0000
vt 0.9399 0.3451 0.0000
vt 0.9446 0.3452 0.0000
vt 0.9401 0.3389 0.0000
vt 0.9448 0.3417 0.0000
vt 0.9433 0.3336 0.0000
vt 0.9465 0.3387 0.0000
vt 0.9487 0.3306 0.0000
vt 0.9496 0.3370 0.0000
vt 0.9549 0.3306 0.0000
vt 0.9531 0.3370 0.0000
vt 0.4478 0.3001 0.0000
vt 0.4204 0.3001 0.0000
vt 0.4204 0.2899 0.0000
vt 0.4478 0.2899 0.0000
vt 0.4702 0.3645 0.0000
vt 0.4902 0.3645 0.0000
vt 0.4902 0.3746 0.0000
vt 0.4702 0.3746 0.0000
vt 0.5176 0.3645 0.0000
vt 0.5176 0.3746 0.0000
vt 0.5450 0.3645 0.0000
vt 0.5450 0.3746 0.0000
vt 0.4204 0.2804 0.0000
vt 0.4478 0.2804 0.0000
vt 0.4902 0.3842 0.0000
vt 0.4702 0.3842 0.0000
vt 0.8955 0.2935 0.0000
vt 0.8955 0.2798 0.0000
vt 0.9263 0.2798 0.0000
vt 0.9263 0.2935 0.0000
vt 0.9399 0.1775 0.0000
vt 0.9399 0.1675 0.0000
vt 0.9707 0.1675 0.0000
vt 0.9707 0.1775 0.0000
vt 0.9399 0.1538 0.0000
vt 0.9707 0.1538 0.0000
vt 0.9399 0.1401 0.0000
vt 0.9707 0.1401 0.0000
vt 0.8858 0.6914 0.0000
vt 0.8758 0.6914 0.0000
vt 0.8758 0.6606 0.0000
vt 0.8858 0.6606 0.0000
vt 0.8621 0.6914 0.0000
vt 0.8621 0.6606 0.0000
vt 0.8757 0.6606 0.0000
vt 0.9165 0.0005 0.0000
vt 0.9302 0.0042 0.0000
vt 0.9402 0.0142 0.0000
vt 0.9439 0.0279 0.0000
vt 0.8106 0.4704 0.0000
vt 0.7965 0.4721 0.0000
vt 0.7852 0.4806 0.0000
vt 0.3133 0.1758 0.0000
vt 0.3523 0.1758 0.0000
vt 0.3568 0.1929 0.0000
vt 0.3133 0.1929 0.0000
vt 0.3808 0.1758 0.0000
vt 0.3887 0.1929 0.0000
vt 0.7363 0.8404 0.0000
vt 0.7077 0.8404 0.0000
vt 0.7123 0.8233 0.0000
vt 0.7441 0.8233 0.0000
vt 0.6688 0.8404 0.0000
vt 0.6688 0.8233 0.0000
vt 0.4241 0.3502 0.0000
vt 0.4478 0.3502 0.0000
vt 0.8701 0.5110 0.0000
vt 0.8788 0.4944 0.0000
vt 0.8868 0.4944 0.0000
vt 0.8748 0.5110 0.0000
vt 0.8783 0.4893 0.0000
vt 0.8862 0.4893 0.0000
vt 0.8623 0.2560 0.0000
vt 0.8574 0.2566 0.0000
vt 0.8574 0.2487 0.0000
vt 0.8623 0.2481 0.0000
vt 0.6821 0.3826 0.0000
vt 0.6733 0.3566 0.0000
vt 0.6781 0.3566 0.0000
vt 0.6900 0.3826 0.0000
vt 0.3133 0.2101 0.0000
vt 0.3613 0.2101 0.0000
vt 0.3613 0.2218 0.0000
vt 0.3133 0.2218 0.0000
vt 0.3965 0.2101 0.0000
vt 0.3965 0.2218 0.0000
vt 0.3219 0.5402 0.0000
vt 0.3115 0.5401 0.0000
vt 0.3115 0.5306 0.0000
vt 0.3219 0.5274 0.0000
vt 0.7520 0.8061 0.0000
vt 0.7168 0.8061 0.0000
vt 0.7168 0.7944 0.0000
vt 0.7520 0.7944 0.0000
vt 0.6688 0.8061 0.0000
vt 0.6688 0.7944 0.0000
vt 0.0781 0.7463 0.0000
vt 0.0425 0.7463 0.0000
vt 0.0425 0.7101 0.0000
vt 0.0781 0.7101 0.0000
vt 0.0068 0.7463 0.0000
vt 0.0068 0.7101 0.0000
vt 0.3133 0.3260 0.0000
vt 0.3570 0.3260 0.0000
vt 0.3570 0.3539 0.0000
vt 0.3133 0.3539 0.0000
vt 0.3890 0.3260 0.0000
vt 0.3890 0.3539 0.0000
vt 0.0779 0.6774 0.0000
vt 0.0425 0.6774 0.0000
vt 0.0425 0.6496 0.0000
vt 0.0779 0.6496 0.0000
vt 0.0071 0.6774 0.0000
vt 0.0071 0.6496 0.0000
vt 0.7445 0.6901 0.0000
vt 0.7125 0.6901 0.0000
vt 0.7125 0.6623 0.0000
vt 0.7445 0.6623 0.0000
vt 0.9336 0.6149 0.0000
vt 0.9336 0.5845 0.0000
vt 0.9530 0.5845 0.0000
vt 0.9530 0.6149 0.0000
vt 0.0425 0.6199 0.0000
vt 0.0072 0.6199 0.0000
vt 0.0282 0.5976 0.0000
vt 0.0425 0.6033 0.0000
vt 0.3133 0.4143 0.0000
vt 0.3608 0.4143 0.0000
vt 0.3471 0.4488 0.0000
vt 0.3133 0.4488 0.0000
vt 0.7163 0.6019 0.0000
vt 0.6688 0.6019 0.0000
vt 0.6688 0.5674 0.0000
vt 0.7025 0.5674 0.0000
vt 0.1479 0.8447 0.0000
vt 0.1817 0.8514 0.0000
vt 0.1817 0.9383 0.0000
vt 0.1479 0.9450 0.0000
vt 0.5176 0.3297 0.0000
vt 0.4921 0.3297 0.0000
vt 0.1543 0.8012 0.0000
vt 0.1876 0.8003 0.0000
vt 0.1876 0.8286 0.0000
vt 0.1543 0.8277 0.0000
vt 0.8447 0.0991 0.0000
vt 0.8716 0.0957 0.0000
vt 0.8707 0.0995 0.0000
vt 0.8486 0.1022 0.0000
vt 0.6733 0.0005 0.0000
vt 0.6919 0.0005 0.0000
vt 0.6893 0.0031 0.0000
vt 0.6740 0.0031 0.0000
vt 0.5463 0.3297 0.0000
vt 0.5176 0.3220 0.0000
vt 0.6916 0.4879 0.0000
vt 0.6797 0.4930 0.0000
vt 0.6833 0.4688 0.0000
vt 0.6886 0.4666 0.0000
vt 0.9809 0.7657 0.0000
vt 0.9780 0.7656 0.0000
vt 0.9787 0.7622 0.0000
vt 0.9800 0.7622 0.0000
vt 0.9505 0.7899 0.0000
vt 0.9399 0.7875 0.0000
vt 0.9419 0.7827 0.0000
vt 0.9476 0.7840 0.0000
vt 0.8257 0.9946 0.0000
vt 0.8261 0.9907 0.0000
vt 0.8308 0.9908 0.0000
vt 0.8305 0.9929 0.0000
vt 0.9419 0.7798 0.0000
vt 0.9476 0.7812 0.0000
vt 0.8336 0.9909 0.0000
vt 0.8334 0.9930 0.0000
vt 0.9273 0.6352 0.0000
vt 0.9272 0.6302 0.0000
vt 0.9299 0.6289 0.0000
vt 0.9300 0.6370 0.0000
vt 0.9404 0.7771 0.0000
vt 0.9498 0.7793 0.0000
vt 0.8364 0.9910 0.0000
vt 0.8360 0.9945 0.0000
vt 0.4734 0.6538 0.0000
vt 0.4674 0.6538 0.0000
vt 0.4655 0.6511 0.0000
vt 0.4755 0.6512 0.0000
vt 0.9128 0.5400 0.0000
vt 0.9124 0.5482 0.0000
vt 0.9082 0.5456 0.0000
vt 0.9083 0.5427 0.0000
vt 0.9499 0.7715 0.0000
vt 0.9403 0.7727 0.0000
vt 0.9428 0.7690 0.0000
vt 0.9462 0.7685 0.0000
vt 0.8404 0.9946 0.0000
vt 0.8405 0.9912 0.0000
vt 0.8443 0.9912 0.0000
vt 0.8443 0.9925 0.0000
vt 0.5654 0.0104 0.0000
vt 0.5666 0.0005 0.0000
vt 0.5701 0.0043 0.0000
vt 0.5697 0.0079 0.0000
vt 0.9790 0.7881 0.0000
vt 0.9780 0.7840 0.0000
vt 0.9819 0.7812 0.0000
vt 0.9830 0.7860 0.0000
vt 0.8758 0.4380 0.0000
vt 0.8724 0.4387 0.0000
vt 0.8724 0.4371 0.0000
vt 0.8758 0.4364 0.0000
vt 0.9082 0.4454 0.0000
vt 0.9082 0.4410 0.0000
vt 0.9098 0.4410 0.0000
vt 0.9099 0.4454 0.0000
vt 0.9970 0.0805 0.0000
vt 0.9978 0.0767 0.0000
vt 0.9995 0.0767 0.0000
vt 0.9987 0.0805 0.0000
vt 0.8996 0.8916 0.0000
vt 0.9036 0.8923 0.0000
vt 0.9033 0.8939 0.0000
vt 0.8993 0.8932 0.0000
vt 0.8707 0.4349 0.0000
vt 0.8767 0.4336 0.0000
vt 0.9120 0.4385 0.0000
vt 0.9121 0.4462 0.0000
vt 0.9145 0.5329 0.0000
vt 0.9155 0.5284 0.0000
vt 0.9187 0.5273 0.0000
vt 0.9171 0.5354 0.0000
vt 0.9053 0.8970 0.0000
vt 0.8982 0.8959 0.0000
vt 0.8707 0.4300 0.0000
vt 0.8767 0.4287 0.0000
vt 0.9169 0.4385 0.0000
vt 0.9170 0.4462 0.0000
vt 0.9721 0.5367 0.0000
vt 0.9653 0.5353 0.0000
vt 0.9653 0.5304 0.0000
vt 0.9721 0.5318 0.0000
vt 0.9044 0.9019 0.0000
vt 0.8973 0.9007 0.0000
vt 0.8722 0.4264 0.0000
vt 0.8758 0.4257 0.0000
vt 0.9205 0.4408 0.0000
vt 0.9205 0.4454 0.0000
vt 0.9670 0.5273 0.0000
vt 0.9711 0.5282 0.0000
vt 0.9017 0.9045 0.0000
vt 0.8974 0.9038 0.0000
vt 0.2280 0.1681 0.0000
vt 0.2243 0.1677 0.0000
vt 0.2243 0.1655 0.0000
vt 0.2280 0.1658 0.0000
vt 0.9711 0.4104 0.0000
vt 0.9682 0.4099 0.0000
vt 0.9682 0.4077 0.0000
vt 0.9711 0.4082 0.0000
vt 0.9665 0.4104 0.0000
vt 0.9665 0.4082 0.0000
vt 0.9638 0.5734 0.0000
vt 0.9637 0.5776 0.0000
vt 0.9615 0.5774 0.0000
vt 0.9616 0.5732 0.0000
vt 0.9526 0.0765 0.0000
vt 0.9529 0.0716 0.0000
vt 0.9556 0.0703 0.0000
vt 0.9550 0.0782 0.0000
vt 0.9682 0.4050 0.0000
vt 0.9727 0.4058 0.0000
vt 0.9653 0.4058 0.0000
vt 0.9591 0.5791 0.0000
vt 0.9593 0.5724 0.0000
vt 0.5464 0.3110 0.0000
vt 0.5469 0.3052 0.0000
vt 0.5515 0.3052 0.0000
vt 0.5510 0.3110 0.0000
vt 0.9682 0.4004 0.0000
vt 0.9727 0.4012 0.0000
vt 0.9653 0.4012 0.0000
vt 0.9545 0.5786 0.0000
vt 0.9547 0.5719 0.0000
vt 0.9018 0.3702 0.0000
vt 0.9025 0.3623 0.0000
vt 0.9049 0.3645 0.0000
vt 0.9047 0.3674 0.0000
vt 0.9717 0.5840 0.0000
vt 0.9731 0.5791 0.0000
vt 0.9743 0.5805 0.0000
vt 0.9738 0.5823 0.0000
vt 0.9762 0.5781 0.0000
vt 0.9755 0.5801 0.0000
vt 0.9526 0.5751 0.0000
vt 0.9527 0.5726 0.0000
vt 0.7812 0.4020 0.0000
vt 0.7824 0.3478 0.0000
vt 0.7834 0.3566 0.0000
vt 0.7827 0.3915 0.0000
vt 0.8619 0.5210 0.0000
vt 0.8687 0.5257 0.0000
vt 0.8655 0.5324 0.0000
vt 0.8606 0.5290 0.0000
vt 0.8531 0.5761 0.0000
vt 0.8542 0.5687 0.0000
vt 0.8447 0.5746 0.0000
vt 0.8481 0.5676 0.0000
vt 0.9095 0.3855 0.0000
vt 0.9112 0.3814 0.0000
vt 0.9167 0.3827 0.0000
vt 0.9156 0.3870 0.0000
vt 0.7682 0.6206 0.0000
vt 0.7629 0.6221 0.0000
vt 0.7628 0.6151 0.0000
vt 0.7664 0.6141 0.0000
vt 0.9805 0.2701 0.0000
vt 0.9780 0.2706 0.0000
vt 0.9788 0.2675 0.0000
vt 0.9806 0.2671 0.0000
vt 0.6021 0.2257 0.0000
vt 0.5981 0.2257 0.0000
vt 0.5972 0.2227 0.0000
vt 0.6001 0.2227 0.0000
vt 0.9336 0.3466 0.0000
vt 0.9358 0.3433 0.0000
vt 0.9385 0.3441 0.0000
vt 0.9369 0.3466 0.0000
vt 0.5583 0.4769 0.0000
vt 0.5622 0.4748 0.0000
vt 0.5687 0.4816 0.0000
vt 0.5657 0.4832 0.0000
vt 0.9048 0.0183 0.0000
vt 0.9041 0.0154 0.0000
vt 0.9133 0.0140 0.0000
vt 0.9138 0.0163 0.0000
vt 0.9534 0.1385 0.0000
vt 0.9549 0.1342 0.0000
vt 0.9642 0.1342 0.0000
vt 0.9627 0.1385 0.0000
vt 0.9787 0.8458 0.0000
vt 0.9819 0.8447 0.0000
vt 0.9850 0.8540 0.0000
vt 0.9818 0.8551 0.0000
vt 0.5745 0.4136 0.0000
vt 0.5702 0.4117 0.0000
vt 0.5772 0.4033 0.0000
vt 0.5807 0.4063 0.0000
vt 0.1881 0.7964 0.0000
vt 0.1846 0.7957 0.0000
vt 0.1846 0.7939 0.0000
vt 0.1881 0.7946 0.0000
vt 0.9582 0.5490 0.0000
vt 0.9544 0.5490 0.0000
vt 0.9544 0.5472 0.0000
vt 0.9582 0.5473 0.0000
vt 0.7178 0.1120 0.0000
vt 0.7178 0.1084 0.0000
vt 0.7195 0.1088 0.0000
vt 0.7195 0.1123 0.0000
vt 0.8877 0.0950 0.0000
vt 0.8882 0.0921 0.0000
vt 0.8899 0.0924 0.0000
vt 0.8894 0.0953 0.0000
vt 0.9226 0.5845 0.0000
vt 0.9275 0.5853 0.0000
vt 0.9300 0.5886 0.0000
vt 0.9209 0.5870 0.0000
vt 0.9541 0.5445 0.0000
vt 0.9611 0.5445 0.0000
vt 0.8825 0.3273 0.0000
vt 0.8782 0.3272 0.0000
vt 0.8764 0.3242 0.0000
vt 0.8846 0.3244 0.0000
vt 0.9238 0.0213 0.0000
vt 0.9238 0.0247 0.0000
vt 0.9209 0.0258 0.0000
vt 0.9209 0.0195 0.0000
vt 0.9300 0.5923 0.0000
vt 0.9209 0.5908 0.0000
vt 0.9541 0.5400 0.0000
vt 0.9611 0.5400 0.0000
vt 0.9402 0.2842 0.0000
vt 0.9336 0.2841 0.0000
vt 0.9345 0.2798 0.0000
vt 0.9411 0.2798 0.0000
vt 0.9327 0.2334 0.0000
vt 0.9272 0.2334 0.0000
vt 0.9272 0.2290 0.0000
vt 0.9327 0.2290 0.0000
vt 0.7600 0.7114 0.0000
vt 0.7584 0.7205 0.0000
vt 0.7558 0.7173 0.0000
vt 0.7566 0.7131 0.0000
vt 0.9718 0.2302 0.0000
vt 0.9717 0.2227 0.0000
vt 0.9739 0.2240 0.0000
vt 0.9739 0.2275 0.0000
vt 0.5400 0.2372 0.0000
vt 0.5401 0.2290 0.0000
vt 0.5430 0.2319 0.0000
vt 0.5430 0.2357 0.0000
vt 0.6733 0.1083 0.0000
vt 0.6733 0.1021 0.0000
vt 0.6769 0.1033 0.0000
vt 0.6769 0.1062 0.0000
vt 0.9755 0.6112 0.0000
vt 0.9721 0.6113 0.0000
vt 0.9721 0.6089 0.0000
vt 0.9755 0.6089 0.0000
vt 0.9150 0.3896 0.0000
vt 0.9179 0.3876 0.0000
vt 0.9173 0.3901 0.0000
vt 0.9190 0.3833 0.0000
vt 0.9552 0.4060 0.0000
vt 0.9612 0.4061 0.0000
vt 0.9612 0.4085 0.0000
vt 0.9552 0.4084 0.0000
vt 0.9717 0.6066 0.0000
vt 0.9772 0.6065 0.0000
vt 0.9201 0.3881 0.0000
vt 0.9192 0.3923 0.0000
vt 0.9219 0.3813 0.0000
vt 0.9622 0.4109 0.0000
vt 0.9526 0.4107 0.0000
vt 0.9717 0.6001 0.0000
vt 0.9772 0.6000 0.0000
vt 0.9264 0.3897 0.0000
vt 0.9255 0.3938 0.0000
vt 0.9281 0.3829 0.0000
vt 0.9622 0.4173 0.0000
vt 0.9526 0.4172 0.0000
vt 0.9722 0.5972 0.0000
vt 0.9749 0.5972 0.0000
vt 0.8701 0.5262 0.0000
vt 0.8702 0.5210 0.0000
vt 0.8736 0.5223 0.0000
vt 0.8735 0.5248 0.0000
vt 0.9301 0.3871 0.0000
vt 0.9293 0.3904 0.0000
vt 0.9608 0.4202 0.0000
vt 0.9562 0.4201 0.0000
vt 0.2100 0.9573 0.0000
vt 0.2119 0.9545 0.0000
vt 0.2166 0.9577 0.0000
vt 0.2147 0.9605 0.0000
vt 0.7680 0.7824 0.0000
vt 0.7697 0.7774 0.0000
vt 0.7738 0.7774 0.0000
vt 0.7737 0.7824 0.0000
vt 0.2787 0.1716 0.0000
vt 0.2791 0.1688 0.0000
vt 0.2829 0.1688 0.0000
vt 0.2828 0.1716 0.0000
vt 0.9471 0.2997 0.0000
vt 0.9452 0.2942 0.0000
vt 0.9510 0.2944 0.0000
vt 0.9509 0.2998 0.0000
vt 0.2194 0.9579 0.0000
vt 0.2164 0.9625 0.0000
vt 0.7764 0.7756 0.0000
vt 0.7762 0.7838 0.0000
vt 0.2855 0.1676 0.0000
vt 0.2854 0.1722 0.0000
vt 0.9535 0.2925 0.0000
vt 0.9535 0.3014 0.0000
vt 0.2251 0.9618 0.0000
vt 0.2220 0.9663 0.0000
vt 0.7833 0.7756 0.0000
vt 0.7830 0.7838 0.0000
vt 0.2923 0.1676 0.0000
vt 0.2923 0.1722 0.0000
vt 0.9603 0.2927 0.0000
vt 0.9603 0.3017 0.0000
vt 0.2270 0.9656 0.0000
vt 0.2258 0.9674 0.0000
vt 0.7868 0.7785 0.0000
vt 0.7867 0.7816 0.0000
vt 0.2958 0.1695 0.0000
vt 0.2958 0.1713 0.0000
vt 0.9639 0.2959 0.0000
vt 0.9639 0.2994 0.0000
vt 0.5723 0.4851 0.0000
vt 0.5701 0.4874 0.0000
vt 0.3195 0.7944 0.0000
vt 0.3147 0.7927 0.0000
vt 0.3147 0.7892 0.0000
vt 0.3195 0.7893 0.0000
vt 0.9174 0.0143 0.0000
vt 0.9173 0.0165 0.0000
vt 0.9432 0.5516 0.0000
vt 0.9474 0.5497 0.0000
vt 0.9472 0.5558 0.0000
vt 0.9431 0.5558 0.0000
vt 0.5757 0.4869 0.0000
vt 0.5713 0.4913 0.0000
vt 0.3133 0.7855 0.0000
vt 0.3225 0.7856 0.0000
vt 0.9211 0.0140 0.0000
vt 0.9209 0.0182 0.0000
vt 0.9482 0.5594 0.0000
vt 0.9402 0.5593 0.0000
vt 0.5805 0.4916 0.0000
vt 0.5761 0.4960 0.0000
vt 0.3133 0.7787 0.0000
vt 0.3225 0.7789 0.0000
vt 0.9278 0.0145 0.0000
vt 0.9276 0.0187 0.0000
vt 0.9479 0.5662 0.0000
vt 0.9400 0.5661 0.0000
vt 0.8013 0.0498 0.0000
vt 0.7939 0.0497 0.0000
vt 0.7973 0.0449 0.0000
vt 0.7999 0.0450 0.0000
vt 0.3152 0.7749 0.0000
vt 0.3184 0.7749 0.0000
vt 0.9386 0.3226 0.0000
vt 0.9336 0.3225 0.0000
vt 0.9363 0.3179 0.0000
vt 0.9381 0.3179 0.0000
vt 0.9463 0.5701 0.0000
vt 0.9435 0.5701 0.0000
vt 0.9652 0.1342 0.0000
vt 0.9651 0.1385 0.0000
vt 0.9619 0.1306 0.0000
vt 0.9651 0.1306 0.0000
vt 0.9850 0.8583 0.0000
vt 0.9818 0.8584 0.0000
vt 0.9897 0.8559 0.0000
vt 0.9897 0.8584 0.0000
vt 0.6518 0.2559 0.0000
vt 0.6519 0.2603 0.0000
vt 0.6481 0.2633 0.0000
vt 0.6479 0.2544 0.0000
vt 0.7228 0.0042 0.0000
vt 0.7188 0.0043 0.0000
vt 0.7178 0.0006 0.0000
vt 0.7260 0.0005 0.0000
vt 0.9975 0.0957 0.0000
vt 0.9974 0.1023 0.0000
vt 0.9907 0.1023 0.0000
vt 0.9908 0.0957 0.0000
vt 0.9654 0.4458 0.0000
vt 0.9653 0.4385 0.0000
vt 0.9720 0.4385 0.0000
vt 0.9721 0.4458 0.0000
vt 0.9780 0.8614 0.0000
vt 0.9845 0.8613 0.0000
vt 0.9845 0.8681 0.0000
vt 0.9780 0.8681 0.0000
vt 0.9915 0.8614 0.0000
vt 0.9915 0.8681 0.0000
vt 0.6606 0.4956 0.0000
vt 0.6695 0.4958 0.0000
vt 0.6656 0.5003 0.0000
vt 0.6624 0.5003 0.0000
vt 0.6688 0.5445 0.0000
vt 0.6606 0.5446 0.0000
vt 0.6619 0.5401 0.0000
vt 0.6649 0.5400 0.0000
vt 0.5811 0.3987 0.0000
vt 0.5846 0.4017 0.0000
vt 0.5913 0.5800 0.0000
vt 0.5877 0.5800 0.0000
vt 0.5877 0.5740 0.0000
vt 0.5913 0.5740 0.0000
vt 0.6341 0.0214 0.0000
vt 0.6307 0.0214 0.0000
vt 0.6307 0.0154 0.0000
vt 0.6341 0.0154 0.0000
vt 0.8919 0.7807 0.0000
vt 0.8924 0.7763 0.0000
vt 0.8984 0.7769 0.0000
vt 0.8979 0.7813 0.0000
vt 0.5820 0.3949 0.0000
vt 0.5880 0.3999 0.0000
vt 0.5855 0.5705 0.0000
vt 0.5918 0.5705 0.0000
vt 0.6294 0.0119 0.0000
vt 0.6352 0.0119 0.0000
vt 0.9021 0.7749 0.0000
vt 0.9013 0.7824 0.0000
vt 0.5871 0.3888 0.0000
vt 0.5931 0.3938 0.0000
vt 0.5855 0.5626 0.0000
vt 0.5918 0.5626 0.0000
vt 0.6294 0.0040 0.0000
vt 0.6352 0.0040 0.0000
vt 0.9100 0.7757 0.0000
vt 0.9092 0.7832 0.0000
vt 0.5912 0.3877 0.0000
vt 0.5938 0.3899 0.0000
vt 0.5884 0.5591 0.0000
vt 0.5912 0.5591 0.0000
vt 0.6312 0.0005 0.0000
vt 0.6337 0.0005 0.0000
vt 0.9131 0.7794 0.0000
vt 0.9128 0.7826 0.0000
vt 0.4936 0.9661 0.0000
vt 0.4502 0.9565 0.0000
vt 0.4502 0.9485 0.0000
vt 0.4936 0.9581 0.0000
vt 0.4616 0.8630 0.0000
vt 0.4711 0.9067 0.0000
vt 0.4631 0.9067 0.0000
vt 0.4536 0.8630 0.0000
vt 0.5794 0.6797 0.0000
vt 0.5791 0.7093 0.0000
vt 0.5711 0.7093 0.0000
vt 0.5714 0.6797 0.0000
vt 0.5791 0.7372 0.0000
vt 0.5711 0.7372 0.0000
vt 0.5787 0.7698 0.0000
vt 0.5707 0.7698 0.0000
vt 0.8828 0.1276 0.0000
vt 0.9275 0.1274 0.0000
vt 0.9183 0.1375 0.0000
vt 0.8877 0.1376 0.0000
vt 0.5591 0.7646 0.0000
vt 0.5594 0.7424 0.0000
vt 0.4571 0.9399 0.0000
vt 0.4867 0.9464 0.0000
vt 0.8955 0.1851 0.0000
vt 0.9281 0.1846 0.0000
vt 0.9230 0.1933 0.0000
vt 0.9007 0.1937 0.0000
vt 0.9780 0.0950 0.0000
vt 0.9875 0.0513 0.0000
vt 0.9962 0.0579 0.0000
vt 0.9896 0.0884 0.0000
vt 0.9399 0.4346 0.0000
vt 0.9399 0.4067 0.0000
vt 0.9487 0.4110 0.0000
vt 0.9487 0.4304 0.0000
vt 0.3215 0.6225 0.0000
vt 0.3217 0.6673 0.0000
vt 0.3117 0.6584 0.0000
vt 0.3115 0.6272 0.0000
vt 0.5595 0.7330 0.0000
vt 0.5595 0.7135 0.0000
vt 0.8955 0.6345 0.0000
vt 0.9050 0.5908 0.0000
vt 0.9137 0.5974 0.0000
vt 0.9071 0.6279 0.0000
vt 0.9486 0.4512 0.0000
vt 0.9489 0.4808 0.0000
vt 0.9401 0.4774 0.0000
vt 0.9399 0.4546 0.0000
vt 0.4514 0.9001 0.0000
vt 0.4448 0.8696 0.0000
vt 0.5596 0.7059 0.0000
vt 0.5597 0.6831 0.0000
vt 0.3613 0.2336 0.0000
vt 0.3613 0.2572 0.0000
vt 0.3133 0.2572 0.0000
vt 0.3133 0.2336 0.0000
vt 0.3965 0.2336 0.0000
vt 0.3965 0.2572 0.0000
vt 0.0425 0.7626 0.0000
vt 0.0781 0.7699 0.0000
vt 0.0068 0.7699 0.0000
vt 0.7168 0.7826 0.0000
vt 0.7168 0.7590 0.0000
vt 0.7520 0.7590 0.0000
vt 0.7520 0.7826 0.0000
vt 0.6688 0.7826 0.0000
vt 0.6688 0.7590 0.0000
vt 0.7693 0.8196 0.0000
vt 0.7634 0.8327 0.0000
vt 0.7753 0.7975 0.0000
vt 0.7753 0.8065 0.0000
vt 0.4199 0.2187 0.0000
vt 0.4199 0.2277 0.0000
vt 0.4139 0.1966 0.0000
vt 0.4199 0.2097 0.0000
vt 0.8021 0.7944 0.0000
vt 0.8021 0.8010 0.0000
vt 0.4467 0.2218 0.0000
vt 0.4467 0.2284 0.0000
vt 0.8381 0.3672 0.0000
vt 0.8253 0.3654 0.0000
vt 0.8435 0.2363 0.0000
vt 0.8562 0.2381 0.0000
vt 0.8112 0.3635 0.0000
vt 0.8294 0.2343 0.0000
vt 0.9325 0.7955 0.0000
vt 0.9325 0.8010 0.0000
vt 0.1396 0.1100 0.0000
vt 0.1396 0.0933 0.0000
vt 0.2700 0.0933 0.0000
vt 0.2700 0.1100 0.0000
vt 0.1396 0.0766 0.0000
vt 0.2700 0.0766 0.0000
vt 0.5771 0.2207 0.0000
vt 0.5771 0.2262 0.0000
vt 0.4079 0.1835 0.0000
vt 0.3115 0.5211 0.0000
vt 0.3219 0.5146 0.0000
vt 0.7753 0.7885 0.0000
vt 0.8021 0.7877 0.0000
vt 0.4467 0.2152 0.0000
vt 0.9325 0.7900 0.0000
vt 0.5771 0.2152 0.0000
vt 0.9325 0.8081 0.0000
vt 0.9408 0.8022 0.0000
vt 0.9388 0.8090 0.0000
vt 0.9423 0.7968 0.0000
vt 0.9438 0.7915 0.0000
vt 0.5868 0.2193 0.0000
vt 0.5883 0.2247 0.0000
vt 0.5853 0.2140 0.0000
vt 0.9491 0.7999 0.0000
vt 0.9466 0.8048 0.0000
vt 0.9516 0.7949 0.0000
vt 0.5937 0.2163 0.0000
vt 0.5962 0.2213 0.0000
vt 0.5912 0.2114 0.0000
vt 0.9587 0.8067 0.0000
vt 0.9547 0.8105 0.0000
vt 0.9628 0.8029 0.0000
vt 0.6033 0.2095 0.0000
vt 0.6073 0.2133 0.0000
vt 0.5993 0.2057 0.0000
vt 0.9669 0.8275 0.0000
vt 0.9614 0.8274 0.0000
vt 0.9724 0.8275 0.0000
vt 0.6114 0.1887 0.0000
vt 0.6170 0.1887 0.0000
vt 0.6059 0.1887 0.0000
vt 0.3877 0.6233 0.0000
vt 0.4006 0.6233 0.0000
vt 0.4006 0.6358 0.0000
vt 0.3881 0.6358 0.0000
vt 0.4148 0.6233 0.0000
vt 0.4143 0.6358 0.0000
vt 0.9471 0.8273 0.0000
vt 0.9543 0.8274 0.0000
vt 0.9544 0.8399 0.0000
vt 0.9475 0.8398 0.0000
vt 0.9613 0.8399 0.0000
vt 0.9666 0.8400 0.0000
vt 0.9719 0.8400 0.0000
vt 0.5194 0.4488 0.0000
vt 0.5127 0.4488 0.0000
vt 0.5069 0.4433 0.0000
vt 0.5069 0.4513 0.0000
vt 0.6111 0.1762 0.0000
vt 0.6165 0.1762 0.0000
vt 0.6058 0.1762 0.0000
vt 0.5988 0.1888 0.0000
vt 0.5989 0.1763 0.0000
vt 0.5917 0.1889 0.0000
vt 0.5920 0.1764 0.0000
vt 0.9605 0.9274 0.0000
vt 0.9645 0.9275 0.0000
vt 0.9721 0.9424 0.0000
vt 0.9625 0.9423 0.0000
vt 0.9685 0.9275 0.0000
vt 0.9816 0.9425 0.0000
vt 0.6130 0.0887 0.0000
vt 0.6090 0.0887 0.0000
vt 0.6166 0.0738 0.0000
vt 0.6261 0.0737 0.0000
vt 0.6050 0.0888 0.0000
vt 0.6071 0.0738 0.0000
vt 0.6574 0.8447 0.0000
vt 0.6686 0.8447 0.0000
vt 0.6686 0.8671 0.0000
vt 0.6574 0.8671 0.0000
vt 0.9380 0.9421 0.0000
vt 0.9503 0.9422 0.0000
vt 0.9501 0.9646 0.0000
vt 0.9378 0.9645 0.0000
vt 0.9624 0.9647 0.0000
vt 0.9719 0.9648 0.0000
vt 0.9814 0.9649 0.0000
vt 0.6940 0.9272 0.0000
vt 0.6939 0.9404 0.0000
vt 0.6715 0.9404 0.0000
vt 0.6716 0.9272 0.0000
vt 0.6940 0.9535 0.0000
vt 0.6716 0.9535 0.0000
vt 0.6164 0.0514 0.0000
vt 0.6259 0.0513 0.0000
vt 0.6069 0.0515 0.0000
vt 0.5948 0.0739 0.0000
vt 0.5947 0.0516 0.0000
vt 0.5825 0.0740 0.0000
vt 0.5824 0.0517 0.0000
vt 0.9718 0.9720 0.0000
vt 0.9623 0.9720 0.0000
vt 0.9814 0.9721 0.0000
vt 0.6163 0.0266 0.0000
vt 0.6258 0.0265 0.0000
vt 0.6068 0.0267 0.0000
vt 0.8320 0.0005 0.0000
vt 0.8474 0.0006 0.0000
vt 0.8457 0.0080 0.0000
vt 0.8352 0.0079 0.0000
vt 0.5945 0.0268 0.0000
vt 0.5822 0.0269 0.0000
vt 0.5835 0.0222 0.0000
vt 0.5918 0.0222 0.0000
vt 0.5960 0.0220 0.0000
vt 0.6048 0.0219 0.0000
vt 0.8627 0.0008 0.0000
vt 0.8608 0.0079 0.0000
vt 0.8498 0.0078 0.0000
vt 0.8755 0.0008 0.0000
vt 0.8734 0.0080 0.0000
vt 0.8642 0.0080 0.0000
vt 0.6083 0.0219 0.0000
vt 0.6151 0.0218 0.0000
vt 0.8882 0.0009 0.0000
vt 0.8856 0.0081 0.0000
vt 0.8766 0.0081 0.0000
vt 0.6554 0.9403 0.0000
vt 0.6468 0.9508 0.0000
vt 0.6421 0.9483 0.0000
vt 0.6481 0.9409 0.0000
vt 0.6183 0.0219 0.0000
vt 0.6251 0.0218 0.0000
vt 0.8703 0.0328 0.0000
vt 0.8663 0.0327 0.0000
vt 0.6104 0.0006 0.0000
vt 0.6134 0.0005 0.0000
vt 0.8819 0.0329 0.0000
vt 0.8780 0.0328 0.0000
vt 0.6208 0.9394 0.0000
vt 0.6234 0.9362 0.0000
vt 0.6211 0.0005 0.0000
vt 0.6240 0.0005 0.0000
vt 0.8434 0.0326 0.0000
vt 0.8389 0.0326 0.0000
vt 0.5848 0.0008 0.0000
vt 0.5885 0.0008 0.0000
vt 0.5981 0.0007 0.0000
vt 0.6019 0.0006 0.0000
vt 0.8578 0.0327 0.0000
vt 0.8530 0.0326 0.0000
vt 0.8477 0.0045 0.0000
vt 0.8465 0.0099 0.0000
vt 0.8495 0.0098 0.0000
vt 0.5834 0.4243 0.0000
vt 0.5812 0.4495 0.0000
vt 0.5808 0.4446 0.0000
vt 0.5824 0.4261 0.0000
vt 0.5777 0.4513 0.0000
vt 0.5782 0.4459 0.0000
vt 0.5753 0.4284 0.0000
vt 0.5765 0.4291 0.0000
vt 0.4637 0.7241 0.0000
vt 0.4583 0.7241 0.0000
vt 0.4603 0.7226 0.0000
vt 0.4643 0.7226 0.0000
vt 0.7711 0.0578 0.0000
vt 0.7661 0.0593 0.0000
vt 0.7650 0.0588 0.0000
vt 0.7687 0.0576 0.0000
vt 0.7450 0.0686 0.0000
vt 0.7494 0.0656 0.0000
vt 0.7448 0.0649 0.0000
vt 0.7493 0.0628 0.0000
vt 0.8448 0.0280 0.0000
vt 0.8626 0.0051 0.0000
vt 0.8612 0.0101 0.0000
vt 0.8637 0.0101 0.0000
vt 0.8610 0.2939 0.0000
vt 0.8587 0.3190 0.0000
vt 0.8581 0.3134 0.0000
vt 0.8597 0.2958 0.0000
vt 0.8548 0.3207 0.0000
vt 0.8554 0.3146 0.0000
vt 0.8521 0.2977 0.0000
vt 0.8535 0.2985 0.0000
vt 0.8511 0.2925 0.0000
vt 0.8528 0.2948 0.0000
vt 0.9587 0.1923 0.0000
vt 0.9562 0.1971 0.0000
vt 0.9546 0.1974 0.0000
vt 0.9564 0.1941 0.0000
vt 0.9471 0.2184 0.0000
vt 0.9483 0.2124 0.0000
vt 0.9438 0.2157 0.0000
vt 0.9460 0.2105 0.0000
vt 0.9487 0.1909 0.0000
vt 0.9494 0.1931 0.0000
vt 0.8747 0.0071 0.0000
vt 0.8735 0.0112 0.0000
vt 0.8754 0.0112 0.0000
vt 0.5057 0.8721 0.0000
vt 0.5017 0.8732 0.0000
vt 0.5040 0.8669 0.0000
vt 0.5062 0.8662 0.0000
vt 0.5022 0.8500 0.0000
vt 0.5019 0.8447 0.0000
vt 0.5038 0.8484 0.0000
vt 0.5040 0.8514 0.0000
vt 0.9457 0.1923 0.0000
vt 0.9433 0.1971 0.0000
vt 0.9410 0.1976 0.0000
vt 0.9424 0.1949 0.0000
vt 0.9343 0.2184 0.0000
vt 0.9310 0.2157 0.0000
vt 0.9329 0.2102 0.0000
vt 0.9348 0.2117 0.0000
vt 0.8218 0.2227 0.0000
vt 0.8278 0.2328 0.0000
vt 0.8233 0.2376 0.0000
vt 0.8193 0.2310 0.0000
vt 0.9242 0.5260 0.0000
vt 0.9018 0.5258 0.0000
vt 0.9058 0.5195 0.0000
vt 0.9203 0.5196 0.0000
vt 0.5740 0.0702 0.0000
vt 0.5739 0.0556 0.0000
vt 0.9066 0.5066 0.0000
vt 0.9120 0.5066 0.0000
vt 0.5575 0.0618 0.0000
vt 0.5575 0.0564 0.0000
vt 0.7997 0.2057 0.0000
vt 0.8027 0.2079 0.0000
vt 0.8002 0.2082 0.0000
vt 0.7981 0.2067 0.0000
vt 0.6570 0.8906 0.0000
vt 0.6622 0.9153 0.0000
vt 0.6590 0.9075 0.0000
vt 0.6554 0.8903 0.0000
vt 0.6598 0.9179 0.0000
vt 0.6573 0.9093 0.0000
vt 0.7637 0.6352 0.0000
vt 0.7663 0.6352 0.0000
vt 0.7648 0.6638 0.0000
vt 0.7622 0.6638 0.0000
vt 0.9463 0.0174 0.0000
vt 0.9481 0.0064 0.0000
vt 0.9751 0.0097 0.0000
vt 0.9750 0.0179 0.0000
vt 0.3623 0.1719 0.0000
vt 0.3804 0.1719 0.0000
vt 0.3816 0.1736 0.0000
vt 0.3633 0.1745 0.0000
vt 0.5912 0.5343 0.0000
vt 0.5932 0.5337 0.0000
vt 0.5929 0.5407 0.0000
vt 0.5908 0.5414 0.0000
vt 0.7403 0.1267 0.0000
vt 0.7368 0.1255 0.0000
vt 0.7391 0.1253 0.0000
vt 0.7402 0.1236 0.0000
vt 0.8479 0.0080 0.0000
vt 0.8703 0.4893 0.0000
vt 0.8726 0.4893 0.0000
vt 0.8724 0.4952 0.0000
vt 0.8701 0.4952 0.0000
vt 0.2417 0.7051 0.0000
vt 0.2436 0.7057 0.0000
vt 0.2436 0.7100 0.0000
vt 0.2417 0.7094 0.0000
vt 0.8625 0.0085 0.0000
vt 0.8745 0.0098 0.0000
vt 0.1932 0.7700 0.0000
vt 0.1965 0.7711 0.0000
vt 0.1943 0.7712 0.0000
vt 0.1932 0.7724 0.0000
vt 0.8334 0.0222 0.0000
vt 0.8346 0.0195 0.0000
vt 0.8344 0.0213 0.0000
vt 0.8353 0.0222 0.0000
vt 0.8193 0.2497 0.0000
vt 0.8224 0.2518 0.0000
vt 0.8218 0.2640 0.0000
vt 0.9041 0.4956 0.0000
vt 0.8141 0.2036 0.0000
vt 0.5460 0.0539 0.0000
vt 0.8604 0.3270 0.0000
vt 0.8680 0.0400 0.0000
vt 0.9272 0.2229 0.0000
vt 0.9272 0.1973 0.0000
vt 0.9302 0.1973 0.0000
vt 0.9285 0.2044 0.0000
vt 0.8791 0.0401 0.0000
vt 0.6162 0.9323 0.0000
vt 0.8921 0.2996 0.0000
vt 0.8891 0.2996 0.0000
vt 0.8913 0.2925 0.0000
vt 0.5063 0.8802 0.0000
vt 0.8418 0.0398 0.0000
vt 0.7368 0.0671 0.0000
vt 0.9336 0.3910 0.0000
vt 0.9352 0.3877 0.0000
vt 0.9410 0.3910 0.0000
vt 0.6663 0.9226 0.0000
vt 0.9399 0.2229 0.0000
vt 0.9562 0.7824 0.0000
vt 0.9526 0.7810 0.0000
vt 0.9561 0.7749 0.0000
vt 0.5830 0.4576 0.0000
vt 0.8556 0.0399 0.0000
vt 0.4006 0.6733 0.0000
vt 0.4006 0.6859 0.0000
vt 0.3899 0.6858 0.0000
vt 0.3895 0.6733 0.0000
vt 0.4129 0.6733 0.0000
vt 0.4124 0.6858 0.0000
vt 0.9548 0.8774 0.0000
vt 0.9549 0.8899 0.0000
vt 0.9490 0.8898 0.0000
vt 0.9486 0.8773 0.0000
vt 0.9609 0.8774 0.0000
vt 0.9608 0.8899 0.0000
vt 0.9657 0.8775 0.0000
vt 0.9654 0.8900 0.0000
vt 0.9704 0.8775 0.0000
vt 0.9700 0.8900 0.0000
vt 0.6102 0.1387 0.0000
vt 0.6099 0.1262 0.0000
vt 0.6145 0.1262 0.0000
vt 0.6150 0.1387 0.0000
vt 0.6055 0.1387 0.0000
vt 0.6054 0.1262 0.0000
vt 0.5993 0.1388 0.0000
vt 0.5995 0.1263 0.0000
vt 0.5932 0.1389 0.0000
vt 0.5936 0.1264 0.0000
vt 0.4006 0.6958 0.0000
vt 0.4006 0.7109 0.0000
vt 0.3908 0.7109 0.0000
vt 0.3904 0.6958 0.0000
vt 0.4119 0.6958 0.0000
vt 0.4114 0.7109 0.0000
vt 0.9551 0.8998 0.0000
vt 0.9552 0.9149 0.0000
vt 0.9498 0.9148 0.0000
vt 0.9494 0.8998 0.0000
vt 0.9607 0.8999 0.0000
vt 0.9606 0.9149 0.0000
vt 0.9651 0.8999 0.0000
vt 0.9648 0.9150 0.0000
vt 0.9695 0.8999 0.0000
vt 0.9690 0.9150 0.0000
vt 0.4319 0.4488 0.0000
vt 0.4320 0.4361 0.0000
vt 0.4470 0.4356 0.0000
vt 0.4470 0.4440 0.0000
vt 0.6096 0.1163 0.0000
vt 0.6093 0.1012 0.0000
vt 0.6135 0.1012 0.0000
vt 0.6140 0.1162 0.0000
vt 0.6053 0.1163 0.0000
vt 0.6051 0.1013 0.0000
vt 0.5996 0.1164 0.0000
vt 0.5997 0.1013 0.0000
vt 0.5939 0.1164 0.0000
vt 0.5943 0.1014 0.0000
vt 0.4006 0.6483 0.0000
vt 0.4006 0.6608 0.0000
vt 0.3890 0.6608 0.0000
vt 0.3886 0.6483 0.0000
vt 0.4138 0.6483 0.0000
vt 0.4133 0.6608 0.0000
vt 0.9545 0.8524 0.0000
vt 0.9547 0.8649 0.0000
vt 0.9483 0.8648 0.0000
vt 0.9479 0.8523 0.0000
vt 0.9612 0.8524 0.0000
vt 0.9610 0.8649 0.0000
vt 0.9663 0.8525 0.0000
vt 0.9660 0.8650 0.0000
vt 0.9714 0.8525 0.0000
vt 0.9709 0.8650 0.0000
vt 0.6108 0.1637 0.0000
vt 0.6105 0.1512 0.0000
vt 0.6155 0.1512 0.0000
vt 0.6160 0.1637 0.0000
vt 0.6057 0.1637 0.0000
vt 0.6056 0.1512 0.0000
vt 0.5991 0.1638 0.0000
vt 0.5992 0.1513 0.0000
vt 0.5924 0.1639 0.0000
vt 0.5928 0.1514 0.0000
vt 0.4006 0.7234 0.0000
vt 0.3913 0.7234 0.0000
vt 0.4109 0.7234 0.0000
vt 0.9553 0.9274 0.0000
vt 0.9502 0.9273 0.0000
vt 0.4194 0.4488 0.0000
vt 0.4195 0.4367 0.0000
vt 0.4320 0.4615 0.0000
vt 0.4195 0.4609 0.0000
vt 0.5999 0.0888 0.0000
vt 0.5947 0.0889 0.0000
vt 0.5070 0.4327 0.0000
vt 0.5195 0.4321 0.0000
vt 0.4414 0.4488 0.0000
vt 0.4445 0.4501 0.0000
vt 0.7445 0.3291 0.0000
vt 0.7450 0.3166 0.0000
vt 0.7730 0.3166 0.0000
vt 0.7665 0.3290 0.0000
vt 0.7455 0.3041 0.0000
vt 0.7743 0.3042 0.0000
vt 0.7460 0.2916 0.0000
vt 0.7705 0.2917 0.0000
vt 0.7552 0.2239 0.0000
vt 0.7677 0.2238 0.0000
vt 0.7658 0.2502 0.0000
vt 0.7522 0.2455 0.0000
vt 0.4646 0.7143 0.0000
vt 0.4567 0.7133 0.0000
vt 0.4434 0.6860 0.0000
vt 0.4735 0.6898 0.0000
vt 0.4530 0.9957 0.0000
vt 0.4140 0.9904 0.0000
vt 0.4140 0.9717 0.0000
vt 0.4472 0.9762 0.0000
vt 0.3750 0.9957 0.0000
vt 0.3808 0.9762 0.0000
vt 0.6358 0.4369 0.0000
vt 0.6355 0.4138 0.0000
vt 0.6583 0.4116 0.0000
vt 0.6586 0.4313 0.0000
vt 0.6352 0.3813 0.0000
vt 0.6581 0.3840 0.0000
vt 0.6694 0.1898 0.0000
vt 0.6670 0.1571 0.0000
vt 0.6897 0.1571 0.0000
vt 0.6918 0.1850 0.0000
vt 0.6694 0.1274 0.0000
vt 0.6918 0.1319 0.0000
vt 0.6479 0.3001 0.0000
vt 0.6593 0.2697 0.0000
vt 0.6800 0.2795 0.0000
vt 0.6703 0.3054 0.0000
vt 0.6674 0.2481 0.0000
vt 0.6869 0.2611 0.0000
vt 0.4489 0.7187 0.0000
vt 0.4131 0.7074 0.0000
vt 0.5790 0.8478 0.0000
vt 0.5791 0.8831 0.0000
vt 0.5582 0.8756 0.0000
vt 0.5582 0.8582 0.0000
vt 0.5563 0.9102 0.0000
vt 0.5470 0.8890 0.0000
vt 0.5356 0.9134 0.0000
vt 0.5363 0.8904 0.0000
vt 0.9335 0.2354 0.0000
vt 0.9336 0.2670 0.0000
vt 0.9082 0.2623 0.0000
vt 0.9082 0.2471 0.0000
vt 0.7115 0.1572 0.0000
vt 0.7125 0.1710 0.0000
vt 0.7125 0.1447 0.0000
vt 0.9590 0.1173 0.0000
vt 0.9883 0.1021 0.0000
vt 0.9881 0.1301 0.0000
vt 0.9740 0.1375 0.0000
vt 0.5652 0.8320 0.0000
vt 0.5509 0.8502 0.0000
vt 0.0718 0.4250 0.0000
vt 0.0425 0.4250 0.0000
vt 0.0425 0.4206 0.0000
vt 0.0718 0.4206 0.0000
vt 0.0294 0.4250 0.0000
vt 0.0294 0.4206 0.0000
vt 0.3718 0.5785 0.0000
vt 0.3850 0.5785 0.0000
vt 0.3850 0.5829 0.0000
vt 0.3718 0.5829 0.0000
vt 0.7404 0.4377 0.0000
vt 0.7273 0.4377 0.0000
vt 0.7273 0.4333 0.0000
vt 0.7404 0.4333 0.0000
vt 0.2013 0.0400 0.0000
vt 0.2013 0.0283 0.0000
vt 0.2057 0.0283 0.0000
vt 0.2057 0.0400 0.0000
vt 0.2013 0.0518 0.0000
vt 0.2057 0.0518 0.0000
vt 0.3551 0.5785 0.0000
vt 0.3551 0.5829 0.0000
vt 0.7106 0.4377 0.0000
vt 0.7106 0.4333 0.0000
vt 0.0425 0.4159 0.0000
vt 0.0718 0.4159 0.0000
vt 0.0294 0.4159 0.0000
vt 0.3850 0.5876 0.0000
vt 0.3718 0.5876 0.0000
vt 0.7273 0.4286 0.0000
vt 0.7404 0.4286 0.0000
vt 0.2103 0.0283 0.0000
vt 0.2103 0.0400 0.0000
vt 0.2103 0.0518 0.0000
vt 0.3551 0.5876 0.0000
vt 0.7106 0.4286 0.0000
vt 0.0425 0.4118 0.0000
vt 0.0718 0.4118 0.0000
vt 0.0293 0.4118 0.0000
vt 0.3850 0.5917 0.0000
vt 0.3718 0.5917 0.0000
vt 0.7273 0.4245 0.0000
vt 0.7404 0.4245 0.0000
vt 0.2145 0.0283 0.0000
vt 0.2145 0.0400 0.0000
vt 0.2145 0.0518 0.0000
vt 0.3551 0.5917 0.0000
vt 0.7106 0.4245 0.0000
vt 0.0425 0.4066 0.0000
vt 0.0718 0.4066 0.0000
vt 0.0293 0.4066 0.0000
vt 0.3850 0.5968 0.0000
vt 0.3718 0.5968 0.0000
vt 0.7273 0.4193 0.0000
vt 0.7404 0.4194 0.0000
vt 0.2196 0.0283 0.0000
vt 0.2196 0.0400 0.0000
vt 0.2196 0.0518 0.0000
vt 0.3551 0.5968 0.0000
vt 0.7106 0.4193 0.0000
vt 0.0310 0.2446 0.0000
vt 0.0425 0.2446 0.0000
vt 0.0072 0.5892 0.0000
vt 0.9002 0.4500 0.0000
vt 0.9002 0.4764 0.0000
vt 0.8891 0.4799 0.0000
vt 0.8891 0.4448 0.0000
vt 0.3718 0.7589 0.0000
vt 0.3801 0.7589 0.0000
vt 0.3822 0.7681 0.0000
vt 0.3713 0.7681 0.0000
vt 0.5212 0.2397 0.0000
vt 0.5085 0.2397 0.0000
vt 0.5093 0.2290 0.0000
vt 0.5262 0.2290 0.0000
vt 0.9847 0.9582 0.0000
vt 0.9847 0.9455 0.0000
vt 0.9951 0.9399 0.0000
vt 0.9951 0.9569 0.0000
vt 0.4934 0.2401 0.0000
vt 0.4893 0.2295 0.0000
vt 0.9844 0.9733 0.0000
vt 0.9946 0.9769 0.0000
vt 0.0276 0.2354 0.0000
vt 0.0429 0.2354 0.0000
vt 0.4829 0.1477 0.0000
vt 0.4829 0.1184 0.0000
vt 0.4981 0.1184 0.0000
vt 0.4981 0.1477 0.0000
vt 0.3822 0.7834 0.0000
vt 0.3713 0.7834 0.0000
vt 0.3439 0.7681 0.0000
vt 0.3561 0.7681 0.0000
vt 0.3561 0.7834 0.0000
vt 0.3439 0.7834 0.0000
vt 0.1629 0.2653 0.0000
vt 0.1766 0.2554 0.0000
vt 0.1835 0.2626 0.0000
vt 0.1760 0.2680 0.0000
vt 0.1678 0.3362 0.0000
vt 0.1529 0.3171 0.0000
vt 0.1717 0.3209 0.0000
vt 0.1799 0.3313 0.0000
vt 0.2346 0.3286 0.0000
vt 0.2238 0.3491 0.0000
vt 0.2104 0.3384 0.0000
vt 0.2163 0.3271 0.0000
vt 0.2141 0.7637 0.0000
vt 0.2037 0.7497 0.0000
vt 0.2190 0.6844 0.0000
vt 0.2339 0.7045 0.0000
vt 0.1893 0.7541 0.0000
vt 0.1984 0.6908 0.0000
vt 0.1741 0.7672 0.0000
vt 0.1767 0.7095 0.0000
vt 0.1619 0.7790 0.0000
vt 0.1592 0.7263 0.0000
vt 0.0894 0.1935 0.0000
vt 0.0894 0.1782 0.0000
vt 0.1420 0.1782 0.0000
vt 0.1420 0.1935 0.0000
vt 0.1817 0.2752 0.0000
vt 0.1890 0.2835 0.0000
vt 0.1902 0.3431 0.0000
vt 0.1945 0.2867 0.0000
vt 0.2031 0.2802 0.0000
vt 0.2031 0.3484 0.0000
vt 0.2072 0.2724 0.0000
vt 0.2200 0.2734 0.0000
vt 0.4829 0.0658 0.0000
vt 0.4981 0.0658 0.0000
vt 0.2196 0.7790 0.0000
vt 0.2418 0.7263 0.0000
vt 0.2017 0.6803 0.0000
vt 0.2157 0.6760 0.0000
vt 0.1867 0.3578 0.0000
vt 0.2062 0.3669 0.0000
vt 0.2018 0.3748 0.0000
vt 0.1885 0.3686 0.0000
vt 0.1620 0.7141 0.0000
vt 0.1739 0.7028 0.0000
vt 0.1542 0.1782 0.0000
vt 0.1542 0.1882 0.0000
vt 0.1641 0.3425 0.0000
vt 0.1540 0.3295 0.0000
vt 0.2316 0.3413 0.0000
vt 0.2242 0.3552 0.0000
vt 0.4882 0.0528 0.0000
vt 0.4981 0.0528 0.0000
vt 0.4829 0.0439 0.0000
vt 0.4882 0.0380 0.0000
vt 0.2192 0.3618 0.0000
vt 0.2082 0.3730 0.0000
vt 0.9780 0.1741 0.0000
vt 0.9780 0.1491 0.0000
vt 0.9860 0.1461 0.0000
vt 0.9860 0.1618 0.0000
vt 0.1807 0.6966 0.0000
vt 0.1943 0.6848 0.0000
vt 0.1819 0.3631 0.0000
vt 0.1700 0.3495 0.0000
vt 0.2115 0.3948 0.0000
vt 0.2073 0.3975 0.0000
vt 0.2055 0.6513 0.0000
vt 0.2119 0.6493 0.0000
vt 0.1943 0.4007 0.0000
vt 0.1883 0.3978 0.0000
vt 0.1652 0.6832 0.0000
vt 0.1706 0.6780 0.0000
vt 0.1851 0.1782 0.0000
vt 0.1851 0.1828 0.0000
vt 0.1575 0.3665 0.0000
vt 0.1528 0.3606 0.0000
vt 0.1844 0.6656 0.0000
vt 0.1906 0.6602 0.0000
vt 0.1748 0.3870 0.0000
vt 0.1694 0.3808 0.0000
vt 0.2267 0.3768 0.0000
vt 0.2223 0.3790 0.0000
vt 0.4935 0.0170 0.0000
vt 0.4981 0.0170 0.0000
vt 0.4039 0.4973 0.0000
vt 0.4052 0.4913 0.0000
vt 0.4054 0.4968 0.0000
vt 0.4047 0.5005 0.0000
vt 0.3625 0.8537 0.0000
vt 0.3493 0.8480 0.0000
vt 0.3488 0.8462 0.0000
vt 0.3570 0.8497 0.0000
vt 0.3155 0.8429 0.0000
vt 0.3280 0.8431 0.0000
vt 0.3155 0.8385 0.0000
vt 0.3280 0.8403 0.0000
vt 0.3493 0.8385 0.0000
vt 0.3488 0.8403 0.0000
vt 0.3625 0.8385 0.0000
vt 0.3570 0.8403 0.0000
vt 0.2326 0.4004 0.0000
vt 0.2326 0.4064 0.0000
vt 0.2307 0.4096 0.0000
vt 0.2307 0.4059 0.0000
vt 0.2326 0.4301 0.0000
vt 0.2307 0.4243 0.0000
vt 0.2280 0.4301 0.0000
vt 0.2279 0.4243 0.0000
vt 0.2227 0.4064 0.0000
vt 0.2246 0.4096 0.0000
vt 0.5400 0.0090 0.0000
vt 0.5400 0.0005 0.0000
vt 0.5412 0.0032 0.0000
vt 0.5412 0.0097 0.0000
vt 0.2073 0.3743 0.0000
vt 0.2058 0.3696 0.0000
vt 0.1528 0.1910 0.0000
vt 0.1772 0.1910 0.0000
vt 0.1730 0.1922 0.0000
vt 0.1542 0.1922 0.0000
vt 0.1772 0.1955 0.0000
vt 0.1730 0.1956 0.0000
vt 0.4390 0.2387 0.0000
vt 0.4629 0.2438 0.0000
vt 0.4615 0.2444 0.0000
vt 0.4431 0.2405 0.0000
vt 0.4684 0.2472 0.0000
vt 0.4657 0.2470 0.0000
vt 0.9834 0.1403 0.0000
vt 0.9850 0.1401 0.0000
vt 0.9808 0.1469 0.0000
vt 0.5500 0.0090 0.0000
vt 0.5447 0.0356 0.0000
vt 0.5447 0.0302 0.0000
vt 0.5488 0.0097 0.0000
vt 0.5400 0.0356 0.0000
vt 0.5412 0.0302 0.0000
vt 0.8580 0.3818 0.0000
vt 0.8511 0.3717 0.0000
vt 0.8554 0.3747 0.0000
vt 0.8601 0.3816 0.0000
vt 0.1956 0.6826 0.0000
vt 0.1983 0.6866 0.0000
vt 0.1930 0.6659 0.0000
vt 0.4559 0.9275 0.0000
vt 0.4559 0.9319 0.0000
vt 0.4502 0.9304 0.0000
vt 0.4502 0.9274 0.0000
vt 0.4313 0.9319 0.0000
vt 0.4335 0.9304 0.0000
vt 0.1861 0.3618 0.0000
vt 0.1828 0.3655 0.0000
vt 0.7289 0.9943 0.0000
vt 0.7184 0.9943 0.0000
vt 0.7176 0.9927 0.0000
vt 0.7247 0.9927 0.0000
vt 0.6894 0.9943 0.0000
vt 0.6979 0.9927 0.0000
vt 0.6894 0.9897 0.0000
vt 0.6979 0.9896 0.0000
vt 0.7184 0.9844 0.0000
vt 0.7176 0.9860 0.0000
vt 0.1673 0.3417 0.0000
vt 0.1650 0.3456 0.0000
vt 0.3741 0.0672 0.0000
vt 0.3741 0.0802 0.0000
vt 0.3722 0.0807 0.0000
vt 0.3722 0.0728 0.0000
vt 0.3741 0.1112 0.0000
vt 0.3722 0.0998 0.0000
vt 0.3697 0.1112 0.0000
vt 0.3695 0.0998 0.0000
vt 0.3646 0.0802 0.0000
vt 0.3663 0.0807 0.0000
vt 0.8615 0.3556 0.0000
vt 0.8535 0.3433 0.0000
vt 0.8589 0.3475 0.0000
vt 0.8637 0.3551 0.0000
vt 0.1751 0.6998 0.0000
vt 0.1769 0.7040 0.0000
vt 0.1732 0.6847 0.0000
vt 0.2355 0.6350 0.0000
vt 0.2401 0.6350 0.0000
vt 0.2382 0.6416 0.0000
vt 0.2354 0.6416 0.0000
vt 0.2401 0.6597 0.0000
vt 0.2382 0.6568 0.0000
vt 0.3386 0.8403 0.0000
vt 0.3386 0.8432 0.0000
vt 0.0167 0.2195 0.0000
vt 0.0132 0.2195 0.0000
vt 0.0132 0.2100 0.0000
vt 0.0166 0.2100 0.0000
vt 0.8592 0.3666 0.0000
vt 0.8561 0.3666 0.0000
vt 0.8562 0.3566 0.0000
vt 0.8592 0.3566 0.0000
vt 0.1873 0.3692 0.0000
vt 0.1871 0.3890 0.0000
vt 0.1780 0.3817 0.0000
vt 0.8722 0.1021 0.0000
vt 0.8722 0.1048 0.0000
vt 0.8638 0.1049 0.0000
vt 0.8638 0.1021 0.0000
vt 0.1686 0.3499 0.0000
vt 0.1682 0.3691 0.0000
vt 0.1609 0.3603 0.0000
vt 0.9873 0.1670 0.0000
vt 0.9830 0.1695 0.0000
vt 0.9860 0.1661 0.0000
vt 0.9879 0.1619 0.0000
vt 0.4620 0.2467 0.0000
vt 0.4590 0.2488 0.0000
vt 0.2005 0.6795 0.0000
vt 0.1981 0.6829 0.0000
vt 0.1793 0.6960 0.0000
vt 0.1771 0.7000 0.0000
vt 0.7640 0.9926 0.0000
vt 0.7721 0.9943 0.0000
vt 0.7682 0.9940 0.0000
vt 0.7684 0.9951 0.0000
vt 0.2024 0.3757 0.0000
vt 0.2051 0.3732 0.0000
vt 0.1854 0.3655 0.0000
vt 0.2049 0.2417 0.0000
vt 0.1990 0.2551 0.0000
vt 0.1934 0.2446 0.0000
vt 0.1927 0.2566 0.0000
vt 0.9590 0.6458 0.0000
vt 0.9592 0.6332 0.0000
vt 0.9700 0.6289 0.0000
vt 0.9703 0.6463 0.0000
vt 0.7390 0.2573 0.0000
vt 0.7273 0.2573 0.0000
vt 0.7267 0.2481 0.0000
vt 0.7411 0.2481 0.0000
vt 0.0777 0.6199 0.0000
vt 0.0777 0.5892 0.0000
vt 0.3890 0.4143 0.0000
vt 0.3718 0.4488 0.0000
vt 0.7444 0.6019 0.0000
vt 0.7273 0.5674 0.0000
vt 0.2064 0.8649 0.0000
vt 0.2064 0.9248 0.0000
vt 0.5414 0.8695 0.0000
vt 0.8765 0.8304 0.0000
vt 0.8698 0.8249 0.0000
vt 0.8746 0.8214 0.0000
vt 0.8783 0.8243 0.0000
vt 0.9526 0.4687 0.0000
vt 0.9528 0.4595 0.0000
vt 0.9590 0.4575 0.0000
vt 0.9577 0.4673 0.0000
vt 0.8766 0.8193 0.0000
vt 0.8803 0.8223 0.0000
vt 0.9606 0.4631 0.0000
vt 0.9605 0.4680 0.0000
vt 0.8531 0.1538 0.0000
vt 0.8384 0.1538 0.0000
vt 0.8421 0.1473 0.0000
vt 0.8545 0.1470 0.0000
vt 0.7934 0.2427 0.0000
vt 0.7954 0.2492 0.0000
vt 0.7804 0.2564 0.0000
vt 0.7795 0.2492 0.0000
vt 0.4470 0.4621 0.0000
vt 0.8827 0.1539 0.0000
vt 0.8679 0.1539 0.0000
vt 0.8669 0.1468 0.0000
vt 0.8794 0.1465 0.0000
vt 0.7656 0.2574 0.0000
vt 0.7510 0.2523 0.0000
vt 0.5195 0.4655 0.0000
vt 0.5070 0.4650 0.0000
vt 0.8350 0.2175 0.0000
vt 0.8130 0.2190 0.0000
vt 0.8132 0.2100 0.0000
vt 0.8318 0.2101 0.0000
vt 0.7368 0.2354 0.0000
vt 0.7389 0.2353 0.0000
vt 0.8254 0.0467 0.0000
vt 0.8066 0.0484 0.0000
vt 0.8086 0.0414 0.0000
vt 0.8244 0.0386 0.0000
vt 0.8048 0.2295 0.0000
vt 0.8077 0.2348 0.0000
vt 0.8439 0.2330 0.0000
vt 0.8568 0.2338 0.0000
vt 0.8300 0.2301 0.0000
vt 0.9325 0.8153 0.0000
vt 0.9368 0.8159 0.0000
vt 0.2823 0.0933 0.0000
vt 0.2812 0.1100 0.0000
vt 0.2812 0.0766 0.0000
vt 0.5771 0.2080 0.0000
vt 0.5833 0.2072 0.0000
vt 0.5770 0.2009 0.0000
vt 0.5814 0.2003 0.0000
vt 0.8443 0.2303 0.0000
vt 0.8573 0.2305 0.0000
vt 0.8304 0.2268 0.0000
vt 0.9434 0.8111 0.0000
vt 0.9401 0.8175 0.0000
vt 0.2908 0.0933 0.0000
vt 0.2890 0.1100 0.0000
vt 0.2890 0.0766 0.0000
vt 0.5879 0.2051 0.0000
vt 0.5847 0.1987 0.0000
vt 0.8448 0.2272 0.0000
vt 0.8579 0.2264 0.0000
vt 0.8310 0.2227 0.0000
vt 0.9495 0.8153 0.0000
vt 0.9443 0.8202 0.0000
vt 0.3030 0.0933 0.0000
vt 0.3002 0.1100 0.0000
vt 0.3002 0.0766 0.0000
vt 0.5940 0.2009 0.0000
vt 0.5888 0.1960 0.0000
vt 0.3877 0.6162 0.0000
vt 0.4006 0.6187 0.0000
vt 0.4148 0.6162 0.0000
vt 0.5441 0.4321 0.0000
vt 0.5466 0.4488 0.0000
vt 0.5441 0.4655 0.0000
vt 0.8760 0.0273 0.0000
vt 0.9358 0.1909 0.0000
vt 0.9368 0.1941 0.0000
vt 0.3131 0.5647 0.0000
vt 0.3123 0.5524 0.0000
vt 0.3219 0.5555 0.0000
vt 0.3220 0.5708 0.0000
vt 0.0894 0.1289 0.0000
vt 0.1022 0.0933 0.0000
vt 0.1165 0.0933 0.0000
vt 0.1127 0.1205 0.0000
vt 0.0894 0.0576 0.0000
vt 0.1127 0.0661 0.0000
vt 0.9727 0.0230 0.0000
vt 0.9673 0.0232 0.0000
vt 0.9653 0.0195 0.0000
vt 0.9743 0.0198 0.0000
vt 0.8322 0.6696 0.0000
vt 0.8320 0.6606 0.0000
vt 0.8363 0.6632 0.0000
vt 0.8360 0.6671 0.0000
vt 0.9886 0.8717 0.0000
vt 0.9851 0.8717 0.0000
vt 0.6323 0.0301 0.0000
vt 0.6289 0.0291 0.0000
vt 0.7622 0.5663 0.0000
vt 0.7630 0.5753 0.0000
vt 0.7671 0.5654 0.0000
vt 0.7663 0.5747 0.0000
vt 0.7642 0.4385 0.0000
vt 0.7449 0.4930 0.0000
vt 0.7465 0.4853 0.0000
vt 0.7588 0.4452 0.0000
vt 0.4639 0.1976 0.0000
vt 0.5235 0.1974 0.0000
vt 0.5146 0.1990 0.0000
vt 0.4713 0.1973 0.0000
vt 0.9552 0.4004 0.0000
vt 0.9630 0.4020 0.0000
vt 0.9539 0.3446 0.0000
vt 0.9511 0.3444 0.0000
vt 0.9505 0.3421 0.0000
vt 0.9538 0.3397 0.0000
vt 0.7893 0.3433 0.0000
vt 0.7904 0.3989 0.0000
vt 0.7866 0.3876 0.0000
vt 0.7879 0.3537 0.0000
vt 0.9779 0.2259 0.0000
vt 0.9775 0.2230 0.0000
vt 0.6416 0.5612 0.0000
vt 0.6422 0.5591 0.0000
vt 0.6454 0.5599 0.0000
vt 0.6451 0.5617 0.0000
vt 0.8639 0.5981 0.0000
vt 0.8640 0.6064 0.0000
vt 0.8574 0.6001 0.0000
vt 0.8592 0.5972 0.0000
vt 0.9082 0.3956 0.0000
vt 0.8099 0.3504 0.0000
vt 0.8003 0.3493 0.0000
vt 0.8046 0.3433 0.0000
vt 0.8095 0.3440 0.0000
vt 0.9629 0.5545 0.0000
vt 0.9526 0.5533 0.0000
vt 0.7884 0.3930 0.0000
vt 0.7842 0.3941 0.0000
vt 0.8828 0.0985 0.0000
vt 0.8828 0.0894 0.0000
vt 0.2040 0.9567 0.0000
vt 0.2083 0.9495 0.0000
vt 0.7622 0.7819 0.0000
vt 0.7644 0.7749 0.0000
vt 0.2734 0.1716 0.0000
vt 0.2738 0.1655 0.0000
vt 0.9418 0.3014 0.0000
vt 0.9399 0.2940 0.0000
vt 0.9768 0.5824 0.0000
vt 0.2050 0.7833 0.0000
vt 0.1592 0.7947 0.0000
vt 0.1658 0.7902 0.0000
vt 0.1954 0.7832 0.0000
vt 0.8701 0.8631 0.0000
vt 0.9085 0.8888 0.0000
vt 0.9004 0.8855 0.0000
vt 0.8722 0.8672 0.0000
vt 0.6879 0.4558 0.0000
vt 0.6838 0.4556 0.0000
vt 0.1647 0.7867 0.0000
vt 0.1971 0.7749 0.0000
vt 0.9032 0.7425 0.0000
vt 0.9158 0.7635 0.0000
vt 0.8733 0.7733 0.0000
vt 0.8638 0.7393 0.0000
vt 0.6710 0.0576 0.0000
vt 0.6644 0.0822 0.0000
vt 0.6289 0.0931 0.0000
vt 0.6325 0.0610 0.0000
vt 0.6710 0.1069 0.0000
vt 0.6474 0.1247 0.0000
vt 0.9027 0.7179 0.0000
vt 0.8725 0.7051 0.0000
vt 0.2339 0.6099 0.0000
vt 0.2382 0.6165 0.0000
vt 0.2240 0.6469 0.0000
vt 0.2163 0.6437 0.0000
vt 0.1411 0.9686 0.0000
vt 0.1338 0.9656 0.0000
vt 0.1600 0.9463 0.0000
vt 0.1653 0.9521 0.0000
vt 0.2116 0.7937 0.0000
vt 0.2082 0.8085 0.0000
vt 0.2039 0.8035 0.0000
vt 0.2062 0.7938 0.0000
vt 0.4764 0.5420 0.0000
vt 0.4645 0.5420 0.0000
vt 0.5033 0.5473 0.0000
vt 0.4871 0.5850 0.0000
vt 0.5375 0.3036 0.0000
vt 0.4645 0.5366 0.0000
vt 0.4775 0.5366 0.0000
vt 0.9375 0.3657 0.0000
vt 0.9556 0.3657 0.0000
vt 0.9543 0.3729 0.0000
vt 0.9369 0.3686 0.0000
vt 0.5413 0.3143 0.0000
vt 0.5176 0.3143 0.0000
vt 0.3567 0.2934 0.0000
vt 0.3133 0.2934 0.0000
vt 0.3965 0.2934 0.0000
vt 0.7122 0.7228 0.0000
vt 0.7520 0.7228 0.0000
vt 0.6688 0.7228 0.0000
vt 0.9495 0.4958 0.0000
vt 0.9495 0.5254 0.0000
vt 0.9272 0.5254 0.0000
vt 0.9272 0.4956 0.0000
vt 0.3570 0.3835 0.0000
vt 0.3133 0.3835 0.0000
vt 0.3956 0.3835 0.0000
vt 0.7125 0.6326 0.0000
vt 0.7510 0.6326 0.0000
vt 0.9564 0.6289 0.0000
vt 0.9564 0.6593 0.0000
vt 0.9336 0.6593 0.0000
vt 0.9336 0.6289 0.0000
vt 0.6688 0.6326 0.0000
vt 0.4478 0.3348 0.0000
vt 0.4223 0.3348 0.0000
vt 0.4478 0.2530 0.0000
vt 0.4241 0.2530 0.0000
vt 0.4913 0.4165 0.0000
vt 0.4004 0.2804 0.0000
vt 0.4067 0.2481 0.0000
vt 0.8851 0.6209 0.0000
vt 0.8638 0.6231 0.0000
vt 0.8714 0.5972 0.0000
vt 0.8888 0.6072 0.0000
vt 0.8888 0.6346 0.0000
vt 0.8714 0.6446 0.0000
vt 0.4857 0.5214 0.0000
vt 0.4645 0.5208 0.0000
vt 0.4645 0.4829 0.0000
vt 0.5024 0.4890 0.0000
vt 0.5640 0.3295 0.0000
vt 0.5570 0.3619 0.0000
vt 0.5773 0.5858 0.0000
vt 0.5517 0.5876 0.0000
vt 0.5578 0.5621 0.0000
vt 0.5773 0.5621 0.0000
vt 0.5773 0.6031 0.0000
vt 0.5499 0.6095 0.0000
vt 0.5581 0.3743 0.0000
vt 0.3568 0.8886 0.0000
vt 0.3579 0.9168 0.0000
vt 0.3519 0.9155 0.0000
vt 0.3521 0.8925 0.0000
vt 0.5403 0.6095 0.0000
vt 0.5400 0.5955 0.0000
vt 0.8524 0.3115 0.0000
vt 0.8504 0.3333 0.0000
vt 0.8447 0.3333 0.0000
vt 0.8478 0.3167 0.0000
vt 0.9551 0.3849 0.0000
vt 0.9551 0.3761 0.0000
vt 0.9615 0.3789 0.0000
vt 0.9615 0.3849 0.0000
vt 0.6782 0.5469 0.0000
vt 0.6783 0.5561 0.0000
vt 0.6701 0.5542 0.0000
vt 0.6702 0.5480 0.0000
vt 0.9742 0.3430 0.0000
vt 0.9742 0.3342 0.0000
vt 0.9806 0.3348 0.0000
vt 0.9806 0.3408 0.0000
vt 0.9742 0.3253 0.0000
vt 0.9806 0.3288 0.0000
vt 0.8674 0.2429 0.0000
vt 0.8750 0.2476 0.0000
vt 0.8689 0.2541 0.0000
vt 0.8638 0.2509 0.0000
vt 0.8718 0.2583 0.0000
vt 0.8790 0.2539 0.0000
vt 0.9653 0.3342 0.0000
vt 0.9653 0.3242 0.0000
vt 0.8701 0.2354 0.0000
vt 0.8786 0.2406 0.0000
vt 0.3653 0.1308 0.0000
vt 0.3742 0.1296 0.0000
vt 0.3742 0.1396 0.0000
vt 0.3653 0.1396 0.0000
vt 0.9463 0.3849 0.0000
vt 0.9463 0.3750 0.0000
vt 0.6865 0.5464 0.0000
vt 0.6865 0.5567 0.0000
vt 0.9653 0.3441 0.0000
vt 0.6323 0.3208 0.0000
vt 0.6289 0.3208 0.0000
vt 0.6302 0.3120 0.0000
vt 0.6323 0.3115 0.0000
vt 0.6651 0.5484 0.0000
vt 0.6651 0.5519 0.0000
vt 0.6554 0.5545 0.0000
vt 0.6543 0.5527 0.0000
vt 0.0513 0.8060 0.0000
vt 0.0536 0.8035 0.0000
vt 0.0609 0.8050 0.0000
vt 0.0610 0.8070 0.0000
vt 0.0560 0.8011 0.0000
vt 0.0607 0.8029 0.0000
vt 0.9613 0.4829 0.0000
vt 0.9613 0.4854 0.0000
vt 0.9577 0.4867 0.0000
vt 0.9566 0.4852 0.0000
vt 0.9613 0.4887 0.0000
vt 0.9581 0.4887 0.0000
vt 0.8422 0.5593 0.0000
vt 0.8441 0.5603 0.0000
vt 0.8452 0.5618 0.0000
vt 0.8413 0.5669 0.0000
vt 0.9533 0.4879 0.0000
vt 0.9526 0.4872 0.0000
vt 0.9535 0.4887 0.0000
vt 0.8339 0.5013 0.0000
vt 0.8322 0.4872 0.0000
vt 0.8618 0.4659 0.0000
vt 0.8641 0.5055 0.0000
vt 0.8236 0.4759 0.0000
vt 0.8448 0.4346 0.0000
vt 0.8176 0.4203 0.0000
vt 0.7875 0.4266 0.0000
vt 0.7626 0.4519 0.0000
vt 0.7797 0.4937 0.0000
vt 0.7495 0.4894 0.0000
vt 0.6755 0.4132 0.0000
vt 0.6888 0.4387 0.0000
vt 0.6821 0.4347 0.0000
vt 0.6733 0.4132 0.0000
vt 0.3457 0.8890 0.0000
vt 0.3556 0.8813 0.0000
vt 0.3597 0.8883 0.0000
vt 0.3511 0.8946 0.0000
vt 0.5661 0.3636 0.0000
vt 0.5654 0.3741 0.0000
vt 0.2285 0.4436 0.0000
vt 0.1907 0.4291 0.0000
vt 0.1907 0.4258 0.0000
vt 0.2245 0.4345 0.0000
vt 0.7071 0.9590 0.0000
vt 0.7287 0.9655 0.0000
vt 0.7237 0.9691 0.0000
vt 0.7071 0.9660 0.0000
vt 0.7354 0.9753 0.0000
vt 0.7289 0.9737 0.0000
vt 0.7409 0.9858 0.0000
vt 0.7331 0.9786 0.0000
vt 0.7071 0.9792 0.0000
vt 0.7071 0.9755 0.0000
vt 0.4478 0.3425 0.0000
vt 0.4232 0.3425 0.0000
vt 0.9419 0.3575 0.0000
vt 0.9532 0.3574 0.0000
vt 0.8856 0.4512 0.0000
vt 0.8799 0.4863 0.0000
vt 0.8764 0.4811 0.0000
vt 0.8822 0.4541 0.0000
vt 0.2088 0.7876 0.0000
vt 0.2036 0.7897 0.0000
vt 0.4893 0.8197 0.0000
vt 0.5146 0.8193 0.0000
vt 0.5111 0.8246 0.0000
vt 0.4926 0.8253 0.0000
vt 0.9216 0.3502 0.0000
vt 0.9209 0.3347 0.0000
vt 0.9244 0.3361 0.0000
vt 0.9267 0.3464 0.0000
vt 0.9239 0.3242 0.0000
vt 0.9267 0.3275 0.0000
vt 0.9336 0.3694 0.0000
vt 0.9343 0.3659 0.0000
vt 0.9396 0.3560 0.0000
vt 0.3636 0.8233 0.0000
vt 0.3527 0.8235 0.0000
vt 0.3544 0.8195 0.0000
vt 0.3635 0.8193 0.0000
vt 0.3433 0.8234 0.0000
vt 0.3467 0.8194 0.0000
vt 0.8130 0.6547 0.0000
vt 0.8201 0.6313 0.0000
vt 0.8611 0.6164 0.0000
vt 0.8622 0.6542 0.0000
vt 0.8146 0.6073 0.0000
vt 0.8417 0.5845 0.0000
vt 0.5939 0.4895 0.0000
vt 0.5918 0.4948 0.0000
vt 0.5654 0.4659 0.0000
vt 0.5712 0.4639 0.0000
vt 0.7356 0.8508 0.0000
vt 0.7590 0.8504 0.0000
vt 0.7550 0.8987 0.0000
vt 0.7178 0.8875 0.0000
vt 0.7791 0.8384 0.0000
vt 0.7922 0.8901 0.0000
vt 0.5744 0.3877 0.0000
vt 0.5768 0.3930 0.0000
vt 0.5515 0.4262 0.0000
vt 0.5464 0.4238 0.0000
vt 0.7432 0.4832 0.0000
vt 0.7563 0.4420 0.0000
vt 0.8066 0.8493 0.0000
vt 0.8133 0.8450 0.0000
vt 0.8375 0.8464 0.0000
vt 0.8379 0.8542 0.0000
vt 0.3237 0.4522 0.0000
vt 0.3169 0.4777 0.0000
vt 0.2925 0.4864 0.0000
vt 0.3032 0.4512 0.0000
vt 0.3237 0.5032 0.0000
vt 0.3109 0.5176 0.0000
vt 0.3001 0.9701 0.0000
vt 0.2925 0.9682 0.0000
vt 0.3211 0.9526 0.0000
vt 0.3233 0.9604 0.0000
vt 0.8280 0.6664 0.0000
vt 0.8284 0.6919 0.0000
vt 0.8003 0.6907 0.0000
vt 0.8029 0.6543 0.0000
vt 0.8416 0.7138 0.0000
vt 0.8150 0.7241 0.0000
vt 0.8959 0.6479 0.0000
vt 0.9317 0.6547 0.0000
vt 0.9282 0.6943 0.0000
vt 0.8891 0.6858 0.0000
vt 0.8425 0.1592 0.0000
vt 0.8745 0.1620 0.0000
vt 0.8747 0.1936 0.0000
vt 0.8320 0.1974 0.0000
vt 0.3518 0.9641 0.0000
vt 0.3521 0.9703 0.0000
vt 0.8817 0.8320 0.0000
vt 0.9087 0.8401 0.0000
vt 0.9137 0.0767 0.0000
vt 0.9477 0.0774 0.0000
vt 0.9478 0.1218 0.0000
vt 0.9018 0.1235 0.0000
vt 0.6594 0.3749 0.0000
vt 0.6289 0.3749 0.0000
vt 0.6328 0.3256 0.0000
vt 0.6840 0.3179 0.0000
vt 0.2362 0.6942 0.0000
vt 0.2419 0.6896 0.0000
vt 0.7241 0.2155 0.0000
vt 0.7241 0.1859 0.0000
vt 0.7745 0.1655 0.0000
vt 0.7667 0.2163 0.0000
vt 0.8288 0.1163 0.0000
vt 0.8232 0.1477 0.0000
vt 0.7880 0.1481 0.0000
vt 0.7812 0.0957 0.0000
vt 0.7685 0.1318 0.0000
vt 0.7685 0.1625 0.0000
vt 0.7114 0.1810 0.0000
vt 0.7266 0.1274 0.0000
vt 0.6970 0.0091 0.0000
vt 0.6976 0.0468 0.0000
vt 0.6289 0.0548 0.0000
vt 0.6473 0.0005 0.0000
vt 0.7446 0.0703 0.0000
vt 0.7779 0.0712 0.0000
vt 0.7722 0.1118 0.0000
vt 0.7178 0.1280 0.0000
vt 0.6018 0.8447 0.0000
vt 0.6338 0.8578 0.0000
vt 0.6355 0.9260 0.0000
vt 0.5908 0.8886 0.0000
vt 0.8534 0.9245 0.0000
vt 0.8152 0.9237 0.0000
vt 0.8066 0.8692 0.0000
vt 0.8616 0.8511 0.0000
vt 0.6811 0.4448 0.0000
vt 0.6902 0.4453 0.0000
vt 0.9653 0.4518 0.0000
vt 0.9730 0.4512 0.0000
vt 0.9730 0.4589 0.0000
vt 0.9653 0.4587 0.0000
vt 0.4118 0.2355 0.0000
vt 0.4136 0.2434 0.0000
vt 0.4067 0.2434 0.0000
vt 0.4077 0.2354 0.0000
vt 0.9463 0.6736 0.0000
vt 0.9465 0.6606 0.0000
vt 0.9505 0.6666 0.0000
vt 0.9514 0.6705 0.0000
vt 0.6225 0.1909 0.0000
vt 0.6325 0.1910 0.0000
vt 0.6266 0.1972 0.0000
vt 0.6228 0.1978 0.0000
vt 0.9227 0.5042 0.0000
vt 0.9145 0.5018 0.0000
vt 0.9154 0.4956 0.0000
vt 0.9199 0.4960 0.0000
vt 0.2295 0.1738 0.0000
vt 0.2227 0.1768 0.0000
vt 0.9725 0.4195 0.0000
vt 0.9687 0.4158 0.0000
vt 0.9654 0.4147 0.0000
vt 0.9682 0.5718 0.0000
vt 0.9692 0.5797 0.0000
vt 0.3205 0.8038 0.0000
vt 0.3115 0.8015 0.0000
vt 0.9399 0.5424 0.0000
vt 0.9481 0.5400 0.0000
vt 0.9526 0.1274 0.0000
vt 0.9897 0.8466 0.0000
vt 0.5913 0.5910 0.0000
vt 0.5845 0.5887 0.0000
vt 0.8839 0.7831 0.0000
vt 0.8828 0.7753 0.0000
vt 0.5294 0.8651 0.0000
vt 0.5363 0.8544 0.0000
vt 0.5273 0.8791 0.0000
vt 0.8021 0.8087 0.0000
vt 0.8021 0.8165 0.0000
vt 0.4467 0.2074 0.0000
vt 0.4466 0.1997 0.0000
vt 0.9410 0.3053 0.0000
vt 0.9505 0.3070 0.0000
vt 0.9510 0.3286 0.0000
vt 0.9399 0.3244 0.0000
vt 0.9597 0.3052 0.0000
vt 0.9602 0.3243 0.0000
vt 0.9835 0.2367 0.0000
vt 0.9815 0.2489 0.0000
vt 0.9590 0.2492 0.0000
vt 0.9637 0.2354 0.0000
vt 0.9835 0.2602 0.0000
vt 0.9636 0.2608 0.0000
vt 0.6662 0.8745 0.0000
vt 0.6574 0.8833 0.0000
vt 0.9501 0.9719 0.0000
vt 0.9378 0.9719 0.0000
vt 0.6644 0.9299 0.0000
vt 0.7689 0.0262 0.0000
vt 0.7685 0.0013 0.0000
vt 0.7720 0.0005 0.0000
vt 0.7715 0.0257 0.0000
vt 0.7749 0.2162 0.0000
vt 0.7820 0.2114 0.0000
vt 0.7824 0.2125 0.0000
vt 0.7791 0.2166 0.0000
vt 0.7895 0.2131 0.0000
vt 0.7885 0.2124 0.0000
vt 0.7864 0.2189 0.0000
vt 0.7848 0.2171 0.0000
vt 0.6543 0.8857 0.0000
vt 0.6550 0.8660 0.0000
vt 0.5810 0.0207 0.0000
vt 0.5820 0.0094 0.0000
vt 0.5795 0.0276 0.0000
vt 0.5797 0.0527 0.0000
vt 0.5745 0.0555 0.0000
vt 0.5739 0.0290 0.0000
vt 0.5594 0.0561 0.0000
vt 0.5619 0.0276 0.0000
vt 0.9514 0.0008 0.0000
vt 0.9711 0.0019 0.0000
vt 0.5637 0.0207 0.0000
vt 0.7648 0.6685 0.0000
vt 0.7622 0.6706 0.0000
vt 0.9932 0.0005 0.0000
vt 0.9797 0.0172 0.0000
vt 0.9758 0.0012 0.0000
vt 0.8519 0.0280 0.0000
vt 0.7559 0.1211 0.0000
vt 0.7560 0.1282 0.0000
vt 0.8651 0.0275 0.0000
vt 0.8592 0.0275 0.0000
vt 0.1783 0.7745 0.0000
vt 0.1782 0.7685 0.0000
vt 0.8716 0.0273 0.0000
vt 0.8364 0.0364 0.0000
vt 0.8320 0.0364 0.0000
vt 0.4570 0.4350 0.0000
vt 0.4695 0.4344 0.0000
vt 0.4695 0.4420 0.0000
vt 0.4570 0.4423 0.0000
vt 0.4820 0.4338 0.0000
vt 0.4820 0.4417 0.0000
vt 0.4945 0.4333 0.0000
vt 0.4945 0.4415 0.0000
vt 0.4945 0.4644 0.0000
vt 0.4945 0.4512 0.0000
vt 0.4820 0.4638 0.0000
vt 0.4820 0.4509 0.0000
vt 0.4695 0.4632 0.0000
vt 0.4695 0.4506 0.0000
vt 0.4570 0.4626 0.0000
vt 0.4570 0.4503 0.0000
vt 0.7461 0.2792 0.0000
vt 0.7567 0.2793 0.0000
vt 0.7470 0.2734 0.0000
vt 0.7581 0.2736 0.0000
vt 0.7370 0.2243 0.0000
vt 0.7428 0.2231 0.0000
vt 0.7802 0.2238 0.0000
vt 0.7927 0.2237 0.0000
vt 0.8053 0.2227 0.0000
vt 0.8083 0.2230 0.0000
vt 0.7433 0.3446 0.0000
vt 0.7432 0.3391 0.0000
vt 0.7541 0.3389 0.0000
vt 0.7551 0.3444 0.0000
vt 0.8190 0.4111 0.0000
vt 0.8297 0.4088 0.0000
vt 0.8094 0.4060 0.0000
vt 0.7981 0.4007 0.0000
vt 0.8071 0.3999 0.0000
vt 0.8129 0.3926 0.0000
vt 0.8217 0.3920 0.0000
vt 0.8292 0.3949 0.0000
vt 0.8418 0.4069 0.0000
vt 0.8336 0.4036 0.0000
vt 0.8335 0.4033 0.0000
vt 0.0917 0.0400 0.0000
vt 0.0894 0.0259 0.0000
vt 0.0894 0.0541 0.0000
vt 0.3508 0.4666 0.0000
vt 0.7063 0.5496 0.0000
vt 0.0645 0.2446 0.0000
vt 0.3817 0.0312 0.0000
vt 0.3817 0.0400 0.0000
vt 0.3817 0.0488 0.0000
vt 0.3604 0.7589 0.0000
vt 0.7159 0.2573 0.0000
vt 0.0132 0.4250 0.0000
vt 0.0132 0.4206 0.0000
vt 0.0132 0.4159 0.0000
vt 0.0132 0.4118 0.0000
vt 0.0132 0.4066 0.0000
vt 0.0205 0.2446 0.0000
vt 0.4764 0.2358 0.0000
vt 0.4426 0.2354 0.0000
vt 0.2280 0.2877 0.0000
vt 0.2227 0.2728 0.0000
vt 0.2241 0.2490 0.0000
vt 0.2281 0.2518 0.0000
vt 0.3496 0.9481 0.0000
vt 0.3520 0.9336 0.0000
vt 0.3540 0.9383 0.0000
vt 0.3538 0.9592 0.0000
vt 0.7538 0.9960 0.0000
vt 0.7432 0.9907 0.0000
vt 0.2066 0.3931 0.0000
vt 0.1966 0.3955 0.0000
vt 0.4383 0.2496 0.0000
vt 0.2031 0.6599 0.0000
vt 0.1816 0.6770 0.0000
vt 0.1907 0.1909 0.0000
vt 0.2073 0.4111 0.0000
vt 0.2988 0.8384 0.0000
vt 0.4258 0.2355 0.0000
vt 0.5400 0.0497 0.0000
vt 0.2087 0.6352 0.0000
vt 0.6733 0.9943 0.0000
vt 0.1892 0.4142 0.0000
vt 0.2401 0.6225 0.0000
vt 0.1679 0.6656 0.0000
vt 0.2028 0.1782 0.0000
vt 0.1531 0.3785 0.0000
vt 0.4683 0.9320 0.0000
vt 0.1875 0.6478 0.0000
vt 0.3742 0.1290 0.0000
vt 0.1700 0.3988 0.0000
vt 0.2326 0.4438 0.0000
vt 0.2224 0.3928 0.0000
vt 0.4981 0.0005 0.0000
vt 0.2261 0.2354 0.0000
vt 0.2254 0.4762 0.0000
vt 0.2378 0.4803 0.0000
vt 0.2337 0.5241 0.0000
vt 0.2121 0.5171 0.0000
vt 0.5863 0.3495 0.0000
vt 0.5728 0.3495 0.0000
vt 0.5679 0.3028 0.0000
vt 0.5913 0.3028 0.0000
vt 0.4609 0.3986 0.0000
vt 0.4704 0.3557 0.0000
vt 0.1628 0.5802 0.0000
vt 0.1888 0.5887 0.0000
vt 0.1804 0.6147 0.0000
vt 0.1578 0.6074 0.0000
vt 0.3189 0.9367 0.0000
vt 0.2947 0.9226 0.0000
vt 0.3042 0.9490 0.0000
vt 0.2861 0.9296 0.0000
vt 0.9835 0.2188 0.0000
vt 0.9590 0.2188 0.0000
vt 0.9642 0.1909 0.0000
vt 0.9783 0.1909 0.0000
vt 0.6870 0.4956 0.0000
vt 0.6606 0.5053 0.0000
vt 0.1288 0.9193 0.0000
vt 0.1104 0.9090 0.0000
vt 0.1223 0.8948 0.0000
vt 0.1104 0.8807 0.0000
vt 0.1288 0.8704 0.0000
vt 0.4590 0.6029 0.0000
vt 0.4515 0.5850 0.0000
vt 0.4298 0.9287 0.0000
vt 0.4067 0.9248 0.0000
vt 0.4067 0.9191 0.0000
vt 0.4298 0.9152 0.0000
vt 0.2130 0.4722 0.0000
vt 0.2257 0.4575 0.0000
vt 0.2310 0.4592 0.0000
vt 0.2362 0.4609 0.0000
vt 0.5824 0.3717 0.0000
vt 0.5767 0.3717 0.0000
vt 0.4533 0.4165 0.0000
vt 0.8758 0.4515 0.0000
vt 0.8734 0.4430 0.0000
vt 0.8655 0.4517 0.0000
vt 0.8677 0.4431 0.0000
vt 0.8565 0.4467 0.0000
vt 0.8627 0.4404 0.0000
vt 0.8512 0.4379 0.0000
vt 0.8597 0.4354 0.0000
vt 0.8511 0.4276 0.0000
vt 0.8596 0.4297 0.0000
vt 0.4817 0.4481 0.0000
vt 0.9092 0.0193 0.0000
vt 0.9092 0.0202 0.0000
vt 0.9041 0.0194 0.0000
vt 0.8152 0.0992 0.0000
vt 0.8157 0.0985 0.0000
vt 0.8194 0.1018 0.0000
vt 0.8162 0.0978 0.0000
vt 0.8920 0.2414 0.0000
vt 0.8917 0.2423 0.0000
vt 0.8869 0.2398 0.0000
vt 0.8391 0.5662 0.0000
vt 0.9528 0.3502 0.0000
vt 0.9545 0.3540 0.0000
vt 0.9559 0.3484 0.0000
vt 0.9599 0.3508 0.0000
vt 0.9577 0.3454 0.0000
vt 0.9631 0.3455 0.0000
vt 0.9577 0.3419 0.0000
vt 0.9632 0.3393 0.0000
vt 0.9561 0.3388 0.0000
vt 0.9602 0.3339 0.0000
vt 0.4752 0.2899 0.0000
vt 0.4752 0.3001 0.0000
vt 0.2400 0.5846 0.0000
vt 0.2369 0.5943 0.0000
vt 0.2178 0.5881 0.0000
vt 0.2210 0.5784 0.0000
vt 0.1918 0.5796 0.0000
vt 0.1949 0.5700 0.0000
vt 0.1658 0.5711 0.0000
vt 0.1689 0.5615 0.0000
vt 0.4752 0.2804 0.0000
vt 0.2339 0.6033 0.0000
vt 0.2149 0.5971 0.0000
vt 0.9263 0.3072 0.0000
vt 0.8955 0.3072 0.0000
vt 0.8638 0.3623 0.0000
vt 0.8945 0.3623 0.0000
vt 0.8945 0.3723 0.0000
vt 0.8638 0.3723 0.0000
vt 0.8945 0.3860 0.0000
vt 0.8638 0.3860 0.0000
vt 0.8945 0.3997 0.0000
vt 0.8638 0.3997 0.0000
vt 0.8384 0.6914 0.0000
vt 0.8384 0.6606 0.0000
vt 0.8484 0.6606 0.0000
vt 0.8484 0.6914 0.0000
vt 0.9028 0.0042 0.0000
vt 0.8928 0.0142 0.0000
vt 0.8891 0.0279 0.0000
vt 0.8030 0.5246 0.0000
vt 0.7899 0.5191 0.0000
vt 0.7814 0.5077 0.0000
vt 0.2698 0.1929 0.0000
vt 0.2743 0.1758 0.0000
vt 0.2380 0.1929 0.0000
vt 0.2458 0.1758 0.0000
vt 0.6012 0.8404 0.0000
vt 0.5934 0.8233 0.0000
vt 0.6253 0.8233 0.0000
vt 0.6298 0.8404 0.0000
vt 0.4715 0.3502 0.0000
vt 0.8868 0.5276 0.0000
vt 0.8788 0.5276 0.0000
vt 0.8862 0.5328 0.0000
vt 0.8783 0.5328 0.0000
vt 0.8390 0.2036 0.0000
vt 0.8469 0.2036 0.0000
vt 0.8463 0.2085 0.0000
vt 0.8384 0.2085 0.0000
vt 0.6821 0.3306 0.0000
vt 0.6900 0.3306 0.0000
vt 0.2653 0.2218 0.0000
vt 0.2653 0.2101 0.0000
vt 0.2301 0.2218 0.0000
vt 0.2301 0.2101 0.0000
vt 0.7599 0.6723 0.0000
vt 0.7599 0.6850 0.0000
vt 0.7495 0.6818 0.0000
vt 0.7495 0.6723 0.0000
vt 0.5856 0.8061 0.0000
vt 0.5856 0.7944 0.0000
vt 0.6207 0.7944 0.0000
vt 0.6207 0.8061 0.0000
vt 0.1479 0.2589 0.0000
vt 0.1479 0.2951 0.0000
vt 0.1123 0.2951 0.0000
vt 0.1123 0.2589 0.0000
vt 0.0767 0.2951 0.0000
vt 0.0767 0.2589 0.0000
vt 0.2696 0.3539 0.0000
vt 0.2696 0.3260 0.0000
vt 0.2376 0.3539 0.0000
vt 0.2376 0.3260 0.0000
vt 0.1477 0.3278 0.0000
vt 0.1477 0.3557 0.0000
vt 0.1123 0.3557 0.0000
vt 0.1123 0.3278 0.0000
vt 0.0769 0.3557 0.0000
vt 0.0769 0.3278 0.0000
vt 0.5931 0.6901 0.0000
vt 0.5931 0.6623 0.0000
vt 0.6251 0.6623 0.0000
vt 0.6251 0.6901 0.0000
vt 0.9145 0.5400 0.0000
vt 0.9339 0.5400 0.0000
vt 0.9339 0.5705 0.0000
vt 0.9145 0.5705 0.0000
vt 0.1123 0.3853 0.0000
vt 0.1123 0.4019 0.0000
vt 0.0980 0.4076 0.0000
vt 0.0771 0.3853 0.0000
vt 0.2795 0.4488 0.0000
vt 0.2658 0.4143 0.0000
vt 0.6213 0.6019 0.0000
vt 0.6350 0.5674 0.0000
vt 0.1141 0.8514 0.0000
vt 0.1141 0.9383 0.0000
vt 0.2057 0.5369 0.0000
vt 0.2300 0.5448 0.0000
vt 0.5928 0.2814 0.0000
vt 0.5664 0.2814 0.0000
vt 0.5654 0.2481 0.0000
vt 0.5938 0.2481 0.0000
vt 0.6733 0.0576 0.0000
vt 0.6770 0.0610 0.0000
vt 0.6773 0.0833 0.0000
vt 0.6737 0.0847 0.0000
vt 0.6643 0.1840 0.0000
vt 0.6617 0.1835 0.0000
vt 0.6606 0.1682 0.0000
vt 0.6630 0.1655 0.0000
vt 0.1784 0.5280 0.0000
vt 0.2080 0.5296 0.0000
vt 0.8828 0.1157 0.0000
vt 0.8935 0.0970 0.0000
vt 0.8976 0.1011 0.0000
vt 0.8919 0.1249 0.0000
vt 0.9092 0.4004 0.0000
vt 0.9121 0.4025 0.0000
vt 0.9116 0.4037 0.0000
vt 0.9082 0.4032 0.0000
vt 0.6059 0.2396 0.0000
vt 0.5999 0.2366 0.0000
vt 0.5986 0.2310 0.0000
vt 0.6034 0.2290 0.0000
vt 0.6289 0.1206 0.0000
vt 0.6308 0.1158 0.0000
vt 0.6328 0.1156 0.0000
vt 0.6328 0.1202 0.0000
vt 0.5971 0.2366 0.0000
vt 0.5958 0.2310 0.0000
vt 0.6308 0.1129 0.0000
vt 0.6328 0.1127 0.0000
vt 0.8907 0.5620 0.0000
vt 0.8891 0.5591 0.0000
vt 0.8972 0.5600 0.0000
vt 0.8956 0.5625 0.0000
vt 0.5953 0.2389 0.0000
vt 0.5931 0.2295 0.0000
vt 0.6294 0.1102 0.0000
vt 0.6328 0.1099 0.0000
vt 0.4400 0.1940 0.0000
vt 0.4385 0.1909 0.0000
vt 0.4483 0.1929 0.0000
vt 0.4459 0.1952 0.0000
vt 0.6289 0.2481 0.0000
vt 0.6333 0.2509 0.0000
vt 0.6333 0.2538 0.0000
vt 0.6290 0.2562 0.0000
vt 0.5875 0.2390 0.0000
vt 0.5845 0.2353 0.0000
vt 0.5849 0.2318 0.0000
vt 0.5886 0.2294 0.0000
vt 0.6294 0.1058 0.0000
vt 0.6316 0.1021 0.0000
vt 0.6329 0.1021 0.0000
vt 0.6328 0.1059 0.0000
vt 0.7013 0.9742 0.0000
vt 0.7043 0.9702 0.0000
vt 0.7079 0.9702 0.0000
vt 0.7113 0.9741 0.0000
vt 0.2476 0.8922 0.0000
vt 0.2465 0.8966 0.0000
vt 0.2416 0.8967 0.0000
vt 0.2433 0.8923 0.0000
vt 0.8649 0.4380 0.0000
vt 0.8649 0.4364 0.0000
vt 0.8683 0.4371 0.0000
vt 0.8683 0.4387 0.0000
vt 0.9209 0.5726 0.0000
vt 0.9226 0.5726 0.0000
vt 0.9225 0.5769 0.0000
vt 0.9209 0.5769 0.0000
vt 0.7119 0.9702 0.0000
vt 0.7136 0.9706 0.0000
vt 0.7135 0.9745 0.0000
vt 0.7119 0.9741 0.0000
vt 0.6588 0.1334 0.0000
vt 0.6590 0.1318 0.0000
vt 0.6630 0.1323 0.0000
vt 0.6628 0.1339 0.0000
vt 0.8640 0.4336 0.0000
vt 0.8700 0.4349 0.0000
vt 0.9248 0.5718 0.0000
vt 0.9247 0.5795 0.0000
vt 0.0640 0.7686 0.0000
vt 0.0658 0.7716 0.0000
vt 0.0576 0.7715 0.0000
vt 0.0593 0.7685 0.0000
vt 0.6586 0.1289 0.0000
vt 0.6657 0.1298 0.0000
vt 0.8640 0.4287 0.0000
vt 0.8700 0.4300 0.0000
vt 0.9297 0.5718 0.0000
vt 0.9296 0.5795 0.0000
vt 0.9746 0.5595 0.0000
vt 0.9698 0.5595 0.0000
vt 0.9683 0.5527 0.0000
vt 0.9732 0.5527 0.0000
vt 0.6591 0.1241 0.0000
vt 0.6662 0.1249 0.0000
vt 0.8648 0.4257 0.0000
vt 0.8685 0.4264 0.0000
vt 0.9332 0.5725 0.0000
vt 0.9332 0.5771 0.0000
vt 0.9662 0.5586 0.0000
vt 0.9653 0.5544 0.0000
vt 0.6600 0.1211 0.0000
vt 0.6643 0.1216 0.0000
vt 0.0536 0.0027 0.0000
vt 0.0539 0.0005 0.0000
vt 0.0576 0.0007 0.0000
vt 0.0572 0.0029 0.0000
vt 0.9711 0.7014 0.0000
vt 0.9711 0.7036 0.0000
vt 0.9682 0.7042 0.0000
vt 0.9682 0.7019 0.0000
vt 0.9665 0.7036 0.0000
vt 0.9665 0.7014 0.0000
vt 0.8849 0.1703 0.0000
vt 0.8849 0.1681 0.0000
vt 0.8891 0.1684 0.0000
vt 0.8891 0.1706 0.0000
vt 0.5870 0.6225 0.0000
vt 0.5845 0.6241 0.0000
vt 0.5845 0.6162 0.0000
vt 0.5870 0.6176 0.0000
vt 0.9727 0.7060 0.0000
vt 0.9682 0.7068 0.0000
vt 0.9653 0.7060 0.0000
vt 0.8843 0.1657 0.0000
vt 0.8910 0.1662 0.0000
vt 0.9272 0.1385 0.0000
vt 0.9275 0.1339 0.0000
vt 0.9334 0.1338 0.0000
vt 0.9331 0.1384 0.0000
vt 0.9727 0.7107 0.0000
vt 0.9682 0.7115 0.0000
vt 0.9653 0.7107 0.0000
vt 0.8843 0.1611 0.0000
vt 0.8910 0.1616 0.0000
vt 0.6543 0.1211 0.0000
vt 0.6570 0.1240 0.0000
vt 0.6570 0.1270 0.0000
vt 0.6544 0.1290 0.0000
vt 0.8681 0.2861 0.0000
vt 0.8672 0.2887 0.0000
vt 0.8655 0.2897 0.0000
vt 0.8638 0.2888 0.0000
vt 0.8655 0.2909 0.0000
vt 0.8638 0.2921 0.0000
vt 0.8853 0.1592 0.0000
vt 0.8878 0.1594 0.0000
vt 0.5592 0.2290 0.0000
vt 0.5566 0.2393 0.0000
vt 0.5442 0.2720 0.0000
vt 0.5400 0.2797 0.0000
vt 0.8597 0.7241 0.0000
vt 0.8585 0.7321 0.0000
vt 0.8528 0.7338 0.0000
vt 0.8518 0.7265 0.0000
vt 0.8523 0.7719 0.0000
vt 0.8511 0.7792 0.0000
vt 0.8595 0.7804 0.0000
vt 0.8584 0.7727 0.0000
vt 0.9755 0.3065 0.0000
vt 0.9755 0.3003 0.0000
vt 0.9799 0.3002 0.0000
vt 0.9799 0.3059 0.0000
vt 0.0703 0.7900 0.0000
vt 0.0770 0.7890 0.0000
vt 0.0775 0.7927 0.0000
vt 0.0711 0.7954 0.0000
vt 0.8828 0.2382 0.0000
vt 0.8838 0.2354 0.0000
vt 0.8853 0.2363 0.0000
vt 0.8850 0.2395 0.0000
vt 0.8511 0.7812 0.0000
vt 0.8543 0.7828 0.0000
vt 0.8548 0.7857 0.0000
vt 0.8516 0.7852 0.0000
vt 0.4761 0.6538 0.0000
vt 0.4780 0.6511 0.0000
vt 0.4810 0.6511 0.0000
vt 0.4802 0.6538 0.0000
vt 0.2795 0.8103 0.0000
vt 0.2861 0.8175 0.0000
vt 0.2846 0.8205 0.0000
vt 0.2776 0.8143 0.0000
vt 0.6806 0.1909 0.0000
vt 0.6895 0.1936 0.0000
vt 0.6888 0.1958 0.0000
vt 0.6797 0.1938 0.0000
vt 0.9090 0.2671 0.0000
vt 0.9182 0.2671 0.0000
vt 0.9198 0.2714 0.0000
vt 0.9105 0.2714 0.0000
vt 0.9528 0.2365 0.0000
vt 0.9496 0.2457 0.0000
vt 0.9464 0.2446 0.0000
vt 0.9496 0.2354 0.0000
vt 0.5019 0.6569 0.0000
vt 0.5086 0.6499 0.0000
vt 0.5119 0.6531 0.0000
vt 0.5043 0.6610 0.0000
vt 0.5845 0.6987 0.0000
vt 0.5862 0.6991 0.0000
vt 0.5862 0.7027 0.0000
vt 0.5845 0.7023 0.0000
vt 0.9577 0.5133 0.0000
vt 0.9575 0.5150 0.0000
vt 0.9538 0.5146 0.0000
vt 0.9540 0.5129 0.0000
vt 0.9336 0.4021 0.0000
vt 0.9336 0.4004 0.0000
vt 0.9371 0.4011 0.0000
vt 0.9371 0.4028 0.0000
vt 0.8845 0.6526 0.0000
vt 0.8828 0.6526 0.0000
vt 0.8828 0.6497 0.0000
vt 0.8845 0.6497 0.0000
vt 0.5486 0.2925 0.0000
vt 0.5499 0.2953 0.0000
vt 0.5407 0.2953 0.0000
vt 0.5437 0.2925 0.0000
vt 0.9601 0.5181 0.0000
vt 0.9532 0.5174 0.0000
vt 0.9408 0.5287 0.0000
vt 0.9440 0.5273 0.0000
vt 0.9425 0.5353 0.0000
vt 0.9399 0.5330 0.0000
vt 0.8638 0.6371 0.0000
vt 0.8667 0.6352 0.0000
vt 0.8667 0.6415 0.0000
vt 0.8638 0.6404 0.0000
vt 0.5492 0.2990 0.0000
vt 0.5400 0.2990 0.0000
vt 0.9596 0.5225 0.0000
vt 0.9527 0.5218 0.0000
vt 0.9920 0.1465 0.0000
vt 0.9965 0.1465 0.0000
vt 0.9951 0.1530 0.0000
vt 0.9907 0.1530 0.0000
vt 0.9526 0.2100 0.0000
vt 0.9571 0.2100 0.0000
vt 0.9570 0.2154 0.0000
vt 0.9526 0.2154 0.0000
vt 0.8638 0.7558 0.0000
vt 0.8668 0.7581 0.0000
vt 0.8668 0.7624 0.0000
vt 0.8638 0.7651 0.0000
vt 0.8828 0.4155 0.0000
vt 0.8839 0.4122 0.0000
vt 0.8868 0.4103 0.0000
vt 0.8891 0.4114 0.0000
vt 0.9162 0.4829 0.0000
vt 0.9188 0.4849 0.0000
vt 0.9180 0.4887 0.0000
vt 0.9145 0.4909 0.0000
vt 0.6733 0.3151 0.0000
vt 0.6754 0.3115 0.0000
vt 0.6783 0.3115 0.0000
vt 0.6796 0.3151 0.0000
vt 0.9755 0.6289 0.0000
vt 0.9755 0.6313 0.0000
vt 0.9721 0.6313 0.0000
vt 0.9721 0.6289 0.0000
vt 0.9729 0.3002 0.0000
vt 0.9729 0.2978 0.0000
vt 0.9755 0.2979 0.0000
vt 0.9799 0.2979 0.0000
vt 0.9730 0.3679 0.0000
vt 0.9729 0.3703 0.0000
vt 0.9669 0.3699 0.0000
vt 0.9671 0.3676 0.0000
vt 0.9772 0.6337 0.0000
vt 0.9717 0.6336 0.0000
vt 0.9713 0.2955 0.0000
vt 0.9755 0.2956 0.0000
vt 0.9825 0.2955 0.0000
vt 0.9753 0.3728 0.0000
vt 0.9658 0.3723 0.0000
vt 0.9772 0.6402 0.0000
vt 0.9717 0.6401 0.0000
vt 0.9713 0.2890 0.0000
vt 0.9755 0.2891 0.0000
vt 0.9825 0.2891 0.0000
vt 0.9749 0.3792 0.0000
vt 0.9653 0.3787 0.0000
vt 0.9749 0.6430 0.0000
vt 0.9722 0.6430 0.0000
vt 0.9717 0.1880 0.0000
vt 0.9732 0.1846 0.0000
vt 0.9756 0.1846 0.0000
vt 0.9768 0.1881 0.0000
vt 0.9755 0.2862 0.0000
vt 0.9789 0.2861 0.0000
vt 0.9710 0.3819 0.0000
vt 0.9665 0.3817 0.0000
vt 0.5528 0.6738 0.0000
vt 0.5568 0.6697 0.0000
vt 0.5592 0.6720 0.0000
vt 0.5552 0.6761 0.0000
vt 0.8839 0.0636 0.0000
vt 0.8841 0.0579 0.0000
vt 0.8891 0.0579 0.0000
vt 0.8889 0.0620 0.0000
vt 0.9911 0.0238 0.0000
vt 0.9914 0.0198 0.0000
vt 0.9942 0.0199 0.0000
vt 0.9939 0.0237 0.0000
vt 0.7188 0.1920 0.0000
vt 0.7188 0.1958 0.0000
vt 0.7134 0.1956 0.0000
vt 0.7134 0.1899 0.0000
vt 0.5580 0.6674 0.0000
vt 0.5619 0.6712 0.0000
vt 0.8828 0.0554 0.0000
vt 0.8910 0.0554 0.0000
vt 0.9909 0.0171 0.0000
vt 0.9956 0.0174 0.0000
vt 0.7203 0.1984 0.0000
vt 0.7114 0.1981 0.0000
vt 0.5627 0.6625 0.0000
vt 0.5667 0.6663 0.0000
vt 0.8830 0.0485 0.0000
vt 0.8912 0.0486 0.0000
vt 0.9914 0.0103 0.0000
vt 0.9960 0.0106 0.0000
vt 0.7203 0.2052 0.0000
vt 0.7114 0.2049 0.0000
vt 0.5661 0.6606 0.0000
vt 0.5677 0.6621 0.0000
vt 0.8853 0.0449 0.0000
vt 0.8885 0.0450 0.0000
vt 0.9926 0.0068 0.0000
vt 0.9944 0.0070 0.0000
vt 0.7180 0.2087 0.0000
vt 0.7145 0.2086 0.0000
vt 0.2904 0.8217 0.0000
vt 0.2882 0.8241 0.0000
vt 0.9102 0.3688 0.0000
vt 0.9108 0.3638 0.0000
vt 0.9155 0.3642 0.0000
vt 0.9152 0.3676 0.0000
vt 0.6929 0.1936 0.0000
vt 0.6929 0.1958 0.0000
vt 0.9009 0.3405 0.0000
vt 0.9050 0.3405 0.0000
vt 0.9049 0.3446 0.0000
vt 0.8988 0.3446 0.0000
vt 0.2944 0.8228 0.0000
vt 0.2901 0.8274 0.0000
vt 0.9082 0.3598 0.0000
vt 0.9173 0.3606 0.0000
vt 0.6966 0.1921 0.0000
vt 0.6966 0.1964 0.0000
vt 0.9087 0.3378 0.0000
vt 0.9085 0.3458 0.0000
vt 0.2992 0.8275 0.0000
vt 0.2950 0.8320 0.0000
vt 0.9089 0.3531 0.0000
vt 0.9180 0.3539 0.0000
vt 0.7034 0.1921 0.0000
vt 0.7033 0.1964 0.0000
vt 0.9154 0.3378 0.0000
vt 0.9153 0.3458 0.0000
vt 0.9638 0.6680 0.0000
vt 0.9590 0.6666 0.0000
vt 0.9590 0.6640 0.0000
vt 0.9637 0.6606 0.0000
vt 0.9133 0.3496 0.0000
vt 0.9165 0.3499 0.0000
vt 0.9844 0.8811 0.0000
vt 0.9850 0.8764 0.0000
vt 0.9868 0.8765 0.0000
vt 0.9894 0.8812 0.0000
vt 0.9193 0.3414 0.0000
vt 0.9193 0.3443 0.0000
vt 0.9207 0.2671 0.0000
vt 0.9207 0.2714 0.0000
vt 0.9207 0.2750 0.0000
vt 0.9174 0.2750 0.0000
vt 0.9496 0.2490 0.0000
vt 0.9464 0.2490 0.0000
vt 0.9417 0.2490 0.0000
vt 0.9417 0.2465 0.0000
vt 0.9400 0.0020 0.0000
vt 0.9439 0.0005 0.0000
vt 0.9437 0.0094 0.0000
vt 0.9399 0.0064 0.0000
vt 0.9817 0.0627 0.0000
vt 0.9780 0.0658 0.0000
vt 0.9781 0.0576 0.0000
vt 0.9818 0.0587 0.0000
vt 0.9907 0.1279 0.0000
vt 0.9907 0.1212 0.0000
vt 0.9973 0.1211 0.0000
vt 0.9973 0.1278 0.0000
vt 0.9654 0.4258 0.0000
vt 0.9721 0.4258 0.0000
vt 0.9720 0.4331 0.0000
vt 0.9653 0.4331 0.0000
vt 0.9534 0.2520 0.0000
vt 0.9534 0.2588 0.0000
vt 0.9469 0.2587 0.0000
vt 0.9469 0.2520 0.0000
vt 0.9399 0.2588 0.0000
vt 0.9399 0.2521 0.0000
vt 0.9654 0.0576 0.0000
vt 0.9700 0.0596 0.0000
vt 0.9700 0.0628 0.0000
vt 0.9653 0.0665 0.0000
vt 0.8873 0.5101 0.0000
vt 0.8828 0.5062 0.0000
vt 0.8828 0.5032 0.0000
vt 0.8874 0.5019 0.0000
vt 0.5128 0.6456 0.0000
vt 0.5161 0.6488 0.0000
vt 0.8832 0.2817 0.0000
vt 0.8834 0.2757 0.0000
vt 0.8871 0.2758 0.0000
vt 0.8868 0.2818 0.0000
vt 0.7756 0.1357 0.0000
vt 0.7758 0.1297 0.0000
vt 0.7792 0.1298 0.0000
vt 0.7790 0.1358 0.0000
vt 0.9559 0.9812 0.0000
vt 0.9619 0.9812 0.0000
vt 0.9619 0.9856 0.0000
vt 0.9559 0.9856 0.0000
vt 0.5142 0.6421 0.0000
vt 0.5198 0.6475 0.0000
vt 0.8831 0.2722 0.0000
vt 0.8893 0.2724 0.0000
vt 0.7749 0.1261 0.0000
vt 0.7806 0.1263 0.0000
vt 0.9654 0.9805 0.0000
vt 0.9654 0.9881 0.0000
vt 0.5197 0.6364 0.0000
vt 0.5253 0.6418 0.0000
vt 0.8834 0.2642 0.0000
vt 0.8896 0.2644 0.0000
vt 0.7752 0.1182 0.0000
vt 0.7809 0.1184 0.0000
vt 0.9734 0.9805 0.0000
vt 0.9734 0.9881 0.0000
vt 0.5236 0.6352 0.0000
vt 0.5260 0.6376 0.0000
vt 0.8841 0.2607 0.0000
vt 0.8868 0.2608 0.0000
vt 0.7767 0.1148 0.0000
vt 0.7792 0.1148 0.0000
vt 0.9768 0.9815 0.0000
vt 0.9768 0.9848 0.0000
vt 0.4067 0.9661 0.0000
vt 0.4067 0.9581 0.0000
vt 0.4631 0.8193 0.0000
vt 0.4711 0.8193 0.0000
vt 0.4067 0.8193 0.0000
vt 0.4147 0.8193 0.0000
vt 0.4150 0.8490 0.0000
vt 0.4070 0.8490 0.0000
vt 0.4150 0.8768 0.0000
vt 0.4070 0.8768 0.0000
vt 0.4154 0.9095 0.0000
vt 0.4074 0.9095 0.0000
vt 0.9177 0.5972 0.0000
vt 0.9264 0.6041 0.0000
vt 0.9200 0.6339 0.0000
vt 0.9082 0.6409 0.0000
vt 0.4267 0.8820 0.0000
vt 0.4270 0.9043 0.0000
vt 0.4136 0.9464 0.0000
vt 0.4433 0.9399 0.0000
vt 0.7119 0.2163 0.0000
vt 0.7205 0.2215 0.0000
vt 0.7202 0.2438 0.0000
vt 0.7114 0.2490 0.0000
vt 0.3217 0.7688 0.0000
vt 0.3117 0.7599 0.0000
vt 0.3115 0.7288 0.0000
vt 0.3215 0.7241 0.0000
vt 0.9272 0.4067 0.0000
vt 0.9360 0.4110 0.0000
vt 0.9360 0.4304 0.0000
vt 0.9272 0.4346 0.0000
vt 0.8638 0.5488 0.0000
vt 0.8704 0.5400 0.0000
vt 0.9008 0.5466 0.0000
vt 0.9075 0.5583 0.0000
vt 0.4266 0.8532 0.0000
vt 0.4266 0.8726 0.0000
vt 0.3216 0.7180 0.0000
vt 0.3117 0.7092 0.0000
vt 0.3115 0.6780 0.0000
vt 0.3214 0.6733 0.0000
vt 0.9359 0.4808 0.0000
vt 0.9272 0.4774 0.0000
vt 0.9274 0.4546 0.0000
vt 0.9362 0.4512 0.0000
vt 0.4448 0.8564 0.0000
vt 0.4514 0.8259 0.0000
vt 0.4264 0.8227 0.0000
vt 0.4265 0.8455 0.0000
vt 0.2653 0.2336 0.0000
vt 0.2653 0.2572 0.0000
vt 0.2301 0.2336 0.0000
vt 0.2301 0.2572 0.0000
vt 0.1123 0.2426 0.0000
vt 0.1479 0.2354 0.0000
vt 0.0767 0.2354 0.0000
vt 0.6207 0.7826 0.0000
vt 0.5856 0.7826 0.0000
vt 0.5856 0.7590 0.0000
vt 0.6207 0.7590 0.0000
vt 0.5742 0.8327 0.0000
vt 0.5682 0.8196 0.0000
vt 0.5622 0.8065 0.0000
vt 0.5622 0.7975 0.0000
vt 0.2067 0.2277 0.0000
vt 0.2067 0.2187 0.0000
vt 0.2067 0.2097 0.0000
vt 0.2127 0.1966 0.0000
vt 0.5354 0.8010 0.0000
vt 0.5354 0.7944 0.0000
vt 0.1799 0.2284 0.0000
vt 0.1799 0.2218 0.0000
vt 0.8010 0.6313 0.0000
vt 0.7828 0.7604 0.0000
vt 0.7701 0.7587 0.0000
vt 0.7882 0.6295 0.0000
vt 0.7560 0.7567 0.0000
vt 0.7741 0.6275 0.0000
vt 0.4050 0.8010 0.0000
vt 0.4050 0.7955 0.0000
vt 0.2972 0.1544 0.0000
vt 0.1668 0.1544 0.0000
vt 0.1668 0.1377 0.0000
vt 0.2972 0.1377 0.0000
vt 0.1668 0.1210 0.0000
vt 0.2972 0.1210 0.0000
vt 0.0495 0.2262 0.0000
vt 0.0495 0.2207 0.0000
vt 0.2187 0.1835 0.0000
vt 0.7599 0.6978 0.0000
vt 0.7495 0.6914 0.0000
vt 0.5622 0.7885 0.0000
vt 0.5354 0.7877 0.0000
vt 0.1799 0.2152 0.0000
vt 0.4050 0.7900 0.0000
vt 0.0495 0.2152 0.0000
vt 0.4050 0.8081 0.0000
vt 0.3987 0.8090 0.0000
vt 0.3968 0.8022 0.0000
vt 0.3952 0.7968 0.0000
vt 0.3937 0.7915 0.0000
vt 0.0383 0.2247 0.0000
vt 0.0398 0.2193 0.0000
vt 0.0413 0.2140 0.0000
vt 0.3909 0.8048 0.0000
vt 0.3884 0.7999 0.0000
vt 0.3859 0.7949 0.0000
vt 0.0304 0.2213 0.0000
vt 0.0329 0.2163 0.0000
vt 0.0354 0.2114 0.0000
vt 0.3828 0.8105 0.0000
vt 0.3788 0.8067 0.0000
vt 0.3747 0.8029 0.0000
vt 0.0193 0.2133 0.0000
vt 0.0233 0.2095 0.0000
vt 0.0273 0.2057 0.0000
vt 0.3761 0.8274 0.0000
vt 0.3706 0.8275 0.0000
vt 0.3651 0.8275 0.0000
vt 0.0096 0.1887 0.0000
vt 0.0152 0.1887 0.0000
vt 0.0207 0.1887 0.0000
vt 0.5354 0.5218 0.0000
vt 0.5350 0.5343 0.0000
vt 0.5225 0.5343 0.0000
vt 0.5225 0.5218 0.0000
vt 0.5088 0.5343 0.0000
vt 0.5083 0.5218 0.0000
vt 0.3904 0.8273 0.0000
vt 0.3900 0.8398 0.0000
vt 0.3831 0.8399 0.0000
vt 0.3833 0.8274 0.0000
vt 0.3763 0.8399 0.0000
vt 0.3709 0.8400 0.0000
vt 0.3656 0.8400 0.0000
vt 0.4044 0.5321 0.0000
vt 0.3989 0.5196 0.0000
vt 0.4044 0.5254 0.0000
vt 0.4069 0.5196 0.0000
vt 0.0101 0.1762 0.0000
vt 0.0155 0.1762 0.0000
vt 0.0208 0.1762 0.0000
vt 0.0277 0.1763 0.0000
vt 0.0278 0.1888 0.0000
vt 0.0346 0.1764 0.0000
vt 0.0349 0.1889 0.0000
vt 0.3770 0.9274 0.0000
vt 0.3750 0.9423 0.0000
vt 0.3655 0.9424 0.0000
vt 0.3730 0.9275 0.0000
vt 0.3560 0.9425 0.0000
vt 0.3690 0.9275 0.0000
vt 0.0136 0.0887 0.0000
vt 0.0005 0.0737 0.0000
vt 0.0100 0.0738 0.0000
vt 0.0176 0.0887 0.0000
vt 0.0195 0.0738 0.0000
vt 0.0216 0.0888 0.0000
vt 0.2357 0.1608 0.0000
vt 0.2581 0.1616 0.0000
vt 0.2577 0.1728 0.0000
vt 0.2354 0.1720 0.0000
vt 0.3995 0.9421 0.0000
vt 0.3997 0.9645 0.0000
vt 0.3874 0.9646 0.0000
vt 0.3873 0.9422 0.0000
vt 0.3751 0.9647 0.0000
vt 0.3656 0.9648 0.0000
vt 0.3561 0.9649 0.0000
vt 0.7123 0.8447 0.0000
vt 0.7123 0.8671 0.0000
vt 0.6992 0.8672 0.0000
vt 0.6992 0.8448 0.0000
vt 0.6860 0.8671 0.0000
vt 0.6860 0.8447 0.0000
vt 0.0007 0.0513 0.0000
vt 0.0102 0.0514 0.0000
vt 0.0197 0.0515 0.0000
vt 0.0320 0.0516 0.0000
vt 0.0318 0.0739 0.0000
vt 0.0442 0.0517 0.0000
vt 0.0441 0.0740 0.0000
vt 0.3752 0.9720 0.0000
vt 0.3657 0.9720 0.0000
vt 0.3562 0.9721 0.0000
vt 0.0008 0.0265 0.0000
vt 0.0103 0.0266 0.0000
vt 0.0199 0.0267 0.0000
vt 0.8311 0.0513 0.0000
vt 0.8279 0.0586 0.0000
vt 0.8174 0.0587 0.0000
vt 0.8157 0.0514 0.0000
vt 0.0321 0.0268 0.0000
vt 0.0348 0.0222 0.0000
vt 0.0431 0.0222 0.0000
vt 0.0444 0.0269 0.0000
vt 0.0218 0.0219 0.0000
vt 0.0306 0.0220 0.0000
vt 0.8133 0.0586 0.0000
vt 0.8023 0.0587 0.0000
vt 0.8004 0.0515 0.0000
vt 0.7989 0.0587 0.0000
vt 0.7897 0.0588 0.0000
vt 0.7876 0.0516 0.0000
vt 0.0115 0.0218 0.0000
vt 0.0183 0.0219 0.0000
vt 0.7865 0.0589 0.0000
vt 0.7775 0.0589 0.0000
vt 0.7749 0.0517 0.0000
vt 0.6992 0.8833 0.0000
vt 0.6986 0.8906 0.0000
vt 0.6912 0.8966 0.0000
vt 0.6887 0.8919 0.0000
vt 0.0015 0.0218 0.0000
vt 0.0083 0.0219 0.0000
vt 0.7968 0.0835 0.0000
vt 0.7928 0.0836 0.0000
vt 0.0132 0.0005 0.0000
vt 0.0162 0.0006 0.0000
vt 0.7852 0.0836 0.0000
vt 0.7812 0.0836 0.0000
vt 0.7034 0.9153 0.0000
vt 0.7002 0.9179 0.0000
vt 0.0026 0.0005 0.0000
vt 0.0056 0.0005 0.0000
vt 0.8242 0.0834 0.0000
vt 0.8197 0.0834 0.0000
vt 0.0382 0.0008 0.0000
vt 0.0418 0.0008 0.0000
vt 0.0247 0.0006 0.0000
vt 0.0286 0.0007 0.0000
vt 0.8101 0.0834 0.0000
vt 0.8053 0.0835 0.0000
vt 0.8166 0.0606 0.0000
vt 0.8154 0.0552 0.0000
vt 0.8136 0.0606 0.0000
vt 0.9043 0.2100 0.0000
vt 0.9047 0.2119 0.0000
vt 0.9012 0.2302 0.0000
vt 0.8994 0.2348 0.0000
vt 0.9033 0.2322 0.0000
vt 0.9023 0.2375 0.0000
vt 0.9096 0.2165 0.0000
vt 0.9109 0.2161 0.0000
vt 0.4637 0.7205 0.0000
vt 0.4640 0.7220 0.0000
vt 0.4600 0.7215 0.0000
vt 0.4583 0.7197 0.0000
vt 0.2376 0.7432 0.0000
vt 0.2385 0.7454 0.0000
vt 0.2385 0.7493 0.0000
vt 0.2377 0.7484 0.0000
vt 0.2369 0.7662 0.0000
vt 0.2354 0.7714 0.0000
vt 0.2395 0.7655 0.0000
vt 0.2390 0.7704 0.0000
vt 0.8183 0.0788 0.0000
vt 0.8019 0.0609 0.0000
vt 0.8005 0.0559 0.0000
vt 0.7994 0.0609 0.0000
vt 0.9168 0.2100 0.0000
vt 0.9174 0.2122 0.0000
vt 0.9141 0.2295 0.0000
vt 0.9120 0.2348 0.0000
vt 0.9164 0.2314 0.0000
vt 0.9153 0.2374 0.0000
vt 0.9227 0.2165 0.0000
vt 0.9242 0.2161 0.0000
vt 0.9244 0.2131 0.0000
vt 0.9267 0.2114 0.0000
vt 0.6259 0.1186 0.0000
vt 0.6246 0.1160 0.0000
vt 0.6243 0.1123 0.0000
vt 0.6255 0.1132 0.0000
vt 0.6245 0.0960 0.0000
vt 0.6259 0.0901 0.0000
vt 0.6217 0.0968 0.0000
vt 0.6218 0.0912 0.0000
vt 0.6177 0.1141 0.0000
vt 0.6162 0.1158 0.0000
vt 0.7896 0.0620 0.0000
vt 0.7884 0.0579 0.0000
vt 0.7878 0.0620 0.0000
vt 0.6938 0.0584 0.0000
vt 0.6990 0.0557 0.0000
vt 0.6993 0.0581 0.0000
vt 0.6943 0.0626 0.0000
vt 0.7156 0.0534 0.0000
vt 0.7136 0.0522 0.0000
vt 0.7165 0.0513 0.0000
vt 0.7206 0.0517 0.0000
vt 0.9463 0.7114 0.0000
vt 0.9487 0.7148 0.0000
vt 0.9493 0.7178 0.0000
vt 0.9473 0.7166 0.0000
vt 0.9500 0.7396 0.0000
vt 0.9514 0.7330 0.0000
vt 0.9536 0.7321 0.0000
vt 0.9539 0.7379 0.0000
vt 0.1224 0.7839 0.0000
vt 0.1152 0.7887 0.0000
vt 0.1077 0.7870 0.0000
vt 0.1108 0.7812 0.0000
vt 0.7086 0.1371 0.0000
vt 0.7025 0.1328 0.0000
vt 0.7034 0.1183 0.0000
vt 0.7100 0.1148 0.0000
vt 0.0527 0.0556 0.0000
vt 0.0526 0.0702 0.0000
vt 0.6901 0.1235 0.0000
vt 0.6905 0.1181 0.0000
vt 0.0691 0.0564 0.0000
vt 0.0691 0.0618 0.0000
vt 0.0069 0.8399 0.0000
vt 0.0073 0.8380 0.0000
vt 0.0095 0.8395 0.0000
vt 0.0099 0.8420 0.0000
vt 0.2816 0.1620 0.0000
vt 0.2814 0.1604 0.0000
vt 0.2985 0.1647 0.0000
vt 0.3062 0.1681 0.0000
vt 0.3003 0.1631 0.0000
vt 0.3088 0.1658 0.0000
vt 0.3649 0.8702 0.0000
vt 0.3654 0.8988 0.0000
vt 0.3628 0.8987 0.0000
vt 0.3623 0.8701 0.0000
vt 0.9743 0.0703 0.0000
vt 0.9718 0.0989 0.0000
vt 0.9637 0.0982 0.0000
vt 0.9632 0.0709 0.0000
vt 0.0075 0.1338 0.0000
vt 0.0101 0.1349 0.0000
vt 0.0085 0.1531 0.0000
vt 0.0068 0.1518 0.0000
vt 0.2420 0.8153 0.0000
vt 0.2491 0.8152 0.0000
vt 0.2483 0.8173 0.0000
vt 0.2413 0.8173 0.0000
vt 0.8927 0.7065 0.0000
vt 0.8914 0.7080 0.0000
vt 0.8891 0.7077 0.0000
vt 0.8925 0.7096 0.0000
vt 0.8152 0.0588 0.0000
vt 0.8253 0.1107 0.0000
vt 0.8193 0.1109 0.0000
vt 0.8193 0.1086 0.0000
vt 0.8253 0.1084 0.0000
vt 0.0943 0.1991 0.0000
vt 0.0899 0.1991 0.0000
vt 0.0894 0.1973 0.0000
vt 0.0937 0.1973 0.0000
vt 0.8006 0.0592 0.0000
vt 0.7886 0.0606 0.0000
vt 0.3604 0.9813 0.0000
vt 0.3593 0.9802 0.0000
vt 0.3594 0.9780 0.0000
vt 0.3580 0.9813 0.0000
vt 0.7636 0.0479 0.0000
vt 0.7645 0.0469 0.0000
vt 0.7663 0.0467 0.0000
vt 0.7636 0.0461 0.0000
vt 0.0974 0.7945 0.0000
vt 0.0830 0.7966 0.0000
vt 0.0944 0.7923 0.0000
vt 0.6797 0.1149 0.0000
vt 0.0094 0.8542 0.0000
vt 0.0806 0.0539 0.0000
vt 0.9082 0.2420 0.0000
vt 0.7951 0.0908 0.0000
vt 0.9556 0.7459 0.0000
vt 0.6352 0.1155 0.0000
vt 0.6365 0.1084 0.0000
vt 0.6382 0.1155 0.0000
vt 0.7840 0.0909 0.0000
vt 0.7072 0.9225 0.0000
vt 0.6606 0.5591 0.0000
vt 0.6677 0.5598 0.0000
vt 0.6606 0.5620 0.0000
vt 0.6860 0.0609 0.0000
vt 0.8213 0.0906 0.0000
vt 0.2393 0.7787 0.0000
vt 0.9780 0.3753 0.0000
vt 0.9813 0.3687 0.0000
vt 0.9817 0.3753 0.0000
vt 0.3132 0.1725 0.0000
vt 0.6212 0.0830 0.0000
vt 0.2677 0.8041 0.0000
vt 0.2607 0.8012 0.0000
vt 0.2677 0.8003 0.0000
vt 0.8955 0.2420 0.0000
vt 0.8075 0.0907 0.0000
vt 0.5225 0.5718 0.0000
vt 0.5336 0.5718 0.0000
vt 0.5332 0.5843 0.0000
vt 0.5225 0.5843 0.0000
vt 0.5102 0.5718 0.0000
vt 0.5107 0.5843 0.0000
vt 0.3827 0.8774 0.0000
vt 0.3889 0.8773 0.0000
vt 0.3885 0.8898 0.0000
vt 0.3826 0.8899 0.0000
vt 0.3766 0.8774 0.0000
vt 0.3767 0.8899 0.0000
vt 0.3718 0.8775 0.0000
vt 0.3721 0.8900 0.0000
vt 0.3671 0.8775 0.0000
vt 0.3676 0.8900 0.0000
vt 0.0164 0.1387 0.0000
vt 0.0116 0.1387 0.0000
vt 0.0121 0.1262 0.0000
vt 0.0167 0.1262 0.0000
vt 0.0211 0.1387 0.0000
vt 0.0212 0.1262 0.0000
vt 0.0273 0.1388 0.0000
vt 0.0271 0.1263 0.0000
vt 0.0334 0.1389 0.0000
vt 0.0330 0.1264 0.0000
vt 0.5225 0.5942 0.0000
vt 0.5327 0.5942 0.0000
vt 0.5323 0.6093 0.0000
vt 0.5225 0.6093 0.0000
vt 0.5112 0.5942 0.0000
vt 0.5117 0.6093 0.0000
vt 0.3825 0.8998 0.0000
vt 0.3881 0.8998 0.0000
vt 0.3877 0.9148 0.0000
vt 0.3823 0.9149 0.0000
vt 0.3768 0.8999 0.0000
vt 0.3769 0.9149 0.0000
vt 0.3724 0.8999 0.0000
vt 0.3727 0.9150 0.0000
vt 0.3681 0.8999 0.0000
vt 0.3686 0.9150 0.0000
vt 0.4044 0.4446 0.0000
vt 0.3996 0.4597 0.0000
vt 0.3911 0.4597 0.0000
vt 0.3917 0.4447 0.0000
vt 0.0170 0.1163 0.0000
vt 0.0126 0.1162 0.0000
vt 0.0131 0.1012 0.0000
vt 0.0173 0.1012 0.0000
vt 0.0214 0.1163 0.0000
vt 0.0215 0.1013 0.0000
vt 0.0270 0.1164 0.0000
vt 0.0269 0.1013 0.0000
vt 0.0327 0.1164 0.0000
vt 0.0323 0.1014 0.0000
vt 0.5225 0.5468 0.0000
vt 0.5345 0.5468 0.0000
vt 0.5341 0.5593 0.0000
vt 0.5225 0.5593 0.0000
vt 0.5093 0.5468 0.0000
vt 0.5098 0.5593 0.0000
vt 0.3830 0.8524 0.0000
vt 0.3896 0.8523 0.0000
vt 0.3893 0.8648 0.0000
vt 0.3829 0.8649 0.0000
vt 0.3764 0.8524 0.0000
vt 0.3765 0.8649 0.0000
vt 0.3712 0.8525 0.0000
vt 0.3715 0.8650 0.0000
vt 0.3661 0.8525 0.0000
vt 0.3666 0.8650 0.0000
vt 0.0158 0.1637 0.0000
vt 0.0106 0.1637 0.0000
vt 0.0111 0.1512 0.0000
vt 0.0161 0.1512 0.0000
vt 0.0209 0.1637 0.0000
vt 0.0210 0.1512 0.0000
vt 0.0275 0.1638 0.0000
vt 0.0274 0.1513 0.0000
vt 0.0342 0.1639 0.0000
vt 0.0338 0.1514 0.0000
vt 0.5318 0.6218 0.0000
vt 0.5225 0.6218 0.0000
vt 0.5122 0.6218 0.0000
vt 0.3874 0.9273 0.0000
vt 0.3822 0.9274 0.0000
vt 0.3923 0.4322 0.0000
vt 0.4044 0.4321 0.0000
vt 0.4170 0.4447 0.0000
vt 0.4165 0.4322 0.0000
vt 0.0267 0.0888 0.0000
vt 0.0319 0.0889 0.0000
vt 0.3877 0.5322 0.0000
vt 0.3883 0.5197 0.0000
vt 0.4044 0.4541 0.0000
vt 0.4057 0.4572 0.0000
vt 0.8730 0.9942 0.0000
vt 0.8738 0.9722 0.0000
vt 0.8865 0.9662 0.0000
vt 0.8855 0.9942 0.0000
vt 0.8990 0.9653 0.0000
vt 0.8980 0.9941 0.0000
vt 0.9112 0.9696 0.0000
vt 0.9105 0.9941 0.0000
vt 0.8144 0.3074 0.0000
vt 0.7927 0.3096 0.0000
vt 0.7885 0.2959 0.0000
vt 0.8149 0.2949 0.0000
vt 0.2488 0.8868 0.0000
vt 0.2577 0.8623 0.0000
vt 0.2833 0.8787 0.0000
vt 0.2556 0.8911 0.0000
vt 0.5781 0.9018 0.0000
vt 0.5976 0.9077 0.0000
vt 0.6021 0.9409 0.0000
vt 0.5834 0.9408 0.0000
vt 0.5976 0.9741 0.0000
vt 0.5781 0.9798 0.0000
vt 0.6865 0.2547 0.0000
vt 0.6670 0.2416 0.0000
vt 0.6739 0.2232 0.0000
vt 0.6946 0.2330 0.0000
vt 0.6836 0.1973 0.0000
vt 0.7060 0.2026 0.0000
vt 0.6593 0.2533 0.0000
vt 0.6369 0.2485 0.0000
vt 0.6390 0.2206 0.0000
vt 0.6617 0.2205 0.0000
vt 0.6369 0.1953 0.0000
vt 0.6593 0.1909 0.0000
vt 0.6352 0.4385 0.0000
vt 0.6581 0.4411 0.0000
vt 0.6583 0.4688 0.0000
vt 0.6355 0.4710 0.0000
vt 0.6586 0.4884 0.0000
vt 0.6358 0.4940 0.0000
vt 0.2580 0.9003 0.0000
vt 0.2928 0.9146 0.0000
vt 0.5311 0.9177 0.0000
vt 0.5403 0.9391 0.0000
vt 0.5291 0.9524 0.0000
vt 0.5083 0.9448 0.0000
vt 0.5291 0.9699 0.0000
vt 0.5083 0.9801 0.0000
vt 0.5364 0.9778 0.0000
vt 0.5222 0.9959 0.0000
vt 0.8800 0.1973 0.0000
vt 0.8796 0.2251 0.0000
vt 0.8657 0.2314 0.0000
vt 0.8511 0.2101 0.0000
vt 0.6162 0.2344 0.0000
vt 0.6172 0.2207 0.0000
vt 0.6162 0.2082 0.0000
vt 0.9586 0.7064 0.0000
vt 0.9337 0.7025 0.0000
vt 0.9336 0.6866 0.0000
vt 0.9582 0.6733 0.0000
vt 0.5518 0.9145 0.0000
vt 0.5510 0.9377 0.0000
vt 0.1416 0.5802 0.0000
vt 0.1416 0.5847 0.0000
vt 0.1123 0.5847 0.0000
vt 0.1123 0.5802 0.0000
vt 0.0992 0.5847 0.0000
vt 0.0992 0.5802 0.0000
vt 0.2548 0.5785 0.0000
vt 0.2548 0.5829 0.0000
vt 0.2416 0.5829 0.0000
vt 0.2416 0.5785 0.0000
vt 0.5971 0.4377 0.0000
vt 0.5971 0.4333 0.0000
vt 0.6102 0.4333 0.0000
vt 0.6102 0.4377 0.0000
vt 0.2507 0.0146 0.0000
vt 0.2463 0.0146 0.0000
vt 0.2463 0.0029 0.0000
vt 0.2507 0.0029 0.0000
vt 0.2507 0.0264 0.0000
vt 0.2463 0.0264 0.0000
vt 0.2715 0.5785 0.0000
vt 0.2715 0.5829 0.0000
vt 0.6269 0.4333 0.0000
vt 0.6269 0.4377 0.0000
vt 0.1416 0.5893 0.0000
vt 0.1123 0.5893 0.0000
vt 0.0992 0.5893 0.0000
vt 0.2548 0.5876 0.0000
vt 0.2416 0.5876 0.0000
vt 0.5971 0.4286 0.0000
vt 0.6102 0.4286 0.0000
vt 0.2416 0.0146 0.0000
vt 0.2416 0.0029 0.0000
vt 0.2416 0.0264 0.0000
vt 0.2715 0.5876 0.0000
vt 0.6269 0.4286 0.0000
vt 0.1416 0.5934 0.0000
vt 0.1123 0.5934 0.0000
vt 0.0992 0.5934 0.0000
vt 0.2548 0.5917 0.0000
vt 0.2416 0.5917 0.0000
vt 0.5971 0.4245 0.0000
vt 0.6102 0.4245 0.0000
vt 0.2375 0.0146 0.0000
vt 0.2375 0.0029 0.0000
vt 0.2375 0.0264 0.0000
vt 0.2715 0.5917 0.0000
vt 0.6269 0.4245 0.0000
vt 0.1416 0.5986 0.0000
vt 0.1123 0.5986 0.0000
vt 0.0991 0.5986 0.0000
vt 0.2548 0.5968 0.0000
vt 0.2416 0.5968 0.0000
vt 0.5971 0.4194 0.0000
vt 0.6102 0.4193 0.0000
vt 0.2324 0.0146 0.0000
vt 0.2324 0.0029 0.0000
vt 0.2324 0.0264 0.0000
vt 0.2715 0.5968 0.0000
vt 0.6269 0.4193 0.0000
vt 0.1123 0.7606 0.0000
vt 0.1008 0.7606 0.0000
vt 0.0771 0.4160 0.0000
vt 0.9002 0.5255 0.0000
vt 0.8891 0.5307 0.0000
vt 0.8891 0.4956 0.0000
vt 0.9002 0.4991 0.0000
vt 0.2548 0.7589 0.0000
vt 0.2553 0.7681 0.0000
vt 0.2444 0.7681 0.0000
vt 0.2465 0.7589 0.0000
vt 0.9721 0.8878 0.0000
vt 0.9827 0.8828 0.0000
vt 0.9827 0.8997 0.0000
vt 0.9721 0.9005 0.0000
vt 0.9947 0.9075 0.0000
vt 0.9844 0.9061 0.0000
vt 0.9844 0.8891 0.0000
vt 0.9947 0.8947 0.0000
vt 0.9822 0.9198 0.0000
vt 0.9717 0.9156 0.0000
vt 0.9951 0.9225 0.0000
vt 0.9848 0.9261 0.0000
vt 0.1127 0.7699 0.0000
vt 0.0974 0.7699 0.0000
vt 0.0894 0.1744 0.0000
vt 0.0894 0.1592 0.0000
vt 0.1186 0.1592 0.0000
vt 0.1186 0.1744 0.0000
vt 0.2553 0.7834 0.0000
vt 0.2444 0.7834 0.0000
vt 0.2827 0.7681 0.0000
vt 0.2827 0.7834 0.0000
vt 0.2705 0.7834 0.0000
vt 0.2705 0.7681 0.0000
vt 0.4612 0.0298 0.0000
vt 0.4478 0.0305 0.0000
vt 0.4411 0.0241 0.0000
vt 0.4490 0.0180 0.0000
vt 0.4464 0.0992 0.0000
vt 0.4352 0.0927 0.0000
vt 0.4447 0.0835 0.0000
vt 0.4639 0.0824 0.0000
vt 0.3813 0.0824 0.0000
vt 0.3997 0.0835 0.0000
vt 0.4040 0.0954 0.0000
vt 0.3892 0.1043 0.0000
vt 0.0345 0.9287 0.0000
vt 0.0147 0.8695 0.0000
vt 0.0296 0.8495 0.0000
vt 0.0449 0.9147 0.0000
vt 0.0502 0.8558 0.0000
vt 0.0593 0.9192 0.0000
vt 0.0719 0.8746 0.0000
vt 0.0745 0.9323 0.0000
vt 0.0894 0.8914 0.0000
vt 0.0867 0.9440 0.0000
vt 0.5201 0.1935 0.0000
vt 0.4675 0.1935 0.0000
vt 0.4675 0.1782 0.0000
vt 0.5201 0.1782 0.0000
vt 0.4411 0.0369 0.0000
vt 0.4233 0.1029 0.0000
vt 0.4329 0.0441 0.0000
vt 0.4269 0.0465 0.0000
vt 0.4099 0.1064 0.0000
vt 0.4193 0.0389 0.0000
vt 0.4163 0.0305 0.0000
vt 0.4035 0.0298 0.0000
vt 0.1713 0.1592 0.0000
vt 0.1713 0.1744 0.0000
vt 0.0290 0.9440 0.0000
vt 0.0068 0.8914 0.0000
vt 0.0329 0.8410 0.0000
vt 0.0469 0.8453 0.0000
vt 0.4247 0.1179 0.0000
vt 0.4214 0.1284 0.0000
vt 0.4074 0.1327 0.0000
vt 0.4041 0.1243 0.0000
vt 0.0747 0.8678 0.0000
vt 0.0866 0.8792 0.0000
vt 0.4553 0.1882 0.0000
vt 0.4553 0.1782 0.0000
vt 0.4611 0.0946 0.0000
vt 0.4492 0.1060 0.0000
vt 0.3880 0.1102 0.0000
vt 0.3826 0.0954 0.0000
vt 0.1843 0.1592 0.0000
vt 0.1843 0.1691 0.0000
vt 0.1991 0.1691 0.0000
vt 0.1931 0.1744 0.0000
vt 0.4014 0.1301 0.0000
vt 0.3920 0.1175 0.0000
vt 0.8638 0.3115 0.0000
vt 0.8718 0.3238 0.0000
vt 0.8718 0.3394 0.0000
vt 0.8638 0.3365 0.0000
vt 0.0543 0.8498 0.0000
vt 0.0679 0.8616 0.0000
vt 0.4424 0.1122 0.0000
vt 0.4288 0.1239 0.0000
vt 0.3988 0.1545 0.0000
vt 0.3951 0.1512 0.0000
vt 0.0367 0.8144 0.0000
vt 0.0431 0.8163 0.0000
vt 0.4176 0.1574 0.0000
vt 0.4112 0.1594 0.0000
vt 0.0780 0.8431 0.0000
vt 0.0834 0.8483 0.0000
vt 0.4244 0.1828 0.0000
vt 0.4244 0.1782 0.0000
vt 0.4579 0.1255 0.0000
vt 0.4525 0.1307 0.0000
vt 0.0580 0.8252 0.0000
vt 0.0642 0.8306 0.0000
vt 0.4387 0.1432 0.0000
vt 0.4325 0.1486 0.0000
vt 0.3865 0.1340 0.0000
vt 0.3825 0.1313 0.0000
vt 0.2201 0.1592 0.0000
vt 0.2201 0.1638 0.0000
vt 0.4716 0.6545 0.0000
vt 0.4746 0.6559 0.0000
vt 0.4708 0.6559 0.0000
vt 0.4655 0.6545 0.0000
vt 0.5781 0.5083 0.0000
vt 0.5808 0.5145 0.0000
vt 0.5826 0.5232 0.0000
vt 0.5809 0.5224 0.0000
vt 0.5813 0.5442 0.0000
vt 0.5789 0.5564 0.0000
vt 0.5840 0.5448 0.0000
vt 0.5833 0.5574 0.0000
vt 0.5883 0.5244 0.0000
vt 0.5903 0.5244 0.0000
vt 0.5900 0.5164 0.0000
vt 0.5930 0.5115 0.0000
vt 0.2390 0.5708 0.0000
vt 0.2371 0.5653 0.0000
vt 0.2371 0.5616 0.0000
vt 0.2390 0.5648 0.0000
vt 0.2371 0.5469 0.0000
vt 0.2390 0.5410 0.0000
vt 0.2342 0.5469 0.0000
vt 0.2343 0.5410 0.0000
vt 0.2309 0.5616 0.0000
vt 0.2290 0.5648 0.0000
vt 0.8447 0.4030 0.0000
vt 0.8459 0.4023 0.0000
vt 0.8459 0.4088 0.0000
vt 0.8447 0.4115 0.0000
vt 0.4042 0.1270 0.0000
vt 0.4021 0.1314 0.0000
vt 0.0069 0.1782 0.0000
vt 0.0081 0.1796 0.0000
vt 0.0081 0.1983 0.0000
vt 0.0069 0.2026 0.0000
vt 0.0115 0.1983 0.0000
vt 0.0114 0.2026 0.0000
vt 0.5471 0.9889 0.0000
vt 0.5514 0.9875 0.0000
vt 0.5701 0.9856 0.0000
vt 0.5715 0.9863 0.0000
vt 0.5746 0.9835 0.0000
vt 0.5773 0.9835 0.0000
vt 0.8666 0.3387 0.0000
vt 0.8707 0.3454 0.0000
vt 0.8692 0.3452 0.0000
vt 0.8547 0.4030 0.0000
vt 0.8535 0.4023 0.0000
vt 0.8494 0.3818 0.0000
vt 0.8493 0.3764 0.0000
vt 0.8459 0.3818 0.0000
vt 0.8447 0.3764 0.0000
vt 0.4702 0.9873 0.0000
vt 0.4706 0.9852 0.0000
vt 0.4769 0.9906 0.0000
vt 0.4795 0.9952 0.0000
vt 0.0503 0.8517 0.0000
vt 0.0530 0.8476 0.0000
vt 0.0556 0.8309 0.0000
vt 0.4437 0.9222 0.0000
vt 0.4494 0.9221 0.0000
vt 0.4494 0.9251 0.0000
vt 0.4437 0.9266 0.0000
vt 0.4661 0.9251 0.0000
vt 0.4683 0.9266 0.0000
vt 0.4275 0.1262 0.0000
vt 0.4248 0.1221 0.0000
vt 0.6452 0.5511 0.0000
vt 0.6436 0.5470 0.0000
vt 0.6436 0.5399 0.0000
vt 0.6452 0.5406 0.0000
vt 0.6436 0.5202 0.0000
vt 0.6452 0.5117 0.0000
vt 0.6405 0.5202 0.0000
vt 0.6406 0.5117 0.0000
vt 0.6369 0.5399 0.0000
vt 0.6352 0.5406 0.0000
vt 0.4480 0.1089 0.0000
vt 0.4462 0.1047 0.0000
vt 0.5940 0.4621 0.0000
vt 0.5921 0.4566 0.0000
vt 0.5921 0.4486 0.0000
vt 0.5940 0.4492 0.0000
vt 0.5921 0.4296 0.0000
vt 0.5940 0.4182 0.0000
vt 0.5894 0.4296 0.0000
vt 0.5896 0.4182 0.0000
vt 0.5863 0.4486 0.0000
vt 0.5845 0.4492 0.0000
vt 0.4965 0.9865 0.0000
vt 0.4973 0.9844 0.0000
vt 0.5043 0.9900 0.0000
vt 0.5080 0.9957 0.0000
vt 0.0717 0.8690 0.0000
vt 0.0735 0.8649 0.0000
vt 0.0754 0.8497 0.0000
vt 0.0115 0.0955 0.0000
vt 0.0116 0.1021 0.0000
vt 0.0088 0.1021 0.0000
vt 0.0069 0.0955 0.0000
vt 0.0088 0.1173 0.0000
vt 0.0069 0.1202 0.0000
vt 0.5862 0.5344 0.0000
vt 0.5834 0.5338 0.0000
vt 0.7558 0.0100 0.0000
vt 0.7560 0.0005 0.0000
vt 0.7594 0.0005 0.0000
vt 0.7594 0.0100 0.0000
vt 0.4829 0.9883 0.0000
vt 0.4930 0.9883 0.0000
vt 0.4930 0.9913 0.0000
vt 0.4829 0.9914 0.0000
vt 0.4226 0.1292 0.0000
vt 0.4301 0.1429 0.0000
vt 0.4200 0.1489 0.0000
vt 0.2445 0.7368 0.0000
vt 0.2445 0.7453 0.0000
vt 0.2417 0.7453 0.0000
vt 0.2418 0.7368 0.0000
vt 0.4438 0.1127 0.0000
vt 0.4499 0.1241 0.0000
vt 0.4415 0.1317 0.0000
vt 0.8730 0.3186 0.0000
vt 0.8718 0.3195 0.0000
vt 0.8687 0.3161 0.0000
vt 0.8736 0.3237 0.0000
vt 0.5709 0.9833 0.0000
vt 0.5681 0.9809 0.0000
vt 0.0481 0.8446 0.0000
vt 0.0505 0.8479 0.0000
vt 0.0693 0.8611 0.0000
vt 0.0715 0.8650 0.0000
vt 0.9672 0.9951 0.0000
vt 0.9715 0.9942 0.0000
vt 0.9755 0.9943 0.0000
vt 0.9719 0.9931 0.0000
vt 0.4068 0.1335 0.0000
vt 0.4044 0.1306 0.0000
vt 0.4250 0.1258 0.0000
vt 0.4229 0.0005 0.0000
vt 0.4269 0.0146 0.0000
vt 0.4338 0.0049 0.0000
vt 0.4329 0.0170 0.0000
vt 0.9590 0.5977 0.0000
vt 0.9703 0.5972 0.0000
vt 0.9700 0.6146 0.0000
vt 0.9592 0.6103 0.0000
vt 0.5986 0.2573 0.0000
vt 0.5964 0.2481 0.0000
vt 0.6108 0.2481 0.0000
vt 0.6102 0.2573 0.0000
vt 0.1476 0.3853 0.0000
vt 0.1476 0.4160 0.0000
vt 0.2548 0.4488 0.0000
vt 0.2376 0.4143 0.0000
vt 0.5931 0.6019 0.0000
vt 0.6102 0.5674 0.0000
vt 0.0894 0.8649 0.0000
vt 0.0894 0.9248 0.0000
vt 0.5460 0.9586 0.0000
vt 0.2926 0.8105 0.0000
vt 0.2887 0.8055 0.0000
vt 0.2910 0.8014 0.0000
vt 0.2968 0.8029 0.0000
vt 0.9399 0.6237 0.0000
vt 0.9425 0.6191 0.0000
vt 0.9523 0.6202 0.0000
vt 0.9489 0.6257 0.0000
vt 0.2861 0.8044 0.0000
vt 0.2884 0.8003 0.0000
vt 0.9425 0.6162 0.0000
vt 0.9473 0.6173 0.0000
vt 0.2501 0.7876 0.0000
vt 0.2515 0.7944 0.0000
vt 0.2391 0.7941 0.0000
vt 0.2354 0.7876 0.0000
vt 0.7970 0.2685 0.0000
vt 0.7899 0.2822 0.0000
vt 0.7828 0.2811 0.0000
vt 0.7905 0.2663 0.0000
vt 0.4176 0.4597 0.0000
vt 0.2797 0.7876 0.0000
vt 0.2763 0.7949 0.0000
vt 0.2639 0.7947 0.0000
vt 0.2649 0.7876 0.0000
vt 0.7858 0.3106 0.0000
vt 0.7812 0.2959 0.0000
vt 0.4205 0.5197 0.0000
vt 0.4211 0.5322 0.0000
vt 0.9843 0.8284 0.0000
vt 0.9763 0.8271 0.0000
vt 0.9717 0.8090 0.0000
vt 0.9804 0.8066 0.0000
vt 0.8024 0.3233 0.0000
vt 0.8023 0.3254 0.0000
vt 0.9735 0.6795 0.0000
vt 0.9653 0.6793 0.0000
vt 0.9664 0.6634 0.0000
vt 0.9732 0.6606 0.0000
vt 0.8105 0.2576 0.0000
vt 0.8054 0.2546 0.0000
vt 0.7822 0.7647 0.0000
vt 0.7696 0.7620 0.0000
vt 0.7554 0.7609 0.0000
vt 0.4050 0.8153 0.0000
vt 0.4007 0.8159 0.0000
vt 0.1556 0.1544 0.0000
vt 0.1545 0.1377 0.0000
vt 0.1556 0.1210 0.0000
vt 0.0433 0.2072 0.0000
vt 0.0496 0.2080 0.0000
vt 0.0453 0.2003 0.0000
vt 0.0496 0.2009 0.0000
vt 0.7818 0.7680 0.0000
vt 0.7692 0.7646 0.0000
vt 0.7549 0.7642 0.0000
vt 0.3974 0.8175 0.0000
vt 0.3941 0.8111 0.0000
vt 0.1477 0.1544 0.0000
vt 0.1460 0.1377 0.0000
vt 0.1477 0.1210 0.0000
vt 0.0387 0.2051 0.0000
vt 0.0419 0.1987 0.0000
vt 0.7812 0.7721 0.0000
vt 0.7688 0.7678 0.0000
vt 0.7543 0.7683 0.0000
vt 0.3932 0.8202 0.0000
vt 0.3880 0.8153 0.0000
vt 0.1366 0.1544 0.0000
vt 0.1338 0.1377 0.0000
vt 0.1366 0.1210 0.0000
vt 0.0326 0.2009 0.0000
vt 0.0378 0.1960 0.0000
vt 0.5354 0.5146 0.0000
vt 0.5225 0.5171 0.0000
vt 0.5083 0.5146 0.0000
vt 0.3877 0.5568 0.0000
vt 0.4044 0.5593 0.0000
vt 0.4211 0.5568 0.0000
vt 0.7871 0.0781 0.0000
vt 0.9544 0.7156 0.0000
vt 0.9562 0.7128 0.0000
vt 0.7511 0.6478 0.0000
vt 0.7599 0.6416 0.0000
vt 0.7599 0.6569 0.0000
vt 0.7503 0.6601 0.0000
vt 0.3474 0.1733 0.0000
vt 0.3240 0.1649 0.0000
vt 0.3202 0.1377 0.0000
vt 0.3345 0.1377 0.0000
vt 0.3240 0.1105 0.0000
vt 0.3474 0.1021 0.0000
vt 0.9033 0.7019 0.0000
vt 0.9018 0.6987 0.0000
vt 0.9108 0.6987 0.0000
vt 0.9087 0.7023 0.0000
vt 0.7622 0.0681 0.0000
vt 0.7647 0.0642 0.0000
vt 0.7687 0.0640 0.0000
vt 0.7712 0.0682 0.0000
vt 0.9463 0.2623 0.0000
vt 0.9429 0.2624 0.0000
vt 0.7771 0.1444 0.0000
vt 0.7805 0.1435 0.0000
vt 0.1138 0.7763 0.0000
vt 0.1224 0.7734 0.0000
vt 0.1212 0.7685 0.0000
vt 0.1130 0.7730 0.0000
vt 0.7495 0.5400 0.0000
vt 0.7526 0.5481 0.0000
vt 0.7519 0.5901 0.0000
vt 0.7511 0.5978 0.0000
vt 0.8082 0.3560 0.0000
vt 0.8053 0.3628 0.0000
vt 0.7921 0.4041 0.0000
vt 0.7876 0.4119 0.0000
vt 0.9734 0.3623 0.0000
vt 0.9656 0.3633 0.0000
vt 0.1128 0.7963 0.0000
vt 0.1084 0.7984 0.0000
vt 0.1091 0.7944 0.0000
vt 0.1115 0.7939 0.0000
vt 0.5447 0.2865 0.0000
vt 0.5473 0.2764 0.0000
vt 0.5589 0.2444 0.0000
vt 0.5665 0.2354 0.0000
vt 0.8829 0.4080 0.0000
vt 0.8856 0.4067 0.0000
vt 0.9370 0.0027 0.0000
vt 0.9336 0.0023 0.0000
vt 0.9337 0.0005 0.0000
vt 0.9370 0.0005 0.0000
vt 0.5568 0.0192 0.0000
vt 0.5527 0.0166 0.0000
vt 0.5535 0.0132 0.0000
vt 0.5626 0.0133 0.0000
vt 0.9653 0.3053 0.0000
vt 0.3656 0.0513 0.0000
vt 0.3721 0.0520 0.0000
vt 0.3726 0.0569 0.0000
vt 0.3665 0.0610 0.0000
vt 0.9630 0.5083 0.0000
vt 0.9526 0.5084 0.0000
vt 0.5590 0.2375 0.0000
vt 0.5625 0.2400 0.0000
vt 0.8888 0.6570 0.0000
vt 0.8903 0.6479 0.0000
vt 0.5471 0.6756 0.0000
vt 0.5528 0.6818 0.0000
vt 0.8842 0.0694 0.0000
vt 0.8913 0.0674 0.0000
vt 0.9907 0.0291 0.0000
vt 0.9968 0.0292 0.0000
vt 0.7208 0.1867 0.0000
vt 0.7134 0.1846 0.0000
vt 0.8681 0.2915 0.0000
vt 0.3115 0.5718 0.0000
vt 0.3140 0.5811 0.0000
vt 0.3143 0.6115 0.0000
vt 0.3116 0.6190 0.0000
vt 0.6225 0.1527 0.0000
vt 0.6257 0.1493 0.0000
vt 0.6578 0.1395 0.0000
vt 0.6666 0.1385 0.0000
vt 0.8982 0.0873 0.0000
vt 0.9021 0.0886 0.0000
vt 0.3217 0.5775 0.0000
vt 0.3181 0.6117 0.0000
vt 0.7224 0.0069 0.0000
vt 0.7364 0.0439 0.0000
vt 0.7010 0.0441 0.0000
vt 0.6987 0.0005 0.0000
vt 0.9584 0.7631 0.0000
vt 0.9205 0.7705 0.0000
vt 0.9082 0.7406 0.0000
vt 0.9453 0.7412 0.0000
vt 0.9173 0.7051 0.0000
vt 0.9449 0.7157 0.0000
vt 0.7461 0.0005 0.0000
vt 0.7668 0.0260 0.0000
vt 0.5853 0.6814 0.0000
vt 0.5654 0.6488 0.0000
vt 0.5729 0.6452 0.0000
vt 0.5891 0.6745 0.0000
vt 0.4831 0.6770 0.0000
vt 0.5102 0.6881 0.0000
vt 0.5062 0.6950 0.0000
vt 0.4766 0.6815 0.0000
vt 0.8599 0.7051 0.0000
vt 0.8587 0.7104 0.0000
vt 0.8487 0.7106 0.0000
vt 0.8447 0.7054 0.0000
vt 0.4526 0.5420 0.0000
vt 0.4258 0.5473 0.0000
vt 0.4419 0.5850 0.0000
vt 0.1948 0.5059 0.0000
vt 0.4515 0.5366 0.0000
vt 0.9699 0.7717 0.0000
vt 0.9728 0.7717 0.0000
vt 0.9741 0.7895 0.0000
vt 0.9668 0.7896 0.0000
vt 0.1879 0.5149 0.0000
vt 0.2104 0.5222 0.0000
vt 0.2699 0.2934 0.0000
vt 0.2301 0.2934 0.0000
vt 0.5856 0.7228 0.0000
vt 0.6253 0.7228 0.0000
vt 0.9018 0.4513 0.0000
vt 0.9241 0.4512 0.0000
vt 0.9241 0.4810 0.0000
vt 0.9018 0.4810 0.0000
vt 0.2696 0.3835 0.0000
vt 0.2310 0.3835 0.0000
vt 0.5865 0.6326 0.0000
vt 0.6251 0.6326 0.0000
vt 0.9196 0.3115 0.0000
vt 0.9196 0.3343 0.0000
vt 0.8891 0.3343 0.0000
vt 0.8891 0.3115 0.0000
vt 0.4733 0.3348 0.0000
vt 0.4715 0.2530 0.0000
vt 0.2039 0.6276 0.0000
vt 0.4889 0.2481 0.0000
vt 0.4952 0.2804 0.0000
vt 0.9709 0.0336 0.0000
vt 0.9828 0.0259 0.0000
vt 0.9977 0.0393 0.0000
vt 0.9754 0.0546 0.0000
vt 0.9568 0.0343 0.0000
vt 0.9526 0.0539 0.0000
vt 0.4434 0.5214 0.0000
vt 0.4267 0.4890 0.0000
vt 0.1583 0.5554 0.0000
vt 0.1616 0.5223 0.0000
vt 0.5773 0.5383 0.0000
vt 0.5517 0.5365 0.0000
vt 0.5773 0.5210 0.0000
vt 0.5499 0.5146 0.0000
vt 0.1534 0.5668 0.0000
vt 0.3474 0.9388 0.0000
vt 0.3442 0.9345 0.0000
vt 0.5403 0.5146 0.0000
vt 0.5400 0.5286 0.0000
vt 0.8524 0.3550 0.0000
vt 0.8478 0.3499 0.0000
vt 0.9615 0.3910 0.0000
vt 0.9551 0.3937 0.0000
vt 0.8707 0.2847 0.0000
vt 0.8717 0.2766 0.0000
vt 0.8780 0.2765 0.0000
vt 0.8798 0.2847 0.0000
vt 0.9654 0.7493 0.0000
vt 0.9590 0.7470 0.0000
vt 0.9590 0.7410 0.0000
vt 0.9654 0.7404 0.0000
vt 0.9590 0.7350 0.0000
vt 0.9654 0.7315 0.0000
vt 0.8976 0.2179 0.0000
vt 0.8980 0.2268 0.0000
vt 0.8921 0.2277 0.0000
vt 0.8889 0.2195 0.0000
vt 0.8878 0.2306 0.0000
vt 0.8828 0.2238 0.0000
vt 0.9742 0.7305 0.0000
vt 0.9742 0.7404 0.0000
vt 0.8882 0.2116 0.0000
vt 0.8980 0.2100 0.0000
vt 0.3653 0.1484 0.0000
vt 0.3742 0.1495 0.0000
vt 0.9463 0.3949 0.0000
vt 0.8701 0.2930 0.0000
vt 0.8804 0.2930 0.0000
vt 0.9742 0.7503 0.0000
vt 0.6344 0.3120 0.0000
vt 0.6357 0.3208 0.0000
vt 0.8721 0.2716 0.0000
vt 0.8764 0.2607 0.0000
vt 0.8782 0.2618 0.0000
vt 0.8756 0.2716 0.0000
vt 0.8003 0.0975 0.0000
vt 0.8099 0.0957 0.0000
vt 0.8099 0.0978 0.0000
vt 0.8028 0.0997 0.0000
vt 0.8099 0.0998 0.0000
vt 0.8053 0.1020 0.0000
vt 0.9613 0.4945 0.0000
vt 0.9566 0.4922 0.0000
vt 0.9577 0.4907 0.0000
vt 0.9613 0.4921 0.0000
vt 0.8402 0.5591 0.0000
vt 0.8385 0.5660 0.0000
vt 0.8384 0.5596 0.0000
vt 0.9526 0.4902 0.0000
vt 0.9533 0.4896 0.0000
vt 0.8510 0.5431 0.0000
vt 0.8283 0.5143 0.0000
vt 0.8260 0.5684 0.0000
vt 0.8170 0.5229 0.0000
vt 0.7959 0.5747 0.0000
vt 0.7687 0.5603 0.0000
vt 0.7517 0.5291 0.0000
vt 0.6821 0.3917 0.0000
vt 0.6888 0.3877 0.0000
vt 0.3762 0.1572 0.0000
vt 0.3732 0.1647 0.0000
vt 0.3623 0.1599 0.0000
vt 0.3635 0.1511 0.0000
vt 0.1465 0.5643 0.0000
vt 0.1491 0.5542 0.0000
vt 0.1528 0.4436 0.0000
vt 0.1569 0.4345 0.0000
vt 0.6905 0.9691 0.0000
vt 0.6856 0.9655 0.0000
vt 0.6854 0.9737 0.0000
vt 0.6789 0.9753 0.0000
vt 0.6811 0.9786 0.0000
vt 0.6733 0.9858 0.0000
vt 0.4724 0.3425 0.0000
vt 0.9590 0.7858 0.0000
vt 0.9611 0.7746 0.0000
vt 0.4973 0.8447 0.0000
vt 0.5001 0.8482 0.0000
vt 0.5011 0.8758 0.0000
vt 0.4968 0.8803 0.0000
vt 0.8653 0.7091 0.0000
vt 0.8622 0.7138 0.0000
vt 0.4933 0.9398 0.0000
vt 0.4877 0.9365 0.0000
vt 0.4884 0.9179 0.0000
vt 0.4937 0.9145 0.0000
vt 0.3694 0.7894 0.0000
vt 0.3652 0.7942 0.0000
vt 0.3551 0.7912 0.0000
vt 0.3539 0.7876 0.0000
vt 0.3464 0.7929 0.0000
vt 0.3433 0.7899 0.0000
vt 0.9742 0.7685 0.0000
vt 0.9706 0.7686 0.0000
vt 0.9599 0.7721 0.0000
vt 0.5781 0.6367 0.0000
vt 0.5818 0.6352 0.0000
vt 0.5853 0.6436 0.0000
vt 0.5824 0.6469 0.0000
vt 0.5885 0.6506 0.0000
vt 0.5863 0.6554 0.0000
vt 0.8171 0.9399 0.0000
vt 0.8284 0.9878 0.0000
vt 0.7915 0.9959 0.0000
vt 0.7960 0.9526 0.0000
vt 0.7558 0.9848 0.0000
vt 0.7715 0.9530 0.0000
vt 0.4245 0.6456 0.0000
vt 0.4523 0.6654 0.0000
vt 0.4509 0.6714 0.0000
vt 0.4194 0.6482 0.0000
vt 0.8709 0.9664 0.0000
vt 0.8447 0.9351 0.0000
vt 0.8782 0.9152 0.0000
vt 0.8937 0.9611 0.0000
vt 0.9163 0.9145 0.0000
vt 0.9161 0.9679 0.0000
vt 0.1909 0.8295 0.0000
vt 0.2260 0.8003 0.0000
vt 0.2286 0.8053 0.0000
vt 0.1963 0.8317 0.0000
vt 0.7557 0.5891 0.0000
vt 0.7559 0.5458 0.0000
vt 0.3645 0.8019 0.0000
vt 0.3374 0.8181 0.0000
vt 0.3348 0.8107 0.0000
vt 0.3568 0.8004 0.0000
vt 0.0135 0.8080 0.0000
vt 0.0068 0.7885 0.0000
vt 0.0378 0.7685 0.0000
vt 0.0361 0.7944 0.0000
vt 0.0729 0.7776 0.0000
vt 0.0626 0.7940 0.0000
vt 0.6381 0.2672 0.0000
vt 0.6369 0.2923 0.0000
vt 0.6289 0.2930 0.0000
vt 0.6337 0.2607 0.0000
vt 0.7432 0.3682 0.0000
vt 0.7640 0.3496 0.0000
vt 0.7765 0.3839 0.0000
vt 0.7497 0.3928 0.0000
vt 0.7716 0.4201 0.0000
vt 0.7432 0.4175 0.0000
vt 0.8955 0.1802 0.0000
vt 0.8955 0.1417 0.0000
vt 0.9354 0.1401 0.0000
vt 0.9320 0.1797 0.0000
vt 0.8979 0.5651 0.0000
vt 0.8974 0.6047 0.0000
vt 0.8574 0.5894 0.0000
vt 0.8663 0.5591 0.0000
vt 0.6561 0.3161 0.0000
vt 0.6502 0.3179 0.0000
vt 0.6251 0.1858 0.0000
vt 0.6533 0.1855 0.0000
vt 0.8737 0.1421 0.0000
vt 0.8257 0.1473 0.0000
vt 0.8337 0.1021 0.0000
vt 0.8778 0.1083 0.0000
vt 0.8272 0.0309 0.0000
vt 0.7685 0.0515 0.0000
vt 0.7798 0.0010 0.0000
vt 0.8293 0.0005 0.0000
vt 0.5817 0.5972 0.0000
vt 0.5878 0.6013 0.0000
vt 0.8248 0.1528 0.0000
vt 0.8256 0.1954 0.0000
vt 0.7749 0.2032 0.0000
vt 0.7952 0.1528 0.0000
vt 0.9459 0.0643 0.0000
vt 0.8955 0.0763 0.0000
vt 0.9113 0.0259 0.0000
vt 0.9459 0.0324 0.0000
vt 0.8806 0.0481 0.0000
vt 0.8805 0.0902 0.0000
vt 0.8257 0.0997 0.0000
vt 0.8501 0.0449 0.0000
vt 0.8025 0.7859 0.0000
vt 0.7939 0.7362 0.0000
vt 0.8482 0.7178 0.0000
vt 0.8403 0.7865 0.0000
vt 0.6608 0.9948 0.0000
vt 0.5972 0.9958 0.0000
vt 0.6341 0.9526 0.0000
vt 0.6736 0.9639 0.0000
vt 0.6797 0.1119 0.0000
vt 0.6875 0.0673 0.0000
vt 0.7435 0.0513 0.0000
vt 0.7143 0.1129 0.0000
vt 0.7787 0.9505 0.0000
vt 0.7051 0.9561 0.0000
vt 0.7251 0.9018 0.0000
vt 0.7793 0.9123 0.0000
vt 0.9086 0.0796 0.0000
vt 0.9000 0.0767 0.0000
vt 0.9653 0.4837 0.0000
vt 0.9653 0.4768 0.0000
vt 0.9730 0.4766 0.0000
vt 0.9730 0.4843 0.0000
vt 0.9671 0.5020 0.0000
vt 0.9711 0.5019 0.0000
vt 0.9722 0.5100 0.0000
vt 0.9653 0.5100 0.0000
vt 0.9272 0.0753 0.0000
vt 0.9304 0.0703 0.0000
vt 0.9344 0.0713 0.0000
vt 0.9402 0.0756 0.0000
vt 0.0116 0.7822 0.0000
vt 0.0068 0.7772 0.0000
vt 0.0100 0.7749 0.0000
vt 0.0185 0.7749 0.0000
vt 0.9794 0.3581 0.0000
vt 0.9717 0.3541 0.0000
vt 0.9719 0.3497 0.0000
vt 0.9781 0.3496 0.0000
vt 0.0513 0.0082 0.0000
vt 0.0576 0.0121 0.0000
vt 0.9725 0.6924 0.0000
vt 0.9687 0.6961 0.0000
vt 0.9654 0.6972 0.0000
vt 0.8828 0.1746 0.0000
vt 0.8906 0.1764 0.0000
vt 0.9083 0.3781 0.0000
vt 0.9174 0.3768 0.0000
vt 0.8918 0.3369 0.0000
vt 0.8891 0.3450 0.0000
vt 0.9082 0.2782 0.0000
vt 0.9417 0.2373 0.0000
vt 0.8828 0.2926 0.0000
vt 0.8897 0.2906 0.0000
vt 0.9482 0.9780 0.0000
vt 0.9463 0.9856 0.0000
vt 0.5595 0.9502 0.0000
vt 0.5579 0.9629 0.0000
vt 0.5506 0.9749 0.0000
vt 0.5354 0.8165 0.0000
vt 0.5354 0.8087 0.0000
vt 0.1800 0.2074 0.0000
vt 0.1800 0.1997 0.0000
vt 0.9659 0.2908 0.0000
vt 0.9472 0.2866 0.0000
vt 0.9463 0.2748 0.0000
vt 0.9669 0.2812 0.0000
vt 0.9529 0.2671 0.0000
vt 0.9712 0.2729 0.0000
vt 0.9011 0.4067 0.0000
vt 0.9207 0.4102 0.0000
vt 0.9219 0.4248 0.0000
vt 0.9001 0.4190 0.0000
vt 0.9146 0.4349 0.0000
vt 0.8955 0.4295 0.0000
vt 0.2743 0.1622 0.0000
vt 0.2652 0.1707 0.0000
vt 0.3997 0.9719 0.0000
vt 0.3875 0.9719 0.0000
vt 0.7096 0.8743 0.0000
vt 0.8073 0.5081 0.0000
vt 0.8048 0.5074 0.0000
vt 0.8060 0.4822 0.0000
vt 0.8094 0.4833 0.0000
vt 0.0092 0.8130 0.0000
vt 0.0109 0.8169 0.0000
vt 0.0080 0.8213 0.0000
vt 0.0068 0.8213 0.0000
vt 0.0098 0.8271 0.0000
vt 0.0108 0.8278 0.0000
vt 0.0131 0.8222 0.0000
vt 0.0153 0.8231 0.0000
vt 0.2571 0.1592 0.0000
vt 0.2768 0.1592 0.0000
vt 0.0446 0.0094 0.0000
vt 0.0456 0.0207 0.0000
vt 0.0471 0.0276 0.0000
vt 0.0469 0.0527 0.0000
vt 0.0527 0.0290 0.0000
vt 0.0521 0.0555 0.0000
vt 0.0648 0.0276 0.0000
vt 0.0672 0.0561 0.0000
vt 0.9563 0.0934 0.0000
vt 0.9572 0.0737 0.0000
vt 0.0629 0.0207 0.0000
vt 0.3652 0.9056 0.0000
vt 0.3627 0.9033 0.0000
vt 0.9707 0.1035 0.0000
vt 0.9526 0.1152 0.0000
vt 0.9552 0.0980 0.0000
vt 0.8112 0.0788 0.0000
vt 0.9084 0.7051 0.0000
vt 0.9083 0.7121 0.0000
vt 0.8039 0.0783 0.0000
vt 0.7980 0.0783 0.0000
vt 0.3619 0.9963 0.0000
vt 0.3560 0.9963 0.0000
vt 0.7915 0.0780 0.0000
vt 0.7495 0.0449 0.0000
vt 0.7495 0.0493 0.0000
vt 0.3906 0.4697 0.0000
vt 0.3978 0.4697 0.0000
vt 0.3976 0.4822 0.0000
vt 0.3900 0.4822 0.0000
vt 0.3973 0.4947 0.0000
vt 0.3894 0.4947 0.0000
vt 0.3970 0.5072 0.0000
vt 0.3888 0.5072 0.0000
vt 0.4067 0.5072 0.0000
vt 0.4199 0.5072 0.0000
vt 0.4065 0.4947 0.0000
vt 0.4194 0.4947 0.0000
vt 0.4062 0.4822 0.0000
vt 0.4188 0.4822 0.0000
vt 0.4059 0.4697 0.0000
vt 0.4182 0.4697 0.0000
vt 0.9231 0.9838 0.0000
vt 0.9229 0.9944 0.0000
vt 0.9289 0.9826 0.0000
vt 0.9287 0.9937 0.0000
vt 0.8134 0.3256 0.0000
vt 0.8148 0.3199 0.0000
vt 0.8154 0.2824 0.0000
vt 0.8159 0.2699 0.0000
vt 0.8174 0.2574 0.0000
vt 0.8171 0.2544 0.0000
vt 0.8574 0.9949 0.0000
vt 0.8580 0.9832 0.0000
vt 0.8635 0.9843 0.0000
vt 0.8629 0.9953 0.0000
vt 0.8044 0.5890 0.0000
vt 0.7948 0.5839 0.0000
vt 0.7841 0.5862 0.0000
vt 0.7802 0.5914 0.0000
vt 0.7717 0.5881 0.0000
vt 0.7838 0.6000 0.0000
vt 0.7921 0.6029 0.0000
vt 0.7921 0.6030 0.0000
vt 0.8001 0.6023 0.0000
vt 0.8065 0.5953 0.0000
vt 0.8067 0.5951 0.0000
vt 0.8155 0.5942 0.0000
vt 0.3603 0.0146 0.0000
vt 0.3626 0.0005 0.0000
vt 0.3626 0.0288 0.0000
vt 0.2758 0.4666 0.0000
vt 0.6312 0.5496 0.0000
vt 0.1343 0.7606 0.0000
vt 0.0703 0.0146 0.0000
vt 0.0703 0.0058 0.0000
vt 0.0703 0.0235 0.0000
vt 0.2662 0.7589 0.0000
vt 0.6217 0.2573 0.0000
vt 0.0830 0.5802 0.0000
vt 0.0830 0.5847 0.0000
vt 0.0830 0.5893 0.0000
vt 0.0830 0.5934 0.0000
vt 0.0830 0.5986 0.0000
vt 0.0903 0.7606 0.0000
vt 0.5841 0.9957 0.0000
vt 0.5504 0.9926 0.0000
vt 0.5909 0.3638 0.0000
vt 0.5908 0.3280 0.0000
vt 0.5948 0.3252 0.0000
vt 0.5963 0.3490 0.0000
vt 0.9188 0.0081 0.0000
vt 0.9294 0.0133 0.0000
vt 0.9086 0.0115 0.0000
vt 0.9041 0.0090 0.0000
vt 0.9574 0.9907 0.0000
vt 0.9463 0.9948 0.0000
vt 0.4097 0.1540 0.0000
vt 0.4001 0.1502 0.0000
vt 0.5476 0.9780 0.0000
vt 0.0455 0.8249 0.0000
vt 0.0670 0.8420 0.0000
vt 0.0068 0.2161 0.0000
vt 0.3969 0.1679 0.0000
vt 0.5799 0.5737 0.0000
vt 0.5337 0.9907 0.0000
vt 0.8447 0.3623 0.0000
vt 0.0399 0.8003 0.0000
vt 0.6452 0.4956 0.0000
vt 0.4144 0.1735 0.0000
vt 0.0068 0.0830 0.0000
vt 0.0807 0.8306 0.0000
vt 0.4067 0.1782 0.0000
vt 0.4552 0.1432 0.0000
vt 0.4313 0.9267 0.0000
vt 0.0611 0.8128 0.0000
vt 0.5941 0.4004 0.0000
vt 0.4356 0.1609 0.0000
vt 0.2390 0.5273 0.0000
vt 0.3845 0.1477 0.0000
vt 0.2366 0.1592 0.0000
vt 0.5928 0.3115 0.0000
vt 0.4721 0.7189 0.0000
vt 0.5020 0.7074 0.0000
vt 0.5086 0.7421 0.0000
vt 0.4739 0.7281 0.0000
vt 0.4901 0.7584 0.0000
vt 0.4690 0.7324 0.0000
vt 0.4486 0.7584 0.0000
vt 0.4580 0.7324 0.0000
vt 0.4168 0.7317 0.0000
vt 0.4497 0.7253 0.0000
vt 0.4487 0.7189 0.0000
vt 0.2401 0.8855 0.0000
vt 0.2246 0.8574 0.0000
vt 0.2329 0.8914 0.0000
vt 0.1973 0.8798 0.0000
vt 0.2339 0.8978 0.0000
vt 0.2010 0.9042 0.0000
vt 0.2423 0.9048 0.0000
vt 0.2328 0.9309 0.0000
vt 0.2532 0.9048 0.0000
vt 0.2581 0.9005 0.0000
vt 0.2743 0.9309 0.0000
vt 0.4323 0.0314 0.0000
vt 0.4320 0.0312 0.0000
vt 0.4320 0.0317 0.0000
vt 0.4316 0.0320 0.0000
vt 0.4312 0.0317 0.0000
vt 0.4311 0.0314 0.0000
vt 0.4316 0.0309 0.0000
vt 0.1918 0.2711 0.0000
# 4451 texture coords

o Choco_Creature
g Choco_Creature
usemtl wire_135059008
s 1
f 1/1/1 2/2/2 3/3/3 4/4/4 
f 4/5/4 3/6/3 5/7/5 6/8/6 
f 6/9/6 5/10/5 7/11/7 8/12/8 
f 9/13/9 10/14/10 11/15/11 12/16/12 
f 13/17/13 14/18/14 15/19/15 16/20/16 
f 16/20/16 15/19/15 17/21/17 10/22/10 
f 10/22/10 17/21/17 18/23/18 11/24/11 
f 19/25/19 20/26/20 21/27/21 22/28/22 
f 23/29/23 24/30/24 25/31/25 
f 23/29/23 26/32/26 24/30/24 
f 23/29/23 27/33/27 26/32/26 
f 23/29/23 28/34/28 27/33/27 
f 23/29/23 29/35/29 28/34/28 
f 23/29/23 30/36/30 29/35/29 
s off
f 31/37/31 32/38/32 33/39/33 34/40/34 
f 32/41/32 35/42/35 36/43/36 33/44/33 
f 35/45/35 1/1/1 37/46/37 36/47/36 
f 1/1/1 4/4/4 38/48/38 37/46/37 
f 4/5/4 6/8/6 39/49/39 38/50/38 
f 6/9/6 8/12/8 40/51/40 39/52/39 
f 34/53/34 33/54/33 41/55/41 42/56/42 
f 33/54/33 36/57/36 43/58/43 41/55/41 
f 36/57/36 37/59/37 44/60/44 43/58/43 
f 37/59/37 38/61/38 45/62/45 44/60/44 
f 38/61/38 39/63/39 46/64/46 45/62/45 
f 39/63/39 40/65/40 47/66/47 46/64/46 
s 1
f 48/67/48 49/68/49 50/69/50 
f 50/70/50 49/71/49 51/72/51 
f 51/73/51 49/74/49 52/75/52 
f 52/75/52 49/74/49 53/76/53 
f 53/77/53 49/78/49 54/79/54 
f 54/80/54 49/81/49 55/82/55 
s off
f 56/83/56 57/84/57 58/85/58 59/86/59 
f 57/84/57 60/87/60 61/88/61 58/85/58 
f 60/87/60 62/89/62 63/90/63 61/88/61 
f 62/89/62 64/91/64 65/92/65 63/90/63 
f 64/91/64 66/93/66 67/94/67 65/92/65 
f 66/93/66 68/95/68 69/96/69 67/94/67 
f 70/97/70 71/98/71 72/99/72 73/100/73 
f 71/101/71 74/102/74 75/103/75 72/104/72 
f 74/102/74 76/105/76 77/106/77 75/103/75 
f 76/105/76 78/107/78 79/108/79 77/106/77 
f 73/100/73 72/99/72 80/109/80 81/110/81 
f 72/104/72 75/103/75 82/111/82 80/112/80 
f 75/103/75 77/106/77 12/16/12 82/111/82 
f 77/106/77 79/108/79 9/13/9 12/16/12 
f 21/113/21 20/114/20 83/115/83 84/116/84 
f 20/117/20 85/118/85 86/119/86 83/120/83 
f 85/118/85 18/121/18 87/122/87 86/119/86 
f 18/121/18 17/123/17 88/124/88 87/122/87 
f 17/125/17 15/126/15 89/127/89 88/128/88 
f 15/126/15 14/129/14 90/130/90 91/131/91 89/127/89 
f 84/132/84 83/133/83 92/133/92 93/132/93 
f 83/133/83 86/134/86 94/134/94 92/133/92 
f 86/134/86 87/135/87 95/135/95 94/134/94 
f 87/136/87 88/137/88 96/137/96 95/136/95 
f 88/137/88 89/138/89 97/138/97 96/137/96 
f 91/138/91 97/138/97 89/138/89 
f 98/139/98 99/140/99 100/141/100 101/142/101 
f 99/140/99 102/143/102 103/144/103 100/141/100 
f 104/145/104 105/146/105 106/147/106 107/148/107 
f 105/146/105 108/149/108 109/150/109 106/147/106 
f 110/151/110 111/152/111 7/11/7 5/10/5 
f 112/153/112 113/154/113 114/155/114 115/156/115 
f 113/154/113 116/157/116 117/158/117 114/155/114 
f 116/159/116 118/160/118 119/161/119 117/162/117 
f 118/163/118 120/164/120 121/165/121 119/166/119 
f 122/167/122 123/168/123 124/169/124 125/170/73 
f 123/168/123 126/171/125 127/172/126 124/169/124 
f 128/173/127 129/174/128 130/175/129 131/176/130 
f 132/177/131 133/178/132 134/179/133 135/180/134 
f 133/178/132 136/181/135 137/182/136 134/179/133 
f 138/183/137 139/184/77 140/185/138 141/186/139 
f 139/184/77 142/187/140 143/188/141 140/185/138 
f 144/189/142 145/190/143 146/191/144 147/192/145 
f 145/190/143 148/193/146 149/194/147 146/191/144 
f 148/195/146 150/196/148 151/197/149 149/198/147 
f 150/196/148 152/199/150 153/200/151 151/197/149 
f 152/201/150 154/202/152 155/203/153 153/204/151 
f 156/205/154 157/206/155 158/207/156 159/208/157 
f 160/209/158 161/210/159 162/211/160 163/212/161 
f 164/213/162 165/214/163 166/215/164 167/216/165 
f 168/217/166 169/218/167 170/219/168 171/220/169 
f 167/221/165 166/222/164 29/35/29 30/36/30 
f 171/223/169 170/224/168 25/31/25 24/30/24 
s 1
f 172/225/170 76/105/76 74/102/74 173/226/171 
f 173/227/171 74/228/74 71/229/71 174/230/172 
s off
f 175/231/173 176/232/174 177/233/175 178/234/176 
f 179/235/177 180/236/178 181/237/179 182/238/180 
s 1
f 183/239/181 172/225/170 184/240/182 
s off
f 185/241/183 186/242/184 187/243/185 188/244/186 
f 189/245/187 190/246/188 191/247/189 192/248/190 
f 193/249/191 194/250/192 195/251/193 196/252/194 
f 194/253/192 197/254/195 198/255/196 195/256/193 
f 196/252/194 195/251/193 199/257/197 200/258/198 
f 195/256/193 198/255/196 201/259/199 199/260/197 
f 202/261/200 200/262/198 203/263/201 204/264/202 
f 200/258/198 199/257/197 205/265/203 203/266/201 
f 199/260/197 201/259/199 206/267/204 205/268/203 
f 201/269/199 202/270/200 204/271/202 206/272/204 
f 207/273/205 208/274/206 190/275/188 189/276/187 
f 208/277/206 209/278/207 191/279/189 190/280/188 
f 209/281/207 210/282/208 192/283/190 191/284/189 
f 210/285/208 207/286/205 189/287/187 192/288/190 
f 211/289/209 212/290/210 213/291/211 214/292/212 
f 215/293/213 216/294/214 217/295/215 218/296/216 
f 216/297/214 219/298/217 220/299/218 217/300/215 
f 219/301/217 221/302/219 222/303/220 220/304/218 
f 221/305/219 215/306/213 218/307/216 222/308/220 
f 218/296/216 217/295/215 223/309/221 224/310/222 
f 217/300/215 220/299/218 225/311/223 223/312/221 
f 220/313/218 222/314/220 226/315/224 225/316/223 
f 222/308/220 218/307/216 224/317/222 226/318/224 
f 224/310/222 223/309/221 227/319/225 228/320/226 
f 223/312/221 225/311/223 229/321/227 227/322/225 
f 225/323/223 226/324/224 230/325/228 229/326/227 
f 226/318/224 224/317/222 228/327/226 230/328/228 
f 228/320/226 227/319/225 212/329/210 211/330/209 
f 227/322/225 229/321/227 213/331/211 212/332/210 
f 229/326/227 230/325/228 214/333/212 213/334/211 
f 230/328/228 228/327/226 211/335/209 214/336/212 
f 231/337/229 232/338/230 233/339/231 234/340/232 
f 232/341/230 235/342/233 236/343/234 233/344/231 
f 235/342/233 237/345/235 238/346/236 236/343/234 
f 237/347/235 231/348/229 234/349/232 238/350/236 
f 234/351/232 233/352/231 239/353/237 240/354/238 
f 233/344/231 236/343/234 241/355/239 239/356/237 
f 236/343/234 238/346/236 242/357/240 241/355/239 
f 238/350/236 234/349/232 240/358/238 242/359/240 
f 240/360/238 239/361/237 243/362/241 244/363/242 
f 239/356/237 241/355/239 245/364/243 243/365/241 
f 241/355/239 242/357/240 246/366/244 245/364/243 
f 242/359/240 240/358/238 244/367/242 246/368/244 
f 244/369/242 243/370/241 247/371/245 248/372/246 
f 243/373/241 245/374/243 249/375/247 247/376/245 
f 245/374/243 246/377/244 250/378/248 249/375/247 
f 246/368/244 244/367/242 248/379/246 250/380/248 
f 251/381/249 252/382/250 253/383/251 254/384/252 
f 255/385/253 252/386/250 256/387/254 257/388/255 
f 252/386/250 258/389/256 259/390/257 256/387/254 
f 260/391/258 255/385/253 257/388/255 261/392/259 
f 262/393/260 253/394/251 263/395/261 264/396/262 
f 265/397/263 266/398/264 267/399/265 268/400/266 
f 269/401/267 270/402/268 271/403/269 272/404/270 
f 273/405/271 274/406/272 275/407/273 276/408/274 
f 277/409/275 278/410/276 279/411/277 280/412/278 
f 281/413/279 282/414/280 283/415/281 284/416/282 
f 285/417/283 286/418/284 287/419/285 288/420/286 
f 266/421/264 265/422/263 289/423/287 290/424/288 
f 291/425/289 292/426/290 293/427/291 294/428/292 
f 295/429/293 296/430/294 297/431/295 298/432/296 
f 299/433/297 300/434/298 301/435/299 302/436/300 
f 300/437/298 303/438/301 304/439/302 301/440/299 
f 303/441/301 305/442/303 306/443/304 304/444/302 
f 305/445/303 299/446/297 302/447/300 306/448/304 
f 302/449/300 301/450/299 307/451/305 308/452/306 
f 301/440/299 304/439/302 309/453/307 307/454/305 
f 304/455/302 306/456/304 310/457/308 309/458/307 
f 306/459/304 302/460/300 308/461/306 310/462/308 
f 308/452/306 307/451/305 311/463/309 312/464/310 
f 307/454/305 309/453/307 313/465/311 311/466/309 
f 309/467/307 310/468/308 314/469/312 313/470/311 
f 310/471/308 308/472/306 312/473/310 314/474/312 
f 312/475/310 311/476/309 315/477/313 316/478/314 
f 311/479/309 313/480/311 317/481/315 315/482/313 
f 313/483/311 314/484/312 318/485/316 317/486/315 
f 314/487/312 312/488/310 316/489/314 318/490/316 
f 319/491/317 320/492/318 321/493/319 322/494/320 
f 320/495/318 264/396/262 323/496/321 321/497/319 
f 264/396/262 263/395/261 324/498/322 323/496/321 
f 263/499/261 319/500/317 322/501/320 324/502/322 
f 322/494/320 321/493/319 325/503/323 326/504/324 
f 321/497/319 323/496/321 327/505/325 325/506/323 
f 323/496/321 324/498/322 328/507/326 327/505/325 
f 324/502/322 322/501/320 326/508/324 328/509/326 
f 326/504/324 325/503/323 329/510/327 330/511/328 
f 325/506/323 327/505/325 331/512/329 329/513/327 
f 327/505/325 328/507/326 332/514/330 331/512/329 
f 328/509/326 326/508/324 330/515/328 332/516/330 
f 330/511/328 329/510/327 333/517/331 334/518/332 
f 329/519/327 331/520/329 335/521/333 333/522/331 
f 331/512/329 332/514/330 336/523/334 335/524/333 
f 332/516/330 330/515/328 334/525/332 336/526/334 
f 337/527/335 338/528/336 339/529/337 340/530/338 
f 338/531/336 341/532/339 342/533/340 339/534/337 
f 341/535/339 343/536/341 344/537/342 342/538/340 
f 343/539/341 337/540/335 340/541/338 344/542/342 
f 340/530/338 339/529/337 345/543/343 346/544/344 
f 339/534/337 342/533/340 347/545/345 345/546/343 
f 342/538/340 344/537/342 348/547/346 347/548/345 
f 344/542/342 340/541/338 346/549/344 348/550/346 
f 346/544/344 345/543/343 349/551/347 350/552/348 
f 345/546/343 347/545/345 351/553/349 349/554/347 
f 347/548/345 348/547/346 352/555/350 351/556/349 
f 348/550/346 346/549/344 350/557/348 352/558/350 
f 350/552/348 349/551/347 353/559/351 354/560/352 
f 349/554/347 351/553/349 355/561/353 353/562/351 
f 351/556/349 352/555/350 356/563/354 355/564/353 
f 352/558/350 350/557/348 354/565/352 356/566/354 
f 284/416/282 283/415/281 357/567/355 358/568/356 
f 283/569/281 288/570/286 359/571/357 357/572/355 
f 288/420/286 287/419/285 360/573/358 359/574/357 
f 287/575/285 284/576/282 358/577/356 360/578/358 
f 358/568/356 357/567/355 361/579/359 362/580/360 
f 357/572/355 359/571/357 363/581/361 361/582/359 
f 359/574/357 360/573/358 364/583/362 363/584/361 
f 360/578/358 358/577/356 362/585/360 364/586/362 
f 362/580/360 361/579/359 365/587/363 366/588/364 
f 361/582/359 363/581/361 367/589/365 365/590/363 
f 363/584/361 364/583/362 368/591/366 367/592/365 
f 364/586/362 362/585/360 366/593/364 368/594/366 
f 366/595/364 365/596/363 270/597/268 269/598/267 
f 365/590/363 367/589/365 271/599/269 270/600/268 
f 367/601/365 368/602/366 272/603/270 271/604/269 
f 368/594/366 366/593/364 269/605/267 272/606/270 
f 290/424/288 289/423/287 369/607/367 370/608/368 
f 289/423/287 294/609/292 371/610/369 369/607/367 
f 294/428/292 293/427/291 372/611/370 371/612/369 
f 293/427/291 290/613/288 370/614/368 372/611/370 
f 369/615/367 371/616/369 373/617/371 374/618/372 
f 371/619/369 372/620/370 375/621/373 373/622/371 
f 376/623/374 374/624/372 377/625/375 378/626/376 
f 374/627/372 373/628/371 379/629/377 377/630/375 
f 373/631/371 375/632/373 380/633/378 379/634/377 
f 375/632/373 376/635/374 378/636/376 380/633/378 
f 377/637/375 379/638/377 275/639/273 274/640/272 
f 379/641/377 380/642/378 276/643/274 275/644/273 
f 298/432/296 297/431/295 381/645/379 382/646/380 
f 297/647/295 383/648/381 384/649/382 381/650/379 
f 383/651/381 385/652/383 386/653/384 384/654/382 
f 385/655/383 298/656/296 382/657/380 386/658/384 
f 382/646/380 381/645/379 387/659/385 388/660/386 
f 381/650/379 384/649/382 389/661/387 387/662/385 
f 384/654/382 386/653/384 390/663/388 389/664/387 
f 386/658/384 382/657/380 388/665/386 390/666/388 
f 388/660/386 387/659/385 391/667/389 392/668/390 
f 387/662/385 389/661/387 393/669/391 391/670/389 
f 389/664/387 390/663/388 394/671/392 393/672/391 
f 390/666/388 388/665/386 392/673/390 394/674/392 
f 392/668/390 391/667/389 278/675/276 277/676/275 
f 391/670/389 393/669/391 279/677/277 278/678/276 
f 393/672/391 394/671/392 280/679/278 279/680/277 
f 394/674/392 392/673/390 277/681/275 280/682/278 
f 395/683/393 396/684/394 397/685/395 398/686/396 
f 399/687/397 400/688/398 401/689/399 402/690/400 
f 400/691/398 155/692/153 403/693/401 401/694/399 
f 155/692/153 154/695/152 404/696/402 403/693/401 
f 154/695/152 395/697/393 398/698/396 404/696/402 
f 405/699/403 404/700/402 406/701/404 407/702/405 
f 404/696/402 398/698/396 408/703/406 406/704/404 
f 398/686/396 397/685/395 409/705/407 408/706/406 
f 397/707/395 405/708/403 407/709/405 409/710/407 
f 404/711/402 405/712/403 157/713/155 156/714/154 
f 405/715/403 410/716/408 158/717/156 157/718/155 
f 410/719/408 403/720/401 159/721/157 158/722/156 
f 403/693/401 404/696/402 156/723/154 159/724/157 
f 403/725/401 410/726/408 411/727/409 412/728/410 
f 410/729/408 402/730/400 413/731/411 411/732/409 
f 402/690/400 401/689/399 414/733/412 413/734/411 
f 401/694/399 403/693/401 412/735/410 414/736/412 
f 415/737/124 416/738/413 417/739/73 418/740/73 
f 419/741/414 138/742/137 416/738/413 415/737/124 
f 420/743/415 139/184/77 138/183/137 419/744/414 
f 421/745/416 142/187/140 139/184/77 420/743/415 
f 422/746/133 423/747/417 142/748/140 421/749/416 
f 424/750/136 425/751/136 423/747/417 422/746/133 
f 104/145/104 107/148/107 426/752/418 427/753/419 
f 132/177/131 135/180/134 428/754/420 429/755/421 
f 419/741/414 127/172/126 430/756/422 431/757/423 
f 126/171/125 103/144/103 432/758/424 433/759/425 
f 429/755/421 428/754/420 434/760/426 435/761/427 
f 431/757/423 430/756/422 436/762/428 437/763/429 
f 438/764/430 439/765/431 440/766/432 441/767/433 
f 439/765/431 442/768/434 443/769/435 440/766/432 
f 435/761/427 434/760/426 444/770/436 445/771/437 
f 446/772/438 447/773/439 448/774/440 449/775/441 
f 447/773/439 437/776/429 450/777/442 448/774/440 
f 437/763/429 436/762/428 451/778/443 450/779/442 
f 100/141/100 123/168/123 122/167/122 101/142/101 
f 103/144/103 126/171/125 123/168/123 100/141/100 
f 106/147/106 133/178/132 132/177/131 107/148/107 
f 109/150/109 136/181/135 133/178/132 106/147/106 
f 107/148/107 132/177/131 429/755/421 426/752/418 
f 103/144/103 102/143/102 452/780/444 432/758/424 
f 124/169/124 415/737/124 418/740/73 125/170/73 
f 127/172/126 419/741/414 415/737/124 124/169/124 
f 130/175/129 453/781/445 454/782/446 131/176/130 
f 134/179/133 422/746/133 421/749/416 135/180/134 
f 137/182/136 424/750/136 422/746/133 134/179/133 
f 135/180/134 421/749/416 455/783/447 428/754/420 
f 127/172/126 126/171/125 433/759/425 430/756/422 
f 428/754/420 455/783/447 446/784/438 434/760/426 
f 430/756/422 433/759/425 456/785/448 436/762/428 
f 434/760/426 446/784/438 449/786/441 444/770/436 
f 436/762/428 456/785/448 457/787/449 451/778/443 
f 458/788/450 445/771/437 459/789/451 460/790/452 
f 445/771/437 444/770/436 461/791/453 459/789/451 
f 444/770/436 449/786/441 462/792/454 461/791/453 
f 450/779/442 451/778/443 463/793/455 464/794/456 
f 451/778/443 457/787/449 465/795/457 463/793/455 
f 459/789/451 461/791/453 466/796/453 467/797/458 
f 461/791/453 462/792/454 468/798/459 466/796/453 
f 464/794/456 463/793/455 469/799/455 470/800/460 
f 463/793/455 465/795/457 471/801/461 469/799/455 
f 467/797/458 466/796/453 472/802/453 473/803/462 
f 466/796/453 468/798/459 474/804/463 472/802/453 
f 470/800/460 469/799/455 475/805/455 476/806/464 
f 469/799/455 471/801/461 477/807/465 475/805/455 
f 473/803/462 472/802/453 478/808/466 479/809/467 
f 472/802/453 474/804/463 480/810/468 478/808/466 
f 476/806/464 475/805/455 481/811/469 482/812/470 
f 475/805/455 477/807/465 483/813/471 481/811/469 
f 484/814/472 485/815/473 486/816/474 487/817/475 
f 485/815/473 488/818/476 489/819/477 486/816/474 
f 488/820/476 490/821/478 491/822/479 489/823/477 
f 490/821/478 479/809/467 492/824/480 491/822/479 
f 479/809/467 478/808/466 493/825/481 492/824/480 
f 478/808/466 480/810/468 494/826/482 493/825/481 
f 495/827/483 496/828/484 497/829/485 
f 495/827/483 498/830/486 496/828/484 
f 482/812/470 481/811/469 499/831/487 500/832/488 
f 481/811/469 483/813/471 501/833/489 499/831/487 
f 483/813/471 502/834/490 503/835/491 501/833/489 
f 502/834/490 484/836/472 487/837/475 503/835/491 
f 504/838/492 505/839/493 506/840/494 507/841/495 
f 505/839/493 508/842/496 509/843/497 506/840/494 
f 510/844/498 511/845/499 512/846/500 513/847/501 
f 511/845/499 514/848/502 515/849/503 512/846/500 
f 516/850/504 517/851/505 518/852/506 519/853/507 
f 517/854/505 520/855/508 521/856/509 518/857/506 
f 520/855/508 507/841/495 522/858/510 521/856/509 
f 507/841/495 506/840/494 523/859/511 522/858/510 
f 506/840/494 509/843/497 524/860/512 523/859/511 
f 509/861/497 525/862/513 526/863/514 524/864/512 
f 525/862/513 513/865/501 527/866/515 526/863/514 
f 513/847/501 512/846/500 528/867/516 527/868/515 
f 512/846/500 515/849/503 529/869/517 528/867/516 
f 515/849/503 530/870/518 531/871/519 529/869/517 
f 530/870/518 532/872/520 533/873/521 531/871/519 
f 522/858/510 523/859/511 130/874/129 129/875/128 
f 523/859/511 524/860/512 453/876/445 130/874/129 
f 527/868/515 528/867/516 534/877/522 535/878/523 
f 528/867/516 529/869/517 536/879/524 534/877/522 
f 537/880/525 538/881/526 539/882/527 540/883/528 
f 541/884/529 542/885/530 543/886/531 544/887/532 
f 536/879/524 541/884/529 545/888/533 546/889/534 
f 538/881/526 128/890/127 547/891/535 548/892/536 
f 128/890/127 131/893/130 549/894/537 550/895/538 
f 534/877/522 536/879/524 551/896/539 552/897/540 
f 131/893/130 454/898/446 553/899/541 554/900/542 
f 454/901/446 535/902/523 555/903/543 553/904/541 
f 535/878/523 534/877/522 556/905/544 555/906/543 
f 550/895/538 549/894/537 557/907/545 558/908/546 
f 552/897/540 551/896/539 559/909/547 560/910/548 
f 554/900/542 553/899/541 561/911/549 562/912/550 
f 553/904/541 555/903/543 563/913/551 561/914/549 
f 555/906/543 556/905/544 564/915/552 563/916/551 
f 540/883/528 539/882/527 565/917/553 566/918/554 
f 544/887/532 543/886/531 567/919/555 568/920/556 
f 546/889/534 545/888/533 569/921/557 570/922/558 
f 548/892/536 547/891/535 571/923/559 572/924/560 
f 539/882/527 538/881/526 573/925/561 574/926/562 
f 538/881/526 548/892/536 575/927/563 573/925/561 
f 548/928/536 572/929/560 576/930/564 575/931/563 
f 572/929/560 569/932/557 577/933/565 576/930/564 
f 569/932/557 545/934/533 578/935/566 577/933/565 
f 545/936/533 541/937/529 579/938/567 578/939/566 
f 541/940/529 544/941/532 580/942/568 579/943/567 
f 544/941/532 568/944/556 581/945/569 580/942/568 
f 568/944/556 565/946/553 582/947/570 581/945/569 
f 565/917/553 539/882/527 574/926/562 582/948/570 
f 547/891/535 128/890/127 583/949/571 584/950/572 
f 128/890/127 550/895/538 585/951/573 583/949/571 
f 550/952/538 558/953/546 586/954/574 585/955/573 
f 558/953/546 559/956/547 587/957/575 586/954/574 
f 559/956/547 551/958/539 588/959/576 587/957/575 
f 551/958/539 536/960/524 589/961/577 588/959/576 
f 536/962/524 546/963/534 590/964/578 589/965/577 
f 546/963/534 570/966/558 591/967/579 590/964/578 
f 570/966/558 571/968/559 592/969/580 591/967/579 
f 571/968/559 547/970/535 584/971/572 592/969/580 
f 549/894/537 131/893/130 593/972/581 594/973/582 
f 131/893/130 554/900/542 595/974/583 593/972/581 
f 562/975/550 564/976/552 596/977/584 597/978/585 
f 556/979/544 534/980/522 598/981/586 599/982/587 
f 534/983/522 552/984/540 600/985/588 598/986/586 
f 560/987/548 557/988/545 601/989/589 602/990/590 
f 532/991/520 516/992/504 603/993/591 604/994/592 
f 516/995/504 519/996/507 605/997/593 603/998/591 
f 533/873/521 532/872/520 604/999/592 606/1000/594 
f 603/998/591 605/997/593 607/1001/595 608/1002/596 
f 606/1000/594 604/999/592 609/1003/597 610/1004/598 
f 610/1005/598 607/1006/595 611/1007/599 612/1008/600 
f 540/1009/528 566/1010/554 613/1011/601 614/1012/602 
f 566/1010/554 567/1013/555 615/1014/603 613/1011/601 
f 612/1015/600 611/1016/599 616/1017/604 617/1018/605 
f 611/1019/599 618/1020/606 619/1021/607 616/1022/604 
s 1
f 620/1023/608 613/1024/601 615/1025/603 621/1026/609 
s 2
f 581/1027/569 582/1028/570 576/1029/564 577/1030/565 
s off
f 578/1031/566 579/1032/567 622/1033/610 
f 579/1032/567 580/1034/568 622/1033/610 
f 580/1034/568 578/1031/566 622/1033/610 
f 574/926/562 573/925/561 623/1035/611 
f 573/925/561 575/927/563 623/1035/611 
f 575/927/563 574/926/562 623/1035/611 
s 2
f 591/1036/579 592/1037/580 586/1038/574 587/1039/575 
f 602/1040/590 601/1041/589 597/1042/585 596/1043/584 
s off
f 584/950/572 583/949/571 624/1044/612 
f 583/949/571 585/951/573 624/1044/612 
f 594/973/582 593/972/581 625/1045/613 
f 593/972/581 595/974/583 625/1045/613 
f 585/951/573 584/950/572 624/1044/612 
f 595/974/583 594/973/582 625/1045/613 
f 588/1046/576 589/1047/577 626/1048/614 
f 589/1047/577 590/1049/578 626/1048/614 
f 599/1050/587 598/1051/586 627/1052/615 
f 598/1051/586 600/1053/588 627/1052/615 
f 590/1049/578 588/1046/576 626/1048/614 
f 600/1053/588 599/1050/587 627/1052/615 
f 609/1054/597 608/1055/596 628/1056/616 
f 608/1002/596 607/1001/595 628/1057/616 
f 607/1006/595 610/1005/598 628/1058/616 
f 610/1004/598 609/1003/597 628/1059/616 
f 559/956/547 558/953/546 629/1060/617 
f 558/908/546 557/907/545 629/1061/617 
f 557/988/545 560/987/548 629/1062/617 
f 560/1063/548 559/1064/547 629/1065/617 
f 562/912/550 561/911/549 630/1066/618 
f 561/914/549 563/913/551 630/1067/618 
f 563/1068/551 564/1069/552 630/1070/618 
f 564/976/552 562/975/550 630/1071/618 
f 566/918/554 565/917/553 631/1072/619 
f 565/946/553 568/944/556 631/1073/619 
f 568/1074/556 567/1075/555 631/1076/619 
f 567/1013/555 566/1010/554 631/1077/619 
f 571/968/559 570/966/558 632/1078/620 
f 570/1079/558 569/1080/557 632/1081/620 
f 569/932/557 572/929/560 632/1082/620 
f 572/924/560 571/923/559 632/1083/620 
f 633/1084/474 634/1085/621 635/1086/622 636/1087/475 
f 637/1088/477 638/1089/623 634/1085/621 633/1084/474 
f 639/1090/479 640/1091/624 638/1092/623 637/1093/477 
f 641/1094/480 642/1095/625 640/1091/624 639/1090/479 
f 643/1096/481 644/1097/626 642/1095/625 641/1094/480 
f 645/1098/627 646/1099/628 644/1097/626 643/1096/481 
f 647/1100/487 648/1101/629 649/1102/630 650/1103/631 
f 651/1104/489 652/1105/632 648/1101/629 647/1100/487 
f 653/1106/491 654/1107/633 652/1105/632 651/1104/489 
f 636/1108/475 635/1109/622 654/1107/633 653/1106/491 
f 655/1110/634 656/1111/635 657/1112/636 658/1113/637 
f 659/1114/638 660/1115/639 656/1111/635 655/1110/634 
f 661/1116/640 662/1117/641 660/1118/639 659/1119/638 
f 663/1120/642 664/1121/643 662/1117/641 661/1116/640 
f 665/1122/644 666/1123/645 664/1121/643 663/1120/642 
f 667/1124/646 668/1125/647 666/1123/645 665/1122/644 
f 669/1126/648 668/1127/647 667/1128/646 670/1129/649 
f 671/1130/650 672/1131/651 673/1132/652 674/1133/653 
f 675/1134/654 676/1135/655 672/1131/651 671/1130/650 
f 677/1136/656 678/1137/657 676/1135/655 675/1134/654 
f 658/1138/637 657/1139/636 678/1137/657 677/1136/656 
f 679/1140/474 680/1141/474 681/1142/475 682/1143/475 
f 683/1144/477 684/1145/477 680/1141/474 679/1140/474 
f 685/1146/479 686/1147/479 684/1148/477 683/1149/477 
f 687/1150/480 688/1151/480 686/1147/479 685/1146/479 
f 689/1152/481 690/1153/481 688/1151/480 687/1150/480 
f 691/1154/658 692/1155/659 690/1153/481 689/1152/481 
f 693/1156/487 694/1157/487 695/1158/660 696/1159/661 
f 697/1160/489 698/1161/489 694/1157/487 693/1156/487 
f 699/1162/491 700/1163/491 698/1161/489 697/1160/489 
f 682/1164/475 681/1165/475 700/1163/491 699/1162/491 
f 486/816/474 679/1140/474 682/1143/475 487/817/475 
f 489/819/477 683/1144/477 679/1140/474 486/816/474 
f 491/822/479 685/1146/479 683/1149/477 489/823/477 
f 492/824/480 687/1150/480 685/1146/479 491/822/479 
f 493/825/481 689/1152/481 687/1150/480 492/824/480 
f 494/826/482 691/1154/658 689/1152/481 493/825/481 
f 499/831/487 693/1156/487 696/1159/661 500/832/488 
f 501/833/489 697/1160/489 693/1156/487 499/831/487 
f 503/835/491 699/1162/491 697/1160/489 501/833/489 
f 487/837/475 682/1164/475 699/1162/491 503/835/491 
f 634/1085/621 655/1110/634 658/1113/637 635/1086/622 
f 638/1089/623 659/1114/638 655/1110/634 634/1085/621 
f 640/1091/624 661/1116/640 659/1119/638 638/1092/623 
f 642/1095/625 663/1120/642 661/1116/640 640/1091/624 
f 644/1097/626 665/1122/644 663/1120/642 642/1095/625 
f 646/1099/628 667/1124/646 665/1122/644 644/1097/626 
f 648/1101/629 671/1130/650 674/1133/653 649/1102/630 
f 652/1105/632 675/1134/654 671/1130/650 648/1101/629 
f 654/1107/633 677/1136/656 675/1134/654 652/1105/632 
f 635/1109/622 658/1138/637 677/1136/656 654/1107/633 
f 656/1111/635 701/1166/662 702/1167/663 657/1112/636 
f 660/1115/639 703/1168/664 701/1166/662 656/1111/635 
f 662/1117/641 704/1169/665 703/1170/664 660/1118/639 
f 664/1121/643 504/838/492 704/1169/665 662/1117/641 
f 666/1123/645 505/839/493 504/838/492 664/1121/643 
f 668/1125/647 508/842/496 505/839/493 666/1123/645 
f 669/1126/648 705/1171/666 508/1172/496 668/1127/647 
f 673/1173/652 510/1174/498 705/1171/666 669/1126/648 
f 672/1131/651 511/845/499 510/844/498 673/1132/652 
f 676/1135/655 514/848/502 511/845/499 672/1131/651 
f 678/1137/657 706/1175/667 514/848/502 676/1135/655 
f 657/1139/636 702/1176/663 706/1175/667 678/1137/657 
f 680/1141/474 633/1084/474 636/1087/475 681/1142/475 
f 684/1145/477 637/1088/477 633/1084/474 680/1141/474 
f 686/1147/479 639/1090/479 637/1093/477 684/1148/477 
f 688/1151/480 641/1094/480 639/1090/479 686/1147/479 
f 690/1153/481 643/1096/481 641/1094/480 688/1151/480 
f 692/1155/659 645/1098/627 643/1096/481 690/1153/481 
f 694/1157/487 647/1100/487 650/1103/631 695/1158/660 
f 698/1161/489 651/1104/489 647/1100/487 694/1157/487 
f 700/1163/491 653/1106/491 651/1104/489 698/1161/489 
f 681/1165/475 636/1108/475 653/1106/491 700/1163/491 
f 497/829/485 494/1177/482 480/1178/468 495/827/483 
f 670/1129/649 707/1179/668 669/1126/648 
f 669/1126/648 707/1179/668 708/1180/669 
f 709/1181/670 710/1182/671 711/1183/672 712/1184/673 
f 710/1182/671 713/1185/674 714/1186/675 711/1183/672 
f 713/1185/674 715/1187/676 716/1188/677 714/1186/675 
f 717/1189/678 718/1190/679 719/1191/680 720/1192/681 
f 721/1193/682 722/1194/683 723/1195/684 724/1196/685 
f 725/1197/686 726/1198/687 727/1199/688 728/1200/689 
f 726/1198/687 729/1201/690 730/1202/691 727/1199/688 
f 729/1203/690 731/1204/692 732/1205/693 730/1206/691 
f 731/1204/692 733/1207/694 734/1208/695 732/1205/693 
f 733/1209/694 724/1210/685 735/1211/696 734/1212/695 
f 724/1210/685 723/1213/684 736/1214/697 735/1211/696 
f 723/1215/684 737/1216/698 738/1217/699 736/1218/697 
f 737/1216/698 725/1219/686 728/1220/689 738/1217/699 
f 739/1221/700 737/1222/698 723/1195/684 722/1194/683 
f 724/1196/685 740/1193/701 721/1193/682 
f 728/1223/689 727/1224/688 741/1225/702 742/1226/703 
f 727/1224/688 730/1227/691 743/1228/704 741/1225/702 
f 730/1227/691 732/1229/693 744/1230/705 743/1228/704 
f 732/1231/693 734/1232/695 745/1233/706 744/1234/705 
f 734/1212/695 735/1211/696 746/1235/707 745/1236/706 
f 735/1211/696 736/1214/697 747/1237/708 746/1235/707 
f 736/1238/697 738/1239/699 748/1240/709 747/1241/708 
f 738/1242/699 728/1223/689 742/1226/703 748/1243/709 
f 749/1244/710 750/1245/711 751/1246/712 752/1247/713 
f 750/1245/711 753/1248/714 754/1249/715 751/1246/712 
f 755/1250/716 749/1251/710 752/1252/713 756/1253/717 
f 757/1254/718 758/1255/719 759/1256/720 760/1257/721 
f 761/1258/722 762/1259/723 763/1260/724 764/1261/725 
f 765/1262/726 761/1258/722 764/1261/725 766/1263/727 
f 762/1264/723 755/1250/716 756/1253/717 763/1265/724 
f 758/1255/719 765/1266/726 766/1267/727 759/1256/720 
f 752/1247/713 751/1246/712 767/1268/728 768/1269/713 
f 751/1246/712 754/1249/715 769/1270/729 767/1268/728 
f 756/1253/717 752/1252/713 768/1271/713 770/1272/717 
f 760/1257/721 759/1256/720 771/1273/720 772/1274/730 
f 764/1261/725 763/1260/724 773/1275/731 774/1276/732 
f 766/1263/727 764/1261/725 774/1276/732 775/1277/733 
f 763/1265/724 756/1253/717 770/1272/717 773/1278/731 
f 759/1256/720 766/1267/727 775/1279/733 771/1273/720 
f 768/1269/713 767/1268/728 776/1280/728 777/1281/713 
f 767/1268/728 769/1270/729 778/1282/734 776/1280/728 
f 770/1272/717 768/1271/713 777/1283/713 779/1284/735 
f 772/1274/730 771/1273/720 780/1285/736 781/1286/737 
f 774/1276/732 773/1275/731 782/1287/731 783/1288/732 
f 775/1277/733 774/1276/732 783/1288/732 784/1289/733 
f 773/1278/731 770/1272/717 779/1284/735 782/1290/731 
f 771/1273/720 775/1279/733 784/1291/733 780/1285/736 
f 777/1281/713 776/1280/728 785/1292/738 786/1293/739 
f 776/1280/728 778/1282/734 787/1294/740 785/1292/738 
f 779/1284/735 777/1283/713 786/1295/739 788/1296/741 
f 781/1286/737 780/1285/736 789/1297/742 790/1298/743 
f 783/1288/732 782/1287/731 791/1299/744 792/1300/745 
f 784/1289/733 783/1288/732 792/1300/745 793/1301/746 
f 782/1290/731 779/1284/735 788/1296/741 791/1302/744 
f 780/1285/736 784/1291/733 793/1303/746 789/1297/742 
f 785/1292/738 787/1294/740 794/1304/747 795/1305/748 
f 161/210/159 796/1306/749 162/211/160 
f 797/1307/750 795/1308/748 798/1309/751 799/1310/752 
f 800/1311/753 797/1312/750 799/1313/752 801/1314/754 
f 802/1315/755 803/1316/756 804/1317/757 805/1318/758 
f 806/1319/759 802/1320/755 805/1321/758 807/1322/760 
f 803/1316/756 800/1323/753 801/1324/754 804/1317/757 
f 808/1325/761 806/1319/759 807/1322/760 809/1326/762 
f 795/1305/748 794/1304/747 810/1327/763 798/1328/751 
f 799/1329/752 798/1330/751 811/1331/764 812/1332/765 
f 801/1314/754 799/1313/752 812/1333/765 813/1334/766 
f 805/1335/758 804/1336/757 814/1337/767 815/1338/768 
f 804/1336/757 801/1314/754 813/1334/766 814/1337/767 
f 815/1339/768 814/1340/767 816/1341/769 817/1342/770 
f 818/1343/771 819/1344/772 820/1345/773 821/1346/774 
f 822/1347/775 823/1348/776 824/1349/777 825/1350/778 
f 810/1351/763 826/1352/779 827/1353/780 828/1354/781 
f 826/1352/779 809/1355/762 829/1356/782 827/1353/780 
f 809/1355/762 807/1357/760 830/1358/783 829/1356/782 
f 807/1357/760 805/1359/758 831/1360/784 830/1358/783 
f 805/1361/758 815/1362/768 819/1363/772 831/1364/784 
f 815/1339/768 817/1342/770 820/1345/773 819/1344/772 
f 817/1342/770 832/1365/785 821/1346/774 820/1345/773 
f 832/1365/785 833/1366/786 834/1367/787 821/1346/774 
f 835/1368/788 836/1369/789 824/1349/777 837/1370/790 
f 836/1369/789 838/1371/791 825/1350/778 824/1349/777 
f 838/1371/791 811/1372/764 822/1347/775 825/1350/778 
f 811/1331/764 798/1330/751 839/1373/792 822/1374/775 
f 798/1375/751 810/1351/763 828/1354/781 839/1376/792 
f 827/1353/780 829/1356/782 840/1377/793 841/1378/794 
f 842/1379/795 843/1380/796 844/1381/797 845/1382/798 
f 830/1358/783 831/1360/784 846/1383/799 847/1384/800 
f 831/1364/784 819/1363/772 848/1385/801 846/1386/799 
f 819/1344/772 818/1343/771 849/1387/802 848/1388/801 
f 823/1348/776 822/1347/775 850/1389/803 851/1390/804 
f 822/1374/775 839/1373/792 852/1391/805 850/1392/803 
f 839/1373/792 828/1393/781 853/1394/806 852/1391/805 
f 843/1380/796 823/1348/776 854/1395/807 855/1396/808 
f 828/1397/781 827/1398/780 856/1399/809 857/1400/810 
f 829/1356/782 830/1358/783 858/1401/811 859/1402/812 
f 818/1343/771 842/1379/795 860/1403/813 861/1404/814 
f 855/1396/808 854/1395/807 862/1405/815 863/1406/816 
f 841/1378/794 840/1377/793 864/1407/817 865/1408/818 
f 845/1382/798 844/1381/797 866/1409/819 867/1410/820 
f 847/1384/800 846/1383/799 868/1411/821 869/1412/822 
f 846/1386/799 848/1385/801 870/1413/823 868/1414/821 
f 848/1388/801 849/1387/802 871/1415/824 870/1416/823 
f 859/1402/812 858/1401/811 872/1417/825 873/1418/826 
f 861/1404/814 860/1403/813 874/1419/827 875/1420/828 
f 851/1390/804 850/1389/803 876/1421/829 877/1422/830 
f 850/1392/803 852/1391/805 878/1423/831 876/1424/829 
f 853/1425/806 828/1426/781 879/1427/832 880/1428/833 
f 828/1429/781 857/1430/810 881/1431/834 879/1432/832 
f 857/1430/810 882/1433/835 883/1434/836 881/1431/834 
f 882/1433/835 862/1435/815 884/1436/837 883/1434/836 
f 862/1435/815 854/1437/807 885/1438/838 884/1436/837 
f 854/1437/807 823/1439/776 886/1440/839 885/1438/838 
f 823/1441/776 851/1442/804 887/1443/840 886/1444/839 
f 851/1442/804 877/1445/830 888/1446/841 887/1443/840 
f 877/1445/830 889/1447/842 890/1448/843 888/1446/841 
f 889/1447/842 853/1449/806 880/1450/833 890/1448/843 
f 844/1451/797 843/1452/796 891/1453/844 892/1454/845 
f 843/1380/796 855/1396/808 893/1455/846 891/1456/844 
f 855/1457/808 863/1458/816 894/1459/847 893/1460/846 
f 863/1458/816 895/1461/848 896/1462/849 894/1459/847 
f 895/1463/848 856/1464/809 897/1465/850 896/1466/849 
f 856/1464/809 827/1467/780 898/1468/851 897/1465/850 
f 827/1398/780 841/1469/794 899/1470/852 898/1471/851 
f 841/1472/794 865/1473/818 900/1474/853 899/1475/852 
f 865/1473/818 866/1476/819 901/1477/854 900/1474/853 
f 866/1476/819 844/1451/797 892/1454/845 901/1477/854 
f 840/1478/793 829/1479/782 902/1480/855 903/1481/856 
f 829/1356/782 859/1402/812 904/1482/857 902/1483/855 
f 859/1402/812 873/1418/826 905/1484/858 904/1482/857 
f 873/1485/826 874/1486/827 906/1487/859 905/1488/858 
f 874/1486/827 860/1489/813 907/1490/860 906/1487/859 
f 860/1403/813 842/1379/795 908/1491/861 907/1492/860 
f 842/1493/795 845/1494/798 909/1495/862 908/1496/861 
f 845/1494/798 867/1497/820 910/1498/863 909/1495/862 
f 867/1497/820 864/1499/817 911/1500/864 910/1498/863 
f 864/1499/817 840/1501/793 903/1502/856 911/1500/864 
f 849/1387/802 818/1343/771 912/1503/865 913/1504/866 
f 818/1505/771 861/1506/814 914/1507/867 912/1508/865 
f 861/1506/814 875/1509/828 915/1510/868 914/1507/867 
f 875/1509/828 872/1511/825 916/1512/869 915/1510/868 
f 872/1511/825 858/1513/811 917/1514/870 916/1512/869 
f 858/1515/811 830/1516/783 918/1517/871 917/1518/870 
f 830/1358/783 847/1384/800 919/1519/872 918/1520/871 
f 847/1384/800 869/1412/822 920/1521/873 919/1519/872 
f 869/1522/822 871/1523/824 921/1524/874 920/1525/873 
f 871/1523/824 849/1526/802 913/1527/866 921/1524/874 
s 2
f 888/1528/841 890/1529/843 883/1434/836 884/1436/837 
f 900/1530/853 901/1531/854 894/1532/847 896/1533/849 
f 910/1534/863 911/1535/864 905/1536/858 906/1537/859 
s 1
f 909/1538/862 910/1539/863 906/1540/859 907/1492/860 
s 2
f 915/1541/868 916/1542/869 920/1543/873 921/1544/874 
s 1
f 914/1545/867 915/1546/868 921/1547/874 913/1504/866 
f 912/1503/865 914/1545/867 913/1504/866 
s off
f 880/1548/833 879/1549/832 922/1550/875 
f 879/1549/832 881/1551/834 922/1550/875 
f 897/1465/850 898/1468/851 923/1552/876 
f 898/1468/851 899/1553/852 923/1552/876 
f 903/1554/856 902/1483/855 924/1555/877 
f 902/1483/855 904/1482/857 924/1555/877 
f 917/1556/870 918/1520/871 925/1557/878 
f 918/1520/871 919/1519/872 925/1557/878 
f 881/1551/834 880/1548/833 922/1550/875 
f 899/1553/852 897/1465/850 923/1552/876 
f 904/1482/857 903/1554/856 924/1555/877 
f 919/1519/872 917/1556/870 925/1557/878 
f 885/1558/838 886/1559/839 926/1560/879 
f 886/1559/839 887/1561/840 926/1560/879 
f 892/1562/845 891/1456/844 927/1563/880 
f 891/1456/844 893/1455/846 927/1563/880 
f 907/1492/860 908/1491/861 928/1564/881 
f 908/1491/861 909/1538/862 928/1564/881 
f 887/1561/840 885/1558/838 926/1560/879 
f 893/1455/846 892/1562/845 927/1563/880 
f 909/1538/862 907/1492/860 928/1564/881 
f 812/1565/765 811/1372/764 838/1371/791 929/1566/882 
f 813/1567/766 812/1565/765 929/1566/882 930/1568/883 
f 814/1340/767 813/1567/766 930/1568/883 816/1341/769 
f 842/1379/795 818/1343/771 821/1346/774 834/1367/787 
f 794/1569/747 931/1570/884 826/1571/779 810/1572/763 
f 931/1573/884 808/1574/761 809/1575/762 826/1576/779 
f 823/1348/776 843/1380/796 837/1370/790 824/1349/777 
f 843/1380/796 842/1379/795 834/1367/787 837/1370/790 
f 932/1577/885 160/209/158 163/212/161 933/1578/886 
f 165/214/163 933/1579/886 934/1580/887 166/215/164 
f 796/1581/749 168/217/166 171/220/169 935/1582/888 
f 166/222/164 934/1583/887 28/34/28 29/35/29 
f 935/1584/888 171/223/169 24/30/24 26/32/26 
f 742/1226/703 741/1225/702 936/1585/889 748/1243/709 
f 741/1225/702 743/1228/704 744/1230/705 936/1585/889 
f 937/1586/890 193/1587/191 196/1588/194 938/1589/891 
f 197/1590/195 937/1591/890 938/1592/891 198/1593/196 
f 938/1589/891 196/1588/194 200/1594/198 202/1595/200 
f 198/1593/196 938/1592/891 202/1596/200 201/1597/199 
f 939/1598/892 940/1599/893 712/1600/673 711/1601/672 
f 941/1602/894 940/1603/893 939/1604/892 942/1605/895 
f 673/1173/652 669/1126/648 708/1180/669 674/1606/653 
f 943/1607/896 944/1608/897 714/1609/675 716/1610/677 
f 719/1191/680 944/1611/897 943/1612/896 720/1192/681 
f 944/1608/897 939/1598/892 711/1601/672 714/1609/675 
f 942/1605/895 939/1604/892 944/1611/897 719/1191/680 
f 495/827/483 482/1613/470 500/1614/488 498/830/486 
f 945/1615/898 943/1616/896 716/1617/677 946/1618/899 
f 720/1192/681 943/1612/896 945/1619/898 947/1620/900 
f 940/1621/893 948/1622/901 949/1623/902 712/1624/673 
f 950/1625/903 948/1626/901 940/1603/893 941/1602/894 
f 441/767/433 440/766/432 951/1627/904 952/1628/905 
f 440/766/432 443/769/435 953/1629/906 951/1627/904 
f 443/1630/435 458/788/450 460/790/452 953/1631/906 
f 449/775/441 448/774/440 954/1632/907 462/1633/454 
f 448/774/440 450/777/442 464/1634/456 954/1632/907 
f 457/787/449 955/1635/908 956/1636/909 465/795/457 
f 955/1635/908 441/1637/433 952/1638/905 956/1636/909 
f 952/1628/905 951/1627/904 957/1639/910 958/1640/911 
f 951/1627/904 953/1629/906 959/1641/912 957/1639/910 
f 953/1631/906 460/790/452 960/1642/913 959/1643/912 
f 460/790/452 459/789/451 467/797/458 960/1642/913 
f 462/1633/454 954/1632/907 961/1644/914 468/1645/459 
f 954/1632/907 464/1634/456 470/1646/460 961/1644/914 
f 465/795/457 956/1636/909 962/1647/915 471/801/461 
f 956/1636/909 952/1638/905 958/1648/911 962/1647/915 
f 958/1640/911 957/1639/910 963/1649/916 964/1650/917 
f 957/1639/910 959/1641/912 965/1651/918 963/1649/916 
f 959/1643/912 960/1642/913 966/1652/919 965/1653/918 
f 960/1642/913 467/797/458 473/803/462 966/1652/919 
f 468/1645/459 961/1644/914 967/1654/920 474/1655/463 
f 961/1644/914 470/1646/460 476/1656/464 967/1654/920 
f 471/801/461 962/1647/915 968/1657/921 477/807/465 
f 962/1647/915 958/1648/911 964/1658/917 968/1657/921 
f 964/1659/917 963/1660/916 485/815/473 484/814/472 
f 963/1660/916 965/1661/918 488/818/476 485/815/473 
f 965/1653/918 966/1652/919 490/821/478 488/820/476 
f 966/1652/919 473/803/462 479/809/467 490/821/478 
f 474/1662/463 967/1663/920 495/827/483 480/1178/468 
f 967/1663/920 476/1664/464 482/1613/470 495/827/483 
f 477/807/465 968/1657/921 502/834/490 483/813/471 
f 968/1657/921 964/1658/917 484/836/472 502/834/490 
f 554/900/542 562/912/550 597/1665/585 595/974/583 
f 564/976/552 556/979/544 599/982/587 596/977/584 
f 552/984/540 560/987/548 602/990/590 600/985/588 
f 557/988/545 549/1666/537 594/1667/582 601/989/589 
f 969/1668/922 970/1669/923 538/1670/526 537/1671/525 
f 970/1669/923 129/174/128 128/173/127 538/1670/526 
f 421/1672/416 420/1673/415 971/1674/924 455/1675/447 
f 420/1673/415 419/1676/414 431/1677/423 971/1674/924 
f 370/1678/368 369/1679/367 374/1680/372 376/1681/374 
f 372/611/370 370/614/368 376/635/374 375/632/373 
f 378/1682/376 377/1683/375 274/1684/272 273/1685/271 
f 380/633/378 378/636/376 273/1686/271 276/1687/274 
f 972/1688/925 973/1689/926 385/652/383 383/651/381 
f 266/398/264 281/1690/279 286/1691/284 267/399/265 
f 282/1692/280 265/397/263 268/400/266 285/1693/283 
f 265/1694/263 295/1695/293 973/1696/926 291/1697/289 
f 296/1698/294 266/1699/264 292/1700/290 972/1701/925 
f 253/1702/251 252/1703/250 319/500/317 263/499/261 
f 334/1704/332 333/1705/331 335/1706/333 336/1707/334 
f 255/1708/253 974/1709/927 975/1710/928 262/1711/260 
f 316/1712/314 315/482/313 317/481/315 318/1713/316 
f 354/1714/352 353/1715/351 355/1716/353 356/1717/354 
f 252/1718/250 255/1719/253 320/1720/318 319/1721/317 
f 255/1722/253 262/393/260 264/396/262 320/495/318 
f 974/1723/927 251/1724/249 300/1725/298 299/1726/297 
f 251/1727/249 254/1728/252 303/438/301 300/437/298 
f 254/384/252 975/1710/928 305/1729/303 303/1730/301 
f 975/1731/928 974/1732/927 299/446/297 305/445/303 
f 258/1733/256 260/1734/258 338/528/336 337/527/335 
f 260/1735/258 261/1736/259 341/532/339 338/531/336 
f 261/1737/259 259/1738/257 343/536/341 341/535/339 
f 259/1739/257 258/1740/256 337/540/335 343/539/341 
f 248/1741/246 247/376/245 249/375/247 250/378/248 
f 185/1742/183 976/1743/929 977/1744/930 978/1745/931 
f 979/1746/932 186/1747/184 980/1748/933 981/1749/934 
s 1
f 254/384/252 253/383/251 262/1711/260 975/1710/928 
f 256/387/254 259/390/257 261/392/259 257/388/255 
f 194/1750/192 188/244/186 187/243/185 197/1751/195 
f 978/1745/931 977/1744/930 981/1752/934 980/1753/933 
s off
f 982/1754/935 983/1755/936 984/1756/937 985/1757/938 
f 184/1758/182 986/1759/939 987/1760/940 988/1761/941 
f 986/1759/939 989/1762/942 990/1763/943 987/1760/940 
f 110/1764/110 982/1754/935 985/1757/938 991/1765/944 
f 983/1766/936 184/1767/182 988/1768/941 984/1769/937 
f 989/1770/942 110/1771/110 991/1772/944 990/1773/943 
f 992/1774/945 993/1775/946 179/1776/177 994/1777/947 
s 1
f 995/1778/948 32/38/32 31/37/31 996/1779/949 
f 997/1780/950 35/1781/35 32/38/32 995/1778/948 
f 2/2/2 1/1/1 35/45/35 997/1782/950 
s off
f 998/1783/951 992/1784/945 995/1778/948 996/1779/949 
f 999/1785/952 1000/1786/953 178/1787/176 177/1788/175 
f 1001/1789/954 983/1790/936 2/2/2 997/1782/950 
s 1
f 78/107/78 76/105/76 172/225/170 183/239/181 
s off
f 417/739/73 416/738/413 1002/1791/955 1003/1792/956 
f 416/738/413 138/742/137 141/1793/139 1002/1791/955 
f 142/748/140 423/747/417 395/1794/393 143/1795/141 
f 423/747/417 425/751/136 396/1796/394 395/1794/393 
f 1003/1792/956 1002/1791/955 145/190/143 144/189/142 
f 1002/1791/955 141/1793/139 148/193/146 145/190/143 
f 141/186/139 140/185/138 150/196/148 148/195/146 
f 140/185/138 143/188/141 152/199/150 150/196/148 
f 143/1795/141 395/1794/393 154/202/152 152/201/150 
f 408/1797/406 409/1798/407 407/1799/405 406/1800/404 
f 147/192/145 146/191/144 1004/1801/957 1005/1802/958 
f 146/191/144 149/194/147 932/1803/885 1004/1801/957 
f 149/198/147 151/197/149 160/209/158 932/1577/885 
f 151/197/149 153/200/151 161/210/159 160/209/158 
f 153/204/151 155/203/153 400/1804/398 161/1805/159 
f 412/1806/410 411/1807/409 413/1808/411 414/1809/412 
f 1005/1802/958 1004/1801/957 165/214/163 164/213/162 
f 1004/1801/957 932/1803/885 933/1579/886 165/214/163 
f 161/1805/159 400/1804/398 168/217/166 796/1581/749 
f 400/1804/398 399/1810/397 169/218/167 168/217/166 
s 1
f 70/97/70 1006/1811/959 174/1812/172 71/98/71 
f 22/1813/22 81/110/81 80/109/80 19/1814/19 
f 1007/1815/960 82/111/82 12/16/12 11/15/11 
f 19/1814/19 80/109/80 82/1816/82 1007/1817/960 
f 85/1818/85 1007/1819/960 11/1820/11 18/1821/18 
f 20/1822/20 19/1823/19 1007/1819/960 85/1818/85 
f 993/1824/946 1008/1825/961 1009/1826/962 1010/1827/963 
f 183/239/181 993/1828/946 1010/1829/963 78/107/78 
f 16/1830/16 1011/1831/964 1012/1832/965 13/1833/13 
f 10/1834/10 9/1835/9 1011/1831/964 16/1830/16 
s off
f 78/107/78 1010/1829/963 1013/1836/966 79/108/79 
f 119/1837/119 121/1838/121 1014/1839/967 117/1840/117 
f 79/1841/79 1013/1842/966 1011/1831/964 9/1835/9 
f 117/1843/117 1014/1844/967 115/1845/115 114/1846/114 
s 1
f 1015/1847/968 1016/1848/969 57/1849/57 56/1850/56 
f 1016/1851/969 1017/1852/970 60/1853/60 57/1854/57 
f 1017/1855/970 1018/1856/971 62/1857/62 60/1858/60 
f 1018/1856/971 1019/1859/972 64/1860/64 62/1857/62 
f 1019/1861/972 1020/1862/973 66/1863/66 64/1864/64 
f 68/1865/68 66/1863/66 1020/1862/973 1021/1866/974 
f 1018/1856/971 44/1867/44 45/1868/45 1019/1859/972 
f 1019/1861/972 45/1869/45 46/1870/46 1020/1862/973 
f 1020/1871/973 46/1872/46 47/1873/47 1021/1874/974 
f 42/1875/42 41/1876/41 1016/1848/969 1015/1847/968 
f 41/1877/41 43/1878/43 1017/1852/970 1016/1851/969 
f 43/1879/43 44/1867/44 1018/1856/971 1017/1855/970 
s off
f 59/1880/59 58/1881/58 1022/1882/975 1023/1883/976 
f 58/1884/58 61/1885/61 1024/1886/977 1022/1887/975 
f 61/1888/61 63/1889/63 1025/1890/978 1024/1891/977 
f 63/1889/63 65/1892/65 1026/1893/979 1025/1890/978 
f 65/1894/65 67/1895/67 1027/1896/980 1026/1897/979 
f 67/1895/67 69/1898/69 1028/1899/981 1027/1896/980 
f 1023/1900/976 1022/1901/975 54/80/54 55/82/55 
f 1022/1901/975 1024/1902/977 53/1903/53 54/80/54 
f 1024/1891/977 1025/1890/978 52/75/52 53/76/53 
f 1025/1890/978 1026/1893/979 51/73/51 52/75/52 
f 1026/1897/979 1027/1896/980 50/1904/50 51/1905/51 
f 1027/1896/980 1028/1899/981 48/1906/48 50/1904/50 
f 93/1907/93 92/1908/92 99/1909/99 98/1910/98 
f 92/1908/92 94/1911/94 102/1912/102 99/1909/99 
f 94/1911/94 95/136/95 1029/1913/982 102/1912/102 
f 95/136/95 96/137/96 104/1914/104 1029/1913/982 
f 96/137/96 97/138/97 105/1915/105 104/1914/104 
f 97/138/97 90/1916/90 108/1917/108 105/1915/105 
f 1012/1918/965 1011/1919/964 1030/1920/983 1031/1921/984 
f 1011/1922/964 1013/1923/966 1032/1924/985 1030/1925/983 
f 1013/1836/966 1010/1829/963 1033/1926/986 1032/1927/985 
f 1010/1928/963 1009/1929/962 1034/1930/987 1033/1931/986 
f 1031/1932/984 1030/1933/983 113/1934/113 112/1935/112 
f 1030/1933/983 1032/1936/985 116/1937/116 113/1934/113 
f 1032/1936/985 1033/1938/986 118/1939/118 116/1937/116 
f 1033/1938/986 1034/1940/987 120/1941/120 118/1939/118 
s 1
f 1006/1811/959 1035/1942/988 989/1943/942 174/1812/172 
f 992/1784/945 998/1783/951 1008/1825/961 993/1824/946 
f 1000/1786/953 999/1785/952 182/1944/180 181/1945/179 
s off
f 997/1946/950 995/1947/948 176/1948/174 175/1949/173 
f 995/1950/948 992/1774/945 994/1777/947 176/1951/174 
f 993/1952/946 183/1953/181 180/1954/178 179/1955/177 
f 183/1956/181 1001/1957/954 1036/1958/989 180/1959/178 
f 1001/1957/954 997/1960/950 175/1961/173 1036/1958/989 
f 176/1962/174 994/1963/947 999/1785/952 177/1788/175 
f 994/1963/947 179/1964/177 182/1944/180 999/1785/952 
f 180/1965/178 1036/1966/989 1000/1967/953 181/1968/179 
f 1036/1966/989 175/1969/173 178/1970/176 1000/1967/953 
f 983/1971/936 982/1972/935 1037/1973/990 1038/1974/991 
f 982/1972/935 110/1975/110 1039/1976/992 1037/1973/990 
f 110/1977/110 5/1978/5 1040/1979/993 1039/1980/992 
f 5/1981/5 3/1982/3 1041/1983/994 1040/1984/993 
f 3/1982/3 2/1985/2 1042/1986/995 1041/1983/994 
f 2/1987/2 983/1988/936 1038/1989/991 1042/1990/995 
s 1
f 184/240/182 983/1790/936 1001/1789/954 183/239/181 
f 111/152/111 110/151/110 989/1943/942 1035/1942/988 
f 972/1991/925 292/1992/290 291/1697/289 973/1696/926 
s 2
f 286/1691/284 285/1693/283 268/400/266 267/399/265 
s off
f 184/1993/182 172/1994/170 1043/1995/996 1044/1996/997 
f 172/1997/170 173/1998/171 1045/1999/998 1043/2000/996 
f 173/1998/171 174/2001/172 1046/2002/999 1045/1999/998 
f 174/2003/172 989/2004/942 1047/2005/1000 1046/2006/999 
f 989/2007/942 986/2008/939 1048/2009/1001 1047/2010/1000 
f 986/2008/939 184/2011/182 1044/2012/997 1048/2009/1001 
f 1044/1996/997 1043/1995/996 193/1587/191 937/1586/890 
f 1043/2013/996 1045/2014/998 185/2015/183 193/2016/191 
f 1045/2017/998 1046/2018/999 976/2019/929 185/2020/183 
f 1046/2006/999 1047/2005/1000 979/2021/932 976/2022/929 
f 1047/2023/1000 1048/2024/1001 186/1747/184 979/1746/932 
f 1048/2025/1001 1044/2026/997 937/2027/890 186/2028/184 
f 985/2029/938 984/2030/937 974/2031/927 255/2032/253 
f 974/2033/927 984/1769/937 988/1768/941 251/2034/249 
f 988/2035/941 987/2036/940 252/2037/250 251/2038/249 
f 987/2039/940 990/2040/943 258/2041/256 252/2042/250 
f 990/1773/943 991/1772/944 260/1734/258 258/1733/256 
f 991/2043/944 985/2044/938 255/2045/253 260/2046/258 
f 1038/2047/991 1037/2048/990 265/2049/263 282/2050/280 
f 1037/2051/990 1039/2052/992 295/2053/293 265/2054/263 
f 1039/1980/992 1040/1979/993 296/430/294 295/429/293 
f 1040/2055/993 1041/2056/994 266/2057/264 296/2058/294 
f 1041/2059/994 1042/2060/995 281/2061/279 266/2062/264 
f 1042/1990/995 1038/1989/991 282/414/280 281/413/279 
f 186/242/184 937/2063/890 197/1751/195 187/243/185 
f 188/244/186 194/1750/192 193/2064/191 185/241/183 
f 204/2065/202 203/2066/201 208/2067/206 207/2068/205 
f 203/266/201 205/265/203 209/278/207 208/277/206 
f 205/268/203 206/267/204 210/282/208 209/281/207 
f 206/2069/204 204/2070/202 207/2071/205 210/2072/208 
f 186/2073/184 185/2074/183 216/2075/214 215/2076/213 
f 185/2077/183 978/2078/931 219/2079/217 216/2080/214 
f 978/2081/931 980/2082/933 221/2083/219 219/2084/217 
f 980/1748/933 186/1747/184 215/306/213 221/305/219 
f 976/2085/929 979/2086/932 232/338/230 231/337/229 
f 979/2087/932 981/2088/934 235/342/233 232/341/230 
f 981/2088/934 977/2089/930 237/345/235 235/342/233 
f 977/2090/930 976/2091/929 231/348/229 237/347/235 
f 282/2092/280 285/2093/283 288/570/286 283/569/281 
f 286/2094/284 281/2095/279 284/576/282 287/575/285 
f 265/422/263 291/2096/289 294/609/292 289/423/287 
f 292/426/290 266/2097/264 290/613/288 293/427/291 
f 296/2098/294 972/2099/925 383/648/381 297/647/295 
f 973/2100/926 295/2101/293 298/656/296 385/655/383 
f 748/1243/709 936/1585/889 746/2102/707 747/2103/708 
f 936/1585/889 744/1230/705 745/2104/706 746/2102/707 
f 426/752/418 1049/2105/1002 442/2106/434 427/753/419 
f 455/1675/447 971/1674/924 447/773/439 446/772/438 
f 971/1674/924 431/1677/423 437/776/429 447/773/439 
f 433/759/425 432/758/424 1050/2107/1003 456/785/448 
f 1049/2105/1002 458/788/450 443/1630/435 442/2106/434 
f 1050/2107/1003 955/1635/908 457/787/449 456/785/448 
f 429/755/421 435/761/427 1049/2105/1002 426/752/418 
f 432/758/424 452/780/444 438/2108/430 1050/2107/1003 
f 435/761/427 445/771/437 458/788/450 1049/2105/1002 
f 438/2108/430 441/1637/433 955/1635/908 1050/2107/1003 
f 702/2109/663 701/2110/662 516/2111/504 532/2112/520 
f 701/2110/662 703/2113/664 517/2114/505 516/2111/504 
f 703/1170/664 704/1169/665 520/855/508 517/854/505 
f 704/1169/665 504/838/492 507/841/495 520/855/508 
f 508/2115/496 705/2116/666 525/2117/513 509/2118/497 
f 705/2116/666 510/2119/498 513/2120/501 525/2117/513 
f 514/848/502 706/1175/667 530/870/518 515/849/503 
f 706/1175/667 702/1176/663 532/872/520 530/870/518 
f 519/853/507 518/852/506 969/2121/922 537/2122/525 
f 518/857/506 521/856/509 970/2123/923 969/2124/922 
f 521/856/509 522/858/510 129/875/128 970/2123/923 
f 524/864/512 526/863/514 454/901/446 453/2125/445 
f 526/863/514 527/866/515 535/902/523 454/901/446 
f 529/869/517 531/871/519 541/884/529 536/879/524 
f 531/871/519 533/873/521 542/885/530 541/884/529 
f 604/994/592 603/993/591 608/1055/596 609/1054/597 
f 542/2126/530 533/2127/521 1051/2128/1004 1052/2129/1005 
f 533/2130/521 606/2131/594 1053/2132/1006 1051/2133/1004 
f 606/2131/594 610/1005/598 612/1008/600 1053/2132/1006 
f 607/1006/595 605/2134/593 618/2135/606 611/1007/599 
f 605/2134/593 519/2136/507 1054/2137/1007 618/2135/606 
f 519/853/507 537/2122/525 1055/2138/1008 1054/2139/1007 
f 537/2122/525 540/1009/528 614/1012/602 1055/2138/1008 
f 567/919/555 543/886/531 1056/2140/1009 615/2141/603 
f 543/886/531 542/885/530 1052/2142/1005 1056/2140/1009 
f 1051/2143/1004 1053/2144/1006 1057/2145/1010 1052/2142/1005 
f 1053/2144/1006 612/2146/600 617/2147/605 1057/2145/1010 
f 618/1020/606 1054/2148/1007 1055/2149/1008 619/1021/607 
f 1052/2142/1005 1057/2145/1010 615/2141/603 1056/2140/1009 
f 1057/2145/1010 617/2147/605 621/2150/609 615/2141/603 
f 617/1018/605 616/1017/604 620/2151/608 621/2152/609 
f 616/1022/604 619/1021/607 613/2153/601 620/2154/608 
f 619/1021/607 1055/2149/1008 614/2155/602 613/2153/601 
s 1
f 574/926/562 575/927/563 576/2156/564 582/948/570 
f 580/1034/568 581/2157/569 577/2158/565 578/1031/566 
f 584/950/572 585/951/573 586/2159/574 592/2160/580 
f 590/1049/578 591/2161/579 587/2162/575 588/1046/576 
f 594/973/582 595/974/583 597/1665/585 601/2163/589 
f 602/2164/590 596/2165/584 599/1050/587 600/1053/588 
s off
f 646/2166/628 645/2167/627 710/2168/671 709/2169/670 
f 645/2167/627 692/2170/659 713/2171/674 710/2168/671 
f 692/2170/659 691/2172/658 715/2173/676 713/2171/674 
f 691/2172/658 494/1177/482 497/829/485 715/2173/676 
f 500/1614/488 696/2174/661 717/2175/678 498/830/486 
f 696/2174/661 695/2176/660 718/2177/679 717/2175/678 
f 695/2176/660 650/2178/631 1058/2179/1011 718/2177/679 
f 650/2178/631 649/2180/630 1059/2181/1012 1058/2179/1011 
f 649/2180/630 674/1606/653 708/1180/669 1059/2181/1012 
f 667/1128/646 646/2166/628 709/2169/670 670/1129/649 
f 715/1187/676 497/2182/485 946/2183/899 716/1188/677 
f 497/2182/485 496/2184/484 945/2185/898 946/2183/899 
f 496/2186/484 498/2187/486 947/1620/900 945/1619/898 
f 498/2187/486 717/1189/678 720/1192/681 947/1620/900 
f 718/1190/679 1058/2188/1011 942/1605/895 719/1191/680 
f 1058/2188/1011 1059/2189/1012 941/1602/894 942/1605/895 
f 1059/2189/1012 708/2190/669 950/1625/903 941/1602/894 
f 708/2190/669 707/2191/668 948/1626/901 950/1625/903 
f 707/2192/668 670/2193/649 949/2194/902 948/2195/901 
f 670/2193/649 709/1181/670 712/1184/673 949/2194/902 
f 102/1912/102 1029/1913/982 1060/2196/1013 1061/2197/1014 
f 1029/1913/982 104/1914/104 1062/2198/1015 1060/2196/1013 
f 104/1914/104 427/2199/419 1063/2200/1016 1062/2198/1015 
f 427/2199/419 442/768/434 1064/2201/1017 1063/2200/1016 
f 442/768/434 439/765/431 721/2202/682 740/2202/701 1064/2201/1017 
f 439/765/431 438/764/430 722/2203/683 721/2202/682 
f 438/764/430 452/2204/444 1065/2205/1018 739/2206/700 722/2203/683 
f 452/2204/444 102/1912/102 1061/2197/1014 1065/2205/1018 
f 933/1578/886 163/212/161 750/1245/711 749/1244/710 
f 162/211/160 753/1248/714 750/1245/711 163/212/161 
f 934/1580/887 933/1579/886 749/1251/710 755/1250/716 
f 796/1581/749 935/1582/888 758/1255/719 757/1254/718 
f 27/2207/27 28/2208/28 762/1259/723 761/1258/722 
f 26/2209/26 27/2207/27 761/1258/722 765/1262/726 
f 28/2210/28 934/1580/887 755/1250/716 762/1264/723 
f 935/1582/888 26/2211/26 765/1266/726 758/1255/719 
f 786/1293/739 785/1292/738 795/1305/748 797/2212/750 
f 788/1296/741 786/1295/739 797/1312/750 800/1311/753 
f 790/1298/743 789/1297/742 808/1574/761 931/1573/884 
f 792/1300/745 791/1299/744 803/2213/756 802/2214/755 
f 793/1301/746 792/1300/745 802/2214/755 806/2215/759 
f 791/1302/744 788/1296/741 800/1311/753 803/2216/756 
f 789/1297/742 793/1303/746 806/2217/759 808/1574/761 
f 796/1306/749 757/2218/718 753/1248/714 162/211/160 
f 757/2218/718 760/2219/721 754/1249/715 753/1248/714 
f 760/2219/721 772/2220/730 769/1270/729 754/1249/715 
f 772/2220/730 781/2221/737 778/1282/734 769/1270/729 
f 781/2221/737 790/2222/743 787/1294/740 778/1282/734 
f 790/2222/743 931/2223/884 794/1304/747 787/1294/740 
f 833/1366/786 835/1368/788 837/1370/790 834/1367/787 
f 857/2224/810 856/1464/809 895/1463/848 882/2225/835 
f 852/2226/805 853/2227/806 889/2228/842 878/2229/831 
s 1
f 890/2230/843 880/2231/833 881/2232/834 883/2233/836 
f 888/2234/841 884/2235/837 885/1558/838 887/1561/840 
f 892/1562/845 893/1455/846 894/2236/847 901/2237/854 
f 899/1553/852 900/2238/853 896/1466/849 897/1465/850 
f 903/1554/856 904/1482/857 905/1484/858 911/2239/864 
f 917/1556/870 919/1519/872 920/1521/873 916/2240/869 
s off
f 895/1461/848 863/1458/816 1066/2241/1019 
f 863/1406/816 862/1405/815 1066/2242/1019 
f 862/1435/815 882/1433/835 1066/2243/1019 
f 882/2225/835 895/1463/848 1066/2244/1019 
f 866/1476/819 865/1473/818 1067/2245/1020 
f 865/1408/818 864/1407/817 1067/2246/1020 
f 864/1499/817 867/1497/820 1067/2247/1020 
f 867/1410/820 866/1409/819 1067/2248/1020 
f 871/1523/824 869/1522/822 1068/2249/1021 
f 869/1412/822 868/1411/821 1068/2250/1021 
f 868/1414/821 870/1413/823 1068/2251/1021 
f 870/1416/823 871/1415/824 1068/2252/1021 
f 874/1486/827 873/1485/826 1069/2253/1022 
f 873/1418/826 872/1417/825 1069/2254/1022 
f 872/1511/825 875/1509/828 1069/2255/1022 
f 875/1420/828 874/1419/827 1069/2256/1022 
f 889/1447/842 877/1445/830 1070/2257/1023 
f 877/1422/830 876/1421/829 1070/2258/1023 
f 876/1424/829 878/1423/831 1070/2259/1023 
f 878/2229/831 889/2228/842 1070/2260/1023 
s 1
f 1071/2261/1024 1072/2262/1025 1073/2263/1026 1074/2264/1027 
f 1072/2265/1025 1075/2266/1028 1076/2267/1029 1073/2268/1026 
f 1075/2269/1028 8/12/8 7/11/7 1076/2270/1029 
f 1077/2271/1030 1078/2272/1031 1079/2273/1032 1080/2274/1033 
f 13/17/13 1081/2275/1034 1082/2276/1035 14/18/14 
f 1081/2275/1034 1080/2277/1033 1083/2278/1036 1082/2276/1035 
f 1080/2279/1033 1079/2280/1032 1084/2281/1037 1083/2282/1036 
f 1085/2283/1038 22/28/22 21/27/21 1086/2284/1039 
f 23/29/23 25/31/25 1087/2285/1040 
f 23/29/23 1087/2285/1040 1088/2286/1041 
f 23/29/23 1088/2286/1041 1089/2287/1042 
f 23/29/23 1089/2287/1042 1090/2288/1043 
f 23/29/23 1090/2288/1043 1091/2289/1044 
f 23/29/23 1091/2289/1044 30/36/30 
s off
f 31/37/31 34/40/34 1092/2290/1045 1093/2291/1046 
f 1093/2292/1046 1092/2293/1045 1094/2294/1047 1095/2295/1048 
f 1095/2296/1048 1094/2297/1047 1096/2298/1049 1071/2261/1024 
f 1071/2261/1024 1096/2298/1049 1097/2299/1050 1072/2262/1025 
f 1072/2265/1025 1097/2300/1050 1098/2301/1051 1075/2266/1028 
f 1075/2269/1028 1098/2302/1051 40/51/40 8/12/8 
f 34/53/34 42/56/42 1099/2303/1052 1092/2304/1045 
f 1092/2304/1045 1099/2303/1052 1100/2305/1053 1094/2306/1047 
f 1094/2306/1047 1100/2305/1053 1101/2307/1054 1096/2308/1049 
f 1096/2308/1049 1101/2307/1054 1102/2309/1055 1097/2310/1050 
f 1097/2310/1050 1102/2309/1055 1103/2311/1056 1098/2312/1051 
f 1098/2312/1051 1103/2311/1056 47/66/47 40/65/40 
s 1
f 48/67/48 1104/2313/1057 49/68/49 
f 1104/2314/1057 1105/2315/1058 49/2316/49 
f 1105/2317/1058 1106/2318/1059 49/2319/49 
f 1106/2318/1059 1107/2320/1060 49/2319/49 
f 1107/2321/1060 1108/2322/1061 49/2323/49 
f 1108/2324/1061 55/82/55 49/81/49 
s off
f 56/83/56 59/86/59 1109/2325/1062 1110/2326/1063 
f 1110/2326/1063 1109/2325/1062 1111/2327/1064 1112/2328/1065 
f 1112/2328/1065 1111/2327/1064 1113/2329/1066 1114/2330/1067 
f 1114/2330/1067 1113/2329/1066 1115/2331/1068 1116/2332/1069 
f 1116/2332/1069 1115/2331/1068 1117/2333/1070 1118/2334/1071 
f 1118/2334/1071 1117/2333/1070 69/96/69 68/95/68 
f 70/97/70 73/100/73 1119/2335/1072 1120/2336/1073 
f 1120/2337/1073 1119/2338/1072 1121/2339/1074 1122/2340/1075 
f 1122/2340/1075 1121/2339/1074 1123/2341/1076 1124/2342/1077 
f 1124/2342/1077 1123/2341/1076 1125/2343/1078 1126/2344/1079 
f 73/100/73 81/110/81 1127/2345/1080 1119/2335/1072 
f 1119/2338/1072 1127/2346/1080 1128/2347/1081 1121/2339/1074 
f 1121/2339/1074 1128/2347/1081 1078/2272/1031 1123/2341/1076 
f 1123/2341/1076 1078/2272/1031 1077/2271/1030 1125/2343/1078 
f 21/113/21 84/116/84 1129/2348/1082 1086/2349/1039 
f 1086/2350/1039 1129/2351/1082 1130/2352/1083 1131/2353/1084 
f 1131/2353/1084 1130/2352/1083 1132/2354/1085 1084/2355/1037 
f 1084/2355/1037 1132/2354/1085 1133/2356/1086 1083/2357/1036 
f 1083/2358/1036 1133/2359/1086 1134/2360/1087 1082/2361/1035 
f 1082/2361/1035 1134/2360/1087 1135/2360/1088 90/130/90 14/129/14 
f 84/132/84 93/132/93 1136/2362/1089 1129/2362/1082 
f 1129/2362/1082 1136/2362/1089 1137/2363/1090 1130/2363/1083 
f 1130/2363/1083 1137/2363/1090 1138/2364/1091 1132/2364/1085 
f 1132/2365/1085 1138/2365/1091 1139/2366/1092 1133/2366/1086 
f 1133/2366/1086 1139/2366/1092 1140/2367/1093 1134/2367/1087 
f 1135/2367/1088 1134/2367/1087 1140/2367/1093 
f 98/139/98 101/142/101 1141/2368/1094 1142/2369/1095 
f 1142/2369/1095 1141/2368/1094 1143/2370/1096 1144/2371/1097 
f 1145/2372/1098 1146/2373/1099 1147/2374/1100 1148/2375/1101 
f 1148/2375/1101 1147/2374/1100 109/150/109 108/149/108 
f 1149/2376/1102 1076/2270/1029 7/11/7 111/152/111 
f 112/153/112 115/156/115 1150/2377/1103 1151/2378/1104 
f 1151/2378/1104 1150/2377/1103 1152/2379/1105 1153/2380/1106 
f 1153/2381/1106 1152/2382/1105 1154/2383/1107 1155/2384/1108 
f 1155/2385/1108 1154/2386/1107 121/165/121 120/164/120 
f 122/167/122 125/170/73 1156/2387/1109 1157/2388/1110 
f 1157/2388/1110 1156/2387/1109 1158/2389/1111 1159/2390/1112 
f 1160/2391/1113 1161/2392/1114 1162/2393/1115 1163/2394/1116 
f 1164/2395/1117 1165/2396/1118 1166/2397/1119 1167/2398/1120 
f 1167/2398/1120 1166/2397/1119 137/182/136 136/181/135 
f 1168/2399/1121 1169/2400/1122 1170/2401/1123 1171/2402/1076 
f 1171/2402/1076 1170/2401/1123 1172/2403/1124 1173/2404/1125 
f 144/189/142 147/192/145 1174/2405/1126 1175/2406/1127 
f 1175/2406/1127 1174/2405/1126 1176/2407/1128 1177/2408/1129 
f 1177/2409/1129 1176/2410/1128 1178/2411/1130 1179/2412/1131 
f 1179/2412/1131 1178/2411/1130 1180/2413/1132 1181/2414/1133 
f 1181/2415/1133 1180/2416/1132 1182/2417/1134 1183/2418/1135 
f 1184/2419/1136 1185/2420/1137 1186/2421/1138 1187/2422/1139 
f 1188/2423/1140 1189/2424/1141 1190/2425/1142 1191/2426/1143 
f 164/213/162 167/216/165 1192/2427/1144 1193/2428/1145 
f 1194/2429/1146 1195/2430/1147 170/219/168 169/218/167 
f 167/221/165 30/36/30 1091/2289/1044 1192/2431/1144 
f 1195/2432/1147 1087/2285/1040 25/31/25 170/224/168 
s 1
f 1196/2433/1148 1197/2434/1149 1122/2340/1075 1124/2342/1077 
f 1197/2435/1149 1198/2436/1150 1120/2437/1073 1122/2438/1075 
s off
f 1199/2439/1151 1200/2440/1152 1201/2441/1153 1202/2442/1154 
f 1203/2443/1155 1204/2444/1156 1205/2445/1157 1206/2446/1158 
s 1
f 1207/2447/1159 1208/2448/1160 1196/2433/1148 
s off
f 1209/2449/1161 1210/2450/1162 1211/2451/1163 1212/2452/1164 
f 1213/2453/1165 1214/2454/1166 1215/2455/1167 1216/2456/1168 
f 1217/2457/1169 1218/2458/1170 1219/2459/1171 1220/2460/1172 
f 1220/2461/1172 1219/2462/1171 1221/2463/1173 1222/2464/1174 
f 1218/2458/1170 1223/2465/1175 1224/2466/1176 1219/2459/1171 
f 1219/2462/1171 1224/2467/1176 1225/2468/1177 1221/2463/1173 
f 1226/2469/1178 1227/2470/1179 1228/2471/1180 1223/2472/1175 
f 1223/2465/1175 1228/2473/1180 1229/2474/1181 1224/2466/1176 
f 1224/2467/1176 1229/2475/1181 1230/2476/1182 1225/2468/1177 
f 1225/2477/1177 1230/2478/1182 1227/2479/1179 1226/2480/1178 
f 1231/2481/1183 1213/2482/1165 1216/2483/1168 1232/2484/1184 
f 1232/2485/1184 1216/2486/1168 1215/2487/1167 1233/2488/1185 
f 1233/2489/1185 1215/2490/1167 1214/2491/1166 1234/2492/1186 
f 1234/2493/1186 1214/2494/1166 1213/2495/1165 1231/2496/1183 
f 1235/2497/1187 1236/2498/1188 1237/2499/1189 1238/2500/1190 
f 1239/2501/1191 1240/2502/1192 1241/2503/1193 1242/2504/1194 
f 1242/2505/1194 1241/2506/1193 1243/2507/1195 1244/2508/1196 
f 1244/2509/1196 1243/2510/1195 1245/2511/1197 1246/2512/1198 
f 1246/2513/1198 1245/2514/1197 1240/2515/1192 1239/2516/1191 
f 1240/2502/1192 1247/2517/1199 1248/2518/1200 1241/2503/1193 
f 1241/2506/1193 1248/2519/1200 1249/2520/1201 1243/2507/1195 
f 1243/2521/1195 1249/2522/1201 1250/2523/1202 1245/2524/1197 
f 1245/2514/1197 1250/2525/1202 1247/2526/1199 1240/2515/1192 
f 1247/2517/1199 1251/2527/1203 1252/2528/1204 1248/2518/1200 
f 1248/2519/1200 1252/2529/1204 1253/2530/1205 1249/2520/1201 
f 1249/2531/1201 1253/2532/1205 1254/2533/1206 1250/2534/1202 
f 1250/2525/1202 1254/2535/1206 1251/2536/1203 1247/2526/1199 
f 1251/2527/1203 1235/2537/1187 1238/2538/1190 1252/2528/1204 
f 1252/2529/1204 1238/2539/1190 1237/2540/1189 1253/2530/1205 
f 1253/2532/1205 1237/2541/1189 1236/2542/1188 1254/2533/1206 
f 1254/2535/1206 1236/2543/1188 1235/2544/1187 1251/2536/1203 
f 1255/2545/1207 1256/2546/1208 1257/2547/1209 1258/2548/1210 
f 1258/2549/1210 1257/2550/1209 1259/2551/1211 1260/2552/1212 
f 1260/2552/1212 1259/2551/1211 1261/2553/1213 1262/2554/1214 
f 1262/2555/1214 1261/2556/1213 1256/2557/1208 1255/2558/1207 
f 1256/2559/1208 1263/2560/1215 1264/2561/1216 1257/2562/1209 
f 1257/2550/1209 1264/2563/1216 1265/2564/1217 1259/2551/1211 
f 1259/2551/1211 1265/2564/1217 1266/2565/1218 1261/2553/1213 
f 1261/2556/1213 1266/2566/1218 1263/2567/1215 1256/2557/1208 
f 1263/2568/1215 1267/2569/1219 1268/2570/1220 1264/2571/1216 
f 1264/2563/1216 1268/2572/1220 1269/2573/1221 1265/2564/1217 
f 1265/2564/1217 1269/2573/1221 1270/2574/1222 1266/2565/1218 
f 1266/2566/1218 1270/2575/1222 1267/2576/1219 1263/2567/1215 
f 1267/2577/1219 1271/2578/1223 1272/2579/1224 1268/2580/1220 
f 1268/2581/1220 1272/2582/1224 1273/2583/1225 1269/2584/1221 
f 1269/2584/1221 1273/2583/1225 1274/2585/1226 1270/2586/1222 
f 1270/2575/1222 1274/2587/1226 1271/2588/1223 1267/2576/1219 
f 1275/2589/1227 1276/2590/1228 1277/2591/1229 1278/2592/1230 
f 1279/2593/1231 1280/2594/1232 1281/2595/1233 1278/2596/1230 
f 1278/2596/1230 1281/2595/1233 1282/2597/1234 1283/2598/1235 
f 1284/2599/1236 1285/2600/1237 1280/2594/1232 1279/2593/1231 
f 1286/2601/1238 1287/2602/1239 1288/2603/1240 1277/2604/1229 
f 1289/2605/1241 1290/2606/1242 1291/2607/1243 1292/2608/1244 
f 1293/2609/1245 1294/2610/1246 1295/2611/1247 1296/2612/1248 
f 1297/2613/1249 1298/2614/1250 1299/2615/1251 1300/2616/1252 
f 1301/2617/1253 1302/2618/1254 1303/2619/1255 1304/2620/1256 
f 1305/2621/1257 1306/2622/1258 1307/2623/1259 1308/2624/1260 
f 1309/2625/1261 1310/2626/1262 1311/2627/1263 1312/2628/1264 
f 1292/2629/1244 1313/2630/1265 1314/2631/1266 1289/2632/1241 
f 1315/2633/1267 1316/2634/1268 1317/2635/1269 1318/2636/1270 
f 1319/2637/1271 1320/2638/1272 1321/2639/1273 1322/2640/1274 
f 1323/2641/1275 1324/2642/1276 1325/2643/1277 1326/2644/1278 
f 1326/2645/1278 1325/2646/1277 1327/2647/1279 1328/2648/1280 
f 1328/2649/1280 1327/2650/1279 1329/2651/1281 1330/2652/1282 
f 1330/2653/1282 1329/2654/1281 1324/2655/1276 1323/2656/1275 
f 1324/2657/1276 1331/2658/1283 1332/2659/1284 1325/2660/1277 
f 1325/2646/1277 1332/2661/1284 1333/2662/1285 1327/2647/1279 
f 1327/2663/1279 1333/2664/1285 1334/2665/1286 1329/2666/1281 
f 1329/2667/1281 1334/2668/1286 1331/2669/1283 1324/2670/1276 
f 1331/2658/1283 1335/2671/1287 1336/2672/1288 1332/2659/1284 
f 1332/2661/1284 1336/2673/1288 1337/2674/1289 1333/2662/1285 
f 1333/2675/1285 1337/2676/1289 1338/2677/1290 1334/2678/1286 
f 1334/2679/1286 1338/2680/1290 1335/2681/1287 1331/2682/1283 
f 1335/2683/1287 1339/2684/1291 1340/2685/1292 1336/2686/1288 
f 1336/2687/1288 1340/2688/1292 1341/2689/1293 1337/2690/1289 
f 1337/2691/1289 1341/2692/1293 1342/2693/1294 1338/2694/1290 
f 1338/2695/1290 1342/2696/1294 1339/2697/1291 1335/2698/1287 
f 1343/2699/1295 1344/2700/1296 1345/2701/1297 1346/2702/1298 
f 1346/2703/1298 1345/2704/1297 1347/2705/1299 1287/2602/1239 
f 1287/2602/1239 1347/2705/1299 1348/2706/1300 1288/2603/1240 
f 1288/2707/1240 1348/2708/1300 1344/2709/1296 1343/2710/1295 
f 1344/2700/1296 1349/2711/1301 1350/2712/1302 1345/2701/1297 
f 1345/2704/1297 1350/2713/1302 1351/2714/1303 1347/2705/1299 
f 1347/2705/1299 1351/2714/1303 1352/2715/1304 1348/2706/1300 
f 1348/2708/1300 1352/2716/1304 1349/2717/1301 1344/2709/1296 
f 1349/2711/1301 1353/2718/1305 1354/2719/1306 1350/2712/1302 
f 1350/2713/1302 1354/2720/1306 1355/2721/1307 1351/2714/1303 
f 1351/2714/1303 1355/2721/1307 1356/2722/1308 1352/2715/1304 
f 1352/2716/1304 1356/2723/1308 1353/2724/1305 1349/2717/1301 
f 1353/2718/1305 1357/2725/1309 1358/2726/1310 1354/2719/1306 
f 1354/2727/1306 1358/2728/1310 1359/2729/1311 1355/2730/1307 
f 1355/2721/1307 1359/2731/1311 1360/2732/1312 1356/2722/1308 
f 1356/2723/1308 1360/2733/1312 1357/2734/1309 1353/2724/1305 
f 1361/2735/1313 1362/2736/1314 1363/2737/1315 1364/2738/1316 
f 1364/2739/1316 1363/2740/1315 1365/2741/1317 1366/2742/1318 
f 1366/2743/1318 1365/2744/1317 1367/2745/1319 1368/2746/1320 
f 1368/2747/1320 1367/2748/1319 1362/2749/1314 1361/2750/1313 
f 1362/2736/1314 1369/2751/1321 1370/2752/1322 1363/2737/1315 
f 1363/2740/1315 1370/2753/1322 1371/2754/1323 1365/2741/1317 
f 1365/2744/1317 1371/2755/1323 1372/2756/1324 1367/2745/1319 
f 1367/2748/1319 1372/2757/1324 1369/2758/1321 1362/2749/1314 
f 1369/2751/1321 1373/2759/1325 1374/2760/1326 1370/2752/1322 
f 1370/2753/1322 1374/2761/1326 1375/2762/1327 1371/2754/1323 
f 1371/2755/1323 1375/2763/1327 1376/2764/1328 1372/2756/1324 
f 1372/2757/1324 1376/2765/1328 1373/2766/1325 1369/2758/1321 
f 1373/2759/1325 1377/2767/1329 1378/2768/1330 1374/2760/1326 
f 1374/2761/1326 1378/2769/1330 1379/2770/1331 1375/2762/1327 
f 1375/2763/1327 1379/2771/1331 1380/2772/1332 1376/2764/1328 
f 1376/2765/1328 1380/2773/1332 1377/2774/1329 1373/2766/1325 
f 1306/2622/1258 1381/2775/1333 1382/2776/1334 1307/2623/1259 
f 1307/2777/1259 1382/2778/1334 1383/2779/1335 1310/2780/1262 
f 1310/2626/1262 1383/2781/1335 1384/2782/1336 1311/2627/1263 
f 1311/2783/1263 1384/2784/1336 1381/2785/1333 1306/2786/1258 
f 1381/2775/1333 1385/2787/1337 1386/2788/1338 1382/2776/1334 
f 1382/2778/1334 1386/2789/1338 1387/2790/1339 1383/2779/1335 
f 1383/2781/1335 1387/2791/1339 1388/2792/1340 1384/2782/1336 
f 1384/2784/1336 1388/2793/1340 1385/2794/1337 1381/2785/1333 
f 1385/2787/1337 1389/2795/1341 1390/2796/1342 1386/2788/1338 
f 1386/2789/1338 1390/2797/1342 1391/2798/1343 1387/2790/1339 
f 1387/2791/1339 1391/2799/1343 1392/2800/1344 1388/2792/1340 
f 1388/2793/1340 1392/2801/1344 1389/2802/1341 1385/2794/1337 
f 1389/2803/1341 1293/2804/1245 1296/2805/1248 1390/2806/1342 
f 1390/2797/1342 1296/2807/1248 1295/2808/1247 1391/2798/1343 
f 1391/2809/1343 1295/2810/1247 1294/2811/1246 1392/2812/1344 
f 1392/2801/1344 1294/2813/1246 1293/2814/1245 1389/2802/1341 
f 1313/2630/1265 1393/2815/1345 1394/2816/1346 1314/2631/1266 
f 1314/2631/1266 1394/2816/1346 1395/2817/1347 1316/2818/1268 
f 1316/2634/1268 1395/2819/1347 1396/2820/1348 1317/2635/1269 
f 1317/2635/1269 1396/2820/1348 1393/2821/1345 1313/2822/1265 
f 1394/2823/1346 1397/2824/1349 1398/2825/1350 1395/2826/1347 
f 1395/2827/1347 1398/2828/1350 1399/2829/1351 1396/2830/1348 
f 1400/2831/1352 1401/2832/1353 1402/2833/1354 1397/2834/1349 
f 1397/2835/1349 1402/2836/1354 1403/2837/1355 1398/2838/1350 
f 1398/2839/1350 1403/2840/1355 1404/2841/1356 1399/2842/1351 
f 1399/2842/1351 1404/2841/1356 1401/2843/1353 1400/2844/1352 
f 1402/2845/1354 1300/2846/1252 1299/2847/1251 1403/2848/1355 
f 1403/2849/1355 1299/2850/1251 1298/2851/1250 1404/2852/1356 
f 1320/2638/1272 1405/2853/1357 1406/2854/1358 1321/2639/1273 
f 1321/2855/1273 1406/2856/1358 1407/2857/1359 1408/2858/1360 
f 1408/2859/1360 1407/2860/1359 1409/2861/1361 1410/2862/1362 
f 1410/2863/1362 1409/2864/1361 1405/2865/1357 1320/2866/1272 
f 1405/2853/1357 1411/2867/1363 1412/2868/1364 1406/2854/1358 
f 1406/2856/1358 1412/2869/1364 1413/2870/1365 1407/2857/1359 
f 1407/2860/1359 1413/2871/1365 1414/2872/1366 1409/2861/1361 
f 1409/2864/1361 1414/2873/1366 1411/2874/1363 1405/2865/1357 
f 1411/2867/1363 1415/2875/1367 1416/2876/1368 1412/2868/1364 
f 1412/2869/1364 1416/2877/1368 1417/2878/1369 1413/2870/1365 
f 1413/2871/1365 1417/2879/1369 1418/2880/1370 1414/2872/1366 
f 1414/2873/1366 1418/2881/1370 1415/2882/1367 1411/2874/1363 
f 1415/2875/1367 1301/2883/1253 1304/2884/1256 1416/2876/1368 
f 1416/2877/1368 1304/2885/1256 1303/2886/1255 1417/2878/1369 
f 1417/2879/1369 1303/2887/1255 1302/2888/1254 1418/2880/1370 
f 1418/2881/1370 1302/2889/1254 1301/2890/1253 1415/2882/1367 
f 1419/2891/1371 1420/2892/1372 397/685/395 396/684/394 
f 399/687/397 402/690/400 1421/2893/1373 1422/2894/1374 
f 1422/2895/1374 1421/2896/1373 1423/2897/1375 1182/2898/1134 
f 1182/2898/1134 1423/2897/1375 1424/2899/1376 1183/2900/1135 
f 1183/2900/1135 1424/2899/1376 1420/2901/1372 1419/2902/1371 
f 405/2903/403 1425/2904/1377 1426/2905/1378 1424/2906/1376 
f 1424/2899/1376 1426/2907/1378 1427/2908/1379 1420/2901/1372 
f 1420/2892/1372 1427/2909/1379 1428/2910/1380 397/685/395 
f 397/2911/395 1428/2912/1380 1425/2913/1377 405/2914/403 
f 1424/2915/1376 1184/2916/1136 1187/2917/1139 405/2918/403 
f 405/2919/403 1187/2920/1139 1186/2921/1138 410/2922/408 
f 410/2923/408 1186/2924/1138 1185/2925/1137 1423/2926/1375 
f 1423/2897/1375 1185/2927/1137 1184/2928/1136 1424/2899/1376 
f 1423/2929/1375 1429/2930/1381 1430/2931/1382 410/2932/408 
f 410/2933/408 1430/2934/1382 1431/2935/1383 402/2936/400 
f 402/690/400 1431/2937/1383 1432/2938/1384 1421/2893/1373 
f 1421/2896/1373 1432/2939/1384 1429/2940/1381 1423/2897/1375 
f 1433/2941/1109 418/740/73 417/739/73 1434/2942/1385 
f 1435/2943/1386 1433/2941/1109 1434/2942/1385 1168/2944/1121 
f 1436/2945/1387 1435/2946/1386 1168/2399/1121 1171/2402/1076 
f 1437/2947/1388 1436/2945/1387 1171/2402/1076 1173/2404/1125 
f 1438/2948/1119 1437/2949/1388 1173/2950/1125 1439/2951/1389 
f 424/750/136 1438/2948/1119 1439/2951/1389 425/751/136 
f 1145/2372/1098 1440/2952/1390 1441/2953/1391 1146/2373/1099 
f 1164/2395/1117 1442/2954/1392 1443/2955/1393 1165/2396/1118 
f 1435/2943/1386 1444/2956/1394 1445/2957/1395 1158/2389/1111 
f 1159/2390/1112 1446/2958/1396 1447/2959/1397 1143/2370/1096 
f 1442/2954/1392 1448/2960/1398 1449/2961/1399 1443/2955/1393 
f 1444/2956/1394 1450/2962/1400 1451/2963/1401 1445/2957/1395 
f 1452/2964/1402 1453/2965/1403 1454/2966/1404 1455/2967/1405 
f 1455/2967/1405 1454/2966/1404 1456/2968/1406 1457/2969/1407 
f 1448/2960/1398 1458/2970/1408 1459/2971/136 1449/2961/1399 
f 1460/2972/1409 1461/2973/1410 1462/2974/1411 1463/2975/1412 
f 1463/2975/1412 1462/2974/1411 1464/2976/1413 1450/2977/1400 
f 1450/2962/1400 1464/2978/1413 1465/2979/73 1451/2963/1401 
f 1141/2368/1094 101/142/101 122/167/122 1157/2388/1110 
f 1143/2370/1096 1141/2368/1094 1157/2388/1110 1159/2390/1112 
f 1147/2374/1100 1146/2373/1099 1164/2395/1117 1167/2398/1120 
f 109/150/109 1147/2374/1100 1167/2398/1120 136/181/135 
f 1146/2373/1099 1441/2953/1391 1442/2954/1392 1164/2395/1117 
f 1143/2370/1096 1447/2959/1397 1466/2980/1414 1144/2371/1097 
f 1156/2387/1109 125/170/73 418/740/73 1433/2941/1109 
f 1158/2389/1111 1156/2387/1109 1433/2941/1109 1435/2943/1386 
f 1162/2393/1115 1161/2392/1114 1467/2981/1415 1468/2982/1416 
f 1166/2397/1119 1165/2396/1118 1437/2949/1388 1438/2948/1119 
f 137/182/136 1166/2397/1119 1438/2948/1119 424/750/136 
f 1165/2396/1118 1443/2955/1393 1469/2983/1417 1437/2949/1388 
f 1158/2389/1111 1445/2957/1395 1446/2958/1396 1159/2390/1112 
f 1443/2955/1393 1449/2961/1399 1460/2984/1409 1469/2983/1417 
f 1445/2957/1395 1451/2963/1401 1470/2985/1418 1446/2958/1396 
f 1449/2961/1399 1459/2971/136 1461/2986/1410 1460/2984/1409 
f 1451/2963/1401 1465/2979/73 1471/2987/1419 1470/2985/1418 
f 1472/2988/1420 1473/2989/1421 1474/2990/1422 1458/2970/1408 
f 1458/2970/1408 1474/2990/1422 1475/2991/1423 1459/2971/136 
f 1459/2971/136 1475/2991/1423 1476/2992/1424 1461/2986/1410 
f 1464/2978/1413 1477/2993/1425 1478/2994/1426 1465/2979/73 
f 1465/2979/73 1478/2994/1426 1479/2995/1427 1471/2987/1419 
f 1474/2990/1422 1480/2996/1428 1481/2997/1423 1475/2991/1423 
f 1475/2991/1423 1481/2997/1423 1482/2998/1429 1476/2992/1424 
f 1477/2993/1425 1483/2999/1430 1484/3000/1426 1478/2994/1426 
f 1478/2994/1426 1484/3000/1426 1485/3001/1431 1479/2995/1427 
f 1480/2996/1428 1486/3002/1432 1487/3003/1423 1481/2997/1423 
f 1481/2997/1423 1487/3003/1423 1488/3004/1433 1482/2998/1429 
f 1483/2999/1430 1489/3005/1434 1490/3006/1426 1484/3000/1426 
f 1484/3000/1426 1490/3006/1426 1491/3007/1435 1485/3001/1431 
f 1486/3002/1432 1492/3008/1436 1493/3009/1437 1487/3003/1423 
f 1487/3003/1423 1493/3009/1437 1494/3010/1438 1488/3004/1433 
f 1489/3005/1434 1495/3011/1439 1496/3012/1440 1490/3006/1426 
f 1490/3006/1426 1496/3012/1440 1497/3013/1441 1491/3007/1435 
f 1498/3014/1442 1499/3015/1443 1500/3016/1444 1501/3017/1445 
f 1501/3017/1445 1500/3016/1444 1502/3018/1446 1503/3019/1447 
f 1503/3020/1447 1502/3021/1446 1504/3022/1448 1505/3023/1449 
f 1505/3023/1449 1504/3022/1448 1506/3024/1450 1492/3008/1436 
f 1492/3008/1436 1506/3024/1450 1507/3025/1451 1493/3009/1437 
f 1493/3009/1437 1507/3025/1451 1508/3026/1452 1494/3010/1438 
f 1509/3027/1453 1510/3028/1454 1511/3029/1455 
f 1509/3027/1453 1511/3029/1455 1512/3030/1456 
f 1495/3011/1439 1513/3031/1457 1514/3032/1458 1496/3012/1440 
f 1496/3012/1440 1514/3032/1458 1515/3033/1459 1497/3013/1441 
f 1497/3013/1441 1515/3033/1459 1516/3034/1460 1517/3035/1461 
f 1517/3035/1461 1516/3034/1460 1499/3036/1443 1498/3037/1442 
f 1518/3038/1462 1519/3039/1463 1520/3040/1464 1521/3041/1465 
f 1521/3041/1465 1520/3040/1464 1522/3042/1466 1523/3043/1467 
f 1524/3044/1468 1525/3045/1469 1526/3046/1470 1527/3047/1471 
f 1527/3047/1471 1526/3046/1470 1528/3048/1472 1529/3049/1473 
f 1530/3050/1474 1531/3051/1475 1532/3052/1476 1533/3053/1477 
f 1533/3054/1477 1532/3055/1476 1534/3056/1478 1535/3057/1479 
f 1535/3057/1479 1534/3056/1478 1536/3058/1480 1519/3039/1463 
f 1519/3039/1463 1536/3058/1480 1537/3059/1481 1520/3040/1464 
f 1520/3040/1464 1537/3059/1481 1538/3060/1482 1522/3042/1466 
f 1522/3061/1466 1538/3062/1482 1539/3063/1483 1540/3064/1484 
f 1540/3064/1484 1539/3063/1483 1541/3065/1485 1525/3066/1469 
f 1525/3045/1469 1541/3067/1485 1542/3068/1486 1526/3046/1470 
f 1526/3046/1470 1542/3068/1486 1543/3069/1487 1528/3048/1472 
f 1528/3048/1472 1543/3069/1487 1544/3070/1488 1545/3071/1489 
f 1545/3071/1489 1544/3070/1488 1546/3072/1490 1547/3073/1491 
f 1536/3058/1480 1163/3074/1116 1162/3075/1115 1537/3059/1481 
f 1537/3059/1481 1162/3075/1115 1468/3076/1416 1538/3060/1482 
f 1541/3067/1485 1548/3077/1492 1549/3078/1493 1542/3068/1486 
f 1542/3068/1486 1549/3078/1493 1550/3079/1494 1543/3069/1487 
f 1551/3080/1495 1552/3081/1496 1553/3082/1497 1554/3083/1498 
f 1555/3084/1499 1556/3085/1500 1557/3086/1501 1558/3087/1502 
f 1550/3079/1494 1559/3088/1503 1560/3089/1504 1555/3084/1499 
f 1554/3083/1498 1561/3090/1505 1562/3091/1506 1160/3092/1113 
f 1160/3092/1113 1563/3093/1507 1564/3094/1508 1161/3095/1114 
f 1549/3078/1493 1565/3096/1509 1566/3097/1510 1550/3079/1494 
f 1161/3095/1114 1567/3098/1511 1568/3099/1512 1467/3100/1415 
f 1467/3101/1415 1568/3102/1512 1569/3103/1513 1548/3104/1492 
f 1548/3077/1492 1569/3105/1513 1570/3106/1514 1549/3078/1493 
f 1563/3093/1507 1571/3107/1515 1572/3108/1516 1564/3094/1508 
f 1565/3096/1509 1573/3109/1517 1574/3110/1518 1566/3097/1510 
f 1567/3098/1511 1575/3111/1519 1576/3112/1520 1568/3099/1512 
f 1568/3102/1512 1576/3113/1520 1577/3114/1521 1569/3103/1513 
f 1569/3105/1513 1577/3115/1521 1578/3116/1522 1570/3106/1514 
f 1552/3081/1496 1579/3117/1523 1580/3118/1524 1553/3082/1497 
f 1556/3085/1500 1581/3119/1525 1582/3120/1526 1557/3086/1501 
f 1559/3088/1503 1583/3121/1527 1584/3122/1528 1560/3089/1504 
f 1561/3090/1505 1585/3123/1529 1586/3124/1530 1562/3091/1506 
f 1553/3082/1497 1587/3125/1531 1588/3126/1532 1554/3083/1498 
f 1554/3083/1498 1588/3126/1532 1589/3127/1533 1561/3090/1505 
f 1561/3128/1505 1589/3129/1533 1590/3130/1534 1585/3131/1529 
f 1585/3131/1529 1590/3130/1534 1591/3132/1535 1584/3133/1528 
f 1584/3133/1528 1591/3132/1535 1592/3134/1536 1560/3135/1504 
f 1560/3136/1504 1592/3137/1536 1593/3138/1537 1555/3139/1499 
f 1555/3140/1499 1593/3141/1537 1594/3142/1538 1556/3143/1500 
f 1556/3143/1500 1594/3142/1538 1595/3144/1539 1581/3145/1525 
f 1581/3145/1525 1595/3144/1539 1596/3146/1540 1580/3147/1524 
f 1580/3118/1524 1596/3148/1540 1587/3125/1531 1553/3082/1497 
f 1562/3091/1506 1597/3149/1541 1598/3150/1542 1160/3092/1113 
f 1160/3092/1113 1598/3150/1542 1599/3151/1543 1563/3093/1507 
f 1563/3152/1507 1599/3153/1543 1600/3154/1544 1571/3155/1515 
f 1571/3155/1515 1600/3154/1544 1601/3156/1545 1574/3157/1518 
f 1574/3157/1518 1601/3156/1545 1602/3158/1546 1566/3159/1510 
f 1566/3159/1510 1602/3158/1546 1603/3160/1547 1550/3161/1494 
f 1550/3162/1494 1603/3163/1547 1604/3164/1548 1559/3165/1503 
f 1559/3165/1503 1604/3164/1548 1605/3166/1549 1583/3167/1527 
f 1583/3167/1527 1605/3166/1549 1606/3168/1550 1586/3169/1530 
f 1586/3169/1530 1606/3168/1550 1597/3170/1541 1562/3171/1506 
f 1564/3094/1508 1607/3172/1551 1608/3173/1552 1161/3095/1114 
f 1161/3095/1114 1608/3173/1552 1609/3174/1553 1567/3098/1511 
f 1575/3175/1519 1610/3176/1554 1611/3177/1555 1578/3178/1522 
f 1570/3179/1514 1612/3180/1556 1613/3181/1557 1549/3182/1493 
f 1549/3183/1493 1613/3184/1557 1614/3185/1558 1565/3186/1509 
f 1573/3187/1517 1615/3188/1559 1616/3189/1560 1572/3190/1516 
f 1547/3191/1491 1617/3192/1561 1618/3193/1562 1530/3194/1474 
f 1530/3195/1474 1618/3196/1562 1619/3197/1563 1531/3198/1475 
f 1546/3072/1490 1620/3199/1564 1617/3200/1561 1547/3073/1491 
f 1618/3196/1562 1621/3201/1565 1622/3202/1566 1619/3197/1563 
f 1620/3199/1564 1623/3203/1567 1624/3204/1568 1617/3200/1561 
f 1623/3205/1567 1625/3206/1569 1626/3207/1570 1622/3208/1566 
f 1552/3209/1496 1627/3210/1571 1628/3211/1572 1579/3212/1523 
f 1579/3212/1523 1628/3211/1572 1629/3213/1573 1582/3214/1526 
f 1625/3215/1569 1630/3216/1574 1631/3217/1575 1626/3218/1570 
f 1626/3219/1570 1631/3220/1575 1632/3221/1576 1633/3222/1577 
s 1
f 1634/3223/1578 1635/3224/1579 1629/3225/1573 1628/3226/1572 
s 2
f 1595/3227/1539 1591/3228/1535 1590/3229/1534 1596/3230/1540 
s off
f 1592/3231/1536 1636/3232/1580 1593/3233/1537 
f 1593/3233/1537 1636/3232/1580 1594/3234/1538 
f 1594/3234/1538 1636/3232/1580 1592/3231/1536 
f 1587/3125/1531 1637/3235/1581 1588/3126/1532 
f 1588/3126/1532 1637/3235/1581 1589/3127/1533 
f 1589/3127/1533 1637/3235/1581 1587/3125/1531 
s 2
f 1605/3236/1549 1601/3237/1545 1600/3238/1544 1606/3239/1550 
f 1615/3240/1559 1611/3241/1555 1610/3242/1554 1616/3243/1560 
s off
f 1597/3149/1541 1638/3244/1582 1598/3150/1542 
f 1598/3150/1542 1638/3244/1582 1599/3151/1543 
f 1607/3172/1551 1639/3245/1583 1608/3173/1552 
f 1608/3173/1552 1639/3245/1583 1609/3174/1553 
f 1599/3151/1543 1638/3244/1582 1597/3149/1541 
f 1609/3174/1553 1639/3245/1583 1607/3172/1551 
f 1602/3246/1546 1640/3247/1584 1603/3248/1547 
f 1603/3248/1547 1640/3247/1584 1604/3249/1548 
f 1612/3250/1556 1641/3251/1585 1613/3252/1557 
f 1613/3252/1557 1641/3251/1585 1614/3253/1558 
f 1604/3249/1548 1640/3247/1584 1602/3246/1546 
f 1614/3253/1558 1641/3251/1585 1612/3250/1556 
f 1624/3254/1568 1642/3255/1586 1621/3256/1565 
f 1621/3201/1565 1642/3257/1586 1622/3202/1566 
f 1622/3208/1566 1642/3258/1586 1623/3205/1567 
f 1623/3203/1567 1642/3259/1586 1624/3204/1568 
f 1574/3157/1518 1643/3260/1587 1571/3155/1515 
f 1571/3107/1515 1643/3261/1587 1572/3108/1516 
f 1572/3190/1516 1643/3262/1587 1573/3187/1517 
f 1573/3263/1517 1643/3264/1587 1574/3265/1518 
f 1575/3111/1519 1644/3266/1588 1576/3112/1520 
f 1576/3113/1520 1644/3267/1588 1577/3114/1521 
f 1577/3268/1521 1644/3269/1588 1578/3270/1522 
f 1578/3178/1522 1644/3271/1588 1575/3175/1519 
f 1579/3117/1523 1645/3272/1589 1580/3118/1524 
f 1580/3147/1524 1645/3273/1589 1581/3145/1525 
f 1581/3274/1525 1645/3275/1589 1582/3276/1526 
f 1582/3214/1526 1645/3277/1589 1579/3212/1523 
f 1586/3169/1530 1646/3278/1590 1583/3167/1527 
f 1583/3279/1527 1646/3280/1590 1584/3281/1528 
f 1584/3133/1528 1646/3282/1590 1585/3131/1529 
f 1585/3123/1529 1646/3283/1590 1586/3124/1530 
f 1647/3284/1444 1648/3285/1443 1649/3286/1591 1650/3287/1592 
f 1651/3288/1446 1647/3284/1444 1650/3287/1592 1652/3289/1593 
f 1653/3290/1448 1651/3291/1446 1652/3292/1593 1654/3293/1594 
f 1655/3294/1450 1653/3290/1448 1654/3293/1594 1656/3295/1595 
f 1657/3296/1451 1655/3294/1450 1656/3295/1595 1658/3297/1596 
f 1659/3298/1597 1657/3296/1451 1658/3297/1596 1660/3299/1598 
f 1661/3300/1458 1662/3301/1599 1663/3302/1600 1664/3303/1601 
f 1665/3304/1459 1661/3300/1458 1664/3303/1601 1666/3305/1602 
f 1667/3306/1460 1665/3304/1459 1666/3305/1602 1668/3307/1603 
f 1648/3308/1443 1667/3306/1460 1668/3307/1603 1649/3309/1591 
f 1669/3310/1604 1670/3311/1605 1671/3312/1606 1672/3313/1607 
f 1673/3314/1608 1669/3310/1604 1672/3313/1607 1674/3315/1609 
f 1675/3316/1610 1673/3317/1608 1674/3318/1609 1676/3319/1611 
f 1677/3320/1612 1675/3316/1610 1676/3319/1611 1678/3321/1613 
f 1679/3322/1614 1677/3320/1612 1678/3321/1613 1680/3323/1615 
f 1681/3324/1616 1679/3322/1614 1680/3323/1615 1682/3325/1617 
f 1683/3326/1618 1684/3327/1619 1681/3328/1616 1682/3329/1617 
f 1685/3330/1620 1686/3331/1621 1687/3332/1622 1688/3333/1623 
f 1689/3334/1624 1685/3330/1620 1688/3333/1623 1690/3335/1625 
f 1691/3336/1626 1689/3334/1624 1690/3335/1625 1692/3337/1627 
f 1670/3338/1605 1691/3336/1626 1692/3337/1627 1671/3339/1606 
f 1693/3340/1444 1694/3341/1443 1695/3342/1443 1696/3343/1444 
f 1697/3344/1446 1693/3340/1444 1696/3343/1444 1698/3345/1446 
f 1699/3346/1448 1697/3347/1446 1698/3348/1446 1700/3349/1448 
f 1701/3350/1450 1699/3346/1448 1700/3349/1448 1702/3351/1450 
f 1703/3352/1451 1701/3350/1450 1702/3351/1450 1704/3353/1451 
f 1705/3354/1628 1703/3352/1451 1704/3353/1451 1706/3355/1629 
f 1707/3356/1458 1708/3357/1630 1709/3358/1631 1710/3359/1458 
f 1711/3360/1459 1707/3356/1458 1710/3359/1458 1712/3361/1459 
f 1713/3362/1460 1711/3360/1459 1712/3361/1459 1714/3363/1460 
f 1694/3364/1443 1713/3362/1460 1714/3363/1460 1695/3365/1443 
f 1500/3016/1444 1499/3015/1443 1694/3341/1443 1693/3340/1444 
f 1502/3018/1446 1500/3016/1444 1693/3340/1444 1697/3344/1446 
f 1504/3022/1448 1502/3021/1446 1697/3347/1446 1699/3346/1448 
f 1506/3024/1450 1504/3022/1448 1699/3346/1448 1701/3350/1450 
f 1507/3025/1451 1506/3024/1450 1701/3350/1450 1703/3352/1451 
f 1508/3026/1452 1507/3025/1451 1703/3352/1451 1705/3354/1628 
f 1514/3032/1458 1513/3031/1457 1708/3357/1630 1707/3356/1458 
f 1515/3033/1459 1514/3032/1458 1707/3356/1458 1711/3360/1459 
f 1516/3034/1460 1515/3033/1459 1711/3360/1459 1713/3362/1460 
f 1499/3036/1443 1516/3034/1460 1713/3362/1460 1694/3364/1443 
f 1650/3287/1592 1649/3286/1591 1670/3311/1605 1669/3310/1604 
f 1652/3289/1593 1650/3287/1592 1669/3310/1604 1673/3314/1608 
f 1654/3293/1594 1652/3292/1593 1673/3317/1608 1675/3316/1610 
f 1656/3295/1595 1654/3293/1594 1675/3316/1610 1677/3320/1612 
f 1658/3297/1596 1656/3295/1595 1677/3320/1612 1679/3322/1614 
f 1660/3299/1598 1658/3297/1596 1679/3322/1614 1681/3324/1616 
f 1664/3303/1601 1663/3302/1600 1686/3331/1621 1685/3330/1620 
f 1666/3305/1602 1664/3303/1601 1685/3330/1620 1689/3334/1624 
f 1668/3307/1603 1666/3305/1602 1689/3334/1624 1691/3336/1626 
f 1649/3309/1591 1668/3307/1603 1691/3336/1626 1670/3338/1605 
f 1672/3313/1607 1671/3312/1606 1715/3366/1632 1716/3367/1633 
f 1674/3315/1609 1672/3313/1607 1716/3367/1633 1717/3368/1634 
f 1676/3319/1611 1674/3318/1609 1717/3369/1634 1718/3370/1635 
f 1678/3321/1613 1676/3319/1611 1718/3370/1635 1518/3038/1462 
f 1680/3323/1615 1678/3321/1613 1518/3038/1462 1521/3041/1465 
f 1682/3325/1617 1680/3323/1615 1521/3041/1465 1523/3043/1467 
f 1683/3326/1618 1682/3329/1617 1523/3371/1467 1719/3372/1636 
f 1687/3373/1622 1683/3326/1618 1719/3372/1636 1524/3374/1468 
f 1688/3333/1623 1687/3332/1622 1524/3044/1468 1527/3047/1471 
f 1690/3335/1625 1688/3333/1623 1527/3047/1471 1529/3049/1473 
f 1692/3337/1627 1690/3335/1625 1529/3049/1473 1720/3375/1637 
f 1671/3339/1606 1692/3337/1627 1720/3375/1637 1715/3376/1632 
f 1696/3343/1444 1695/3342/1443 1648/3285/1443 1647/3284/1444 
f 1698/3345/1446 1696/3343/1444 1647/3284/1444 1651/3288/1446 
f 1700/3349/1448 1698/3348/1446 1651/3291/1446 1653/3290/1448 
f 1702/3351/1450 1700/3349/1448 1653/3290/1448 1655/3294/1450 
f 1704/3353/1451 1702/3351/1450 1655/3294/1450 1657/3296/1451 
f 1706/3355/1629 1704/3353/1451 1657/3296/1451 1659/3298/1597 
f 1710/3359/1458 1709/3358/1631 1662/3301/1599 1661/3300/1458 
f 1712/3361/1459 1710/3359/1458 1661/3300/1458 1665/3304/1459 
f 1714/3363/1460 1712/3361/1459 1665/3304/1459 1667/3306/1460 
f 1695/3365/1443 1714/3363/1460 1667/3306/1460 1648/3308/1443 
f 1510/3028/1454 1509/3027/1453 1494/3377/1438 1508/3378/1452 
f 1684/3327/1619 1683/3326/1618 1721/3379/1638 
f 1683/3326/1618 1722/3380/1639 1721/3379/1638 
f 1723/3381/1640 1724/3382/1641 1725/3383/1642 1726/3384/1643 
f 1726/3384/1643 1725/3383/1642 1727/3385/1644 1728/3386/1645 
f 1728/3386/1645 1727/3385/1644 1729/3387/1646 1730/3388/1647 
f 1731/3389/1648 1732/3390/1649 1733/3391/1650 1734/3392/1651 
f 1735/3393/1652 1736/3394/1653 1737/3395/1654 1738/3396/1655 
f 1739/3397/1656 1740/3398/1657 1741/3399/1658 1742/3400/1659 
f 1742/3400/1659 1741/3399/1658 1743/3401/1660 1744/3402/1661 
f 1744/3403/1661 1743/3404/1660 1745/3405/1662 1746/3406/1663 
f 1746/3406/1663 1745/3405/1662 1747/3407/1664 1748/3408/1665 
f 1748/3409/1665 1747/3410/1664 1749/3411/1666 1736/3412/1653 
f 1736/3412/1653 1749/3411/1666 1750/3413/1667 1737/3414/1654 
f 1737/3415/1654 1750/3416/1667 1751/3417/1668 1752/3418/1669 
f 1752/3418/1669 1751/3417/1668 1740/3419/1657 1739/3420/1656 
f 1753/3421/1670 1738/3396/1655 1737/3395/1654 1752/3422/1669 
f 1736/3394/1653 1735/3393/1652 1754/3393/1671 
f 1740/3423/1657 1755/3424/1672 1756/3425/1673 1741/3426/1658 
f 1741/3426/1658 1756/3425/1673 1757/3427/1674 1743/3428/1660 
f 1743/3428/1660 1757/3427/1674 1758/3429/1675 1745/3430/1662 
f 1745/3431/1662 1758/3432/1675 1759/3433/1676 1747/3434/1664 
f 1747/3410/1664 1759/3435/1676 1760/3436/1677 1749/3411/1666 
f 1749/3411/1666 1760/3436/1677 1761/3437/1678 1750/3413/1667 
f 1750/3438/1667 1761/3439/1678 1762/3440/1679 1751/3441/1668 
f 1751/3442/1668 1762/3443/1679 1755/3424/1672 1740/3423/1657 
f 1763/3444/1680 1764/3445/1681 1765/3446/1682 1766/3447/1683 
f 1766/3447/1683 1765/3446/1682 1767/3448/1684 1768/3449/1685 
f 1769/3450/1686 1770/3451/1687 1764/3452/1681 1763/3453/1680 
f 1771/3454/1688 1772/3455/1689 1773/3456/1690 1774/3457/1691 
f 1775/3458/1692 1776/3459/1693 1777/3460/1694 1778/3461/1695 
f 1779/3462/1696 1780/3463/1697 1776/3459/1693 1775/3458/1692 
f 1778/3464/1695 1777/3465/1694 1770/3451/1687 1769/3450/1686 
f 1774/3457/1691 1773/3456/1690 1780/3466/1697 1779/3467/1696 
f 1764/3445/1681 1781/3468/1681 1782/3469/1698 1765/3446/1682 
f 1765/3446/1682 1782/3469/1698 1783/3470/1699 1767/3448/1684 
f 1770/3451/1687 1784/3471/1687 1781/3472/1681 1764/3452/1681 
f 1772/3455/1689 1785/3473/1700 1786/3474/1690 1773/3456/1690 
f 1776/3459/1693 1787/3475/1701 1788/3476/1702 1777/3460/1694 
f 1780/3463/1697 1789/3477/1703 1787/3475/1701 1776/3459/1693 
f 1777/3465/1694 1788/3478/1702 1784/3471/1687 1770/3451/1687 
f 1773/3456/1690 1786/3474/1690 1789/3479/1703 1780/3466/1697 
f 1781/3468/1681 1790/3480/1681 1791/3481/1698 1782/3469/1698 
f 1782/3469/1698 1791/3481/1698 1792/3482/1704 1783/3470/1699 
f 1784/3471/1687 1793/3483/1705 1790/3484/1681 1781/3472/1681 
f 1785/3473/1700 1794/3485/1706 1795/3486/1707 1786/3474/1690 
f 1787/3475/1701 1796/3487/1701 1797/3488/1702 1788/3476/1702 
f 1789/3477/1703 1798/3489/1703 1796/3487/1701 1787/3475/1701 
f 1788/3478/1702 1797/3490/1702 1793/3483/1705 1784/3471/1687 
f 1786/3474/1690 1795/3486/1707 1798/3491/1703 1789/3479/1703 
f 1790/3480/1681 1799/3492/1708 1800/3493/1709 1791/3481/1698 
f 1791/3481/1698 1800/3493/1709 1801/3494/1710 1792/3482/1704 
f 1793/3483/1705 1802/3495/1711 1799/3496/1708 1790/3484/1681 
f 1794/3485/1706 1803/3497/1712 1804/3498/1713 1795/3486/1707 
f 1796/3487/1701 1805/3499/1714 1806/3500/1715 1797/3488/1702 
f 1798/3489/1703 1807/3501/1716 1805/3499/1714 1796/3487/1701 
f 1797/3490/1702 1806/3502/1715 1802/3495/1711 1793/3483/1705 
f 1795/3486/1707 1804/3498/1713 1807/3503/1716 1798/3491/1703 
f 1800/3493/1709 1808/3504/1717 1809/3505/1718 1801/3494/1710 
f 1191/2426/1143 1190/2425/1142 1810/3506/1719 
f 1811/3507/1720 1812/3508/1721 1813/3509/1722 1808/3510/1717 
f 1814/3511/1723 1815/3512/1724 1812/3513/1721 1811/3514/1720 
f 1816/3515/1725 1817/3516/1726 1818/3517/1727 1819/3518/1728 
f 1820/3519/1729 1821/3520/1730 1817/3521/1726 1816/3522/1725 
f 1819/3518/1728 1818/3517/1727 1815/3523/1724 1814/3524/1723 
f 1822/3525/1731 1823/3526/1732 1821/3520/1730 1820/3519/1729 
f 1808/3504/1717 1813/3527/1722 1824/3528/1733 1809/3505/1718 
f 1812/3529/1721 1825/3530/1734 1826/3531/1735 1813/3532/1722 
f 1815/3512/1724 1827/3533/1736 1825/3534/1734 1812/3513/1721 
f 1817/3535/1726 1828/3536/1737 1829/3537/1738 1818/3538/1727 
f 1818/3538/1727 1829/3537/1738 1827/3533/1736 1815/3512/1724 
f 1828/3539/1737 1830/3540/1739 1831/3541/1740 1829/3542/1738 
f 1832/3543/1741 1833/3544/1742 1834/3545/1743 1835/3546/1744 
f 1836/3547/1745 1837/3548/1746 1838/3549/1747 1839/3550/1748 
f 1824/3551/1733 1840/3552/1749 1841/3553/1750 1842/3554/1751 
f 1842/3554/1751 1841/3553/1750 1843/3555/1752 1823/3556/1732 
f 1823/3556/1732 1843/3555/1752 1844/3557/1753 1821/3558/1730 
f 1821/3558/1730 1844/3557/1753 1845/3559/1754 1817/3560/1726 
f 1817/3561/1726 1845/3562/1754 1835/3563/1744 1828/3564/1737 
f 1828/3539/1737 1835/3546/1744 1834/3545/1743 1830/3540/1739 
f 1830/3540/1739 1834/3545/1743 1833/3544/1742 1846/3565/1755 
f 1846/3565/1755 1833/3544/1742 1847/3566/1756 1848/3567/1757 
f 1849/3568/1758 1850/3569/1759 1838/3549/1747 1851/3570/1760 
f 1851/3570/1760 1838/3549/1747 1837/3548/1746 1852/3571/1761 
f 1852/3571/1761 1837/3548/1746 1836/3547/1745 1826/3572/1735 
f 1826/3531/1735 1836/3573/1745 1853/3574/1762 1813/3532/1722 
f 1813/3575/1722 1853/3576/1762 1840/3552/1749 1824/3551/1733 
f 1841/3553/1750 1854/3577/1763 1855/3578/1764 1843/3555/1752 
f 1856/3579/1765 1857/3580/1766 1858/3581/1767 1859/3582/1768 
f 1844/3557/1753 1860/3583/1769 1861/3584/1770 1845/3559/1754 
f 1845/3562/1754 1861/3585/1770 1862/3586/1771 1835/3563/1744 
f 1835/3546/1744 1862/3587/1771 1863/3588/1772 1832/3543/1741 
f 1839/3550/1748 1864/3589/1773 1865/3590/1774 1836/3547/1745 
f 1836/3573/1745 1865/3591/1774 1866/3592/1775 1853/3574/1762 
f 1853/3574/1762 1866/3592/1775 1867/3593/1776 1840/3594/1749 
f 1859/3582/1768 1868/3595/1777 1869/3596/1778 1839/3550/1748 
f 1840/3597/1749 1870/3598/1779 1871/3599/1780 1841/3600/1750 
f 1843/3555/1752 1872/3601/1781 1873/3602/1782 1844/3557/1753 
f 1832/3543/1741 1874/3603/1783 1875/3604/1784 1856/3579/1765 
f 1868/3595/1777 1876/3605/1785 1877/3606/1786 1869/3596/1778 
f 1854/3577/1763 1878/3607/1787 1879/3608/1788 1855/3578/1764 
f 1857/3580/1766 1880/3609/1789 1881/3610/1790 1858/3581/1767 
f 1860/3583/1769 1882/3611/1791 1883/3612/1792 1861/3584/1770 
f 1861/3585/1770 1883/3613/1792 1884/3614/1793 1862/3586/1771 
f 1862/3587/1771 1884/3615/1793 1885/3616/1794 1863/3588/1772 
f 1872/3601/1781 1886/3617/1795 1887/3618/1796 1873/3602/1782 
f 1874/3603/1783 1888/3619/1797 1889/3620/1798 1875/3604/1784 
f 1864/3589/1773 1890/3621/1799 1891/3622/1800 1865/3590/1774 
f 1865/3591/1774 1891/3623/1800 1892/3624/1801 1866/3592/1775 
f 1867/3625/1776 1893/3626/1802 1894/3627/1803 1840/3628/1749 
f 1840/3629/1749 1894/3630/1803 1895/3631/1804 1870/3632/1779 
f 1870/3632/1779 1895/3631/1804 1896/3633/1805 1897/3634/1806 
f 1897/3634/1806 1896/3633/1805 1898/3635/1807 1877/3636/1786 
f 1877/3636/1786 1898/3635/1807 1899/3637/1808 1869/3638/1778 
f 1869/3638/1778 1899/3637/1808 1900/3639/1809 1839/3640/1748 
f 1839/3641/1748 1900/3642/1809 1901/3643/1810 1864/3644/1773 
f 1864/3644/1773 1901/3643/1810 1902/3645/1811 1890/3646/1799 
f 1890/3646/1799 1902/3645/1811 1903/3647/1812 1904/3648/1813 
f 1904/3648/1813 1903/3647/1812 1893/3649/1802 1867/3650/1776 
f 1858/3651/1767 1905/3652/1814 1906/3653/1815 1859/3654/1768 
f 1859/3582/1768 1906/3655/1815 1907/3656/1816 1868/3595/1777 
f 1868/3657/1777 1907/3658/1816 1908/3659/1817 1876/3660/1785 
f 1876/3660/1785 1908/3659/1817 1909/3661/1818 1910/3662/1819 
f 1910/3663/1819 1909/3664/1818 1911/3665/1820 1871/3666/1780 
f 1871/3666/1780 1911/3665/1820 1912/3667/1821 1841/3668/1750 
f 1841/3600/1750 1912/3669/1821 1913/3670/1822 1854/3671/1763 
f 1854/3672/1763 1913/3673/1822 1914/3674/1823 1878/3675/1787 
f 1878/3675/1787 1914/3674/1823 1915/3676/1824 1881/3677/1790 
f 1881/3677/1790 1915/3676/1824 1905/3652/1814 1858/3651/1767 
f 1855/3678/1764 1916/3679/1825 1917/3680/1826 1843/3681/1752 
f 1843/3555/1752 1917/3682/1826 1918/3683/1827 1872/3601/1781 
f 1872/3601/1781 1918/3683/1827 1919/3684/1828 1886/3617/1795 
f 1886/3685/1795 1919/3686/1828 1920/3687/1829 1889/3688/1798 
f 1889/3688/1798 1920/3687/1829 1921/3689/1830 1875/3690/1784 
f 1875/3604/1784 1921/3691/1830 1922/3692/1831 1856/3579/1765 
f 1856/3693/1765 1922/3694/1831 1923/3695/1832 1857/3696/1766 
f 1857/3696/1766 1923/3695/1832 1924/3697/1833 1880/3698/1789 
f 1880/3698/1789 1924/3697/1833 1925/3699/1834 1879/3700/1788 
f 1879/3700/1788 1925/3699/1834 1916/3701/1825 1855/3702/1764 
f 1863/3588/1772 1926/3703/1835 1927/3704/1836 1832/3543/1741 
f 1832/3705/1741 1927/3706/1836 1928/3707/1837 1874/3708/1783 
f 1874/3708/1783 1928/3707/1837 1929/3709/1838 1888/3710/1797 
f 1888/3710/1797 1929/3709/1838 1930/3711/1839 1887/3712/1796 
f 1887/3712/1796 1930/3711/1839 1931/3713/1840 1873/3714/1782 
f 1873/3715/1782 1931/3716/1840 1932/3717/1841 1844/3718/1753 
f 1844/3557/1753 1932/3719/1841 1933/3720/1842 1860/3583/1769 
f 1860/3583/1769 1933/3720/1842 1934/3721/1843 1882/3611/1791 
f 1882/3722/1791 1934/3723/1843 1935/3724/1844 1885/3725/1794 
f 1885/3725/1794 1935/3724/1844 1926/3726/1835 1863/3727/1772 
s 2
f 1902/3728/1811 1898/3635/1807 1896/3633/1805 1903/3729/1812 
f 1914/3730/1823 1909/3731/1818 1908/3732/1817 1915/3733/1824 
f 1924/3734/1833 1920/3735/1829 1919/3736/1828 1925/3737/1834 
s 1
f 1923/3738/1832 1921/3691/1830 1920/3739/1829 1924/3740/1833 
s 2
f 1929/3741/1838 1935/3742/1844 1934/3743/1843 1930/3744/1839 
s 1
f 1928/3745/1837 1926/3703/1835 1935/3746/1844 1929/3747/1838 
f 1927/3704/1836 1926/3703/1835 1928/3745/1837 
s off
f 1893/3748/1802 1936/3749/1845 1894/3750/1803 
f 1894/3750/1803 1936/3749/1845 1895/3751/1804 
f 1911/3665/1820 1937/3752/1846 1912/3667/1821 
f 1912/3667/1821 1937/3752/1846 1913/3753/1822 
f 1916/3754/1825 1938/3755/1847 1917/3682/1826 
f 1917/3682/1826 1938/3755/1847 1918/3683/1827 
f 1931/3756/1840 1939/3757/1848 1932/3719/1841 
f 1932/3719/1841 1939/3757/1848 1933/3720/1842 
f 1895/3751/1804 1936/3749/1845 1893/3748/1802 
f 1913/3753/1822 1937/3752/1846 1911/3665/1820 
f 1918/3683/1827 1938/3755/1847 1916/3754/1825 
f 1933/3720/1842 1939/3757/1848 1931/3756/1840 
f 1899/3758/1808 1940/3759/1849 1900/3760/1809 
f 1900/3760/1809 1940/3759/1849 1901/3761/1810 
f 1905/3762/1814 1941/3763/1755 1906/3655/1815 
f 1906/3655/1815 1941/3763/1755 1907/3656/1816 
f 1921/3691/1830 1942/3764/785 1922/3692/1831 
f 1922/3692/1831 1942/3764/785 1923/3738/1832 
f 1901/3761/1810 1940/3759/1849 1899/3758/1808 
f 1907/3656/1816 1941/3763/1755 1905/3762/1814 
f 1923/3738/1832 1942/3764/785 1921/3691/1830 
f 1825/3765/1734 1943/3766/1850 1852/3571/1761 1826/3572/1735 
f 1827/3767/1736 1944/3768/1851 1943/3766/1850 1825/3765/1734 
f 1829/3542/1738 1831/3541/1740 1944/3768/1851 1827/3767/1736 
f 1856/3579/1765 1847/3566/1756 1833/3544/1742 1832/3543/1741 
f 1809/3769/1718 1824/3770/1733 1842/3771/1751 1945/3772/1852 
f 1945/3773/1852 1842/3774/1751 1823/3775/1732 1822/3776/1731 
f 1839/3550/1748 1838/3549/1747 1850/3569/1759 1859/3582/1768 
f 1859/3582/1768 1850/3569/1759 1847/3566/1756 1856/3579/1765 
f 1946/3777/1853 1947/3778/1854 1189/2424/1141 1188/2423/1140 
f 1193/2428/1145 1192/2427/1144 1948/3779/1855 1947/3780/1854 
f 1810/3781/1719 1949/3782/1856 1195/2430/1147 1194/2429/1146 
f 1192/2431/1144 1091/2289/1044 1090/2288/1043 1948/3783/1855 
f 1949/3784/1856 1088/2286/1041 1087/2285/1040 1195/2432/1147 
f 1755/3424/1672 1762/3443/1679 1950/3785/1857 1756/3425/1673 
f 1756/3425/1673 1950/3785/1857 1758/3429/1675 1757/3427/1674 
f 1951/3786/1858 1952/3787/1859 1218/3788/1170 1217/3789/1169 
f 1222/3790/1174 1221/3791/1173 1952/3792/1859 1951/3793/1858 
f 1952/3787/1859 1226/3794/1178 1223/3795/1175 1218/3788/1170 
f 1221/3791/1173 1225/3796/1177 1226/3797/1178 1952/3792/1859 
f 1953/3798/1860 1725/3799/1642 1724/3800/1641 1954/3801/1861 
f 1955/3802/1862 1956/3803/1863 1953/3804/1860 1954/3805/1861 
f 1687/3373/1622 1686/3806/1621 1722/3380/1639 1683/3326/1618 
f 1957/3807/1864 1729/3808/1646 1727/3809/1644 1958/3810/1865 
f 1733/3391/1650 1732/3390/1649 1957/3811/1864 1958/3812/1865 
f 1958/3810/1865 1727/3809/1644 1725/3799/1642 1953/3798/1860 
f 1956/3803/1863 1733/3391/1650 1958/3812/1865 1953/3804/1860 
f 1509/3027/1453 1512/3030/1456 1513/3813/1457 1495/3814/1439 
f 1959/3815/1866 1960/3816/1867 1729/3817/1646 1957/3818/1864 
f 1732/3390/1649 1961/3819/1868 1959/3820/1866 1957/3811/1864 
f 1954/3821/1861 1724/3822/1641 1962/3823/1869 1963/3824/1870 
f 1964/3825/1871 1955/3802/1862 1954/3805/1861 1963/3826/1870 
f 1453/2965/1403 1965/3827/1872 1966/3828/1873 1454/2966/1404 
f 1454/2966/1404 1966/3828/1873 1967/3829/1874 1456/2968/1406 
f 1456/3830/1406 1967/3831/1874 1473/2989/1421 1472/2988/1420 
f 1461/2973/1410 1476/3832/1424 1968/3833/1875 1462/2974/1411 
f 1462/2974/1411 1968/3833/1875 1477/3834/1425 1464/2976/1413 
f 1471/2987/1419 1479/2995/1427 1969/3835/1876 1970/3836/1877 
f 1970/3836/1877 1969/3835/1876 1965/3837/1872 1453/3838/1403 
f 1965/3827/1872 1971/3839/1878 1972/3840/1879 1966/3828/1873 
f 1966/3828/1873 1972/3840/1879 1973/3841/1880 1967/3829/1874 
f 1967/3831/1874 1973/3842/1880 1974/3843/1881 1473/2989/1421 
f 1473/2989/1421 1974/3843/1881 1480/2996/1428 1474/2990/1422 
f 1476/3832/1424 1482/3844/1429 1975/3845/1882 1968/3833/1875 
f 1968/3833/1875 1975/3845/1882 1483/3846/1430 1477/3834/1425 
f 1479/2995/1427 1485/3001/1431 1976/3847/1883 1969/3835/1876 
f 1969/3835/1876 1976/3847/1883 1971/3848/1878 1965/3837/1872 
f 1971/3839/1878 1977/3849/1884 1978/3850/1885 1972/3840/1879 
f 1972/3840/1879 1978/3850/1885 1979/3851/1886 1973/3841/1880 
f 1973/3842/1880 1979/3852/1886 1980/3853/1887 1974/3843/1881 
f 1974/3843/1881 1980/3853/1887 1486/3002/1432 1480/2996/1428 
f 1482/3844/1429 1488/3854/1433 1981/3855/1888 1975/3845/1882 
f 1975/3845/1882 1981/3855/1888 1489/3856/1434 1483/3846/1430 
f 1485/3001/1431 1491/3007/1435 1982/3857/1889 1976/3847/1883 
f 1976/3847/1883 1982/3857/1889 1977/3858/1884 1971/3848/1878 
f 1977/3859/1884 1498/3014/1442 1501/3017/1445 1978/3860/1885 
f 1978/3860/1885 1501/3017/1445 1503/3019/1447 1979/3861/1886 
f 1979/3852/1886 1503/3020/1447 1505/3023/1449 1980/3853/1887 
f 1980/3853/1887 1505/3023/1449 1492/3008/1436 1486/3002/1432 
f 1488/3862/1433 1494/3377/1438 1509/3027/1453 1981/3863/1888 
f 1981/3863/1888 1509/3027/1453 1495/3814/1439 1489/3864/1434 
f 1491/3007/1435 1497/3013/1441 1517/3035/1461 1982/3857/1889 
f 1982/3857/1889 1517/3035/1461 1498/3037/1442 1977/3858/1884 
f 1567/3098/1511 1609/3174/1553 1610/3865/1554 1575/3111/1519 
f 1578/3178/1522 1611/3177/1555 1612/3180/1556 1570/3179/1514 
f 1565/3186/1509 1614/3185/1558 1615/3188/1559 1573/3187/1517 
f 1572/3190/1516 1616/3189/1560 1607/3866/1551 1564/3867/1508 
f 1983/3868/1890 1551/3869/1495 1554/3870/1498 1984/3871/1891 
f 1984/3871/1891 1554/3870/1498 1160/2391/1113 1163/2394/1116 
f 1437/3872/1388 1469/3873/1417 1985/3874/1892 1436/3875/1387 
f 1436/3875/1387 1985/3874/1892 1444/3876/1394 1435/3877/1386 
f 1393/3878/1345 1400/3879/1352 1397/3880/1349 1394/3881/1346 
f 1396/2820/1348 1399/2842/1351 1400/2844/1352 1393/2821/1345 
f 1401/3882/1353 1297/3883/1249 1300/3884/1252 1402/3885/1354 
f 1404/2841/1356 1298/3886/1250 1297/3887/1249 1401/2843/1353 
f 1986/3888/1893 1408/2859/1360 1410/2862/1362 1987/3889/1894 
f 1292/2608/1244 1291/2607/1243 1312/3890/1264 1305/3891/1257 
f 1308/3892/1260 1309/3893/1261 1290/2606/1242 1289/2605/1241 
f 1289/3894/1241 1315/3895/1267 1987/3896/1894 1319/3897/1271 
f 1322/3898/1274 1986/3899/1893 1318/3900/1270 1292/3901/1244 
f 1277/3902/1229 1288/2707/1240 1343/2710/1295 1278/3903/1230 
f 1357/3904/1309 1360/3905/1312 1359/3906/1311 1358/3907/1310 
f 1279/3908/1231 1286/3909/1238 1988/3910/1895 1989/3911/1896 
f 1339/3912/1291 1342/3913/1294 1341/2689/1293 1340/2688/1292 
f 1377/3914/1329 1380/3915/1332 1379/3916/1331 1378/3917/1330 
f 1278/3918/1230 1343/3919/1295 1346/3920/1298 1279/3921/1231 
f 1279/3922/1231 1346/2703/1298 1287/2602/1239 1286/2601/1238 
f 1989/3923/1896 1323/3924/1275 1326/3925/1278 1275/3926/1227 
f 1275/3927/1227 1326/2645/1278 1328/2648/1280 1276/3928/1228 
f 1276/2590/1228 1328/3929/1280 1330/3930/1282 1988/3910/1895 
f 1988/3931/1895 1330/2653/1282 1323/2656/1275 1989/3932/1896 
f 1283/3933/1235 1361/2735/1313 1364/2738/1316 1284/3934/1236 
f 1284/3935/1236 1364/2739/1316 1366/2742/1318 1285/3936/1237 
f 1285/3937/1237 1366/2743/1318 1368/2746/1320 1282/3938/1234 
f 1282/3939/1234 1368/2747/1320 1361/2750/1313 1283/3940/1235 
f 1271/3941/1223 1274/2585/1226 1273/2583/1225 1272/2582/1224 
f 1209/3942/1161 1990/3943/1897 1991/3944/1898 1992/3945/1899 
f 1993/3946/1900 1994/3947/1901 1995/3948/1902 1212/3949/1164 
s 1
f 1276/2590/1228 1988/3910/1895 1286/3909/1238 1277/2591/1229 
f 1281/2595/1233 1280/2594/1232 1285/2600/1237 1282/2597/1234 
f 1220/3950/1172 1222/3951/1174 1211/2451/1163 1210/2450/1162 
f 1990/3943/1897 1995/3952/1902 1994/3953/1901 1991/3944/1898 
s off
f 1996/3954/1903 1997/3955/1904 1998/3956/1905 1999/3957/1906 
f 1208/3958/1160 2000/3959/1907 2001/3960/1908 2002/3961/1909 
f 2002/3961/1909 2001/3960/1908 2003/3962/1910 2004/3963/1911 
f 1149/3964/1102 2005/3965/1912 1997/3955/1904 1996/3954/1903 
f 1999/3966/1906 1998/3967/1905 2000/3968/1907 1208/3969/1160 
f 2004/3970/1911 2003/3971/1910 2005/3972/1912 1149/3973/1102 
f 2006/3974/1913 2007/3975/1914 1203/3976/1155 2008/3977/1915 
s 1
f 2009/3978/1916 996/1779/949 31/37/31 1093/2291/1046 
f 2010/3979/1917 2009/3978/1916 1093/2291/1046 1095/3980/1048 
f 1074/2264/1027 2010/3981/1917 1095/2296/1048 1071/2261/1024 
s off
f 998/1783/951 996/1779/949 2009/3978/1916 2006/3982/1913 
f 2011/3983/1918 1201/3984/1153 1200/3985/1152 2012/3986/1919 
f 2013/3987/1920 2010/3981/1917 1074/2264/1027 1999/3988/1906 
s 1
f 1126/2344/1079 1207/2447/1159 1196/2433/1148 1124/2342/1077 
s off
f 417/739/73 1003/1792/956 2014/3989/1921 1434/2942/1385 
f 1434/2942/1385 2014/3989/1921 1169/3990/1122 1168/2944/1121 
f 1173/2950/1125 1172/3991/1124 1419/3992/1371 1439/2951/1389 
f 1439/2951/1389 1419/3992/1371 396/1796/394 425/751/136 
f 1003/1792/956 144/189/142 1175/2406/1127 2014/3989/1921 
f 2014/3989/1921 1175/2406/1127 1177/2408/1129 1169/3990/1122 
f 1169/2400/1122 1177/2409/1129 1179/2412/1131 1170/2401/1123 
f 1170/2401/1123 1179/2412/1131 1181/2414/1133 1172/2403/1124 
f 1172/3991/1124 1181/2415/1133 1183/2418/1135 1419/3992/1371 
f 1427/3993/1379 1426/3994/1378 1425/3995/1377 1428/3996/1380 
f 147/192/145 1005/1802/958 2015/3997/1922 1174/2405/1126 
f 1174/2405/1126 2015/3997/1922 1946/3998/1853 1176/2407/1128 
f 1176/2410/1128 1946/3777/1853 1188/2423/1140 1178/2411/1130 
f 1178/2411/1130 1188/2423/1140 1191/2426/1143 1180/2413/1132 
f 1180/2416/1132 1191/3999/1143 1422/4000/1374 1182/2417/1134 
f 1429/4001/1381 1432/4002/1384 1431/4003/1383 1430/4004/1382 
f 1005/1802/958 164/213/162 1193/2428/1145 2015/3997/1922 
f 2015/3997/1922 1193/2428/1145 1947/3780/1854 1946/3998/1853 
f 1191/3999/1143 1810/3781/1719 1194/2429/1146 1422/4000/1374 
f 1422/4000/1374 1194/2429/1146 169/218/167 399/1810/397 
s 1
f 70/97/70 1120/2336/1073 1198/4005/1150 1006/1811/959 
f 22/1813/22 1085/4006/1038 1127/2345/1080 81/110/81 
f 2016/4007/1923 1079/2273/1032 1078/2272/1031 1128/2347/1081 
f 1085/4006/1038 2016/4008/1923 1128/4009/1081 1127/2345/1080 
f 1131/4010/1084 1084/4011/1037 1079/4012/1032 2016/4013/1923 
f 1086/4014/1039 1131/4010/1084 2016/4013/1923 1085/4015/1038 
f 2008/4016/1915 2017/4017/1924 1009/1826/962 1008/1825/961 
f 1207/2447/1159 1126/2344/1079 2017/4018/1924 2008/4019/1915 
f 1081/4020/1034 13/1833/13 1012/1832/965 2018/4021/1925 
f 1080/4022/1033 1081/4020/1034 2018/4021/1925 1077/4023/1030 
s off
f 1126/2344/1079 1125/2343/1078 2019/4024/1926 2017/4018/1924 
f 1154/4025/1107 1152/4026/1105 1014/1839/967 121/1838/121 
f 1125/4027/1078 1077/4023/1030 2018/4021/1925 2019/4028/1926 
f 1152/4029/1105 1150/4030/1103 115/1845/115 1014/1844/967 
s 1
f 1015/1847/968 56/1850/56 1110/4031/1063 2020/4032/1927 
f 2020/4033/1927 1110/4034/1063 1112/4035/1065 2021/4036/1928 
f 2021/4037/1928 1112/4038/1065 1114/4039/1067 2022/4040/1929 
f 2022/4040/1929 1114/4039/1067 1116/4041/1069 2023/4042/1930 
f 2023/4043/1930 1116/4044/1069 1118/4045/1071 2024/4046/1931 
f 68/4047/68 1021/4048/974 2024/4046/1931 1118/4045/1071 
f 2022/4040/1929 2023/4042/1930 1102/4049/1055 1101/4050/1054 
f 2023/4043/1930 2024/4046/1931 1103/4051/1056 1102/4052/1055 
f 2024/4053/1931 1021/1874/974 47/1873/47 1103/4054/1056 
f 42/1875/42 1015/1847/968 2020/4032/1927 1099/4055/1052 
f 1099/4056/1052 2020/4033/1927 2021/4036/1928 1100/4057/1053 
f 1100/4058/1053 2021/4037/1928 2022/4040/1929 1101/4050/1054 
s off
f 59/1880/59 1023/1883/976 2025/4059/1932 1109/4060/1062 
f 1109/4061/1062 2025/4062/1932 2026/4063/1933 1111/4064/1064 
f 1111/4065/1064 2026/4066/1933 2027/4067/1934 1113/4068/1066 
f 1113/4068/1066 2027/4067/1934 2028/4069/1935 1115/4070/1068 
f 1115/4071/1068 2028/4072/1935 2029/4073/1936 1117/4074/1070 
f 1117/4074/1070 2029/4073/1936 1028/1899/981 69/1898/69 
f 1023/1900/976 55/82/55 1108/2324/1061 2025/4075/1932 
f 2025/4075/1932 1108/2324/1061 1107/4076/1060 2026/4077/1933 
f 2026/4066/1933 1107/2320/1060 1106/2318/1059 2027/4067/1934 
f 2027/4067/1934 1106/2318/1059 1105/2317/1058 2028/4069/1935 
f 2028/4072/1935 1105/4078/1058 1104/4079/1057 2029/4073/1936 
f 2029/4073/1936 1104/4079/1057 48/1906/48 1028/1899/981 
f 93/1907/93 98/1910/98 1142/4080/1095 1136/4081/1089 
f 1136/4081/1089 1142/4080/1095 1144/4082/1097 1137/4083/1090 
f 1137/4083/1090 1144/4082/1097 2030/4084/1937 1138/2365/1091 
f 1138/2365/1091 2030/4084/1937 1145/4085/1098 1139/2366/1092 
f 1139/2366/1092 1145/4085/1098 1148/4086/1101 1140/2367/1093 
f 1140/2367/1093 1148/4086/1101 108/1917/108 90/1916/90 
f 1012/1918/965 1031/1921/984 2031/4087/1938 2018/4088/1925 
f 2018/4089/1925 2031/4090/1938 2032/4091/1939 2019/4092/1926 
f 2019/4024/1926 2032/4093/1939 2033/4094/1940 2017/4018/1924 
f 2017/4095/1924 2033/4096/1940 1034/1930/987 1009/1929/962 
f 1031/1932/984 112/1935/112 1151/4097/1104 2031/4098/1938 
f 2031/4098/1938 1151/4097/1104 1153/4099/1106 2032/4100/1939 
f 2032/4100/1939 1153/4099/1106 1155/4101/1108 2033/4102/1940 
f 2033/4102/1940 1155/4101/1108 120/1941/120 1034/1940/987 
s 1
f 1006/1811/959 1198/4005/1150 2004/4103/1911 1035/1942/988 
f 2006/3982/1913 2008/4016/1915 1008/1825/961 998/1783/951 
f 2012/3986/1919 1205/4104/1157 1204/4105/1156 2011/3983/1918 
s off
f 2010/4106/1917 1199/4107/1151 1202/4108/1154 2009/4109/1916 
f 2009/4110/1916 1202/4111/1154 2007/3975/1914 2006/3974/1913 
f 2008/4112/1915 1203/4113/1155 1206/4114/1158 1207/4115/1159 
f 1207/4116/1159 1206/4117/1158 2034/4118/1941 2013/4119/1920 
f 2013/4119/1920 2034/4118/1941 1199/4120/1151 2010/4121/1917 
f 1202/4122/1154 1201/3984/1153 2011/3983/1918 2007/4123/1914 
f 2007/4123/1914 2011/3983/1918 1204/4105/1156 1203/4124/1155 
f 1206/4125/1158 1205/4126/1157 2012/4127/1919 2034/4128/1941 
f 2034/4128/1941 2012/4127/1919 1200/4129/1152 1199/4130/1151 
f 1999/4131/1906 2035/4132/1942 2036/4133/1943 1996/4134/1903 
f 1996/4134/1903 2036/4133/1943 2037/4135/1944 1149/4136/1102 
f 1149/4137/1102 2037/4138/1944 2038/4139/1945 1076/4140/1029 
f 1076/4141/1029 2038/4142/1945 2039/4143/1946 1073/4144/1026 
f 1073/4144/1026 2039/4143/1946 2040/4145/1947 1074/4146/1027 
f 1074/4147/1027 2040/4148/1947 2035/4149/1942 1999/4150/1906 
s 1
f 1208/2448/1160 1207/2447/1159 2013/3987/1920 1999/3988/1906 
f 111/152/111 1035/1942/988 2004/4103/1911 1149/2376/1102 
f 1986/4151/1893 1987/3896/1894 1315/3895/1267 1318/4152/1270 
s 2
f 1312/3890/1264 1291/2607/1243 1290/2606/1242 1309/3893/1261 
s off
f 1208/4153/1160 2041/4154/1948 2042/4155/1949 1196/4156/1148 
f 1196/4157/1148 2042/4158/1949 2043/4159/1950 1197/4160/1149 
f 1197/4160/1149 2043/4159/1950 2044/4161/1951 1198/4162/1150 
f 1198/4163/1150 2044/4164/1951 2045/4165/1952 2004/4166/1911 
f 2004/4167/1911 2045/4168/1952 2046/4169/1953 2002/4170/1909 
f 2002/4170/1909 2046/4169/1953 2041/4171/1948 1208/4172/1160 
f 2041/4154/1948 1951/3786/1858 1217/3789/1169 2042/4155/1949 
f 2042/4173/1949 1217/4174/1169 1209/4175/1161 2043/4176/1950 
f 2043/4177/1950 1209/4178/1161 1992/4179/1899 2044/4180/1951 
f 2044/4164/1951 1992/4181/1899 1993/4182/1900 2045/4165/1952 
f 2045/4183/1952 1993/3946/1900 1212/3949/1164 2046/4184/1953 
f 2046/4185/1953 1212/4186/1164 1951/4187/1858 2041/4188/1948 
f 1997/4189/1904 1279/4190/1231 1989/4191/1896 1998/4192/1905 
f 1989/4193/1896 1275/4194/1227 2000/3968/1907 1998/3967/1905 
f 2000/4195/1907 1275/4196/1227 1278/4197/1230 2001/4198/1908 
f 2001/4199/1908 1278/4200/1230 1283/4201/1235 2003/4202/1910 
f 2003/3971/1910 1283/3933/1235 1284/3934/1236 2005/3972/1912 
f 2005/4203/1912 1284/4204/1236 1279/4205/1231 1997/4206/1904 
f 2035/4207/1942 1308/4208/1260 1289/4209/1241 2036/4210/1943 
f 2036/4211/1943 1289/4212/1241 1319/4213/1271 2037/4214/1944 
f 2037/4138/1944 1319/2637/1271 1322/2640/1274 2038/4139/1945 
f 2038/4215/1945 1322/4216/1274 1292/4217/1244 2039/4218/1946 
f 2039/4219/1946 1292/4220/1244 1305/4221/1257 2040/4222/1947 
f 2040/4148/1947 1305/2621/1257 1308/2624/1260 2035/4149/1942 
f 1212/2452/1164 1211/2451/1163 1222/3951/1174 1951/4223/1858 
f 1210/2450/1162 1209/2449/1161 1217/4224/1169 1220/3950/1172 
f 1227/4225/1179 1231/4226/1183 1232/4227/1184 1228/4228/1180 
f 1228/2473/1180 1232/2485/1184 1233/2488/1185 1229/2474/1181 
f 1229/2475/1181 1233/2489/1185 1234/2492/1186 1230/2476/1182 
f 1230/4229/1182 1234/4230/1186 1231/4231/1183 1227/4232/1179 
f 1212/4233/1164 1239/4234/1191 1242/4235/1194 1209/4236/1161 
f 1209/4237/1161 1242/4238/1194 1244/4239/1196 1990/4240/1897 
f 1990/4241/1897 1244/4242/1196 1246/4243/1198 1995/4244/1902 
f 1995/3948/1902 1246/2513/1198 1239/2516/1191 1212/3949/1164 
f 1992/4245/1899 1255/2545/1207 1258/2548/1210 1993/4246/1900 
f 1993/4247/1900 1258/2549/1210 1260/2552/1212 1994/4248/1901 
f 1994/4248/1901 1260/2552/1212 1262/2554/1214 1991/4249/1898 
f 1991/4250/1898 1262/2555/1214 1255/2558/1207 1992/4251/1899 
f 1308/4252/1260 1307/2777/1259 1310/2780/1262 1309/4253/1261 
f 1312/4254/1264 1311/2783/1263 1306/2786/1258 1305/4255/1257 
f 1289/2632/1241 1314/2631/1266 1316/2818/1268 1315/4256/1267 
f 1318/2636/1270 1317/2635/1269 1313/2822/1265 1292/4257/1244 
f 1322/4258/1274 1321/2855/1273 1408/2858/1360 1986/4259/1893 
f 1987/4260/1894 1410/2863/1362 1320/2866/1272 1319/4261/1271 
f 1762/3443/1679 1761/4262/1678 1760/4263/1677 1950/3785/1857 
f 1950/3785/1857 1760/4263/1677 1759/4264/1676 1758/3429/1675 
f 1441/2953/1391 1440/2952/1390 1457/4265/1407 2047/4266/1954 
f 1469/3873/1417 1460/2972/1409 1463/2975/1412 1985/3874/1892 
f 1985/3874/1892 1463/2975/1412 1450/2977/1400 1444/3876/1394 
f 1446/2958/1396 1470/2985/1418 2048/4267/1955 1447/2959/1397 
f 2047/4266/1954 1457/4265/1407 1456/3830/1406 1472/2988/1420 
f 2048/4267/1955 1470/2985/1418 1471/2987/1419 1970/3836/1877 
f 1442/2954/1392 1441/2953/1391 2047/4266/1954 1448/2960/1398 
f 1447/2959/1397 2048/4267/1955 1452/4268/1402 1466/2980/1414 
f 1448/2960/1398 2047/4266/1954 1472/2988/1420 1458/2970/1408 
f 1452/4268/1402 2048/4267/1955 1970/3836/1877 1453/3838/1403 
f 1715/4269/1632 1547/4270/1491 1530/4271/1474 1716/4272/1633 
f 1716/4272/1633 1530/4271/1474 1533/4273/1477 1717/4274/1634 
f 1717/3369/1634 1533/3054/1477 1535/3057/1479 1718/3370/1635 
f 1718/3370/1635 1535/3057/1479 1519/3039/1463 1518/3038/1462 
f 1523/4275/1467 1522/4276/1466 1540/4277/1484 1719/4278/1636 
f 1719/4278/1636 1540/4277/1484 1525/4279/1469 1524/4280/1468 
f 1529/3049/1473 1528/3048/1472 1545/3071/1489 1720/3375/1637 
f 1720/3375/1637 1545/3071/1489 1547/3073/1491 1715/3376/1632 
f 1531/3051/1475 1551/4281/1495 1983/4282/1890 1532/3052/1476 
f 1532/3055/1476 1983/4283/1890 1984/4284/1891 1534/3056/1478 
f 1534/3056/1478 1984/4284/1891 1163/3074/1116 1536/3058/1480 
f 1538/3062/1482 1468/4285/1416 1467/3101/1415 1539/3063/1483 
f 1539/3063/1483 1467/3101/1415 1548/3104/1492 1541/3065/1485 
f 1543/3069/1487 1550/3079/1494 1555/3084/1499 1544/3070/1488 
f 1544/3070/1488 1555/3084/1499 1558/3087/1502 1546/3072/1490 
f 1617/3192/1561 1624/3254/1568 1621/3256/1565 1618/3193/1562 
f 1558/4286/1502 2049/4287/1956 2050/4288/1957 1546/4289/1490 
f 1546/4290/1490 2050/4291/1957 2051/4292/1958 1620/4293/1564 
f 1620/4293/1564 2051/4292/1958 1625/3206/1569 1623/3205/1567 
f 1622/3208/1566 1626/3207/1570 1633/4294/1577 1619/4295/1563 
f 1619/4295/1563 1633/4294/1577 2052/4296/1959 1531/4297/1475 
f 1531/3051/1475 2052/4298/1959 2053/4299/1960 1551/4281/1495 
f 1551/4281/1495 2053/4299/1960 1627/3210/1571 1552/3209/1496 
f 1582/3120/1526 1629/4300/1573 2054/4301/1961 1557/3086/1501 
f 1557/3086/1501 2054/4301/1961 2049/4302/1956 1558/3087/1502 
f 2050/4303/1957 2049/4302/1956 2055/4304/1962 2051/4305/1958 
f 2051/4305/1958 2055/4304/1962 1630/4306/1574 1625/4307/1569 
f 1633/3222/1577 1632/3221/1576 2053/4308/1960 2052/4309/1959 
f 2049/4302/1956 2054/4301/1961 1629/4300/1573 2055/4304/1962 
f 2055/4304/1962 1629/4300/1573 1635/4310/1579 1630/4306/1574 
f 1630/3216/1574 1635/4311/1579 1634/4312/1578 1631/3217/1575 
f 1631/3220/1575 1634/4313/1578 1628/4314/1572 1632/3221/1576 
f 1632/3221/1576 1628/4314/1572 1627/4315/1571 2053/4308/1960 
s 1
f 1587/3125/1531 1596/3148/1540 1590/4316/1534 1589/3127/1533 
f 1594/3234/1538 1592/3231/1536 1591/4317/1535 1595/4318/1539 
f 1597/3149/1541 1606/4319/1550 1600/4320/1544 1599/3151/1543 
f 1604/3249/1548 1602/3246/1546 1601/4321/1545 1605/4322/1549 
f 1607/3172/1551 1616/4323/1560 1610/3865/1554 1609/3174/1553 
f 1615/4324/1559 1614/3253/1558 1612/3250/1556 1611/4325/1555 
s off
f 1660/4326/1598 1723/4327/1640 1726/4328/1643 1659/4329/1597 
f 1659/4329/1597 1726/4328/1643 1728/4330/1645 1706/4331/1629 
f 1706/4331/1629 1728/4330/1645 1730/4332/1647 1705/4333/1628 
f 1705/4333/1628 1730/4332/1647 1510/3028/1454 1508/3378/1452 
f 1513/3813/1457 1512/3030/1456 1731/4334/1648 1708/4335/1630 
f 1708/4335/1630 1731/4334/1648 1734/4336/1651 1709/4337/1631 
f 1709/4337/1631 1734/4336/1651 2056/4338/1963 1662/4339/1599 
f 1662/4339/1599 2056/4338/1963 2057/4340/1964 1663/4341/1600 
f 1663/4341/1600 2057/4340/1964 1722/3380/1639 1686/3806/1621 
f 1681/3328/1616 1684/3327/1619 1723/4327/1640 1660/4326/1598 
f 1730/3388/1647 1729/3387/1646 1960/4342/1867 1510/4343/1454 
f 1510/4343/1454 1960/4342/1867 1959/4344/1866 1511/4345/1455 
f 1511/4346/1455 1959/3820/1866 1961/3819/1868 1512/4347/1456 
f 1512/4347/1456 1961/3819/1868 1732/3390/1649 1731/3389/1648 
f 1734/3392/1651 1733/3391/1650 1956/3803/1863 2056/4348/1963 
f 2056/4348/1963 1956/3803/1863 1955/3802/1862 2057/4349/1964 
f 2057/4349/1964 1955/3802/1862 1964/3825/1871 1722/4350/1639 
f 1722/4350/1639 1964/3825/1871 1963/3826/1870 1721/4351/1638 
f 1721/4352/1638 1963/4353/1870 1962/4354/1869 1684/4355/1619 
f 1684/4355/1619 1962/4354/1869 1724/3382/1641 1723/3381/1640 
f 1144/4082/1097 2058/4356/1965 2059/4357/1966 2030/4084/1937 
f 2030/4084/1937 2059/4357/1966 2060/4358/1967 1145/4085/1098 
f 1145/4085/1098 2060/4358/1967 2061/4359/1968 1440/4360/1390 
f 1440/4360/1390 2061/4359/1968 2062/4361/1969 1457/2969/1407 
f 1457/2969/1407 2062/4361/1969 1754/4362/1671 1735/4363/1652 1455/2967/1405 
f 1455/2967/1405 1735/4363/1652 1738/4364/1655 1452/2964/1402 
f 1452/2964/1402 1738/4364/1655 1753/4365/1670 2063/4366/1970 1466/4367/1414 
f 1466/4367/1414 2063/4366/1970 2058/4356/1965 1144/4082/1097 
f 1947/3778/1854 1763/3444/1680 1766/3447/1683 1189/2424/1141 
f 1190/2425/1142 1189/2424/1141 1766/3447/1683 1768/3449/1685 
f 1948/3779/1855 1769/3450/1686 1763/3453/1680 1947/3780/1854 
f 1810/3781/1719 1771/3454/1688 1774/3457/1691 1949/3782/1856 
f 1089/4368/1042 1775/3458/1692 1778/3461/1695 1090/4369/1043 
f 1088/4370/1041 1779/3462/1696 1775/3458/1692 1089/4368/1042 
f 1090/4371/1043 1778/3464/1695 1769/3450/1686 1948/3779/1855 
f 1949/3782/1856 1774/3457/1691 1779/3467/1696 1088/4372/1041 
f 1799/3492/1708 1811/4373/1720 1808/3504/1717 1800/3493/1709 
f 1802/3495/1711 1814/3511/1723 1811/3514/1720 1799/3496/1708 
f 1803/3497/1712 1945/3773/1852 1822/3776/1731 1804/3498/1713 
f 1805/3499/1714 1816/4374/1725 1819/4375/1728 1806/3500/1715 
f 1807/3501/1716 1820/4376/1729 1816/4374/1725 1805/3499/1714 
f 1806/3502/1715 1819/4377/1728 1814/3511/1723 1802/3495/1711 
f 1804/3498/1713 1822/3776/1731 1820/4378/1729 1807/3503/1716 
f 1810/3506/1719 1190/2425/1142 1768/3449/1685 1771/4379/1688 
f 1771/4379/1688 1768/3449/1685 1767/3448/1684 1772/4380/1689 
f 1772/4380/1689 1767/3448/1684 1783/3470/1699 1785/4381/1700 
f 1785/4381/1700 1783/3470/1699 1792/3482/1704 1794/4382/1706 
f 1794/4382/1706 1792/3482/1704 1801/3494/1710 1803/4383/1712 
f 1803/4383/1712 1801/3494/1710 1809/3505/1718 1945/4384/1852 
f 1848/3567/1757 1847/3566/1756 1850/3569/1759 1849/3568/1758 
f 1870/4385/1779 1897/4386/1806 1910/3663/1819 1871/3666/1780 
f 1866/4387/1775 1892/4388/1801 1904/4389/1813 1867/4390/1776 
s 1
f 1903/4391/1812 1896/4392/1805 1895/4393/1804 1893/4394/1802 
f 1902/4395/1811 1901/3761/1810 1899/3758/1808 1898/4396/1807 
f 1905/3762/1814 1915/4397/1824 1908/4398/1817 1907/3656/1816 
f 1913/3753/1822 1911/3665/1820 1909/3664/1818 1914/4399/1823 
f 1916/3754/1825 1925/4400/1834 1919/3684/1828 1918/3683/1827 
f 1931/3756/1840 1930/4401/1839 1934/3721/1843 1933/3720/1842 
s off
f 1910/3662/1819 2064/4402/1971 1876/3660/1785 
f 1876/3605/1785 2064/4403/1971 1877/3606/1786 
f 1877/3636/1786 2064/4404/1971 1897/3634/1806 
f 1897/4386/1806 2064/4405/1971 1910/3663/1819 
f 1881/3677/1790 2065/4406/1972 1878/3675/1787 
f 1878/3607/1787 2065/4407/1972 1879/3608/1788 
f 1879/3700/1788 2065/4408/1972 1880/3698/1789 
f 1880/3609/1789 2065/4409/1972 1881/3610/1790 
f 1885/3725/1794 2066/4410/1973 1882/3722/1791 
f 1882/3611/1791 2066/4411/1973 1883/3612/1792 
f 1883/3613/1792 2066/4412/1973 1884/3614/1793 
f 1884/3615/1793 2066/4413/1973 1885/3616/1794 
f 1889/3688/1798 2067/4414/1974 1886/3685/1795 
f 1886/3617/1795 2067/4415/1974 1887/3618/1796 
f 1887/3712/1796 2067/4416/1974 1888/3710/1797 
f 1888/3619/1797 2067/4417/1974 1889/3620/1798 
f 1904/3648/1813 2068/4418/1975 1890/3646/1799 
f 1890/3621/1799 2068/4419/1975 1891/3622/1800 
f 1891/3623/1800 2068/4420/1975 1892/3624/1801 
f 1892/4388/1801 2068/4421/1975 1904/4389/1813 
s 1
f 1064/4422/1017 740/1193/701 724/1196/685 733/4423/694 
s 2
f 733/4423/694 731/4424/692 1063/4425/1016 1064/4422/1017 
s 1
f 731/4424/692 729/4426/690 1062/4427/1015 1063/4425/1016 
s 2
f 729/4426/690 726/4428/687 1060/4429/1013 1062/4427/1015 
s 1
f 726/4428/687 725/4430/686 1061/4431/1014 1060/4429/1013 
s 2
f 725/4430/686 737/1222/698 1065/4432/1018 1061/4431/1014 
s 1
f 1754/3393/1671 2062/4433/1969 1748/4434/1665 1736/3394/1653 
s 2
f 2062/4433/1969 2061/4435/1968 1746/4436/1663 1748/4434/1665 
s 1
f 2061/4435/1968 2060/4437/1967 1744/4438/1661 1746/4436/1663 
s 2
f 2060/4437/1967 2059/4439/1966 1742/4440/1659 1744/4438/1661 
s 1
f 2058/4441/1965 2063/4442/1970 1752/3422/1669 1739/4443/1656 
s 4
f 2059/4439/1966 2058/4441/1965 1739/4443/1656 1742/4440/1659 
s off
f 1831/3541/1740 1830/3540/1739 2069/4444/1976 2070/4445/1977 
f 1830/3540/1739 1846/3565/1755 2071/4446/1978 2069/4444/1976 
f 1846/3565/1755 1848/3567/1757 2072/4447/1979 2071/4446/1978 
f 1849/3568/1758 1851/3570/1760 2073/4448/1980 2072/4447/1979 
f 1851/3570/1760 1852/3571/1761 2074/4449/1981 2073/4448/1980 
f 1852/3571/1761 1943/3766/1850 2075/4450/1982 2074/4449/1981 
f 1943/3766/1850 1944/3768/1851 2075/4450/1982 
f 1944/3768/1851 1831/3541/1740 2070/4445/1977 2075/4450/1982 
f 1848/3567/1757 1849/3568/1758 2072/4447/1979 
f 929/1566/882 838/1371/791 2076/4451/1983 
f 836/1369/789 835/1368/788 2076/4451/1983 
f 930/1568/883 929/1566/882 2076/4451/1983 
f 835/1368/788 833/1366/786 2076/4451/1983 
f 817/1342/770 816/1341/769 2076/4451/1983 
f 832/1365/785 817/1342/770 2076/4451/1983 
f 816/1341/769 930/1568/883 2076/4451/1983 
f 833/1366/786 832/1365/785 2076/4451/1983 
f 838/1371/791 836/1369/789 2076/4451/1983 
# 1961 polygons - 211 triangles

