# 3ds Max Wavefront OBJ Exporter v0.99 - (c)2007 guruware
# File Created: 31.08.2025 14:57:07

mtllib Count Suckerla.mtl

#
# object Count_Suckerla
#

v  -68.0673 212.1008 -9.6827
v  -68.0673 214.2860 -2.1454
v  -64.3229 213.7313 -2.9814
v  -61.5819 212.2159 -5.2654
v  -68.0673 211.0706 4.6859
v  -61.5819 210.1099 3.2379
v  -60.5786 210.1457 -8.3855
v  -56.8342 207.4850 -0.7182
v  -61.9132 210.5894 -9.3252
v  -64.1082 209.5598 -12.0878
v  -68.0673 206.0054 -14.6256
v  -68.0673 171.7126 21.7378
v  -64.3229 180.4191 17.2400
v  -68.0673 180.9738 18.0760
v  -61.5819 178.9037 14.9559
v  -55.0964 186.0853 7.5786
v  -60.5786 177.7383 13.1168
v  -61.5818 175.6682 9.9967
v  -56.8342 182.4996 2.1745
v  -64.3229 174.1527 7.7127
v  -61.5818 179.8748 -1.7816
v  -68.0673 173.5980 6.8767
v  -68.0673 178.9140 -3.2296
v  -63.9517 220.1537 -18.5114
v  -59.7947 222.7281 -22.8319
v  -62.0022 221.1646 -24.6557
v  -64.4313 219.0023 -24.9160
v  -58.4005 223.2740 -19.9334
v  -54.5072 222.1657 -26.6135
v  -58.3306 219.4576 -29.7723
v  -66.4312 216.8208 -23.5431
v  -62.5380 215.7125 -30.2232
v  -58.1929 222.6560 -16.7367
v  -52.0923 223.1112 -21.5931
v  -49.5060 218.6172 -28.8429
v  -53.9209 215.4901 -32.4904
v  -67.4660 215.2045 -20.9048
v  -66.0020 211.9340 -27.8453
v  -58.7791 211.1657 -33.0110
v  -59.2278 221.0397 -14.0985
v  -51.7328 222.0409 -16.0563
v  -46.7174 219.7091 -23.0458
v  -46.1311 213.0335 -28.9227
v  -49.9545 210.3254 -32.0815
v  -67.2585 214.5865 -17.7082
v  -67.7943 209.1345 -23.2757
v  -62.7789 206.8027 -30.2652
v  -54.1618 206.5803 -32.5324
v  -61.2277 218.8582 -12.7256
v  -53.5252 219.2414 -11.4867
v  -46.3024 218.4731 -16.6525
v  -43.7161 213.9791 -23.9023
v  -45.2868 206.9107 -26.8316
v  -47.4942 205.3472 -28.6553
v  -65.8642 215.1325 -14.8096
v  -67.4349 208.0641 -17.7389
v  -64.8486 203.5701 -24.9887
v  -57.6258 202.8018 -30.1545
v  -49.9233 203.1850 -28.9156
v  -63.6568 216.6960 -12.9859
v  -56.9892 215.4629 -9.1088
v  -48.3721 215.2405 -11.3760
v  -43.3566 212.9087 -18.3655
v  -43.8925 207.4567 -23.9330
v  -47.2730 202.7539 -24.5112
v  -46.7212 203.1448 -24.0553
v  -64.4336 202.3341 -18.5954
v  -59.4182 200.0023 -25.5849
v  -51.9232 201.0034 -27.5427
v  -47.8803 202.2133 -24.5763
v  -52.3719 210.8775 -8.6302
v  -45.1490 210.1092 -13.7960
v  -43.6849 206.8387 -20.7364
v  -46.3726 203.2813 -23.3306
v  -27.1861 181.8466 -29.4408
v  -27.7379 181.4557 -29.8968
v  -59.0587 198.9319 -20.0481
v  -52.9581 199.3872 -24.9045
v  -48.3803 201.6679 -24.2330
v  -28.3452 180.9151 -29.9618
v  -48.6130 206.3307 -11.4180
v  -44.7198 205.2224 -18.0981
v  -46.3207 203.1267 -22.5315
v  -26.8375 181.9831 -28.7162
v  -27.6642 180.5913 -28.5154
v  -52.7505 198.7692 -21.7078
v  -48.6390 201.2639 -23.5735
v  -28.8452 180.3698 -29.6186
v  -46.7197 203.0409 -16.7252
v  -46.5794 202.7227 -21.8719
v  -26.7856 181.8286 -27.9170
v  -51.3563 199.3151 -18.8093
v  -56.6438 199.8775 -15.0277
v  -48.5871 201.1094 -22.7743
v  -29.1039 179.9657 -28.9591
v  -52.8204 202.5857 -11.8689
v  -49.1488 200.8787 -16.9856
v  -47.0794 202.1773 -21.5287
v  -27.0443 181.4245 -27.2575
v  -48.2385 201.2458 -22.0497
v  -29.0520 179.8112 -28.1599
v  -47.6867 201.6367 -21.5937
v  -27.5443 180.8791 -26.9142
v  -28.7034 179.9477 -27.4353
v  -28.1516 180.3386 -26.9793
v  -61.0802 194.4650 -12.5049
v  -60.5785 190.3363 -10.8083
v  -63.1875 188.5976 -11.4041
v  -63.5150 191.2924 -12.5115
v  -54.0931 191.7964 3.7893
v  -55.9653 187.9335 -2.0328
v  -61.0802 185.1056 -6.2949
v  -62.7121 180.8221 -3.6470
v  -56.2881 193.1790 -6.5709
v  -56.4903 191.0701 -4.7512
v  -56.4903 194.8437 -7.2550
v  -54.7926 196.1374 -5.1908
v  -54.5112 194.0388 -4.3732
v  -52.7248 193.4962 -5.3835
v  -53.0851 196.1836 -6.4305
v  -54.9680 191.8847 -3.2534
v  -53.3097 190.7377 -3.9496
v  -55.2304 191.6434 -3.6978
v  -53.6458 190.4287 -4.5187
v  -55.2592 189.6945 -5.8676
v  -55.0001 192.3952 -8.1979
v  -55.2592 194.5269 -9.0739
v  -54.8609 196.3734 -6.2016
v  -53.1725 196.4858 -7.7250
v  -47.5352 196.9077 -7.3750
v  -47.8955 199.5951 -8.4220
v  -48.1201 194.1491 -5.9410
v  -48.4562 193.8402 -6.5102
v  -50.0696 193.1060 -7.8591
v  -49.8105 195.8067 -10.1894
v  -50.0696 197.9384 -11.0653
v  -68.0673 197.5839 22.0449
v  -68.0673 200.1601 30.5596
v  -66.9869 196.2163 23.9862
v  -62.7403 199.9865 6.8145
v  -62.7883 198.2631 8.5254
v  -62.7878 198.2998 7.8815
v  -62.7504 199.6455 6.5454
v  -62.1090 196.8868 9.2877
v  -62.2573 197.2250 8.4768
v  -56.3796 196.9630 5.7462
v  -55.2387 197.2793 3.9103
v  -56.2016 197.5315 4.1042
v  -57.0926 197.2845 5.5379
v  -54.8687 198.7732 1.6861
v  -55.9127 198.6981 2.3673
v  -55.6362 199.6349 0.3156
v  -56.5121 199.3710 1.2971
v  -56.6723 199.9081 3.2060
v  -57.3211 199.5844 3.5542
v  -61.7275 184.9403 15.3130
v  -68.0673 185.2827 16.7610
v  -68.0673 185.2827 14.9274
v  -61.7275 184.9403 13.4794
v  -68.0673 182.7223 18.0760
v  -63.6780 182.5245 17.2400
v  -63.6780 182.5245 15.4064
v  -68.0673 182.7223 16.2424
v  -61.7275 181.9843 14.9559
v  -61.7275 181.9843 13.1223
v  -61.0135 181.5689 13.1168
v  -61.0135 181.5689 11.2832
v  -57.0485 184.5443 9.7044
v  -57.0485 184.5443 7.8708
v  -59.9106 184.6564 13.8868
v  -59.9106 184.6564 12.0531
v  -60.2866 184.7152 13.8025
v  -61.0481 184.8815 14.1558
v  -59.2924 176.9280 14.8322
v  -58.5309 176.7617 14.4788
v  -61.3514 184.8815 13.5637
v  -59.5957 176.9280 14.2400
v  -60.3523 184.7152 13.2619
v  -58.5966 176.7616 13.9382
v  -63.8424 181.7695 -5.5124
v  -53.0222 165.0978 -19.7290
v  -53.1540 167.0839 -13.9376
v  -50.4863 171.4373 -13.9247
v  -50.3009 168.6442 -22.0694
v  -53.2987 165.1004 -8.1505
v  -50.6898 168.6479 -5.7859
v  -50.9908 156.3998 -4.3800
v  -47.4440 156.4118 -0.4833
v  -50.7143 156.3967 -23.6685
v  -47.0552 156.4073 -27.6097
v  -43.9649 177.0772 -13.9173
v  -43.7490 173.8248 -23.4016
v  -44.2018 173.8291 -4.4400
v  -47.4440 144.0126 -4.1694
v  -38.9486 144.3130 -2.5576
v  -38.9486 158.7516 1.7348
v  -47.0552 144.0082 -23.9169
v  -38.4958 158.7464 -29.8532
v  -38.4958 144.3079 -25.5530
v  -33.5947 173.5123 -13.9305
v  -33.4334 171.0827 -21.0156
v  -33.7717 171.0858 -6.8506
v  -28.0250 167.1383 -17.6596
v  -28.2070 168.3977 -13.9491
v  -29.9566 180.4081 -13.9150
v  -29.4529 176.9218 -24.1869
v  -28.0266 167.1398 -10.2412
v  -29.4574 176.9258 -3.6506
v  -27.2209 161.6238 -7.8255
v  -27.2269 161.6560 3.0370
v  -26.4161 156.0326 -9.5048
v  -24.9991 146.1779 -1.6119
v  -26.2333 154.7675 -13.9480
v  -24.4930 142.6757 -13.9120
v  -26.4145 156.0308 -18.5013
v  -24.9944 146.1730 -26.5169
v  -27.2192 161.6220 -20.1837
v  -27.2222 161.6510 -31.1742
v  -28.0413 183.2516 -13.9084
v  -27.4792 179.3605 -25.3729
v  -27.4842 179.3650 -2.4523
v  -24.9947 162.3223 5.0117
v  -22.5082 145.0472 -0.1769
v  -21.9435 141.1384 -13.9051
v  -22.5031 145.0417 -27.9734
v  -24.9895 162.3167 -33.1715
v  -26.7092 183.7523 -13.9084
v  -26.1471 179.8613 -25.3729
v  -26.1521 179.8658 -2.4523
v  -23.6626 162.8230 5.0117
v  -21.1761 145.5480 -0.1769
v  -23.6574 162.8175 -33.1715
v  -21.1709 145.5424 -27.9734
v  -25.0344 180.2586 -25.3729
v  -25.5965 184.1496 -13.9084
v  -23.0986 182.4320 -13.9140
v  -22.5861 178.8841 -24.3671
v  -25.0394 180.2630 -2.4523
v  -22.5907 178.8882 -3.4685
v  -22.5498 163.2203 5.0117
v  -20.3207 163.3489 3.3370
v  -20.0634 145.9453 -0.1769
v  -18.0536 147.5978 -1.3938
v  -19.4986 142.0365 -13.9051
v  -17.5387 144.0338 -13.9110
v  -20.0582 145.9397 -27.9734
v  -18.0489 147.5927 -26.7382
v  -22.5447 163.2148 -33.1715
v  -20.3160 163.3438 -31.4778
v  -21.4285 141.5199 -13.3594
v  -21.5474 141.2851 -13.9771
v  -15.7171 103.2319 -13.9771
v  -15.5983 103.4667 -13.3595
v  -21.4260 141.5172 -14.7528
v  -15.5958 103.4640 -14.7528
v  -20.8008 141.7810 -14.9087
v  -14.9706 103.7279 -14.9088
v  -20.2361 141.9543 -14.7528
v  -14.4058 103.9012 -14.7528
v  -19.8136 141.8152 -13.9771
v  -13.9834 103.7621 -13.9771
v  -20.2386 141.9570 -13.3595
v  -14.4083 103.9038 -13.3595
v  -20.8039 141.7843 -13.2188
v  -14.9736 103.7312 -13.2188
v  -61.2496 131.8138 9.2392
v  -68.0673 131.8062 9.2302
v  -68.0673 123.9790 3.5013
v  -61.2718 123.9865 3.5081
v  -68.0673 131.8020 -32.7010
v  -61.2283 131.8102 -32.6914
v  -61.2578 123.9829 -28.2509
v  -68.0673 123.9747 -28.2582
v  -55.4236 123.9790 -19.7406
v  -55.4236 120.6125 -19.7406
v  -61.2578 120.6164 -28.2509
v  -53.1243 123.9807 -14.0450
v  -53.1243 120.6141 -14.0450
v  -55.4274 123.9822 -8.4836
v  -55.4274 120.6157 -8.4836
v  -61.2718 120.6200 3.5081
v  -68.0673 120.6124 3.5013
v  -68.0673 120.6082 -28.2582
v  -55.4236 117.3826 -19.7406
v  -61.2578 117.3864 -28.2509
v  -53.1243 117.3842 -14.0450
v  -55.4274 117.3857 -8.4836
v  -61.2718 117.3901 3.5081
v  -68.0673 117.3825 3.5013
v  -68.0673 117.3783 -28.2582
v  -68.0673 110.7361 6.3861
v  -61.2496 110.7437 6.3940
v  -61.2283 110.7400 -30.4869
v  -68.0673 110.7318 -30.4954
v  -68.0673 0.0129 11.8348
v  -61.2496 0.0204 11.8448
v  -61.2283 0.0168 -34.6505
v  -68.0673 0.0086 -34.6612
v  -62.3369 163.6588 7.4312
v  -61.3425 165.8359 10.6898
v  -58.6888 160.2364 11.5372
v  -59.1490 159.2289 10.0292
v  -62.3369 165.2716 13.6828
v  -59.1490 159.9753 12.9222
v  -62.2335 151.2675 15.4254
v  -60.5069 149.5965 12.9637
v  -58.3500 155.1014 12.5894
v  -59.1490 155.8746 13.7285
v  -62.2335 149.8934 10.4769
v  -59.1490 155.2388 11.4386
v  -52.4871 150.1128 25.6578
v  -53.4683 147.8363 25.5787
v  -52.9423 147.9048 28.5966
v  -55.4129 142.4390 32.1910
v  -54.8193 142.7191 34.9839
v  -53.9356 145.1212 32.0683
v  -52.6755 149.4181 33.2901
v  -54.5110 149.0497 32.4243
v  -55.4840 152.1198 34.6888
v  -54.1860 153.1342 35.9298
v  -56.6132 147.2859 37.4044
v  -55.2126 148.7319 36.8437
v  -55.3709 148.9262 36.9576
v  -56.7715 147.4801 37.5183
v  -56.0044 148.9611 35.3724
v  -56.1627 149.1553 35.4863
v  -53.2397 156.1170 32.6493
v  -53.4960 156.3215 30.6924
v  -53.7308 156.4584 30.7352
v  -53.4745 156.2538 32.6922
v  -54.0566 154.7467 32.6022
v  -54.2914 154.8837 32.6451
v  -55.3050 150.9680 37.6000
v  -54.3912 153.3008 36.0063
v  -55.5103 151.1345 37.6765
v  -55.6892 152.2863 34.7652
v  -55.8663 150.9878 36.0796
v  -56.0716 151.1544 36.1560
v  -53.8152 153.9983 35.8460
v  -53.6364 155.4516 33.4749
v  -53.8531 155.6024 33.5523
v  -54.0319 154.1491 35.9233
v  -54.5662 154.1985 33.3409
v  -54.7829 154.3492 33.4184
v  -54.9545 153.0585 34.5192
v  -55.1712 153.2092 34.5966
v  -55.4893 149.0715 37.0428
v  -56.8900 147.6255 37.6035
v  -56.2812 149.3007 35.5715
v  -53.9066 156.5609 30.7673
v  -53.6503 156.3564 32.7242
v  -54.4671 154.9861 32.6771
v  -54.5449 153.4255 36.0636
v  -55.6639 151.2591 37.7339
v  -55.8429 152.4109 34.8225
v  -56.2253 151.2791 36.2134
v  -54.0154 155.7153 33.6103
v  -54.1942 154.2621 35.9814
v  -54.9451 154.4622 33.4763
v  -55.3335 153.3222 34.6545
v  -57.2990 154.2938 35.9502
v  -56.7430 155.7325 37.3195
v  -58.6205 149.6604 38.7745
v  -57.6385 151.4633 38.3842
v  -57.7835 151.5462 38.4091
v  -58.7655 149.7432 38.7994
v  -58.0050 151.3338 36.7430
v  -58.1500 151.4166 36.7680
v  -55.7737 158.2799 31.6223
v  -56.3146 156.7311 33.5589
v  -56.4793 156.7529 33.5296
v  -55.9384 158.3017 31.5931
v  -56.0998 158.3123 33.5793
v  -56.2646 158.3343 33.5500
v  -57.5836 153.4127 38.9463
v  -56.9012 155.7914 37.3206
v  -57.7419 153.4716 38.9474
v  -57.4571 154.3527 35.9512
v  -57.6929 153.1732 37.3469
v  -57.8511 153.2321 37.3479
v  -57.1804 156.6898 37.4691
v  -56.7584 158.2882 35.2257
v  -56.9208 158.3341 35.2287
v  -57.3429 156.7358 37.4721
v  -57.1854 156.8291 34.8500
v  -57.3479 156.8749 34.8530
v  -57.5413 155.5483 35.8853
v  -57.7037 155.5942 35.8882
v  -57.9042 151.6150 38.4299
v  -58.8862 149.8121 38.8202
v  -58.2708 151.4856 36.7889
v  -56.6167 156.7712 33.5054
v  -56.0757 158.3201 31.5688
v  -56.4019 158.3525 33.5258
v  -57.0330 155.8406 37.3216
v  -57.8736 153.5208 38.9483
v  -57.5889 154.4018 35.9522
v  -57.9828 153.2813 37.3489
v  -57.0560 158.3723 35.2312
v  -57.4782 156.7740 37.4745
v  -57.8390 155.6324 35.8907
v  -57.4832 156.9131 34.8555
v  -60.5377 153.1186 38.8837
v  -61.5197 151.3157 39.2740
v  -60.9043 152.9892 37.2427
v  -59.0694 158.7182 31.0384
v  -59.3955 158.7506 32.9954
v  -59.6102 157.1693 32.9750
v  -60.6925 157.2049 37.3474
v  -61.5331 154.8850 38.9742
v  -61.2484 155.7662 35.9780
v  -61.6423 154.6455 37.3748
v  -60.9605 159.4752 35.3029
v  -61.3825 157.8768 37.5463
v  -61.3876 158.0160 34.9272
v  -61.7434 156.7353 35.9625
v  -63.9432 153.8010 38.6749
v  -62.4988 158.3084 31.5182
v  -64.3560 156.5979 37.0017
v  -64.5854 158.4940 35.7935
v  -51.0196 143.8101 20.8558
v  -51.5103 144.7605 21.4785
v  -51.5893 148.7004 19.9422
v  -51.0252 148.4126 18.8787
v  -49.7637 144.8967 22.4699
v  -49.2645 144.0247 21.7953
v  -49.2174 148.6008 19.7187
v  -49.7622 148.7961 20.7816
v  -50.0325 149.4062 18.8881
v  -51.8183 154.1291 20.6079
v  -51.0032 153.3236 21.4386
v  -52.8111 153.1355 20.5986
v  -53.3751 153.4233 21.6619
v  -51.9013 148.8857 21.0667
v  -53.6871 153.6086 22.7865
v  -51.3777 149.7168 21.5788
v  -53.1635 154.4397 23.2986
v  -50.5372 149.5770 21.6014
v  -52.3231 154.2999 23.3213
v  -51.5480 153.5189 22.5014
v  -71.8117 213.7313 -2.9814
v  -74.5528 212.2159 -5.2654
v  -74.5528 210.1099 3.2379
v  -75.5561 210.1457 -8.3855
v  -79.3005 207.4850 -0.7182
v  -74.2215 210.5894 -9.3252
v  -72.0265 209.5598 -12.0878
v  -71.8117 180.4191 17.2400
v  -74.5528 178.9037 14.9559
v  -81.0382 186.0853 7.5786
v  -79.3005 182.4996 2.1745
v  -74.5528 175.6682 9.9967
v  -75.5561 177.7383 13.1168
v  -74.5528 179.8748 -1.7816
v  -71.8117 174.1527 7.7127
v  -72.1830 220.1537 -18.5114
v  -74.1325 221.1646 -24.6557
v  -76.3399 222.7281 -22.8319
v  -71.7034 219.0023 -24.9160
v  -77.7342 223.2740 -19.9334
v  -77.8040 219.4576 -29.7723
v  -81.6274 222.1657 -26.6135
v  -69.7034 216.8208 -23.5431
v  -73.5966 215.7125 -30.2232
v  -77.9417 222.6560 -16.7367
v  -84.0424 223.1112 -21.5931
v  -82.2138 215.4901 -32.4904
v  -86.6287 218.6172 -28.8429
v  -68.6686 215.2045 -20.9048
v  -70.1327 211.9340 -27.8453
v  -77.3555 211.1657 -33.0110
v  -76.9069 221.0397 -14.0985
v  -84.4018 222.0409 -16.0563
v  -89.4172 219.7091 -23.0458
v  -86.1802 210.3254 -32.0815
v  -90.0036 213.0335 -28.9227
v  -68.8761 214.5865 -17.7082
v  -68.3403 209.1345 -23.2757
v  -73.3557 206.8027 -30.2652
v  -81.9728 206.5803 -32.5324
v  -74.9070 218.8582 -12.7256
v  -82.6094 219.2414 -11.4867
v  -89.8323 218.4731 -16.6525
v  -92.4186 213.9791 -23.9023
v  -88.6404 205.3472 -28.6553
v  -90.8479 206.9107 -26.8316
v  -70.2704 215.1325 -14.8096
v  -68.6997 208.0641 -17.7389
v  -71.2860 203.5701 -24.9887
v  -78.5089 202.8018 -30.1545
v  -86.2113 203.1850 -28.9156
v  -72.4778 216.6960 -12.9859
v  -79.1455 215.4629 -9.1088
v  -87.7626 215.2405 -11.3760
v  -92.7780 212.9087 -18.3655
v  -92.2422 207.4567 -23.9330
v  -88.8616 202.7539 -24.5112
v  -89.4135 203.1448 -24.0553
v  -71.7011 202.3341 -18.5954
v  -76.7165 200.0023 -25.5849
v  -84.2114 201.0034 -27.5427
v  -88.2543 202.2133 -24.5763
v  -83.7628 210.8775 -8.6302
v  -90.9856 210.1092 -13.7960
v  -92.4497 206.8387 -20.7364
v  -89.7620 203.2813 -23.3306
v  -108.3967 181.4557 -29.8968
v  -108.9486 181.8466 -29.4408
v  -77.0759 198.9319 -20.0481
v  -83.1766 199.3872 -24.9045
v  -87.7544 201.6679 -24.2330
v  -107.7894 180.9151 -29.9618
v  -87.5216 206.3307 -11.4180
v  -91.4149 205.2224 -18.0981
v  -89.8139 203.1267 -22.5315
v  -109.2971 181.9831 -28.7162
v  -108.4704 180.5913 -28.5154
v  -83.3841 198.7692 -21.7078
v  -87.4956 201.2639 -23.5735
v  -107.2895 180.3698 -29.6186
v  -89.4149 203.0409 -16.7252
v  -89.5552 202.7227 -21.8719
v  -109.3490 181.8286 -27.9170
v  -79.4909 199.8775 -15.0277
v  -84.7784 199.3151 -18.8093
v  -87.5475 201.1094 -22.7743
v  -107.0307 179.9657 -28.9591
v  -83.3143 202.5857 -11.8689
v  -86.9858 200.8787 -16.9856
v  -89.0552 202.1773 -21.5287
v  -109.0903 181.4245 -27.2575
v  -87.8961 201.2458 -22.0497
v  -107.0826 179.8112 -28.1599
v  -88.4480 201.6367 -21.5937
v  -108.5903 180.8791 -26.9142
v  -107.4312 179.9477 -27.4353
v  -107.9831 180.3386 -26.9793
v  -75.0545 194.4650 -12.5049
v  -72.6197 191.2924 -12.5115
v  -72.9471 188.5976 -11.4041
v  -75.5561 190.3363 -10.8083
v  -82.0415 191.7964 3.7893
v  -80.1694 187.9335 -2.0328
v  -75.0545 185.1056 -6.2949
v  -73.4225 180.8221 -3.6470
v  -79.6443 191.0701 -4.7512
v  -79.8466 193.1790 -6.5709
v  -79.6443 194.8437 -7.2550
v  -81.3420 196.1374 -5.1908
v  -83.0495 196.1836 -6.4305
v  -83.4099 193.4962 -5.3835
v  -81.6234 194.0388 -4.3732
v  -82.8249 190.7377 -3.9496
v  -81.1666 191.8847 -3.2534
v  -82.4888 190.4287 -4.5187
v  -80.9042 191.6434 -3.6978
v  -80.8755 189.6945 -5.8676
v  -81.1345 192.3952 -8.1979
v  -80.8755 194.5269 -9.0739
v  -82.9621 196.4858 -7.7250
v  -81.2738 196.3734 -6.2016
v  -88.2391 199.5951 -8.4220
v  -88.5995 196.9077 -7.3750
v  -88.0145 194.1491 -5.9410
v  -87.6784 193.8402 -6.5102
v  -86.0651 193.1060 -7.8591
v  -86.3241 195.8067 -10.1894
v  -86.0651 197.9384 -11.0653
v  -69.1478 196.2163 23.9862
v  -73.3943 199.9865 6.8145
v  -73.3843 199.6455 6.5454
v  -73.3468 198.2998 7.8815
v  -73.3463 198.2631 8.5254
v  -73.8773 197.2250 8.4768
v  -74.0257 196.8868 9.2877
v  -79.7550 196.9630 5.7462
v  -79.0420 197.2845 5.5379
v  -79.9330 197.5315 4.1042
v  -80.8959 197.2793 3.9103
v  -80.2219 198.6981 2.3673
v  -81.2659 198.7732 1.6861
v  -79.6226 199.3710 1.2971
v  -80.4984 199.6349 0.3156
v  -78.8135 199.5844 3.5542
v  -79.4624 199.9081 3.2060
v  -74.4072 184.9403 15.3130
v  -74.4072 184.9403 13.4794
v  -72.4567 182.5245 15.4064
v  -72.4567 182.5245 17.2400
v  -74.4072 181.9843 13.1223
v  -74.4072 181.9843 14.9559
v  -75.1211 181.5689 11.2832
v  -75.1211 181.5689 13.1168
v  -79.0862 184.5443 7.8708
v  -79.0862 184.5443 9.7044
v  -76.2241 184.6564 12.0531
v  -76.2241 184.6564 13.8868
v  -75.8480 184.7152 13.8025
v  -77.6037 176.7617 14.4788
v  -76.8422 176.9280 14.8322
v  -75.0865 184.8815 14.1558
v  -76.5389 176.9280 14.2400
v  -74.7832 184.8815 13.5637
v  -77.5380 176.7616 13.9382
v  -75.7824 184.7152 13.2619
v  -72.2923 181.7695 -5.5124
v  -83.1124 165.0978 -19.7290
v  -85.8337 168.6442 -22.0694
v  -85.6483 171.4373 -13.9247
v  -82.9806 167.0839 -13.9376
v  -85.4449 168.6479 -5.7859
v  -82.8360 165.1004 -8.1505
v  -88.6906 156.4118 -0.4833
v  -85.1439 156.3998 -4.3800
v  -85.4204 156.3967 -23.6685
v  -89.0795 156.4073 -27.6097
v  -92.3856 173.8248 -23.4016
v  -92.1697 177.0772 -13.9173
v  -91.9328 173.8291 -4.4400
v  -97.1860 158.7516 1.7348
v  -97.1860 144.3130 -2.5576
v  -88.6906 144.0126 -4.1694
v  -89.0795 144.0082 -23.9169
v  -97.6388 144.3079 -25.5530
v  -97.6388 158.7464 -29.8532
v  -102.7012 171.0827 -21.0156
v  -102.5399 173.5123 -13.9305
v  -102.3630 171.0858 -6.8506
v  -108.1096 167.1383 -17.6596
v  -106.6817 176.9218 -24.1869
v  -106.1780 180.4081 -13.9150
v  -107.9277 168.3977 -13.9491
v  -106.6772 176.9258 -3.6506
v  -108.1080 167.1398 -10.2412
v  -108.9078 161.6560 3.0370
v  -108.9138 161.6238 -7.8255
v  -111.1356 146.1779 -1.6119
v  -109.7185 156.0326 -9.5048
v  -111.6416 142.6757 -13.9120
v  -109.9013 154.7675 -13.9480
v  -111.1402 146.1730 -26.5169
v  -109.7202 156.0308 -18.5013
v  -108.9124 161.6510 -31.1742
v  -108.9154 161.6220 -20.1837
v  -108.6555 179.3605 -25.3729
v  -108.0933 183.2516 -13.9084
v  -108.6504 179.3650 -2.4523
v  -111.1400 162.3223 5.0117
v  -113.6264 145.0472 -0.1769
v  -114.1912 141.1384 -13.9051
v  -113.6316 145.0417 -27.9734
v  -111.1452 162.3167 -33.1715
v  -109.9876 179.8613 -25.3729
v  -109.4254 183.7523 -13.9084
v  -109.9825 179.8658 -2.4523
v  -112.4721 162.8230 5.0117
v  -114.9585 145.5480 -0.1769
v  -114.9637 145.5424 -27.9734
v  -112.4773 162.8175 -33.1715
v  -111.1003 180.2586 -25.3729
v  -113.5486 178.8841 -24.3671
v  -113.0360 182.4320 -13.9140
v  -110.5381 184.1496 -13.9084
v  -113.5440 178.8882 -3.4685
v  -111.0952 180.2630 -2.4523
v  -115.8139 163.3489 3.3370
v  -113.5848 163.2203 5.0117
v  -118.0810 147.5978 -1.3938
v  -116.0712 145.9453 -0.1769
v  -118.5960 144.0338 -13.9110
v  -116.6360 142.0365 -13.9051
v  -118.0857 147.5927 -26.7382
v  -116.0764 145.9397 -27.9734
v  -115.8186 163.3438 -31.4778
v  -113.5900 163.2148 -33.1715
v  -114.7061 141.5199 -13.3594
v  -120.5364 103.4667 -13.3595
v  -120.4175 103.2319 -13.9771
v  -114.5873 141.2851 -13.9771
v  -120.5389 103.4640 -14.7528
v  -114.7086 141.5172 -14.7528
v  -121.1641 103.7279 -14.9088
v  -115.3338 141.7810 -14.9087
v  -121.7288 103.9012 -14.7528
v  -115.8986 141.9543 -14.7528
v  -122.1513 103.7621 -13.9771
v  -116.3210 141.8152 -13.9771
v  -121.7263 103.9038 -13.3595
v  -115.8960 141.9570 -13.3595
v  -121.1610 103.7312 -13.2188
v  -115.3308 141.7843 -13.2188
v  -74.8850 131.8138 9.2392
v  -74.8628 123.9865 3.5081
v  -74.8768 123.9829 -28.2509
v  -74.9064 131.8102 -32.6914
v  -74.8768 120.6164 -28.2509
v  -80.7110 120.6125 -19.7406
v  -80.7110 123.9790 -19.7406
v  -83.0104 120.6141 -14.0450
v  -83.0104 123.9807 -14.0450
v  -80.7072 120.6157 -8.4836
v  -80.7072 123.9822 -8.4836
v  -74.8628 120.6200 3.5081
v  -74.8768 117.3864 -28.2509
v  -80.7110 117.3826 -19.7406
v  -83.0104 117.3842 -14.0450
v  -80.7072 117.3857 -8.4836
v  -74.8628 117.3901 3.5081
v  -74.8850 110.7437 6.3940
v  -74.9064 110.7400 -30.4869
v  -74.8850 0.0204 11.8448
v  -74.9064 0.0168 -34.6505
v  -73.7977 163.6588 7.4312
v  -76.9856 159.2289 10.0292
v  -77.4458 160.2364 11.5372
v  -74.7922 165.8359 10.6898
v  -76.9856 159.9753 12.9222
v  -73.7977 165.2716 13.6828
v  -73.9011 151.2675 15.4254
v  -76.9856 155.8746 13.7285
v  -77.7846 155.1014 12.5894
v  -75.6277 149.5965 12.9637
v  -76.9856 155.2388 11.4386
v  -73.9011 149.8934 10.4769
v  -83.6476 150.1128 25.6578
v  -83.1923 147.9048 28.5966
v  -82.6664 147.8363 25.5787
v  -80.7218 142.4390 32.1910
v  -82.1991 145.1212 32.0683
v  -81.3153 142.7191 34.9839
v  -83.4592 149.4181 33.2901
v  -81.9487 153.1342 35.9298
v  -80.6507 152.1198 34.6888
v  -81.6237 149.0497 32.4243
v  -79.5214 147.2859 37.4044
v  -79.3632 147.4801 37.5183
v  -80.7638 148.9262 36.9576
v  -80.9221 148.7319 36.8437
v  -79.9719 149.1553 35.4863
v  -80.1302 148.9611 35.3724
v  -82.8949 156.1170 32.6493
v  -82.6602 156.2538 32.6922
v  -82.4038 156.4584 30.7352
v  -82.6386 156.3215 30.6924
v  -81.8433 154.8837 32.6451
v  -82.0781 154.7467 32.6022
v  -80.8296 150.9680 37.6000
v  -80.6244 151.1345 37.6765
v  -81.7434 153.3008 36.0063
v  -80.4455 152.2863 34.7652
v  -80.0631 151.1544 36.1560
v  -80.2683 150.9878 36.0796
v  -82.3195 153.9983 35.8460
v  -82.1028 154.1491 35.9233
v  -82.2816 155.6024 33.5523
v  -82.4983 155.4516 33.4749
v  -81.3518 154.3492 33.4184
v  -81.5685 154.1985 33.3409
v  -80.9634 153.2092 34.5966
v  -81.1801 153.0585 34.5192
v  -79.2447 147.6255 37.6035
v  -80.6453 149.0715 37.0428
v  -79.8535 149.3007 35.5715
v  -82.4844 156.3564 32.7242
v  -82.2281 156.5609 30.7673
v  -81.6675 154.9861 32.6771
v  -80.4707 151.2591 37.7339
v  -81.5897 153.4255 36.0636
v  -80.2918 152.4109 34.8225
v  -79.9093 151.2791 36.2134
v  -81.9405 154.2621 35.9814
v  -82.1193 155.7153 33.6103
v  -81.1895 154.4622 33.4763
v  -80.8012 153.3222 34.6545
v  -79.3917 155.7325 37.3195
v  -78.8356 154.2938 35.9502
v  -77.5141 149.6604 38.7745
v  -77.3692 149.7432 38.7994
v  -78.3512 151.5462 38.4091
v  -78.4961 151.4633 38.3842
v  -77.9847 151.4166 36.7680
v  -78.1297 151.3338 36.7430
v  -80.3610 158.2799 31.6223
v  -80.1962 158.3017 31.5931
v  -79.6553 156.7529 33.5296
v  -79.8201 156.7311 33.5589
v  -79.8701 158.3343 33.5500
v  -80.0349 158.3123 33.5793
v  -78.5510 153.4127 38.9463
v  -78.3928 153.4716 38.9474
v  -79.2335 155.7914 37.3206
v  -78.6775 154.3527 35.9512
v  -78.2836 153.2321 37.3479
v  -78.4417 153.1732 37.3469
v  -78.9542 156.6898 37.4691
v  -78.7917 156.7358 37.4721
v  -79.2138 158.3341 35.2287
v  -79.3763 158.2882 35.2257
v  -78.7867 156.8749 34.8530
v  -78.9492 156.8291 34.8500
v  -78.4310 155.5942 35.8882
v  -78.5934 155.5483 35.8853
v  -77.2484 149.8121 38.8202
v  -78.2304 151.6150 38.4299
v  -77.8639 151.4856 36.7889
v  -80.0589 158.3201 31.5688
v  -79.5180 156.7712 33.5054
v  -79.7328 158.3525 33.5258
v  -78.2610 153.5208 38.9483
v  -79.1016 155.8406 37.3216
v  -78.5458 154.4018 35.9522
v  -78.1518 153.2813 37.3489
v  -78.6565 156.7740 37.4745
v  -79.0786 158.3723 35.2312
v  -78.6514 156.9131 34.8555
v  -78.2957 155.6324 35.8907
v  -74.6149 151.3157 39.2740
v  -75.5969 153.1186 38.8837
v  -75.2304 152.9892 37.2427
v  -76.7391 158.7506 32.9954
v  -77.0653 158.7182 31.0384
v  -76.5244 157.1693 32.9750
v  -74.6016 154.8850 38.9742
v  -75.4422 157.2049 37.3474
v  -74.8863 155.7662 35.9780
v  -74.4923 154.6455 37.3748
v  -74.7521 157.8768 37.5463
v  -75.1742 159.4752 35.3029
v  -74.7470 158.0160 34.9272
v  -74.3912 156.7353 35.9625
v  -72.1914 153.8010 38.6749
v  -73.6358 158.3084 31.5182
v  -71.7786 156.5979 37.0017
v  -71.5493 158.4940 35.7935
v  -85.1150 143.8101 20.8558
v  -85.1095 148.4126 18.8787
v  -84.5454 148.7004 19.9422
v  -84.6243 144.7605 21.4785
v  -86.3709 144.8967 22.4699
v  -86.3725 148.7961 20.7816
v  -86.9173 148.6008 19.7187
v  -86.8702 144.0247 21.7953
v  -85.1314 153.3236 21.4386
v  -84.3163 154.1291 20.6079
v  -86.1022 149.4062 18.8881
v  -83.3236 153.1355 20.5986
v  -82.7596 153.4233 21.6619
v  -82.4475 153.6086 22.7865
v  -84.2333 148.8857 21.0667
v  -82.9711 154.4397 23.2986
v  -84.7570 149.7168 21.5788
v  -83.8116 154.2999 23.3213
v  -85.5975 149.5770 21.6014
v  -84.5867 153.5189 22.5014
v  -68.0673 207.9770 7.9426
v  -64.0879 206.9420 7.2943
v  -55.9653 204.1140 2.1205
v  -68.0673 180.0282 -4.8436
v  -68.0673 193.4300 -14.0650
v  -68.0673 190.6168 -13.5297
v  -68.0673 181.1424 -6.4576
v  -51.4548 110.7362 -25.3040
v  -45.1620 0.0129 -28.6495
v  -47.9451 110.7378 -13.9900
v  -38.4822 0.0146 -13.9900
v  -51.4606 110.7393 -2.8317
v  -45.1695 0.0161 0.5138
v  -61.5069 156.4049 9.8472
v  -58.5882 157.0427 11.1472
v  -61.5069 158.0022 15.4908
v  -58.5882 157.7818 13.7588
v  -42.2183 122.8985 -3.2826
v  -44.2024 119.7494 -5.5853
v  -44.2024 118.1553 -2.6735
v  -42.2183 121.8893 -1.5439
v  -42.0442 116.5140 -7.9979
v  -42.0442 114.3033 -3.8782
v  -38.1279 115.2172 -8.9581
v  -38.1279 112.7618 -4.3546
v  -34.8912 116.9466 -7.7081
v  -34.8912 114.8075 -3.7481
v  -32.9013 119.7623 -5.6085
v  -32.9013 118.1598 -2.6997
v  -35.0427 122.5005 -3.6063
v  -35.0427 121.4066 -1.7175
v  -38.3800 124.1897 -2.3314
v  -38.3800 123.4228 -1.0741
v  -44.2024 117.3138 -0.2925
v  -42.2183 121.2121 -0.1457
v  -42.0441 113.2822 -0.4822
v  -38.1279 111.6702 -0.5526
v  -34.8912 113.8030 -0.4841
v  -32.9013 117.3115 -0.3191
v  -35.0427 120.7011 -0.1913
v  -38.3800 122.8146 -0.0797
v  -44.2024 117.2150 2.5752
v  -42.2183 121.0040 1.6469
v  -42.0441 113.2861 3.4989
v  -38.1279 111.7166 3.8734
v  -34.8912 113.7863 3.3542
v  -32.9013 117.2054 2.5504
v  -35.0427 120.5001 1.7432
v  -38.3800 122.5631 1.2708
v  -44.2024 117.3369 5.4239
v  -42.2183 120.7183 3.4786
v  -42.0441 113.8197 7.4035
v  -38.1278 112.4163 8.1997
v  -34.8912 114.2600 7.1254
v  -32.9013 117.3208 5.4026
v  -35.0427 120.2611 3.7112
v  -38.3800 122.1113 2.6838
v  -53.9342 151.0836 29.8295
v  -53.3783 152.6688 27.9269
v  -55.8229 145.7161 36.3355
v  -54.2927 146.9618 35.6472
v  -55.2169 147.3929 34.3039
v  -52.6015 151.9303 29.5968
v  -53.9994 147.4893 35.0961
v  -54.8877 147.9036 33.8051
v  -52.5937 149.7864 32.8073
v  -52.6867 151.2992 30.4688
v  -53.9944 150.4684 30.6973
v  -54.3605 149.4318 31.9740
v  -52.4455 143.4419 22.2252
v  -53.7072 140.7176 25.3227
v  -54.9682 144.4583 28.0587
v  -53.6087 138.1521 29.1645
v  -52.0133 137.4508 31.4437
v  -49.8170 139.2389 30.4556
v  -53.4404 145.3245 34.4291
v  -47.9283 141.8768 28.0497
v  -52.0696 148.4556 32.2771
v  -46.5371 145.1730 24.2101
v  -51.7488 150.0196 28.6771
v  -54.2009 157.5406 24.1510
v  -53.4444 146.5596 30.2763
v  -68.0673 0.0042 -22.2028
v  -51.6175 136.7263 22.6468
v  -49.9596 138.6801 21.0146
v  -51.1724 135.1254 25.3419
v  -49.4376 134.8081 27.1616
v  -47.4294 136.0956 26.7860
v  -45.8423 137.8940 25.3781
v  -46.3744 139.1878 23.0217
v  -47.7369 139.8030 21.0784
v  -55.0964 204.8042 -4.8414
v  -57.2702 206.5760 -8.7396
v  -54.0931 201.1559 -2.4207
v  -55.9653 197.2929 -8.2429
v  -59.2089 202.7061 -12.4998
v  -68.0673 197.6330 -15.6496
v  -52.3289 147.5833 -7.0011
v  -48.8135 145.5882 -13.9359
v  -47.2549 141.2068 -13.9223
v  -52.3231 147.5801 -21.0427
v  -52.3231 131.8063 -21.4554
v  -48.8135 131.8079 -13.9358
v  -52.3289 131.8095 -6.5931
v  -68.0673 165.0977 4.4475
v  -68.0673 168.5556 7.7677
v  -68.0673 145.5463 12.5505
v  -68.0673 147.5800 9.2302
v  -50.2036 155.7771 11.6597
v  -52.3370 165.8440 8.8909
v  -50.5865 167.8268 10.0616
v  -47.1674 157.7250 12.4718
v  -30.9482 160.4416 -2.2378
v  -31.4244 147.6297 -5.4444
v  -30.6100 160.4377 -25.8352
v  -31.0861 147.6259 -22.6227
v  -14.6750 103.5426 -13.9847
v  -68.0673 162.8608 -30.1917
v  -62.6963 161.1273 -28.3149
v  -61.4856 156.3870 -32.6914
v  -68.0673 156.3923 -32.7010
v  -68.0673 158.0094 15.4818
v  -68.0673 149.1928 15.4818
v  -62.6963 152.5042 -33.8878
v  -68.0673 147.5758 -32.7010
v  -46.7159 197.5547 -8.6824
v  -46.6912 200.8062 -9.7164
v  -68.0673 195.5242 29.8572
v  -66.6504 192.6606 26.2099
v  -66.2733 194.2635 24.7719
v  -68.0673 198.3556 30.5565
v  -57.4398 198.5693 5.1920
v  -68.0673 200.9851 9.5697
v  -66.3212 199.8757 9.0117
v  -63.1875 181.4147 -16.2757
v  -63.5150 183.7727 -17.9869
v  -68.0673 175.3350 -9.7118
v  -63.8424 176.1671 -8.9410
v  -68.0673 182.8762 -18.8173
v  -62.1613 172.9471 -17.5307
v  -63.5150 173.0154 -20.3873
v  -68.0673 172.4246 -8.5838
v  -63.8424 173.5588 -8.5815
v  -68.0673 174.7768 -22.4284
v  -63.6867 193.6841 11.8572
v  -63.9775 190.0131 14.2770
v  -57.1790 186.4000 10.0723
v  -56.1377 191.6224 6.7009
v  -54.0796 197.5076 -1.0549
v  -68.0673 190.9739 14.7961
v  -48.5568 188.7081 -35.2764
v  -42.7551 187.5103 -26.5371
v  -37.2463 185.8159 -28.2992
v  -50.1672 186.5971 -40.1884
v  -49.9600 184.5626 1.1745
v  -50.7532 180.5657 8.1176
v  -68.0673 170.3279 -3.9332
v  -63.4660 171.0838 -4.5783
v  -68.0673 188.6390 -45.7301
v  -68.0673 191.2326 -40.8316
v  -62.5388 173.5906 -12.3713
v  -68.0673 167.6618 13.5500
v  -31.2599 145.1890 -13.9285
v  -49.2977 148.7266 14.2878
v  -50.2036 158.9774 13.7774
v  -52.3370 151.8145 14.9316
v  -52.3370 167.0729 11.5902
v  -52.3370 151.0987 12.7586
v  -44.1796 140.9022 -13.9489
v  -42.1644 142.4888 -9.9867
v  -41.9875 142.4863 -18.0481
v  -38.0099 142.6558 -19.6869
v  -34.7225 144.5321 -17.5198
v  -32.7014 143.1541 -13.9524
v  -34.8764 144.5343 -10.5072
v  -38.2659 142.6587 -8.3578
v  -49.7813 144.3863 20.5283
v  -51.7920 145.6068 22.2534
v  -51.2026 146.1647 22.6402
v  -50.4271 145.8148 22.9954
v  -72.0467 206.9420 7.2943
v  -80.1693 204.1140 2.1205
v  -90.9727 0.0129 -28.6495
v  -84.6798 110.7362 -25.3040
v  -97.6524 0.0146 -13.9900
v  -88.1895 110.7378 -13.9900
v  -90.9651 0.0161 0.5138
v  -84.6740 110.7393 -2.8317
v  -74.6277 156.4049 9.8472
v  -77.5465 157.0427 11.1472
v  -77.5465 157.7818 13.7588
v  -74.6277 158.0022 15.4908
v  -93.9163 122.8985 -3.2826
v  -93.9163 121.8893 -1.5439
v  -91.9322 118.1553 -2.6735
v  -91.9322 119.7494 -5.5853
v  -94.0905 114.3033 -3.8782
v  -94.0905 116.5140 -7.9979
v  -98.0068 112.7618 -4.3546
v  -98.0068 115.2172 -8.9581
v  -101.2434 114.8075 -3.7481
v  -101.2434 116.9466 -7.7081
v  -103.2333 118.1598 -2.6997
v  -103.2333 119.7623 -5.6085
v  -101.0919 121.4066 -1.7175
v  -101.0919 122.5005 -3.6063
v  -97.7547 123.4228 -1.0741
v  -97.7547 124.1897 -2.3314
v  -93.9163 121.2121 -0.1457
v  -91.9322 117.3138 -0.2925
v  -94.0905 113.2822 -0.4822
v  -98.0068 111.6702 -0.5526
v  -101.2434 113.8030 -0.4841
v  -103.2333 117.3115 -0.3191
v  -101.0919 120.7011 -0.1913
v  -97.7547 122.8146 -0.0797
v  -93.9163 121.0040 1.6469
v  -91.9322 117.2150 2.5752
v  -94.0905 113.2861 3.4989
v  -98.0068 111.7166 3.8734
v  -101.2434 113.7863 3.3542
v  -103.2333 117.2054 2.5504
v  -101.0919 120.5001 1.7432
v  -97.7547 122.5631 1.2708
v  -93.9163 120.7183 3.4786
v  -91.9322 117.3369 5.4239
v  -94.0905 113.8197 7.4035
v  -98.0068 112.4163 8.1997
v  -101.2434 114.2600 7.1254
v  -103.2333 117.3208 5.4026
v  -101.0919 120.2611 3.7112
v  -97.7547 122.1113 2.6838
v  -82.7563 152.6688 27.9269
v  -82.2005 151.0836 29.8295
v  -80.3118 145.7161 36.3355
v  -81.8420 146.9618 35.6472
v  -80.9177 147.3929 34.3039
v  -83.5331 151.9303 29.5968
v  -82.1353 147.4893 35.0961
v  -81.2469 147.9036 33.8051
v  -83.5409 149.7864 32.8073
v  -83.4480 151.2992 30.4688
v  -82.1402 150.4684 30.6973
v  -81.7741 149.4318 31.9740
v  -83.6891 143.4419 22.2252
v  -81.1665 144.4583 28.0587
v  -82.4275 140.7176 25.3227
v  -82.5259 138.1521 29.1645
v  -84.1213 137.4508 31.4437
v  -82.6942 145.3245 34.4291
v  -86.3177 139.2389 30.4556
v  -84.0650 148.4556 32.2771
v  -88.2064 141.8768 28.0497
v  -84.3858 150.0196 28.6771
v  -89.5975 145.1730 24.2101
v  -81.9337 157.5406 24.1510
v  -82.6902 146.5596 30.2763
v  -86.1751 138.6801 21.0146
v  -84.5172 136.7263 22.6468
v  -84.9622 135.1254 25.3419
v  -86.6971 134.8081 27.1616
v  -88.7053 136.0956 26.7860
v  -90.2923 137.8940 25.3781
v  -89.7603 139.1878 23.0217
v  -88.3977 139.8030 21.0784
v  -81.0382 204.8042 -4.8414
v  -78.8644 206.5760 -8.7396
v  -82.0415 201.1559 -2.4207
v  -80.1694 197.2929 -8.2429
v  -76.9257 202.7061 -12.4998
v  -83.8057 147.5833 -7.0011
v  -88.8797 141.2068 -13.9223
v  -87.3212 145.5882 -13.9359
v  -83.8115 147.5801 -21.0427
v  -83.8115 131.8063 -21.4554
v  -87.3212 131.8079 -13.9358
v  -83.8057 131.8095 -6.5931
v  -85.9311 155.7771 11.6597
v  -88.9672 157.7250 12.4718
v  -85.5481 167.8268 10.0616
v  -83.7976 165.8440 8.8909
v  -105.1864 160.4416 -2.2378
v  -104.7103 147.6297 -5.4444
v  -105.0485 147.6259 -22.6227
v  -105.5247 160.4377 -25.8352
v  -121.4596 103.5426 -13.9847
v  -74.6491 156.3870 -32.6914
v  -73.4384 161.1273 -28.3149
v  -73.4384 152.5042 -33.8878
v  -89.4188 197.5547 -8.6824
v  -89.4435 200.8062 -9.7164
v  -69.8614 194.2635 24.7719
v  -69.4842 192.6606 26.2099
v  -78.6949 198.5693 5.1920
v  -69.8135 199.8757 9.0117
v  -72.6197 183.7727 -17.9869
v  -72.9471 181.4147 -16.2757
v  -72.2923 176.1671 -8.9410
v  -72.6197 173.0154 -20.3873
v  -73.9734 172.9471 -17.5307
v  -72.2923 173.5588 -8.5815
v  -72.4479 193.6841 11.8572
v  -79.9969 191.6224 6.7009
v  -78.9556 186.4000 10.0723
v  -72.1572 190.0131 14.2770
v  -82.0551 197.5076 -1.0549
v  -87.5779 188.7081 -35.2764
v  -85.9674 186.5971 -40.1884
v  -98.8883 185.8159 -28.2992
v  -93.3796 187.5103 -26.5371
v  -85.3815 180.5657 8.1176
v  -86.1746 184.5626 1.1745
v  -72.6686 171.0838 -4.5783
v  -73.5958 173.5906 -12.3713
v  -104.8747 145.1890 -13.9285
v  -86.8370 148.7266 14.2878
v  -83.7976 151.8145 14.9316
v  -85.9311 158.9774 13.7774
v  -83.7976 167.0729 11.5902
v  -83.7976 151.0987 12.7586
v  -93.9702 142.4888 -9.9867
v  -91.9550 140.9022 -13.9489
v  -94.1471 142.4863 -18.0481
v  -98.1248 142.6558 -19.6869
v  -101.4121 144.5321 -17.5198
v  -103.4332 143.1541 -13.9524
v  -101.2583 144.5343 -10.5072
v  -97.8687 142.6587 -8.3578
v  -86.3534 144.3863 20.5283
v  -84.3426 145.6068 22.2534
v  -84.9321 146.1647 22.6402
v  -85.7075 145.8148 22.9954
v  -63.1056 167.0714 -24.3511
v  -57.5917 169.0225 -18.6299
v  -63.0896 168.6088 -0.5751
v  -68.0673 168.2312 0.7174
v  -68.0673 167.7021 -26.7369
v  -73.0290 167.0714 -24.3511
v  -78.5429 169.0225 -18.6299
v  -73.0450 168.6088 -0.5751
v  -63.3103 170.0434 -22.3692
v  -59.8765 170.9848 -18.0803
v  -68.0673 171.2394 -24.5826
v  -72.8244 170.0434 -22.3692
v  -76.2581 170.9848 -18.0803
v  -58.3353 175.4916 -8.7391
v  -57.6707 174.8480 -17.8214
v  -60.6300 175.4598 -2.0678
v  -59.9675 172.9848 4.9792
v  -53.6487 172.8857 -18.7889
v  -59.6933 171.9443 -26.3388
v  -68.0673 173.1404 -30.2352
v  -76.4413 171.9443 -26.3388
v  -82.4859 172.8857 -18.7889
v  -76.1672 172.9848 4.9792
v  -75.5046 175.4598 -2.0678
v  -77.7994 175.4916 -8.7391
v  -78.4640 174.8480 -17.8214
v  -76.0810 174.9164 -22.8499
v  -68.0673 176.6777 -26.4430
v  -60.0536 174.9164 -22.8499
# 1215 vertices

vn 0.0000 0.8596 -0.5110
vn 0.0000 0.9925 0.1223
vn 0.3124 0.9490 0.0431
vn 0.5269 0.8335 -0.1664
vn 0.0000 0.8200 0.5723
vn 0.5303 0.6615 0.5303
vn 0.6312 0.5264 -0.5697
vn 0.7781 0.6020 0.1795
vn -0.0865 0.8463 0.5256
vn -0.8221 0.5383 -0.1854
vn 0.0000 0.2655 -0.9641
vn 0.0000 -0.6092 0.7930
vn 0.4592 0.0316 0.8878
vn 0.0000 0.1749 0.9846
vn 0.7963 -0.0257 0.6043
vn 0.9398 -0.1308 0.3157
vn 0.8651 -0.3494 0.3600
vn 0.6975 -0.7162 -0.0235
vn 0.8236 -0.5204 -0.2254
vn 0.3924 -0.8879 -0.2401
vn 0.4998 -0.7251 -0.4738
vn 0.0000 -0.9482 -0.3175
vn 0.0000 -0.8534 -0.5213
vn -0.6645 0.7245 0.1832
vn -0.3075 0.9339 -0.1826
vn -0.4934 0.8022 -0.3363
vn -0.6981 0.6200 -0.3582
vn -0.1900 0.9798 0.0615
vn 0.1013 0.8773 -0.4691
vn -0.2055 0.6600 -0.7226
vn -0.8665 0.4363 -0.2425
vn -0.5432 0.3595 -0.7588
vn -0.1726 0.9278 0.3308
vn 0.2951 0.9532 -0.0663
vn 0.4815 0.6026 -0.6364
vn 0.1313 0.3545 -0.9258
vn -0.9537 0.3001 -0.0203
vn -0.8211 0.0563 -0.5680
vn -0.2542 0.0114 -0.9671
vn -0.2597 0.7916 0.5530
vn 0.3239 0.8673 0.3780
vn 0.7027 0.6892 -0.1765
vn 0.7423 0.1784 -0.6459
vn 0.4355 -0.0389 -0.8993
vn -0.9362 0.2481 0.2490
vn -0.9649 -0.1684 -0.2013
vn -0.5715 -0.3347 -0.7493
vn 0.0979 -0.3394 -0.9355
vn -0.4282 0.6079 0.6687
vn 0.1801 0.6426 0.7447
vn 0.7357 0.5911 0.3307
vn 0.9361 0.2543 -0.2430
vn 0.8188 -0.2940 -0.4931
vn 0.6328 -0.4257 -0.6467
vn -0.8291 0.2607 0.4947
vn -0.9229 -0.2569 0.2867
vn -0.7357 -0.5912 -0.3307
vn -0.1801 -0.6426 -0.7447
vn 0.4282 -0.6079 -0.6687
vn -0.6286 0.4469 0.6365
vn -0.0909 0.3530 0.9312
vn 0.5715 0.3347 0.7493
vn 0.9649 0.1684 0.2013
vn 0.9362 -0.2481 -0.2490
vn 0.5384 -0.2141 -0.8150
vn 0.8009 -0.0283 -0.5982
vn -0.6992 -0.6746 0.2368
vn -0.3239 -0.8673 -0.3780
vn 0.2597 -0.7916 -0.5530
vn 0.2496 -0.4712 -0.8460
vn 0.2756 0.0077 0.9612
vn 0.8211 -0.0563 0.5680
vn 0.9537 -0.3001 0.0203
vn 0.9666 0.0366 -0.2536
vn 0.7725 0.0885 -0.6288
vn 0.4835 -0.1163 -0.8676
vn -0.2951 -0.9532 0.0663
vn 0.1726 -0.9278 -0.3308
vn 0.0119 -0.7306 -0.6827
vn 0.1652 -0.3995 -0.9017
vn 0.5432 -0.3595 0.7588
vn 0.8665 -0.4363 0.2425
vn 0.9913 -0.0368 0.1265
vn 0.9552 0.1600 -0.2491
vn 0.6645 -0.7245 -0.1832
vn 0.1900 -0.9798 -0.0615
vn -0.1112 -0.9227 -0.3691
vn -0.0966 -0.6852 -0.7219
vn 0.6981 -0.6200 0.3582
vn 0.8682 -0.2290 0.4401
vn 0.9823 0.0791 0.1696
vn 0.3075 -0.9339 0.1826
vn -0.1237 -0.8841 0.4507
vn -0.0865 -0.9962 0.0109
vn -0.2323 -0.8969 -0.3764
vn 0.2208 -0.6727 0.7062
vn 0.4934 -0.8022 0.3363
vn 0.6305 -0.4884 0.6033
vn 0.8468 -0.1326 0.5151
vn 0.0793 -0.9313 0.3555
vn -0.2050 -0.9779 0.0423
vn 0.3417 -0.7454 0.5724
vn 0.5848 -0.4183 0.6950
vn -0.0225 -0.9063 0.4220
vn 0.2667 -0.7016 0.6608
vn 0.4803 -0.1717 -0.8601
vn 0.6215 -0.3817 -0.6841
vn 0.8721 -0.2453 -0.4234
vn 0.4367 -0.0458 -0.8984
vn 0.9780 -0.0089 0.2082
vn 0.8513 -0.3719 -0.3702
vn 0.6307 -0.5316 -0.5653
vn 0.3920 -0.7023 -0.5942
vn -0.0939 -0.5224 -0.8475
vn 0.3484 -0.8024 -0.4846
vn 0.2444 -0.0959 -0.9649
vn 0.9498 0.2814 0.1368
vn 0.8733 0.1573 0.4612
vn 0.2860 0.3984 0.8715
vn 0.1232 0.7539 0.6454
vn 0.8053 -0.5030 0.3137
vn 0.3619 -0.5444 0.7567
vn 0.3914 -0.9038 0.1729
vn 0.2057 -0.9327 0.2962
vn -0.2854 -0.9435 -0.1684
vn -0.3830 -0.5271 -0.7586
vn -0.5821 0.1178 -0.8046
vn 0.2484 0.9652 -0.0816
vn -0.4627 0.8828 -0.0810
vn 0.5156 0.3047 0.8008
vn 0.0304 0.6661 0.7452
vn 0.7846 -0.1690 0.5966
vn 0.6768 -0.7120 -0.1871
vn 0.4481 -0.7379 -0.5046
vn 0.2996 -0.4776 -0.8259
vn -0.1635 0.3296 -0.9299
vn 0.0000 0.9868 0.1619
vn 0.0000 0.7286 0.6849
vn 0.8962 0.4434 0.0114
vn 0.8685 -0.0511 0.4930
vn 0.6956 0.5522 0.4595
vn 0.8328 0.4047 0.3778
vn 0.7676 0.0310 0.6402
vn 0.4037 0.6038 0.6874
vn 0.5992 0.7163 0.3575
vn 0.5786 0.5382 0.6128
vn 0.7235 0.4926 0.4837
vn 0.4568 0.7554 0.4698
vn 0.4487 0.6871 0.5714
vn 0.7190 0.6132 0.3272
vn 0.3904 0.8085 0.4404
vn 0.6712 0.4227 0.6090
vn 0.8184 0.1247 0.5610
vn 0.7277 -0.3375 0.5972
vn 0.7306 0.1685 0.6617
vn 0.3837 -0.5174 0.7649
vn 0.0000 -0.5135 0.8581
vn 0.0000 -0.6039 0.7970
vn 0.3039 -0.7084 0.6371
vn 0.0000 0.6775 0.7355
vn 0.4697 0.5773 0.6679
vn 0.3157 0.8454 0.4307
vn 0.0000 0.8778 0.4791
vn 0.7303 0.5921 0.3406
vn 0.8212 0.4285 0.3769
vn 0.6736 0.6252 0.3941
vn 0.4231 0.6324 0.6489
vn 0.4735 -0.8547 0.2128
vn -0.4455 -0.1773 0.8775
vn 0.5128 -0.5443 0.6639
vn 0.4051 -0.8280 0.3877
vn 0.3972 -0.8277 0.3963
vn -0.3341 -0.8878 0.3166
vn -0.2215 -0.4981 0.8384
vn 0.6968 -0.5850 0.4150
vn -0.4202 -0.9061 -0.0481
vn -0.7363 -0.6123 -0.2882
vn 0.0374 -0.9254 -0.3773
vn 0.4955 -0.5879 -0.6394
vn 0.6455 -0.7157 -0.2667
vn -0.2147 0.6572 -0.7225
vn -0.9459 0.3237 -0.0217
vn -0.7467 0.6649 -0.0163
vn -0.6843 0.4527 -0.5717
vn -0.1809 0.7809 0.5979
vn -0.6949 0.4499 0.5609
vn -0.0648 0.0614 0.9960
vn -0.4742 -0.0336 0.8798
vn -0.1881 0.0648 -0.9800
vn -0.4718 -0.0264 -0.8813
vn -0.1727 0.9850 -0.0029
vn -0.1550 0.7371 -0.6577
vn -0.1658 0.7341 0.6585
vn -0.3748 -0.6890 0.6203
vn 0.1791 -0.6768 0.7141
vn 0.1157 0.0592 0.9915
vn -0.3587 -0.6918 -0.6267
vn 0.1185 0.0659 -0.9908
vn 0.1854 -0.6788 -0.7106
vn 0.5001 0.8659 0.0101
vn 0.4902 0.6818 -0.5430
vn 0.4773 0.6758 0.5616
vn -0.5402 0.5684 -0.6205
vn -0.5364 0.8440 -0.0008
vn -0.9578 0.2875 -0.0004
vn -0.9263 0.1884 -0.3263
vn -0.5571 0.5527 0.6199
vn -0.9254 0.1859 0.3303
vn -0.3944 0.0380 0.9182
vn -0.8672 -0.1060 0.4866
vn -0.3820 -0.6155 0.6894
vn -0.8035 -0.4770 0.3563
vn -0.2343 -0.9721 0.0033
vn -0.7959 -0.6054 0.0015
vn -0.3636 -0.6196 -0.6956
vn -0.8039 -0.4786 -0.3531
vn -0.3734 0.0561 -0.9260
vn -0.8685 -0.1018 -0.4851
vn -0.5968 0.8024 -0.0000
vn -0.5216 0.5910 -0.6153
vn -0.5202 0.5862 0.6210
vn -0.3293 -0.0125 0.9442
vn -0.1464 -0.7344 0.6628
vn -0.0754 -0.9970 0.0189
vn -0.1484 -0.7351 -0.6615
vn -0.3327 -0.0067 -0.9430
vn -0.3438 0.9391 -0.0001
vn -0.2565 0.7001 -0.6663
vn -0.2547 0.6951 0.6723
vn -0.0220 0.0588 0.9980
vn 0.2454 -0.6698 0.7008
vn -0.0247 0.0663 -0.9975
vn 0.2456 -0.6702 -0.7004
vn 0.1470 0.7637 -0.6286
vn 0.1072 0.9942 0.0001
vn 0.8088 0.5881 -0.0001
vn 0.8078 0.4735 -0.3511
vn 0.1480 0.7593 0.6337
vn 0.8074 0.4707 0.3556
vn 0.2744 0.1244 0.9535
vn 0.8430 0.1489 0.5168
vn 0.4592 -0.5835 0.6699
vn 0.8939 -0.2446 0.3757
vn 0.6377 -0.7700 0.0209
vn 0.9277 -0.3734 0.0018
vn 0.4614 -0.5834 -0.6684
vn 0.8950 -0.2459 -0.3722
vn 0.2745 0.1322 -0.9525
vn 0.8431 0.1536 -0.5153
vn -0.0170 -0.7814 0.6237
vn -0.5186 -0.8547 0.0205
vn -0.5243 -0.8509 0.0339
vn -0.4076 -0.6248 0.6660
vn -0.1644 -0.7923 -0.5875
vn -0.4189 -0.6542 -0.6297
vn 0.2540 -0.6182 -0.7439
vn 0.1772 -0.5142 -0.8391
vn 0.4830 -0.6549 -0.5812
vn 0.6137 -0.3511 -0.7072
vn 0.9118 -0.4102 0.0217
vn 0.8688 -0.4931 0.0454
vn 0.4132 -0.6711 0.6155
vn 0.5673 -0.3273 0.7557
vn 0.2501 -0.6141 0.7485
vn 0.1713 -0.4963 0.8511
vn 0.4704 -0.2793 0.8371
vn -0.0000 -0.3110 0.9504
vn 0.0000 -0.3104 0.9506
vn 0.5672 -0.2783 0.7751
vn 0.0000 -0.2554 -0.9668
vn 0.4168 -0.2341 -0.8783
vn 0.4897 -0.2380 -0.8387
vn -0.0000 -0.2551 -0.9669
vn 0.8609 -0.2139 -0.4616
vn 0.8812 0.0000 -0.4727
vn 0.4666 0.0000 -0.8845
vn 0.9643 -0.2649 0.0030
vn 1.0000 -0.0000 0.0044
vn 0.8907 -0.2148 0.4006
vn 0.9118 -0.0000 0.4106
vn 0.5296 -0.0000 0.8482
vn 0.0000 -0.0000 1.0000
vn 0.0000 0.0000 -1.0000
vn 0.8233 0.3698 -0.4306
vn 0.4833 0.1477 -0.8629
vn 0.9360 0.3519 0.0035
vn 0.8527 0.3578 0.3805
vn 0.5573 0.1777 0.8111
vn 0.0000 0.2034 0.9791
vn 0.0000 0.1618 -0.9868
vn 0.0000 0.2272 0.9738
vn 0.3499 0.2076 0.9135
vn 0.2342 0.1724 -0.9568
vn 0.0000 0.1800 -0.9837
vn 0.0000 -0.6900 0.7238
vn 0.2331 -0.6263 0.7439
vn 0.1348 -0.6541 -0.7443
vn 0.0000 -0.6935 -0.7205
vn 0.7645 0.6362 -0.1038
vn 0.6935 0.7163 -0.0771
vn 0.0304 0.9757 -0.2169
vn 0.2640 -0.1290 -0.9558
vn 0.4628 0.5676 0.6809
vn 0.4171 0.5838 0.6966
vn 0.3514 -0.3251 0.8780
vn 0.7590 -0.6407 0.1161
vn -0.0407 -0.9552 0.2933
vn 0.4006 -0.3027 0.8648
vn 0.8620 -0.4892 0.1325
vn 0.5413 -0.4327 -0.7210
vn -0.0826 0.7887 -0.6092
vn -0.9012 0.3403 -0.2685
vn -0.9744 0.2107 -0.0784
vn -0.9941 -0.0407 0.1001
vn -0.4250 -0.3409 0.8386
vn -0.9705 0.2202 -0.0980
vn 0.8554 0.5094 -0.0933
vn -0.5387 0.3963 -0.7435
vn -0.3432 0.3017 -0.8895
vn 0.7892 0.6141 0.0108
vn -0.4375 -0.6731 0.5963
vn 0.8598 0.3259 0.3931
vn 0.8060 0.4025 0.4339
vn -0.4709 -0.6992 0.5379
vn -0.1036 0.4800 -0.8712
vn -0.1346 0.4173 -0.8988
vn 0.7408 0.3114 0.5952
vn 0.3469 0.4526 -0.8214
vn 0.0536 0.3809 -0.9231
vn 0.4439 0.5369 0.7174
vn -0.2043 -0.7483 0.6311
vn -0.4057 -0.8213 0.4011
vn 0.1619 -0.4535 0.8764
vn 0.6350 0.7721 0.0231
vn -0.0232 -0.4410 0.8972
vn -0.2883 0.0829 -0.9540
vn -0.8466 -0.5259 -0.0822
vn -0.6622 -0.7184 -0.2129
vn 0.5428 -0.1137 0.8322
vn 0.6142 0.6653 -0.4244
vn 0.3913 0.7978 -0.4587
vn 0.3177 -0.0299 0.9477
vn -0.6221 0.1153 -0.7744
vn -0.4180 -0.1399 -0.8976
vn -0.7458 -0.6171 0.2507
vn -0.5664 -0.8239 0.0197
vn 0.7903 0.4203 0.4458
vn -0.4643 -0.7009 0.5414
vn -0.1273 0.4172 -0.8998
vn -0.0332 0.3569 -0.9336
vn 0.5190 0.4844 0.7042
vn -0.4888 -0.7969 0.3549
vn 0.6734 0.7391 -0.0192
vn -0.0415 -0.4864 0.8728
vn -0.3826 0.1144 -0.9168
vn -0.7465 -0.6375 -0.1905
vn 0.3850 0.7729 -0.5043
vn 0.3467 -0.0690 0.9354
vn -0.4941 -0.1034 -0.8632
vn -0.6342 -0.7728 0.0249
vn -0.1725 0.1557 -0.9726
vn 0.5501 0.8266 0.1188
vn -0.3294 -0.7232 0.6071
vn 0.6274 0.5698 0.5308
vn 0.4811 0.6737 0.5609
vn -0.3646 -0.7880 0.4962
vn 0.0315 0.4252 -0.9046
vn 0.0065 0.2996 -0.9540
vn 0.2757 0.5137 -0.8125
vn -0.1960 -0.7576 0.6225
vn -0.1918 -0.8889 0.4161
vn 0.2060 0.3138 -0.9269
vn 0.2655 0.6455 0.7162
vn -0.0299 0.7112 0.7024
vn 0.0618 -0.3326 0.9411
vn 0.3489 0.9344 0.0713
vn -0.1343 -0.3780 0.9160
vn -0.0305 -0.0633 -0.9975
vn -0.6305 -0.7489 -0.2040
vn -0.3382 -0.9022 -0.2678
vn 0.2226 0.0080 0.9749
vn 0.4396 0.8633 -0.2479
vn 0.2500 0.9067 -0.3396
vn 0.0187 0.0011 0.9998
vn -0.2948 -0.0561 -0.9539
vn -0.0733 -0.1955 -0.9780
vn -0.5255 -0.8505 -0.0225
vn -0.2718 -0.9534 -0.1308
vn 0.4810 0.6734 0.5614
vn -0.3643 -0.7881 0.4962
vn 0.0065 0.2996 -0.9541
vn -0.1920 -0.8885 0.4167
vn 0.2061 0.3144 -0.9267
vn -0.0298 0.7109 0.7026
vn 0.3491 0.9343 0.0717
vn -0.1342 -0.3778 0.9161
vn -0.0306 -0.0633 -0.9975
vn -0.3383 -0.9022 -0.2676
vn 0.2500 0.9066 -0.3399
vn 0.0186 0.0009 0.9998
vn -0.2717 -0.9535 -0.1307
vn -0.0732 -0.1957 -0.9779
vn 0.3239 0.7502 0.5764
vn -0.5070 -0.6749 0.5361
vn -0.1154 0.3982 -0.9100
vn 0.0346 0.3558 -0.9339
vn -0.1966 0.7211 0.6644
vn -0.3398 -0.8453 0.4124
vn 0.1211 0.9893 0.0808
vn -0.3592 -0.2721 0.8927
vn -0.1556 0.0047 -0.9878
vn -0.4446 -0.8619 -0.2438
vn 0.0144 0.9484 -0.3167
vn -0.1974 0.0735 0.9776
vn -0.1713 -0.1449 -0.9745
vn -0.3935 -0.9128 -0.1094
vn -0.9096 0.4102 0.0661
vn -0.9676 0.0316 -0.2504
vn -0.9543 0.2752 -0.1164
vn -0.9860 0.1532 -0.0657
vn -0.6390 -0.2194 -0.7372
vn -0.8637 0.0076 -0.5040
vn -0.9175 -0.1839 -0.3527
vn -0.3412 -0.2193 -0.9140
vn 0.7809 0.5994 -0.1758
vn 0.9302 0.3600 -0.0718
vn 0.9458 -0.0050 -0.3248
vn 0.8580 0.1875 0.4782
vn 0.4205 0.2223 -0.8796
vn 0.2721 0.6475 -0.7118
vn 0.8656 0.4944 0.0791
vn -0.6790 0.2198 -0.7004
vn -0.9279 -0.0802 -0.3640
vn -0.9738 -0.1356 0.1828
vn -0.9231 0.0234 0.3838
vn -0.2344 -0.1914 0.9531
vn -0.1849 -0.3424 0.9212
vn 0.4957 0.1001 0.8627
vn 0.3583 0.7163 0.5988
vn 0.8278 0.2199 0.5161
vn -0.3124 0.9490 0.0431
vn -0.5269 0.8335 -0.1664
vn -0.5303 0.6615 0.5303
vn -0.6312 0.5264 -0.5697
vn -0.7781 0.6020 0.1795
vn 0.0865 0.8463 0.5256
vn 0.8221 0.5383 -0.1854
vn -0.4592 0.0316 0.8878
vn -0.7963 -0.0257 0.6043
vn -0.9398 -0.1308 0.3157
vn -0.8236 -0.5204 -0.2254
vn -0.6975 -0.7162 -0.0235
vn -0.8651 -0.3494 0.3600
vn -0.4998 -0.7251 -0.4738
vn -0.3924 -0.8879 -0.2401
vn 0.6645 0.7245 0.1832
vn 0.4934 0.8022 -0.3363
vn 0.3075 0.9339 -0.1826
vn 0.6981 0.6200 -0.3582
vn 0.1900 0.9798 0.0615
vn 0.2055 0.6600 -0.7226
vn -0.1013 0.8773 -0.4691
vn 0.8665 0.4363 -0.2425
vn 0.5432 0.3595 -0.7588
vn 0.1726 0.9278 0.3308
vn -0.2951 0.9532 -0.0663
vn -0.1313 0.3545 -0.9258
vn -0.4815 0.6026 -0.6364
vn 0.9537 0.3001 -0.0203
vn 0.8211 0.0563 -0.5680
vn 0.2542 0.0114 -0.9671
vn 0.2597 0.7916 0.5530
vn -0.3239 0.8673 0.3780
vn -0.7027 0.6892 -0.1765
vn -0.4355 -0.0389 -0.8993
vn -0.7423 0.1784 -0.6459
vn 0.9362 0.2481 0.2490
vn 0.9649 -0.1684 -0.2013
vn 0.5715 -0.3347 -0.7493
vn -0.0979 -0.3394 -0.9355
vn 0.4282 0.6079 0.6687
vn -0.1801 0.6426 0.7447
vn -0.7357 0.5911 0.3307
vn -0.9361 0.2543 -0.2430
vn -0.6328 -0.4257 -0.6467
vn -0.8188 -0.2940 -0.4931
vn 0.8291 0.2607 0.4947
vn 0.9229 -0.2569 0.2867
vn 0.7357 -0.5911 -0.3307
vn 0.1801 -0.6426 -0.7447
vn -0.4282 -0.6079 -0.6687
vn 0.6286 0.4469 0.6365
vn 0.0909 0.3530 0.9312
vn -0.5715 0.3347 0.7493
vn -0.9649 0.1684 0.2013
vn -0.9362 -0.2481 -0.2490
vn -0.5384 -0.2141 -0.8150
vn -0.8009 -0.0283 -0.5982
vn 0.6992 -0.6746 0.2368
vn 0.3239 -0.8673 -0.3780
vn -0.2597 -0.7916 -0.5530
vn -0.2496 -0.4712 -0.8460
vn -0.2756 0.0077 0.9612
vn -0.8211 -0.0563 0.5680
vn -0.9537 -0.3001 0.0203
vn -0.9666 0.0366 -0.2536
vn -0.4835 -0.1163 -0.8676
vn -0.7725 0.0885 -0.6288
vn 0.2951 -0.9532 0.0663
vn -0.1726 -0.9278 -0.3308
vn -0.0119 -0.7306 -0.6827
vn -0.1652 -0.3995 -0.9017
vn -0.5432 -0.3595 0.7588
vn -0.8665 -0.4363 0.2425
vn -0.9913 -0.0368 0.1265
vn -0.9552 0.1600 -0.2491
vn -0.6645 -0.7245 -0.1832
vn -0.1900 -0.9798 -0.0615
vn 0.1112 -0.9227 -0.3691
vn 0.0966 -0.6852 -0.7219
vn -0.6981 -0.6200 0.3582
vn -0.8682 -0.2290 0.4401
vn -0.9823 0.0791 0.1696
vn 0.1237 -0.8841 0.4507
vn -0.3075 -0.9339 0.1826
vn 0.0865 -0.9962 0.0109
vn 0.2323 -0.8969 -0.3764
vn -0.2208 -0.6727 0.7062
vn -0.4934 -0.8022 0.3363
vn -0.6305 -0.4884 0.6033
vn -0.8468 -0.1326 0.5151
vn -0.0793 -0.9313 0.3555
vn 0.2050 -0.9779 0.0423
vn -0.3417 -0.7454 0.5724
vn -0.5848 -0.4183 0.6950
vn 0.0225 -0.9063 0.4220
vn -0.2667 -0.7016 0.6608
vn -0.4803 -0.1717 -0.8601
vn -0.4367 -0.0458 -0.8984
vn -0.8721 -0.2453 -0.4234
vn -0.6215 -0.3817 -0.6841
vn -0.9780 -0.0089 0.2082
vn -0.8513 -0.3719 -0.3702
vn -0.6307 -0.5316 -0.5653
vn -0.3920 -0.7023 -0.5942
vn -0.3484 -0.8024 -0.4846
vn 0.0939 -0.5224 -0.8475
vn -0.2444 -0.0959 -0.9649
vn -0.9498 0.2814 0.1368
vn -0.1232 0.7539 0.6454
vn -0.2860 0.3984 0.8715
vn -0.8733 0.1573 0.4612
vn -0.3619 -0.5444 0.7567
vn -0.8053 -0.5030 0.3137
vn -0.2057 -0.9327 0.2962
vn -0.3914 -0.9038 0.1729
vn 0.2854 -0.9435 -0.1684
vn 0.3830 -0.5271 -0.7586
vn 0.5821 0.1178 -0.8046
vn 0.4627 0.8828 -0.0810
vn -0.2484 0.9652 -0.0816
vn -0.0304 0.6661 0.7452
vn -0.5156 0.3047 0.8008
vn -0.7846 -0.1690 0.5966
vn -0.6768 -0.7120 -0.1871
vn -0.4481 -0.7379 -0.5046
vn -0.2996 -0.4776 -0.8259
vn 0.1635 0.3296 -0.9299
vn -0.8962 0.4434 0.0114
vn -0.8685 -0.0511 0.4930
vn -0.7676 0.0310 0.6402
vn -0.8328 0.4047 0.3778
vn -0.6956 0.5522 0.4595
vn -0.5992 0.7163 0.3575
vn -0.4037 0.6038 0.6874
vn -0.5786 0.5382 0.6128
vn -0.4487 0.6871 0.5714
vn -0.4568 0.7554 0.4698
vn -0.7235 0.4926 0.4837
vn -0.3904 0.8085 0.4404
vn -0.7190 0.6132 0.3272
vn -0.8184 0.1247 0.5610
vn -0.6712 0.4227 0.6090
vn -0.7306 0.1685 0.6617
vn -0.7277 -0.3375 0.5972
vn -0.3837 -0.5174 0.7649
vn -0.3039 -0.7084 0.6371
vn -0.3157 0.8454 0.4307
vn -0.4697 0.5773 0.6679
vn -0.8212 0.4285 0.3769
vn -0.7303 0.5921 0.3406
vn -0.4231 0.6324 0.6489
vn -0.6736 0.6252 0.3941
vn 0.4455 -0.1773 0.8775
vn -0.4735 -0.8547 0.2128
vn -0.4051 -0.8280 0.3877
vn -0.5128 -0.5443 0.6639
vn -0.3972 -0.8277 0.3963
vn -0.6968 -0.5850 0.4150
vn 0.2215 -0.4981 0.8384
vn 0.3341 -0.8878 0.3166
vn 0.7363 -0.6123 -0.2882
vn 0.4202 -0.9061 -0.0481
vn -0.4955 -0.5879 -0.6394
vn -0.0374 -0.9254 -0.3773
vn -0.6455 -0.7157 -0.2667
vn 0.2147 0.6572 -0.7225
vn 0.6843 0.4527 -0.5717
vn 0.7467 0.6649 -0.0163
vn 0.9459 0.3237 -0.0217
vn 0.6949 0.4499 0.5609
vn 0.1809 0.7809 0.5979
vn 0.4742 -0.0336 0.8798
vn 0.0648 0.0614 0.9960
vn 0.1881 0.0648 -0.9800
vn 0.4718 -0.0264 -0.8813
vn 0.1550 0.7371 -0.6577
vn 0.1727 0.9850 -0.0029
vn 0.1658 0.7341 0.6585
vn -0.1157 0.0592 0.9915
vn -0.1791 -0.6768 0.7141
vn 0.3748 -0.6890 0.6203
vn 0.3587 -0.6918 -0.6267
vn -0.1854 -0.6788 -0.7106
vn -0.1185 0.0659 -0.9908
vn -0.4902 0.6818 -0.5430
vn -0.5001 0.8659 0.0101
vn -0.4773 0.6758 0.5616
vn 0.5402 0.5684 -0.6205
vn 0.9263 0.1884 -0.3263
vn 0.9578 0.2875 -0.0004
vn 0.5364 0.8440 -0.0008
vn 0.9254 0.1859 0.3303
vn 0.5571 0.5527 0.6199
vn 0.8672 -0.1060 0.4866
vn 0.3944 0.0380 0.9182
vn 0.8035 -0.4770 0.3563
vn 0.3820 -0.6155 0.6894
vn 0.7959 -0.6054 0.0015
vn 0.2343 -0.9721 0.0033
vn 0.8039 -0.4786 -0.3531
vn 0.3636 -0.6196 -0.6956
vn 0.8685 -0.1018 -0.4851
vn 0.3734 0.0561 -0.9260
vn 0.5216 0.5910 -0.6153
vn 0.5968 0.8024 -0.0000
vn 0.5202 0.5862 0.6210
vn 0.3293 -0.0125 0.9442
vn 0.1464 -0.7344 0.6628
vn 0.0754 -0.9970 0.0189
vn 0.1484 -0.7351 -0.6615
vn 0.3327 -0.0067 -0.9430
vn 0.2565 0.7001 -0.6663
vn 0.3438 0.9391 -0.0001
vn 0.2547 0.6951 0.6723
vn 0.0220 0.0588 0.9980
vn -0.2454 -0.6698 0.7008
vn -0.2456 -0.6702 -0.7004
vn 0.0247 0.0663 -0.9975
vn -0.1470 0.7637 -0.6286
vn -0.8078 0.4735 -0.3511
vn -0.8088 0.5881 -0.0001
vn -0.1072 0.9942 0.0001
vn -0.8074 0.4707 0.3556
vn -0.1480 0.7593 0.6337
vn -0.8430 0.1489 0.5168
vn -0.2744 0.1244 0.9535
vn -0.8939 -0.2446 0.3757
vn -0.4592 -0.5835 0.6699
vn -0.9277 -0.3734 0.0018
vn -0.6377 -0.7700 0.0209
vn -0.8950 -0.2459 -0.3722
vn -0.4614 -0.5834 -0.6684
vn -0.8431 0.1536 -0.5153
vn -0.2745 0.1322 -0.9525
vn 0.0170 -0.7814 0.6237
vn 0.4076 -0.6248 0.6660
vn 0.5243 -0.8509 0.0339
vn 0.5186 -0.8547 0.0205
vn 0.4189 -0.6542 -0.6297
vn 0.1644 -0.7923 -0.5875
vn -0.1772 -0.5142 -0.8391
vn -0.2540 -0.6182 -0.7439
vn -0.6137 -0.3511 -0.7072
vn -0.4830 -0.6549 -0.5812
vn -0.8688 -0.4931 0.0454
vn -0.9118 -0.4102 0.0217
vn -0.5673 -0.3273 0.7557
vn -0.4132 -0.6711 0.6155
vn -0.1713 -0.4963 0.8511
vn -0.2501 -0.6141 0.7485
vn -0.4704 -0.2793 0.8371
vn -0.5672 -0.2783 0.7751
vn -0.4897 -0.2380 -0.8387
vn -0.4168 -0.2341 -0.8783
vn -0.4666 0.0000 -0.8845
vn -0.8812 0.0000 -0.4727
vn -0.8609 -0.2139 -0.4616
vn -1.0000 -0.0000 0.0044
vn -0.9643 -0.2649 0.0030
vn -0.9118 -0.0000 0.4106
vn -0.8907 -0.2148 0.4006
vn -0.5296 -0.0000 0.8482
vn -0.4833 0.1477 -0.8629
vn -0.8233 0.3698 -0.4306
vn -0.9360 0.3519 0.0035
vn -0.8527 0.3578 0.3805
vn -0.5573 0.1777 0.8111
vn -0.3499 0.2076 0.9135
vn -0.2342 0.1724 -0.9568
vn -0.2331 -0.6263 0.7439
vn -0.1348 -0.6541 -0.7443
vn -0.7645 0.6362 -0.1038
vn -0.2640 -0.1290 -0.9558
vn -0.0304 0.9757 -0.2169
vn -0.6935 0.7163 -0.0771
vn -0.4171 0.5838 0.6966
vn -0.4628 0.5676 0.6809
vn -0.3514 -0.3251 0.8780
vn -0.4006 -0.3027 0.8648
vn 0.0407 -0.9552 0.2933
vn -0.7590 -0.6407 0.1161
vn -0.5413 -0.4327 -0.7210
vn -0.8620 -0.4892 0.1325
vn 0.0826 0.7887 -0.6092
vn 0.9744 0.2107 -0.0784
vn 0.9012 0.3403 -0.2685
vn 0.9941 -0.0407 0.1001
vn 0.9705 0.2202 -0.0980
vn 0.4250 -0.3409 0.8386
vn -0.8554 0.5094 -0.0933
vn -0.7892 0.6141 0.0108
vn 0.3432 0.3017 -0.8895
vn 0.5387 0.3963 -0.7435
vn 0.4375 -0.6731 0.5963
vn 0.4709 -0.6992 0.5379
vn -0.8060 0.4025 0.4339
vn -0.8598 0.3259 0.3931
vn 0.1346 0.4173 -0.8988
vn 0.1036 0.4800 -0.8712
vn -0.7408 0.3114 0.5952
vn -0.4439 0.5369 0.7174
vn -0.0536 0.3809 -0.9231
vn -0.3469 0.4526 -0.8214
vn 0.4057 -0.8213 0.4011
vn 0.2043 -0.7483 0.6311
vn -0.1619 -0.4535 0.8764
vn 0.0232 -0.4410 0.8972
vn -0.6350 0.7721 0.0231
vn 0.2883 0.0829 -0.9540
vn 0.6622 -0.7184 -0.2129
vn 0.8466 -0.5259 -0.0822
vn -0.5428 -0.1137 0.8322
vn -0.3177 -0.0299 0.9477
vn -0.3913 0.7978 -0.4587
vn -0.6142 0.6653 -0.4244
vn 0.4180 -0.1399 -0.8976
vn 0.6221 0.1153 -0.7744
vn 0.5664 -0.8239 0.0197
vn 0.7458 -0.6171 0.2507
vn 0.4643 -0.7009 0.5414
vn -0.7903 0.4203 0.4458
vn 0.1273 0.4172 -0.8998
vn -0.5190 0.4844 0.7042
vn 0.0332 0.3569 -0.9336
vn 0.4888 -0.7969 0.3549
vn 0.0415 -0.4864 0.8728
vn -0.6734 0.7391 -0.0192
vn 0.3826 0.1144 -0.9168
vn 0.7465 -0.6375 -0.1905
vn -0.3467 -0.0690 0.9354
vn -0.3850 0.7729 -0.5043
vn 0.4941 -0.1034 -0.8632
vn 0.6342 -0.7728 0.0249
vn -0.5501 0.8266 0.1188
vn 0.1725 0.1557 -0.9726
vn 0.3294 -0.7232 0.6071
vn 0.3646 -0.7880 0.4962
vn -0.4811 0.6737 0.5609
vn -0.6274 0.5698 0.5308
vn -0.0065 0.2996 -0.9540
vn -0.0315 0.4252 -0.9046
vn -0.2757 0.5137 -0.8125
vn -0.2060 0.3138 -0.9269
vn 0.1918 -0.8889 0.4161
vn 0.1960 -0.7576 0.6225
vn 0.0299 0.7112 0.7024
vn -0.2655 0.6455 0.7162
vn -0.0618 -0.3326 0.9411
vn 0.1343 -0.3780 0.9160
vn -0.3489 0.9344 0.0713
vn 0.0305 -0.0633 -0.9975
vn 0.3382 -0.9022 -0.2678
vn 0.6305 -0.7489 -0.2040
vn -0.2226 0.0080 0.9749
vn -0.0187 0.0011 0.9998
vn -0.2500 0.9067 -0.3396
vn -0.4396 0.8633 -0.2479
vn 0.0733 -0.1955 -0.9780
vn 0.2948 -0.0561 -0.9539
vn 0.2718 -0.9534 -0.1308
vn 0.5255 -0.8505 -0.0225
vn 0.3643 -0.7881 0.4962
vn -0.4810 0.6734 0.5614
vn -0.0065 0.2996 -0.9541
vn -0.2061 0.3144 -0.9267
vn 0.1920 -0.8885 0.4167
vn 0.0298 0.7109 0.7026
vn 0.1342 -0.3778 0.9161
vn -0.3491 0.9343 0.0717
vn 0.0306 -0.0633 -0.9975
vn 0.3383 -0.9022 -0.2676
vn -0.0186 0.0009 0.9998
vn -0.2500 0.9066 -0.3399
vn 0.0732 -0.1957 -0.9779
vn 0.2717 -0.9535 -0.1307
vn 0.5070 -0.6749 0.5361
vn -0.3239 0.7502 0.5764
vn 0.1154 0.3982 -0.9100
vn 0.1966 0.7211 0.6644
vn -0.0346 0.3558 -0.9339
vn 0.3398 -0.8453 0.4124
vn 0.3592 -0.2721 0.8927
vn -0.1211 0.9893 0.0808
vn 0.1556 0.0047 -0.9878
vn 0.4446 -0.8619 -0.2438
vn 0.1974 0.0735 0.9776
vn -0.0144 0.9484 -0.3167
vn 0.1713 -0.1449 -0.9745
vn 0.3935 -0.9128 -0.1094
vn 0.9096 0.4102 0.0661
vn 0.9676 0.0316 -0.2504
vn 0.9543 0.2752 -0.1164
vn 0.9860 0.1532 -0.0657
vn 0.6390 -0.2194 -0.7372
vn 0.3412 -0.2193 -0.9140
vn 0.9175 -0.1839 -0.3527
vn 0.8637 0.0076 -0.5040
vn -0.7809 0.5994 -0.1758
vn -0.8580 0.1875 0.4782
vn -0.9458 -0.0050 -0.3248
vn -0.9302 0.3600 -0.0718
vn -0.8656 0.4944 0.0791
vn -0.2721 0.6475 -0.7118
vn -0.4205 0.2223 -0.8796
vn 0.6790 0.2198 -0.7004
vn 0.9279 -0.0802 -0.3640
vn 0.9231 0.0234 0.3838
vn 0.9738 -0.1356 0.1828
vn 0.1849 -0.3424 0.9212
vn 0.2344 -0.1914 0.9531
vn -0.3583 0.7163 0.5988
vn -0.4957 0.1001 0.8627
vn -0.8278 0.2199 0.5161
vn 0.0000 0.5172 0.8559
vn 0.4034 0.3544 0.8436
vn 0.7961 0.2927 0.5296
vn 0.0000 -0.8229 -0.5681
vn 0.0000 -0.2666 -0.9638
vn 0.0000 0.2513 -0.9679
vn 0.0000 -0.9394 0.3428
vn 0.7021 0.3829 -0.6003
vn 0.5447 -0.6072 -0.5785
vn 0.9376 0.3478 0.0024
vn 0.8059 -0.5920 0.0018
vn 0.7736 0.3865 0.5022
vn 0.5980 -0.6296 0.4960
vn 0.9524 -0.0725 -0.2960
vn 0.1915 -0.3228 -0.9269
vn 0.2770 0.1128 0.9542
vn 0.2173 0.1541 0.9639
vn -0.7097 0.4381 0.5517
vn -0.9929 -0.0583 -0.1041
vn -0.9994 -0.0300 -0.0166
vn -0.6790 0.6482 0.3447
vn -0.6298 -0.5108 -0.5851
vn -0.6591 -0.6949 -0.2876
vn 0.0859 -0.6759 -0.7320
vn 0.0927 -0.9239 -0.3713
vn 0.6956 -0.4607 -0.5512
vn 0.7217 -0.6382 -0.2682
vn 0.9947 -0.0445 -0.0931
vn 1.0000 -0.0011 -0.0041
vn 0.7198 0.4199 0.5528
vn 0.7059 0.6285 0.3266
vn 0.0910 0.5933 0.7998
vn 0.0837 0.8504 0.5194
vn -0.9984 -0.0538 -0.0170
vn -0.6897 0.6944 0.2052
vn -0.6542 -0.7483 -0.1100
vn 0.0916 -0.9873 -0.1298
vn 0.7178 -0.6881 -0.1063
vn 0.9996 -0.0250 -0.0124
vn 0.7108 0.6776 0.1889
vn 0.0867 0.9235 0.3737
vn -0.9998 -0.0221 -0.0026
vn -0.6581 0.7461 0.1013
vn -0.6599 -0.7496 0.0514
vn 0.0929 -0.9918 0.0882
vn 0.7209 -0.6918 0.0413
vn 0.9999 0.0112 -0.0031
vn 0.6876 0.7215 0.0813
vn 0.0790 0.9686 0.2356
vn -0.9772 -0.1954 -0.0832
vn -0.7164 0.6261 -0.3078
vn -0.6101 -0.7332 0.3004
vn 0.1333 -0.8485 0.5121
vn 0.7144 -0.5505 0.4319
vn 0.9799 0.0075 0.1992
vn 0.7162 0.6963 -0.0468
vn 0.1508 0.9800 -0.1295
vn -0.7212 -0.4253 0.5467
vn -0.1858 0.6170 -0.7647
vn -0.5467 -0.5643 0.6186
vn 0.9116 0.2344 0.3376
vn -0.2229 0.5496 -0.8052
vn 0.9124 0.0166 0.4091
vn 0.0358 -0.4261 0.9040
vn -0.9465 -0.3223 0.0145
vn 0.5887 -0.2277 0.7756
vn 0.4305 0.7323 -0.5276
vn -0.7807 0.2268 -0.5823
vn -0.8571 -0.4099 0.3121
vn -0.7894 -0.0179 -0.6136
vn -0.9334 -0.1859 -0.3069
vn -0.9735 0.1792 -0.1423
vn -0.8392 -0.5413 0.0522
vn -0.0554 -0.7248 0.6868
vn 0.6914 -0.1608 0.7044
vn 0.7243 0.0404 0.6883
vn 0.8231 0.1078 0.5576
vn 0.8087 0.3290 0.4876
vn 0.8467 0.4707 -0.2480
vn 0.7929 0.5932 0.1396
vn -0.3685 0.8102 0.4558
vn -0.9692 0.2262 -0.0972
vn 0.0000 -1.0000 0.0000
vn -0.9214 -0.1353 -0.3643
vn -0.5081 0.1688 -0.8446
vn -0.7753 -0.6136 0.1497
vn -0.0114 -0.7683 0.6400
vn 0.6208 -0.3213 0.7151
vn 0.8930 0.1719 0.4160
vn 0.8906 0.3817 -0.2471
vn 0.4662 0.4647 -0.7528
vn 0.9278 0.2853 -0.2402
vn 0.7723 0.1716 0.6116
vn 0.9920 0.1118 0.0583
vn 0.7918 -0.0988 -0.6027
vn 0.3504 -0.9361 0.0312
vn 0.0000 -0.1815 -0.9834
vn 0.4146 -0.4206 0.8070
vn -0.8269 -0.5624 -0.0028
vn -0.5745 -0.8185 -0.0054
vn 0.3516 -0.3929 -0.8497
vn 0.8333 -0.2009 -0.5151
vn 0.9040 0.4274 0.0064
vn 0.8674 -0.2082 0.4520
vn 0.0000 0.9849 0.1734
vn -0.0000 0.9264 -0.3766
vn 0.0000 -0.9916 0.1295
vn 0.0000 -0.7363 0.6766
vn 0.2721 -0.3008 -0.9140
vn -0.1558 0.4320 -0.8883
vn 0.4183 0.8821 -0.2165
vn 0.9985 0.0305 -0.0463
vn 0.6270 0.1280 0.7684
vn 0.6662 -0.5313 0.5234
vn 0.6451 0.1350 -0.7521
vn 0.6828 -0.5302 -0.5027
vn 0.2952 -0.9550 0.0272
vn 0.0000 0.4821 -0.8761
vn 0.3902 0.6216 -0.6793
vn 0.3531 0.4152 -0.8384
vn 0.0000 0.1840 -0.9829
vn 0.0000 0.0987 0.9951
vn 0.0000 -0.3923 0.9198
vn 0.1343 0.1928 -0.9720
vn 0.9709 -0.1985 -0.1340
vn 0.5525 0.8022 -0.2265
vn 0.0000 -0.4356 0.9002
vn 0.0505 -0.8803 0.4717
vn 0.9726 0.1458 0.1810
vn 0.0000 -0.0726 0.9974
vn 0.5320 0.5702 0.6260
vn 0.0000 0.6294 0.7771
vn 0.5137 0.4419 0.7354
vn 0.9977 0.0663 0.0162
vn 0.6512 0.3366 -0.6802
vn 0.0000 -0.0188 0.9998
vn 0.7165 -0.1651 0.6777
vn 0.0000 0.4749 -0.8800
vn 0.3511 0.9289 -0.1180
vn 0.3474 0.9357 -0.0615
vn 0.0000 0.7183 0.6958
vn -0.1146 0.7889 0.6038
vn 0.0000 0.9813 -0.1924
vn 0.7581 0.3867 0.5251
vn 0.6389 0.1018 0.7625
vn 0.7147 0.2573 0.6504
vn 0.7174 0.2171 0.6620
vn 0.9981 0.0331 0.0523
vn 0.0000 -0.5575 0.8302
vn 0.3430 0.9383 -0.0434
vn -0.0141 0.9888 0.1483
vn 0.9548 0.1357 -0.2643
vn 0.4769 0.0528 -0.8774
vn 0.1661 0.9368 0.3080
vn 0.2436 0.0758 0.9669
vn 0.0000 0.9116 0.4110
vn 0.1232 0.5770 0.8074
vn 0.0000 0.1748 -0.9846
vn 0.0000 0.9989 0.0472
vn -0.3709 0.9188 -0.1350
vn 0.0000 0.7820 0.6233
vn 0.8472 -0.5309 0.0188
vn 0.4767 -0.8639 0.1627
vn 0.2578 0.2196 0.9409
vn -0.1567 -0.2420 0.9575
vn -0.2881 0.8508 0.4394
vn -0.1267 -0.5909 -0.7968
vn -0.6845 -0.7218 -0.1020
vn -0.3983 -0.6566 0.6405
vn -0.2317 -0.8045 -0.5469
vn 0.2986 -0.7377 -0.6055
vn 0.5306 -0.7056 -0.4697
vn 0.9514 -0.3013 -0.0645
vn 0.6004 -0.5732 0.5576
vn 0.2570 -0.4335 0.8638
vn 0.4737 -0.1364 -0.8700
vn -0.8985 0.2745 -0.3426
vn -0.2959 0.9396 0.1720
vn 0.7214 0.6821 0.1196
vn -0.4034 0.3544 0.8436
vn -0.7961 0.2927 0.5296
vn -0.5447 -0.6072 -0.5785
vn -0.7021 0.3829 -0.6003
vn -0.8059 -0.5920 0.0018
vn -0.9376 0.3478 0.0024
vn -0.5980 -0.6296 0.4960
vn -0.7736 0.3865 0.5022
vn -0.9524 -0.0725 -0.2960
vn -0.1915 -0.3228 -0.9269
vn -0.2173 0.1541 0.9639
vn -0.2770 0.1128 0.9542
vn 0.7097 0.4381 0.5517
vn 0.6790 0.6482 0.3447
vn 0.9994 -0.0300 -0.0166
vn 0.9929 -0.0583 -0.1041
vn 0.6591 -0.6949 -0.2876
vn 0.6298 -0.5108 -0.5851
vn -0.0927 -0.9239 -0.3713
vn -0.0859 -0.6759 -0.7320
vn -0.7217 -0.6382 -0.2682
vn -0.6956 -0.4607 -0.5512
vn -1.0000 -0.0011 -0.0041
vn -0.9947 -0.0445 -0.0931
vn -0.7059 0.6285 0.3266
vn -0.7198 0.4199 0.5528
vn -0.0837 0.8504 0.5194
vn -0.0910 0.5933 0.7998
vn 0.6897 0.6944 0.2052
vn 0.9984 -0.0538 -0.0170
vn 0.6542 -0.7483 -0.1100
vn -0.0916 -0.9873 -0.1298
vn -0.7178 -0.6881 -0.1063
vn -0.9996 -0.0250 -0.0124
vn -0.7108 0.6776 0.1889
vn -0.0867 0.9235 0.3737
vn 0.6581 0.7461 0.1013
vn 0.9998 -0.0221 -0.0026
vn 0.6599 -0.7496 0.0514
vn -0.0929 -0.9918 0.0882
vn -0.7209 -0.6918 0.0413
vn -0.9999 0.0112 -0.0031
vn -0.6876 0.7215 0.0813
vn -0.0790 0.9686 0.2356
vn 0.7164 0.6261 -0.3078
vn 0.9772 -0.1954 -0.0832
vn 0.6101 -0.7332 0.3004
vn -0.1333 -0.8485 0.5121
vn -0.7144 -0.5505 0.4319
vn -0.9799 0.0075 0.1992
vn -0.7162 0.6963 -0.0468
vn -0.1508 0.9800 -0.1295
vn 0.1858 0.6170 -0.7647
vn 0.7212 -0.4253 0.5467
vn 0.5467 -0.5643 0.6186
vn -0.9116 0.2344 0.3376
vn 0.2229 0.5496 -0.8052
vn -0.9124 0.0166 0.4091
vn -0.0358 -0.4261 0.9040
vn 0.9465 -0.3223 0.0145
vn -0.5887 -0.2277 0.7756
vn -0.4305 0.7323 -0.5276
vn 0.7807 0.2268 -0.5823
vn 0.8571 -0.4099 0.3121
vn 0.7894 -0.0179 -0.6136
vn 0.9735 0.1792 -0.1423
vn 0.9334 -0.1859 -0.3069
vn 0.8392 -0.5413 0.0522
vn 0.0554 -0.7248 0.6868
vn -0.7243 0.0404 0.6883
vn -0.6914 -0.1608 0.7044
vn -0.8087 0.3290 0.4876
vn -0.8231 0.1078 0.5576
vn -0.7929 0.5932 0.1396
vn -0.8467 0.4707 -0.2480
vn 0.3685 0.8102 0.4558
vn 0.9692 0.2262 -0.0972
vn 0.5081 0.1688 -0.8446
vn 0.9214 -0.1353 -0.3643
vn 0.7753 -0.6136 0.1497
vn 0.0114 -0.7683 0.6400
vn -0.6208 -0.3213 0.7151
vn -0.8930 0.1719 0.4160
vn -0.8906 0.3817 -0.2471
vn -0.4662 0.4647 -0.7528
vn -0.9278 0.2853 -0.2402
vn -0.7723 0.1716 0.6116
vn -0.9920 0.1118 0.0583
vn -0.7918 -0.0988 -0.6027
vn -0.3504 -0.9361 0.0312
vn -0.4146 -0.4206 0.8070
vn 0.5745 -0.8185 -0.0054
vn 0.8269 -0.5624 -0.0028
vn -0.3516 -0.3929 -0.8497
vn -0.8333 -0.2009 -0.5151
vn -0.9040 0.4274 0.0064
vn -0.8674 -0.2082 0.4520
vn -0.2721 -0.3008 -0.9140
vn -0.9985 0.0305 -0.0463
vn -0.4183 0.8821 -0.2165
vn 0.1558 0.4320 -0.8883
vn -0.6270 0.1280 0.7684
vn -0.6662 -0.5313 0.5234
vn -0.6828 -0.5302 -0.5027
vn -0.6451 0.1350 -0.7521
vn -0.2952 -0.9550 0.0272
vn -0.3531 0.4152 -0.8384
vn -0.3902 0.6216 -0.6793
vn -0.1343 0.1928 -0.9720
vn -0.9709 -0.1985 -0.1340
vn -0.5525 0.8022 -0.2265
vn -0.9726 0.1458 0.1810
vn -0.0505 -0.8803 0.4717
vn -0.5320 0.5702 0.6260
vn -0.5137 0.4419 0.7354
vn -0.6512 0.3366 -0.6802
vn -0.9977 0.0663 0.0162
vn -0.7165 -0.1651 0.6777
vn -0.3474 0.9357 -0.0615
vn -0.3511 0.9289 -0.1180
vn 0.1146 0.7889 0.6038
vn -0.7581 0.3867 0.5251
vn -0.7174 0.2171 0.6620
vn -0.7147 0.2573 0.6504
vn -0.6389 0.1018 0.7625
vn -0.9981 0.0331 0.0523
vn -0.3430 0.9383 -0.0434
vn -0.4769 0.0528 -0.8774
vn -0.9548 0.1357 -0.2643
vn 0.0141 0.9888 0.1483
vn -0.2436 0.0758 0.9669
vn -0.1661 0.9368 0.3080
vn -0.1232 0.5770 0.8074
vn 0.3709 0.9188 -0.1350
vn -0.8472 -0.5309 0.0188
vn -0.4767 -0.8639 0.1627
vn 0.1567 -0.2420 0.9575
vn -0.2578 0.2196 0.9409
vn 0.2881 0.8508 0.4394
vn 0.1267 -0.5909 -0.7968
vn 0.3983 -0.6566 0.6405
vn 0.6845 -0.7218 -0.1020
vn 0.2317 -0.8045 -0.5469
vn -0.2986 -0.7377 -0.6055
vn -0.5306 -0.7056 -0.4697
vn -0.9514 -0.3013 -0.0645
vn -0.6004 -0.5732 0.5576
vn -0.2570 -0.4335 0.8638
vn -0.4737 -0.1364 -0.8700
vn 0.8985 0.2745 -0.3426
vn 0.2959 0.9396 0.1720
vn -0.7214 0.6821 0.1196
vn 0.4802 0.5093 -0.7141
vn 0.6026 0.7651 -0.2267
vn 0.4812 0.7651 0.4278
vn 0.0000 0.8348 0.5506
vn -0.0000 0.5537 -0.8327
vn -0.4802 0.5093 -0.7141
vn -0.6026 0.7651 -0.2267
vn -0.4812 0.7651 0.4278
vn 0.5937 -0.2944 -0.7489
vn 0.9302 -0.3400 -0.1385
vn 0.0000 -0.5435 -0.8394
vn -0.5937 -0.2944 -0.7489
vn -0.9302 -0.3400 -0.1385
vn -0.5136 0.8492 -0.1228
vn -0.5272 0.8484 0.0471
vn -0.7012 0.7040 0.1128
vn -0.3973 -0.4213 0.8153
vn 0.5002 -0.8657 -0.0178
vn 0.3162 -0.8547 -0.4116
vn 0.0000 -0.8157 -0.5784
vn -0.3162 -0.8547 -0.4116
vn -0.5002 -0.8657 -0.0178
vn 0.3973 -0.4213 0.8153
vn 0.7012 0.7040 0.1128
vn 0.5136 0.8492 -0.1228
vn 0.5272 0.8484 0.0471
vn 0.3298 0.8342 0.4419
vn 0.0000 0.7860 0.6182
vn -0.3298 0.8342 0.4419
# 1214 vertex normals

vt 0.7834 0.8182 0.0000
vt 0.8018 0.7991 0.0000
vt 0.8089 0.8109 0.0000
vt 0.8091 0.8246 0.0000
vt 0.6914 0.2831 0.0000
vt 0.7142 0.2831 0.0000
vt 0.7142 0.3060 0.0000
vt 0.6914 0.2963 0.0000
vt 0.8025 0.8366 0.0000
vt 0.9208 0.9949 0.0000
vt 0.8936 0.9960 0.0000
vt 0.8936 0.9722 0.0000
vt 0.9208 0.9811 0.0000
vt 0.7978 0.8347 0.0000
vt 0.7851 0.8366 0.0000
vt 0.7650 0.8372 0.0000
vt 0.6283 0.3094 0.0000
vt 0.6415 0.3439 0.0000
vt 0.6283 0.3439 0.0000
vt 0.5658 0.8147 0.0000
vt 0.5255 0.8257 0.0000
vt 0.5288 0.8124 0.0000
vt 0.9563 0.7012 0.0000
vt 0.9563 0.7366 0.0000
vt 0.9431 0.7366 0.0000
vt 0.9334 0.7012 0.0000
vt 0.9699 0.7712 0.0000
vt 0.9640 0.7368 0.0000
vt 0.2540 0.4352 0.0000
vt 0.2139 0.4302 0.0000
vt 0.2139 0.4165 0.0000
vt 0.2540 0.4114 0.0000
vt 0.8739 0.8897 0.0000
vt 0.8836 0.8543 0.0000
vt 0.8968 0.8543 0.0000
vt 0.8968 0.8897 0.0000
vt 0.6479 0.7026 0.0000
vt 0.6130 0.7197 0.0000
vt 0.6127 0.7060 0.0000
vt 0.6200 0.7315 0.0000
vt 0.6608 0.7419 0.0000
vt 0.6687 0.7565 0.0000
vt 0.6575 0.7592 0.0000
vt 0.8817 0.8368 0.0000
vt 0.9038 0.8300 0.0000
vt 0.9043 0.8415 0.0000
vt 0.8878 0.8149 0.0000
vt 0.8977 0.8202 0.0000
vt 0.6774 0.7771 0.0000
vt 0.6580 0.7817 0.0000
vt 0.5933 0.4994 0.0000
vt 0.6017 0.5208 0.0000
vt 0.5925 0.5208 0.0000
vt 0.6408 0.7805 0.0000
vt 0.6476 0.7585 0.0000
vt 0.8767 0.8155 0.0000
vt 0.6782 0.7513 0.0000
vt 0.6938 0.7681 0.0000
vt 0.6845 0.7982 0.0000
vt 0.6621 0.8035 0.0000
vt 0.5828 0.5158 0.0000
vt 0.6016 0.5429 0.0000
vt 0.5858 0.5428 0.0000
vt 0.6423 0.8022 0.0000
vt 0.7454 0.8208 0.0000
vt 0.7473 0.8031 0.0000
vt 0.7578 0.8042 0.0000
vt 0.6834 0.7449 0.0000
vt 0.7028 0.7570 0.0000
vt 0.7034 0.7878 0.0000
vt 0.7144 0.6242 0.0000
vt 0.7126 0.6472 0.0000
vt 0.6926 0.6470 0.0000
vt 0.6914 0.6240 0.0000
vt 0.5750 0.5073 0.0000
vt 0.5689 0.5342 0.0000
vt 0.7327 0.7138 0.0000
vt 0.7418 0.7351 0.0000
vt 0.7200 0.7427 0.0000
vt 0.7138 0.7204 0.0000
vt 0.8938 0.5987 0.0000
vt 0.8935 0.6200 0.0000
vt 0.8757 0.6176 0.0000
vt 0.8732 0.5959 0.0000
vt 0.7360 0.8055 0.0000
vt 0.7468 0.7804 0.0000
vt 0.7650 0.7823 0.0000
vt 0.7534 0.4174 0.0000
vt 0.7765 0.4161 0.0000
vt 0.7762 0.4392 0.0000
vt 0.7532 0.4373 0.0000
vt 0.4768 0.2837 0.0000
vt 0.4564 0.2851 0.0000
vt 0.4493 0.2685 0.0000
vt 0.4686 0.2645 0.0000
vt 0.7082 0.6669 0.0000
vt 0.6966 0.6668 0.0000
vt 0.5713 0.4976 0.0000
vt 0.5554 0.5195 0.0000
vt 0.5748 0.5596 0.0000
vt 0.5553 0.5496 0.0000
vt 0.8560 0.6211 0.0000
vt 0.8505 0.6000 0.0000
vt 0.8857 0.6417 0.0000
vt 0.8754 0.6403 0.0000
vt 0.7270 0.8106 0.0000
vt 0.7272 0.7845 0.0000
vt 0.7440 0.7588 0.0000
vt 0.7650 0.7609 0.0000
vt 0.4774 0.3067 0.0000
vt 0.4569 0.3050 0.0000
vt 0.4338 0.2900 0.0000
vt 0.4297 0.2804 0.0000
vt 0.4171 0.2915 0.0000
vt 0.4229 0.2752 0.0000
vt 0.4188 0.2928 0.0000
vt 0.5726 0.4892 0.0000
vt 0.5397 0.5327 0.0000
vt 0.8398 0.6296 0.0000
vt 0.8318 0.6098 0.0000
vt 0.8640 0.6423 0.0000
vt 0.8732 0.6535 0.0000
vt 0.8758 0.6539 0.0000
vt 0.7214 0.7635 0.0000
vt 0.4703 0.3274 0.0000
vt 0.4507 0.3229 0.0000
vt 0.4341 0.3015 0.0000
vt 0.4198 0.2952 0.0000
vt 0.3483 0.9834 0.0000
vt 0.3484 0.9863 0.0000
vt 0.2590 0.9961 0.0000
vt 0.2589 0.9932 0.0000
vt 0.7532 0.4614 0.0000
vt 0.7754 0.4555 0.0000
vt 0.7819 0.4744 0.0000
vt 0.7606 0.4833 0.0000
vt 0.8547 0.6472 0.0000
vt 0.8703 0.6541 0.0000
vt 0.8921 0.7390 0.0000
vt 0.8896 0.7386 0.0000
vt 0.7363 0.5285 0.0000
vt 0.7594 0.5297 0.0000
vt 0.7596 0.5497 0.0000
vt 0.7366 0.5516 0.0000
vt 0.4305 0.3118 0.0000
vt 0.4199 0.2981 0.0000
vt 0.3493 0.9889 0.0000
vt 0.2599 0.9986 0.0000
vt 0.3375 0.2946 0.0000
vt 0.3394 0.2892 0.0000
vt 0.3411 0.2904 0.0000
vt 0.1542 0.3375 0.0000
vt 0.1700 0.3540 0.0000
vt 0.1649 0.3604 0.0000
vt 0.1452 0.3486 0.0000
vt 0.8680 0.6553 0.0000
vt 0.8867 0.7391 0.0000
vt 0.8888 0.7430 0.0000
vt 0.4394 0.3340 0.0000
vt 0.4240 0.3182 0.0000
vt 0.4190 0.3007 0.0000
vt 0.3422 0.2957 0.0000
vt 0.3422 0.2928 0.0000
vt 0.1617 0.3707 0.0000
vt 0.1398 0.3665 0.0000
vt 0.5416 0.9308 0.0000
vt 0.5456 0.9477 0.0000
vt 0.5341 0.9475 0.0000
vt 0.5387 0.9308 0.0000
vt 0.8844 0.7404 0.0000
vt 0.1394 0.3864 0.0000
vt 0.1615 0.3822 0.0000
vt 0.1642 0.3918 0.0000
vt 0.1440 0.4030 0.0000
vt 0.4174 0.3023 0.0000
vt 0.0131 0.7082 0.0000
vt 0.0156 0.7090 0.0000
vt 0.0143 0.7956 0.0000
vt 0.0117 0.7948 0.0000
vt 0.5441 0.9295 0.0000
vt 0.5557 0.9423 0.0000
vt 0.8165 0.1762 0.0000
vt 0.8165 0.1733 0.0000
vt 0.8940 0.1682 0.0000
vt 0.8940 0.1711 0.0000
vt 0.5457 0.9243 0.0000
vt 0.5619 0.9217 0.0000
vt 0.5617 0.9328 0.0000
vt 0.5456 0.9271 0.0000
vt 0.0185 0.7090 0.0000
vt 0.0171 0.7957 0.0000
vt 0.3413 0.2983 0.0000
vt 0.1736 0.3771 0.0000
vt 0.1737 0.3742 0.0000
vt 0.1745 0.3716 0.0000
vt 0.2641 0.3783 0.0000
vt 0.2633 0.3808 0.0000
vt 0.0623 0.2323 0.0000
vt 0.0567 0.2337 0.0000
vt 0.0567 0.2308 0.0000
vt 0.0210 0.7082 0.0000
vt 0.0196 0.7949 0.0000
vt 0.3397 0.2999 0.0000
vt 0.2633 0.3837 0.0000
vt 0.0580 0.2362 0.0000
vt 0.0632 0.2377 0.0000
vt 0.0604 0.2377 0.0000
vt 0.2673 0.3820 0.0000
vt 0.8721 0.9537 0.0000
vt 0.8703 0.9382 0.0000
vt 0.8796 0.9342 0.0000
vt 0.8807 0.9443 0.0000
vt 0.9563 0.6769 0.0000
vt 0.9316 0.6769 0.0000
vt 0.2771 0.4361 0.0000
vt 0.2771 0.4105 0.0000
vt 0.8721 0.9139 0.0000
vt 0.8779 0.8961 0.0000
vt 0.9135 0.6769 0.0000
vt 0.9104 0.6527 0.0000
vt 0.9285 0.6526 0.0000
vt 0.9297 0.6624 0.0000
vt 0.9135 0.6372 0.0000
vt 0.9297 0.6463 0.0000
vt 0.7844 0.2052 0.0000
vt 0.7783 0.2101 0.0000
vt 0.7740 0.2054 0.0000
vt 0.7819 0.1991 0.0000
vt 0.7735 0.2174 0.0000
vt 0.7679 0.2147 0.0000
vt 0.9630 0.4611 0.0000
vt 0.9637 0.4630 0.0000
vt 0.9574 0.4669 0.0000
vt 0.9566 0.4645 0.0000
vt 0.9675 0.4678 0.0000
vt 0.9623 0.4731 0.0000
vt 0.4967 0.8898 0.0000
vt 0.4955 0.8996 0.0000
vt 0.4892 0.9005 0.0000
vt 0.4907 0.8880 0.0000
vt 0.4967 0.9058 0.0000
vt 0.4907 0.9085 0.0000
vt 0.2870 0.6299 0.0000
vt 0.2929 0.6240 0.0000
vt 0.2988 0.6284 0.0000
vt 0.2911 0.6360 0.0000
vt 0.7864 0.2034 0.0000
vt 0.7845 0.1969 0.0000
vt 0.7705 0.1826 0.0000
vt 0.7783 0.1764 0.0000
vt 0.7644 0.1919 0.0000
vt 0.9394 0.4636 0.0000
vt 0.9385 0.4612 0.0000
vt 0.5878 0.0290 0.0000
vt 0.5819 0.0342 0.0000
vt 0.5790 0.0113 0.0000
vt 0.5849 0.0061 0.0000
vt 0.5903 0.8075 0.0000
vt 0.5973 0.7971 0.0000
vt 0.6202 0.7942 0.0000
vt 0.6131 0.8046 0.0000
vt 0.6005 0.7898 0.0000
vt 0.6234 0.7869 0.0000
vt 0.6359 0.4538 0.0000
vt 0.6085 0.4692 0.0000
vt 0.6282 0.4506 0.0000
vt 0.9014 0.9180 0.0000
vt 0.9006 0.9094 0.0000
vt 0.9023 0.9110 0.0000
vt 0.9029 0.9177 0.0000
vt 0.9016 0.9040 0.0000
vt 0.9031 0.9067 0.0000
vt 0.7579 0.3244 0.0000
vt 0.7533 0.3285 0.0000
vt 0.7530 0.3251 0.0000
vt 0.7565 0.3219 0.0000
vt 0.7446 0.3298 0.0000
vt 0.7461 0.3261 0.0000
vt 0.7394 0.3271 0.0000
vt 0.7421 0.3240 0.0000
vt 0.0679 0.1915 0.0000
vt 0.0731 0.1998 0.0000
vt 0.0720 0.2018 0.0000
vt 0.0680 0.1954 0.0000
vt 0.8540 0.3593 0.0000
vt 0.8764 0.3544 0.0000
vt 0.8764 0.3598 0.0000
vt 0.8540 0.3647 0.0000
vt 0.3486 0.4860 0.0000
vt 0.3457 0.5016 0.0000
vt 0.3403 0.5016 0.0000
vt 0.3431 0.4860 0.0000
vt 0.3379 0.5085 0.0000
vt 0.3325 0.5085 0.0000
vt 0.3317 0.5110 0.0000
vt 0.3263 0.5110 0.0000
vt 0.2108 0.3712 0.0000
vt 0.1895 0.3710 0.0000
vt 0.1859 0.3656 0.0000
vt 0.2071 0.3658 0.0000
vt 0.8374 0.3766 0.0000
vt 0.8475 0.3641 0.0000
vt 0.8475 0.3695 0.0000
vt 0.8374 0.3820 0.0000
vt 0.1971 0.8738 0.0000
vt 0.1973 0.8711 0.0000
vt 0.2221 0.8773 0.0000
vt 0.2219 0.8800 0.0000
vt 0.8224 0.1792 0.0000
vt 0.8222 0.1771 0.0000
vt 0.8504 0.1767 0.0000
vt 0.8506 0.1788 0.0000
vt 0.8277 0.0909 0.0000
vt 0.8283 0.0875 0.0000
vt 0.8538 0.0865 0.0000
vt 0.8532 0.0900 0.0000
vt 0.1915 0.2087 0.0000
vt 0.1933 0.2083 0.0000
vt 0.2017 0.2353 0.0000
vt 0.1999 0.2357 0.0000
vt 0.8819 0.9026 0.0000
vt 0.8608 0.7252 0.0000
vt 0.8403 0.7180 0.0000
vt 0.8404 0.7026 0.0000
vt 0.8692 0.7127 0.0000
vt 0.8198 0.7249 0.0000
vt 0.8116 0.7122 0.0000
vt 0.8063 0.7555 0.0000
vt 0.7925 0.7554 0.0000
vt 0.8745 0.7561 0.0000
vt 0.8884 0.7561 0.0000
vt 0.6808 0.3836 0.0000
vt 0.6801 0.3542 0.0000
vt 0.7032 0.3431 0.0000
vt 0.7040 0.3774 0.0000
vt 0.6823 0.6577 0.0000
vt 0.6931 0.6861 0.0000
vt 0.6646 0.6948 0.0000
vt 0.6521 0.6617 0.0000
vt 0.8232 0.3948 0.0000
vt 0.7881 0.3948 0.0000
vt 0.7934 0.3647 0.0000
vt 0.8343 0.3647 0.0000
vt 0.9222 0.3983 0.0000
vt 0.9660 0.3983 0.0000
vt 0.9773 0.4286 0.0000
vt 0.9263 0.4286 0.0000
vt 0.7399 0.3501 0.0000
vt 0.7405 0.3758 0.0000
vt 0.8573 0.7307 0.0000
vt 0.8582 0.7588 0.0000
vt 0.8213 0.7622 0.0000
vt 0.8206 0.7412 0.0000
vt 0.7005 0.8793 0.0000
vt 0.7008 0.8654 0.0000
vt 0.7413 0.8525 0.0000
vt 0.7405 0.8908 0.0000
vt 0.6926 0.8543 0.0000
vt 0.7186 0.8216 0.0000
vt 0.6715 0.8520 0.0000
vt 0.6600 0.8153 0.0000
vt 0.6544 0.8636 0.0000
vt 0.6127 0.8475 0.0000
vt 0.6549 0.8800 0.0000
vt 0.6141 0.8927 0.0000
vt 0.6640 0.8940 0.0000
vt 0.6393 0.9315 0.0000
vt 0.6846 0.8937 0.0000
vt 0.6965 0.9307 0.0000
vt 0.7509 0.8494 0.0000
vt 0.7500 0.8922 0.0000
vt 0.7255 0.8149 0.0000
vt 0.4320 0.9735 0.0000
vt 0.3740 0.9605 0.0000
vt 0.3747 0.9497 0.0000
vt 0.4395 0.9642 0.0000
vt 0.3256 0.9743 0.0000
vt 0.3207 0.9651 0.0000
vt 0.1128 0.4847 0.0000
vt 0.1146 0.4416 0.0000
vt 0.1236 0.4386 0.0000
vt 0.1216 0.4867 0.0000
vt 0.3939 0.2027 0.0000
vt 0.3765 0.2456 0.0000
vt 0.3656 0.2450 0.0000
vt 0.3850 0.1971 0.0000
vt 0.2585 0.0479 0.0000
vt 0.2032 0.0481 0.0000
vt 0.1985 0.0395 0.0000
vt 0.2602 0.0393 0.0000
vt 0.0664 0.2192 0.0000
vt 0.0068 0.2261 0.0000
vt 0.0005 0.2161 0.0000
vt 0.0669 0.2083 0.0000
vt 0.9722 0.6887 0.0000
vt 0.9746 0.6473 0.0000
vt 0.9793 0.6468 0.0000
vt 0.9770 0.6882 0.0000
vt 0.0992 0.3424 0.0000
vt 0.0653 0.3404 0.0000
vt 0.0668 0.3357 0.0000
vt 0.1007 0.3376 0.0000
vt 0.0005 0.3316 0.0000
vt 0.0020 0.3269 0.0000
vt 0.1129 0.5358 0.0000
vt 0.1264 0.4877 0.0000
vt 0.1176 0.5368 0.0000
vt 0.1977 0.0346 0.0000
vt 0.2594 0.0344 0.0000
vt 0.9751 0.7456 0.0000
vt 0.9799 0.7451 0.0000
vt 0.9810 0.6878 0.0000
vt 0.9833 0.6464 0.0000
vt 0.9918 0.6507 0.0000
vt 0.9896 0.6884 0.0000
vt 0.9778 0.5151 0.0000
vt 0.9784 0.4723 0.0000
vt 0.9889 0.4739 0.0000
vt 0.9883 0.5130 0.0000
vt 0.0680 0.3317 0.0000
vt 0.0031 0.3229 0.0000
vt 0.0068 0.3150 0.0000
vt 0.0659 0.3231 0.0000
vt 0.3656 0.9900 0.0000
vt 0.4297 0.9834 0.0000
vt 0.4273 0.9933 0.0000
vt 0.3689 0.9993 0.0000
vt 0.5494 0.1209 0.0000
vt 0.5023 0.1392 0.0000
vt 0.5003 0.1295 0.0000
vt 0.5432 0.1128 0.0000
vt 0.4555 0.1400 0.0000
vt 0.4576 0.1303 0.0000
vt 0.2588 0.0303 0.0000
vt 0.1971 0.0306 0.0000
vt 0.2011 0.0232 0.0000
vt 0.2574 0.0230 0.0000
vt 0.9839 0.7447 0.0000
vt 0.9923 0.7404 0.0000
vt 0.1018 0.3337 0.0000
vt 0.1303 0.4885 0.0000
vt 0.1215 0.5376 0.0000
vt 0.0054 0.8381 0.0000
vt 0.0033 0.8372 0.0000
vt 0.0043 0.7026 0.0000
vt 0.0065 0.7034 0.0000
vt 0.0005 0.8380 0.0000
vt 0.0015 0.7034 0.0000
vt 0.2966 0.0406 0.0000
vt 0.2959 0.0382 0.0000
vt 0.4098 0.0334 0.0000
vt 0.4106 0.0357 0.0000
vt 0.2960 0.0362 0.0000
vt 0.4099 0.0314 0.0000
vt 0.1364 0.4275 0.0000
vt 0.1363 0.4247 0.0000
vt 0.2677 0.3957 0.0000
vt 0.2678 0.3985 0.0000
vt 0.1353 0.4227 0.0000
vt 0.2668 0.3937 0.0000
vt 0.1578 0.8809 0.0000
vt 0.1586 0.8789 0.0000
vt 0.2707 0.8996 0.0000
vt 0.2699 0.9016 0.0000
vt 0.1591 0.8767 0.0000
vt 0.2712 0.8973 0.0000
vt 0.7236 0.5734 0.0000
vt 0.7236 0.5975 0.0000
vt 0.6914 0.5975 0.0000
vt 0.6914 0.5735 0.0000
vt 0.9034 0.3240 0.0000
vt 0.9035 0.3482 0.0000
vt 0.8717 0.3481 0.0000
vt 0.8717 0.3240 0.0000
vt 0.1647 0.1943 0.0000
vt 0.1583 0.1649 0.0000
vt 0.1699 0.1623 0.0000
vt 0.1764 0.1917 0.0000
vt 0.1539 0.1452 0.0000
vt 0.1655 0.1427 0.0000
vt 0.1497 0.1260 0.0000
vt 0.1613 0.1234 0.0000
vt 0.1405 0.0846 0.0000
vt 0.1522 0.0820 0.0000
vt 0.9720 0.1082 0.0000
vt 0.9720 0.1323 0.0000
vt 0.9620 0.1323 0.0000
vt 0.9620 0.1082 0.0000
vt 0.8618 0.3481 0.0000
vt 0.8618 0.3240 0.0000
vt 0.1810 0.1599 0.0000
vt 0.1875 0.1893 0.0000
vt 0.1767 0.1402 0.0000
vt 0.1725 0.1210 0.0000
vt 0.1633 0.0796 0.0000
vt 0.9525 0.1323 0.0000
vt 0.9525 0.1082 0.0000
vt 0.8523 0.3481 0.0000
vt 0.8522 0.3240 0.0000
vt 0.9273 0.1323 0.0000
vt 0.9273 0.1081 0.0000
vt 0.4805 0.7783 0.0000
vt 0.5046 0.7782 0.0000
vt 0.5047 0.7978 0.0000
vt 0.4805 0.7979 0.0000
vt 0.5903 0.1323 0.0000
vt 0.5903 0.1081 0.0000
vt 0.1939 0.4386 0.0000
vt 0.2181 0.4386 0.0000
vt 0.2181 0.7568 0.0000
vt 0.1939 0.7568 0.0000
vt 0.5735 0.1794 0.0000
vt 0.5734 0.1655 0.0000
vt 0.5916 0.1739 0.0000
vt 0.5916 0.1804 0.0000
vt 0.5809 0.1578 0.0000
vt 0.5951 0.1704 0.0000
vt 0.8486 0.5880 0.0000
vt 0.8414 0.5957 0.0000
vt 0.8359 0.5770 0.0000
vt 0.8392 0.5734 0.0000
vt 0.8325 0.5966 0.0000
vt 0.8318 0.5774 0.0000
vt 0.3649 0.4444 0.0000
vt 0.3067 0.4441 0.0000
vt 0.2821 0.4052 0.0000
vt 0.2813 0.3581 0.0000
vt 0.3300 0.3263 0.0000
vt 0.4649 0.7177 0.0000
vt 0.4574 0.7207 0.0000
vt 0.4541 0.7105 0.0000
vt 0.4316 0.7050 0.0000
vt 0.4292 0.6954 0.0000
vt 0.4407 0.7022 0.0000
vt 0.4303 0.8891 0.0000
vt 0.4324 0.8821 0.0000
vt 0.4440 0.8885 0.0000
vt 0.4448 0.8957 0.0000
vt 0.8016 0.0982 0.0000
vt 0.8007 0.1056 0.0000
vt 0.7997 0.1054 0.0000
vt 0.8006 0.0981 0.0000
vt 0.2368 0.3644 0.0000
vt 0.2320 0.3652 0.0000
vt 0.2321 0.3643 0.0000
vt 0.2368 0.3635 0.0000
vt 0.4496 0.6867 0.0000
vt 0.4416 0.6819 0.0000
vt 0.4421 0.6813 0.0000
vt 0.4501 0.6861 0.0000
vt 0.4736 0.1887 0.0000
vt 0.4743 0.1957 0.0000
vt 0.4733 0.1958 0.0000
vt 0.4727 0.1888 0.0000
vt 0.1185 0.7784 0.0000
vt 0.1204 0.7700 0.0000
vt 0.1213 0.7703 0.0000
vt 0.1193 0.7787 0.0000
vt 0.1128 0.6480 0.0000
vt 0.1175 0.6464 0.0000
vt 0.1175 0.6473 0.0000
vt 0.1129 0.6489 0.0000
vt 0.0930 0.9610 0.0000
vt 0.0931 0.9714 0.0000
vt 0.0923 0.9715 0.0000
vt 0.0922 0.9611 0.0000
vt 0.4449 0.8883 0.0000
vt 0.4457 0.8956 0.0000
vt 0.1259 0.3299 0.0000
vt 0.1320 0.3312 0.0000
vt 0.1316 0.3319 0.0000
vt 0.1256 0.3306 0.0000
vt 0.3582 0.8381 0.0000
vt 0.3582 0.8333 0.0000
vt 0.3590 0.8331 0.0000
vt 0.3590 0.8379 0.0000
vt 0.3357 0.4901 0.0000
vt 0.3357 0.4812 0.0000
vt 0.3365 0.4809 0.0000
vt 0.3365 0.4899 0.0000
vt 0.3487 0.8264 0.0000
vt 0.3531 0.8266 0.0000
vt 0.3533 0.8275 0.0000
vt 0.3489 0.8273 0.0000
vt 0.1428 0.7932 0.0000
vt 0.1371 0.7918 0.0000
vt 0.1374 0.7911 0.0000
vt 0.1431 0.7924 0.0000
vt 0.1361 0.3351 0.0000
vt 0.1350 0.3420 0.0000
vt 0.1341 0.3419 0.0000
vt 0.1352 0.3349 0.0000
vt 0.7990 0.1053 0.0000
vt 0.7999 0.0980 0.0000
vt 0.2322 0.3636 0.0000
vt 0.2369 0.3628 0.0000
vt 0.4425 0.6808 0.0000
vt 0.4505 0.6856 0.0000
vt 0.4726 0.1958 0.0000
vt 0.4719 0.1888 0.0000
vt 0.1219 0.7706 0.0000
vt 0.1199 0.7789 0.0000
vt 0.1176 0.6480 0.0000
vt 0.1129 0.6495 0.0000
vt 0.0917 0.9715 0.0000
vt 0.0916 0.9611 0.0000
vt 0.4455 0.8882 0.0000
vt 0.4464 0.8955 0.0000
vt 0.1314 0.3325 0.0000
vt 0.1253 0.3311 0.0000
vt 0.3597 0.8329 0.0000
vt 0.3597 0.8378 0.0000
vt 0.3371 0.4808 0.0000
vt 0.3371 0.4897 0.0000
vt 0.3534 0.8282 0.0000
vt 0.3491 0.8280 0.0000
vt 0.1376 0.7905 0.0000
vt 0.1433 0.7919 0.0000
vt 0.1334 0.3417 0.0000
vt 0.1345 0.3348 0.0000
vt 0.4541 0.8894 0.0000
vt 0.4577 0.8956 0.0000
vt 0.9062 0.6178 0.0000
vt 0.8993 0.6190 0.0000
vt 0.8993 0.6185 0.0000
vt 0.9062 0.6173 0.0000
vt 0.2374 0.3513 0.0000
vt 0.2330 0.3541 0.0000
vt 0.2328 0.3535 0.0000
vt 0.2372 0.3508 0.0000
vt 0.3248 0.6110 0.0000
vt 0.3226 0.6199 0.0000
vt 0.3221 0.6197 0.0000
vt 0.3243 0.6108 0.0000
vt 0.1265 0.7823 0.0000
vt 0.1284 0.7740 0.0000
vt 0.1290 0.7741 0.0000
vt 0.1271 0.7825 0.0000
vt 0.1142 0.6568 0.0000
vt 0.1188 0.6575 0.0000
vt 0.1187 0.6581 0.0000
vt 0.1141 0.6574 0.0000
vt 0.0838 0.9622 0.0000
vt 0.0828 0.9726 0.0000
vt 0.0822 0.9726 0.0000
vt 0.0832 0.9622 0.0000
vt 0.4546 0.8891 0.0000
vt 0.4582 0.8952 0.0000
vt 0.7588 0.1020 0.0000
vt 0.7602 0.0960 0.0000
vt 0.7607 0.0962 0.0000
vt 0.7593 0.1022 0.0000
vt 0.8599 0.1068 0.0000
vt 0.8606 0.1016 0.0000
vt 0.8611 0.1016 0.0000
vt 0.8604 0.1068 0.0000
vt 0.2870 0.2252 0.0000
vt 0.2962 0.2256 0.0000
vt 0.2962 0.2262 0.0000
vt 0.2870 0.2258 0.0000
vt 0.3492 0.8417 0.0000
vt 0.3531 0.8399 0.0000
vt 0.3534 0.8404 0.0000
vt 0.3496 0.8422 0.0000
vt 0.1802 0.3602 0.0000
vt 0.1815 0.3544 0.0000
vt 0.1821 0.3545 0.0000
vt 0.1808 0.3603 0.0000
vt 0.1233 0.3351 0.0000
vt 0.1195 0.3410 0.0000
vt 0.1190 0.3407 0.0000
vt 0.1229 0.3348 0.0000
vt 0.8993 0.6180 0.0000
vt 0.9062 0.6168 0.0000
vt 0.3217 0.6196 0.0000
vt 0.3239 0.6107 0.0000
vt 0.1295 0.7742 0.0000
vt 0.1276 0.7826 0.0000
vt 0.1187 0.6586 0.0000
vt 0.1140 0.6579 0.0000
vt 0.0818 0.9725 0.0000
vt 0.0828 0.9621 0.0000
vt 0.4550 0.8888 0.0000
vt 0.4586 0.8950 0.0000
vt 0.7612 0.0963 0.0000
vt 0.7598 0.1023 0.0000
vt 0.8616 0.1016 0.0000
vt 0.8609 0.1068 0.0000
vt 0.2962 0.2267 0.0000
vt 0.2870 0.2263 0.0000
vt 0.1825 0.3546 0.0000
vt 0.1813 0.3604 0.0000
vt 0.1186 0.3404 0.0000
vt 0.1225 0.3345 0.0000
vt 0.8992 0.6080 0.0000
vt 0.9061 0.6068 0.0000
vt 0.2371 0.3503 0.0000
vt 0.2326 0.3531 0.0000
vt 0.2289 0.3435 0.0000
vt 0.2333 0.3408 0.0000
vt 0.3124 0.6160 0.0000
vt 0.3146 0.6071 0.0000
vt 0.0064 0.2977 0.0000
vt 0.0005 0.2984 0.0000
vt 0.0005 0.2878 0.0000
vt 0.0064 0.2870 0.0000
vt 0.1401 0.7764 0.0000
vt 0.1382 0.7848 0.0000
vt 0.1175 0.6693 0.0000
vt 0.1129 0.6686 0.0000
vt 0.0683 0.9714 0.0000
vt 0.0693 0.9610 0.0000
vt 0.4660 0.8814 0.0000
vt 0.4695 0.8876 0.0000
vt 0.7741 0.1003 0.0000
vt 0.7727 0.1063 0.0000
vt 0.8749 0.1016 0.0000
vt 0.8742 0.1068 0.0000
vt 0.2964 0.2408 0.0000
vt 0.2871 0.2404 0.0000
vt 0.3499 0.8426 0.0000
vt 0.3537 0.8408 0.0000
vt 0.3620 0.8521 0.0000
vt 0.3582 0.8539 0.0000
vt 0.1964 0.3577 0.0000
vt 0.1951 0.3635 0.0000
vt 0.1070 0.3325 0.0000
vt 0.1109 0.3266 0.0000
vt 0.9010 0.5959 0.0000
vt 0.2252 0.3319 0.0000
vt 0.3038 0.6075 0.0000
vt 0.0020 0.2757 0.0000
vt 0.1503 0.7826 0.0000
vt 0.1156 0.6803 0.0000
vt 0.0567 0.9655 0.0000
vt 0.4770 0.8767 0.0000
vt 0.7837 0.1068 0.0000
vt 0.8841 0.1061 0.0000
vt 0.2899 0.2526 0.0000
vt 0.3677 0.8625 0.0000
vt 0.2064 0.3632 0.0000
vt 0.1016 0.3218 0.0000
vt 0.4496 0.7412 0.0000
vt 0.4520 0.7380 0.0000
vt 0.4670 0.7384 0.0000
vt 0.4673 0.7423 0.0000
vt 0.3151 0.1640 0.0000
vt 0.3186 0.1657 0.0000
vt 0.3044 0.1764 0.0000
vt 0.3029 0.1728 0.0000
vt 0.3022 0.1798 0.0000
vt 0.2846 0.1775 0.0000
vt 0.2867 0.1740 0.0000
vt 0.9437 0.7690 0.0000
vt 0.9397 0.7695 0.0000
vt 0.9393 0.7539 0.0000
vt 0.9432 0.7534 0.0000
vt 0.4807 0.7271 0.0000
vt 0.4810 0.7310 0.0000
vt 0.4663 0.7345 0.0000
vt 0.4800 0.7231 0.0000
vt 0.5018 0.8600 0.0000
vt 0.5027 0.8565 0.0000
vt 0.5172 0.8506 0.0000
vt 0.5163 0.8541 0.0000
vt 0.5004 0.8545 0.0000
vt 0.5149 0.8486 0.0000
vt 0.2996 0.1706 0.0000
vt 0.2853 0.1705 0.0000
vt 0.2819 0.1682 0.0000
vt 0.7899 0.7925 0.0000
vt 0.7761 0.7927 0.0000
vt 0.6914 0.2698 0.0000
vt 0.7142 0.2602 0.0000
vt 0.7644 0.7998 0.0000
vt 0.6343 0.8160 0.0000
vt 0.6343 0.8297 0.0000
vt 0.6071 0.8387 0.0000
vt 0.6071 0.8149 0.0000
vt 0.7665 0.8044 0.0000
vt 0.7650 0.8171 0.0000
vt 0.6150 0.3439 0.0000
vt 0.6323 0.2139 0.0000
vt 0.6256 0.2504 0.0000
vt 0.6119 0.2504 0.0000
vt 0.6598 0.1747 0.0000
vt 0.6590 0.1976 0.0000
vt 0.6239 0.1867 0.0000
vt 0.6244 0.1735 0.0000
vt 0.5903 0.1586 0.0000
vt 0.6245 0.1658 0.0000
vt 0.5138 0.2484 0.0000
vt 0.4901 0.2484 0.0000
vt 0.4951 0.2083 0.0000
vt 0.5088 0.2083 0.0000
vt 0.9198 0.8897 0.0000
vt 0.9101 0.8543 0.0000
vt 0.6457 0.7379 0.0000
vt 0.6320 0.7381 0.0000
vt 0.6844 0.5664 0.0000
vt 0.6683 0.5732 0.0000
vt 0.6685 0.5617 0.0000
vt 0.4497 0.5284 0.0000
vt 0.4442 0.5060 0.0000
vt 0.4558 0.5062 0.0000
vt 0.4657 0.5118 0.0000
vt 0.4713 0.5216 0.0000
vt 0.6461 0.5774 0.0000
vt 0.6466 0.5575 0.0000
vt 0.5723 0.5631 0.0000
vt 0.5693 0.5842 0.0000
vt 0.5603 0.5827 0.0000
vt 0.6710 0.5827 0.0000
vt 0.6508 0.5940 0.0000
vt 0.4712 0.5327 0.0000
vt 0.6717 0.5514 0.0000
vt 0.6520 0.5396 0.0000
vt 0.6240 0.5779 0.0000
vt 0.6244 0.5549 0.0000
vt 0.5798 0.5810 0.0000
vt 0.5721 0.6071 0.0000
vt 0.5566 0.6045 0.0000
vt 0.6294 0.5970 0.0000
vt 0.5822 0.7872 0.0000
vt 0.5790 0.7667 0.0000
vt 0.5888 0.7707 0.0000
vt 0.6768 0.5449 0.0000
vt 0.6609 0.5285 0.0000
vt 0.6307 0.5343 0.0000
vt 0.8206 0.8378 0.0000
vt 0.8235 0.8149 0.0000
vt 0.8461 0.8194 0.0000
vt 0.8436 0.8392 0.0000
vt 0.5889 0.5740 0.0000
vt 0.5903 0.6015 0.0000
vt 0.7656 0.4838 0.0000
vt 0.7856 0.4835 0.0000
vt 0.7875 0.5066 0.0000
vt 0.7644 0.5069 0.0000
vt 0.8599 0.6829 0.0000
vt 0.8418 0.6932 0.0000
vt 0.8360 0.6722 0.0000
vt 0.8517 0.6633 0.0000
vt 0.5977 0.7781 0.0000
vt 0.5830 0.7439 0.0000
vt 0.5999 0.7509 0.0000
vt 0.9610 0.9225 0.0000
vt 0.9799 0.9160 0.0000
vt 0.9888 0.9373 0.0000
vt 0.9669 0.9448 0.0000
vt 0.5713 0.2519 0.0000
vt 0.5509 0.2472 0.0000
vt 0.5515 0.2274 0.0000
vt 0.5691 0.2315 0.0000
vt 0.8652 0.8261 0.0000
vt 0.8637 0.8376 0.0000
vt 0.5943 0.5651 0.0000
vt 0.6061 0.5894 0.0000
vt 0.6010 0.6191 0.0000
vt 0.5800 0.6255 0.0000
vt 0.8193 0.6980 0.0000
vt 0.8165 0.6763 0.0000
vt 0.8272 0.6513 0.0000
vt 0.8363 0.6461 0.0000
vt 0.6032 0.7869 0.0000
vt 0.6153 0.7637 0.0000
vt 0.5930 0.7251 0.0000
vt 0.6126 0.7331 0.0000
vt 0.5941 0.2485 0.0000
vt 0.5888 0.2286 0.0000
vt 0.5598 0.2061 0.0000
vt 0.5700 0.2085 0.0000
vt 0.5686 0.1918 0.0000
vt 0.5702 0.1932 0.0000
vt 0.5536 0.2003 0.0000
vt 0.5944 0.5566 0.0000
vt 0.6193 0.6051 0.0000
vt 0.7982 0.6958 0.0000
vt 0.7982 0.6745 0.0000
vt 0.8159 0.6536 0.0000
vt 0.8202 0.6398 0.0000
vt 0.8225 0.6385 0.0000
vt 0.6303 0.7479 0.0000
vt 0.6132 0.2379 0.0000
vt 0.6054 0.2194 0.0000
vt 0.5814 0.2068 0.0000
vt 0.5727 0.1938 0.0000
vt 0.5006 0.0064 0.0000
vt 0.4107 0.0060 0.0000
vt 0.4105 0.0031 0.0000
vt 0.5004 0.0035 0.0000
vt 0.7709 0.7307 0.0000
vt 0.7705 0.7538 0.0000
vt 0.7475 0.7519 0.0000
vt 0.7478 0.7319 0.0000
vt 0.8054 0.6526 0.0000
vt 0.8174 0.6404 0.0000
vt 0.8035 0.5548 0.0000
vt 0.8058 0.5535 0.0000
vt 0.7070 0.7138 0.0000
vt 0.7146 0.7356 0.0000
vt 0.6923 0.7418 0.0000
vt 0.6858 0.7229 0.0000
vt 0.5909 0.2015 0.0000
vt 0.5756 0.1934 0.0000
vt 0.4111 0.0005 0.0000
vt 0.5010 0.0008 0.0000
vt 0.5578 0.1128 0.0000
vt 0.5544 0.1171 0.0000
vt 0.5528 0.1157 0.0000
vt 0.9739 0.7860 0.0000
vt 0.9642 0.7964 0.0000
vt 0.9498 0.7786 0.0000
vt 0.9554 0.7726 0.0000
vt 0.8148 0.6401 0.0000
vt 0.8007 0.5554 0.0000
vt 0.8012 0.5509 0.0000
vt 0.6144 0.2064 0.0000
vt 0.5961 0.1939 0.0000
vt 0.5780 0.1920 0.0000
vt 0.5569 0.1177 0.0000
vt 0.5598 0.1173 0.0000
vt 0.9472 0.8043 0.0000
vt 0.9400 0.7831 0.0000
vt 0.8567 0.8723 0.0000
vt 0.8543 0.8709 0.0000
vt 0.8592 0.8543 0.0000
vt 0.8691 0.8602 0.0000
vt 0.7981 0.5551 0.0000
vt 0.9275 0.8075 0.0000
vt 0.9105 0.8051 0.0000
vt 0.9188 0.7836 0.0000
vt 0.9286 0.7850 0.0000
vt 0.5793 0.1902 0.0000
vt 0.9856 0.1831 0.0000
vt 0.9722 0.0975 0.0000
vt 0.9746 0.0964 0.0000
vt 0.9880 0.1820 0.0000
vt 0.8582 0.8748 0.0000
vt 0.8748 0.8701 0.0000
vt 0.8940 0.1673 0.0000
vt 0.8163 0.1677 0.0000
vt 0.8161 0.1648 0.0000
vt 0.8939 0.1644 0.0000
vt 0.8567 0.8800 0.0000
vt 0.8582 0.8776 0.0000
vt 0.8748 0.8813 0.0000
vt 0.8691 0.8909 0.0000
vt 0.9774 0.0960 0.0000
vt 0.9909 0.1816 0.0000
vt 0.5621 0.1160 0.0000
vt 0.9320 0.7722 0.0000
vt 0.9349 0.7718 0.0000
vt 0.9158 0.6839 0.0000
vt 0.9183 0.6828 0.0000
vt 0.9373 0.7707 0.0000
vt 0.9889 0.0735 0.0000
vt 0.9920 0.0783 0.0000
vt 0.9893 0.0793 0.0000
vt 0.9800 0.0964 0.0000
vt 0.9934 0.1820 0.0000
vt 0.5634 0.1141 0.0000
vt 0.9130 0.6844 0.0000
vt 0.9865 0.0788 0.0000
vt 0.9844 0.0770 0.0000
vt 0.9834 0.0743 0.0000
vt 0.9141 0.6801 0.0000
vt 0.9215 0.9537 0.0000
vt 0.9129 0.9443 0.0000
vt 0.9141 0.9342 0.0000
vt 0.9233 0.9382 0.0000
vt 0.6840 0.1755 0.0000
vt 0.6832 0.2002 0.0000
vt 0.5148 0.2714 0.0000
vt 0.4892 0.2714 0.0000
vt 0.9215 0.9139 0.0000
vt 0.9158 0.8961 0.0000
vt 0.6825 0.2183 0.0000
vt 0.6977 0.2026 0.0000
vt 0.7074 0.2042 0.0000
vt 0.7067 0.2222 0.0000
vt 0.7137 0.2032 0.0000
vt 0.7222 0.2197 0.0000
vt 0.5818 0.3891 0.0000
vt 0.5754 0.3877 0.0000
vt 0.5802 0.3788 0.0000
vt 0.5856 0.3823 0.0000
vt 0.5883 0.3712 0.0000
vt 0.5919 0.3763 0.0000
vt 0.2591 0.8151 0.0000
vt 0.2544 0.8095 0.0000
vt 0.2561 0.8076 0.0000
vt 0.2604 0.8136 0.0000
vt 0.2630 0.8037 0.0000
vt 0.2657 0.8106 0.0000
vt 0.9122 0.7307 0.0000
vt 0.9141 0.7367 0.0000
vt 0.9016 0.7383 0.0000
vt 0.9024 0.7319 0.0000
vt 0.8936 0.7367 0.0000
vt 0.8962 0.7307 0.0000
vt 0.3607 0.1465 0.0000
vt 0.3665 0.1511 0.0000
vt 0.3584 0.1582 0.0000
vt 0.3544 0.1521 0.0000
vt 0.5804 0.3914 0.0000
vt 0.5737 0.3906 0.0000
vt 0.5524 0.3882 0.0000
vt 0.5572 0.3793 0.0000
vt 0.5653 0.3717 0.0000
vt 0.2364 0.8058 0.0000
vt 0.2381 0.8039 0.0000
vt 0.8302 0.6144 0.0000
vt 0.8305 0.6375 0.0000
vt 0.8240 0.6331 0.0000
vt 0.8237 0.6100 0.0000
vt 0.3145 0.3237 0.0000
vt 0.2917 0.3272 0.0000
vt 0.2821 0.3192 0.0000
vt 0.3049 0.3156 0.0000
vt 0.2770 0.3129 0.0000
vt 0.2998 0.3094 0.0000
vt 0.0309 0.1727 0.0000
vt 0.0241 0.1778 0.0000
vt 0.0005 0.1645 0.0000
vt 0.8014 0.0835 0.0000
vt 0.8019 0.0820 0.0000
vt 0.8084 0.0833 0.0000
vt 0.8098 0.0851 0.0000
vt 0.8128 0.0830 0.0000
vt 0.8154 0.0847 0.0000
vt 0.7579 0.2418 0.0000
vt 0.7565 0.2443 0.0000
vt 0.7530 0.2411 0.0000
vt 0.7533 0.2377 0.0000
vt 0.7461 0.2401 0.0000
vt 0.7446 0.2364 0.0000
vt 0.7421 0.2422 0.0000
vt 0.7394 0.2391 0.0000
vt 0.3131 0.0491 0.0000
vt 0.3092 0.0497 0.0000
vt 0.3021 0.0468 0.0000
vt 0.3040 0.0454 0.0000
vt 0.8988 0.3593 0.0000
vt 0.8988 0.3647 0.0000
vt 0.3403 0.4705 0.0000
vt 0.3457 0.4705 0.0000
vt 0.3325 0.4636 0.0000
vt 0.3379 0.4636 0.0000
vt 0.3263 0.4611 0.0000
vt 0.3317 0.4611 0.0000
vt 0.8957 0.9040 0.0000
vt 0.9000 0.9088 0.0000
vt 0.8951 0.9295 0.0000
vt 0.8908 0.9247 0.0000
vt 0.9154 0.3766 0.0000
vt 0.9154 0.3820 0.0000
vt 0.9052 0.3695 0.0000
vt 0.9052 0.3641 0.0000
vt 0.8016 0.0875 0.0000
vt 0.8271 0.0865 0.0000
vt 0.8267 0.0892 0.0000
vt 0.8012 0.0901 0.0000
vt 0.1185 0.9975 0.0000
vt 0.1454 0.9891 0.0000
vt 0.1459 0.9911 0.0000
vt 0.1189 0.9995 0.0000
vt 0.3769 0.9385 0.0000
vt 0.4017 0.9447 0.0000
vt 0.4016 0.9483 0.0000
vt 0.3768 0.9420 0.0000
vt 0.8544 0.0869 0.0000
vt 0.8826 0.0865 0.0000
vt 0.8828 0.0884 0.0000
vt 0.8546 0.0888 0.0000
vt 0.9118 0.9026 0.0000
vt 0.9536 0.9611 0.0000
vt 0.9431 0.9718 0.0000
vt 0.9273 0.9458 0.0000
vt 0.9423 0.9426 0.0000
vt 0.9307 0.9156 0.0000
vt 0.9448 0.9211 0.0000
vt 0.9689 0.8880 0.0000
vt 0.9719 0.9014 0.0000
vt 0.9867 0.9680 0.0000
vt 0.9896 0.9817 0.0000
vt 0.5502 0.5873 0.0000
vt 0.5275 0.5795 0.0000
vt 0.5307 0.5453 0.0000
vt 0.5529 0.5580 0.0000
vt 0.8447 0.3286 0.0000
vt 0.8149 0.3352 0.0000
vt 0.8154 0.2997 0.0000
vt 0.8452 0.2982 0.0000
vt 0.5728 0.7786 0.0000
vt 0.5423 0.7887 0.0000
vt 0.5438 0.7478 0.0000
vt 0.5740 0.7435 0.0000
vt 0.9222 0.2496 0.0000
vt 0.9263 0.2194 0.0000
vt 0.9773 0.2194 0.0000
vt 0.9660 0.2496 0.0000
vt 0.4912 0.5753 0.0000
vt 0.4936 0.5498 0.0000
vt 0.5116 0.4396 0.0000
vt 0.5307 0.4065 0.0000
vt 0.5509 0.4122 0.0000
vt 0.5387 0.4472 0.0000
vt 0.3723 0.5813 0.0000
vt 0.3403 0.5546 0.0000
vt 0.3717 0.5325 0.0000
vt 0.3836 0.5733 0.0000
vt 0.4100 0.5341 0.0000
vt 0.3974 0.5739 0.0000
vt 0.4480 0.5792 0.0000
vt 0.4111 0.5902 0.0000
vt 0.4477 0.6363 0.0000
vt 0.4110 0.6108 0.0000
vt 0.4094 0.6605 0.0000
vt 0.3972 0.6195 0.0000
vt 0.3632 0.6613 0.0000
vt 0.3805 0.6198 0.0000
vt 0.3319 0.6134 0.0000
vt 0.3692 0.6025 0.0000
vt 0.3339 0.5475 0.0000
vt 0.3689 0.5229 0.0000
vt 0.4116 0.5246 0.0000
vt 0.1459 0.7752 0.0000
vt 0.1409 0.7644 0.0000
vt 0.2073 0.7660 0.0000
vt 0.2054 0.7766 0.0000
vt 0.2560 0.7940 0.0000
vt 0.2490 0.8017 0.0000
vt 0.0469 0.9441 0.0000
vt 0.0486 0.9530 0.0000
vt 0.0005 0.9533 0.0000
vt 0.0038 0.9444 0.0000
vt 0.1256 0.2813 0.0000
vt 0.1274 0.2916 0.0000
vt 0.0757 0.2917 0.0000
vt 0.0792 0.2813 0.0000
vt 0.2210 0.9015 0.0000
vt 0.2215 0.9103 0.0000
vt 0.1604 0.9015 0.0000
vt 0.1663 0.8936 0.0000
vt 0.8176 0.0853 0.0000
vt 0.8159 0.0746 0.0000
vt 0.8828 0.0753 0.0000
vt 0.8775 0.0860 0.0000
vt 0.8713 0.2842 0.0000
vt 0.8722 0.2795 0.0000
vt 0.9136 0.2815 0.0000
vt 0.9127 0.2862 0.0000
vt 0.2058 0.2603 0.0000
vt 0.2106 0.2595 0.0000
vt 0.2079 0.2933 0.0000
vt 0.2030 0.2941 0.0000
vt 0.2076 0.3587 0.0000
vt 0.2027 0.3595 0.0000
vt 0.0980 0.9459 0.0000
vt 0.0988 0.9507 0.0000
vt 0.0495 0.9577 0.0000
vt 0.2200 0.9150 0.0000
vt 0.1589 0.9062 0.0000
vt 0.8149 0.2754 0.0000
vt 0.8159 0.2707 0.0000
vt 0.8730 0.2756 0.0000
vt 0.8733 0.2669 0.0000
vt 0.9110 0.2687 0.0000
vt 0.9144 0.2776 0.0000
vt 0.5037 0.1945 0.0000
vt 0.4948 0.1886 0.0000
vt 0.5089 0.1522 0.0000
vt 0.5192 0.1546 0.0000
vt 0.2119 0.2927 0.0000
vt 0.2202 0.2959 0.0000
vt 0.2200 0.3556 0.0000
vt 0.2116 0.3581 0.0000
vt 0.2774 0.3014 0.0000
vt 0.2678 0.2991 0.0000
vt 0.2676 0.2403 0.0000
vt 0.2771 0.2370 0.0000
vt 0.9823 0.2027 0.0000
vt 0.9915 0.2070 0.0000
vt 0.9841 0.2525 0.0000
vt 0.9742 0.2526 0.0000
vt 0.9922 0.2944 0.0000
vt 0.9831 0.2986 0.0000
vt 0.2189 0.9189 0.0000
vt 0.2164 0.9260 0.0000
vt 0.1607 0.9180 0.0000
vt 0.1578 0.9101 0.0000
vt 0.8167 0.2668 0.0000
vt 0.8219 0.2589 0.0000
vt 0.2147 0.2589 0.0000
vt 0.0995 0.9546 0.0000
vt 0.0501 0.9617 0.0000
vt 0.1185 0.4170 0.0000
vt 0.2499 0.3881 0.0000
vt 0.2512 0.3900 0.0000
vt 0.1197 0.4190 0.0000
vt 0.2510 0.3929 0.0000
vt 0.1195 0.4219 0.0000
vt 0.2577 0.9141 0.0000
vt 0.3699 0.9347 0.0000
vt 0.3688 0.9369 0.0000
vt 0.2567 0.9163 0.0000
vt 0.3686 0.9389 0.0000
vt 0.2565 0.9183 0.0000
vt 0.0005 0.9834 0.0000
vt 0.1351 0.9845 0.0000
vt 0.1356 0.9872 0.0000
vt 0.0010 0.9862 0.0000
vt 0.1351 0.9894 0.0000
vt 0.0005 0.9884 0.0000
vt 0.1690 0.9843 0.0000
vt 0.2830 0.9834 0.0000
vt 0.2835 0.9855 0.0000
vt 0.1694 0.9864 0.0000
vt 0.2836 0.9878 0.0000
vt 0.1695 0.9886 0.0000
vt 0.7236 0.6216 0.0000
vt 0.6914 0.6216 0.0000
vt 0.8717 0.2999 0.0000
vt 0.9035 0.2998 0.0000
vt 0.0177 0.8348 0.0000
vt 0.0174 0.8229 0.0000
vt 0.0474 0.8221 0.0000
vt 0.0478 0.8340 0.0000
vt 0.0676 0.8215 0.0000
vt 0.0679 0.8334 0.0000
vt 0.0872 0.8210 0.0000
vt 0.0876 0.8329 0.0000
vt 0.1297 0.8198 0.0000
vt 0.1300 0.8317 0.0000
vt 0.9720 0.1563 0.0000
vt 0.9620 0.1563 0.0000
vt 0.8618 0.2999 0.0000
vt 0.0170 0.8115 0.0000
vt 0.0471 0.8106 0.0000
vt 0.0673 0.8101 0.0000
vt 0.0869 0.8096 0.0000
vt 0.1293 0.8084 0.0000
vt 0.9525 0.1563 0.0000
vt 0.8523 0.2999 0.0000
vt 0.9273 0.1564 0.0000
vt 0.4563 0.7978 0.0000
vt 0.4564 0.7782 0.0000
vt 0.5903 0.1564 0.0000
vt 0.1697 0.7568 0.0000
vt 0.1697 0.4386 0.0000
vt 0.3315 0.5576 0.0000
vt 0.3312 0.5757 0.0000
vt 0.3248 0.5753 0.0000
vt 0.3176 0.5566 0.0000
vt 0.3210 0.5785 0.0000
vt 0.3094 0.5635 0.0000
vt 0.3345 0.2645 0.0000
vt 0.3519 0.2647 0.0000
vt 0.3507 0.2694 0.0000
vt 0.3319 0.2747 0.0000
vt 0.3525 0.2731 0.0000
vt 0.3358 0.2826 0.0000
vt 0.7475 0.9314 0.0000
vt 0.8650 0.8943 0.0000
vt 0.8658 0.9524 0.0000
vt 0.8263 0.9781 0.0000
vt 0.7803 0.9795 0.0000
vt 0.0383 0.2852 0.0000
vt 0.0339 0.2730 0.0000
vt 0.0430 0.2787 0.0000
vt 0.0340 0.2498 0.0000
vt 0.0291 0.2580 0.0000
vt 0.0252 0.2452 0.0000
vt 0.7381 0.9463 0.0000
vt 0.7310 0.9320 0.0000
vt 0.7383 0.9326 0.0000
vt 0.7450 0.9439 0.0000
vt 0.5720 0.9952 0.0000
vt 0.5711 0.9955 0.0000
vt 0.5687 0.9886 0.0000
vt 0.5696 0.9882 0.0000
vt 0.4442 0.9700 0.0000
vt 0.4451 0.9697 0.0000
vt 0.4452 0.9745 0.0000
vt 0.4444 0.9748 0.0000
vt 0.0119 0.2628 0.0000
vt 0.0112 0.2632 0.0000
vt 0.0085 0.2543 0.0000
vt 0.0092 0.2539 0.0000
vt 0.8663 0.5913 0.0000
vt 0.8654 0.5916 0.0000
vt 0.8631 0.5850 0.0000
vt 0.8640 0.5846 0.0000
vt 0.0012 0.2321 0.0000
vt 0.0021 0.2320 0.0000
vt 0.0014 0.2406 0.0000
vt 0.0005 0.2406 0.0000
vt 0.2786 0.8992 0.0000
vt 0.2794 0.8995 0.0000
vt 0.2766 0.9035 0.0000
vt 0.2757 0.9031 0.0000
vt 0.2741 0.8037 0.0000
vt 0.2748 0.8040 0.0000
vt 0.2708 0.8137 0.0000
vt 0.2701 0.8134 0.0000
vt 0.7311 0.9311 0.0000
vt 0.7384 0.9317 0.0000
vt 0.7408 0.9301 0.0000
vt 0.7401 0.9303 0.0000
vt 0.7400 0.9241 0.0000
vt 0.7408 0.9239 0.0000
vt 0.2815 0.6590 0.0000
vt 0.2806 0.6591 0.0000
vt 0.2787 0.6546 0.0000
vt 0.2796 0.6545 0.0000
vt 0.3390 0.4902 0.0000
vt 0.3382 0.4899 0.0000
vt 0.3389 0.4810 0.0000
vt 0.3396 0.4813 0.0000
vt 0.2894 0.6460 0.0000
vt 0.2892 0.6469 0.0000
vt 0.2849 0.6473 0.0000
vt 0.2850 0.6464 0.0000
vt 0.4466 0.8867 0.0000
vt 0.4465 0.8859 0.0000
vt 0.4523 0.8860 0.0000
vt 0.4524 0.8868 0.0000
vt 0.1347 0.7957 0.0000
vt 0.1356 0.7956 0.0000
vt 0.1369 0.8025 0.0000
vt 0.1360 0.8026 0.0000
vt 0.5704 0.9958 0.0000
vt 0.5680 0.9888 0.0000
vt 0.4457 0.9695 0.0000
vt 0.4459 0.9743 0.0000
vt 0.0106 0.2634 0.0000
vt 0.0079 0.2545 0.0000
vt 0.8647 0.5918 0.0000
vt 0.8624 0.5852 0.0000
vt 0.0028 0.2320 0.0000
vt 0.0021 0.2406 0.0000
vt 0.2801 0.8997 0.0000
vt 0.2772 0.9037 0.0000
vt 0.2753 0.8043 0.0000
vt 0.2714 0.8140 0.0000
vt 0.7312 0.9304 0.0000
vt 0.7384 0.9310 0.0000
vt 0.7395 0.9304 0.0000
vt 0.7394 0.9242 0.0000
vt 0.2799 0.6592 0.0000
vt 0.2781 0.6547 0.0000
vt 0.3377 0.4897 0.0000
vt 0.3383 0.4808 0.0000
vt 0.2891 0.6476 0.0000
vt 0.2848 0.6480 0.0000
vt 0.4464 0.8853 0.0000
vt 0.4523 0.8854 0.0000
vt 0.1363 0.7954 0.0000
vt 0.1376 0.8023 0.0000
vt 0.7307 0.9191 0.0000
vt 0.7370 0.9224 0.0000
vt 0.9845 0.6127 0.0000
vt 0.9848 0.6132 0.0000
vt 0.9781 0.6152 0.0000
vt 0.9778 0.6147 0.0000
vt 0.4569 0.9666 0.0000
vt 0.4574 0.9667 0.0000
vt 0.4557 0.9716 0.0000
vt 0.4551 0.9715 0.0000
vt 0.3747 0.7822 0.0000
vt 0.3747 0.7828 0.0000
vt 0.3656 0.7818 0.0000
vt 0.3656 0.7812 0.0000
vt 0.0101 0.2308 0.0000
vt 0.0107 0.2309 0.0000
vt 0.0099 0.2394 0.0000
vt 0.0093 0.2393 0.0000
vt 0.2866 0.9032 0.0000
vt 0.2872 0.9033 0.0000
vt 0.2864 0.9079 0.0000
vt 0.2858 0.9078 0.0000
vt 0.2821 0.8083 0.0000
vt 0.2827 0.8084 0.0000
vt 0.2797 0.8185 0.0000
vt 0.2792 0.8183 0.0000
vt 0.7310 0.9186 0.0000
vt 0.7373 0.9219 0.0000
vt 0.9110 0.6015 0.0000
vt 0.9115 0.6015 0.0000
vt 0.9110 0.6077 0.0000
vt 0.9104 0.6077 0.0000
vt 0.9160 0.2038 0.0000
vt 0.9162 0.2032 0.0000
vt 0.9213 0.2036 0.0000
vt 0.9212 0.2042 0.0000
vt 0.1534 0.8164 0.0000
vt 0.1532 0.8170 0.0000
vt 0.1441 0.8155 0.0000
vt 0.1443 0.8149 0.0000
vt 0.2894 0.6614 0.0000
vt 0.2891 0.6618 0.0000
vt 0.2852 0.6602 0.0000
vt 0.2855 0.6597 0.0000
vt 0.7925 0.4444 0.0000
vt 0.7931 0.4444 0.0000
vt 0.7931 0.4503 0.0000
vt 0.7925 0.4503 0.0000
vt 0.1474 0.7953 0.0000
vt 0.1479 0.7950 0.0000
vt 0.1520 0.8007 0.0000
vt 0.1515 0.8011 0.0000
vt 0.9850 0.6136 0.0000
vt 0.9783 0.6156 0.0000
vt 0.3747 0.7832 0.0000
vt 0.3656 0.7822 0.0000
vt 0.0112 0.2309 0.0000
vt 0.0104 0.2394 0.0000
vt 0.2877 0.9034 0.0000
vt 0.2869 0.9080 0.0000
vt 0.2832 0.8086 0.0000
vt 0.2802 0.8186 0.0000
vt 0.7312 0.9182 0.0000
vt 0.7375 0.9215 0.0000
vt 0.9120 0.6015 0.0000
vt 0.9115 0.6077 0.0000
vt 0.9163 0.2028 0.0000
vt 0.9214 0.2032 0.0000
vt 0.1531 0.8175 0.0000
vt 0.1440 0.8160 0.0000
vt 0.7936 0.4444 0.0000
vt 0.7936 0.4503 0.0000
vt 0.1483 0.7947 0.0000
vt 0.1524 0.8004 0.0000
vt 0.9892 0.6227 0.0000
vt 0.9825 0.6246 0.0000
vt 0.4579 0.9668 0.0000
vt 0.4680 0.9684 0.0000
vt 0.4662 0.9734 0.0000
vt 0.4561 0.9717 0.0000
vt 0.3749 0.7932 0.0000
vt 0.3658 0.7922 0.0000
vt 0.2861 0.6193 0.0000
vt 0.2755 0.6186 0.0000
vt 0.2766 0.6127 0.0000
vt 0.2872 0.6135 0.0000
vt 0.0219 0.2321 0.0000
vt 0.0212 0.2406 0.0000
vt 0.2983 0.9056 0.0000
vt 0.2975 0.9102 0.0000
vt 0.2961 0.8126 0.0000
vt 0.2931 0.8226 0.0000
vt 0.7383 0.9070 0.0000
vt 0.7446 0.9103 0.0000
vt 0.9256 0.6017 0.0000
vt 0.9250 0.6079 0.0000
vt 0.9190 0.1898 0.0000
vt 0.9242 0.1902 0.0000
vt 0.1500 0.8313 0.0000
vt 0.1409 0.8298 0.0000
vt 0.2888 0.6622 0.0000
vt 0.2809 0.6738 0.0000
vt 0.2770 0.6722 0.0000
vt 0.2849 0.6606 0.0000
vt 0.8077 0.4442 0.0000
vt 0.8077 0.4502 0.0000
vt 0.1596 0.7864 0.0000
vt 0.1637 0.7921 0.0000
vt 0.9895 0.6347 0.0000
vt 0.4784 0.9746 0.0000
vt 0.3708 0.8032 0.0000
vt 0.2645 0.6133 0.0000
vt 0.0328 0.2379 0.0000
vt 0.3085 0.9118 0.0000
vt 0.3061 0.8215 0.0000
vt 0.7488 0.8992 0.0000
vt 0.9362 0.6047 0.0000
vt 0.9217 0.1802 0.0000
vt 0.1448 0.8426 0.0000
vt 0.2717 0.6827 0.0000
vt 0.8187 0.4469 0.0000
vt 0.1687 0.7812 0.0000
vt 0.0648 0.2760 0.0000
vt 0.0616 0.2935 0.0000
vt 0.0579 0.2922 0.0000
vt 0.0611 0.2776 0.0000
vt 0.2635 0.2563 0.0000
vt 0.2565 0.2696 0.0000
vt 0.2528 0.2686 0.0000
vt 0.2613 0.2531 0.0000
vt 0.2575 0.2858 0.0000
vt 0.2544 0.2884 0.0000
vt 0.2496 0.2712 0.0000
vt 0.0044 0.5229 0.0000
vt 0.0103 0.5373 0.0000
vt 0.0064 0.5385 0.0000
vt 0.0005 0.5240 0.0000
vt 0.0473 0.3040 0.0000
vt 0.0436 0.3028 0.0000
vt 0.0399 0.3011 0.0000
vt 0.0542 0.2906 0.0000
vt 0.9273 0.0848 0.0000
vt 0.9273 0.1004 0.0000
vt 0.9243 0.1025 0.0000
vt 0.9243 0.0869 0.0000
vt 0.9217 0.1011 0.0000
vt 0.9217 0.0855 0.0000
vt 0.2591 0.2726 0.0000
vt 0.2639 0.2897 0.0000
vt 0.2612 0.2867 0.0000
vt 0.7297 0.2831 0.0000
vt 0.7315 0.2972 0.0000
vt 0.7297 0.3259 0.0000
vt 0.7142 0.3228 0.0000
vt 0.8968 0.8961 0.0000
vt 0.8968 0.9537 0.0000
vt 0.8968 0.9443 0.0000
vt 0.8968 0.9026 0.0000
vt 0.7650 0.3042 0.0000
vt 0.7624 0.3036 0.0000
vt 0.0692 0.2235 0.0000
vt 0.0680 0.2226 0.0000
vt 0.2526 0.4488 0.0000
vt 0.2749 0.7686 0.0000
vt 0.2082 0.1740 0.0000
vt 0.1996 0.1349 0.0000
vt 0.5821 0.0506 0.0000
vt 0.5933 0.1012 0.0000
vt 0.1911 0.0964 0.0000
vt 0.5710 0.0005 0.0000
vt 0.5324 0.9372 0.0000
vt 0.5145 0.9811 0.0000
vt 0.1465 0.8457 0.0000
vt 0.1723 0.7812 0.0000
vt 0.7134 0.5567 0.0000
vt 0.6873 0.5597 0.0000
vt 0.7054 0.5484 0.0000
vt 0.7140 0.5464 0.0000
vt 0.3154 0.5147 0.0000
vt 0.2904 0.5118 0.0000
vt 0.2932 0.5015 0.0000
vt 0.3013 0.5035 0.0000
vt 0.9778 0.5796 0.0000
vt 0.9845 0.5566 0.0000
vt 0.9902 0.5762 0.0000
vt 0.9893 0.5832 0.0000
vt 0.7338 0.5593 0.0000
vt 0.7199 0.5484 0.0000
vt 0.4085 0.8464 0.0000
vt 0.4007 0.8578 0.0000
vt 0.3920 0.8500 0.0000
vt 0.4031 0.8418 0.0000
vt 0.3928 0.8697 0.0000
vt 0.3806 0.8586 0.0000
vt 0.8101 0.4160 0.0000
vt 0.8081 0.4299 0.0000
vt 0.7919 0.4299 0.0000
vt 0.7955 0.4160 0.0000
vt 0.8108 0.4413 0.0000
vt 0.7967 0.4413 0.0000
vt 0.2396 0.1690 0.0000
vt 0.2438 0.1807 0.0000
vt 0.2334 0.1861 0.0000
vt 0.2256 0.1765 0.0000
vt 0.2480 0.1920 0.0000
vt 0.2411 0.1954 0.0000
vt 0.0846 0.3741 0.0000
vt 0.0821 0.3623 0.0000
vt 0.0868 0.3623 0.0000
vt 0.0915 0.3741 0.0000
vt 0.0840 0.3487 0.0000
vt 0.0904 0.3487 0.0000
vt 0.3864 0.8430 0.0000
vt 0.3992 0.8379 0.0000
vt 0.3731 0.8485 0.0000
vt 0.7812 0.4299 0.0000
vt 0.7859 0.4160 0.0000
vt 0.9007 0.1860 0.0000
vt 0.8950 0.1736 0.0000
vt 0.9060 0.1686 0.0000
vt 0.9134 0.1802 0.0000
vt 0.2263 0.1915 0.0000
vt 0.2162 0.1841 0.0000
vt 0.2360 0.1985 0.0000
vt 0.0905 0.3623 0.0000
vt 0.0965 0.3741 0.0000
vt 0.0951 0.3487 0.0000
vt 0.3826 0.8336 0.0000
vt 0.3964 0.8322 0.0000
vt 0.3684 0.8352 0.0000
vt 0.7154 0.9569 0.0000
vt 0.7187 0.9708 0.0000
vt 0.7056 0.9708 0.0000
vt 0.7036 0.9569 0.0000
vt 0.9171 0.1613 0.0000
vt 0.9260 0.1717 0.0000
vt 0.2203 0.1997 0.0000
vt 0.2087 0.1954 0.0000
vt 0.2316 0.2038 0.0000
vt 0.3264 0.5232 0.0000
vt 0.3404 0.5229 0.0000
vt 0.3402 0.5277 0.0000
vt 0.3264 0.5300 0.0000
vt 0.6352 0.9887 0.0000
vt 0.6489 0.9834 0.0000
vt 0.6514 0.9893 0.0000
vt 0.6372 0.9932 0.0000
vt 0.3797 0.8240 0.0000
vt 0.3932 0.8264 0.0000
vt 0.3656 0.8215 0.0000
vt 0.6915 0.9708 0.0000
vt 0.6911 0.9569 0.0000
vt 0.7031 0.9823 0.0000
vt 0.6910 0.9823 0.0000
vt 0.2151 0.2084 0.0000
vt 0.2027 0.2075 0.0000
vt 0.2271 0.2091 0.0000
vt 0.3396 0.5329 0.0000
vt 0.3263 0.5370 0.0000
vt 0.6540 0.9953 0.0000
vt 0.6395 0.9978 0.0000
vt 0.4632 0.7026 0.0000
vt 0.4708 0.7071 0.0000
vt 0.8088 0.0982 0.0000
vt 0.8088 0.1056 0.0000
vt 0.8615 0.6720 0.0000
vt 0.8661 0.6701 0.0000
vt 0.8668 0.6768 0.0000
vt 0.8623 0.6795 0.0000
vt 0.4456 0.6921 0.0000
vt 0.4376 0.6873 0.0000
vt 0.7097 0.0976 0.0000
vt 0.7113 0.1039 0.0000
vt 0.6951 0.1043 0.0000
vt 0.6914 0.0984 0.0000
vt 0.4722 0.6891 0.0000
vt 0.4797 0.6936 0.0000
vt 0.2658 0.7817 0.0000
vt 0.2648 0.7864 0.0000
vt 0.2476 0.7841 0.0000
vt 0.2505 0.7812 0.0000
vt 0.2459 0.3549 0.0000
vt 0.2552 0.3533 0.0000
vt 0.2610 0.3684 0.0000
vt 0.2513 0.3691 0.0000
vt 0.4534 0.6964 0.0000
vt 0.4479 0.6932 0.0000
vt 0.4555 0.6819 0.0000
vt 0.4609 0.6852 0.0000
vt 0.4450 0.6894 0.0000
vt 0.4536 0.6769 0.0000
vt 0.2572 0.3526 0.0000
vt 0.2662 0.3487 0.0000
vt 0.2726 0.3657 0.0000
vt 0.2637 0.3698 0.0000
vt 0.3581 0.8118 0.0000
vt 0.3621 0.8144 0.0000
vt 0.4602 0.7005 0.0000
vt 0.4552 0.6975 0.0000
vt 0.4643 0.6847 0.0000
vt 0.4695 0.6873 0.0000
vt 0.1478 0.3260 0.0000
vt 0.1501 0.3327 0.0000
vt 0.7869 0.1033 0.0000
vt 0.7897 0.0965 0.0000
vt 0.4479 0.6745 0.0000
vt 0.4559 0.6793 0.0000
vt 0.4633 0.1952 0.0000
vt 0.4606 0.1887 0.0000
vt 0.3656 0.2705 0.0000
vt 0.3675 0.2645 0.0000
vt 0.3745 0.2679 0.0000
vt 0.3726 0.2739 0.0000
vt 0.0105 0.2420 0.0000
vt 0.0112 0.2477 0.0000
vt 0.0005 0.2505 0.0000
vt 0.0016 0.2449 0.0000
vt 0.9712 0.5846 0.0000
vt 0.9717 0.5945 0.0000
vt 0.9610 0.5949 0.0000
vt 0.9612 0.5852 0.0000
vt 0.3544 0.2702 0.0000
vt 0.3556 0.2645 0.0000
vt 0.3636 0.2686 0.0000
vt 0.3630 0.2744 0.0000
vt 0.0064 0.2987 0.0000
vt 0.0005 0.2995 0.0000
vt 0.0005 0.2989 0.0000
vt 0.0064 0.2981 0.0000
vt 0.4468 0.7370 0.0000
vt 0.4340 0.7299 0.0000
vt 0.4432 0.7164 0.0000
vt 0.4209 0.7202 0.0000
vt 0.4159 0.7134 0.0000
vt 0.8449 0.0962 0.0000
vt 0.8449 0.1068 0.0000
vt 0.8164 0.1057 0.0000
vt 0.8207 0.0960 0.0000
vt 0.2307 0.3251 0.0000
vt 0.2432 0.3232 0.0000
vt 0.2543 0.3485 0.0000
vt 0.2409 0.3487 0.0000
vt 0.2604 0.3183 0.0000
vt 0.2660 0.3409 0.0000
vt 0.9545 0.9412 0.0000
vt 0.9543 0.9285 0.0000
vt 0.9574 0.9362 0.0000
vt 0.9558 0.9387 0.0000
vt 0.4915 0.7139 0.0000
vt 0.4822 0.7204 0.0000
vt 0.7170 0.0960 0.0000
vt 0.7234 0.1046 0.0000
vt 0.2756 0.7852 0.0000
vt 0.2713 0.7894 0.0000
vt 0.3611 0.8039 0.0000
vt 0.3672 0.8037 0.0000
vt 0.4476 0.7065 0.0000
vt 0.1575 0.3207 0.0000
vt 0.1543 0.3309 0.0000
vt 0.4253 0.8873 0.0000
vt 0.4218 0.8771 0.0000
vt 0.4386 0.6941 0.0000
vt 0.8610 0.6648 0.0000
vt 0.8669 0.6588 0.0000
vt 0.9014 0.4442 0.0000
vt 0.9223 0.4563 0.0000
vt 0.8721 0.5432 0.0000
vt 0.7925 0.5192 0.0000
vt 0.7936 0.4699 0.0000
vt 0.8355 0.4447 0.0000
vt 0.4239 0.7436 0.0000
vt 0.4323 0.7467 0.0000
vt 0.4154 0.7365 0.0000
vt 0.5918 0.9308 0.0000
vt 0.5965 0.9247 0.0000
vt 0.5904 0.9379 0.0000
vt 0.2367 0.3075 0.0000
vt 0.2286 0.3081 0.0000
vt 0.2451 0.3031 0.0000
vt 0.7981 0.2037 0.0000
vt 0.8031 0.1930 0.0000
vt 0.8978 0.1956 0.0000
vt 0.9002 0.2017 0.0000
vt 0.8078 0.1802 0.0000
vt 0.8985 0.1874 0.0000
vt 0.9563 0.6217 0.0000
vt 0.9483 0.6089 0.0000
vt 0.9544 0.5959 0.0000
vt 0.9563 0.5990 0.0000
vt 0.9563 0.6372 0.0000
vt 0.9316 0.6372 0.0000
vt 0.9644 0.8773 0.0000
vt 0.9268 0.8743 0.0000
vt 0.9439 0.8499 0.0000
vt 0.9645 0.8476 0.0000
vt 0.9296 0.6129 0.0000
vt 0.8968 0.9692 0.0000
vt 0.8655 0.9779 0.0000
vt 0.9754 0.8285 0.0000
vt 0.9722 0.7958 0.0000
vt 0.9940 0.7869 0.0000
vt 0.9935 0.8326 0.0000
vt 0.6734 0.9329 0.0000
vt 0.6979 0.9401 0.0000
vt 0.6977 0.9556 0.0000
vt 0.6633 0.9454 0.0000
vt 0.7231 0.9333 0.0000
vt 0.7331 0.9460 0.0000
vt 0.9272 0.3797 0.0000
vt 0.9583 0.3854 0.0000
vt 0.1411 0.2156 0.0000
vt 0.1325 0.1768 0.0000
vt 0.1268 0.1508 0.0000
vt 0.1212 0.1254 0.0000
vt 0.1091 0.0708 0.0000
vt 0.5252 0.7532 0.0000
vt 0.5393 0.7825 0.0000
vt 0.9760 0.0876 0.0000
vt 0.9453 0.0735 0.0000
vt 0.8185 0.9838 0.0000
vt 0.8387 0.9778 0.0000
vt 0.8387 0.9944 0.0000
vt 0.8149 0.9977 0.0000
vt 0.0818 0.2807 0.0000
vt 0.0757 0.2750 0.0000
vt 0.1024 0.2638 0.0000
vt 0.1024 0.2763 0.0000
vt 0.7188 0.5168 0.0000
vt 0.6837 0.5243 0.0000
vt 0.6801 0.5181 0.0000
vt 0.7146 0.5060 0.0000
vt 0.8811 0.7714 0.0000
vt 0.8696 0.8179 0.0000
vt 0.8396 0.8153 0.0000
vt 0.6923 0.4239 0.0000
vt 0.7225 0.4259 0.0000
vt 0.8113 0.8026 0.0000
vt 0.5846 0.6794 0.0000
vt 0.6354 0.6633 0.0000
vt 0.6365 0.6941 0.0000
vt 0.5927 0.7105 0.0000
vt 0.9744 0.4565 0.0000
vt 0.9304 0.4548 0.0000
vt 0.7504 0.4108 0.0000
vt 0.4600 0.9885 0.0000
vt 0.4604 0.9907 0.0000
vt 0.4567 0.9902 0.0000
vt 0.4578 0.9875 0.0000
vt 0.4127 0.0365 0.0000
vt 0.4123 0.0327 0.0000
vt 0.4543 0.9897 0.0000
vt 0.4558 0.9876 0.0000
vt 0.4120 0.0302 0.0000
vt 0.6496 0.2809 0.0000
vt 0.6518 0.2999 0.0000
vt 0.6296 0.3042 0.0000
vt 0.6296 0.2809 0.0000
vt 0.2905 0.5350 0.0000
vt 0.2645 0.5350 0.0000
vt 0.2707 0.5144 0.0000
vt 0.9759 0.3240 0.0000
vt 0.9759 0.3473 0.0000
vt 0.9668 0.3430 0.0000
vt 0.9499 0.3240 0.0000
vt 0.6856 0.6524 0.0000
vt 0.6649 0.6480 0.0000
vt 0.6649 0.6015 0.0000
vt 0.6890 0.6015 0.0000
vt 0.0346 0.1365 0.0000
vt 0.0237 0.0874 0.0000
vt 0.0457 0.0803 0.0000
vt 0.0670 0.1389 0.0000
vt 0.8538 0.5750 0.0000
vt 0.8328 0.5629 0.0000
vt 0.2863 0.2602 0.0000
vt 0.2833 0.2606 0.0000
vt 0.2829 0.2586 0.0000
vt 0.2866 0.2587 0.0000
vt 0.8516 0.3628 0.0000
vt 0.8489 0.3642 0.0000
vt 0.8526 0.3646 0.0000
vt 0.8491 0.3658 0.0000
vt 0.1248 0.5734 0.0000
vt 0.1237 0.5889 0.0000
vt 0.1128 0.5958 0.0000
vt 0.1147 0.5734 0.0000
vt 0.6178 0.8079 0.0000
vt 0.6308 0.7978 0.0000
vt 0.6367 0.7878 0.0000
vt 0.6074 0.4527 0.0000
vt 0.6178 0.4400 0.0000
vt 0.6240 0.4444 0.0000
vt 0.6071 0.4630 0.0000
vt 0.4764 0.9887 0.0000
vt 0.4762 0.9910 0.0000
vt 0.4610 0.9901 0.0000
vt 0.4655 0.9875 0.0000
vt 0.7715 0.1774 0.0000
vt 0.7795 0.1690 0.0000
vt 0.9737 0.6219 0.0000
vt 0.9696 0.5990 0.0000
vt 0.9755 0.6374 0.0000
vt 0.7581 0.3018 0.0000
vt 0.7520 0.3207 0.0000
vt 0.4260 0.0230 0.0000
vt 0.4282 0.0271 0.0000
vt 0.4230 0.0274 0.0000
vt 0.4161 0.0247 0.0000
vt 0.6872 0.9834 0.0000
vt 0.6807 0.9920 0.0000
vt 0.6689 0.9898 0.0000
vt 0.6743 0.9837 0.0000
vt 0.6496 0.9713 0.0000
vt 0.6456 0.9767 0.0000
vt 0.6296 0.9765 0.0000
vt 0.6406 0.9666 0.0000
vt 0.7535 0.2831 0.0000
vt 0.7557 0.2893 0.0000
vt 0.7458 0.3211 0.0000
vt 0.7515 0.3019 0.0000
vt 0.4485 0.8101 0.0000
vt 0.4414 0.8182 0.0000
vt 0.4386 0.8172 0.0000
vt 0.4428 0.8111 0.0000
vt 0.5494 0.4997 0.0000
vt 0.7071 0.7941 0.0000
vt 0.5474 0.4894 0.0000
vt 0.1239 0.3433 0.0000
vt 0.1242 0.3696 0.0000
vt 0.1016 0.3680 0.0000
vt 0.1067 0.3458 0.0000
vt 0.7026 0.7736 0.0000
vt 0.1226 0.4061 0.0000
vt 0.1162 0.3878 0.0000
vt 0.6160 0.4667 0.0000
vt 0.6230 0.4743 0.0000
vt 0.6157 0.5041 0.0000
vt 0.6071 0.4984 0.0000
vt 0.6670 0.7236 0.0000
vt 0.6670 0.7026 0.0000
vt 0.6819 0.7065 0.0000
vt 0.6819 0.7276 0.0000
vt 0.6362 0.6457 0.0000
vt 0.6406 0.6618 0.0000
vt 0.6097 0.6618 0.0000
vt 0.6055 0.6457 0.0000
vt 0.6220 0.5337 0.0000
vt 0.6124 0.5370 0.0000
vt 0.5637 0.6349 0.0000
vt 0.5627 0.6499 0.0000
vt 0.5519 0.6499 0.0000
vt 0.5553 0.6349 0.0000
vt 0.5816 0.6618 0.0000
vt 0.5790 0.6457 0.0000
vt 0.7795 0.2986 0.0000
vt 0.7950 0.2976 0.0000
vt 0.7975 0.3216 0.0000
vt 0.7755 0.3253 0.0000
vt 0.9645 0.6831 0.0000
vt 0.9643 0.7051 0.0000
vt 0.7595 0.3018 0.0000
vt 0.7510 0.3019 0.0000
vt 0.9674 0.6610 0.0000
vt 0.9722 0.6655 0.0000
vt 0.9532 0.6506 0.0000
vt 0.9638 0.6522 0.0000
vt 0.9614 0.6470 0.0000
vt 0.9705 0.6519 0.0000
vt 0.7442 0.3234 0.0000
vt 0.3801 0.6667 0.0000
vt 0.3945 0.6633 0.0000
vt 0.3851 0.7036 0.0000
vt 0.3801 0.7200 0.0000
vt 0.6570 0.4218 0.0000
vt 0.6682 0.4326 0.0000
vt 0.6827 0.4518 0.0000
vt 0.9366 0.6543 0.0000
vt 0.9383 0.6466 0.0000
vt 0.9357 0.6629 0.0000
vt 0.9339 0.6627 0.0000
vt 0.2710 0.4837 0.0000
vt 0.2589 0.4972 0.0000
vt 0.2589 0.4754 0.0000
vt 0.2622 0.4723 0.0000
vt 0.9358 0.6439 0.0000
vt 0.3218 0.6267 0.0000
vt 0.3095 0.6358 0.0000
vt 0.0063 0.4555 0.0000
vt 0.0080 0.5100 0.0000
vt 0.0005 0.5090 0.0000
vt 0.0013 0.4633 0.0000
vt 0.7932 0.2831 0.0000
vt 0.8138 0.2831 0.0000
vt 0.8120 0.3055 0.0000
vt 0.6438 0.3501 0.0000
vt 0.6283 0.3490 0.0000
vt 0.5170 0.8188 0.0000
vt 0.5220 0.8093 0.0000
vt 0.9638 0.7253 0.0000
vt 0.9700 0.7277 0.0000
vt 0.4947 0.8329 0.0000
vt 0.5142 0.8245 0.0000
vt 0.5243 0.8336 0.0000
vt 0.4842 0.8377 0.0000
vt 0.9721 0.7177 0.0000
vt 0.9596 0.7099 0.0000
vt 0.8101 0.3119 0.0000
vt 0.1785 0.0239 0.0000
vt 0.1991 0.0005 0.0000
vt 0.2185 0.0090 0.0000
vt 0.1728 0.0425 0.0000
vt 0.0017 0.5769 0.0000
vt 0.0121 0.5509 0.0000
vt 0.0181 0.6894 0.0000
vt 0.0005 0.6786 0.0000
vt 0.5367 0.6499 0.0000
vt 0.5402 0.6336 0.0000
vt 0.1095 0.0549 0.0000
vt 0.1095 0.0354 0.0000
vt 0.6509 0.4896 0.0000
vt 0.6465 0.5124 0.0000
vt 0.6509 0.5206 0.0000
vt 0.6383 0.5252 0.0000
vt 0.6848 0.3342 0.0000
vt 0.6562 0.3423 0.0000
vt 0.3899 0.3348 0.0000
vt 0.4124 0.3668 0.0000
vt 0.4108 0.4057 0.0000
vt 0.0074 0.1562 0.0000
vt 0.0005 0.1013 0.0000
vt 0.3227 0.5350 0.0000
vt 0.0705 0.2355 0.0000
vt 0.0777 0.1874 0.0000
vt 0.0792 0.1613 0.0000
vt 0.7589 0.3602 0.0000
vt 0.7596 0.3736 0.0000
vt 0.4539 0.2629 0.0000
vt 0.4274 0.2628 0.0000
vt 0.4348 0.2364 0.0000
vt 0.4486 0.2372 0.0000
vt 0.7981 0.7881 0.0000
vt 0.8009 0.7672 0.0000
vt 0.5371 0.4679 0.0000
vt 0.5455 0.5138 0.0000
vt 0.5202 0.4927 0.0000
vt 0.5174 0.4722 0.0000
vt 0.5218 0.5341 0.0000
vt 0.5077 0.5033 0.0000
vt 0.4902 0.5390 0.0000
vt 0.4912 0.5059 0.0000
vt 0.4611 0.5024 0.0000
vt 0.4776 0.4903 0.0000
vt 0.4611 0.4611 0.0000
vt 0.4777 0.4689 0.0000
vt 0.1255 0.4410 0.0000
vt 0.1250 0.4387 0.0000
vt 0.2988 0.0413 0.0000
vt 0.2991 0.0427 0.0000
vt 0.5023 0.1405 0.0000
vt 0.5002 0.1417 0.0000
vt 0.1323 0.4404 0.0000
vt 0.1297 0.4418 0.0000
vt 0.1312 0.4397 0.0000
vt 0.1277 0.4419 0.0000
vt 0.8945 0.8149 0.0000
vt 0.8823 0.7901 0.0000
vt 0.9030 0.7896 0.0000
vt 0.9053 0.8115 0.0000
vt 0.5397 0.1564 0.0000
vt 0.5489 0.1297 0.0000
vt 0.5594 0.1358 0.0000
vt 0.5555 0.1564 0.0000
vt 0.2655 0.4686 0.0000
vt 0.2955 0.4611 0.0000
vt 0.2967 0.4718 0.0000
vt 0.2733 0.4794 0.0000
vt 0.3300 0.4732 0.0000
vt 0.3248 0.4794 0.0000
vt 0.7347 0.5243 0.0000
vt 0.7447 0.5135 0.0000
vt 0.1182 0.2922 0.0000
vt 0.1153 0.2982 0.0000
vt 0.0757 0.2981 0.0000
vt 0.0844 0.2927 0.0000
vt 0.3153 0.0505 0.0000
vt 0.3150 0.0465 0.0000
vt 0.3411 0.0454 0.0000
vt 0.3459 0.0504 0.0000
vt 0.2876 0.5035 0.0000
vt 0.0174 0.2300 0.0000
vt 0.0211 0.2258 0.0000
vt 0.0540 0.2252 0.0000
vt 0.0418 0.2307 0.0000
vt 0.8544 0.1804 0.0000
vt 0.8512 0.1768 0.0000
vt 0.8797 0.1767 0.0000
vt 0.8940 0.1798 0.0000
vt 0.7538 0.3941 0.0000
vt 0.7532 0.3832 0.0000
vt 0.7679 0.3761 0.0000
vt 0.8944 0.3976 0.0000
vt 0.9063 0.4162 0.0000
vt 0.8936 0.4085 0.0000
vt 0.9100 0.4303 0.0000
vt 0.7875 0.1876 0.0000
vt 0.7812 0.1578 0.0000
vt 0.8055 0.1618 0.0000
vt 0.8065 0.1772 0.0000
vt 0.4852 0.8823 0.0000
vt 0.4846 0.9065 0.0000
vt 0.4795 0.9125 0.0000
vt 0.4723 0.9014 0.0000
vt 0.7616 0.3375 0.0000
vt 0.7914 0.3381 0.0000
vt 0.7704 0.3503 0.0000
vt 0.7575 0.3426 0.0000
vt 0.7731 0.3623 0.0000
vt 0.4817 0.8455 0.0000
vt 0.4812 0.8606 0.0000
vt 0.4913 0.8724 0.0000
vt 0.9113 0.4419 0.0000
vt 0.3401 0.1940 0.0000
vt 0.3291 0.2019 0.0000
vt 0.3264 0.2147 0.0000
vt 0.0061 0.3747 0.0000
vt 0.0158 0.3627 0.0000
vt 0.0132 0.3489 0.0000
vt 0.5740 0.9217 0.0000
vt 0.5793 0.9160 0.0000
vt 0.5734 0.9295 0.0000
vt 0.2701 0.1679 0.0000
vt 0.4482 0.9834 0.0000
vt 0.4518 0.9868 0.0000
vt 0.4495 0.9904 0.0000
vt 0.4330 0.9953 0.0000
vt 0.3344 0.1578 0.0000
vt 0.3337 0.1650 0.0000
vt 0.3183 0.1703 0.0000
vt 0.1212 0.6295 0.0000
vt 0.1128 0.6307 0.0000
vt 0.1129 0.6148 0.0000
vt 0.1177 0.6136 0.0000
vt 0.4971 0.9894 0.0000
vt 0.4808 0.9957 0.0000
vt 0.4772 0.9906 0.0000
vt 0.4810 0.9886 0.0000
vt 0.4540 0.7344 0.0000
vt 0.2829 0.2647 0.0000
vt 0.2875 0.2612 0.0000
vt 0.2873 0.2784 0.0000
vt 0.2847 0.2800 0.0000
vt 0.7410 0.1042 0.0000
vt 0.7411 0.1025 0.0000
vt 0.2988 0.2431 0.0000
vt 0.2982 0.2139 0.0000
vt 0.3107 0.2165 0.0000
vt 0.3105 0.2206 0.0000
vt 0.2776 0.5629 0.0000
vt 0.2647 0.5801 0.0000
vt 0.2645 0.5598 0.0000
vt 0.2665 0.5566 0.0000
vt 0.1171 0.5979 0.0000
vt 0.1212 0.5959 0.0000
vt 0.4554 0.7324 0.0000
vt 0.4684 0.7318 0.0000
vt 0.8136 0.0787 0.0000
vt 0.8154 0.0815 0.0000
vt 0.8015 0.0811 0.0000
vt 0.8011 0.0781 0.0000
vt 0.3115 0.1629 0.0000
vt 0.7315 0.2690 0.0000
vt 0.7142 0.2434 0.0000
vt 0.7297 0.2403 0.0000
vt 0.7650 0.2620 0.0000
vt 0.7624 0.2625 0.0000
vt 0.2824 0.0544 0.0000
vt 0.2813 0.0534 0.0000
vt 0.1128 0.7686 0.0000
vt 0.1351 0.4488 0.0000
vt 0.0268 0.7877 0.0000
vt 0.0043 0.3965 0.0000
vt 0.0561 0.3951 0.0000
vt 0.0668 0.7866 0.0000
vt 0.1074 0.3937 0.0000
vt 0.1063 0.7855 0.0000
vt 0.9826 0.0602 0.0000
vt 0.5903 0.0700 0.0000
vt 0.5905 0.0005 0.0000
vt 0.9825 0.0128 0.0000
vt 0.7283 0.4837 0.0000
vt 0.7276 0.4734 0.0000
vt 0.7363 0.4754 0.0000
vt 0.7544 0.4867 0.0000
vt 0.3154 0.5553 0.0000
vt 0.3013 0.5666 0.0000
vt 0.2932 0.5685 0.0000
vt 0.2904 0.5582 0.0000
vt 0.2645 0.4951 0.0000
vt 0.2765 0.4948 0.0000
vt 0.2755 0.5017 0.0000
vt 0.2645 0.5190 0.0000
vt 0.7079 0.4863 0.0000
vt 0.7218 0.4754 0.0000
vt 0.1768 0.2616 0.0000
vt 0.1736 0.2552 0.0000
vt 0.1843 0.2464 0.0000
vt 0.1897 0.2568 0.0000
vt 0.1954 0.2374 0.0000
vt 0.2032 0.2520 0.0000
vt 0.8101 0.2319 0.0000
vt 0.7955 0.2319 0.0000
vt 0.7919 0.2181 0.0000
vt 0.8081 0.2181 0.0000
vt 0.7967 0.2066 0.0000
vt 0.8108 0.2066 0.0000
vt 0.3180 0.3221 0.0000
vt 0.3078 0.3099 0.0000
vt 0.3187 0.3038 0.0000
vt 0.3263 0.3128 0.0000
vt 0.3292 0.2981 0.0000
vt 0.3344 0.3039 0.0000
vt 0.4752 0.6575 0.0000
vt 0.4752 0.6644 0.0000
vt 0.4634 0.6597 0.0000
vt 0.4634 0.6550 0.0000
vt 0.4498 0.6633 0.0000
vt 0.4498 0.6569 0.0000
vt 0.1709 0.2505 0.0000
vt 0.1789 0.2393 0.0000
vt 0.1874 0.2278 0.0000
vt 0.7859 0.2319 0.0000
vt 0.7812 0.2181 0.0000
vt 0.8895 0.0694 0.0000
vt 0.9022 0.0753 0.0000
vt 0.8948 0.0868 0.0000
vt 0.8838 0.0819 0.0000
vt 0.3020 0.2993 0.0000
vt 0.3140 0.2962 0.0000
vt 0.3257 0.2933 0.0000
vt 0.4752 0.6695 0.0000
vt 0.4634 0.6634 0.0000
vt 0.4498 0.6680 0.0000
vt 0.1660 0.2464 0.0000
vt 0.1706 0.2334 0.0000
vt 0.1756 0.2200 0.0000
vt 0.7525 0.0995 0.0000
vt 0.7413 0.0959 0.0000
vt 0.7474 0.0833 0.0000
vt 0.7599 0.0873 0.0000
vt 0.9148 0.0837 0.0000
vt 0.9058 0.0941 0.0000
vt 0.2992 0.2860 0.0000
vt 0.3116 0.2863 0.0000
vt 0.3236 0.2868 0.0000
vt 0.3966 0.5976 0.0000
vt 0.3900 0.5993 0.0000
vt 0.3889 0.5854 0.0000
vt 0.3936 0.5840 0.0000
vt 0.6914 0.9966 0.0000
vt 0.6916 0.9917 0.0000
vt 0.7062 0.9900 0.0000
vt 0.7061 0.9964 0.0000
vt 0.1611 0.2419 0.0000
vt 0.1620 0.2282 0.0000
vt 0.1631 0.2139 0.0000
vt 0.7294 0.0920 0.0000
vt 0.7340 0.0789 0.0000
vt 0.7371 0.0679 0.0000
vt 0.7486 0.0716 0.0000
vt 0.2982 0.2726 0.0000
vt 0.3100 0.2764 0.0000
vt 0.3214 0.2801 0.0000
vt 0.3832 0.6012 0.0000
vt 0.3840 0.5872 0.0000
vt 0.6920 0.9866 0.0000
vt 0.7064 0.9834 0.0000
vt 0.0266 0.2883 0.0000
vt 0.0241 0.2799 0.0000
vt 0.5791 0.9938 0.0000
vt 0.5775 0.9865 0.0000
vt 0.4113 0.7280 0.0000
vt 0.4085 0.7350 0.0000
vt 0.4049 0.7311 0.0000
vt 0.4074 0.7249 0.0000
vt 0.0181 0.2603 0.0000
vt 0.0154 0.2514 0.0000
vt 0.8917 0.0955 0.0000
vt 0.9088 0.1019 0.0000
vt 0.9035 0.1063 0.0000
vt 0.8882 0.1009 0.0000
vt 0.0113 0.2937 0.0000
vt 0.0087 0.2853 0.0000
vt 0.3267 0.1867 0.0000
vt 0.3116 0.1839 0.0000
vt 0.3094 0.1805 0.0000
vt 0.3267 0.1818 0.0000
vt 0.3935 0.1521 0.0000
vt 0.4038 0.1409 0.0000
vt 0.4125 0.1452 0.0000
vt 0.4015 0.1570 0.0000
vt 0.0204 0.2688 0.0000
vt 0.0077 0.2735 0.0000
vt 0.0058 0.2674 0.0000
vt 0.0186 0.2628 0.0000
vt 0.0014 0.2644 0.0000
vt 0.0156 0.2590 0.0000
vt 0.4031 0.1584 0.0000
vt 0.4155 0.1449 0.0000
vt 0.4223 0.1520 0.0000
vt 0.4100 0.1654 0.0000
vt 0.2795 0.6318 0.0000
vt 0.2756 0.6344 0.0000
vt 0.0227 0.2764 0.0000
vt 0.0076 0.2822 0.0000
vt 0.0064 0.2766 0.0000
vt 0.0210 0.2709 0.0000
vt 0.1227 0.7871 0.0000
vt 0.1207 0.7938 0.0000
vt 0.5608 0.9994 0.0000
vt 0.5566 0.9933 0.0000
vt 0.0032 0.2671 0.0000
vt 0.0005 0.2582 0.0000
vt 0.8544 0.5966 0.0000
vt 0.8543 0.5896 0.0000
vt 0.1265 0.2985 0.0000
vt 0.1188 0.2985 0.0000
vt 0.1197 0.2922 0.0000
vt 0.1275 0.2923 0.0000
vt 0.9898 0.4499 0.0000
vt 0.9805 0.4495 0.0000
vt 0.9778 0.4445 0.0000
vt 0.9889 0.4442 0.0000
vt 0.4141 0.6712 0.0000
vt 0.4105 0.6618 0.0000
vt 0.4194 0.6577 0.0000
vt 0.4233 0.6677 0.0000
vt 0.6862 0.8776 0.0000
vt 0.6765 0.8776 0.0000
vt 0.6786 0.8722 0.0000
vt 0.6876 0.8720 0.0000
vt 0.2871 0.6194 0.0000
vt 0.2865 0.6194 0.0000
vt 0.2877 0.6136 0.0000
vt 0.2883 0.6136 0.0000
vt 0.0614 0.2723 0.0000
vt 0.0423 0.2639 0.0000
vt 0.0576 0.2582 0.0000
vt 0.0513 0.2431 0.0000
vt 0.0460 0.2366 0.0000
vt 0.6148 0.9882 0.0000
vt 0.5912 0.9934 0.0000
vt 0.5850 0.9848 0.0000
vt 0.6127 0.9778 0.0000
vt 0.3682 0.1740 0.0000
vt 0.3865 0.1559 0.0000
vt 0.3989 0.1611 0.0000
vt 0.3791 0.1805 0.0000
vt 0.4068 0.1725 0.0000
vt 0.3932 0.1914 0.0000
vt 0.9580 0.9285 0.0000
vt 0.9595 0.9309 0.0000
vt 0.9613 0.9333 0.0000
vt 0.9587 0.9412 0.0000
vt 0.0282 0.3101 0.0000
vt 0.0368 0.3026 0.0000
vt 0.8852 0.0917 0.0000
vt 0.8765 0.0978 0.0000
vt 0.3370 0.1853 0.0000
vt 0.3336 0.1802 0.0000
vt 0.2762 0.6240 0.0000
vt 0.2701 0.6240 0.0000
vt 0.0316 0.2657 0.0000
vt 0.1128 0.7821 0.0000
vt 0.1164 0.7922 0.0000
vt 0.7401 0.9512 0.0000
vt 0.7504 0.9544 0.0000
vt 0.0218 0.2539 0.0000
vt 0.4138 0.7212 0.0000
vt 0.4098 0.7138 0.0000
vt 0.9432 0.4683 0.0000
vt 0.9758 0.5257 0.0000
vt 0.9749 0.5746 0.0000
vt 0.9328 0.6002 0.0000
vt 0.0743 0.2606 0.0000
vt 0.0733 0.2516 0.0000
vt 0.0685 0.2417 0.0000
vt 0.6295 0.0935 0.0000
vt 0.6269 0.0862 0.0000
vt 0.6277 0.0790 0.0000
vt 0.3599 0.1889 0.0000
vt 0.3672 0.1925 0.0000
vt 0.3733 0.1998 0.0000
vt 0.4240 0.6745 0.0000
vt 0.3839 0.7685 0.0000
vt 0.3791 0.7639 0.0000
vt 0.4122 0.6751 0.0000
vt 0.3712 0.7615 0.0000
vt 0.3986 0.6747 0.0000
vt 0.7392 0.1775 0.0000
vt 0.7619 0.1783 0.0000
vt 0.7650 0.1803 0.0000
vt 0.7518 0.1859 0.0000
vt 0.7237 0.1769 0.0000
vt 0.7229 0.2016 0.0000
vt 0.9160 0.8420 0.0000
vt 0.9429 0.8318 0.0000
vt 0.7471 0.2044 0.0000
vt 0.9282 0.9779 0.0000
vt 0.4171 0.3674 0.0000
vt 0.4105 0.3500 0.0000
vt 0.4557 0.3431 0.0000
vt 0.4499 0.3660 0.0000
vt 0.9666 0.3725 0.0000
vt 0.9768 0.3600 0.0000
vt 0.9939 0.3915 0.0000
vt 0.9788 0.3949 0.0000
vt 0.9918 0.4282 0.0000
vt 0.9773 0.4210 0.0000
vt 0.9272 0.2683 0.0000
vt 0.9583 0.2626 0.0000
vt 0.0027 0.8629 0.0000
vt 0.0425 0.8618 0.0000
vt 0.0691 0.8611 0.0000
vt 0.0950 0.8604 0.0000
vt 0.1510 0.8589 0.0000
vt 0.4218 0.7825 0.0000
vt 0.4358 0.7532 0.0000
vt 0.9760 0.1770 0.0000
vt 0.9453 0.1910 0.0000
vt 0.8590 0.9838 0.0000
vt 0.8625 0.9977 0.0000
vt 0.1231 0.2807 0.0000
vt 0.1292 0.2750 0.0000
vt 0.7229 0.4437 0.0000
vt 0.7271 0.4330 0.0000
vt 0.7615 0.4451 0.0000
vt 0.7580 0.4513 0.0000
vt 0.5454 0.4725 0.0000
vt 0.5980 0.4428 0.0000
vt 0.5932 0.4726 0.0000
vt 0.5360 0.6267 0.0000
vt 0.5056 0.6266 0.0000
vt 0.5925 0.4123 0.0000
vt 0.5705 0.6689 0.0000
vt 0.5725 0.7010 0.0000
vt 0.5258 0.6989 0.0000
vt 0.5172 0.6693 0.0000
vt 0.9304 0.1932 0.0000
vt 0.9744 0.1915 0.0000
vt 0.4788 0.6095 0.0000
vt 0.2792 0.6531 0.0000
vt 0.2787 0.6508 0.0000
vt 0.2815 0.6502 0.0000
vt 0.2814 0.6539 0.0000
vt 0.3721 0.9343 0.0000
vt 0.3712 0.9380 0.0000
vt 0.2791 0.6488 0.0000
vt 0.2814 0.6477 0.0000
vt 0.3705 0.9404 0.0000
vt 0.6296 0.2577 0.0000
vt 0.6518 0.2619 0.0000
vt 0.2707 0.5556 0.0000
vt 0.9668 0.3050 0.0000
vt 0.9759 0.3007 0.0000
vt 0.6443 0.6524 0.0000
vt 0.6408 0.6015 0.0000
vt 0.1052 0.9471 0.0000
vt 0.0951 0.9162 0.0000
vt 0.1571 0.9227 0.0000
vt 0.1555 0.9458 0.0000
vt 0.8747 0.5871 0.0000
vt 0.3583 0.8324 0.0000
vt 0.3568 0.8321 0.0000
vt 0.3580 0.8286 0.0000
vt 0.3597 0.8297 0.0000
vt 0.9039 0.3642 0.0000
vt 0.9012 0.3628 0.0000
vt 0.9001 0.3646 0.0000
vt 0.9037 0.3658 0.0000
vt 0.1128 0.5509 0.0000
vt 0.1237 0.5578 0.0000
vt 0.2881 0.3316 0.0000
vt 0.2729 0.3255 0.0000
vt 0.2645 0.3175 0.0000
vt 0.0034 0.1808 0.0000
vt 0.0007 0.1708 0.0000
vt 0.0215 0.1848 0.0000
vt 0.0166 0.1906 0.0000
vt 0.8687 0.3682 0.0000
vt 0.8797 0.3678 0.0000
vt 0.8840 0.3707 0.0000
vt 0.8687 0.3705 0.0000
vt 0.5453 0.3906 0.0000
vt 0.5522 0.3812 0.0000
vt 0.7397 0.1601 0.0000
vt 0.7623 0.1650 0.0000
vt 0.7242 0.1578 0.0000
vt 0.7581 0.2644 0.0000
vt 0.7520 0.2455 0.0000
vt 0.8360 0.7280 0.0000
vt 0.8460 0.7290 0.0000
vt 0.8393 0.7322 0.0000
vt 0.8341 0.7323 0.0000
vt 0.3257 0.2254 0.0000
vt 0.3176 0.2354 0.0000
vt 0.3094 0.2358 0.0000
vt 0.3150 0.2252 0.0000
vt 0.8726 0.6870 0.0000
vt 0.8691 0.6966 0.0000
vt 0.8543 0.6966 0.0000
vt 0.8660 0.6858 0.0000
vt 0.7557 0.2769 0.0000
vt 0.7515 0.2643 0.0000
vt 0.7458 0.2451 0.0000
vt 0.6084 0.3289 0.0000
vt 0.6061 0.3341 0.0000
vt 0.5991 0.3367 0.0000
vt 0.5989 0.3338 0.0000
vt 0.6154 0.5709 0.0000
vt 0.6286 0.7816 0.0000
vt 0.6192 0.5612 0.0000
vt 0.9724 0.8168 0.0000
vt 0.9723 0.8341 0.0000
vt 0.9510 0.8423 0.0000
vt 0.9463 0.8201 0.0000
vt 0.6421 0.7656 0.0000
vt 0.9295 0.8306 0.0000
vt 0.9104 0.8268 0.0000
vt 0.6408 0.4768 0.0000
vt 0.6705 0.4625 0.0000
vt 0.6776 0.4700 0.0000
vt 0.6495 0.4823 0.0000
vt 0.6521 0.7276 0.0000
vt 0.6521 0.7065 0.0000
vt 0.6097 0.6296 0.0000
vt 0.6406 0.6296 0.0000
vt 0.7094 0.4611 0.0000
vt 0.7079 0.4711 0.0000
vt 0.5637 0.6648 0.0000
vt 0.5553 0.6648 0.0000
vt 0.5816 0.6296 0.0000
vt 0.7795 0.2676 0.0000
vt 0.7755 0.2409 0.0000
vt 0.7975 0.2446 0.0000
vt 0.7950 0.2686 0.0000
vt 0.6781 0.1671 0.0000
vt 0.6561 0.1666 0.0000
vt 0.7510 0.2643 0.0000
vt 0.7595 0.2644 0.0000
vt 0.6960 0.1601 0.0000
vt 0.7003 0.1650 0.0000
vt 0.7090 0.1690 0.0000
vt 0.7102 0.1796 0.0000
vt 0.7141 0.1715 0.0000
vt 0.7096 0.1623 0.0000
vt 0.7442 0.2428 0.0000
vt 0.3750 0.7036 0.0000
vt 0.3656 0.6633 0.0000
vt 0.0591 0.1988 0.0000
vt 0.0673 0.1856 0.0000
vt 0.0767 0.1634 0.0000
vt 0.7137 0.1946 0.0000
vt 0.7059 0.1960 0.0000
vt 0.6973 0.1966 0.0000
vt 0.6974 0.1984 0.0000
vt 0.9924 0.7656 0.0000
vt 0.9782 0.7682 0.0000
vt 0.9778 0.7638 0.0000
vt 0.9924 0.7475 0.0000
vt 0.7163 0.1972 0.0000
vt 0.3650 0.1694 0.0000
vt 0.3550 0.1810 0.0000
vt 0.5472 0.8318 0.0000
vt 0.5413 0.8389 0.0000
vt 0.4981 0.8538 0.0000
vt 0.4948 0.8470 0.0000
vt 0.8120 0.2607 0.0000
vt 0.6127 0.3501 0.0000
vt 0.6269 0.2578 0.0000
vt 0.6166 0.2603 0.0000
vt 0.6338 0.1601 0.0000
vt 0.6359 0.1664 0.0000
vt 0.5974 0.2785 0.0000
vt 0.5903 0.2876 0.0000
vt 0.6040 0.2496 0.0000
vt 0.6104 0.2617 0.0000
vt 0.6512 0.1711 0.0000
vt 0.6438 0.1583 0.0000
vt 0.8101 0.2542 0.0000
vt 0.0405 0.0239 0.0000
vt 0.0462 0.0425 0.0000
vt 0.0005 0.0090 0.0000
vt 0.0200 0.0005 0.0000
vt 0.4029 0.0005 0.0000
vt 0.4143 0.0178 0.0000
vt 0.2757 0.0165 0.0000
vt 0.3013 0.0052 0.0000
vt 0.5402 0.6661 0.0000
vt 0.6695 0.5072 0.0000
vt 0.6911 0.4989 0.0000
vt 0.7023 0.4886 0.0000
vt 0.7000 0.5018 0.0000
vt 0.6562 0.2196 0.0000
vt 0.6848 0.2277 0.0000
vt 0.7539 0.8717 0.0000
vt 0.7853 0.8486 0.0000
vt 0.8244 0.8494 0.0000
vt 0.0927 0.9782 0.0000
vt 0.1477 0.9716 0.0000
vt 0.0005 0.9362 0.0000
vt 0.0454 0.9175 0.0000
vt 0.0704 0.9098 0.0000
vt 0.4723 0.5718 0.0000
vt 0.4739 0.5585 0.0000
vt 0.7618 0.2279 0.0000
vt 0.7357 0.2308 0.0000
vt 0.7307 0.2179 0.0000
vt 0.7535 0.2027 0.0000
vt 0.5607 0.3937 0.0000
vt 0.5817 0.3960 0.0000
vt 0.6780 0.4149 0.0000
vt 0.6578 0.4154 0.0000
vt 0.6555 0.3949 0.0000
vt 0.6750 0.3683 0.0000
vt 0.6409 0.3877 0.0000
vt 0.6471 0.3544 0.0000
vt 0.6242 0.3891 0.0000
vt 0.6153 0.3573 0.0000
vt 0.6148 0.4075 0.0000
vt 0.5959 0.3998 0.0000
vt 0.6200 0.4283 0.0000
vt 0.6058 0.4399 0.0000
vt 0.0028 0.9552 0.0000
vt 0.0005 0.9547 0.0000
vt 0.2605 0.9122 0.0000
vt 0.2599 0.9136 0.0000
vt 0.9729 0.2528 0.0000
vt 0.9722 0.2552 0.0000
vt 0.0020 0.9620 0.0000
vt 0.0013 0.9609 0.0000
vt 0.0035 0.9595 0.0000
vt 0.0036 0.9575 0.0000
vt 0.8943 0.7700 0.0000
vt 0.9051 0.7732 0.0000
vt 0.5594 0.1771 0.0000
vt 0.5489 0.1832 0.0000
vt 0.2655 0.6014 0.0000
vt 0.2733 0.5907 0.0000
vt 0.2967 0.5982 0.0000
vt 0.2955 0.6089 0.0000
vt 0.3248 0.5907 0.0000
vt 0.3300 0.5968 0.0000
vt 0.7070 0.4513 0.0000
vt 0.6970 0.4405 0.0000
vt 0.9878 0.1158 0.0000
vt 0.9778 0.0835 0.0000
vt 0.9803 0.0735 0.0000
vt 0.9926 0.1112 0.0000
vt 0.2145 0.7948 0.0000
vt 0.1859 0.7843 0.0000
vt 0.1920 0.7812 0.0000
vt 0.2161 0.7912 0.0000
vt 0.2876 0.5666 0.0000
vt 0.1926 0.8722 0.0000
vt 0.1685 0.8678 0.0000
vt 0.1578 0.8599 0.0000
vt 0.1898 0.8673 0.0000
vt 0.0034 0.0714 0.0000
vt 0.0428 0.0679 0.0000
vt 0.0289 0.0724 0.0000
vt 0.0005 0.0753 0.0000
vt 0.5560 0.7227 0.0000
vt 0.5637 0.7082 0.0000
vt 0.5745 0.7093 0.0000
vt 0.8944 0.2503 0.0000
vt 0.8936 0.2395 0.0000
vt 0.9063 0.2317 0.0000
vt 0.9100 0.2176 0.0000
vt 0.7763 0.0679 0.0000
vt 0.7953 0.0783 0.0000
vt 0.7943 0.0937 0.0000
vt 0.7700 0.0977 0.0000
vt 0.9908 0.5229 0.0000
vt 0.9908 0.5459 0.0000
vt 0.9787 0.5510 0.0000
vt 0.9778 0.5433 0.0000
vt 0.5177 0.7151 0.0000
vt 0.5229 0.7112 0.0000
vt 0.5302 0.7243 0.0000
vt 0.5172 0.7448 0.0000
vt 0.5421 0.7274 0.0000
vt 0.1582 0.3325 0.0000
vt 0.1730 0.3355 0.0000
vt 0.1820 0.3482 0.0000
vt 0.9113 0.2060 0.0000
vt 0.4206 0.3365 0.0000
vt 0.4133 0.3251 0.0000
vt 0.4156 0.3122 0.0000
vt 0.4758 0.5790 0.0000
vt 0.4638 0.5888 0.0000
vt 0.4500 0.5861 0.0000
vt 0.6105 0.0964 0.0000
vt 0.6071 0.0893 0.0000
vt 0.6090 0.0818 0.0000
vt 0.2660 0.3014 0.0000
vt 0.2924 0.2854 0.0000
vt 0.2816 0.3014 0.0000
vt 0.2853 0.2845 0.0000
vt 0.2888 0.2821 0.0000
vt 0.2670 0.2363 0.0000
vt 0.2568 0.2540 0.0000
vt 0.2600 0.2380 0.0000
vt 0.9655 0.0795 0.0000
vt 0.9509 0.0723 0.0000
vt 0.9532 0.0679 0.0000
vt 0.9687 0.0717 0.0000
vt 0.2830 0.2370 0.0000
vt 0.2850 0.2530 0.0000
vt 0.2832 0.2569 0.0000
vt 0.2779 0.2537 0.0000
vt 0.0571 0.2786 0.0000
vt 0.3197 0.9104 0.0000
vt 0.3339 0.9164 0.0000
vt 0.3317 0.9184 0.0000
vt 0.3150 0.9139 0.0000
vt 0.8599 0.0921 0.0000
vt 0.8602 0.0904 0.0000
vt 0.4948 0.9989 0.0000
vt 0.5155 0.9842 0.0000
vt 0.5195 0.9834 0.0000
vt 0.5238 0.9954 0.0000
vt 0.9712 0.4779 0.0000
vt 0.9698 0.4907 0.0000
vt 0.9661 0.4904 0.0000
vt 0.9497 0.4783 0.0000
vt 0.9329 0.0714 0.0000
vt 0.9358 0.0679 0.0000
vt 0.0511 0.2920 0.0000
vt 0.0549 0.2795 0.0000
vt 0.8135 0.0774 0.0000
vt 0.8010 0.0775 0.0000
vt 0.8015 0.0746 0.0000
vt 0.8154 0.0747 0.0000
vt 0.2651 0.2597 0.0000
vt 0.6751 0.2985 0.0000
vt 0.6958 0.3180 0.0000
vt 0.5193 0.1771 0.0000
vt 0.5342 0.1481 0.0000
vt 0.5517 0.2091 0.0000
vt 0.5459 0.2299 0.0000
vt 0.5474 0.2490 0.0000
vt 0.5270 0.2434 0.0000
vt 0.5049 0.6499 0.0000
vt 0.4948 0.6296 0.0000
vt 0.5250 0.6322 0.0000
vt 0.5214 0.6499 0.0000
vt 0.6693 0.2809 0.0000
vt 0.6751 0.2634 0.0000
vt 0.6958 0.2439 0.0000
vt 0.6147 0.9535 0.0000
vt 0.6230 0.9729 0.0000
vt 0.6040 0.9741 0.0000
vt 0.5842 0.9827 0.0000
vt 0.5213 0.9739 0.0000
vt 0.5480 0.9551 0.0000
vt 0.5250 0.6675 0.0000
vt 0.4948 0.6701 0.0000
vt 0.6867 0.2978 0.0000
vt 0.7012 0.3099 0.0000
vt 0.4936 0.1531 0.0000
vt 0.4779 0.1476 0.0000
vt 0.5406 0.1353 0.0000
vt 0.5402 0.1425 0.0000
vt 0.6825 0.2809 0.0000
vt 0.6867 0.2641 0.0000
vt 0.7012 0.2520 0.0000
vt 0.6766 0.1037 0.0000
vt 0.6127 0.1046 0.0000
vt 0.6270 0.0960 0.0000
vt 0.6747 0.0967 0.0000
vt 0.5105 0.7203 0.0000
vt 0.4977 0.7098 0.0000
vt 0.4977 0.6891 0.0000
vt 0.5195 0.7069 0.0000
vt 0.4865 0.7054 0.0000
vt 0.4779 0.6814 0.0000
vt 0.9798 0.3150 0.0000
vt 0.9912 0.3272 0.0000
vt 0.9914 0.3616 0.0000
vt 0.9778 0.3390 0.0000
vt 0.4471 0.4721 0.0000
vt 0.4344 0.5121 0.0000
vt 0.4124 0.5105 0.0000
vt 0.4347 0.4402 0.0000
vt 0.4466 0.5266 0.0000
vt 0.4338 0.5346 0.0000
vt 0.2757 0.7498 0.0000
vt 0.2836 0.7330 0.0000
vt 0.3002 0.7330 0.0000
vt 0.2891 0.7626 0.0000
vt 0.2757 0.7162 0.0000
vt 0.2891 0.7034 0.0000
vt 0.5072 0.4768 0.0000
vt 0.4995 0.4595 0.0000
vt 0.5077 0.4390 0.0000
vt 0.5200 0.4688 0.0000
vt 0.4580 0.4534 0.0000
vt 0.4347 0.4283 0.0000
vt 0.1837 0.1971 0.0000
vt 0.1994 0.2026 0.0000
vt 0.1784 0.2141 0.0000
vt 0.1522 0.2109 0.0000
vt 0.8823 0.6535 0.0000
vt 0.8905 0.6446 0.0000
vt 0.8995 0.6632 0.0000
vt 0.8852 0.6789 0.0000
vt 0.8974 0.6296 0.0000
vt 0.9113 0.6377 0.0000
vt 0.4712 0.2286 0.0000
vt 0.4739 0.2395 0.0000
vt 0.4589 0.2461 0.0000
vt 0.4541 0.2270 0.0000
vt 0.5744 0.3441 0.0000
vt 0.5566 0.3493 0.0000
vt 0.5470 0.3400 0.0000
vt 0.5754 0.3281 0.0000
vt 0.5521 0.3673 0.0000
vt 0.5361 0.3689 0.0000
vt 0.6034 0.9014 0.0000
vt 0.5923 0.9003 0.0000
vt 0.5883 0.8836 0.0000
vt 0.6078 0.8857 0.0000
vt 0.5590 0.8927 0.0000
vt 0.5177 0.8609 0.0000
vt 0.6019 0.8093 0.0000
vt 0.4845 0.6352 0.0000
vt 0.5395 0.9054 0.0000
vt 0.5148 0.9146 0.0000
vt 0.4948 0.8770 0.0000
vt 0.3544 0.5132 0.0000
vt 0.4021 0.4161 0.0000
vt 0.2771 0.7840 0.0000
vt 0.3594 0.7963 0.0000
vt 0.3338 0.8420 0.0000
vt 0.3762 0.7330 0.0000
vt 0.3594 0.6697 0.0000
vt 0.2771 0.6820 0.0000
vt 0.3338 0.6240 0.0000
vt 0.4274 0.3884 0.0000
vt 0.5356 0.3881 0.0000
vt 0.4746 0.1499 0.0000
vt 0.4689 0.1756 0.0000
vt 0.4218 0.1602 0.0000
vt 0.4346 0.1353 0.0000
vt 0.9113 0.7175 0.0000
vt 0.4590 0.1967 0.0000
vt 0.3824 0.2508 0.0000
vt 0.5885 0.3290 0.0000
vt 0.5570 0.2537 0.0000
vt 0.5861 0.2533 0.0000
vt 0.4959 0.2906 0.0000
vt 0.4611 0.3530 0.0000
vt 0.5374 0.3819 0.0000
vt 0.4617 0.3821 0.0000
# 2824 texture coords

o Count_Suckerla
g Count_Suckerla
usemtl wire_177028149
s 1
f 1/1/1 2/2/2 3/3/3 
f 1/1/1 3/3/3 4/4/4 
f 2/5/2 5/6/5 6/7/6 3/8/3 
f 1/1/1 4/4/4 7/9/7 
f 3/10/3 6/11/6 8/12/8 4/13/4 
f 1/1/1 7/9/7 9/14/9 
f 1/1/1 9/14/9 10/15/10 
f 1/1/1 10/15/10 11/16/11 
f 12/17/12 13/18/13 14/19/14 
f 12/20/12 15/21/15 13/22/13 
f 16/23/16 17/24/17 18/25/18 19/26/19 
f 12/27/12 17/24/17 15/28/15 
f 19/29/19 18/30/18 20/31/20 21/32/21 
f 12/27/12 18/25/18 17/24/17 
f 21/33/21 20/34/20 22/35/22 23/36/23 
f 12/37/12 20/38/20 18/39/18 
f 12/37/12 22/40/22 20/38/20 
s 2
f 24/41/24 25/42/25 26/43/26 
f 24/44/24 26/45/26 27/46/27 
f 24/44/24 28/47/28 25/48/25 
f 25/42/25 29/49/29 30/50/30 26/43/26 
f 24/51/24 27/52/27 31/53/31 
f 26/43/26 30/50/30 32/54/32 27/55/27 
f 24/44/24 33/56/33 28/47/28 
f 28/57/28 34/58/34 29/49/29 25/42/25 
f 29/49/29 35/59/35 36/60/36 30/50/30 
f 24/51/24 31/53/31 37/61/37 
f 27/52/27 32/62/32 38/63/38 31/53/31 
f 30/50/30 36/60/36 39/64/39 32/54/32 
f 24/65/24 40/66/40 33/67/33 
f 33/68/33 41/69/41 34/58/34 28/57/28 
f 34/58/34 42/70/42 35/59/35 29/49/29 
f 35/71/35 43/72/43 44/73/44 36/74/36 
f 24/51/24 37/61/37 45/75/45 
f 31/53/31 38/63/38 46/76/46 37/61/37 
f 32/77/32 39/78/39 47/79/47 38/80/38 
f 36/81/36 44/82/44 48/83/48 39/84/39 
f 24/65/24 49/85/49 40/66/40 
f 40/66/40 50/86/50 41/87/41 33/67/33 
f 41/88/41 51/89/51 42/90/42 34/91/34 
f 42/92/42 52/93/52 43/94/43 35/95/35 
f 43/72/43 53/96/53 54/97/54 44/73/44 
f 24/51/24 45/75/45 55/98/55 
f 37/61/37 46/76/46 56/99/56 45/75/45 
f 38/63/38 47/100/47 57/101/57 46/76/46 
f 39/84/39 48/83/48 58/102/58 47/103/47 
f 44/82/44 54/104/54 59/105/59 48/83/48 
f 24/65/24 60/106/60 49/85/49 
f 49/85/49 61/107/61 50/86/50 40/66/40 
f 50/86/50 62/108/62 51/109/51 41/87/41 
f 51/110/51 63/111/63 52/93/52 42/92/42 
f 52/93/52 64/112/64 53/113/53 43/94/43 
f 65/114/65 54/115/54 53/113/53 66/116/66 
f 24/51/24 55/98/55 60/117/60 
f 46/76/46 57/101/57 67/118/67 56/99/56 
f 47/103/47 58/102/58 68/119/68 57/120/57 
f 48/83/48 59/105/59 69/121/69 58/102/58 
f 70/122/70 59/105/59 54/104/54 65/123/65 
f 61/107/61 71/124/71 62/108/62 50/86/50 
f 62/125/62 72/126/72 63/111/63 51/110/51 
f 63/111/63 73/127/73 64/112/64 52/93/52 
f 66/116/66 53/113/53 64/112/64 74/128/74 
s off
f 65/129/65 66/130/66 75/131/75 76/132/76 
s 2
f 57/133/57 68/134/68 77/135/77 67/136/67 
f 58/102/58 69/121/69 78/137/78 68/119/68 
f 79/138/79 69/121/69 59/105/59 70/122/70 
s off
f 70/122/70 65/123/65 76/139/76 80/140/80 
s 2
f 71/141/71 81/142/81 72/143/72 62/144/62 
f 72/126/72 82/145/82 73/127/73 63/111/63 
f 74/128/74 64/112/64 73/127/73 83/146/83 
s off
f 66/130/66 74/147/74 84/148/84 75/131/75 
s 2
f 85/149/85 76/150/76 75/151/75 
f 68/152/68 78/153/78 86/154/86 77/155/77 
f 87/156/87 78/137/78 69/121/69 79/138/79 
s off
f 79/138/79 70/122/70 80/140/80 88/157/88 
s 2
f 85/158/85 80/140/80 76/139/76 
f 81/159/81 89/160/89 82/145/82 72/126/72 
f 83/146/83 73/127/73 82/145/82 90/161/90 
s off
f 74/128/74 83/146/83 91/162/91 84/163/84 
s 2
f 85/149/85 75/151/75 84/163/84 
f 77/155/77 86/154/86 92/164/92 93/165/93 
f 94/166/94 86/167/86 78/168/78 87/169/87 
s off
f 87/156/87 79/138/79 88/157/88 95/170/95 
s 2
f 85/158/85 88/157/88 80/140/80 
f 96/171/96 97/172/97 89/173/89 81/174/81 
f 90/161/90 82/145/82 89/160/89 98/175/98 
s off
f 83/176/83 90/177/90 99/178/99 91/179/91 
s 2
f 85/149/85 84/163/84 91/162/91 
f 93/165/93 92/164/92 97/172/97 96/171/96 
f 100/180/100 92/181/92 86/167/86 94/166/94 
s off
f 94/182/94 87/183/87 95/184/95 101/185/101 
s 2
f 85/158/85 95/170/95 88/157/88 
f 98/186/98 89/187/89 97/188/97 102/189/102 
s off
f 90/177/90 98/190/98 103/191/103 99/178/99 
s 2
f 85/149/85 91/162/91 99/192/99 
f 102/193/102 97/172/97 92/164/92 100/194/100 
s off
f 100/194/100 94/195/94 101/196/101 104/197/104 
s 2
f 85/198/85 101/199/101 95/200/95 
s off
f 98/190/98 102/201/102 105/202/105 103/191/103 
s 2
f 85/149/85 99/192/99 103/203/103 
s off
f 102/193/102 100/194/100 104/197/104 105/204/105 
s 2
f 85/198/85 104/205/104 101/199/101 
f 85/198/85 103/206/103 105/207/105 
f 85/208/85 105/204/105 104/197/104 
s off
f 106/209/106 107/210/107 108/211/108 109/212/109 
s 1
f 110/213/110 16/23/16 19/26/19 111/214/111 
f 111/215/111 19/29/19 21/32/21 112/216/112 
s off
f 112/217/112 21/33/21 113/218/113 
f 112/219/112 107/220/107 114/221/114 115/222/115 
f 107/220/107 106/223/106 116/224/116 114/221/114 
f 117/225/117 118/226/118 119/227/119 120/228/120 
f 118/226/118 121/229/121 122/230/122 119/227/119 
f 121/231/121 123/232/123 124/233/124 122/234/122 
f 123/232/123 115/235/115 125/236/125 124/233/124 
f 115/237/115 114/238/114 126/239/126 125/240/125 
f 114/238/114 116/241/116 127/242/127 126/239/126 
f 116/243/116 128/244/128 129/245/129 127/246/127 
f 128/247/128 117/225/117 120/228/120 129/248/129 
f 120/228/120 119/227/119 130/249/130 131/250/131 
f 119/227/119 122/230/122 132/251/132 130/249/130 
f 122/234/122 124/233/124 133/252/133 132/253/132 
f 124/254/124 125/255/125 134/256/134 133/257/133 
f 125/258/125 126/259/126 135/260/135 134/261/134 
f 126/259/126 127/262/127 136/263/136 135/260/135 
f 137/264/137 138/265/138 139/266/139 
f 140/267/140 141/268/141 142/269/142 143/270/143 
f 141/268/141 144/271/144 145/272/145 142/269/142 
f 146/273/146 147/274/147 148/275/148 149/276/149 
f 147/274/147 150/277/150 151/278/151 148/275/148 
f 150/277/150 152/279/152 153/280/153 151/278/151 
f 152/281/152 154/282/154 155/283/155 153/284/153 
f 156/285/156 157/286/157 158/287/158 159/288/159 
f 160/289/160 161/290/161 162/291/162 163/292/163 
f 161/290/161 164/293/164 165/294/165 162/291/162 
f 164/293/164 166/295/166 167/296/167 165/294/165 
f 166/297/166 168/298/168 169/299/169 167/300/167 
f 168/301/168 170/302/170 171/303/171 169/304/169 
f 172/305/172 173/306/173 174/307/174 175/308/175 
f 173/309/173 176/310/176 177/311/177 174/312/174 
f 176/313/176 178/314/178 179/315/179 177/316/177 
f 178/317/178 172/318/172 175/319/175 179/320/179 
f 112/217/112 113/218/113 180/321/180 108/211/108 107/210/107 
f 181/322/181 182/323/182 183/324/183 184/325/184 
f 182/323/182 185/326/185 186/327/186 183/324/183 
f 185/326/185 187/328/187 188/329/188 186/327/186 
f 189/330/189 181/322/181 184/325/184 190/331/190 
f 184/332/184 183/333/183 191/334/191 192/335/192 
f 183/336/183 186/337/186 193/338/193 191/339/191 
f 188/340/188 194/341/194 195/342/195 196/343/196 
f 197/344/197 190/345/190 198/346/198 199/347/199 
f 192/335/192 191/334/191 200/348/200 201/349/201 
f 191/350/191 193/351/193 202/352/202 200/353/200 
f 203/354/203 204/355/204 205/356/205 206/357/206 
f 204/355/204 207/358/207 208/359/208 205/356/205 
f 207/358/207 209/360/209 210/361/210 208/359/208 
f 209/360/209 211/362/211 212/363/212 210/361/210 
f 211/362/211 213/364/213 214/365/214 212/363/212 
f 213/364/213 215/366/215 216/367/216 214/365/214 
f 215/366/215 217/368/217 218/369/218 216/367/216 
f 217/368/217 203/354/203 206/357/206 218/369/218 
f 206/357/206 205/356/205 219/370/219 220/371/220 
f 205/356/205 208/359/208 221/372/221 219/370/219 
f 208/373/208 210/374/210 222/375/222 221/376/221 
f 210/374/210 212/377/212 223/378/223 222/375/222 
f 212/379/212 214/380/214 224/381/224 223/382/223 
f 214/383/214 216/384/216 225/385/225 224/386/224 
f 216/387/216 218/388/218 226/389/226 225/390/225 
f 218/391/218 206/392/206 220/393/220 226/394/226 
f 220/395/220 219/396/219 227/397/227 228/398/228 
f 219/399/219 221/400/221 229/401/229 227/402/227 
f 221/400/221 222/403/222 230/404/230 229/401/229 
f 222/405/222 223/382/223 231/406/231 230/407/230 
f 225/390/225 226/389/226 232/408/232 233/409/233 
f 226/410/226 220/395/220 228/398/228 232/411/232 
f 234/412/234 235/413/235 236/414/236 237/415/237 
f 235/416/235 238/417/238 239/418/239 236/419/236 
f 238/420/238 240/421/240 241/422/241 239/423/239 
f 240/424/240 242/425/242 243/426/243 241/427/241 
f 242/428/242 244/429/244 245/430/245 243/431/243 
f 244/429/244 246/432/246 247/433/247 245/430/245 
f 246/434/246 248/435/248 249/436/249 247/437/247 
f 248/438/248 234/412/234 237/415/237 249/439/249 
f 228/398/228 227/397/227 235/413/235 234/412/234 
f 227/402/227 229/401/229 238/420/238 235/440/235 
f 229/401/229 230/404/230 240/421/240 238/420/238 
f 230/407/230 231/406/231 242/441/242 240/442/240 
f 233/409/233 232/408/232 248/435/248 246/434/246 
f 232/411/232 228/398/228 234/412/234 248/438/248 
f 250/443/250 251/444/251 252/445/252 253/446/253 
f 251/444/251 254/447/254 255/448/255 252/445/252 
f 254/449/254 256/450/256 257/451/257 255/452/255 
f 256/450/256 258/453/258 259/454/259 257/451/257 
f 258/455/258 260/456/260 261/457/261 259/458/259 
f 260/456/260 262/459/262 263/460/263 261/457/261 
f 262/461/262 264/462/264 265/463/265 263/464/263 
f 264/462/264 250/465/250 253/466/253 265/463/265 
f 266/467/266 267/468/267 268/469/268 269/470/269 
f 270/471/270 271/472/271 272/473/272 273/474/273 
f 272/475/272 274/476/274 275/477/275 276/478/276 
f 274/476/274 277/479/277 278/480/278 275/477/275 
f 277/479/277 279/481/279 280/482/280 278/480/278 
f 279/481/279 269/483/269 281/484/281 280/482/280 
f 269/485/269 268/486/268 282/487/282 281/488/281 
f 273/474/273 272/473/272 276/489/276 283/490/283 
f 276/478/276 275/477/275 284/491/284 285/492/285 
f 275/477/275 278/480/278 286/493/286 284/491/284 
f 278/480/278 280/482/280 287/494/287 286/493/286 
f 280/482/280 281/484/281 288/495/288 287/494/287 
f 281/488/281 282/487/282 289/496/289 288/497/288 
f 283/490/283 276/489/276 285/498/285 290/499/290 
f 288/497/288 289/496/289 291/500/291 292/501/292 
f 290/502/290 285/503/285 293/504/293 294/505/294 
f 292/501/292 291/500/291 295/506/295 296/507/296 
f 294/508/294 293/509/293 297/510/297 298/511/298 
f 299/512/299 300/513/300 301/514/301 302/515/302 
f 300/513/300 303/516/303 304/517/304 301/514/301 
f 305/518/305 306/519/306 307/520/307 308/521/308 
f 306/519/306 309/522/309 310/523/310 307/520/307 
f 241/524/241 243/525/243 245/526/245 247/527/247 249/528/249 
f 311/529/311 312/530/312 313/531/313 
f 314/532/314 315/533/315 316/534/316 
f 317/535/317 318/536/318 319/537/319 320/538/320 
f 321/539/321 322/540/322 323/541/323 324/542/324 
f 322/543/322 325/544/325 326/545/326 323/546/323 
f 325/547/325 321/548/321 324/549/324 326/550/326 
f 327/551/327 328/552/328 329/553/329 330/554/330 
f 328/555/328 331/556/331 332/557/332 329/558/329 
f 331/559/331 327/560/327 330/561/330 332/562/332 
f 333/563/333 320/564/320 334/565/334 335/566/335 
f 320/538/320 319/537/319 336/567/336 334/568/334 
f 319/569/319 337/570/337 338/571/338 336/572/336 
f 337/573/337 333/574/333 335/575/335 338/576/338 
f 339/577/339 340/578/340 341/579/341 342/580/342 
f 340/581/340 343/582/343 344/583/344 341/584/341 
f 343/585/343 345/586/345 346/587/346 344/588/344 
f 345/589/345 339/590/339 342/591/342 346/592/346 
f 324/542/324 323/541/323 347/593/347 348/594/348 
f 323/546/323 326/545/326 349/595/349 347/596/347 
f 326/550/326 324/549/324 348/597/348 349/598/349 
f 330/554/330 329/553/329 350/599/350 351/600/351 
f 329/558/329 332/557/332 352/601/352 350/602/350 
f 332/562/332 330/561/330 351/603/351 352/604/352 
f 335/566/335 334/565/334 353/605/353 354/606/354 
f 334/568/334 336/567/336 355/607/355 353/608/353 
f 336/572/336 338/571/338 356/609/356 355/610/355 
f 338/576/338 335/575/335 354/611/354 356/612/356 
f 342/580/342 341/579/341 357/613/357 358/614/358 
f 341/584/341 344/583/344 359/615/359 357/616/357 
f 344/588/344 346/587/346 360/617/360 359/618/359 
f 346/592/346 342/591/342 358/619/358 360/620/360 
f 353/608/353 355/607/355 361/621/361 362/622/362 
f 363/623/363 364/624/364 365/625/365 366/626/366 
f 364/627/364 367/628/367 368/629/368 365/630/365 
f 367/631/367 363/632/363 366/633/366 368/634/368 
f 369/635/369 370/636/370 371/637/371 372/638/372 
f 370/639/370 373/640/373 374/641/374 371/642/371 
f 375/643/375 362/644/362 376/645/376 377/646/377 
f 362/622/362 361/621/361 378/647/378 376/648/376 
f 361/649/361 379/650/379 380/651/380 378/652/378 
f 379/653/379 375/654/375 377/655/377 380/656/380 
f 381/657/381 382/658/382 383/659/383 384/660/384 
f 382/661/382 385/662/385 386/663/386 383/664/383 
f 385/665/385 387/666/387 388/667/388 386/668/386 
f 387/669/387 381/670/381 384/671/384 388/672/388 
f 366/626/366 365/625/365 389/673/389 390/674/390 
f 368/634/368 366/633/366 390/675/390 391/676/391 
f 372/638/372 371/637/371 392/677/392 393/678/393 
f 371/642/371 374/641/374 394/679/394 392/680/392 
f 377/646/377 376/645/376 395/681/395 396/682/396 
f 376/648/376 378/647/378 397/683/397 395/684/395 
f 378/652/378 380/651/380 398/685/398 397/686/397 
f 380/656/380 377/655/377 396/687/396 398/688/398 
f 384/660/384 383/659/383 399/689/399 400/690/400 
f 386/668/386 388/667/388 401/691/401 402/692/402 
f 388/672/388 384/671/384 400/693/400 401/694/401 
f 390/674/390 389/673/389 403/695/403 404/696/404 
f 389/697/389 391/698/391 405/699/405 403/700/403 
f 391/676/391 390/675/390 404/701/404 405/702/405 
f 394/703/394 393/704/393 406/705/406 407/706/407 
f 393/678/393 392/677/392 408/707/408 406/708/406 
f 392/680/392 394/679/394 407/709/407 408/710/408 
f 396/682/396 395/681/395 409/711/409 410/712/410 
f 395/684/395 397/683/397 411/713/411 409/714/409 
f 397/686/397 398/685/398 412/715/412 411/716/411 
f 398/688/398 396/687/396 410/717/410 412/718/412 
f 400/690/400 399/689/399 413/719/413 414/720/414 
f 399/721/399 402/722/402 415/723/415 413/724/413 
f 402/692/402 401/691/401 416/725/416 415/726/415 
f 401/694/401 400/693/400 414/727/414 416/728/416 
f 404/696/404 403/695/403 417/729/417 
f 403/700/403 405/699/405 417/730/417 
f 405/702/405 404/701/404 417/731/417 
f 407/706/407 406/705/406 418/732/418 
f 406/708/406 408/707/408 418/733/418 
f 408/710/408 407/709/407 418/734/418 
f 410/712/410 409/711/409 419/735/419 
f 409/714/409 411/713/411 419/736/419 
f 411/716/411 412/715/412 419/737/419 
f 412/718/412 410/717/410 419/738/419 
f 414/720/414 413/719/413 420/739/420 
f 413/724/413 415/723/415 420/740/420 
f 415/726/415 416/725/416 420/741/420 
f 416/728/416 414/727/414 420/742/420 
f 421/743/421 422/744/422 423/745/423 424/746/424 
f 425/747/425 426/748/426 427/749/427 428/750/428 
f 427/749/427 429/751/429 430/752/430 431/753/431 
f 429/754/429 424/755/424 432/756/432 430/757/430 
f 424/746/424 423/745/423 433/758/433 432/759/432 
f 423/745/423 434/760/434 435/761/435 433/758/433 
f 434/762/434 436/763/436 437/764/437 435/765/435 
f 436/763/436 438/766/438 439/767/439 437/764/437 
f 438/768/438 428/750/428 440/769/440 439/770/439 
f 428/750/428 427/749/427 431/753/431 440/769/440 
s 1
f 1/1/1 441/771/441 2/2/2 
f 1/1/1 442/772/442 441/771/441 
f 2/5/2 441/773/441 443/774/443 5/6/5 
f 1/1/1 444/775/444 442/772/442 
f 441/776/441 442/777/442 445/778/445 443/779/443 
f 1/1/1 446/780/446 444/775/444 
f 1/1/1 447/781/447 446/780/446 
f 1/1/1 11/16/11 447/781/447 
f 12/17/12 14/19/14 448/782/448 
f 12/783/12 448/784/448 449/785/449 
f 450/786/450 451/787/451 452/788/452 453/789/453 
f 12/790/12 449/791/449 453/789/453 
f 451/792/451 454/793/454 455/794/455 452/795/452 
f 12/790/12 453/789/453 452/788/452 
f 454/796/454 23/36/23 22/35/22 455/797/455 
f 12/37/12 452/798/452 455/799/455 
f 12/37/12 455/799/455 22/40/22 
s 2
f 456/800/456 457/801/457 458/802/458 
f 456/803/456 459/804/459 457/805/457 
f 456/803/456 458/806/458 460/807/460 
f 458/802/458 457/801/457 461/808/461 462/809/462 
f 456/810/456 463/811/463 459/812/459 
f 457/801/457 459/813/459 464/814/464 461/808/461 
f 456/803/456 460/807/460 465/815/465 
f 460/816/460 458/802/458 462/809/462 466/817/466 
f 462/809/462 461/808/461 467/818/467 468/819/468 
f 456/810/456 469/820/469 463/811/463 
f 459/812/459 463/811/463 470/821/470 464/822/464 
f 461/808/461 464/814/464 471/823/471 467/818/467 
f 456/824/456 465/825/465 472/826/472 
f 465/827/465 460/816/460 466/817/466 473/828/473 
f 466/817/466 462/809/462 468/819/468 474/829/474 
f 468/830/468 467/831/467 475/832/475 476/833/476 
f 456/810/456 477/834/477 469/820/469 
f 463/811/463 469/820/469 478/835/478 470/821/470 
f 464/836/464 470/837/470 479/838/479 471/839/471 
f 467/840/467 471/841/471 480/842/480 475/843/475 
f 456/824/456 472/826/472 481/844/481 
f 472/826/472 465/825/465 473/845/473 482/846/482 
f 473/847/473 466/848/466 474/849/474 483/850/483 
f 474/851/474 468/852/468 476/853/476 484/854/484 
f 476/833/476 475/832/475 485/855/485 486/856/486 
f 456/810/456 487/857/487 477/834/477 
f 469/820/469 477/834/477 488/858/488 478/835/478 
f 470/821/470 478/835/478 489/859/489 479/860/479 
f 471/841/471 479/861/479 490/862/490 480/842/480 
f 475/843/475 480/842/480 491/863/491 485/864/485 
f 456/824/456 481/844/481 492/865/492 
f 481/844/481 472/826/472 482/846/482 493/866/493 
f 482/846/482 473/845/473 483/867/483 494/868/494 
f 483/869/483 474/851/474 484/854/484 495/870/495 
f 484/854/484 476/853/476 486/871/486 496/872/496 
f 497/873/497 498/874/498 486/871/486 485/875/485 
f 456/810/456 492/876/492 487/857/487 
f 478/835/478 488/858/488 499/877/499 489/859/489 
f 479/861/479 489/878/489 500/879/500 490/862/490 
f 480/842/480 490/862/490 501/880/501 491/863/491 
f 502/881/502 497/882/497 485/864/485 491/863/491 
f 493/866/493 482/846/482 494/868/494 503/883/503 
f 494/884/494 483/869/483 495/870/495 504/885/504 
f 495/870/495 484/854/484 496/872/496 505/886/505 
f 498/874/498 506/887/506 496/872/496 486/871/486 
s off
f 497/888/497 507/889/507 508/890/508 498/891/498 
s 2
f 489/892/489 499/893/499 509/894/509 500/895/500 
f 490/862/490 500/879/500 510/896/510 501/880/501 
f 511/897/511 502/881/502 491/863/491 501/880/501 
s off
f 502/881/502 512/898/512 507/899/507 497/882/497 
s 2
f 503/900/503 494/901/494 504/902/504 513/903/513 
f 504/885/504 495/870/495 505/886/505 514/904/514 
f 506/887/506 515/905/515 505/886/505 496/872/496 
s off
f 498/891/498 508/890/508 516/906/516 506/907/506 
s 2
f 517/908/517 508/909/508 507/910/507 
f 500/911/500 509/912/509 518/913/518 510/914/510 
f 519/915/519 511/897/511 501/880/501 510/896/510 
s off
f 511/897/511 520/916/520 512/898/512 502/881/502 
s 2
f 517/917/517 507/899/507 512/898/512 
f 513/918/513 504/885/504 514/904/514 521/919/521 
f 515/905/515 522/920/522 514/904/514 505/886/505 
s off
f 506/887/506 516/921/516 523/922/523 515/905/515 
s 2
f 517/908/517 516/921/516 508/909/508 
f 509/912/509 524/923/524 525/924/525 518/913/518 
f 526/925/526 519/926/519 510/927/510 518/928/518 
s off
f 519/915/519 527/929/527 520/916/520 511/897/511 
s 2
f 517/917/517 512/898/512 520/916/520 
f 528/930/528 513/931/513 521/932/521 529/933/529 
f 522/920/522 530/934/530 521/919/521 514/904/514 
s off
f 515/935/515 523/936/523 531/937/531 522/938/522 
s 2
f 517/908/517 523/922/523 516/921/516 
f 524/923/524 528/930/528 529/933/529 525/924/525 
f 532/939/532 526/925/526 518/928/518 525/940/525 
s off
f 526/941/526 533/942/533 527/943/527 519/944/519 
s 2
f 517/917/517 520/916/520 527/929/527 
f 530/945/530 534/946/534 529/947/529 521/948/521 
s off
f 522/938/522 531/937/531 535/949/535 530/950/530 
s 2
f 517/908/517 531/951/531 523/922/523 
f 534/952/534 532/953/532 525/924/525 529/933/529 
s off
f 532/953/532 536/954/536 533/955/533 526/956/526 
s 2
f 517/957/517 527/958/527 533/959/533 
s off
f 530/950/530 535/949/535 537/960/537 534/961/534 
s 2
f 517/908/517 535/962/535 531/951/531 
s off
f 534/952/534 537/963/537 536/954/536 532/953/532 
s 2
f 517/957/517 533/959/533 536/964/536 
f 517/957/517 537/965/537 535/966/535 
f 517/967/517 536/954/536 537/963/537 
s off
f 538/968/538 539/969/539 540/970/540 541/971/541 
s 1
f 542/972/542 543/973/543 451/787/451 450/786/450 
f 543/974/543 544/975/544 454/793/454 451/792/451 
s off
f 544/976/544 545/977/545 454/796/454 
f 544/978/544 546/979/546 547/980/547 541/981/541 
f 541/981/541 547/980/547 548/982/548 538/983/538 
f 549/984/549 550/985/550 551/986/551 552/987/552 
f 552/987/552 551/986/551 553/988/553 554/989/554 
f 554/990/554 553/991/553 555/992/555 556/993/556 
f 556/993/556 555/992/555 557/994/557 546/995/546 
f 546/996/546 557/997/557 558/998/558 547/999/547 
f 547/999/547 558/998/558 559/1000/559 548/1001/548 
f 548/1002/548 559/1003/559 560/1004/560 561/1005/561 
f 561/1006/561 560/1007/560 550/985/550 549/984/549 
f 550/985/550 562/1008/562 563/1009/563 551/986/551 
f 551/986/551 563/1009/563 564/1010/564 553/988/553 
f 553/991/553 564/1011/564 565/1012/565 555/992/555 
f 555/1013/555 565/1014/565 566/1015/566 557/1016/557 
f 557/1017/557 566/1018/566 567/1019/567 558/1020/558 
f 558/1020/558 567/1019/567 568/1021/568 559/1022/559 
f 137/1023/137 569/1024/569 138/1025/138 
f 570/1026/570 571/1027/571 572/1028/572 573/1029/573 
f 573/1029/573 572/1028/572 574/1030/574 575/1031/575 
f 576/1032/576 577/1033/577 578/1034/578 579/1035/579 
f 579/1035/579 578/1034/578 580/1036/580 581/1037/581 
f 581/1037/581 580/1036/580 582/1038/582 583/1039/583 
f 583/1040/583 582/1041/582 584/1042/584 585/1043/585 
f 586/1044/586 587/1045/587 158/287/158 157/286/157 
f 160/289/160 163/292/163 588/1046/588 589/1047/589 
f 589/1047/589 588/1046/588 590/1048/590 591/1049/591 
f 591/1049/591 590/1048/590 592/1050/592 593/1051/593 
f 593/1052/593 592/1053/592 594/1054/594 595/1055/595 
f 595/1056/595 594/1057/594 596/1058/596 597/1059/597 
f 598/1060/598 599/1061/599 600/1062/600 601/1063/601 
f 601/1064/601 600/1065/600 602/1066/602 603/1067/603 
f 603/1068/603 602/1069/602 604/1070/604 605/1071/605 
f 605/1072/605 604/1073/604 599/1074/599 598/1075/598 
f 544/976/544 541/971/541 540/970/540 606/1076/606 545/977/545 
f 607/1077/607 608/1078/608 609/1079/609 610/1080/610 
f 610/1080/610 609/1079/609 611/1081/611 612/1082/612 
f 612/1082/612 611/1081/611 613/1083/613 614/1084/614 
f 615/1085/615 616/1086/616 608/1078/608 607/1077/607 
f 608/1087/608 617/1088/617 618/1089/618 609/1090/609 
f 609/1091/609 618/1092/618 619/1093/619 611/1094/611 
f 613/1095/613 620/1096/620 621/1097/621 622/1098/622 
f 623/1099/623 624/1100/624 625/1101/625 616/1102/616 
f 617/1088/617 626/1103/626 627/1104/627 618/1089/618 
f 618/1105/618 627/1106/627 628/1107/628 619/1108/619 
f 629/1109/629 630/1110/630 631/1111/631 632/1112/632 
f 632/1112/632 631/1111/631 633/1113/633 634/1114/634 
f 634/1114/634 633/1113/633 635/1115/635 636/1116/636 
f 636/1116/636 635/1115/635 637/1117/637 638/1118/638 
f 638/1118/638 637/1117/637 639/1119/639 640/1120/640 
f 640/1120/640 639/1119/639 641/1121/641 642/1122/642 
f 642/1122/642 641/1121/641 643/1123/643 644/1124/644 
f 644/1124/644 643/1123/643 630/1110/630 629/1109/629 
f 630/1110/630 645/1125/645 646/1126/646 631/1111/631 
f 631/1111/631 646/1126/646 647/1127/647 633/1113/633 
f 633/1128/633 647/1129/647 648/1130/648 635/1131/635 
f 635/1131/635 648/1130/648 649/1132/649 637/1133/637 
f 637/1134/637 649/1135/649 650/1136/650 639/1137/639 
f 639/1138/639 650/1139/650 651/1140/651 641/1141/641 
f 641/1142/641 651/1143/651 652/1144/652 643/1145/643 
f 643/1146/643 652/1147/652 645/1148/645 630/1149/630 
f 645/1150/645 653/1151/653 654/1152/654 646/1153/646 
f 646/1154/646 654/1155/654 655/1156/655 647/1157/647 
f 647/1157/647 655/1156/655 656/1158/656 648/1159/648 
f 648/1160/648 656/1161/656 657/1162/657 649/1135/649 
f 651/1143/651 658/1163/658 659/1164/659 652/1144/652 
f 652/1165/652 659/1166/659 653/1151/653 645/1150/645 
f 660/1167/660 661/1168/661 662/1169/662 663/1170/663 
f 663/1171/663 662/1172/662 664/1173/664 665/1174/665 
f 665/1175/665 664/1176/664 666/1177/666 667/1178/667 
f 667/1179/667 666/1180/666 668/1181/668 669/1182/669 
f 669/1183/669 668/1184/668 670/1185/670 671/1186/671 
f 671/1186/671 670/1185/670 672/1187/672 673/1188/673 
f 673/1189/673 672/1190/672 674/1191/674 675/1192/675 
f 675/1193/675 674/1194/674 661/1168/661 660/1167/660 
f 653/1151/653 660/1167/660 663/1170/663 654/1152/654 
f 654/1155/654 663/1195/663 665/1175/665 655/1156/655 
f 655/1156/655 665/1175/665 667/1178/667 656/1158/656 
f 656/1161/656 667/1196/667 669/1197/669 657/1162/657 
f 658/1163/658 673/1189/673 675/1192/675 659/1164/659 
f 659/1166/659 675/1193/675 660/1167/660 653/1151/653 
f 676/1198/676 677/1199/677 678/1200/678 679/1201/679 
f 679/1201/679 678/1200/678 680/1202/680 681/1203/681 
f 681/1204/681 680/1205/680 682/1206/682 683/1207/683 
f 683/1207/683 682/1206/682 684/1208/684 685/1209/685 
f 685/1210/685 684/1211/684 686/1212/686 687/1213/687 
f 687/1213/687 686/1212/686 688/1214/688 689/1215/689 
f 689/1216/689 688/1217/688 690/1218/690 691/1219/691 
f 691/1219/691 690/1218/690 677/1220/677 676/1221/676 
f 692/1222/692 693/1223/693 268/469/268 267/468/267 
f 270/471/270 273/474/273 694/1224/694 695/1225/695 
f 694/1226/694 696/1227/696 697/1228/697 698/1229/698 
f 698/1229/698 697/1228/697 699/1230/699 700/1231/700 
f 700/1231/700 699/1230/699 701/1232/701 702/1233/702 
f 702/1233/702 701/1232/701 703/1234/703 693/1235/693 
f 693/1236/693 703/1237/703 282/487/282 268/486/268 
f 273/474/273 283/490/283 696/1238/696 694/1224/694 
f 696/1227/696 704/1239/704 705/1240/705 697/1228/697 
f 697/1228/697 705/1240/705 706/1241/706 699/1230/699 
f 699/1230/699 706/1241/706 707/1242/707 701/1232/701 
f 701/1232/701 707/1242/707 708/1243/708 703/1234/703 
f 703/1237/703 708/1244/708 289/496/289 282/487/282 
f 283/490/283 290/499/290 704/1245/704 696/1238/696 
f 708/1244/708 709/1246/709 291/500/291 289/496/289 
f 290/502/290 294/505/294 710/1247/710 704/1248/704 
f 709/1246/709 711/1249/711 295/506/295 291/500/291 
f 294/508/294 298/511/298 712/1250/712 710/1251/710 
f 713/1252/713 714/1253/714 715/1254/715 716/1255/716 
f 716/1255/716 715/1254/715 717/1256/717 718/1257/718 
f 719/1258/719 720/1259/720 721/1260/721 722/1261/722 
f 722/1261/722 721/1260/721 723/1262/723 724/1263/724 
f 666/1264/666 674/1265/674 672/1266/672 670/1267/670 668/1268/668 
f 725/1269/725 726/1270/726 727/1271/727 
f 728/1272/728 729/1273/729 730/1274/730 
f 731/1275/731 732/1276/732 733/1277/733 734/1278/734 
f 735/1279/735 736/1280/736 737/1281/737 738/1282/738 
f 738/1283/738 737/1284/737 739/1285/739 740/1286/740 
f 740/1287/740 739/1288/739 736/1289/736 735/1290/735 
f 741/1291/741 742/1292/742 743/1293/743 744/1294/744 
f 744/1295/744 743/1296/743 745/1297/745 746/1298/746 
f 746/1299/746 745/1300/745 742/1301/742 741/1302/741 
f 747/1303/747 748/1304/748 749/1305/749 732/1306/732 
f 732/1276/732 749/1307/749 750/1308/750 733/1277/733 
f 733/1309/733 750/1310/750 751/1311/751 752/1312/752 
f 752/1313/752 751/1314/751 748/1315/748 747/1316/747 
f 753/1317/753 754/1318/754 755/1319/755 756/1320/756 
f 756/1321/756 755/1322/755 757/1323/757 758/1324/758 
f 758/1325/758 757/1326/757 759/1327/759 760/1328/760 
f 760/1329/760 759/1330/759 754/1331/754 753/1332/753 
f 736/1280/736 761/1333/761 762/1334/762 737/1281/737 
f 737/1284/737 762/1335/762 763/1336/763 739/1285/739 
f 739/1288/739 763/1337/763 761/1338/761 736/1289/736 
f 742/1292/742 764/1339/764 765/1340/765 743/1293/743 
f 743/1296/743 765/1341/765 766/1342/766 745/1297/745 
f 745/1300/745 766/1343/766 764/1344/764 742/1301/742 
f 748/1304/748 767/1345/767 768/1346/768 749/1305/749 
f 749/1307/749 768/1347/768 769/1348/769 750/1308/750 
f 750/1310/750 769/1349/769 770/1350/770 751/1311/751 
f 751/1314/751 770/1351/770 767/1352/767 748/1315/748 
f 754/1318/754 771/1353/771 772/1354/772 755/1319/755 
f 755/1322/755 772/1355/772 773/1356/773 757/1323/757 
f 757/1326/757 773/1357/773 774/1358/774 759/1327/759 
f 759/1330/759 774/1359/774 771/1360/771 754/1331/754 
f 768/1347/768 775/1361/775 776/1362/776 769/1348/769 
f 777/1363/777 778/1364/778 779/1365/779 780/1366/780 
f 780/1367/780 779/1368/779 781/1369/781 782/1370/782 
f 782/1371/782 781/1372/781 778/1373/778 777/1374/777 
f 783/1375/783 784/1376/784 785/1377/785 786/1378/786 
f 786/1379/786 785/1380/785 787/1381/787 788/1382/788 
f 789/1383/789 790/1384/790 791/1385/791 775/1386/775 
f 775/1361/775 791/1387/791 792/1388/792 776/1362/776 
f 776/1389/776 792/1390/792 793/1391/793 794/1392/794 
f 794/1393/794 793/1394/793 790/1395/790 789/1396/789 
f 795/1397/795 796/1398/796 797/1399/797 798/1400/798 
f 798/1401/798 797/1402/797 799/1403/799 800/1404/800 
f 800/1405/800 799/1406/799 801/1407/801 802/1408/802 
f 802/1409/802 801/1410/801 796/1411/796 795/1412/795 
f 778/1364/778 803/1413/803 804/1414/804 779/1365/779 
f 781/1372/781 805/1415/805 803/1416/803 778/1373/778 
f 784/1376/784 806/1417/806 807/1418/807 785/1377/785 
f 785/1380/785 807/1419/807 808/1420/808 787/1381/787 
f 790/1384/790 809/1421/809 810/1422/810 791/1385/791 
f 791/1387/791 810/1423/810 811/1424/811 792/1388/792 
f 792/1390/792 811/1425/811 812/1426/812 793/1391/793 
f 793/1394/793 812/1427/812 809/1428/809 790/1395/790 
f 796/1398/796 813/1429/813 814/1430/814 797/1399/797 
f 799/1406/799 815/1431/815 816/1432/816 801/1407/801 
f 801/1410/801 816/1433/816 813/1434/813 796/1411/796 
f 803/1413/803 817/1435/817 818/1436/818 804/1414/804 
f 804/1437/804 818/1438/818 819/1439/819 805/1440/805 
f 805/1415/805 819/1441/819 817/1442/817 803/1416/803 
f 808/1443/808 820/1444/820 821/1445/821 806/1446/806 
f 806/1417/806 821/1447/821 822/1448/822 807/1418/807 
f 807/1419/807 822/1449/822 820/1450/820 808/1420/808 
f 809/1421/809 823/1451/823 824/1452/824 810/1422/810 
f 810/1423/810 824/1453/824 825/1454/825 811/1424/811 
f 811/1425/811 825/1455/825 826/1456/826 812/1426/812 
f 812/1427/812 826/1457/826 823/1458/823 809/1428/809 
f 813/1429/813 827/1459/827 828/1460/828 814/1430/814 
f 814/1461/814 828/1462/828 829/1463/829 815/1464/815 
f 815/1431/815 829/1465/829 830/1466/830 816/1432/816 
f 816/1433/816 830/1467/830 827/1468/827 813/1434/813 
f 817/1435/817 831/1469/831 818/1436/818 
f 818/1438/818 831/1470/831 819/1439/819 
f 819/1441/819 831/1471/831 817/1442/817 
f 820/1444/820 832/1472/832 821/1445/821 
f 821/1447/821 832/1473/832 822/1448/822 
f 822/1449/822 832/1474/832 820/1450/820 
f 823/1451/823 833/1475/833 824/1452/824 
f 824/1453/824 833/1476/833 825/1454/825 
f 825/1455/825 833/1477/833 826/1456/826 
f 826/1457/826 833/1478/833 823/1458/823 
f 827/1459/827 834/1479/834 828/1460/828 
f 828/1462/828 834/1480/834 829/1463/829 
f 829/1465/829 834/1481/834 830/1466/830 
f 830/1467/830 834/1482/834 827/1468/827 
f 835/1483/835 836/1484/836 837/1485/837 838/1486/838 
f 839/1487/839 840/1488/840 841/1489/841 842/1490/842 
f 841/1489/841 843/1491/843 844/1492/844 845/1493/845 
f 845/1494/845 844/1495/844 846/1496/846 836/1497/836 
f 836/1484/836 846/1498/846 847/1499/847 837/1485/837 
f 837/1485/837 847/1499/847 848/1500/848 849/1501/849 
f 849/1502/849 848/1503/848 850/1504/850 851/1505/851 
f 851/1505/851 850/1504/850 852/1506/852 853/1507/853 
f 853/1508/853 852/1509/852 854/1510/854 840/1488/840 
f 840/1488/840 854/1510/854 843/1491/843 841/1489/841 
s 1
f 855/1511/855 856/1512/856 6/7/6 5/6/5 
f 856/1512/856 857/1513/857 8/1514/8 6/7/6 
s off
f 23/36/23 858/1515/858 113/218/113 21/33/21 
f 859/1516/859 106/209/106 109/212/109 860/1517/860 
f 858/1515/858 861/1518/861 180/321/180 113/218/113 
f 144/1519/144 146/273/146 149/276/149 145/1520/145 
f 154/282/154 140/1521/140 143/1522/143 155/283/155 
f 293/509/293 862/1523/862 863/1524/863 297/510/297 
f 862/1525/862 864/1526/864 865/1527/865 863/1528/863 
f 864/1526/864 866/1529/866 867/1530/867 865/1527/865 
f 866/1531/866 292/1532/292 296/1533/296 867/1534/867 
f 868/1535/868 299/1536/299 302/1537/302 869/1538/869 
f 303/1539/303 870/1540/870 871/1541/871 304/1542/304 
f 870/1543/870 305/1544/305 308/1545/308 871/1546/871 
f 309/1547/309 868/1535/868 869/1538/869 310/1548/310 
f 872/1549/872 873/1550/873 874/1551/874 875/1552/875 
f 873/1550/873 876/1553/876 877/1554/877 874/1551/874 
f 876/1555/876 878/1556/878 879/1557/879 877/1558/877 
f 878/1556/878 880/1559/880 881/1560/881 879/1557/879 
f 880/1561/880 882/1562/882 883/1563/883 881/1564/881 
f 882/1562/882 884/1565/884 885/1566/885 883/1563/883 
f 884/1567/884 886/1568/886 887/1569/887 885/1570/885 
f 886/1568/886 872/1571/872 875/1572/875 887/1569/887 
f 875/1552/875 874/1551/874 888/1573/888 889/1574/889 
f 874/1551/874 877/1554/877 890/1575/890 888/1573/888 
f 877/1558/877 879/1557/879 891/1576/891 890/1577/890 
f 879/1578/879 881/1579/881 892/1580/892 891/1581/891 
f 881/1564/881 883/1563/883 893/1582/893 892/1583/892 
f 883/1563/883 885/1566/885 894/1584/894 893/1582/893 
f 885/1570/885 887/1569/887 895/1585/895 894/1586/894 
f 887/1569/887 875/1572/875 889/1587/889 895/1585/895 
f 889/1574/889 888/1573/888 896/1588/896 897/1589/897 
f 888/1573/888 890/1575/890 898/1590/898 896/1588/896 
f 890/1591/890 891/1592/891 899/1593/899 898/1594/898 
f 891/1581/891 892/1580/892 900/1595/900 899/1596/899 
f 892/1583/892 893/1582/893 901/1597/901 900/1598/900 
f 893/1582/893 894/1584/894 902/1599/902 901/1597/901 
f 894/1600/894 895/1601/895 903/1602/903 902/1603/902 
f 895/1604/895 889/1605/889 897/1606/897 903/1607/903 
f 897/1589/897 896/1588/896 904/1608/904 905/1609/905 
f 896/1588/896 898/1590/898 906/1610/906 904/1608/904 
f 898/1594/898 899/1593/899 907/1611/907 906/1612/906 
f 899/1593/899 900/1613/900 908/1614/908 907/1611/907 
f 900/1598/900 901/1597/901 909/1615/909 908/1616/908 
f 901/1597/901 902/1599/902 910/1617/910 909/1615/909 
f 902/1603/902 903/1602/903 911/1618/911 910/1619/910 
f 903/1607/903 897/1606/897 905/1620/905 911/1621/911 
f 311/529/311 313/531/313 912/1622/912 913/1623/913 
f 914/1624/914 915/1625/915 322/540/322 321/539/321 
f 915/1626/915 916/1627/916 325/1628/325 322/1629/322 
f 916/1630/916 914/1631/914 321/548/321 325/547/325 
f 917/1632/917 913/1633/913 328/1634/328 327/1635/327 
f 913/1623/913 912/1622/912 331/1636/331 328/1637/328 
f 912/1638/912 917/1639/917 327/1640/327 331/1641/331 
f 918/1642/918 317/1643/317 320/1644/320 333/1645/333 
f 318/1646/318 919/1647/919 337/1648/337 319/1649/319 
f 919/1647/919 918/1650/918 333/1651/333 337/1648/337 
f 920/1652/920 921/1653/921 340/1654/340 339/1655/339 
f 921/1656/921 922/1657/922 343/582/343 340/581/340 
f 922/1658/922 923/1659/923 345/1660/345 343/1661/343 
f 923/1662/923 920/1663/920 339/590/339 345/589/345 
f 348/594/348 347/593/347 364/1664/364 363/1665/363 
f 347/596/347 349/595/349 367/628/367 364/627/364 
f 349/598/349 348/597/348 363/1666/363 367/1667/367 
f 351/600/351 350/599/350 369/1668/369 373/1669/373 
f 350/602/350 352/601/352 370/636/370 369/635/369 
f 352/604/352 351/603/351 373/640/373 370/639/370 
f 354/606/354 353/605/353 362/644/362 375/643/375 
f 355/1670/355 356/1671/356 379/1672/379 361/1673/361 
f 356/1674/356 354/1675/354 375/1676/375 379/1677/379 
f 358/1678/358 357/1679/357 382/1680/382 381/1681/381 
f 357/616/357 359/615/359 385/662/385 382/661/382 
f 359/1682/359 360/1683/360 387/1684/387 385/1685/385 
f 360/620/360 358/619/358 381/670/381 387/669/387 
f 373/1686/373 369/1687/369 372/1688/372 374/1689/374 
f 365/630/365 368/629/368 391/698/391 389/697/389 
f 374/1689/374 372/1688/372 393/704/393 394/703/394 
f 383/664/383 386/663/386 402/722/402 399/721/399 
f 924/1690/924 925/1691/925 926/1692/926 312/530/312 
f 925/1691/925 927/1693/927 314/532/314 926/1692/926 
f 927/1693/927 928/1694/928 315/533/315 314/532/314 
f 928/1695/928 929/1696/929 930/1697/930 315/1698/315 
f 929/1699/929 931/1700/931 932/1701/932 930/1702/930 
f 931/1700/931 933/1703/933 934/1704/934 932/1701/932 
f 440/1705/440 935/1706/935 437/1707/437 439/1708/439 
f 935/1709/935 433/758/433 435/761/435 437/1710/437 
f 934/1711/934 311/1712/311 913/1633/913 917/1632/917 
f 313/1713/313 934/1714/934 917/1639/917 912/1638/912 
f 932/1701/932 934/1704/934 921/1653/921 920/1652/920 
f 934/1715/934 313/1716/313 922/1657/922 921/1656/921 
f 313/531/313 936/1717/936 923/1659/923 922/1658/922 
f 936/1718/936 932/1719/932 920/1663/920 923/1662/923 
f 930/1702/930 932/1701/932 317/1643/317 918/1642/918 
f 932/1720/932 936/1721/936 318/536/318 317/535/317 
f 936/1717/936 316/534/316 919/1647/919 318/1646/318 
f 316/534/316 930/1722/930 918/1650/918 919/1647/919 
f 315/1698/315 930/1697/930 915/1625/915 914/1624/914 
f 930/1723/930 316/1724/316 916/1627/916 915/1626/915 
f 316/534/316 315/533/315 914/1631/914 916/1630/916 
s 1
f 296/1725/296 295/1726/295 937/1727/937 863/1728/863 865/1729/865 867/1730/867 
s off
f 905/1609/905 904/1608/904 938/1731/938 939/1732/939 
f 904/1608/904 906/1610/906 940/1733/940 938/1731/938 
f 906/1612/906 907/1611/907 941/1734/941 940/1735/940 
f 907/1611/907 908/1614/908 942/1736/942 941/1734/941 
f 908/1616/908 909/1615/909 943/1737/943 942/1738/942 
f 909/1615/909 910/1617/910 944/1739/944 943/1737/943 
f 910/1740/910 911/1741/911 945/1742/945 944/1743/944 
f 911/1741/911 905/1744/905 939/1745/939 945/1742/945 
s 1
f 946/1746/946 947/1747/947 9/1748/9 7/1749/7 
f 948/1750/948 949/1751/949 947/1747/947 946/1746/946 
f 950/1752/950 951/1753/951 11/1754/11 10/1755/10 
f 949/1751/949 106/223/106 950/1756/950 947/1747/947 
f 106/209/106 859/1516/859 951/1757/951 950/1758/950 
s off
f 187/1759/187 952/1760/952 194/1761/194 188/1762/188 
f 952/1763/952 953/1764/953 954/1765/954 194/1766/194 
f 953/1764/953 955/1767/955 197/1768/197 954/1765/954 
f 955/1769/955 189/1770/189 190/345/190 197/344/197 
f 271/1771/271 956/1772/956 274/476/274 272/475/272 
f 956/1772/956 957/1773/957 277/479/277 274/476/274 
f 957/1773/957 958/1774/958 279/481/279 277/479/277 
f 958/1774/958 266/1775/266 269/483/269 279/481/279 
f 285/503/285 284/1776/284 862/1777/862 293/504/293 
f 284/491/284 286/493/286 864/1526/864 862/1525/862 
f 286/493/286 287/494/287 866/1529/866 864/1526/864 
f 287/1778/287 288/497/288 292/501/292 866/1779/866 
f 299/1780/299 959/1781/959 960/1782/960 300/1783/300 
f 309/1784/309 306/1785/306 961/1786/961 962/1787/962 
f 963/1788/963 964/1789/964 965/1790/965 966/1791/966 
f 186/1792/186 188/1793/188 196/1794/196 193/351/193 
f 190/1795/190 184/332/184 192/335/192 198/1796/198 
f 193/351/193 196/1794/196 967/1797/967 202/352/202 
f 196/1798/196 195/1799/195 968/1800/968 967/1801/967 
f 199/347/199 198/346/198 969/1802/969 970/1803/970 
f 198/1796/198 192/335/192 201/349/201 969/1804/969 
f 253/1805/253 252/1806/252 971/1807/971 265/1808/265 
f 252/1809/252 255/452/255 257/451/257 971/1810/971 
f 265/1808/265 971/1807/971 261/1811/261 263/1812/263 
f 971/1810/971 257/451/257 259/454/259 261/1813/261 
f 972/1814/972 973/1815/973 974/1816/974 975/1817/975 
f 870/1540/870 976/1818/976 977/1819/977 305/1820/305 
f 975/1821/975 974/1822/974 978/1823/978 979/1824/283 
f 309/1825/309 962/1826/962 267/1827/267 266/1828/266 
f 979/1824/283 978/1823/978 271/472/271 270/471/270 
f 974/1822/974 189/1770/189 955/1769/955 978/1823/978 
f 187/1829/187 868/1830/868 309/1831/309 952/1832/952 
s 1
f 863/1728/863 937/1727/937 298/1833/298 297/1834/297 
s off
f 175/1835/175 174/1836/174 177/1837/177 179/1838/179 
f 170/302/170 156/285/156 173/1839/173 172/1840/172 
f 156/285/156 159/288/159 176/1841/176 173/1839/173 
f 159/288/159 171/303/171 178/1842/178 176/1841/176 
f 171/303/171 170/302/170 172/1840/172 178/1842/178 
s 1
f 163/1843/163 162/1844/162 159/1845/159 158/1846/158 
f 133/1847/133 134/261/134 135/260/135 980/1848/979 
f 980/1848/979 135/260/135 136/263/136 981/1849/980 
f 982/1850/981 983/1851/982 984/1852/983 985/1853/984 
f 132/1854/132 133/1855/133 980/1856/979 130/1857/130 
f 130/249/130 980/1858/979 981/1859/980 131/250/131 
f 8/1860/8 946/1746/946 7/1749/7 4/1861/4 
f 985/1853/984 984/1852/983 139/266/139 138/265/138 
f 857/1862/857 948/1750/948 946/1746/946 8/1860/8 
f 142/1863/142 145/1520/145 149/276/149 986/1864/985 
f 986/1865/985 149/1866/149 148/1867/148 151/1868/151 
f 162/1869/162 165/1870/165 171/1871/171 159/1872/159 
f 165/1873/165 167/1874/167 169/1875/169 171/1876/171 
f 987/1877/986 988/1878/987 856/1512/856 855/1511/855 
f 142/1863/142 986/1864/985 155/1879/155 143/1880/143 
f 986/1881/985 151/1882/151 153/1883/153 155/1884/155 
s 2
f 56/99/56 10/1885/10 55/98/55 45/75/45 
f 9/1886/9 61/107/61 49/85/49 60/106/60 
f 10/1885/10 9/1887/9 60/117/60 55/98/55 
f 67/1888/67 950/1889/950 10/1890/10 56/1891/56 
f 947/1892/947 71/124/71 61/107/61 9/1886/9 
f 77/155/77 93/165/93 950/1889/950 67/1888/67 
f 96/171/96 81/174/81 71/1893/71 947/1894/947 
f 93/165/93 96/171/96 947/1894/947 950/1889/950 
s off
f 109/1895/109 108/1896/108 989/1897/988 990/1898/989 
f 861/1899/861 991/1900/990 992/1901/991 180/1902/180 
f 860/1903/860 109/1904/109 990/1905/989 993/1906/992 
f 989/1897/988 994/1907/993 995/1908/994 990/1898/989 
f 992/1909/991 991/1910/990 996/1911/995 997/1912/996 
f 993/1906/992 990/1905/989 995/1913/994 998/1914/997 
s 1
f 999/1915/998 1000/1916/999 1001/1917/1000 1002/1918/1001 
f 1002/1919/1001 1001/1920/1000 16/23/16 110/213/110 
s off
f 856/1512/856 988/1878/987 141/1921/141 140/1922/140 
f 988/1878/987 999/1915/998 144/1519/144 141/1921/141 
f 999/1915/998 1002/1918/1001 146/273/146 144/1519/144 
f 1002/1919/1001 110/213/110 147/1923/147 146/1924/146 
f 110/213/110 1003/1925/1002 150/1926/150 147/1923/147 
f 1003/1925/1002 948/1750/948 152/1927/152 150/1926/150 
f 948/1750/948 857/1862/857 154/1928/154 152/1927/152 
f 857/1513/857 856/1512/856 140/1922/140 154/1929/154 
f 1004/1930/1003 1000/1931/999 983/1932/982 982/1933/981 
f 1000/1934/999 999/1935/998 984/1852/983 983/1851/982 
f 999/1935/998 988/1936/987 139/266/139 984/1852/983 
f 948/1750/948 1003/1925/1002 118/1937/118 117/1938/117 
f 1003/1925/1002 110/213/110 121/1939/121 118/1937/118 
f 110/213/110 111/214/111 123/1940/123 121/1939/121 
f 111/1941/111 112/1942/112 115/1943/115 123/1944/123 
f 106/223/106 949/1751/949 128/1945/128 116/224/116 
f 949/1751/949 948/1750/948 117/1938/117 128/1945/128 
f 127/246/127 129/245/129 981/1946/980 136/1947/136 
f 129/248/129 120/228/120 131/250/131 981/1859/980 
f 139/1948/139 988/1949/987 987/1950/986 137/1951/137 
f 1000/1916/999 1004/1952/1003 157/1953/157 156/1954/156 
f 14/19/14 13/18/13 161/1955/161 160/1956/160 
f 13/22/13 15/21/15 164/1957/164 161/1958/161 
f 15/28/15 17/24/17 166/1959/166 164/1960/164 
f 168/1961/168 166/1962/166 17/1963/17 16/1964/16 
f 16/23/16 1001/1920/1000 170/1965/170 168/1966/168 
f 1001/1917/1000 1000/1916/999 156/1954/156 170/1967/170 
f 1005/1968/1004 1006/1969/1005 1007/1970/1006 1008/1971/1007 
f 1009/1972/1008 1010/1973/1009 1007/1974/1006 1006/1975/1005 
f 996/1911/995 1011/1976/1010 1012/1977/1011 997/1912/996 
f 1005/1968/1004 1008/1971/1007 1013/1978/1012 1014/1979/1013 
f 180/1980/180 992/1981/991 989/1897/988 108/1896/108 
f 992/1981/991 997/1982/996 1015/1983/1014 994/1907/993 989/1897/988 
f 973/1815/973 181/1984/181 189/1985/189 974/1816/974 
f 241/524/241 249/528/249 237/1986/237 236/1987/236 239/1988/239 
f 185/1989/185 299/1990/299 868/1830/868 187/1829/187 
f 303/1539/303 1016/1991/1015 976/1818/976 870/1540/870 
f 978/1992/978 955/1993/955 956/1772/956 271/1771/271 
f 955/1993/955 953/1994/953 952/1832/952 958/1774/958 957/1773/957 956/1772/956 
f 952/1832/952 309/1831/309 266/1775/266 958/1774/958 
f 201/349/201 200/348/200 204/1995/204 203/1996/203 
f 200/1997/200 202/1998/202 207/1999/207 204/2000/204 
f 202/352/202 967/1797/967 209/2001/209 207/2002/207 
f 967/2003/967 968/2004/968 211/2005/211 209/2006/209 
f 968/2004/968 1017/2007/1016 213/2008/213 211/2005/211 
f 1017/2007/1016 970/2009/970 215/2010/215 213/2008/213 
f 970/2009/970 969/2011/969 217/2012/217 215/2010/215 
f 969/2011/969 201/2013/201 203/2014/203 217/2012/217 
f 250/2015/250 223/382/223 224/381/224 251/2016/251 
f 254/449/254 251/2017/251 224/2018/224 225/390/225 
f 225/390/225 233/409/233 256/450/256 254/449/254 
f 233/409/233 246/434/246 258/453/258 256/450/256 
f 260/2019/260 258/2020/258 246/432/246 244/429/244 
f 244/2021/244 242/441/242 262/2022/262 260/2023/260 
f 242/441/242 231/406/231 264/2024/264 262/2022/262 
f 231/406/231 223/382/223 250/2015/250 264/2024/264 
f 300/2025/300 960/2026/960 1016/2027/1015 303/2028/303 
f 961/2029/961 306/2030/306 305/2031/305 977/2032/977 
f 1018/2033/1017 966/2034/966 1019/2035/1018 1020/2036/1019 
f 966/2034/966 965/2037/965 1021/2038/1020 1019/2035/1018 
f 1022/2039/1021 963/1788/963 966/1791/966 1018/2040/1017 
f 869/1538/869 302/1537/302 964/1789/964 963/1788/963 
f 302/2041/302 301/2042/301 965/2043/965 964/2044/964 
f 301/2045/301 304/2046/304 1021/2047/1020 965/2048/965 
f 304/1542/304 871/1541/871 1019/2035/1018 1021/2038/1020 
f 871/1541/871 308/2049/308 1020/2036/1019 1019/2035/1018 
f 308/2050/308 307/2051/307 1018/2052/1017 1020/2053/1019 
f 307/2054/307 310/2055/310 1022/2056/1021 1018/2057/1017 
f 310/1548/310 869/1538/869 963/1788/963 1022/2039/1021 
f 194/341/194 954/2058/954 1023/2059/1022 1024/2060/1023 
f 954/2061/954 197/344/197 1025/2062/1024 1023/2063/1022 
f 197/344/197 199/347/199 1026/2064/1025 1025/2062/1024 
f 199/2065/199 970/2066/970 1027/2067/1026 1026/2068/1025 
f 970/2069/970 1017/2070/1016 1028/2071/1027 1027/2072/1026 
f 1017/2073/1016 968/2074/968 1029/2075/1028 1028/2076/1027 
f 968/2074/968 195/342/195 1030/2077/1029 1029/2075/1028 
f 195/342/195 194/341/194 1024/2060/1023 1030/2077/1029 
f 1024/2078/1023 1023/2079/1022 873/1550/873 872/1549/872 
f 1023/2079/1022 1025/2080/1024 876/1553/876 873/1550/873 
f 1025/2062/1024 1026/2064/1025 878/1556/878 876/1555/876 
f 1026/2064/1025 1027/2081/1026 880/1559/880 878/1556/878 
f 1027/2082/1026 1028/2083/1027 882/1562/882 880/1561/880 
f 1028/2083/1027 1029/2084/1028 884/1565/884 882/1562/882 
f 1029/2085/1028 1030/2086/1029 886/1568/886 884/1567/884 
f 1030/2086/1029 1024/2087/1023 872/1571/872 886/1568/886 
f 939/1732/939 938/1731/938 925/1691/925 924/1690/924 
f 938/1731/938 940/1733/940 927/1693/927 925/1691/925 
f 940/1735/940 941/1734/941 928/2088/928 927/2089/927 
f 941/1734/941 942/1736/942 929/2090/929 928/2088/928 
f 942/1738/942 943/1737/943 931/1700/931 929/1699/929 
f 943/1737/943 944/1739/944 933/1703/933 931/1700/931 
f 431/753/431 430/752/430 935/2091/935 440/769/440 
f 430/2092/430 432/2093/432 433/2094/433 935/2095/935 
f 314/532/314 316/534/316 936/1717/936 926/1692/926 
f 312/530/312 926/1692/926 936/1717/936 313/531/313 
f 944/2096/944 945/2097/945 1031/2098/1030 426/748/426 
f 945/2099/945 939/2100/939 421/2101/421 1031/2102/1030 
f 939/2103/939 924/2104/924 422/2105/422 421/2106/421 
f 924/1690/924 312/530/312 1032/2107/1031 422/744/422 
f 312/2108/312 311/2109/311 1033/2110/1032 1032/2111/1031 
f 1033/2112/1032 311/1712/311 934/1711/934 1034/2113/1033 
f 934/2114/934 933/2115/933 425/2116/425 1034/2117/1033 
f 933/2118/933 944/2119/944 426/2120/426 425/2121/425 
f 426/748/426 1031/2098/1030 429/751/429 427/749/427 
f 1031/2102/1030 421/2101/421 424/2122/424 429/2123/429 
f 422/744/422 1032/2107/1031 434/760/434 423/745/423 
f 1032/2107/1031 1033/2124/1032 436/2125/436 434/760/434 
f 1033/2126/1032 1034/2127/1033 438/2128/438 436/2129/436 
f 1034/2130/1033 425/747/425 428/750/428 438/768/438 
s 1
f 855/1511/855 5/6/5 443/774/443 1035/2131/1034 
f 1035/2131/1034 443/774/443 445/2132/445 1036/2133/1035 
s off
f 23/36/23 454/796/454 545/977/545 858/1515/858 
f 859/1516/859 860/1517/860 539/969/539 538/968/538 
f 858/1515/858 545/977/545 606/1076/606 861/1518/861 
f 575/2134/575 574/2135/574 577/1033/577 576/1032/576 
f 585/1043/585 584/1042/584 571/2136/571 570/2137/570 
f 710/1251/710 712/1250/712 1037/2138/1036 1038/2139/1037 
f 1038/2140/1037 1037/2141/1036 1039/2142/1038 1040/2143/1039 
f 1040/2143/1039 1039/2142/1038 1041/2144/1040 1042/2145/1041 
f 1042/2146/1041 1041/2147/1040 711/2148/711 709/2149/709 
f 1043/2150/1042 1044/2151/1043 714/2152/714 713/2153/713 
f 718/2154/718 717/2155/717 1045/2156/1044 1046/2157/1045 
f 1046/2158/1045 1045/2159/1044 720/2160/720 719/2161/719 
f 724/2162/724 723/2163/723 1044/2151/1043 1043/2150/1042 
f 1047/2164/1046 1048/2165/1047 1049/2166/1048 1050/2167/1049 
f 1050/2167/1049 1049/2166/1048 1051/2168/1050 1052/2169/1051 
f 1052/2170/1051 1051/2171/1050 1053/2172/1052 1054/2173/1053 
f 1054/2173/1053 1053/2172/1052 1055/2174/1054 1056/2175/1055 
f 1056/2176/1055 1055/2177/1054 1057/2178/1056 1058/2179/1057 
f 1058/2179/1057 1057/2178/1056 1059/2180/1058 1060/2181/1059 
f 1060/2182/1059 1059/2183/1058 1061/2184/1060 1062/2185/1061 
f 1062/2185/1061 1061/2184/1060 1048/2186/1047 1047/2187/1046 
f 1048/2165/1047 1063/2188/1062 1064/2189/1063 1049/2166/1048 
f 1049/2166/1048 1064/2189/1063 1065/2190/1064 1051/2168/1050 
f 1051/2171/1050 1065/2191/1064 1066/2192/1065 1053/2172/1052 
f 1053/2193/1052 1066/2194/1065 1067/2195/1066 1055/2196/1054 
f 1055/2177/1054 1067/2197/1066 1068/2198/1067 1057/2178/1056 
f 1057/2178/1056 1068/2198/1067 1069/2199/1068 1059/2180/1058 
f 1059/2183/1058 1069/2200/1068 1070/2201/1069 1061/2184/1060 
f 1061/2184/1060 1070/2201/1069 1063/2202/1062 1048/2186/1047 
f 1063/2188/1062 1071/2203/1070 1072/2204/1071 1064/2189/1063 
f 1064/2189/1063 1072/2204/1071 1073/2205/1072 1065/2190/1064 
f 1065/2206/1064 1073/2207/1072 1074/2208/1073 1066/2209/1065 
f 1066/2194/1065 1074/2210/1073 1075/2211/1074 1067/2195/1066 
f 1067/2197/1066 1075/2212/1074 1076/2213/1075 1068/2198/1067 
f 1068/2198/1067 1076/2213/1075 1077/2214/1076 1069/2199/1068 
f 1069/2215/1068 1077/2216/1076 1078/2217/1077 1070/2218/1069 
f 1070/2219/1069 1078/2220/1077 1071/2221/1070 1063/2222/1062 
f 1071/2203/1070 1079/2223/1078 1080/2224/1079 1072/2204/1071 
f 1072/2204/1071 1080/2224/1079 1081/2225/1080 1073/2205/1072 
f 1073/2207/1072 1081/2226/1080 1082/2227/1081 1074/2208/1073 
f 1074/2208/1073 1082/2227/1081 1083/2228/1082 1075/2229/1074 
f 1075/2212/1074 1083/2230/1082 1084/2231/1083 1076/2213/1075 
f 1076/2213/1075 1084/2231/1083 1085/2232/1084 1077/2214/1076 
f 1077/2216/1076 1085/2233/1084 1086/2234/1085 1078/2217/1077 
f 1078/2220/1077 1086/2235/1085 1079/2236/1078 1071/2221/1070 
f 725/1269/725 1087/2237/1086 1088/2238/1087 726/1270/726 
f 1089/2239/1088 735/1279/735 738/1282/738 1090/2240/1089 
f 1090/2241/1089 738/2242/738 740/2243/740 1091/2244/1090 
f 1091/2245/1090 740/1287/740 735/1290/735 1089/2246/1088 
f 1092/2247/1091 741/2248/741 744/2249/744 1087/2250/1086 
f 1087/2237/1086 744/2251/744 746/2252/746 1088/2238/1087 
f 1088/2253/1087 746/2254/746 741/2255/741 1092/2256/1091 
f 1093/2257/1092 747/2258/747 732/2259/732 731/2260/731 
f 734/2261/734 733/2262/733 752/2263/752 1094/2264/1093 
f 1094/2264/1093 752/2263/752 747/2265/747 1093/2266/1092 
f 1095/2267/1094 753/2268/753 756/2269/756 1096/2270/1095 
f 1096/2271/1095 756/1321/756 758/1324/758 1097/2272/1096 
f 1097/2273/1096 758/2274/758 760/2275/760 1098/2276/1097 
f 1098/2277/1097 760/1329/760 753/1332/753 1095/2278/1094 
f 761/1333/761 777/2279/777 780/2280/780 762/1334/762 
f 762/1335/762 780/1367/780 782/1370/782 763/1336/763 
f 763/1337/763 782/2281/782 777/2282/777 761/1338/761 
f 764/1339/764 788/2283/788 783/2284/783 765/1340/765 
f 765/1341/765 783/1375/783 786/1378/786 766/1342/766 
f 766/1343/766 786/1379/786 788/1382/788 764/1344/764 
f 767/1345/767 789/1383/789 775/1386/775 768/1346/768 
f 769/2285/769 776/2286/776 794/2287/794 770/2288/770 
f 770/2289/770 794/2290/794 789/2291/789 767/2292/767 
f 771/2293/771 795/2294/795 798/2295/798 772/2296/772 
f 772/1355/772 798/1401/798 800/1404/800 773/1356/773 
f 773/2297/773 800/2298/800 802/2299/802 774/2300/774 
f 774/1359/774 802/1409/802 795/1412/795 771/1360/771 
f 788/2301/788 787/2302/787 784/2303/784 783/2304/783 
f 779/1368/779 804/1437/804 805/1440/805 781/1369/781 
f 787/2302/787 808/1443/808 806/1446/806 784/2303/784 
f 797/1402/797 814/1461/814 815/1464/815 799/1403/799 
f 1099/2305/1098 727/1271/727 1100/2306/1099 1101/2307/1100 
f 1101/2307/1100 1100/2306/1099 728/1272/728 1102/2308/1101 
f 1102/2308/1101 728/1272/728 730/1274/730 1103/2309/1102 
f 1103/2310/1102 730/2311/730 1104/2312/1103 1105/2313/1104 
f 1105/2314/1104 1104/2315/1103 1106/2316/1105 1107/2317/1106 
f 1107/2317/1106 1106/2316/1105 1108/2318/1107 1109/2319/1108 
f 854/2320/854 852/2321/852 850/2322/850 1110/2323/1109 
f 1110/2324/1109 850/2325/850 848/1500/848 847/1499/847 
f 1108/2326/1107 1092/2247/1091 1087/2250/1086 725/2327/725 
f 726/2328/726 1088/2253/1087 1092/2256/1091 1108/2329/1107 
f 1106/2316/1105 1095/2267/1094 1096/2270/1095 1108/2318/1107 
f 1108/2330/1107 1096/2271/1095 1097/2272/1096 726/2331/726 
f 726/1270/726 1097/2273/1096 1098/2276/1097 1111/2332/1110 
f 1111/2333/1110 1098/2277/1097 1095/2278/1094 1106/2334/1105 
f 1104/2315/1103 1093/2257/1092 731/2260/731 1106/2316/1105 
f 1106/2335/1105 731/1275/731 734/1278/734 1111/2336/1110 
f 1111/2332/1110 734/2261/734 1094/2264/1093 729/1273/729 
f 729/1273/729 1094/2264/1093 1093/2266/1092 1104/2337/1103 
f 730/2311/730 1089/2239/1088 1090/2240/1089 1104/2312/1103 
f 1104/2338/1103 1090/2241/1089 1091/2244/1090 729/2339/729 
f 729/1273/729 1091/2245/1090 1089/2246/1088 730/1274/730 
s 1
f 937/1727/937 295/1726/295 711/2340/711 1041/2341/1040 1039/2342/1038 1037/2343/1036 
s off
f 1079/2223/1078 1112/2344/1111 1113/2345/1112 1080/2224/1079 
f 1080/2224/1079 1113/2345/1112 1114/2346/1113 1081/2225/1080 
f 1081/2226/1080 1114/2347/1113 1115/2348/1114 1082/2227/1081 
f 1082/2227/1081 1115/2348/1114 1116/2349/1115 1083/2228/1082 
f 1083/2230/1082 1116/2350/1115 1117/2351/1116 1084/2231/1083 
f 1084/2231/1083 1117/2351/1116 1118/2352/1117 1085/2232/1084 
f 1085/2353/1084 1118/2354/1117 1119/2355/1118 1086/2356/1085 
f 1086/2356/1085 1119/2355/1118 1112/2357/1111 1079/2358/1078 
s 1
f 1120/2359/1119 444/2360/444 446/2361/446 1121/2362/1120 
f 1122/2363/1121 1120/2359/1119 1121/2362/1120 1123/2364/1122 
f 1124/2365/1123 447/2366/447 11/1754/11 951/1753/951 
f 1123/2364/1122 1121/2362/1120 1124/2367/1123 538/983/538 
f 538/968/538 1124/2368/1123 951/1757/951 859/1516/859 
s off
f 614/2369/614 613/2370/613 622/2371/622 1125/2372/1124 
f 1125/2373/1124 622/2374/622 1126/2375/1125 1127/2376/1126 
f 1127/2376/1126 1126/2375/1125 623/2377/623 1128/2378/1127 
f 1128/2379/1127 623/1099/623 616/1102/616 615/2380/615 
f 695/2381/695 694/1226/694 698/1229/698 1129/2382/1128 
f 1129/2382/1128 698/1229/698 700/1231/700 1130/2383/1129 
f 1130/2383/1129 700/1231/700 702/1233/702 1131/2384/1130 
f 1131/2384/1130 702/1233/702 693/1235/693 692/2385/692 
f 704/1248/704 710/1247/710 1038/2386/1037 705/2387/705 
f 705/1240/705 1038/2140/1037 1040/2143/1039 706/1241/706 
f 706/1241/706 1040/2143/1039 1042/2145/1041 707/1242/707 
f 707/2388/707 1042/2389/1041 709/1246/709 708/1244/708 
f 713/2390/713 716/2391/716 960/1782/960 959/1781/959 
f 724/2392/724 962/1787/962 961/1786/961 722/2393/722 
f 1132/2394/1131 1133/2395/1132 1134/2396/1133 1135/2397/1134 
f 611/2398/611 619/1108/619 620/2399/620 613/2400/613 
f 616/2401/616 625/2402/625 617/1088/617 608/1087/608 
f 619/1108/619 628/1107/628 1136/2403/1135 620/2399/620 
f 620/2404/620 1136/2405/1135 1137/2406/1136 621/2407/621 
f 624/1100/624 1138/2408/1137 1139/2409/1138 625/1101/625 
f 625/2402/625 1139/2410/1138 626/1103/626 617/1088/617 
f 677/2411/677 690/2412/690 1140/2413/1139 678/2414/678 
f 678/2415/678 1140/2416/1139 682/1206/682 680/1205/680 
f 690/2412/690 688/2417/688 686/2418/686 1140/2413/1139 
f 1140/2416/1139 686/2419/686 684/1208/684 682/1206/682 
f 972/1814/972 975/1817/975 1141/2420/1140 1142/2421/1141 
f 1046/2157/1045 719/2422/719 977/1819/977 976/1818/976 
f 975/1821/975 979/1824/283 1143/2423/1142 1141/2424/1140 
f 724/2425/724 692/2426/692 267/1827/267 962/1826/962 
f 979/1824/283 270/471/270 695/1225/695 1143/2423/1142 
f 1141/2424/1140 1143/2423/1142 1128/2379/1127 615/2380/615 
f 614/2427/614 1125/2428/1124 724/2429/724 1043/2430/1042 
s 1
f 1037/2343/1036 712/2431/712 298/1833/298 937/1727/937 
s off
f 599/2432/599 604/2433/604 602/2434/602 600/2435/600 
f 597/1059/597 598/2436/598 601/2437/601 586/1044/586 
f 586/1044/586 601/2437/601 603/2438/603 587/1045/587 
f 587/1045/587 603/2438/603 605/2439/605 596/1058/596 
f 596/1058/596 605/2439/605 598/2436/598 597/1059/597 
s 1
f 163/1843/163 158/1846/158 587/2440/587 588/2441/588 
f 565/2442/565 1144/2443/1143 567/1019/567 566/1018/566 
f 1144/2443/1143 1145/2444/1144 568/1021/568 567/1019/567 
f 982/2445/981 985/2446/984 1146/2447/1145 1147/2448/1146 
f 564/2449/564 563/2450/563 1144/2451/1143 565/2452/565 
f 563/1009/563 562/1008/562 1145/2453/1144 1144/2454/1143 
f 445/2455/445 442/2456/442 444/2360/444 1120/2359/1119 
f 985/2446/984 138/1025/138 569/1024/569 1146/2447/1145 
f 1036/2457/1035 445/2455/445 1120/2359/1119 1122/2363/1121 
f 572/2458/572 1148/2459/1147 577/1033/577 574/2135/574 
f 1148/2460/1147 580/2461/580 578/2462/578 577/2463/577 
f 588/2464/588 587/2465/587 596/2466/596 590/2467/590 
f 590/2468/590 596/2469/596 594/2470/594 592/2471/592 
f 987/1877/986 855/1511/855 1035/2131/1034 1149/2472/1148 
f 572/2458/572 571/2473/571 584/2474/584 1148/2459/1147 
f 1148/2475/1147 584/2476/584 582/2477/582 580/2478/580 
s 2
f 488/858/488 477/834/477 487/857/487 447/2479/447 
f 446/2480/446 492/865/492 481/844/481 493/866/493 
f 447/2479/447 487/857/487 492/876/492 446/2481/446 
f 499/2482/499 488/2483/488 447/2484/447 1124/2485/1123 
f 1121/2486/1120 446/2480/446 493/866/493 503/883/503 
f 509/912/509 499/2482/499 1124/2485/1123 524/923/524 
f 528/930/528 1121/2487/1120 503/2488/503 513/931/513 
f 524/923/524 1124/2485/1123 1121/2487/1120 528/930/528 
s off
f 539/2489/539 1150/2490/1149 1151/2491/1150 540/2492/540 
f 861/1899/861 606/2493/606 1152/2494/1151 991/1900/990 
f 860/1903/860 993/1906/992 1150/2495/1149 539/2496/539 
f 1151/2491/1150 1150/2490/1149 1153/2497/1152 1154/2498/1153 
f 1152/2499/1151 1155/2500/1154 996/1911/995 991/1910/990 
f 993/1906/992 998/1914/997 1153/2501/1152 1150/2495/1149 
s 1
f 1156/2502/1155 1157/2503/1156 1158/2504/1157 1159/2505/1158 
f 1157/2506/1156 542/972/542 450/786/450 1158/2507/1157 
s off
f 1035/2131/1034 570/2508/570 573/2509/573 1149/2472/1148 
f 1149/2472/1148 573/2509/573 575/2134/575 1156/2502/1155 
f 1156/2502/1155 575/2134/575 576/1032/576 1157/2503/1156 
f 1157/2506/1156 576/2510/576 579/2511/579 542/972/542 
f 542/972/542 579/2511/579 581/2512/581 1160/2513/1159 
f 1160/2513/1159 581/2512/581 583/2514/583 1122/2363/1121 
f 1122/2363/1121 583/2514/583 585/2515/585 1036/2457/1035 
f 1036/2133/1035 585/2516/585 570/2508/570 1035/2131/1034 
f 1004/1930/1003 982/1933/981 1147/2517/1146 1159/2518/1158 
f 1159/2519/1158 1147/2448/1146 1146/2447/1145 1156/2520/1155 
f 1156/2520/1155 1146/2447/1145 569/1024/569 1149/2521/1148 
f 1122/2363/1121 549/2522/549 552/2523/552 1160/2513/1159 
f 1160/2513/1159 552/2523/552 554/2524/554 542/972/542 
f 542/972/542 554/2524/554 556/2525/556 543/973/543 
f 543/2526/543 556/2527/556 546/2528/546 544/2529/544 
f 538/983/538 548/982/548 561/2530/561 1123/2364/1122 
f 1123/2364/1122 561/2530/561 549/2522/549 1122/2363/1121 
f 559/1003/559 568/2531/568 1145/2532/1144 560/1004/560 
f 560/1007/560 1145/2453/1144 562/1008/562 550/985/550 
f 569/2533/569 137/2534/137 987/2535/986 1149/2536/1148 
f 1159/2505/1158 586/2537/586 157/1953/157 1004/1952/1003 
f 14/19/14 160/1956/160 589/2538/589 448/782/448 
f 448/784/448 589/2539/589 591/2540/591 449/785/449 
f 449/791/449 591/2541/591 593/2542/593 453/789/453 
f 595/2543/595 450/2544/450 453/2545/453 593/2546/593 
f 450/786/450 595/2547/595 597/2548/597 1158/2507/1157 
f 1158/2504/1157 597/2549/597 586/2537/586 1159/2505/1158 
f 1161/2550/1160 1162/2551/1161 1163/2552/1162 1164/2553/1163 
f 1164/2554/1163 1163/2555/1162 1165/2556/1164 1166/2557/1165 
f 1167/2558/1166 1011/1976/1010 996/1911/995 1155/2500/1154 
f 1013/1978/1012 1162/2551/1161 1161/2550/1160 1014/1979/1013 
f 606/2559/606 540/2492/540 1151/2491/1150 1152/2560/1151 
f 1152/2560/1151 1151/2491/1150 1154/2498/1153 1168/2561/1167 1155/2562/1154 
f 1142/2421/1141 1141/2420/1140 615/2563/615 607/2564/607 
f 666/1264/666 664/2565/664 662/2566/662 661/2567/661 674/1265/674 
f 612/2568/612 614/2427/614 1043/2430/1042 713/2569/713 
f 718/2154/718 1046/2157/1045 976/1818/976 1016/1991/1015 
f 1143/2570/1142 695/2381/695 1129/2382/1128 1128/2571/1127 
f 1128/2571/1127 1129/2382/1128 1130/2383/1129 1131/2384/1130 1125/2428/1124 1127/2572/1126 
f 1125/2428/1124 1131/2384/1130 692/2385/692 724/2429/724 
f 626/1103/626 629/2573/629 632/2574/632 627/1104/627 
f 627/2575/627 632/2576/632 634/2577/634 628/2578/628 
f 628/1107/628 634/2579/634 636/2580/636 1136/2403/1135 
f 1136/2581/1135 636/2582/636 638/2583/638 1137/2584/1136 
f 1137/2584/1136 638/2583/638 640/2585/640 1169/2586/1168 
f 1169/2586/1168 640/2585/640 642/2587/642 1138/2588/1137 
f 1138/2588/1137 642/2587/642 644/2589/644 1139/2590/1138 
f 1139/2590/1138 644/2589/644 629/2591/629 626/2592/626 
f 676/2593/676 679/2594/679 650/1136/650 649/1135/649 
f 681/1204/681 651/1143/651 650/2595/650 679/2596/679 
f 651/1143/651 681/1204/681 683/1207/683 658/1163/658 
f 658/1163/658 683/1207/683 685/1209/685 673/1189/673 
f 687/2597/687 671/1186/671 673/1188/673 685/2598/685 
f 671/2599/671 687/2600/687 689/2601/689 669/1197/669 
f 669/1197/669 689/2601/689 691/2602/691 657/1162/657 
f 657/1162/657 691/2602/691 676/2593/676 649/1135/649 
f 716/2603/716 718/2604/718 1016/2027/1015 960/2026/960 
f 961/2029/961 977/2032/977 719/2605/719 722/2606/722 
f 1170/2607/1169 1171/2608/1170 1172/2609/1171 1133/2610/1132 
f 1133/2610/1132 1172/2609/1171 1173/2611/1172 1134/2612/1133 
f 1174/2613/1173 1170/2614/1169 1133/2395/1132 1132/2394/1131 
f 1044/2151/1043 1132/2394/1131 1135/2397/1134 714/2152/714 
f 714/2615/714 1135/2616/1134 1134/2617/1133 715/2618/715 
f 715/2619/715 1134/2620/1133 1173/2621/1172 717/2622/717 
f 717/2155/717 1173/2611/1172 1172/2609/1171 1045/2156/1044 
f 1045/2156/1044 1172/2609/1171 1171/2608/1170 720/2623/720 
f 720/2624/720 1171/2625/1170 1170/2626/1169 721/2627/721 
f 721/2628/721 1170/2629/1169 1174/2630/1173 723/2631/723 
f 723/2163/723 1174/2613/1173 1132/2394/1131 1044/2151/1043 
f 622/1098/622 1175/2632/1174 1176/2633/1175 1126/2634/1125 
f 1126/2635/1125 1176/2636/1175 1177/2637/1176 623/1099/623 
f 623/1099/623 1177/2637/1176 1178/2638/1177 624/1100/624 
f 624/2639/624 1178/2640/1177 1179/2641/1178 1138/2642/1137 
f 1138/2643/1137 1179/2644/1178 1180/2645/1179 1169/2646/1168 
f 1169/2647/1168 1180/2648/1179 1181/2649/1180 1137/2650/1136 
f 1137/2650/1136 1181/2649/1180 1182/2651/1181 621/1097/621 
f 621/1097/621 1182/2651/1181 1175/2632/1174 622/1098/622 
f 1175/2652/1174 1047/2164/1046 1050/2167/1049 1176/2653/1175 
f 1176/2653/1175 1050/2167/1049 1052/2169/1051 1177/2654/1176 
f 1177/2637/1176 1052/2170/1051 1054/2173/1053 1178/2638/1177 
f 1178/2638/1177 1054/2173/1053 1056/2175/1055 1179/2655/1178 
f 1179/2656/1178 1056/2176/1055 1058/2179/1057 1180/2657/1179 
f 1180/2657/1179 1058/2179/1057 1060/2181/1059 1181/2658/1180 
f 1181/2659/1180 1060/2182/1059 1062/2185/1061 1182/2660/1181 
f 1182/2660/1181 1062/2185/1061 1047/2187/1046 1175/2661/1174 
f 1112/2344/1111 1099/2305/1098 1101/2307/1100 1113/2345/1112 
f 1113/2345/1112 1101/2307/1100 1102/2308/1101 1114/2346/1113 
f 1114/2347/1113 1102/2662/1101 1103/2663/1102 1115/2348/1114 
f 1115/2348/1114 1103/2663/1102 1105/2664/1104 1116/2349/1115 
f 1116/2350/1115 1105/2314/1104 1107/2317/1106 1117/2351/1116 
f 1117/2351/1116 1107/2317/1106 1109/2319/1108 1118/2352/1117 
f 843/1491/843 854/1510/854 1110/2665/1109 844/1492/844 
f 844/2666/844 1110/2667/1109 847/2668/847 846/2669/846 
f 728/1272/728 1100/2306/1099 1111/2332/1110 729/1273/729 
f 727/1271/727 726/1270/726 1111/2332/1110 1100/2306/1099 
f 1118/2670/1117 842/1490/842 1183/2671/1182 1119/2672/1118 
f 1119/2673/1118 1183/2674/1182 835/2675/835 1112/2676/1111 
f 1112/2677/1111 835/2678/835 838/2679/838 1099/2680/1098 
f 1099/2305/1098 838/1486/838 1184/2681/1183 727/1271/727 
f 727/2682/727 1184/2683/1183 1185/2684/1184 725/2685/725 
f 1185/2686/1184 1186/2687/1185 1108/2326/1107 725/2327/725 
f 1108/2688/1107 1186/2689/1185 839/2690/839 1109/2691/1108 
f 1109/2692/1108 839/2693/839 842/2694/842 1118/2695/1117 
f 842/1490/842 841/1489/841 845/1493/845 1183/2671/1182 
f 1183/2674/1182 845/2696/845 836/2697/836 835/2675/835 
f 838/1486/838 837/1485/837 849/1501/849 1184/2681/1183 
f 1184/2681/1183 849/1501/849 851/2698/851 1185/2699/1184 
f 1185/2700/1184 851/2701/851 853/2702/853 1186/2703/1185 
f 1186/2704/1185 853/1508/853 840/1488/840 839/1487/839 
f 181/1984/181 973/1815/973 1187/2705/1186 1188/2706/1187 
f 1189/2707/1188 299/2708/299 185/2709/185 182/2710/182 181/2711/181 1188/2712/1187 
f 959/2713/959 299/2714/299 1189/2715/1188 1190/2716/1189 
f 1187/2705/1186 973/1815/973 972/1814/972 1191/2717/1190 
f 1192/2718/1191 1142/2421/1141 607/2564/607 1193/2719/1192 
f 1193/2720/1192 607/2721/607 610/2722/610 612/2723/612 713/2724/713 1194/2725/1193 
f 1194/2726/1193 713/2727/713 959/2713/959 1190/2716/1189 
f 972/1814/972 1142/2421/1141 1192/2718/1191 1191/2717/1190 
f 1188/2706/1187 1187/2705/1186 1195/2728/1194 1196/2729/1195 
f 1012/2730/1011 1189/2731/1188 1188/2732/1187 1196/2733/1195 
f 1011/1976/1010 1190/2716/1189 1189/2715/1188 1012/1977/1011 
f 1187/2705/1186 1191/2717/1190 1197/2734/1196 1195/2728/1194 
f 1198/2735/1197 1192/2718/1191 1193/2719/1192 1199/2736/1198 
f 1193/2737/1192 1194/2738/1193 1167/2739/1166 1199/2740/1198 
f 1194/2726/1193 1190/2716/1189 1011/1976/1010 1167/2558/1166 
f 1197/2734/1196 1191/2717/1190 1192/2718/1191 1198/2735/1197 
f 994/2741/993 1015/2742/1014 1200/2743/1199 1201/2744/1200 
f 1015/2742/1014 997/2745/996 1202/2746/1201 1200/2743/1199 
f 997/2747/996 1012/2748/1011 1203/2749/1202 1202/2750/1201 
f 1012/2751/1011 1196/2752/1195 1204/2753/1203 1203/2754/1202 
f 1196/2752/1195 1195/2755/1194 1205/2756/1204 1204/2753/1203 
f 1195/2757/1194 1197/2758/1196 1206/2759/1205 1205/2760/1204 
f 1197/2758/1196 1198/2761/1197 1207/2762/1206 1206/2759/1205 
f 1198/2763/1197 1199/2764/1198 1208/2765/1207 1207/2766/1206 
f 1199/2764/1198 1167/2767/1166 1209/2768/1208 1208/2765/1207 
f 1167/2769/1166 1155/2770/1154 1210/2771/1209 1209/2772/1208 
f 1155/2773/1154 1168/2774/1167 1211/2775/1210 1210/2776/1209 
f 1168/2774/1167 1154/2777/1153 1212/2778/1211 1211/2775/1210 
f 1154/2779/1153 1153/2780/1152 1213/2781/1212 1212/2782/1211 
f 1153/2783/1152 998/2784/997 1214/2785/1213 1213/2786/1212 
f 998/2784/997 995/2787/994 1215/2788/1214 1214/2785/1213 
f 995/2789/994 994/2790/993 1201/2791/1200 1215/2792/1214 
f 1201/2791/1200 1200/2793/1199 1009/2794/1008 1006/2795/1005 
f 1200/2743/1199 1202/2746/1201 1009/2796/1008 
f 1202/2797/1201 1203/2798/1202 1010/2799/1009 1009/2794/1008 
f 1203/2754/1202 1204/2753/1203 1007/2800/1006 1010/2801/1009 
f 1204/2802/1203 1205/2760/1204 1008/2803/1007 1007/2804/1006 
f 1205/2760/1204 1206/2759/1205 1013/2805/1012 1008/2803/1007 
f 1206/2759/1205 1207/2762/1206 1162/2806/1161 1013/2805/1012 
f 1207/2762/1206 1208/2807/1207 1163/2808/1162 1162/2806/1161 
f 1208/2765/1207 1209/2768/1208 1165/2809/1164 1163/2810/1162 
f 1209/2811/1208 1210/2812/1209 1166/2813/1165 1165/2814/1164 
f 1210/2776/1209 1211/2775/1210 1166/2815/1165 
f 1211/2816/1210 1212/2782/1211 1164/2817/1163 1166/2813/1165 
f 1212/2818/1211 1213/2786/1212 1161/2819/1160 1164/2820/1163 
f 1213/2786/1212 1214/2785/1213 1014/2821/1013 1161/2819/1160 
f 1214/2785/1213 1215/2788/1214 1005/2822/1004 1014/2821/1013 
f 1215/2788/1214 1201/2823/1200 1006/2824/1005 1005/2822/1004 
# 1148 polygons - 110 triangles

