# 3ds Max Wavefront OBJ Exporter v0.99 - (c)2007 guruware
# File Created: 31.08.2025 14:55:13

mtllib Doctor Frankenmallow.mtl

#
# object Doctor_Frankenmallow
#

v  -880.4308 188.1970 3.7700
v  -876.3665 191.0472 3.7700
v  -880.4308 192.7326 3.7700
v  -874.6811 188.1970 3.7700
v  -880.4308 183.3843 3.7700
v  -876.3665 180.5341 3.7700
v  -874.6811 183.3843 3.7700
v  -880.4308 178.8486 3.7700
v  -880.4308 196.7152 3.7700
v  -873.5457 193.8633 3.7700
v  -871.8771 195.5319 0.2900
v  -880.4308 199.0749 0.2900
v  -870.6938 186.9782 3.7700
v  -868.3340 186.9782 0.2900
v  -870.6938 184.6031 3.7700
v  -873.5457 177.7180 3.7700
v  -871.8771 176.0494 0.2900
v  -868.3340 184.6031 0.2900
v  -880.4308 174.8661 3.7700
v  -880.4308 172.5063 0.2900
v  -871.8771 195.5319 -0.7943
v  -880.4308 199.0749 -0.7943
v  -868.3340 186.9782 -0.7943
v  -871.8771 176.0494 -0.7943
v  -868.3340 184.6031 -0.7943
v  -880.4308 199.0749 -4.0474
v  -871.8771 195.5319 -4.0474
v  -873.5457 193.8633 -7.5273
v  -880.4308 196.7152 -7.5273
v  -868.3340 186.9782 -4.0474
v  -870.6938 186.9782 -7.5273
v  -868.3340 184.6031 -4.0474
v  -871.8771 176.0494 -4.0474
v  -873.5457 177.7180 -7.5273
v  -870.6938 184.6031 -7.5273
v  -880.4308 172.5063 -4.0474
v  -880.4308 174.8661 -7.5273
v  -880.4308 186.9782 -7.5273
v  -880.4308 184.6031 -7.5273
v  -871.8771 195.5319 -1.8787
v  -871.8771 195.5319 -2.9630
v  -880.4308 199.0749 -2.9630
v  -880.4308 199.0749 -1.8787
v  -868.3340 186.9782 -1.8787
v  -868.3340 186.9782 -2.9630
v  -871.8771 176.0494 -1.8787
v  -871.8771 176.0494 -2.9630
v  -868.3340 184.6031 -2.9630
v  -868.3340 184.6031 -1.8787
v  -877.1116 173.9246 -2.3996
v  -874.4943 174.9870 -3.4840
v  -877.1116 173.9246 -1.3577
v  -877.1116 173.9246 -1.8787
v  -876.7539 169.8021 -3.0434
v  -877.1116 171.8633 -3.6168
v  -877.1116 173.9246 -2.9205
v  -878.7828 173.2371 -3.3101
v  -877.1116 173.9246 -0.8368
v  -877.1116 169.8021 -4.3131
v  -870.1343 165.6466 5.9185
v  -880.4308 165.6101 8.0400
v  -880.4308 160.3785 9.3763
v  -868.7330 160.4199 6.9675
v  -880.4308 166.6241 -12.9443
v  -868.3837 166.6652 -10.7086
v  -866.7449 160.7789 -11.9521
v  -880.4308 160.7322 -14.4907
v  -859.9787 85.7297 -2.9307
v  -859.9498 85.6981 -0.5890
v  -863.1401 88.1851 -0.5869
v  -862.9975 88.0834 -3.0872
v  -859.9787 85.7298 1.6904
v  -862.9974 88.0834 1.8469
v  -867.9376 154.5228 9.9272
v  -880.4308 154.3372 12.7744
v  -880.4308 127.4646 12.0871
v  -867.9376 127.6502 9.2399
v  -880.4308 155.1693 -15.4844
v  -865.8145 155.0701 -12.4814
v  -865.8145 126.8985 -13.2020
v  -880.4308 126.9977 -16.2050
v  -864.0280 154.7620 -6.2771
v  -864.0280 126.5904 -6.9977
v  -862.2416 154.4540 -0.0728
v  -862.2416 126.2824 -0.7934
v  -864.0280 154.1541 5.9667
v  -864.0280 125.9825 5.2461
v  -865.8145 153.8542 12.0062
v  -865.8145 125.6827 11.2856
v  -880.4308 99.2759 -13.6602
v  -867.9375 99.3202 -11.3427
v  -871.9498 91.8310 -8.2984
v  -880.4308 91.8009 -9.8745
v  -876.1257 171.3452 -2.9516
v  -876.5441 171.3452 -4.4366
v  -876.3962 169.8021 -1.7737
v  -875.7074 171.3452 -1.4666
v  -876.7539 169.8021 -0.6090
v  -876.1257 171.3452 -0.1043
v  -877.1116 169.8021 0.5558
v  -876.5441 171.3452 1.2579
v  -870.4028 154.3568 13.2701
v  -870.4028 127.4843 12.5828
v  -868.2797 125.5167 14.6285
v  -868.2797 153.6883 15.3491
v  -869.7947 181.2792 4.4301
v  -868.3295 181.2281 7.9748
v  -866.8947 181.2281 3.4575
v  -868.9514 181.2792 1.6392
v  -874.7103 178.8806 3.7700
v  -880.4308 176.5103 3.7700
v  -872.3400 184.6031 3.7700
v  -874.7103 192.7006 3.7700
v  -872.3400 186.9782 3.7700
v  -880.4308 195.0709 3.7700
v  -879.8771 184.4171 3.7675
v  -875.2330 184.4171 3.7675
v  -875.2330 187.1642 3.7675
v  -879.8771 187.1642 3.7675
v  -874.1450 185.3253 4.6055
v  -871.8039 185.3253 4.6055
v  -871.8039 186.2560 4.6055
v  -874.1450 186.2560 4.6055
v  -870.1577 185.3253 4.6055
v  -870.1577 186.2560 4.6055
v  -867.7979 185.3253 1.1256
v  -867.7979 186.2560 1.1256
v  -867.7979 185.3253 0.0412
v  -867.7979 186.2560 0.0412
v  -867.7979 185.3253 -1.0431
v  -867.7979 186.2560 -1.0431
v  -867.7979 185.3253 -2.1275
v  -867.7979 186.2560 -2.1275
v  -867.7979 185.3253 -3.2118
v  -867.7979 186.2560 -3.2118
v  -868.3340 185.3253 -4.0474
v  -870.7020 174.1790 -8.4871
v  -868.9514 174.1790 -4.1940
v  -868.9514 181.2792 -4.1940
v  -870.7020 181.2792 -8.4871
v  -868.1082 174.1790 -1.1517
v  -868.1082 181.2792 -1.1517
v  -868.9514 174.1790 1.6392
v  -869.7947 174.1790 4.4301
v  -868.3295 174.1279 7.9748
v  -866.8947 174.1279 3.4575
v  -865.4598 174.1279 -1.0598
v  -865.4598 181.2281 -1.0598
v  -866.8947 174.1279 -5.7663
v  -866.8947 181.2281 -5.7663
v  -868.3295 174.1279 -10.4728
v  -868.3295 181.2281 -10.4728
v  -850.8207 153.6680 -4.9666
v  -848.9846 154.5553 -2.7819
v  -840.2500 135.7784 -2.7819
v  -842.0862 134.8910 -4.9666
v  -848.6450 154.7105 -0.5973
v  -839.9105 135.9335 -0.5973
v  -848.9846 154.5553 1.5293
v  -840.2500 135.7784 1.5293
v  -850.8207 153.6680 3.6560
v  -842.0862 134.8910 3.6560
v  -852.6885 152.7419 4.2360
v  -843.9539 133.9649 4.2360
v  -855.5804 151.3200 4.5653
v  -846.8458 132.5430 4.5653
v  -857.4402 150.3967 1.9871
v  -848.7057 131.6198 1.9871
v  -857.6599 150.2759 -0.5911
v  -848.9254 131.4989 -0.5911
v  -857.4402 150.3967 -3.2397
v  -848.7057 131.6198 -3.2397
v  -855.5804 151.3200 -5.8883
v  -846.8458 132.5430 -5.8883
v  -852.6885 152.7419 -5.5545
v  -843.9539 133.9650 -5.5545
v  -853.9672 98.9370 -4.9666
v  -852.0293 98.3018 -2.7819
v  -853.0788 98.6373 -2.1983
v  -854.4957 99.1018 -3.7957
v  -851.6772 98.1778 -0.5973
v  -852.8214 98.5467 -0.6009
v  -852.0292 98.3017 1.5293
v  -853.0788 98.6373 0.9540
v  -853.9672 98.9370 3.6560
v  -854.4957 99.1018 2.5090
v  -855.9546 99.5663 4.2360
v  -855.9489 99.5619 2.9331
v  -859.0236 100.5493 4.5653
v  -858.1929 100.2807 3.1739
v  -861.0035 101.1751 1.9871
v  -859.6406 100.7382 1.2887
v  -861.2455 101.2405 -0.5911
v  -859.8175 100.7861 -0.5964
v  -861.0035 101.1751 -3.2397
v  -859.6406 100.7383 -2.5330
v  -859.0236 100.5493 -5.8883
v  -858.1929 100.2807 -4.4696
v  -855.9546 99.5663 -5.5545
v  -855.9489 99.5619 -4.2255
v  -851.7393 102.5283 -2.1983
v  -853.1563 102.9928 -3.7957
v  -851.4819 102.4377 -0.6009
v  -851.7393 102.5283 0.9540
v  -853.1563 102.9928 2.5090
v  -854.6094 103.4529 2.9331
v  -856.8535 104.1717 3.1739
v  -858.3011 104.6292 1.2887
v  -858.4781 104.6771 -0.5964
v  -858.3011 104.6293 -2.5330
v  -856.8535 104.1717 -4.4696
v  -854.6094 103.4529 -4.2255
v  -852.2403 102.6885 -1.9197
v  -853.4086 103.0715 -3.2367
v  -852.0280 102.6138 -0.6027
v  -852.2403 102.6885 0.6794
v  -853.4086 103.0715 1.9615
v  -854.6068 103.4508 2.3112
v  -856.4569 104.0434 2.5097
v  -857.6505 104.4207 0.9554
v  -857.7964 104.4602 -0.5989
v  -857.6505 104.4207 -2.1957
v  -856.4569 104.0434 -3.7924
v  -854.6068 103.4508 -3.5912
v  -854.1668 97.0922 -1.9197
v  -855.3351 97.4752 -3.2367
v  -853.9545 97.0175 -0.6027
v  -854.1668 97.0922 0.6794
v  -855.3351 97.4752 1.9615
v  -856.5332 97.8546 2.3112
v  -858.3834 98.4472 2.5097
v  -859.5770 98.8244 0.9554
v  -859.7229 98.8639 -0.5989
v  -859.5770 98.8245 -2.1957
v  -858.3834 98.4472 -3.7924
v  -856.5332 97.8546 -3.5912
v  -862.4289 75.7569 -2.3286
v  -862.2973 75.6488 -0.9653
v  -863.8220 76.8331 -0.0428
v  -863.8411 76.8540 -1.5907
v  -857.5760 94.5420 -4.7174
v  -856.3566 94.3849 -2.6551
v  -857.1519 88.8576 -2.6551
v  -858.3713 89.0146 -4.7174
v  -856.1341 94.3513 -0.5928
v  -856.9294 88.8239 -0.5928
v  -856.3566 94.3849 1.4148
v  -857.1519 88.8576 1.4148
v  -857.5760 94.5420 3.4224
v  -858.3713 89.0146 3.4224
v  -859.8831 84.4053 6.0388
v  -860.4689 84.3987 5.9748
v  -860.3263 84.6891 4.4163
v  -859.7404 84.6956 4.4802
v  -861.2600 84.6218 5.9318
v  -861.1174 84.9122 4.3733
v  -860.7526 94.9251 4.2808
v  -861.9957 95.0718 1.8469
v  -862.7910 89.5445 1.8469
v  -861.5479 89.3977 4.2808
v  -862.1464 95.0833 -0.5869
v  -862.9417 89.5559 -0.5869
v  -861.9957 95.0718 -3.0872
v  -862.7910 89.5445 -3.0872
v  -860.7525 94.9251 -5.5875
v  -861.5479 89.3978 -5.5875
v  -858.8240 94.6899 -5.2724
v  -859.6194 89.1626 -5.2724
v  -859.6194 89.1626 3.9699
v  -860.0949 85.8296 3.9699
v  -858.9512 84.9447 3.4224
v  -861.8578 87.2023 4.2808
v  -861.8578 87.2023 -5.5875
v  -860.0949 85.8296 -5.2724
v  -858.9512 84.9447 -4.7174
v  -859.5036 83.6790 2.0632
v  -859.5745 83.7400 3.4544
v  -857.8423 84.0701 1.4148
v  -858.1998 82.6661 1.8950
v  -858.8765 83.1999 3.1202
v  -859.3928 83.5834 -0.1879
v  -859.4109 83.6032 1.2369
v  -857.6433 83.9065 -0.5928
v  -857.9512 82.4636 -0.1902
v  -858.0755 82.5658 1.0646
v  -859.4514 83.6348 -2.5108
v  -859.4323 83.6138 -0.9629
v  -857.8423 84.0701 -2.6551
v  -858.0391 82.5377 -2.3286
v  -857.9076 82.4296 -0.9653
v  -859.6897 83.8298 -4.8154
v  -859.6113 83.7625 -3.2372
v  -858.9188 83.2335 -4.4414
v  -858.1714 82.6440 -3.0514
v  -859.8003 79.9769 -1.5907
v  -859.7811 79.9559 -0.0428
v  -858.3880 78.8797 -1.4085
v  -858.2565 78.7716 -0.0452
v  -859.7417 79.9254 0.7322
v  -859.7598 79.9452 2.1570
v  -858.3000 78.8056 0.7299
v  -858.4244 78.9079 1.9847
v  -860.0386 80.1719 -3.8953
v  -859.9602 80.1046 -2.3171
v  -859.2677 79.5755 -3.5213
v  -858.5204 78.9860 -2.1313
v  -859.8525 80.0211 2.9833
v  -859.9235 80.0820 4.3745
v  -858.5486 79.0081 2.8151
v  -859.2254 79.5419 4.0403
v  -861.8488 77.4510 -1.5907
v  -861.8297 77.4301 -0.0428
v  -860.3050 76.2458 -0.9653
v  -860.4365 76.3539 -2.3286
v  -861.7902 77.3996 0.7322
v  -861.8083 77.4194 2.1570
v  -860.4729 76.3820 1.0646
v  -860.3486 76.2798 -0.1902
v  -862.0870 77.6461 -3.8953
v  -862.0087 77.5788 -2.3171
v  -861.3162 77.0497 -3.5213
v  -861.9011 77.4953 2.9833
v  -861.9719 77.5562 4.3745
v  -861.2739 77.0161 4.0403
v  -863.7825 76.8026 0.7322
v  -863.8007 76.8224 2.1570
v  -862.3409 75.6828 -0.1902
v  -862.4653 75.7850 1.0646
v  -864.0794 77.0491 -3.8953
v  -864.0010 76.9818 -2.3171
v  -860.5688 76.4602 -3.0514
v  -862.5612 75.8632 -3.0514
v  -863.8934 76.8982 2.9833
v  -863.9643 76.9592 4.3745
v  -860.5972 76.4824 1.8950
v  -862.5895 75.8853 1.8950
v  -855.0146 158.7984 -4.9666
v  -853.7757 160.4183 -2.7819
v  -853.7757 160.4183 1.5293
v  -855.0146 158.7984 3.6560
v  -859.5056 87.0285 7.5702
v  -860.0914 87.0219 7.5062
v  -860.8826 87.2450 7.4632
v  -860.7400 87.5354 5.9046
v  -859.9488 87.3123 5.9477
v  -859.3630 87.3189 6.0116
v  -867.9376 100.7777 8.5525
v  -865.8145 97.5111 10.5650
v  -868.2797 97.3451 13.9079
v  -870.4028 100.6117 11.8954
v  -865.8145 106.7119 10.9253
v  -868.2797 106.5460 14.2682
v  -874.4478 170.2621 2.5906
v  -875.2621 168.7006 1.9773
v  -875.8531 171.5595 10.4963
v  -875.0389 173.1210 11.1096
v  -870.1113 84.5418 1.4687
v  -876.2224 84.5947 -1.0221
v  -876.2137 53.8316 -2.1023
v  -870.1026 53.7787 0.3884
v  -876.3184 84.5887 -4.1169
v  -876.3098 53.8257 -5.1972
v  -876.2224 84.5947 -7.2963
v  -876.2137 53.8316 -8.3765
v  -870.1112 84.5418 -9.7968
v  -870.1026 53.7787 -10.8770
v  -864.9998 54.0307 -9.4538
v  -865.0504 54.0430 -5.1328
v  -865.0504 52.8361 -5.1328
v  -864.9998 52.8237 -9.4538
v  -864.9998 54.0307 -1.0347
v  -864.9998 52.8237 -1.0347
v  -870.1026 52.5717 0.3884
v  -876.2137 52.6246 -2.1023
v  -876.3098 52.6187 -5.1972
v  -876.2137 52.6246 -8.3765
v  -870.1026 52.5718 -10.8770
v  -865.0504 51.8888 -5.1328
v  -864.9998 51.8765 -9.4538
v  -864.9998 51.8764 -1.0347
v  -870.1026 51.6245 0.3884
v  -876.2137 51.6774 -2.1023
v  -876.3098 51.6714 -5.1972
v  -876.2137 51.6774 -8.3765
v  -870.1026 51.6245 -10.8770
v  -865.0504 50.6882 -5.1328
v  -864.9998 50.6759 -9.4538
v  -864.9998 50.6759 -1.0347
v  -870.1026 50.4239 0.3884
v  -876.2137 50.4768 -2.1023
v  -876.3098 50.4709 -5.1972
v  -876.2137 50.4768 -8.3765
v  -870.1026 50.4240 -10.8770
v  -865.0504 14.0583 -5.1328
v  -864.9998 14.0459 -9.4538
v  -864.9998 14.0459 -1.0347
v  -870.1026 13.7939 0.3884
v  -876.2137 13.8468 -2.1023
v  -876.3098 13.8408 -5.1972
v  -876.2137 13.8468 -8.3765
v  -870.1026 13.7940 -10.8770
v  -867.1284 13.9845 -5.1779
v  -867.0974 13.9769 -7.8306
v  -867.0974 13.9769 -2.6620
v  -870.2301 13.8222 -1.7883
v  -873.9819 13.8546 -3.3174
v  -874.0408 13.8510 -5.2174
v  -873.9819 13.8547 -7.1693
v  -870.2301 13.8223 -8.7044
v  -867.1284 10.5130 -5.1779
v  -867.0974 10.5054 -7.8306
v  -867.0974 10.5054 -2.6620
v  -870.2301 10.3507 -1.7883
v  -873.9819 10.3831 -3.3174
v  -874.0408 10.3795 -5.2174
v  -873.9819 10.3832 -7.1693
v  -870.2301 10.3508 -8.7044
v  -865.3191 4.5456 -7.4995
v  -865.2713 4.5339 -11.5895
v  -865.2713 4.5339 -3.6205
v  -875.8857 4.3454 14.3217
v  -870.1013 4.2954 16.6793
v  -875.9766 4.3398 11.3923
v  -870.1013 4.2955 -12.9367
v  -875.8857 4.3455 -10.5698
v  -865.3191 0.2157 -7.4995
v  -865.2713 0.2041 -11.5895
v  -865.2713 0.2041 -3.6205
v  -870.1013 -0.0345 16.6793
v  -875.8857 0.0156 14.3217
v  -875.9766 0.0100 11.3923
v  -875.8857 0.0156 -10.5698
v  -870.1013 -0.0344 -12.9367
v  -868.3340 185.3253 0.2900
v  -870.6938 185.3253 3.7700
v  -868.3340 185.3253 -0.7943
v  -868.3340 185.3253 -1.8787
v  -868.3340 185.3253 -2.9630
v  -868.3340 186.2560 -2.9630
v  -868.3340 186.2560 -4.0474
v  -868.3340 186.2560 -1.8787
v  -868.3340 186.2560 -0.7943
v  -868.3340 186.2560 0.2900
v  -870.6938 186.2560 3.7700
v  -872.3400 186.2560 3.7700
v  -874.6811 186.2560 3.7700
v  -872.3400 185.3253 3.7700
v  -874.6811 185.3253 3.7700
v  -874.1450 183.3843 4.6055
v  -879.9131 183.3843 4.6055
v  -874.1450 188.1970 4.6055
v  -879.9131 188.1970 4.6055
v  -874.7800 187.1642 4.6055
v  -874.7800 184.4171 4.6055
v  -879.4241 187.1642 4.6055
v  -879.4241 184.4171 4.6055
v  -866.7449 160.7789 8.7568
v  -866.2797 157.3166 10.3815
v  -859.1841 158.4023 4.2360
v  -880.4308 117.9886 8.7086
v  -867.9376 118.1743 5.8613
v  -865.8145 117.0978 -13.3822
v  -880.4308 117.1970 -16.3852
v  -864.0280 116.7897 -7.1779
v  -862.2416 116.4817 -0.9736
v  -864.0280 116.1818 5.0659
v  -865.8145 115.8819 11.1055
v  -870.4028 118.0083 12.4109
v  -868.2797 115.7160 14.4484
v  -880.4308 109.1434 8.5367
v  -880.4308 100.5920 11.3997
v  -867.9376 109.3290 5.6895
v  -865.8145 107.9278 -13.5623
v  -865.8145 98.7269 -13.9226
v  -880.4308 98.8261 -16.9256
v  -880.4308 108.0270 -16.5653
v  -864.0280 107.6197 -7.3580
v  -864.0280 98.4188 -7.7183
v  -862.2416 107.3117 -1.1537
v  -862.2416 98.1108 -1.5140
v  -864.0280 107.0118 4.8858
v  -864.0280 97.8110 4.5255
v  -870.4028 109.1630 12.2391
v  -884.4951 191.0472 3.7700
v  -886.1805 188.1970 3.7700
v  -886.1805 183.3843 3.7700
v  -884.4951 180.5341 3.7700
v  -888.9844 195.5319 0.2900
v  -887.3159 193.8633 3.7700
v  -892.5275 186.9782 0.2900
v  -890.1678 186.9782 3.7700
v  -890.1678 184.6031 3.7700
v  -892.5275 184.6031 0.2900
v  -888.9844 176.0494 0.2900
v  -887.3159 177.7180 3.7700
v  -888.9844 195.5319 -0.7943
v  -892.5275 186.9782 -0.7943
v  -892.5275 184.6031 -0.7943
v  -888.9844 176.0494 -0.7943
v  -887.3159 193.8633 -7.5273
v  -888.9844 195.5319 -4.0474
v  -890.1678 186.9782 -7.5273
v  -892.5275 186.9782 -4.0474
v  -892.5275 184.6031 -4.0474
v  -890.1678 184.6031 -7.5273
v  -887.3159 177.7180 -7.5273
v  -888.9844 176.0494 -4.0474
v  -888.9844 195.5319 -1.8787
v  -888.9844 195.5319 -2.9630
v  -892.5275 186.9782 -1.8787
v  -892.5275 186.9782 -2.9630
v  -888.9844 176.0494 -1.8787
v  -892.5275 184.6031 -1.8787
v  -892.5275 184.6031 -2.9630
v  -888.9844 176.0494 -2.9630
v  -886.3672 174.9870 -3.4840
v  -883.7500 173.9246 -2.3996
v  -883.7500 173.9246 -1.8787
v  -883.7500 173.9246 -1.3577
v  -883.7500 171.8633 -3.6168
v  -884.1077 169.8021 -3.0434
v  -882.0788 173.2371 -3.3101
v  -883.7500 173.9246 -2.9205
v  -883.7500 173.9246 -0.8368
v  -883.7500 169.8021 -4.3131
v  -886.1854 160.7242 13.2360
v  -885.5784 160.7634 13.4288
v  -885.8478 161.0134 13.2427
v  -894.1167 160.7789 -11.9521
v  -892.4779 166.6652 -10.7086
v  -900.8829 85.7297 -2.9307
v  -897.8641 88.0834 -3.0872
v  -897.7215 88.1851 -0.5869
v  -900.9118 85.6981 -0.5891
v  -897.8641 88.0834 1.8469
v  -900.8829 85.7298 1.6904
v  -892.9240 154.5228 9.9272
v  -892.9240 127.6502 9.2399
v  -895.0471 126.8985 -13.2020
v  -895.0471 155.0701 -12.4814
v  -896.8336 126.5904 -6.9977
v  -896.8336 154.7620 -6.2771
v  -898.6200 126.2824 -0.7934
v  -898.6200 154.4540 -0.0728
v  -896.8336 125.9825 5.2461
v  -896.8336 154.1541 5.9667
v  -895.0471 125.6827 11.2856
v  -895.0471 153.8542 12.0062
v  -888.9117 91.8310 -8.2984
v  -892.9240 99.3202 -11.3427
v  -884.3175 171.3452 -4.4366
v  -884.7358 171.3452 -2.9516
v  -885.1542 171.3452 -1.4666
v  -884.4653 169.8021 -1.7737
v  -884.7358 171.3452 -0.1043
v  -884.1077 169.8021 -0.6090
v  -884.3175 171.3452 1.2579
v  -883.7500 169.8021 0.5558
v  -890.4588 154.3568 13.2701
v  -892.5818 153.6883 15.3491
v  -892.5818 125.5167 14.6285
v  -890.4588 127.4843 12.5828
v  -891.0669 181.2792 4.4301
v  -891.9102 181.2792 1.6392
v  -893.9669 181.2281 3.4575
v  -892.5320 181.2281 7.9748
v  -886.1512 178.8806 3.7700
v  -888.5215 184.6031 3.7700
v  -888.5215 186.9782 3.7700
v  -886.1512 192.7006 3.7700
v  -880.9844 184.4171 3.7675
v  -880.9844 187.1642 3.7675
v  -885.6285 187.1642 3.7675
v  -885.6285 184.4171 3.7675
v  -886.7166 185.3253 4.6055
v  -886.7166 186.2560 4.6055
v  -889.0577 186.2560 4.6055
v  -889.0577 185.3253 4.6055
v  -890.7039 186.2560 4.6055
v  -890.7039 185.3253 4.6055
v  -893.0637 186.2560 1.1256
v  -893.0637 185.3253 1.1256
v  -893.0637 186.2560 0.0412
v  -893.0637 185.3253 0.0412
v  -893.0637 186.2560 -1.0431
v  -893.0637 185.3253 -1.0431
v  -893.0637 186.2560 -2.1275
v  -893.0637 185.3253 -2.1275
v  -893.0637 186.2560 -3.2118
v  -893.0637 185.3253 -3.2118
v  -892.5275 185.3253 -4.0474
v  -890.1596 174.1790 -8.4871
v  -890.1596 181.2792 -8.4871
v  -891.9102 181.2792 -4.1940
v  -891.9102 174.1790 -4.1940
v  -892.7534 181.2792 -1.1517
v  -892.7534 174.1790 -1.1517
v  -891.9102 174.1790 1.6392
v  -891.0669 174.1790 4.4301
v  -892.5320 174.1279 7.9748
v  -893.9669 174.1279 3.4575
v  -895.4018 181.2281 -1.0598
v  -895.4018 174.1279 -1.0598
v  -893.9669 181.2281 -5.7663
v  -893.9669 174.1279 -5.7663
v  -892.5320 181.2281 -10.4728
v  -892.5320 174.1279 -10.4728
v  -910.0408 153.6680 -4.9666
v  -918.7754 134.8910 -4.9666
v  -920.6116 135.7784 -2.7820
v  -911.8770 154.5553 -2.7819
v  -920.9511 135.9335 -0.5973
v  -912.2166 154.7105 -0.5973
v  -920.6116 135.7784 1.5293
v  -911.8770 154.5553 1.5293
v  -918.7754 134.8910 3.6560
v  -910.0408 153.6680 3.6560
v  -916.9077 133.9649 4.2360
v  -908.1731 152.7419 4.2360
v  -914.0157 132.5430 4.5653
v  -905.2812 151.3200 4.5653
v  -912.1559 131.6198 1.9871
v  -903.4213 150.3967 1.9871
v  -911.9362 131.4989 -0.5911
v  -903.2017 150.2759 -0.5911
v  -912.1559 131.6198 -3.2397
v  -903.4213 150.3967 -3.2397
v  -914.0157 132.5430 -5.8883
v  -905.2812 151.3200 -5.8883
v  -916.9077 133.9650 -5.5545
v  -908.1731 152.7419 -5.5545
v  -906.8944 98.9370 -4.9666
v  -906.3658 99.1018 -3.7957
v  -907.7828 98.6373 -2.1983
v  -908.8323 98.3018 -2.7819
v  -908.0402 98.5467 -0.6009
v  -909.1844 98.1778 -0.5973
v  -907.7828 98.6373 0.9540
v  -908.8323 98.3017 1.5293
v  -906.3658 99.1018 2.5090
v  -906.8944 98.9370 3.6560
v  -904.9127 99.5619 2.9331
v  -904.9070 99.5663 4.2360
v  -902.6686 100.2807 3.1739
v  -901.8380 100.5493 4.5653
v  -901.2210 100.7382 1.2887
v  -899.8581 101.1751 1.9871
v  -901.0441 100.7861 -0.5964
v  -899.6160 101.2405 -0.5911
v  -901.2210 100.7383 -2.5330
v  -899.8581 101.1751 -3.2397
v  -902.6686 100.2807 -4.4696
v  -901.8380 100.5493 -5.8883
v  -904.9127 99.5619 -4.2255
v  -904.9070 99.5663 -5.5545
v  -907.7053 102.9928 -3.7957
v  -909.1223 102.5283 -2.1983
v  -909.3797 102.4377 -0.6009
v  -909.1223 102.5283 0.9540
v  -907.7053 102.9928 2.5090
v  -906.2521 103.4529 2.9331
v  -904.0081 104.1717 3.1739
v  -902.5605 104.6292 1.2887
v  -902.3835 104.6771 -0.5964
v  -902.5605 104.6293 -2.5330
v  -904.0081 104.1717 -4.4696
v  -906.2521 103.4529 -4.2255
v  -907.4530 103.0715 -3.2368
v  -908.6213 102.6885 -1.9197
v  -908.8336 102.6138 -0.6027
v  -908.6213 102.6885 0.6794
v  -907.4530 103.0715 1.9615
v  -906.2548 103.4508 2.3112
v  -904.4047 104.0434 2.5097
v  -903.2111 104.4207 0.9554
v  -903.0651 104.4602 -0.5989
v  -903.2111 104.4207 -2.1957
v  -904.4047 104.0434 -3.7924
v  -906.2548 103.4508 -3.5912
v  -905.5265 97.4752 -3.2368
v  -906.6948 97.0922 -1.9197
v  -906.9070 97.0175 -0.6027
v  -906.6948 97.0922 0.6794
v  -905.5265 97.4752 1.9615
v  -904.3284 97.8546 2.3112
v  -902.4781 98.4472 2.5097
v  -901.2845 98.8244 0.9554
v  -901.1387 98.8639 -0.5989
v  -901.2845 98.8245 -2.1957
v  -902.4781 98.4472 -3.7924
v  -904.3284 97.8546 -3.5912
v  -898.4327 75.7569 -2.3286
v  -897.0204 76.8540 -1.5907
v  -897.0396 76.8331 -0.0428
v  -898.5643 75.6488 -0.9653
v  -903.2856 94.5420 -4.7174
v  -902.4902 89.0146 -4.7174
v  -903.7097 88.8576 -2.6551
v  -904.5049 94.3849 -2.6551
v  -903.9321 88.8239 -0.5928
v  -904.7275 94.3513 -0.5928
v  -903.7097 88.8576 1.4148
v  -904.5049 94.3849 1.4148
v  -902.4902 89.0146 3.4224
v  -903.2856 94.5420 3.4224
v  -900.9785 84.4053 6.0388
v  -901.1212 84.6956 4.4802
v  -900.5353 84.6891 4.4163
v  -900.3927 84.3987 5.9748
v  -899.7441 84.9122 4.3733
v  -899.6016 84.6218 5.9318
v  -900.1090 94.9251 4.2808
v  -899.3137 89.3977 4.2808
v  -898.0706 89.5445 1.8469
v  -898.8659 95.0718 1.8469
v  -897.9199 89.5559 -0.5869
v  -898.7151 95.0833 -0.5869
v  -898.0706 89.5445 -3.0872
v  -898.8658 95.0718 -3.0872
v  -899.3137 89.3978 -5.5875
v  -900.1091 94.9251 -5.5875
v  -901.2422 89.1626 -5.2724
v  -902.0375 94.6899 -5.2724
v  -901.9104 84.9447 3.4224
v  -900.7667 85.8296 3.9699
v  -901.2422 89.1626 3.9699
v  -899.0038 87.2023 4.2808
v  -899.0038 87.2023 -5.5875
v  -900.7667 85.8296 -5.2724
v  -901.9104 84.9447 -4.7174
v  -901.2870 83.7400 3.4544
v  -901.3580 83.6790 2.0632
v  -902.6618 82.6661 1.8950
v  -903.0193 84.0701 1.4148
v  -901.9850 83.1999 3.1202
v  -901.4507 83.6032 1.2369
v  -901.4688 83.5834 -0.1879
v  -902.9104 82.4636 -0.1902
v  -903.2183 83.9065 -0.5928
v  -902.7861 82.5658 1.0646
v  -901.4293 83.6138 -0.9629
v  -901.4102 83.6348 -2.5108
v  -902.8224 82.5377 -2.3286
v  -903.0193 84.0701 -2.6551
v  -902.9540 82.4296 -0.9653
v  -901.2502 83.7625 -3.2372
v  -901.1719 83.8298 -4.8154
v  -901.9427 83.2335 -4.4414
v  -902.6901 82.6440 -3.0514
v  -901.0804 79.9559 -0.0428
v  -901.0613 79.9769 -1.5907
v  -902.4736 78.8797 -1.4085
v  -902.6051 78.7716 -0.0452
v  -901.1017 79.9452 2.1570
v  -901.1199 79.9254 0.7322
v  -902.5615 78.8056 0.7299
v  -902.4371 78.9079 1.9847
v  -900.9014 80.1046 -2.3171
v  -900.8230 80.1719 -3.8953
v  -901.5939 79.5755 -3.5213
v  -902.3412 78.9860 -2.1313
v  -900.9381 80.0820 4.3745
v  -901.0090 80.0211 2.9833
v  -902.3129 79.0081 2.8151
v  -901.6362 79.5419 4.0403
v  -899.0319 77.4301 -0.0428
v  -899.0128 77.4510 -1.5907
v  -900.4250 76.3539 -2.3286
v  -900.5566 76.2458 -0.9653
v  -899.0532 77.4194 2.1570
v  -899.0714 77.3996 0.7322
v  -900.5130 76.2798 -0.1902
v  -900.3887 76.3820 1.0646
v  -898.8528 77.5788 -2.3171
v  -898.7745 77.6461 -3.8953
v  -899.5453 77.0497 -3.5213
v  -898.8896 77.5562 4.3745
v  -898.9605 77.4953 2.9833
v  -899.5876 77.0161 4.0403
v  -897.0609 76.8224 2.1570
v  -897.0790 76.8026 0.7322
v  -898.5207 75.6828 -0.1902
v  -898.3963 75.7850 1.0646
v  -896.8605 76.9818 -2.3171
v  -896.7822 77.0491 -3.8953
v  -900.2927 76.4602 -3.0514
v  -898.3004 75.8632 -3.0514
v  -896.8973 76.9592 4.3745
v  -896.9682 76.8982 2.9833
v  -898.2720 75.8853 1.8950
v  -900.2644 76.4824 1.8950
v  -905.8470 158.7984 -4.9666
v  -907.0859 160.4183 -2.7819
v  -907.0859 160.4183 1.5293
v  -905.8470 158.7984 3.6560
v  -901.3560 87.0285 7.5702
v  -900.7701 87.0219 7.5062
v  -899.9790 87.2450 7.4632
v  -900.1216 87.5354 5.9046
v  -900.9128 87.3123 5.9477
v  -901.4986 87.3189 6.0116
v  -892.9240 100.7777 8.5525
v  -890.4588 100.6117 11.8954
v  -892.5818 97.3451 13.9079
v  -895.0471 97.5111 10.5650
v  -892.5818 106.5460 14.2682
v  -895.0471 106.7119 10.9253
v  -886.4138 170.2621 2.5906
v  -885.8227 173.1210 11.1096
v  -885.0084 171.5595 10.4963
v  -885.5995 168.7006 1.9773
v  -890.7503 84.5418 1.4687
v  -890.7590 53.7787 0.3884
v  -884.6478 53.8316 -2.1023
v  -884.6392 84.5947 -1.0221
v  -884.5518 53.8257 -5.1972
v  -884.5432 84.5887 -4.1169
v  -884.6478 53.8316 -8.3765
v  -884.6392 84.5947 -7.2963
v  -890.7590 53.7787 -10.8770
v  -890.7504 84.5418 -9.7968
v  -895.8618 54.0307 -9.4538
v  -895.8618 52.8237 -9.4538
v  -895.8112 52.8361 -5.1328
v  -895.8112 54.0430 -5.1328
v  -895.8618 52.8237 -1.0347
v  -895.8618 54.0307 -1.0347
v  -890.7590 52.5717 0.3884
v  -884.6478 52.6246 -2.1023
v  -884.5518 52.6187 -5.1972
v  -884.6478 52.6246 -8.3765
v  -890.7590 52.5718 -10.8770
v  -895.8618 51.8765 -9.4538
v  -895.8112 51.8888 -5.1328
v  -895.8618 51.8764 -1.0347
v  -890.7590 51.6245 0.3884
v  -884.6478 51.6774 -2.1023
v  -884.5518 51.6714 -5.1972
v  -884.6478 51.6774 -8.3765
v  -890.7590 51.6245 -10.8770
v  -895.8618 50.6759 -9.4538
v  -895.8112 50.6882 -5.1328
v  -895.8618 50.6759 -1.0347
v  -890.7590 50.4239 0.3884
v  -884.6478 50.4768 -2.1023
v  -884.5518 50.4709 -5.1972
v  -884.6478 50.4768 -8.3765
v  -890.7590 50.4240 -10.8770
v  -895.8618 14.0459 -9.4538
v  -895.8112 14.0583 -5.1328
v  -895.8618 14.0459 -1.0347
v  -890.7590 13.7939 0.3884
v  -884.6478 13.8468 -2.1023
v  -884.5518 13.8408 -5.1972
v  -884.6478 13.8468 -8.3765
v  -890.7590 13.7940 -10.8770
v  -893.7642 13.9769 -7.8306
v  -893.7332 13.9845 -5.1779
v  -893.7642 13.9769 -2.6620
v  -890.6315 13.8222 -1.7883
v  -886.8797 13.8546 -3.3174
v  -886.8208 13.8510 -5.2174
v  -886.8797 13.8547 -7.1693
v  -890.6315 13.8223 -8.7044
v  -893.7642 10.5054 -7.8306
v  -893.7332 10.5130 -5.1779
v  -893.7642 10.5054 -2.6620
v  -890.6315 10.3507 -1.7883
v  -886.8797 10.3831 -3.3174
v  -886.8208 10.3795 -5.2174
v  -886.8797 10.3832 -7.1693
v  -890.6315 10.3508 -8.7044
v  -895.5903 4.5339 -11.5895
v  -895.5425 4.5456 -7.4995
v  -895.5903 4.5339 -3.6205
v  -890.7603 4.2954 16.6793
v  -884.9758 4.3454 14.3217
v  -884.8849 4.3398 11.3923
v  -884.9758 4.3455 -10.5698
v  -890.7603 4.2955 -12.9367
v  -895.5903 0.2041 -11.5895
v  -895.5425 0.2157 -7.4995
v  -895.5903 0.2041 -3.6205
v  -890.7603 -0.0345 16.6793
v  -884.9758 0.0156 14.3217
v  -884.8849 0.0100 11.3923
v  -884.9758 0.0156 -10.5698
v  -890.7603 -0.0344 -12.9367
v  -890.1678 185.3253 3.7700
v  -892.5275 185.3253 0.2900
v  -892.5275 185.3253 -0.7943
v  -892.5275 185.3253 -1.8787
v  -892.5275 185.3253 -2.9630
v  -892.5275 186.2560 -4.0474
v  -892.5275 186.2560 -2.9630
v  -892.5275 186.2560 -1.8787
v  -892.5275 186.2560 -0.7943
v  -892.5275 186.2560 0.2900
v  -890.1678 186.2560 3.7700
v  -888.5215 186.2560 3.7700
v  -886.1805 186.2560 3.7700
v  -886.1805 185.3253 3.7700
v  -888.5215 185.3253 3.7700
v  -880.9485 183.3843 4.6055
v  -886.7166 183.3843 4.6055
v  -886.7166 188.1970 4.6055
v  -880.9485 188.1970 4.6055
v  -886.0815 184.4171 4.6055
v  -886.0815 187.1642 4.6055
v  -881.4374 187.1642 4.6055
v  -881.4374 184.4171 4.6055
v  -894.1167 160.7789 8.7568
v  -901.6774 158.4023 4.2360
v  -894.5819 157.3166 10.3815
v  -892.9240 118.1743 5.8613
v  -895.0471 117.0978 -13.3822
v  -896.8336 116.7897 -7.1779
v  -898.6200 116.4817 -0.9736
v  -896.8336 116.1818 5.0659
v  -895.0471 115.8819 11.1055
v  -892.5818 115.7160 14.4484
v  -890.4588 118.0083 12.4109
v  -892.9240 109.3290 5.6895
v  -895.0471 107.9278 -13.5623
v  -895.0471 98.7269 -13.9226
v  -896.8336 107.6197 -7.3580
v  -896.8336 98.4188 -7.7183
v  -898.6200 107.3117 -1.1537
v  -898.6200 98.1108 -1.5140
v  -896.8336 107.0118 4.8858
v  -896.8336 97.8110 4.5255
v  -890.4588 109.1630 12.2391
v  -890.7273 165.6466 5.9185
v  -885.3860 160.5138 9.7041
v  -885.9666 160.0164 9.6926
v  -885.9666 160.0164 10.0351
v  -885.3860 160.5138 10.0466
v  -885.7518 159.5128 9.9557
v  -885.7518 159.5128 10.2982
v  -885.2068 159.5338 10.1344
v  -885.2068 159.5338 10.4769
v  -884.9227 160.0840 10.0242
v  -884.9227 160.0840 10.3667
v  -886.0866 163.1335 9.9802
v  -888.1022 161.4066 9.9404
v  -888.1022 161.4067 10.5105
v  -886.0866 163.1335 10.5503
v  -888.3317 159.5948 9.9404
v  -887.5859 157.8464 10.8536
v  -887.5859 157.8464 11.4237
v  -888.3317 159.5948 10.5105
v  -886.5497 157.1631 10.8536
v  -884.6578 157.2357 11.4741
v  -884.6578 157.2357 12.0442
v  -886.5497 157.1631 11.4237
v  -883.5016 157.5311 11.4741
v  -882.5152 159.4415 11.0916
v  -882.5152 159.4415 11.6618
v  -883.5016 157.5311 12.0442
v  -882.8756 161.3826 11.0916
v  -884.4841 162.8749 9.9802
v  -884.4841 162.8749 10.5503
v  -882.8756 161.3826 11.6618
v  -885.3845 160.5972 11.0091
v  -884.9212 160.1674 11.3292
v  -885.9650 160.0998 10.9976
v  -885.2053 159.6171 11.4394
v  -885.7502 159.5962 11.2607
v  -886.1600 160.5203 12.3663
v  -885.5795 161.0177 12.3778
v  -885.9453 160.0167 12.6294
v  -885.4003 160.0376 12.8081
v  -885.1162 160.5879 12.6979
v  -886.4565 160.5384 12.4728
v  -885.6681 161.2138 12.4884
v  -886.1648 159.8545 12.8300
v  -885.4247 159.8829 13.0727
v  -885.0389 160.6301 12.9231
v  -880.4308 91.8009 6.3085
v  -871.9498 91.8310 4.5594
v  -880.4308 169.7824 -4.8378
v  -880.4308 171.3230 -5.0502
v  -866.4101 99.3202 2.9002
v  -864.8826 99.3202 -1.7626
v  -866.4101 99.3202 -6.5527
v  -880.4308 174.1268 -12.6691
v  -880.4308 174.1780 -10.6248
v  -880.4450 181.2781 -10.6248
v  -880.4556 181.2270 -12.6691
v  -842.2766 121.4746 -4.9666
v  -840.4619 120.5440 -2.7819
v  -840.1335 120.3666 -0.5973
v  -840.4619 120.5440 1.5293
v  -842.2766 121.4746 3.6560
v  -844.1412 122.4070 4.2360
v  -847.0186 123.8579 4.5653
v  -848.8762 124.7857 1.9871
v  -849.1050 124.8883 -0.5911
v  -848.8762 124.7857 -3.2397
v  -847.0187 123.8579 -5.8883
v  -844.1412 122.4070 -5.5545
v  -863.3085 76.4526 -4.4414
v  -863.2662 76.4191 3.1202
v  -870.8005 157.3884 11.6281
v  -871.1983 160.4199 9.9861
v  -868.7449 157.2336 13.5622
v  -865.0085 84.7937 -0.8745
v  -865.0085 84.7938 -9.2936
v  -870.9110 91.8310 -8.4833
v  -870.9347 89.7699 2.1185
v  -863.7661 85.2332 -5.0008
v  -870.3279 -0.0485 -7.5333
v  -838.4974 131.5263 -2.7819
v  -840.5132 131.2174 -4.9666
v  -838.1273 131.5748 -0.5973
v  -838.4974 131.5263 1.5293
v  -840.5132 131.2174 3.6560
v  -842.5706 130.8809 4.2360
v  -845.7526 130.3713 4.5653
v  -847.8016 130.0350 1.9871
v  -848.0471 129.9841 -0.5911
v  -847.8016 130.0351 -3.2397
v  -845.7526 130.3713 -5.8883
v  -842.5706 130.8809 -5.5545
v  -837.9678 128.8111 -2.7819
v  -840.0068 128.8448 -4.9666
v  -837.5947 128.7968 -0.5973
v  -837.9678 128.8111 1.5293
v  -840.0068 128.8448 3.6560
v  -842.0914 128.8583 4.2360
v  -845.3139 128.8899 4.5653
v  -847.3903 128.9023 1.9871
v  -847.6409 128.8932 -0.5911
v  -847.3903 128.9023 -3.2397
v  -845.3139 128.8899 -5.8883
v  -842.0914 128.8583 -5.5545
v  -838.1346 124.5225 -2.7819
v  -840.0781 125.1403 -4.9666
v  -837.7814 124.4017 -0.5973
v  -838.1346 124.5225 1.5293
v  -840.0781 125.1403 3.6560
v  -842.0711 125.7517 4.2360
v  -845.1488 126.7072 4.5653
v  -847.1342 127.3152 1.9871
v  -847.3768 127.3785 -0.5911
v  -847.1342 127.3152 -3.2397
v  -845.1488 126.7072 -5.8883
v  -842.0711 125.7517 -5.5545
v  -877.5986 88.1920 1.7330
v  -880.4308 88.1602 2.2695
v  -880.4308 86.6652 -0.2747
v  -877.5519 85.5675 -2.9681
v  -880.4308 86.6652 -1.8364
v  -880.4308 86.6652 -3.3778
v  -877.5519 85.5675 -7.1029
v  -877.0711 85.5675 -5.0077
v  -880.4308 172.5497 -0.0578
v  -880.4308 172.5497 -3.6996
v  -880.4308 169.7824 0.5558
v  -880.4308 168.6892 2.5167
v  -880.4308 88.1602 -5.9018
v  -877.5986 88.1920 -5.4280
v  -872.5995 167.4706 8.9370
v  -869.2101 160.7789 11.7754
v  -870.8489 168.4892 10.5485
v  -874.4478 170.2621 -6.4139
v  -880.4308 170.2383 -7.4860
v  -866.9101 166.6652 -6.0876
v  -873.7361 170.2621 -4.1166
v  -866.9101 166.6652 3.0317
v  -865.4366 166.6652 -1.4666
v  -873.0243 170.2621 -1.8193
v  -873.7361 170.2621 0.3856
v  -868.3837 166.6652 7.5299
v  -857.8895 162.3178 -2.7819
v  -858.5396 160.3848 -4.9666
v  -857.7629 162.6689 -0.5973
v  -857.8895 162.3178 1.5293
v  -858.5396 160.3848 3.6560
v  -860.8317 153.3659 1.9871
v  -860.1907 155.3409 4.5653
v  -860.8990 153.1244 -0.5911
v  -860.8317 153.3659 -3.2397
v  -860.1907 155.3409 -5.8883
v  -859.1841 158.4023 -5.5545
v  -853.5426 160.7098 -0.5973
v  -856.2642 157.1297 4.2360
v  -858.2045 154.5567 4.5653
v  -859.4483 152.8941 1.9871
v  -859.5900 152.6872 -0.5911
v  -859.4483 152.8941 -3.2397
v  -858.2045 154.5567 -5.8883
v  -856.2642 157.1297 -5.5545
v  -858.8240 94.6899 3.9699
v  -859.4866 90.7881 6.2631
v  -858.9500 90.8460 6.0265
v  -860.2985 90.8220 6.3942
v  -861.0202 90.2139 5.6568
v  -859.6875 89.3918 5.5256
v  -859.1508 89.4497 5.2891
v  -886.0605 160.4313 13.3890
v  -885.7436 160.4435 13.4929
v  -888.9117 91.8310 4.5594
v  -894.4515 99.3202 2.9002
v  -895.9789 99.3202 -1.7626
v  -894.4515 99.3202 -6.5527
v  -880.4059 181.2270 -12.6691
v  -880.4166 181.2781 -10.6248
v  -918.5850 121.4746 -4.9666
v  -920.3997 120.5440 -2.7820
v  -920.7280 120.3666 -0.5973
v  -920.3997 120.5440 1.5293
v  -918.5850 121.4746 3.6560
v  -916.7204 122.4070 4.2360
v  -913.8430 123.8579 4.5653
v  -911.9854 124.7857 1.9871
v  -911.7565 124.8883 -0.5911
v  -911.9854 124.7857 -3.2397
v  -913.8429 123.8579 -5.8883
v  -916.7204 122.4070 -5.5545
v  -897.5530 76.4526 -4.4414
v  -897.5953 76.4191 3.1202
v  -892.1285 160.4199 6.9675
v  -889.6633 160.4199 9.9861
v  -890.0610 157.3884 11.6281
v  -892.1167 157.2336 13.5622
v  -895.8531 84.7937 -0.8745
v  -895.8531 84.7938 -9.2936
v  -889.9506 91.8310 -8.4833
v  -889.9269 89.7699 2.1185
v  -897.0955 85.2332 -5.0008
v  -890.5336 -0.0485 -7.5333
v  -920.3484 131.2174 -4.9666
v  -922.3642 131.5263 -2.7820
v  -922.7343 131.5748 -0.5973
v  -922.3642 131.5263 1.5293
v  -920.3484 131.2174 3.6560
v  -918.2910 130.8809 4.2360
v  -915.1089 130.3713 4.5653
v  -913.0599 130.0350 1.9871
v  -912.8145 129.9841 -0.5911
v  -913.0599 130.0351 -3.2397
v  -915.1089 130.3713 -5.8883
v  -918.2910 130.8809 -5.5545
v  -920.8547 128.8448 -4.9666
v  -922.8938 128.8111 -2.7820
v  -923.2668 128.7968 -0.5973
v  -922.8938 128.8111 1.5293
v  -920.8547 128.8448 3.6560
v  -918.7701 128.8583 4.2360
v  -915.5477 128.8899 4.5653
v  -913.4713 128.9023 1.9871
v  -913.2207 128.8932 -0.5911
v  -913.4713 128.9023 -3.2397
v  -915.5477 128.8899 -5.8883
v  -918.7701 128.8583 -5.5545
v  -920.7834 125.1403 -4.9666
v  -922.7270 124.5225 -2.7820
v  -923.0802 124.4017 -0.5973
v  -922.7270 124.5225 1.5293
v  -920.7834 125.1403 3.6560
v  -918.7905 125.7517 4.2360
v  -915.7128 126.7072 4.5653
v  -913.7274 127.3152 1.9871
v  -913.4847 127.3785 -0.5911
v  -913.7274 127.3152 -3.2397
v  -915.7128 126.7072 -5.8883
v  -918.7905 125.7517 -5.5545
v  -883.2629 88.1920 1.7330
v  -883.3096 85.5675 -2.9681
v  -883.7905 85.5675 -5.0077
v  -883.3096 85.5675 -7.1029
v  -883.2629 88.1920 -5.4280
v  -888.2621 167.4706 8.9370
v  -890.0127 168.4892 10.5485
v  -891.6515 160.7789 11.7754
v  -886.4138 170.2621 -6.4139
v  -893.9515 166.6652 -6.0876
v  -887.1255 170.2621 -4.1166
v  -893.9515 166.6652 3.0317
v  -887.1255 170.2621 0.3856
v  -887.8373 170.2621 -1.8193
v  -895.4250 166.6652 -1.4666
v  -892.4779 166.6652 7.5299
v  -902.3220 160.3848 -4.9666
v  -902.9720 162.3178 -2.7819
v  -903.0987 162.6689 -0.5973
v  -902.9720 162.3178 1.5293
v  -902.3220 160.3848 3.6560
v  -900.6708 155.3409 4.5653
v  -900.0298 153.3659 1.9871
v  -899.9625 153.1244 -0.5911
v  -900.0298 153.3659 -3.2397
v  -900.6708 155.3409 -5.8883
v  -901.6774 158.4023 -5.5545
v  -907.3190 160.7098 -0.5973
v  -904.5974 157.1297 4.2360
v  -902.6570 154.5567 4.5653
v  -901.4133 152.8941 1.9871
v  -901.2716 152.6872 -0.5911
v  -901.4133 152.8941 -3.2397
v  -902.6570 154.5567 -5.8883
v  -904.5974 157.1297 -5.5545
v  -902.0375 94.6899 3.9699
v  -901.9116 90.8460 6.0265
v  -901.3749 90.7881 6.2631
v  -900.5630 90.8220 6.3942
v  -899.8414 90.2139 5.6568
v  -901.1741 89.3918 5.5256
v  -901.7108 89.4497 5.2891
# 1210 vertices

vn -0.0000 0.3901 0.9208
vn -0.0000 -0.0000 1.0000
vn 0.2867 0.4644 0.8380
vn -0.0000 -0.3901 0.9208
vn -0.0000 0.0000 1.0000
vn 0.2867 -0.4644 0.8380
vn -0.0000 0.5496 0.8354
vn 0.3886 0.3886 0.8354
vn 0.6798 0.6798 0.2752
vn -0.0000 0.9614 0.2752
vn 0.5048 0.1084 0.8564
vn 0.9425 0.1822 0.2803
vn 0.5048 -0.1084 0.8564
vn 0.3886 -0.3886 0.8354
vn 0.6788 -0.6812 0.2742
vn 0.9425 -0.1822 0.2803
vn -0.0000 -0.5496 0.8354
vn -0.0000 -0.9763 0.2163
vn 0.7071 0.7071 0.0000
vn 0.0000 1.0000 -0.0000
vn 0.9808 0.1951 0.0000
vn 0.7046 -0.7096 0.0000
vn 0.9808 -0.1951 0.0000
vn 0.0000 0.9614 -0.2752
vn 0.6798 0.6798 -0.2752
vn 0.3886 0.3886 -0.8354
vn 0.0000 0.5496 -0.8354
vn 0.9425 0.1822 -0.2803
vn 0.5048 0.1084 -0.8564
vn 0.9425 -0.1822 -0.2803
vn 0.6788 -0.6812 -0.2742
vn 0.3886 -0.3886 -0.8354
vn 0.5048 -0.1084 -0.8564
vn 0.0000 -0.9763 -0.2163
vn 0.0000 -0.5496 -0.8354
vn 0.0000 0.0000 -1.0000
vn 0.8461 -0.5328 -0.0148
vn 0.3771 -0.9261 0.0056
vn 0.8529 -0.5221 0.0000
vn 0.8744 -0.4853 0.0000
vn 0.1255 0.9920 -0.0119
vn 0.6584 0.2610 -0.7060
vn 0.6837 -0.7038 -0.1929
vn 0.3925 -0.5084 -0.7665
vn 0.6846 -0.7039 0.1896
vn -0.1657 0.9500 0.2648
vn -0.8071 -0.2263 0.5454
vn 0.0373 0.6121 0.7899
vn 0.1485 0.3668 0.9184
vn -0.8375 0.0366 0.5452
vn 0.0000 0.5627 -0.8266
vn 0.4105 0.6534 -0.6361
vn 0.4461 0.2324 -0.8643
vn 0.0000 0.2140 -0.9768
vn -0.8263 -0.5628 0.0228
vn -0.8160 -0.5780 0.0025
vn -0.9346 -0.3558 0.0005
vn -0.9286 -0.3256 -0.1781
vn -0.8166 -0.5770 -0.0174
vn -0.9279 -0.3248 0.1828
vn -0.9128 -0.0078 0.4083
vn 0.0248 0.2040 0.9787
vn -0.0000 -0.1805 0.9836
vn -0.8815 -0.0793 0.4654
vn 0.0000 0.1004 -0.9950
vn 0.6030 0.0153 -0.7976
vn 0.6786 0.0161 -0.7343
vn 0.0000 0.0220 -0.9998
vn 0.4827 -0.8568 -0.1815
vn 0.9610 0.0061 -0.2764
vn 0.2173 -0.9705 -0.1041
vn 1.0000 -0.0001 0.0030
vn 0.5054 -0.8562 0.1070
vn 0.9590 -0.0062 0.2834
vn 0.8444 0.1212 0.5218
vn 0.8957 -0.0098 0.4446
vn 0.0000 -0.9129 -0.4081
vn 0.1486 -0.9767 -0.1547
vn -0.0239 -0.4689 -0.8830
vn 0.0000 -0.5947 -0.8039
vn -0.6852 0.7023 0.1930
vn -0.4263 0.7557 0.4971
vn -0.0529 0.9966 0.0632
vn -0.6410 0.7673 -0.0182
vn 0.1505 0.9875 0.0462
vn -0.6468 0.7364 -0.1986
vn -0.2628 0.5997 0.7558
vn -0.7697 0.5140 0.3786
vn -0.9770 0.0451 0.2083
vn -0.9970 -0.0023 0.0774
vn 0.0797 -0.0212 0.9966
vn 0.0959 0.1864 0.9778
vn -0.7618 0.6465 0.0409
vn 0.0363 0.5415 0.8399
vn 0.6807 0.6999 0.2162
vn -0.6700 0.7143 -0.2024
vn 0.7141 0.5557 0.4257
vn -0.4066 0.6080 0.6820
vn -0.4066 -0.6080 0.6820
vn 0.7141 -0.5557 0.4257
vn -0.0000 -0.7071 0.7071
vn -0.0000 0.7071 0.7071
vn 0.3692 -0.6153 0.6965
vn 0.3692 0.6153 0.6965
vn 0.7292 -0.6466 0.2239
vn 0.7292 0.6466 0.2239
vn 0.7071 -0.7071 0.0000
vn 0.7301 -0.6489 -0.2141
vn 0.7301 0.6489 -0.2141
vn 0.8992 -0.0934 -0.4275
vn -0.5686 0.4924 0.6589
vn -0.7887 0.5533 0.2679
vn -0.6488 0.7280 0.2216
vn -0.3558 0.8347 0.4204
vn -0.8495 0.5274 -0.0106
vn -0.6224 0.7827 -0.0073
vn -0.7890 0.5662 -0.2384
vn -0.8007 0.5932 0.0835
vn 0.0963 -0.4071 0.9083
vn 0.8145 -0.5193 0.2587
vn 0.8759 -0.4825 0.0082
vn 0.7686 0.6398 0.0045
vn 0.8234 -0.5089 -0.2510
vn 0.6835 0.6996 -0.2084
vn 0.6033 -0.4499 -0.6585
vn 0.5311 0.6017 -0.5966
vn 0.4545 0.2872 -0.8432
vn 0.7640 0.4780 -0.4334
vn 0.8214 0.3602 -0.4423
vn 0.4771 0.2130 -0.8526
vn 0.8482 0.5297 0.0022
vn 0.9164 0.4004 0.0023
vn 0.7608 0.4760 0.4412
vn 0.8177 0.3586 0.4503
vn 0.4483 0.2833 0.8478
vn 0.4705 0.2101 0.8570
vn 0.1631 0.1032 0.9812
vn 0.1692 0.0773 0.9826
vn -0.3008 -0.1851 0.9355
vn -0.3504 -0.1696 0.9211
vn -0.7829 -0.4891 0.3845
vn -0.8236 -0.4254 0.3752
vn -0.8496 -0.5274 0.0013
vn -0.8868 -0.4622 0.0013
vn -0.7856 -0.4907 -0.3770
vn -0.8261 -0.4267 -0.3680
vn -0.3052 -0.1878 -0.9336
vn -0.3553 -0.1720 -0.9188
vn 0.1652 0.1045 -0.9807
vn 0.1713 0.0783 -0.9821
vn 0.1402 -0.7595 -0.6352
vn 0.3869 -0.8621 -0.3273
vn -0.7793 -0.5609 0.2794
vn -0.5502 -0.6323 0.5455
vn 0.4247 -0.9053 0.0016
vn -0.8657 -0.5006 -0.0015
vn 0.3851 -0.8604 0.3338
vn -0.7761 -0.5632 -0.2838
vn 0.1349 -0.7583 0.6378
vn -0.5461 -0.6323 -0.5495
vn -0.0919 -0.7044 0.7038
vn -0.3410 -0.6536 -0.6757
vn -0.5074 -0.4527 0.7332
vn -0.0481 -0.8606 -0.5070
vn -0.8947 -0.3323 0.2985
vn 0.3105 -0.9221 -0.2309
vn -0.9333 -0.3591 0.0010
vn 0.4192 -0.9079 -0.0008
vn -0.8965 -0.3326 -0.2927
vn 0.3140 -0.9218 0.2271
vn -0.5118 -0.4498 -0.7319
vn -0.0469 -0.8630 0.5031
vn -0.0903 -0.7049 -0.7036
vn -0.3425 -0.6533 0.6751
vn -0.8522 -0.3999 0.3375
vn -0.5772 -0.4967 0.6482
vn -0.9163 -0.4004 -0.0017
vn -0.8496 -0.3999 -0.3439
vn -0.5718 -0.4994 -0.6508
vn -0.3379 -0.6136 -0.7136
vn 0.0964 -0.6795 -0.7273
vn 0.4661 -0.8377 -0.2846
vn 0.4759 -0.8795 -0.0009
vn 0.4672 -0.8390 0.2788
vn 0.1010 -0.6799 0.7263
vn -0.3396 -0.6128 0.7136
vn 0.2899 -0.9155 -0.2789
vn 0.0768 -0.8394 -0.5380
vn 0.3951 -0.9186 0.0015
vn 0.2860 -0.9154 0.2833
vn 0.0736 -0.8370 0.5422
vn -0.0983 -0.7318 0.6744
vn -0.4539 -0.7253 0.5176
vn -0.7947 -0.5558 0.2441
vn -0.8795 -0.4760 0.0009
vn -0.7976 -0.5534 -0.2400
vn -0.4563 -0.7265 -0.5137
vn -0.0969 -0.7325 -0.6738
vn 0.8144 -0.4051 -0.4155
vn 0.5463 -0.1108 -0.8302
vn 0.8750 -0.4840 0.0021
vn 0.8116 -0.4028 0.4232
vn 0.5389 -0.1078 0.8355
vn 0.2359 0.1096 0.9656
vn -0.2650 0.3527 0.8974
vn -0.8201 0.4422 0.3632
vn -0.8995 0.4369 0.0012
vn -0.8230 0.4427 -0.3560
vn -0.2693 0.3573 -0.8943
vn 0.2388 0.1109 -0.9647
vn -0.2448 -0.5781 -0.7784
vn -0.0874 -0.9233 0.3741
vn -0.7423 0.0855 0.6645
vn -0.8789 0.1973 -0.4343
vn 0.6139 -0.0558 -0.7874
vn 0.8752 -0.3509 -0.3330
vn 0.9386 -0.1352 -0.3175
vn 0.6561 -0.0939 -0.7488
vn 0.9134 -0.4070 0.0015
vn 0.9897 -0.1430 0.0015
vn 0.8730 -0.3490 0.3407
vn 0.9362 -0.1349 0.3245
vn 0.6758 0.0273 0.7366
vn 0.7454 -0.2289 0.6261
vn 0.5001 -0.7760 0.3842
vn -0.1526 -0.9096 0.3864
vn 0.0097 -0.4713 -0.8819
vn 0.5882 -0.3754 -0.7163
vn -0.7602 -0.5783 0.2960
vn -0.5769 -0.2033 -0.7911
vn -0.4705 0.4503 0.7589
vn -0.8979 0.3545 0.2611
vn -0.9546 0.1361 0.2651
vn -0.6500 -0.1374 0.7474
vn -0.9379 0.3469 0.0008
vn -0.9898 0.1428 0.0008
vn -0.8995 0.3546 -0.2553
vn -0.9562 0.1363 -0.2591
vn -0.4193 0.3214 -0.8491
vn -0.4514 0.0643 -0.8900
vn 0.2786 0.1268 -0.9520
vn 0.2815 -0.0403 -0.9587
vn 0.1272 -0.7011 0.7016
vn -0.2758 -0.4666 0.8404
vn 0.6177 -0.1136 0.7781
vn -0.5587 -0.3931 0.7303
vn -0.5604 -0.3914 -0.7299
vn -0.2748 -0.4548 -0.8471
vn 0.6263 -0.1146 -0.7711
vn -0.7535 -0.2010 -0.6260
vn -0.5610 -0.1227 0.8187
vn 0.8722 -0.3054 0.3820
vn 0.7536 -0.2953 -0.5872
vn 0.7262 0.0226 0.6871
vn -0.7145 -0.2196 -0.6643
vn -0.6973 -0.1298 0.7049
vn 0.9418 -0.3361 0.0103
vn 0.6471 -0.2911 -0.7046
vn 0.7711 -0.0465 0.6350
vn -0.6696 -0.2208 -0.7091
vn -0.7351 -0.1055 0.6697
vn 0.8863 -0.2804 -0.3686
vn 0.6262 -0.2483 -0.7390
vn 0.8114 -0.0535 0.5820
vn -0.5401 -0.2175 -0.8130
vn -0.7688 -0.0658 0.6361
vn 0.6108 -0.1814 -0.7707
vn 0.9057 -0.0838 0.4155
vn -0.6400 0.1169 -0.7594
vn -0.4744 0.3509 0.8074
vn 0.7553 -0.2776 -0.5937
vn 0.6723 -0.3165 0.6692
vn -0.6719 0.1352 -0.7282
vn -0.4372 0.3438 0.8311
vn 0.7997 -0.3058 -0.5167
vn 0.6372 -0.2932 0.7127
vn -0.5271 0.0675 -0.8471
vn -0.5098 0.3556 0.7834
vn 0.5839 -0.3197 -0.7462
vn 0.7515 -0.3625 0.5511
vn -0.6957 0.1503 -0.7024
vn -0.3289 0.3176 0.8893
vn 0.8703 -0.3633 -0.3326
vn 0.6400 -0.1667 0.7501
vn -0.4328 0.6820 -0.5896
vn -0.2365 0.2918 0.9268
vn 0.4873 -0.7869 0.3786
vn 0.3806 -0.4100 -0.8289
vn -0.4415 0.6969 -0.5651
vn -0.2136 0.2415 0.9466
vn 0.4511 -0.7710 0.4496
vn 0.4163 -0.4620 -0.7831
vn -0.2746 0.3618 -0.8909
vn -0.2425 0.3068 0.9204
vn 0.3786 -0.1788 -0.9081
vn -0.4561 0.7184 -0.5252
vn -0.2761 0.3647 0.8892
vn 0.3182 -0.6712 0.6695
vn -0.8857 0.1915 -0.4230
vn -0.7257 0.0766 0.6838
vn -0.2130 -0.6019 -0.7696
vn -0.1217 -0.9208 0.3706
vn -0.9001 0.2149 -0.3789
vn -0.7440 0.0822 0.6631
vn 0.6040 -0.7946 -0.0625
vn -0.0226 -0.9638 0.2657
vn -0.8947 0.1877 -0.4052
vn -0.6626 0.0169 0.7488
vn 0.4431 -0.4982 -0.7453
vn -0.1398 -0.6842 -0.7158
vn 0.3334 0.4350 -0.8364
vn 0.5530 0.7145 -0.4285
vn 0.5508 0.7117 0.4361
vn 0.3289 0.4291 0.8412
vn 0.5508 -0.1063 0.8278
vn -0.0972 -0.1284 0.9870
vn -0.6736 0.0384 0.7381
vn -0.6821 0.1335 -0.7189
vn 0.1039 0.1815 -0.9779
vn 0.8623 -0.0695 -0.5016
vn -0.5795 -0.7638 0.2843
vn 0.4094 -0.9023 0.1353
vn -0.1019 -0.7917 0.6023
vn -0.9598 -0.2806 -0.0075
vn 0.8951 -0.0131 0.4456
vn 0.0756 -0.0317 0.9966
vn -0.4255 0.4491 0.7857
vn -0.5344 0.4802 0.6956
vn -0.8437 -0.0906 0.5292
vn -0.1382 0.8081 0.5726
vn 0.0432 -0.0747 0.9963
vn -0.6941 0.3128 0.6484
vn -0.8240 -0.0101 0.5665
vn -0.0573 -0.0173 0.9982
vn -0.9474 -0.3200 0.0062
vn -1.0000 -0.0001 0.0001
vn -0.6885 -0.3316 -0.6449
vn -0.8188 0.0100 -0.5739
vn -0.1373 0.0964 -0.9858
vn -0.0582 0.0171 -0.9982
vn 0.7995 0.0017 -0.6007
vn 0.9998 -0.0206 -0.0003
vn 1.0000 -0.0000 -0.0003
vn 0.8000 -0.0000 -0.6000
vn 0.8007 -0.0015 0.5991
vn 0.8002 -0.0000 0.5998
vn -0.0575 0.0000 0.9983
vn -0.8211 0.0000 0.5707
vn -1.0000 -0.0000 0.0004
vn -0.8218 -0.0000 -0.5698
vn -0.0582 -0.0000 -0.9983
vn 0.8002 0.0000 0.5998
vn -1.0000 0.0000 0.0004
vn 0.7176 -0.6964 -0.0003
vn 0.6573 -0.5792 -0.4822
vn 0.6575 -0.5791 0.4820
vn -0.0325 -0.6524 0.7572
vn -0.6560 -0.6024 0.4548
vn -0.7119 -0.7023 0.0003
vn -0.6565 -0.6024 -0.4540
vn -0.0330 -0.6523 -0.7572
vn 0.7214 -0.6925 -0.0003
vn 0.4204 -0.8651 -0.2736
vn 0.4204 -0.8652 0.2734
vn -0.0182 -0.7880 0.6155
vn -0.4292 -0.8545 0.2927
vn -0.6989 -0.7152 0.0003
vn -0.4296 -0.8544 -0.2922
vn -0.0186 -0.7882 -0.6152
vn 0.9892 0.1467 -0.0015
vn 0.8042 0.2827 -0.5228
vn 0.7595 0.0565 0.6480
vn -0.0620 0.6575 0.7509
vn -0.8513 0.3944 0.3461
vn -0.9919 0.1262 -0.0110
vn -0.8207 0.2704 -0.5033
vn -0.0677 0.3235 -0.9438
vn 0.9892 0.1467 0.0009
vn 0.7488 0.2629 -0.6084
vn 0.9849 0.1388 0.1036
vn -0.6960 0.4802 0.5339
vn 0.3841 0.4739 0.7924
vn -0.9825 0.1853 0.0192
vn -0.0572 0.2785 -0.9587
vn -0.7871 0.2451 -0.5661
vn 0.7236 -0.6902 -0.0003
vn 0.6589 -0.5763 -0.4834
vn 0.7403 -0.6678 0.0778
vn 0.3747 -0.5718 0.7298
vn -0.6584 -0.5987 0.4562
vn -0.7122 -0.7019 0.0108
vn -0.6656 -0.5977 -0.4470
vn -0.0333 -0.6473 -0.7615
vn 0.5988 -0.7795 0.1839
vn 0.2619 -0.8291 0.4939
vn 0.8992 0.0934 -0.4275
vn 0.7071 0.7071 -0.0000
vn 0.5988 0.7795 0.1839
vn 0.2619 0.8291 0.4939
vn 0.7310 0.5531 0.3995
vn 0.7310 -0.5531 0.3995
vn -0.3846 -0.6123 0.6908
vn -0.3846 0.6123 0.6908
vn -0.2410 -0.1875 0.9522
vn -0.2410 0.1875 0.9522
vn 0.2953 -0.4415 0.8473
vn 0.2953 0.4415 0.8473
vn 0.6401 0.3555 0.6811
vn 0.6491 0.3929 0.6514
vn 0.3506 0.1134 0.9296
vn -0.0000 -0.1826 0.9832
vn -0.7123 -0.1283 0.6900
vn 0.6793 0.0139 -0.7337
vn 0.0000 0.0190 -0.9998
vn 0.9610 0.0053 -0.2765
vn 1.0000 -0.0001 0.0037
vn 0.9590 -0.0054 0.2834
vn 0.8955 -0.0085 0.4450
vn -0.9763 -0.0039 0.2164
vn 0.0800 -0.0191 0.9966
vn -0.0000 0.1566 0.9877
vn -0.0000 -0.0988 0.9951
vn -0.7114 0.1066 0.6946
vn 0.6809 0.0215 -0.7321
vn 0.5077 -0.6421 -0.5744
vn 0.0000 -0.6931 -0.7209
vn 0.0000 0.0294 -0.9996
vn 0.9610 0.0081 -0.2763
vn 0.5485 -0.8123 -0.1983
vn 1.0000 -0.0001 0.0054
vn 0.6330 -0.7731 -0.0394
vn 0.9590 -0.0083 0.2833
vn 0.5002 -0.8595 0.1053
vn -0.9760 -0.0045 0.2179
vn -0.2867 0.4644 0.8380
vn -0.2867 -0.4644 0.8380
vn -0.6798 0.6798 0.2752
vn -0.3886 0.3886 0.8354
vn -0.9425 0.1822 0.2803
vn -0.5048 0.1084 0.8564
vn -0.5048 -0.1084 0.8564
vn -0.9425 -0.1822 0.2803
vn -0.6788 -0.6812 0.2742
vn -0.3886 -0.3886 0.8354
vn -0.7071 0.7071 -0.0000
vn -0.9808 0.1951 -0.0000
vn -0.9808 -0.1951 -0.0000
vn -0.7046 -0.7096 -0.0000
vn -0.3886 0.3886 -0.8354
vn -0.6798 0.6798 -0.2752
vn -0.5048 0.1084 -0.8564
vn -0.9425 0.1822 -0.2803
vn -0.9425 -0.1822 -0.2803
vn -0.5048 -0.1084 -0.8564
vn -0.3886 -0.3886 -0.8354
vn -0.6788 -0.6812 -0.2742
vn -0.3771 -0.9261 0.0056
vn -0.8461 -0.5328 -0.0148
vn -0.8744 -0.4853 -0.0000
vn -0.8529 -0.5221 -0.0000
vn -0.6584 0.2610 -0.7060
vn -0.1255 0.9920 -0.0119
vn -0.3925 -0.5084 -0.7665
vn -0.6837 -0.7038 -0.1929
vn -0.6846 -0.7039 0.1896
vn 0.1657 0.9500 0.2648
vn -0.7667 0.3753 0.5209
vn 0.3590 0.4024 0.8421
vn -0.1673 0.8357 0.5231
vn -0.4461 0.2324 -0.8643
vn -0.4105 0.6534 -0.6361
vn 0.8263 -0.5628 0.0228
vn 0.9286 -0.3256 -0.1781
vn 0.9346 -0.3558 0.0005
vn 0.8160 -0.5780 0.0025
vn 0.9279 -0.3248 0.1828
vn 0.8166 -0.5770 -0.0174
vn 0.8966 -0.0588 0.4390
vn 0.8815 -0.0793 0.4654
vn -0.6786 0.0161 -0.7343
vn -0.6030 0.0153 -0.7976
vn -0.9610 0.0061 -0.2764
vn -0.4827 -0.8568 -0.1815
vn -1.0000 -0.0001 0.0030
vn -0.2173 -0.9705 -0.1041
vn -0.9590 -0.0062 0.2834
vn -0.5054 -0.8562 0.1070
vn -0.8957 -0.0098 0.4446
vn -0.8444 0.1212 0.5218
vn 0.0239 -0.4689 -0.8830
vn -0.1486 -0.9767 -0.1547
vn 0.4263 0.7557 0.4971
vn 0.6852 0.7023 0.1930
vn 0.6410 0.7673 -0.0182
vn 0.0529 0.9966 0.0632
vn 0.6468 0.7364 -0.1986
vn -0.1505 0.9875 0.0462
vn 0.7697 0.5140 0.3786
vn 0.2628 0.5997 0.7558
vn 0.9770 0.0451 0.2083
vn -0.0959 0.1864 0.9778
vn -0.0797 -0.0212 0.9966
vn 0.9970 -0.0023 0.0774
vn 0.7618 0.6465 0.0409
vn 0.6700 0.7143 -0.2024
vn -0.6807 0.6999 0.2162
vn -0.0363 0.5415 0.8399
vn 0.0000 -0.0000 1.0000
vn -0.7141 0.5557 0.4257
vn -0.7141 -0.5557 0.4257
vn 0.4066 -0.6080 0.6820
vn 0.4066 0.6080 0.6820
vn 0.0000 0.7071 0.7071
vn -0.3692 0.6153 0.6965
vn -0.3692 -0.6153 0.6965
vn -0.7292 0.6466 0.2239
vn -0.7292 -0.6466 0.2239
vn -0.7071 -0.7071 -0.0000
vn -0.7301 0.6489 -0.2141
vn -0.7301 -0.6489 -0.2141
vn -0.8992 -0.0934 -0.4275
vn 0.5686 0.4924 0.6589
vn 0.3558 0.8347 0.4204
vn 0.6488 0.7280 0.2216
vn 0.7887 0.5533 0.2679
vn 0.6224 0.7827 -0.0073
vn 0.8495 0.5274 -0.0106
vn 0.7890 0.5662 -0.2384
vn 0.8007 0.5932 0.0835
vn -0.0963 -0.4071 0.9083
vn -0.8145 -0.5193 0.2587
vn -0.7686 0.6398 0.0045
vn -0.8759 -0.4825 0.0082
vn -0.6835 0.6996 -0.2084
vn -0.8234 -0.5089 -0.2510
vn -0.5311 0.6017 -0.5966
vn -0.6033 -0.4499 -0.6585
vn -0.4545 0.2872 -0.8432
vn -0.4771 0.2130 -0.8526
vn -0.8214 0.3602 -0.4423
vn -0.7640 0.4780 -0.4334
vn -0.9164 0.4004 0.0023
vn -0.8482 0.5297 0.0022
vn -0.8177 0.3586 0.4503
vn -0.7608 0.4760 0.4412
vn -0.4705 0.2101 0.8570
vn -0.4483 0.2833 0.8478
vn -0.1692 0.0773 0.9826
vn -0.1631 0.1032 0.9812
vn 0.3504 -0.1696 0.9211
vn 0.3008 -0.1851 0.9355
vn 0.8236 -0.4254 0.3752
vn 0.7829 -0.4891 0.3845
vn 0.8868 -0.4622 0.0013
vn 0.8496 -0.5274 0.0013
vn 0.8261 -0.4267 -0.3680
vn 0.7856 -0.4907 -0.3770
vn 0.3553 -0.1720 -0.9188
vn 0.3052 -0.1878 -0.9336
vn -0.1713 0.0783 -0.9821
vn -0.1652 0.1045 -0.9807
vn -0.1402 -0.7595 -0.6352
vn 0.5502 -0.6323 0.5455
vn 0.7793 -0.5609 0.2794
vn -0.3869 -0.8621 -0.3273
vn 0.8657 -0.5006 -0.0015
vn -0.4247 -0.9053 0.0016
vn 0.7761 -0.5632 -0.2838
vn -0.3851 -0.8604 0.3338
vn 0.5461 -0.6323 -0.5495
vn -0.1349 -0.7583 0.6378
vn 0.3410 -0.6536 -0.6757
vn 0.0919 -0.7044 0.7038
vn 0.0481 -0.8606 -0.5070
vn 0.5074 -0.4527 0.7332
vn -0.3105 -0.9221 -0.2309
vn 0.8947 -0.3323 0.2985
vn -0.4192 -0.9079 -0.0008
vn 0.9333 -0.3591 0.0010
vn -0.3140 -0.9218 0.2271
vn 0.8965 -0.3326 -0.2927
vn 0.0469 -0.8630 0.5031
vn 0.5118 -0.4498 -0.7319
vn 0.3425 -0.6533 0.6751
vn 0.0903 -0.7049 -0.7036
vn 0.5772 -0.4967 0.6482
vn 0.8522 -0.3999 0.3375
vn 0.9163 -0.4004 -0.0017
vn 0.8496 -0.3999 -0.3439
vn 0.5718 -0.4994 -0.6508
vn 0.3379 -0.6136 -0.7136
vn -0.0964 -0.6795 -0.7273
vn -0.4661 -0.8377 -0.2846
vn -0.4759 -0.8795 -0.0009
vn -0.4672 -0.8390 0.2788
vn -0.1010 -0.6799 0.7263
vn 0.3396 -0.6128 0.7136
vn -0.0768 -0.8394 -0.5380
vn -0.2899 -0.9155 -0.2789
vn -0.3951 -0.9186 0.0015
vn -0.2860 -0.9154 0.2833
vn -0.0736 -0.8370 0.5422
vn 0.0983 -0.7318 0.6744
vn 0.4539 -0.7253 0.5176
vn 0.7947 -0.5558 0.2441
vn 0.8795 -0.4760 0.0009
vn 0.7976 -0.5534 -0.2400
vn 0.4563 -0.7265 -0.5137
vn 0.0969 -0.7325 -0.6738
vn -0.5463 -0.1108 -0.8302
vn -0.8144 -0.4051 -0.4155
vn -0.8750 -0.4840 0.0021
vn -0.8116 -0.4028 0.4232
vn -0.5389 -0.1078 0.8355
vn -0.2359 0.1096 0.9656
vn 0.2650 0.3527 0.8974
vn 0.8201 0.4422 0.3632
vn 0.8995 0.4369 0.0012
vn 0.8230 0.4427 -0.3560
vn 0.2693 0.3573 -0.8943
vn -0.2388 0.1109 -0.9647
vn 0.2448 -0.5781 -0.7784
vn 0.8789 0.1973 -0.4343
vn 0.7423 0.0855 0.6645
vn 0.0874 -0.9233 0.3741
vn -0.6139 -0.0558 -0.7874
vn -0.6561 -0.0939 -0.7488
vn -0.9386 -0.1352 -0.3175
vn -0.8752 -0.3509 -0.3330
vn -0.9897 -0.1430 0.0015
vn -0.9134 -0.4070 0.0015
vn -0.9362 -0.1349 0.3245
vn -0.8730 -0.3490 0.3407
vn -0.7454 -0.2289 0.6261
vn -0.6758 0.0273 0.7366
vn -0.5001 -0.7760 0.3842
vn -0.5882 -0.3754 -0.7163
vn -0.0097 -0.4713 -0.8819
vn 0.1526 -0.9096 0.3864
vn 0.5769 -0.2033 -0.7911
vn 0.7602 -0.5783 0.2960
vn 0.4705 0.4503 0.7589
vn 0.6500 -0.1374 0.7474
vn 0.9546 0.1361 0.2651
vn 0.8979 0.3545 0.2611
vn 0.9898 0.1428 0.0008
vn 0.9379 0.3469 0.0008
vn 0.9562 0.1363 -0.2591
vn 0.8995 0.3546 -0.2553
vn 0.4514 0.0643 -0.8900
vn 0.4193 0.3214 -0.8491
vn -0.2815 -0.0403 -0.9587
vn -0.2786 0.1268 -0.9520
vn -0.6177 -0.1136 0.7781
vn 0.2758 -0.4666 0.8404
vn -0.1272 -0.7011 0.7016
vn 0.5587 -0.3931 0.7303
vn 0.5604 -0.3914 -0.7299
vn 0.2748 -0.4548 -0.8471
vn -0.6263 -0.1146 -0.7712
vn 0.5610 -0.1227 0.8187
vn 0.7535 -0.2010 -0.6260
vn -0.7536 -0.2953 -0.5872
vn -0.8722 -0.3054 0.3820
vn -0.7262 0.0226 0.6871
vn 0.6973 -0.1298 0.7049
vn 0.7145 -0.2196 -0.6643
vn -0.6471 -0.2911 -0.7046
vn -0.9418 -0.3361 0.0103
vn -0.7711 -0.0465 0.6350
vn 0.7351 -0.1055 0.6697
vn 0.6696 -0.2208 -0.7091
vn -0.6262 -0.2483 -0.7390
vn -0.8863 -0.2804 -0.3686
vn -0.8114 -0.0535 0.5820
vn 0.7688 -0.0658 0.6361
vn 0.5401 -0.2175 -0.8130
vn -0.6108 -0.1814 -0.7707
vn -0.9057 -0.0838 0.4155
vn 0.4744 0.3509 0.8074
vn 0.6400 0.1169 -0.7594
vn -0.7553 -0.2776 -0.5937
vn -0.6723 -0.3165 0.6692
vn 0.4372 0.3438 0.8311
vn 0.6719 0.1352 -0.7282
vn -0.7997 -0.3058 -0.5167
vn -0.6372 -0.2932 0.7127
vn 0.5098 0.3556 0.7834
vn 0.5271 0.0675 -0.8471
vn -0.5839 -0.3197 -0.7462
vn -0.7515 -0.3625 0.5511
vn 0.3289 0.3176 0.8893
vn 0.6957 0.1503 -0.7024
vn -0.8703 -0.3633 -0.3326
vn -0.6400 -0.1667 0.7501
vn 0.2365 0.2918 0.9268
vn 0.4328 0.6820 -0.5896
vn -0.3806 -0.4100 -0.8289
vn -0.4873 -0.7869 0.3786
vn 0.2136 0.2415 0.9466
vn 0.4415 0.6969 -0.5651
vn -0.4163 -0.4620 -0.7831
vn -0.4511 -0.7710 0.4496
vn 0.2425 0.3068 0.9204
vn 0.2746 0.3618 -0.8909
vn -0.3786 -0.1788 -0.9081
vn 0.2761 0.3647 0.8892
vn 0.4561 0.7184 -0.5252
vn -0.3182 -0.6712 0.6695
vn 0.7257 0.0766 0.6838
vn 0.8857 0.1915 -0.4230
vn 0.2130 -0.6019 -0.7696
vn 0.1217 -0.9208 0.3706
vn 0.7440 0.0822 0.6631
vn 0.9001 0.2149 -0.3789
vn -0.6040 -0.7946 -0.0625
vn 0.0226 -0.9638 0.2657
vn 0.6626 0.0169 0.7488
vn 0.8947 0.1877 -0.4052
vn 0.1398 -0.6842 -0.7158
vn -0.4431 -0.4982 -0.7453
vn -0.3334 0.4350 -0.8364
vn -0.5530 0.7145 -0.4285
vn -0.5508 0.7117 0.4361
vn -0.3289 0.4291 0.8412
vn -0.5508 -0.1063 0.8278
vn 0.0972 -0.1284 0.9870
vn 0.6736 0.0384 0.7381
vn 0.6821 0.1335 -0.7189
vn -0.1039 0.1815 -0.9779
vn -0.8623 -0.0695 -0.5016
vn 0.5795 -0.7638 0.2843
vn 0.9598 -0.2806 -0.0075
vn 0.1019 -0.7917 0.6023
vn -0.4094 -0.9023 0.1353
vn -0.0756 -0.0317 0.9966
vn -0.8951 -0.0131 0.4456
vn 0.4255 0.4491 0.7857
vn 0.1382 0.8081 0.5726
vn 0.8437 -0.0906 0.5292
vn 0.5344 0.4802 0.6956
vn -0.0432 -0.0747 0.9963
vn 0.0573 -0.0173 0.9982
vn 0.8240 -0.0101 0.5665
vn 0.6941 0.3128 0.6484
vn 1.0000 -0.0001 0.0001
vn 0.9474 -0.3200 0.0062
vn 0.8188 0.0100 -0.5739
vn 0.6885 -0.3316 -0.6449
vn 0.0582 0.0171 -0.9982
vn 0.1373 0.0964 -0.9858
vn -0.7995 0.0017 -0.6007
vn -0.8000 -0.0000 -0.6000
vn -1.0000 -0.0000 -0.0003
vn -0.9998 -0.0206 -0.0003
vn -0.8002 -0.0000 0.5998
vn -0.8007 -0.0015 0.5991
vn 0.0575 0.0000 0.9983
vn 0.8211 0.0000 0.5707
vn 1.0000 -0.0000 0.0004
vn 0.8218 -0.0000 -0.5698
vn 0.0582 -0.0000 -0.9983
vn -0.8002 0.0000 0.5998
vn 1.0000 0.0000 0.0004
vn -0.6573 -0.5792 -0.4822
vn -0.7176 -0.6964 -0.0003
vn -0.6575 -0.5791 0.4820
vn 0.0325 -0.6524 0.7572
vn 0.6560 -0.6024 0.4548
vn 0.7119 -0.7023 0.0003
vn 0.6565 -0.6024 -0.4540
vn 0.0330 -0.6523 -0.7572
vn -0.4204 -0.8651 -0.2736
vn -0.7214 -0.6925 -0.0003
vn -0.4204 -0.8652 0.2734
vn 0.0182 -0.7880 0.6155
vn 0.4292 -0.8545 0.2927
vn 0.6989 -0.7152 0.0003
vn 0.4296 -0.8544 -0.2922
vn 0.0186 -0.7882 -0.6152
vn -0.8042 0.2827 -0.5228
vn -0.9892 0.1467 -0.0015
vn -0.7595 0.0565 0.6480
vn 0.0620 0.6575 0.7509
vn 0.8513 0.3944 0.3461
vn 0.9919 0.1262 -0.0110
vn 0.8207 0.2704 -0.5033
vn 0.0677 0.3235 -0.9438
vn -0.7488 0.2629 -0.6084
vn -0.9892 0.1467 0.0009
vn -0.9849 0.1388 0.1036
vn -0.3841 0.4739 0.7924
vn 0.6960 0.4802 0.5339
vn 0.9825 0.1853 0.0192
vn 0.7871 0.2451 -0.5661
vn 0.0572 0.2785 -0.9587
vn -0.6589 -0.5763 -0.4834
vn -0.7236 -0.6902 -0.0003
vn -0.7403 -0.6678 0.0778
vn -0.3747 -0.5718 0.7298
vn 0.6584 -0.5987 0.4562
vn 0.7122 -0.7019 0.0108
vn 0.6656 -0.5977 -0.4470
vn 0.0333 -0.6473 -0.7615
vn -0.2619 -0.8291 0.4939
vn -0.5988 -0.7795 0.1839
vn -0.8992 0.0934 -0.4275
vn -0.5988 0.7795 0.1839
vn -0.2619 0.8291 0.4939
vn -0.7310 0.5531 0.3995
vn -0.7310 -0.5531 0.3995
vn 0.3846 -0.6123 0.6908
vn 0.3846 0.6123 0.6908
vn 0.2410 0.1875 0.9522
vn 0.2410 -0.1875 0.9522
vn -0.2953 -0.4415 0.8473
vn -0.2953 0.4415 0.8473
vn -0.6401 0.3555 0.6811
vn -0.3506 0.1134 0.9296
vn -0.6491 0.3929 0.6514
vn 0.7123 -0.1283 0.6900
vn -0.6793 0.0139 -0.7337
vn -0.9610 0.0053 -0.2765
vn -1.0000 -0.0001 0.0037
vn -0.9590 -0.0054 0.2834
vn -0.8955 -0.0085 0.4450
vn -0.0800 -0.0191 0.9966
vn 0.9763 -0.0039 0.2164
vn 0.7114 0.1066 0.6946
vn -0.6808 0.0215 -0.7321
vn -0.5077 -0.6421 -0.5744
vn -0.9610 0.0081 -0.2763
vn -0.5485 -0.8123 -0.1983
vn -1.0000 -0.0001 0.0054
vn -0.6330 -0.7731 -0.0394
vn -0.9590 -0.0083 0.2833
vn -0.5002 -0.8595 0.1053
vn 0.9760 -0.0045 0.2179
vn 0.8164 -0.1567 0.5559
vn -0.2231 0.6808 0.6977
vn -0.6318 0.3961 0.6662
vn -0.7327 -0.0159 -0.6804
vn 0.2569 0.6242 -0.7378
vn -0.6261 -0.0748 0.7761
vn -0.1049 -0.7840 -0.6119
vn 0.1154 -0.3857 0.9154
vn 0.4470 -0.6409 -0.6241
vn 0.5627 0.4610 0.6862
vn 0.7977 -0.1180 -0.5914
vn 0.2492 0.7902 -0.5600
vn -0.8136 -0.0562 -0.5787
vn -0.8635 -0.0506 0.5019
vn 0.2333 0.8263 0.5126
vn -0.6597 0.2848 -0.6955
vn -0.1817 -0.9114 -0.3691
vn -0.1973 -0.6934 0.6930
vn -0.8136 0.4459 0.3731
vn -0.6152 -0.5372 -0.5771
vn 0.7405 -0.5700 -0.3561
vn 0.5424 -0.4303 0.7216
vn -0.7210 -0.4970 0.4829
vn 0.1189 -0.9059 -0.4064
vn 0.7978 0.2934 -0.5267
vn 0.7522 0.3608 0.5513
vn 0.0719 -0.7434 0.6650
vn 0.9338 -0.0987 -0.3439
vn -0.1062 0.7200 -0.6858
vn -0.2258 0.9004 0.3720
vn 0.6908 -0.0227 0.7227
vn -0.1756 0.7894 0.5882
vn 0.6443 0.3153 0.6968
vn -0.7635 0.2928 0.5756
vn 0.1729 -0.4305 0.8859
vn -0.5896 -0.3137 0.7443
vn -0.6913 0.0731 -0.7189
vn 0.2659 0.7744 -0.5742
vn -0.2917 -0.8861 -0.3601
vn 0.6157 -0.7833 -0.0860
vn 0.9795 0.1234 -0.1593
vn -0.8920 0.0756 -0.4457
vn 0.0468 0.9334 -0.3557
vn -0.5225 -0.8524 -0.0208
vn 0.4595 -0.8320 0.3108
vn 0.9632 0.1815 0.1983
vn -0.0000 -0.6202 0.7844
vn 0.3014 -0.5928 0.7468
vn -0.0000 0.9761 0.2172
vn -0.0000 0.6004 0.7997
vn 0.3103 -0.8918 0.3292
vn 0.4284 -0.9022 0.0505
vn 0.4620 -0.8330 -0.3045
vn 0.0000 -0.4289 -0.9034
vn -0.0000 0.4907 0.8714
vn -0.6263 0.5979 0.5003
vn -0.5311 0.5600 -0.6359
vn 0.4512 -0.2520 -0.8561
vn 0.7836 -0.4327 -0.4458
vn 0.8758 -0.4827 0.0023
vn 0.7800 -0.4308 0.4538
vn 0.4449 -0.2484 0.8604
vn 0.1599 -0.0905 0.9830
vn -0.3443 0.2018 0.9169
vn -0.7967 0.4757 0.3729
vn -0.8577 0.5142 0.0013
vn -0.7991 0.4771 -0.3658
vn -0.3491 0.2046 -0.9145
vn 0.1619 -0.0917 -0.9825
vn -0.2353 -0.3097 -0.9213
vn 0.3718 -0.7588 0.5348
vn -0.9926 -0.0692 0.0995
vn -0.9839 -0.1776 0.0181
vn 0.0533 0.4550 0.8889
vn 0.7764 -0.0434 0.6288
vn 0.6271 0.1000 -0.7725
vn -0.0838 0.2065 -0.9749
vn 0.0487 -0.4126 0.9096
vn 0.9995 0.0272 -0.0180
vn 0.0153 -0.9999 -0.0017
vn 0.8631 0.2580 -0.4341
vn 0.5106 0.1639 -0.8441
vn 0.9590 0.2833 0.0022
vn 0.8595 0.2569 0.4419
vn 0.5036 0.1617 0.8487
vn 0.1825 0.0630 0.9812
vn -0.3409 -0.1308 0.9310
vn -0.8406 -0.3927 0.3730
vn -0.9038 -0.4279 0.0012
vn -0.8433 -0.3940 -0.3656
vn -0.3457 -0.1327 -0.9289
vn 0.1849 0.0639 -0.9807
vn 0.8981 0.0683 -0.4345
vn 0.5339 0.0527 -0.8439
vn 0.9974 0.0720 0.0022
vn 0.8943 0.0680 0.4423
vn 0.5266 0.0520 0.8485
vn 0.1915 0.0240 0.9812
vn -0.3544 -0.0610 0.9331
vn -0.8966 -0.2367 0.3743
vn -0.9649 -0.2627 0.0013
vn -0.8995 -0.2374 -0.3669
vn -0.3594 -0.0619 -0.9311
vn 0.1939 0.0243 -0.9807
vn 0.8679 -0.2535 -0.4272
vn 0.5304 -0.1510 -0.8342
vn 0.9593 -0.2823 0.0022
vn 0.8644 -0.2525 0.4347
vn 0.5233 -0.1489 0.8390
vn 0.1928 -0.0534 0.9798
vn -0.2845 0.0762 0.9557
vn -0.8942 0.1952 0.4029
vn -0.9767 0.2145 0.0013
vn -0.8976 0.1961 -0.3947
vn -0.2888 0.0774 -0.9543
vn 0.1953 -0.0541 -0.9793
vn 0.1858 -0.8118 0.5536
vn -0.0000 -0.8011 0.5985
vn -0.0000 -0.9218 0.3877
vn -0.4319 -0.8906 0.1422
vn -0.0000 -1.0000 0.0000
vn 0.0000 -0.9924 -0.1232
vn -0.6804 -0.3485 -0.6447
vn -0.6208 -0.7817 0.0598
vn -0.0000 -0.5944 0.8042
vn 0.0000 -0.4922 -0.8705
vn -0.0000 0.5984 0.8012
vn -0.0000 0.8734 0.4869
vn 0.0000 -0.7982 -0.6024
vn -0.1464 -0.0410 -0.9884
vn -0.8727 -0.4583 0.1683
vn 0.0652 0.3353 0.9398
vn 0.3132 0.3045 0.8996
vn 0.5610 0.0285 -0.8273
vn 0.0000 0.0349 -0.9994
vn 0.4521 0.8802 -0.1442
vn 0.9551 0.0172 -0.2959
vn 0.4344 0.8894 0.1423
vn 0.4486 0.8937 -0.0041
vn 0.9998 0.0187 -0.0098
vn 0.9516 0.0105 0.3072
vn 0.6651 0.6722 0.3252
vn 0.4482 0.7925 -0.4136
vn 0.4371 0.3896 -0.8107
vn 0.4412 0.8974 0.0078
vn 0.4137 0.7984 0.4374
vn 0.3788 0.4038 0.8328
vn -0.1311 -0.9446 0.3008
vn 0.4363 -0.4695 0.7676
vn -0.5221 -0.8528 -0.0057
vn -0.2414 -0.9199 -0.3092
vn 0.3648 -0.4835 -0.7957
vn 0.3817 0.0669 -0.9219
vn 0.6137 0.7895 0.0022
vn 0.1197 0.1575 0.9802
vn -0.1868 -0.2538 0.9490
vn -0.5252 -0.7529 0.3967
vn -0.5722 -0.8201 0.0013
vn -0.5271 -0.7556 -0.3888
vn -0.1896 -0.2576 -0.9475
vn 0.1212 0.1595 -0.9797
vn 0.2909 0.3701 0.8823
vn 0.2585 0.3571 0.8976
vn 0.7647 0.1514 0.6263
vn -0.3168 0.3578 0.8784
vn -0.9290 0.3605 0.0839
vn -0.3727 -0.6516 -0.6607
vn 0.7674 -0.6368 0.0754
vn -0.5572 -0.1987 0.8062
vn 0.0593 -0.1883 0.9803
vn -0.3014 -0.5928 0.7468
vn -0.3103 -0.8918 0.3292
vn -0.4284 -0.9022 0.0505
vn -0.4620 -0.8330 -0.3045
vn 0.5311 0.5600 -0.6359
vn 0.6263 0.5979 0.5003
vn -0.4512 -0.2520 -0.8561
vn -0.7836 -0.4327 -0.4458
vn -0.8758 -0.4827 0.0023
vn -0.7800 -0.4308 0.4538
vn -0.4449 -0.2484 0.8604
vn -0.1599 -0.0905 0.9830
vn 0.3443 0.2018 0.9169
vn 0.7967 0.4757 0.3729
vn 0.8577 0.5142 0.0013
vn 0.7991 0.4771 -0.3658
vn 0.3491 0.2046 -0.9145
vn -0.1619 -0.0917 -0.9825
vn 0.2353 -0.3097 -0.9213
vn -0.3718 -0.7588 0.5348
vn 0.7892 0.0557 0.6116
vn 0.9839 -0.1776 0.0181
vn 0.9926 -0.0692 0.0995
vn -0.0533 0.4550 0.8889
vn -0.7764 -0.0434 0.6288
vn -0.6271 0.1000 -0.7725
vn 0.0838 0.2065 -0.9749
vn -0.0487 -0.4126 0.9096
vn -0.9995 0.0272 -0.0180
vn -0.0153 -0.9999 -0.0017
vn -0.5106 0.1639 -0.8441
vn -0.8631 0.2580 -0.4341
vn -0.9590 0.2833 0.0022
vn -0.8595 0.2569 0.4419
vn -0.5036 0.1617 0.8487
vn -0.1825 0.0630 0.9812
vn 0.3409 -0.1308 0.9310
vn 0.8406 -0.3927 0.3730
vn 0.9038 -0.4279 0.0012
vn 0.8433 -0.3940 -0.3656
vn 0.3457 -0.1327 -0.9289
vn -0.1849 0.0639 -0.9807
vn -0.5339 0.0527 -0.8439
vn -0.8981 0.0683 -0.4345
vn -0.9974 0.0720 0.0022
vn -0.8943 0.0680 0.4423
vn -0.5266 0.0520 0.8485
vn -0.1915 0.0240 0.9812
vn 0.3544 -0.0610 0.9331
vn 0.8966 -0.2367 0.3743
vn 0.9649 -0.2627 0.0013
vn 0.8995 -0.2374 -0.3669
vn 0.3594 -0.0619 -0.9311
vn -0.1939 0.0243 -0.9807
vn -0.5304 -0.1510 -0.8342
vn -0.8679 -0.2535 -0.4272
vn -0.9593 -0.2823 0.0022
vn -0.8644 -0.2525 0.4347
vn -0.5233 -0.1489 0.8390
vn -0.1928 -0.0534 0.9798
vn 0.2845 0.0762 0.9557
vn 0.8942 0.1952 0.4029
vn 0.9767 0.2145 0.0013
vn 0.8976 0.1961 -0.3947
vn 0.2888 0.0774 -0.9543
vn -0.1953 -0.0541 -0.9793
vn -0.1858 -0.8118 0.5536
vn 0.4319 -0.8906 0.1422
vn 0.6208 -0.7817 0.0598
vn 0.6804 -0.3485 -0.6447
vn 0.1464 -0.0410 -0.9884
vn 0.8727 -0.4583 0.1683
vn -0.3132 0.3045 0.8996
vn -0.0652 0.3353 0.9398
vn -0.5610 0.0285 -0.8273
vn -0.4521 0.8802 -0.1442
vn -0.9551 0.0172 -0.2959
vn -0.4344 0.8894 0.1423
vn -0.9516 0.0105 0.3072
vn -0.9998 0.0187 -0.0098
vn -0.4486 0.8937 -0.0041
vn -0.6651 0.6722 0.3252
vn -0.4371 0.3896 -0.8107
vn -0.4482 0.7925 -0.4136
vn -0.4412 0.8974 0.0078
vn -0.4137 0.7984 0.4374
vn -0.3788 0.4038 0.8328
vn -0.4363 -0.4695 0.7676
vn 0.1311 -0.9446 0.3008
vn 0.5221 -0.8528 -0.0057
vn 0.2414 -0.9199 -0.3092
vn -0.3648 -0.4835 -0.7957
vn -0.3817 0.0669 -0.9219
vn -0.6137 0.7895 0.0022
vn -0.1197 0.1575 0.9802
vn 0.1868 -0.2538 0.9490
vn 0.5252 -0.7529 0.3967
vn 0.5722 -0.8201 0.0013
vn 0.5271 -0.7556 -0.3888
vn 0.1896 -0.2576 -0.9475
vn -0.1212 0.1595 -0.9797
vn -0.2909 0.3701 0.8823
vn -0.7647 0.1514 0.6263
vn -0.2585 0.3571 0.8976
vn 0.3168 0.3578 0.8784
vn 0.9290 0.3605 0.0839
vn 0.3727 -0.6516 -0.6607
vn -0.7674 -0.6368 0.0754
# 1116 vertex normals

vt 0.7065 0.6699 0.0000
vt 0.6927 0.6896 0.0000
vt 0.6845 0.6699 0.0000
vt 0.7065 0.6978 0.0000
vt 0.5529 0.3290 0.0000
vt 0.5727 0.3152 0.0000
vt 0.5809 0.3290 0.0000
vt 0.5529 0.3070 0.0000
vt 0.8130 0.4418 0.0000
vt 0.8465 0.4418 0.0000
vt 0.8546 0.4587 0.0000
vt 0.8130 0.4587 0.0000
vt 0.5815 0.6881 0.0000
vt 0.5481 0.6881 0.0000
vt 0.5481 0.6712 0.0000
vt 0.5896 0.6712 0.0000
vt 0.5365 0.6881 0.0000
vt 0.5031 0.6881 0.0000
vt 0.4950 0.6712 0.0000
vt 0.5365 0.6712 0.0000
vt 0.8837 0.5552 0.0000
vt 0.8502 0.5552 0.0000
vt 0.8502 0.5383 0.0000
vt 0.8918 0.5383 0.0000
vt 0.8546 0.4640 0.0000
vt 0.8130 0.4640 0.0000
vt 0.5481 0.6659 0.0000
vt 0.5896 0.6659 0.0000
vt 0.4950 0.6659 0.0000
vt 0.5365 0.6659 0.0000
vt 0.8130 0.4798 0.0000
vt 0.8546 0.4798 0.0000
vt 0.8465 0.4967 0.0000
vt 0.8130 0.4967 0.0000
vt 0.5896 0.6501 0.0000
vt 0.5481 0.6501 0.0000
vt 0.5481 0.6332 0.0000
vt 0.5815 0.6332 0.0000
vt 0.5365 0.6501 0.0000
vt 0.4950 0.6501 0.0000
vt 0.5031 0.6332 0.0000
vt 0.5365 0.6332 0.0000
vt 0.8918 0.5172 0.0000
vt 0.8502 0.5172 0.0000
vt 0.8502 0.5003 0.0000
vt 0.8837 0.5003 0.0000
vt 0.8579 0.8260 0.0000
vt 0.8140 0.8082 0.0000
vt 0.8394 0.7824 0.0000
vt 0.8756 0.7821 0.0000
vt 0.8686 0.8303 0.0000
vt 0.8863 0.7864 0.0000
vt 0.9121 0.8118 0.0000
vt 0.9124 0.8480 0.0000
vt 0.8546 0.4693 0.0000
vt 0.8546 0.4745 0.0000
vt 0.8130 0.4745 0.0000
vt 0.8130 0.4693 0.0000
vt 0.5481 0.6607 0.0000
vt 0.5481 0.6554 0.0000
vt 0.5896 0.6554 0.0000
vt 0.5896 0.6607 0.0000
vt 0.4950 0.6607 0.0000
vt 0.4950 0.6554 0.0000
vt 0.5365 0.6554 0.0000
vt 0.5365 0.6607 0.0000
vt 0.8918 0.5225 0.0000
vt 0.8664 0.5252 0.0000
vt 0.8791 0.5199 0.0000
vt 0.8918 0.5277 0.0000
vt 0.8918 0.5330 0.0000
vt 0.8664 0.5303 0.0000
vt 0.8664 0.5277 0.0000
vt 0.0643 0.4774 0.0000
vt 0.0843 0.4806 0.0000
vt 0.0743 0.4834 0.0000
vt 0.8664 0.5227 0.0000
vt 0.8583 0.5208 0.0000
vt 0.8664 0.5328 0.0000
vt 0.0843 0.4867 0.0000
vt 0.0643 0.4800 0.0000
vt 0.3229 0.4659 0.0000
vt 0.3195 0.4578 0.0000
vt 0.3295 0.4578 0.0000
vt 0.0697 0.0590 0.0000
vt 0.1197 0.0592 0.0000
vt 0.1197 0.0846 0.0000
vt 0.0629 0.0844 0.0000
vt 0.7871 0.1070 0.0000
vt 0.8456 0.1068 0.0000
vt 0.8536 0.1354 0.0000
vt 0.7871 0.1357 0.0000
vt 0.3962 0.3197 0.0000
vt 0.4076 0.3195 0.0000
vt 0.4076 0.3350 0.0000
vt 0.3955 0.3343 0.0000
vt 0.4187 0.3197 0.0000
vt 0.4194 0.3343 0.0000
vt 0.0590 0.1130 0.0000
vt 0.1197 0.1139 0.0000
vt 0.1197 0.2445 0.0000
vt 0.0590 0.2436 0.0000
vt 0.7871 0.1627 0.0000
vt 0.8581 0.1632 0.0000
vt 0.8581 0.3000 0.0000
vt 0.7871 0.2995 0.0000
vt 0.3218 0.3394 0.0000
vt 0.2917 0.3379 0.0000
vt 0.2952 0.2011 0.0000
vt 0.3253 0.2026 0.0000
vt 0.2615 0.3364 0.0000
vt 0.2650 0.1996 0.0000
vt 0.2322 0.3350 0.0000
vt 0.2357 0.1981 0.0000
vt 0.2028 0.3335 0.0000
vt 0.2063 0.1966 0.0000
vt 0.9833 0.7843 0.0000
vt 0.9835 0.8450 0.0000
vt 0.9471 0.8255 0.0000
vt 0.9469 0.7843 0.0000
vt 0.0852 0.9875 0.0000
vt 0.0914 0.9875 0.0000
vt 0.0918 0.9950 0.0000
vt 0.0846 0.9950 0.0000
vt 0.0975 0.9875 0.0000
vt 0.0990 0.9950 0.0000
vt 0.1032 0.9875 0.0000
vt 0.1056 0.9950 0.0000
vt 0.1088 0.9875 0.0000
vt 0.1122 0.9950 0.0000
vt 0.5411 0.9945 0.0000
vt 0.4106 0.9945 0.0000
vt 0.4010 0.9842 0.0000
vt 0.5379 0.9842 0.0000
vt 0.8709 0.7518 0.0000
vt 0.8866 0.7618 0.0000
vt 0.8638 0.7649 0.0000
vt 0.8568 0.7535 0.0000
vt 0.5529 0.2876 0.0000
vt 0.5864 0.3015 0.0000
vt 0.5807 0.3071 0.0000
vt 0.5529 0.2956 0.0000
vt 0.6002 0.3349 0.0000
vt 0.5922 0.3349 0.0000
vt 0.7124 0.7172 0.0000
vt 0.6790 0.7033 0.0000
vt 0.6846 0.6977 0.0000
vt 0.7124 0.7092 0.0000
vt 0.6651 0.6699 0.0000
vt 0.6731 0.6699 0.0000
vt 0.4206 0.0815 0.0000
vt 0.4206 0.0590 0.0000
vt 0.4339 0.0590 0.0000
vt 0.4339 0.0815 0.0000
vt 0.5090 0.7588 0.0000
vt 0.4977 0.7588 0.0000
vt 0.4977 0.7543 0.0000
vt 0.5090 0.7543 0.0000
vt 0.4897 0.7588 0.0000
vt 0.4897 0.7543 0.0000
vt 0.5400 0.6922 0.0000
vt 0.5400 0.6753 0.0000
vt 0.5446 0.6753 0.0000
vt 0.5446 0.6922 0.0000
vt 0.5400 0.6700 0.0000
vt 0.5446 0.6700 0.0000
vt 0.5400 0.6647 0.0000
vt 0.5446 0.6647 0.0000
vt 0.5400 0.6595 0.0000
vt 0.5446 0.6595 0.0000
vt 0.5400 0.6542 0.0000
vt 0.5446 0.6542 0.0000
vt 0.5400 0.6501 0.0000
vt 0.9312 0.6305 0.0000
vt 0.9103 0.6305 0.0000
vt 0.9103 0.5960 0.0000
vt 0.9312 0.5960 0.0000
vt 0.8956 0.6305 0.0000
vt 0.8956 0.5960 0.0000
vt 0.8820 0.6305 0.0000
vt 0.8820 0.5960 0.0000
vt 0.8685 0.6305 0.0000
vt 0.8685 0.5960 0.0000
vt 0.8512 0.6308 0.0000
vt 0.8512 0.5963 0.0000
vt 0.0641 0.8215 0.0000
vt 0.0641 0.7996 0.0000
vt 0.0986 0.7996 0.0000
vt 0.0986 0.8215 0.0000
vt 0.0641 0.7776 0.0000
vt 0.0986 0.7776 0.0000
vt 0.0641 0.7548 0.0000
vt 0.0986 0.7548 0.0000
vt 0.0641 0.7319 0.0000
vt 0.0986 0.7319 0.0000
vt 0.3728 0.7807 0.0000
vt 0.3727 0.7662 0.0000
vt 0.4733 0.7662 0.0000
vt 0.4734 0.7807 0.0000
vt 0.9729 0.6944 0.0000
vt 0.9623 0.6952 0.0000
vt 0.9623 0.6040 0.0000
vt 0.9729 0.6032 0.0000
vt 0.9520 0.6944 0.0000
vt 0.9520 0.6032 0.0000
vt 0.2564 0.5081 0.0000
vt 0.2528 0.5220 0.0000
vt 0.1552 0.4976 0.0000
vt 0.1588 0.4838 0.0000
vt 0.3729 0.3302 0.0000
vt 0.3639 0.3257 0.0000
vt 0.4063 0.2345 0.0000
vt 0.4154 0.2390 0.0000
vt 0.3498 0.3188 0.0000
vt 0.3922 0.2276 0.0000
vt 0.1903 0.4230 0.0000
vt 0.1905 0.4069 0.0000
vt 0.2911 0.4069 0.0000
vt 0.2909 0.4230 0.0000
vt 0.3157 0.7406 0.0000
vt 0.3163 0.7281 0.0000
vt 0.4075 0.7281 0.0000
vt 0.4069 0.7406 0.0000
vt 0.3157 0.7152 0.0000
vt 0.4069 0.7152 0.0000
vt 0.3112 0.7024 0.0000
vt 0.4024 0.7024 0.0000
vt 0.9078 0.1814 0.0000
vt 0.9218 0.1745 0.0000
vt 0.9643 0.2657 0.0000
vt 0.9502 0.2726 0.0000
vt 0.9309 0.1700 0.0000
vt 0.9733 0.2612 0.0000
vt 0.8104 0.6314 0.0000
vt 0.8219 0.6232 0.0000
vt 0.8242 0.6286 0.0000
vt 0.8158 0.6346 0.0000
vt 0.8327 0.6226 0.0000
vt 0.8321 0.6281 0.0000
vt 0.8428 0.6254 0.0000
vt 0.8395 0.6302 0.0000
vt 0.8521 0.6358 0.0000
vt 0.8462 0.6378 0.0000
vt 0.8539 0.6457 0.0000
vt 0.8476 0.6450 0.0000
vt 0.8539 0.6607 0.0000
vt 0.8476 0.6560 0.0000
vt 0.8404 0.6690 0.0000
vt 0.8377 0.6620 0.0000
vt 0.8278 0.6688 0.0000
vt 0.8285 0.6619 0.0000
vt 0.8152 0.6663 0.0000
vt 0.8193 0.6601 0.0000
vt 0.8034 0.6554 0.0000
vt 0.8107 0.6521 0.0000
vt 0.8066 0.6407 0.0000
vt 0.8130 0.6414 0.0000
vt 0.5535 0.1068 0.0000
vt 0.5641 0.1069 0.0000
vt 0.5641 0.1269 0.0000
vt 0.5535 0.1268 0.0000
vt 0.2243 0.7070 0.0000
vt 0.2238 0.6993 0.0000
vt 0.2427 0.6993 0.0000
vt 0.2432 0.7070 0.0000
vt 0.2243 0.6917 0.0000
vt 0.2432 0.6917 0.0000
vt 0.4099 0.1389 0.0000
vt 0.4204 0.1387 0.0000
vt 0.4204 0.1587 0.0000
vt 0.4099 0.1588 0.0000
vt 0.3313 0.2929 0.0000
vt 0.3384 0.2952 0.0000
vt 0.3319 0.3141 0.0000
vt 0.3248 0.3118 0.0000
vt 0.3493 0.2987 0.0000
vt 0.3428 0.3176 0.0000
vt 0.2025 0.5216 0.0000
vt 0.2117 0.5238 0.0000
vt 0.2117 0.5427 0.0000
vt 0.2025 0.5405 0.0000
vt 0.2209 0.5240 0.0000
vt 0.2209 0.5429 0.0000
vt 0.2303 0.5238 0.0000
vt 0.2303 0.5427 0.0000
vt 0.2397 0.5216 0.0000
vt 0.2397 0.5405 0.0000
vt 0.5806 0.3607 0.0000
vt 0.5803 0.3492 0.0000
vt 0.6002 0.3482 0.0000
vt 0.6006 0.3596 0.0000
vt 0.5801 0.3418 0.0000
vt 0.6000 0.3408 0.0000
vt 0.8630 0.4842 0.0000
vt 0.8570 0.4758 0.0000
vt 0.8595 0.4747 0.0000
vt 0.8645 0.4817 0.0000
vt 0.8566 0.4680 0.0000
vt 0.8592 0.4682 0.0000
vt 0.8586 0.4606 0.0000
vt 0.8609 0.4622 0.0000
vt 0.8662 0.4538 0.0000
vt 0.8672 0.4566 0.0000
vt 0.8735 0.4525 0.0000
vt 0.8731 0.4555 0.0000
vt 0.8844 0.4525 0.0000
vt 0.8822 0.4555 0.0000
vt 0.8905 0.4623 0.0000
vt 0.8871 0.4636 0.0000
vt 0.8904 0.4715 0.0000
vt 0.8871 0.4712 0.0000
vt 0.8885 0.4808 0.0000
vt 0.8855 0.4788 0.0000
vt 0.8805 0.4894 0.0000
vt 0.8790 0.4859 0.0000
vt 0.8698 0.4871 0.0000
vt 0.8701 0.4840 0.0000
vt 0.0059 0.9929 0.0000
vt 0.0058 0.9842 0.0000
vt 0.0346 0.9842 0.0000
vt 0.0347 0.9929 0.0000
vt 0.0218 0.5570 0.0000
vt 0.0221 0.5506 0.0000
vt 0.0493 0.5506 0.0000
vt 0.0490 0.5570 0.0000
vt 0.0218 0.5444 0.0000
vt 0.0490 0.5444 0.0000
vt 0.3593 0.1441 0.0000
vt 0.3679 0.1445 0.0000
vt 0.3669 0.1732 0.0000
vt 0.3583 0.1728 0.0000
vt 0.3016 0.5788 0.0000
vt 0.3013 0.5849 0.0000
vt 0.2726 0.5844 0.0000
vt 0.2728 0.5783 0.0000
vt 0.3010 0.5943 0.0000
vt 0.2722 0.5938 0.0000
vt 0.9011 0.9172 0.0000
vt 0.8993 0.9096 0.0000
vt 0.9265 0.9096 0.0000
vt 0.9283 0.9172 0.0000
vt 0.8991 0.9021 0.0000
vt 0.9263 0.9021 0.0000
vt 0.8993 0.8943 0.0000
vt 0.9265 0.8943 0.0000
vt 0.9011 0.8865 0.0000
vt 0.9283 0.8865 0.0000
vt 0.6055 0.2409 0.0000
vt 0.5965 0.2380 0.0000
vt 0.6059 0.2108 0.0000
vt 0.6149 0.2137 0.0000
vt 0.5907 0.2362 0.0000
vt 0.6001 0.2090 0.0000
vt 0.9895 0.0524 0.0000
vt 0.9961 0.0534 0.0000
vt 0.9986 0.0617 0.0000
vt 0.9913 0.0600 0.0000
vt 0.0613 0.5706 0.0000
vt 0.0621 0.5606 0.0000
vt 0.0890 0.5606 0.0000
vt 0.0882 0.5706 0.0000
vt 0.0623 0.5506 0.0000
vt 0.0891 0.5506 0.0000
vt 0.0621 0.5408 0.0000
vt 0.0890 0.5408 0.0000
vt 0.0613 0.5311 0.0000
vt 0.0882 0.5311 0.0000
vt 0.3681 0.8991 0.0000
vt 0.3709 0.8994 0.0000
vt 0.3702 0.9070 0.0000
vt 0.3674 0.9067 0.0000
vt 0.3748 0.8996 0.0000
vt 0.3741 0.9072 0.0000
vt 0.9454 0.9258 0.0000
vt 0.9447 0.9139 0.0000
vt 0.9715 0.9139 0.0000
vt 0.9723 0.9258 0.0000
vt 0.9446 0.9021 0.0000
vt 0.9715 0.9021 0.0000
vt 0.9447 0.8900 0.0000
vt 0.9715 0.8900 0.0000
vt 0.9454 0.8778 0.0000
vt 0.9723 0.8778 0.0000
vt 0.6264 0.1966 0.0000
vt 0.6170 0.1954 0.0000
vt 0.6209 0.1686 0.0000
vt 0.6302 0.1697 0.0000
vt 0.6109 0.1947 0.0000
vt 0.6148 0.1679 0.0000
vt 0.7455 0.9788 0.0000
vt 0.7458 0.9849 0.0000
vt 0.7295 0.9861 0.0000
vt 0.7256 0.9803 0.0000
vt 0.7463 0.9944 0.0000
vt 0.7356 0.9951 0.0000
vt 0.9786 0.9139 0.0000
vt 0.9829 0.9258 0.0000
vt 0.9829 0.8778 0.0000
vt 0.9786 0.8900 0.0000
vt 0.6232 0.1524 0.0000
vt 0.6317 0.1591 0.0000
vt 0.6176 0.1481 0.0000
vt 0.2696 0.0503 0.0000
vt 0.2691 0.0614 0.0000
vt 0.2592 0.0596 0.0000
vt 0.2595 0.0528 0.0000
vt 0.5278 0.5960 0.0000
vt 0.5297 0.6090 0.0000
vt 0.5237 0.6127 0.0000
vt 0.5226 0.6048 0.0000
vt 0.1122 0.5408 0.0000
vt 0.1080 0.5311 0.0000
vt 0.1164 0.5326 0.0000
vt 0.1190 0.5385 0.0000
vt 0.7196 0.9829 0.0000
vt 0.7172 0.9793 0.0000
vt 0.2271 0.9864 0.0000
vt 0.2269 0.9975 0.0000
vt 0.2166 0.9956 0.0000
vt 0.2167 0.9886 0.0000
vt 0.4746 0.6173 0.0000
vt 0.4766 0.6313 0.0000
vt 0.4707 0.6353 0.0000
vt 0.4694 0.6266 0.0000
vt 0.1130 0.5506 0.0000
vt 0.1195 0.5425 0.0000
vt 0.1200 0.5486 0.0000
vt 0.4175 0.2429 0.0000
vt 0.4303 0.2398 0.0000
vt 0.4236 0.2481 0.0000
vt 0.4156 0.2500 0.0000
vt 0.2799 0.9868 0.0000
vt 0.2801 0.9982 0.0000
vt 0.2699 0.9962 0.0000
vt 0.2698 0.9886 0.0000
vt 0.8406 0.9414 0.0000
vt 0.8487 0.9310 0.0000
vt 0.8561 0.9319 0.0000
vt 0.8508 0.9388 0.0000
vt 0.1122 0.5606 0.0000
vt 0.1202 0.5524 0.0000
vt 0.1197 0.5590 0.0000
vt 0.5462 0.2801 0.0000
vt 0.5428 0.2664 0.0000
vt 0.5511 0.2728 0.0000
vt 0.5533 0.2819 0.0000
vt 0.6090 0.9871 0.0000
vt 0.6095 0.9985 0.0000
vt 0.5998 0.9963 0.0000
vt 0.5995 0.9886 0.0000
vt 0.6175 0.1398 0.0000
vt 0.6212 0.1427 0.0000
vt 0.1080 0.5706 0.0000
vt 0.1191 0.5625 0.0000
vt 0.1163 0.5693 0.0000
vt 0.2202 0.4503 0.0000
vt 0.2330 0.4471 0.0000
vt 0.2275 0.4551 0.0000
vt 0.2189 0.4573 0.0000
vt 0.2521 0.9917 0.0000
vt 0.2520 0.9842 0.0000
vt 0.8739 0.9336 0.0000
vt 0.8685 0.9405 0.0000
vt 0.1380 0.5479 0.0000
vt 0.1374 0.5546 0.0000
vt 0.5680 0.2784 0.0000
vt 0.5702 0.2876 0.0000
vt 0.1989 0.9911 0.0000
vt 0.1990 0.9842 0.0000
vt 0.4571 0.6469 0.0000
vt 0.4558 0.6382 0.0000
vt 0.1373 0.5381 0.0000
vt 0.1378 0.5442 0.0000
vt 0.4179 0.2650 0.0000
vt 0.4099 0.2670 0.0000
vt 0.5820 0.9918 0.0000
vt 0.5817 0.9842 0.0000
vt 0.6192 0.1220 0.0000
vt 0.6229 0.1249 0.0000
vt 0.1369 0.5581 0.0000
vt 0.1340 0.5648 0.0000
vt 0.2218 0.4721 0.0000
vt 0.2132 0.4742 0.0000
vt 0.2414 0.0551 0.0000
vt 0.2417 0.0484 0.0000
vt 0.5102 0.6243 0.0000
vt 0.5090 0.6164 0.0000
vt 0.1342 0.5281 0.0000
vt 0.1368 0.5340 0.0000
vt 0.7017 0.9833 0.0000
vt 0.6993 0.9798 0.0000
vt 0.2399 0.9917 0.0000
vt 0.2398 0.9842 0.0000
vt 0.1502 0.5524 0.0000
vt 0.1497 0.5590 0.0000
vt 0.1866 0.9911 0.0000
vt 0.1867 0.9842 0.0000
vt 0.1496 0.5425 0.0000
vt 0.1501 0.5486 0.0000
vt 0.5698 0.9918 0.0000
vt 0.5694 0.9842 0.0000
vt 0.6291 0.1097 0.0000
vt 0.6329 0.1126 0.0000
vt 0.2291 0.0551 0.0000
vt 0.2294 0.0484 0.0000
vt 0.6888 0.9924 0.0000
vt 0.6864 0.9888 0.0000
vt 0.2921 0.0537 0.0000
vt 0.2920 0.0612 0.0000
vt 0.2823 0.0612 0.0000
vt 0.2824 0.0537 0.0000
vt 0.8808 0.9505 0.0000
vt 0.8861 0.9436 0.0000
vt 0.8890 0.9533 0.0000
vt 0.8837 0.9601 0.0000
vt 0.9918 0.0430 0.0000
vt 0.9984 0.0440 0.0000
vt 0.5855 0.2835 0.0000
vt 0.5832 0.2743 0.0000
vt 0.5898 0.2667 0.0000
vt 0.5921 0.2758 0.0000
vt 0.3186 0.8991 0.0000
vt 0.3187 0.9060 0.0000
vt 0.3090 0.9060 0.0000
vt 0.3089 0.8991 0.0000
vt 0.4402 0.6401 0.0000
vt 0.4414 0.6488 0.0000
vt 0.4324 0.6442 0.0000
vt 0.4312 0.6354 0.0000
vt 0.2021 0.4519 0.0000
vt 0.2077 0.4544 0.0000
vt 0.2047 0.4636 0.0000
vt 0.1991 0.4611 0.0000
vt 0.4140 0.2822 0.0000
vt 0.4220 0.2803 0.0000
vt 0.4297 0.2868 0.0000
vt 0.4217 0.2888 0.0000
vt 0.9410 0.1600 0.0000
vt 0.9407 0.1677 0.0000
vt 0.9310 0.1677 0.0000
vt 0.9314 0.1600 0.0000
vt 0.2173 0.4894 0.0000
vt 0.2259 0.4873 0.0000
vt 0.2335 0.4939 0.0000
vt 0.2249 0.4960 0.0000
vt 0.0711 0.4143 0.0000
vt 0.0643 0.4146 0.0000
vt 0.0643 0.4049 0.0000
vt 0.0711 0.4046 0.0000
vt 0.4933 0.6183 0.0000
vt 0.4945 0.6262 0.0000
vt 0.4855 0.6216 0.0000
vt 0.4844 0.6137 0.0000
vt 0.3416 0.7861 0.0000
vt 0.3371 0.7724 0.0000
vt 0.2895 0.5228 0.0000
vt 0.2817 0.5349 0.0000
vt 0.2182 0.5800 0.0000
vt 0.2172 0.5826 0.0000
vt 0.2046 0.5800 0.0000
vt 0.2056 0.5773 0.0000
vt 0.2169 0.5866 0.0000
vt 0.2043 0.5840 0.0000
vt 0.9827 0.9412 0.0000
vt 0.9813 0.9336 0.0000
vt 0.9940 0.9262 0.0000
vt 0.9955 0.9338 0.0000
vt 0.0856 0.7236 0.0000
vt 0.0845 0.7275 0.0000
vt 0.0717 0.7256 0.0000
vt 0.0728 0.7218 0.0000
vt 0.0845 0.7303 0.0000
vt 0.0718 0.7285 0.0000
vt 0.0964 0.5185 0.0000
vt 0.0978 0.5109 0.0000
vt 0.1106 0.5184 0.0000
vt 0.1092 0.5260 0.0000
vt 0.5760 0.8776 0.0000
vt 0.4455 0.8810 0.0000
vt 0.4447 0.8647 0.0000
vt 0.5752 0.8614 0.0000
vt 0.5908 0.1985 0.0000
vt 0.5854 0.1780 0.0000
vt 0.6042 0.1706 0.0000
vt 0.6096 0.1912 0.0000
vt 0.2098 0.0598 0.0000
vt 0.2081 0.1045 0.0000
vt 0.1918 0.1037 0.0000
vt 0.1936 0.0590 0.0000
vt 0.2481 0.3546 0.0000
vt 0.2451 0.3461 0.0000
vt 0.2876 0.3563 0.0000
vt 0.2907 0.3648 0.0000
vt 0.9078 0.0306 0.0000
vt 0.9080 0.0603 0.0000
vt 0.7586 0.0603 0.0000
vt 0.7584 0.0306 0.0000
vt 0.6420 0.9469 0.0000
vt 0.6419 0.9620 0.0000
vt 0.4925 0.9672 0.0000
vt 0.4925 0.9522 0.0000
vt 0.6420 0.9774 0.0000
vt 0.4925 0.9827 0.0000
vt 0.1012 0.6356 0.0000
vt 0.1309 0.6359 0.0000
vt 0.1310 0.7853 0.0000
vt 0.1013 0.7851 0.0000
vt 0.7424 0.0643 0.0000
vt 0.7425 0.0853 0.0000
vt 0.7366 0.0853 0.0000
vt 0.7365 0.0643 0.0000
vt 0.7424 0.1052 0.0000
vt 0.7365 0.1052 0.0000
vt 0.7596 0.0058 0.0000
vt 0.7525 0.0306 0.0000
vt 0.7537 0.0058 0.0000
vt 0.7527 0.0603 0.0000
vt 0.4866 0.9672 0.0000
vt 0.4867 0.9522 0.0000
vt 0.4867 0.9827 0.0000
vt 0.1310 0.7912 0.0000
vt 0.1013 0.7909 0.0000
vt 0.1557 0.7841 0.0000
vt 0.1557 0.7900 0.0000
vt 0.7320 0.0853 0.0000
vt 0.7319 0.0643 0.0000
vt 0.7319 0.1052 0.0000
vt 0.7479 0.0306 0.0000
vt 0.7491 0.0058 0.0000
vt 0.7481 0.0603 0.0000
vt 0.4820 0.9672 0.0000
vt 0.4821 0.9522 0.0000
vt 0.4821 0.9827 0.0000
vt 0.1310 0.7958 0.0000
vt 0.1013 0.7956 0.0000
vt 0.1557 0.7946 0.0000
vt 0.7262 0.0853 0.0000
vt 0.7261 0.0643 0.0000
vt 0.7261 0.1052 0.0000
vt 0.7421 0.0306 0.0000
vt 0.7433 0.0058 0.0000
vt 0.7423 0.0603 0.0000
vt 0.4762 0.9672 0.0000
vt 0.4762 0.9522 0.0000
vt 0.4762 0.9827 0.0000
vt 0.1310 0.8016 0.0000
vt 0.1013 0.8014 0.0000
vt 0.1557 0.8004 0.0000
vt 0.5482 0.0853 0.0000
vt 0.5482 0.0643 0.0000
vt 0.5482 0.1052 0.0000
vt 0.5641 0.0306 0.0000
vt 0.5653 0.0058 0.0000
vt 0.5644 0.0603 0.0000
vt 0.2983 0.9672 0.0000
vt 0.2983 0.9522 0.0000
vt 0.2983 0.9827 0.0000
vt 0.1310 0.9796 0.0000
vt 0.1013 0.9793 0.0000
vt 0.1557 0.9784 0.0000
vt 0.7945 0.5125 0.0000
vt 0.7943 0.5335 0.0000
vt 0.7842 0.5333 0.0000
vt 0.7843 0.5204 0.0000
vt 0.7945 0.5534 0.0000
vt 0.7843 0.5455 0.0000
vt 0.7697 0.5603 0.0000
vt 0.7691 0.5498 0.0000
vt 0.7400 0.5482 0.0000
vt 0.7509 0.5423 0.0000
vt 0.7396 0.5332 0.0000
vt 0.7506 0.5331 0.0000
vt 0.7400 0.5178 0.0000
vt 0.7509 0.5236 0.0000
vt 0.7697 0.5056 0.0000
vt 0.7691 0.5162 0.0000
vt 0.5376 0.4811 0.0000
vt 0.5375 0.4682 0.0000
vt 0.5544 0.4682 0.0000
vt 0.5544 0.4811 0.0000
vt 0.5376 0.4560 0.0000
vt 0.5544 0.4560 0.0000
vt 0.3461 0.6811 0.0000
vt 0.3613 0.6818 0.0000
vt 0.3613 0.6987 0.0000
vt 0.3461 0.6980 0.0000
vt 0.3796 0.6817 0.0000
vt 0.3796 0.6985 0.0000
vt 0.7508 0.7768 0.0000
vt 0.7601 0.7768 0.0000
vt 0.7601 0.7937 0.0000
vt 0.7508 0.7937 0.0000
vt 0.7695 0.7768 0.0000
vt 0.7695 0.7937 0.0000
vt 0.8678 0.6755 0.0000
vt 0.8679 0.6573 0.0000
vt 0.8848 0.6573 0.0000
vt 0.8846 0.6755 0.0000
vt 0.8672 0.6421 0.0000
vt 0.8840 0.6421 0.0000
vt 0.5834 0.4795 0.0000
vt 0.5834 0.4994 0.0000
vt 0.5834 0.4607 0.0000
vt 0.7059 0.8858 0.0000
vt 0.6985 0.8676 0.0000
vt 0.7842 0.8583 0.0000
vt 0.7957 0.8864 0.0000
vt 0.6794 0.8230 0.0000
vt 0.6651 0.8230 0.0000
vt 0.9142 0.6567 0.0000
vt 0.9140 0.6848 0.0000
vt 0.9131 0.6332 0.0000
vt 0.6044 0.4795 0.0000
vt 0.6045 0.4994 0.0000
vt 0.6045 0.4607 0.0000
vt 0.5846 0.3621 0.0000
vt 0.6056 0.3621 0.0000
vt 0.7768 0.7664 0.0000
vt 0.8049 0.7662 0.0000
vt 0.8049 0.7872 0.0000
vt 0.7768 0.7874 0.0000
vt 0.6794 0.8441 0.0000
vt 0.6651 0.8440 0.0000
vt 0.7861 0.8230 0.0000
vt 0.7861 0.8440 0.0000
vt 0.9352 0.6567 0.0000
vt 0.9350 0.6848 0.0000
vt 0.9341 0.6332 0.0000
vt 0.5400 0.6712 0.0000
vt 0.5400 0.6881 0.0000
vt 0.5400 0.6659 0.0000
vt 0.5400 0.6607 0.0000
vt 0.5400 0.6554 0.0000
vt 0.5446 0.6554 0.0000
vt 0.5446 0.6501 0.0000
vt 0.5446 0.6607 0.0000
vt 0.5446 0.6659 0.0000
vt 0.5446 0.6712 0.0000
vt 0.5446 0.6881 0.0000
vt 0.7159 0.7092 0.0000
vt 0.7159 0.7172 0.0000
vt 0.7159 0.6978 0.0000
vt 0.5922 0.3384 0.0000
vt 0.5809 0.3384 0.0000
vt 0.6002 0.3384 0.0000
vt 0.3611 0.2365 0.0000
vt 0.3611 0.2086 0.0000
vt 0.3652 0.2060 0.0000
vt 0.3652 0.2340 0.0000
vt 0.1677 0.6674 0.0000
vt 0.1677 0.6579 0.0000
vt 0.1718 0.6579 0.0000
vt 0.1718 0.6674 0.0000
vt 0.5966 0.1607 0.0000
vt 0.6045 0.1525 0.0000
vt 0.6092 0.1535 0.0000
vt 0.6013 0.1617 0.0000
vt 0.6101 0.1468 0.0000
vt 0.6148 0.1477 0.0000
vt 0.6059 0.1268 0.0000
vt 0.6106 0.1277 0.0000
vt 0.6021 0.1231 0.0000
vt 0.6068 0.1241 0.0000
vt 0.5983 0.1195 0.0000
vt 0.6030 0.1204 0.0000
vt 0.5945 0.1158 0.0000
vt 0.5992 0.1168 0.0000
vt 0.5907 0.1122 0.0000
vt 0.5954 0.1131 0.0000
vt 0.1609 0.6891 0.0000
vt 0.1642 0.6849 0.0000
vt 0.1687 0.6833 0.0000
vt 0.1655 0.6875 0.0000
vt 0.1674 0.6808 0.0000
vt 0.1720 0.6792 0.0000
vt 0.1707 0.6766 0.0000
vt 0.1752 0.6750 0.0000
vt 0.1739 0.6724 0.0000
vt 0.1785 0.6709 0.0000
vt 0.1753 0.6521 0.0000
vt 0.1798 0.6505 0.0000
vt 0.1690 0.6471 0.0000
vt 0.1735 0.6456 0.0000
vt 0.1600 0.6401 0.0000
vt 0.1646 0.6386 0.0000
vt 0.4954 0.0135 0.0000
vt 0.5048 0.0135 0.0000
vt 0.5048 0.0176 0.0000
vt 0.4954 0.0176 0.0000
vt 0.5801 0.2020 0.0000
vt 0.5801 0.1741 0.0000
vt 0.5842 0.1766 0.0000
vt 0.5842 0.2046 0.0000
vt 0.8303 0.7214 0.0000
vt 0.8536 0.7214 0.0000
vt 0.8536 0.7254 0.0000
vt 0.8303 0.7254 0.0000
vt 0.5121 0.7499 0.0000
vt 0.5121 0.7633 0.0000
vt 0.5090 0.7449 0.0000
vt 0.5371 0.7449 0.0000
vt 0.5347 0.7499 0.0000
vt 0.5371 0.7683 0.0000
vt 0.5347 0.7633 0.0000
vt 0.5090 0.7683 0.0000
vt 0.2956 0.3647 0.0000
vt 0.2978 0.3479 0.0000
vt 0.3323 0.3532 0.0000
vt 0.9095 0.7844 0.0000
vt 0.9095 0.7710 0.0000
vt 0.9135 0.7710 0.0000
vt 0.9135 0.7844 0.0000
vt 0.0798 0.9075 0.0000
vt 0.0798 0.9300 0.0000
vt 0.0757 0.9322 0.0000
vt 0.0757 0.9097 0.0000
vt 0.8365 0.6514 0.0000
vt 0.8232 0.6514 0.0000
vt 0.8232 0.6474 0.0000
vt 0.8365 0.6474 0.0000
vt 0.4320 0.5100 0.0000
vt 0.4095 0.5100 0.0000
vt 0.4117 0.5059 0.0000
vt 0.4342 0.5059 0.0000
vt 0.1197 0.2905 0.0000
vt 0.0590 0.2896 0.0000
vt 0.8581 0.3476 0.0000
vt 0.7871 0.3471 0.0000
vt 0.2960 0.1534 0.0000
vt 0.3262 0.1549 0.0000
vt 0.2659 0.1519 0.0000
vt 0.2366 0.1505 0.0000
vt 0.2072 0.1490 0.0000
vt 0.3646 0.9945 0.0000
vt 0.3534 0.9842 0.0000
vt 0.1866 0.3327 0.0000
vt 0.1901 0.1958 0.0000
vt 0.1910 0.1482 0.0000
vt 0.1197 0.3335 0.0000
vt 0.1197 0.3750 0.0000
vt 0.0590 0.3741 0.0000
vt 0.0590 0.3326 0.0000
vt 0.8581 0.3922 0.0000
vt 0.8581 0.4369 0.0000
vt 0.7871 0.4364 0.0000
vt 0.7871 0.3917 0.0000
vt 0.2969 0.1089 0.0000
vt 0.2987 0.0642 0.0000
vt 0.3288 0.0657 0.0000
vt 0.3270 0.1104 0.0000
vt 0.2668 0.1074 0.0000
vt 0.2685 0.0627 0.0000
vt 0.2374 0.1059 0.0000
vt 0.2392 0.0613 0.0000
vt 0.3216 0.9945 0.0000
vt 0.3089 0.9842 0.0000
vt 0.3994 0.8974 0.0000
vt 0.3565 0.8982 0.0000
vt 0.3557 0.8664 0.0000
vt 0.3986 0.8656 0.0000
vt 0.6927 0.6502 0.0000
vt 0.7065 0.6420 0.0000
vt 0.5250 0.3290 0.0000
vt 0.5332 0.3152 0.0000
vt 0.7715 0.4587 0.0000
vt 0.7796 0.4418 0.0000
vt 0.6054 0.5988 0.0000
vt 0.6223 0.5907 0.0000
vt 0.6223 0.6322 0.0000
vt 0.6054 0.6322 0.0000
vt 0.6054 0.6438 0.0000
vt 0.6223 0.6438 0.0000
vt 0.6223 0.6853 0.0000
vt 0.6054 0.6772 0.0000
vt 0.8168 0.5552 0.0000
vt 0.8087 0.5383 0.0000
vt 0.7715 0.4640 0.0000
vt 0.6276 0.5907 0.0000
vt 0.6276 0.6322 0.0000
vt 0.6276 0.6438 0.0000
vt 0.6276 0.6853 0.0000
vt 0.7796 0.4967 0.0000
vt 0.7715 0.4798 0.0000
vt 0.6434 0.5907 0.0000
vt 0.6603 0.5988 0.0000
vt 0.6603 0.6322 0.0000
vt 0.6434 0.6322 0.0000
vt 0.6434 0.6438 0.0000
vt 0.6603 0.6438 0.0000
vt 0.6603 0.6772 0.0000
vt 0.6434 0.6853 0.0000
vt 0.8087 0.5172 0.0000
vt 0.8168 0.5003 0.0000
vt 0.8143 0.8445 0.0000
vt 0.8402 0.8698 0.0000
vt 0.8871 0.8738 0.0000
vt 0.8508 0.8741 0.0000
vt 0.7715 0.4693 0.0000
vt 0.7715 0.4745 0.0000
vt 0.6328 0.6322 0.0000
vt 0.6328 0.5907 0.0000
vt 0.6381 0.5907 0.0000
vt 0.6381 0.6322 0.0000
vt 0.6328 0.6853 0.0000
vt 0.6328 0.6438 0.0000
vt 0.6381 0.6438 0.0000
vt 0.6381 0.6853 0.0000
vt 0.8087 0.5225 0.0000
vt 0.8214 0.5199 0.0000
vt 0.8341 0.5252 0.0000
vt 0.8087 0.5277 0.0000
vt 0.8341 0.5277 0.0000
vt 0.8341 0.5303 0.0000
vt 0.8087 0.5330 0.0000
vt 0.7699 0.9788 0.0000
vt 0.7758 0.9889 0.0000
vt 0.7730 0.9989 0.0000
vt 0.8422 0.5208 0.0000
vt 0.8341 0.5227 0.0000
vt 0.8341 0.5328 0.0000
vt 0.7792 0.9989 0.0000
vt 0.7724 0.9788 0.0000
vt 0.3229 0.4819 0.0000
vt 0.3295 0.4900 0.0000
vt 0.3195 0.4900 0.0000
vt 0.0110 0.5661 0.0000
vt 0.0085 0.5647 0.0000
vt 0.0102 0.5642 0.0000
vt 0.7206 0.1354 0.0000
vt 0.7285 0.1068 0.0000
vt 0.8110 0.9570 0.0000
vt 0.8102 0.9423 0.0000
vt 0.8224 0.9416 0.0000
vt 0.8223 0.9571 0.0000
vt 0.8342 0.9423 0.0000
vt 0.8334 0.9570 0.0000
vt 0.1804 0.1130 0.0000
vt 0.1804 0.2436 0.0000
vt 0.7161 0.3000 0.0000
vt 0.7161 0.1632 0.0000
vt 0.2981 0.7076 0.0000
vt 0.2968 0.8445 0.0000
vt 0.2667 0.8449 0.0000
vt 0.2679 0.7080 0.0000
vt 0.2365 0.8454 0.0000
vt 0.2378 0.7085 0.0000
vt 0.2071 0.8458 0.0000
vt 0.2084 0.7089 0.0000
vt 0.1777 0.8462 0.0000
vt 0.1790 0.7094 0.0000
vt 0.9471 0.7431 0.0000
vt 0.9835 0.7236 0.0000
vt 0.2716 0.6068 0.0000
vt 0.2710 0.5993 0.0000
vt 0.2783 0.5993 0.0000
vt 0.2778 0.6068 0.0000
vt 0.2855 0.5993 0.0000
vt 0.2840 0.6068 0.0000
vt 0.2921 0.5993 0.0000
vt 0.2896 0.6068 0.0000
vt 0.2987 0.5993 0.0000
vt 0.2953 0.6068 0.0000
vt 0.9861 0.1535 0.0000
vt 0.9964 0.1567 0.0000
vt 0.9964 0.2936 0.0000
vt 0.9861 0.2840 0.0000
vt 0.8318 0.7845 0.0000
vt 0.8212 0.7939 0.0000
vt 0.8174 0.7811 0.0000
vt 0.8349 0.7662 0.0000
vt 0.5251 0.3071 0.0000
vt 0.5195 0.3015 0.0000
vt 0.5136 0.3349 0.0000
vt 0.5056 0.3349 0.0000
vt 0.7124 0.6226 0.0000
vt 0.7124 0.6306 0.0000
vt 0.6846 0.6421 0.0000
vt 0.6790 0.6365 0.0000
vt 0.4206 0.0962 0.0000
vt 0.4339 0.0962 0.0000
vt 0.4339 0.1188 0.0000
vt 0.4206 0.1188 0.0000
vt 0.5144 0.3502 0.0000
vt 0.5144 0.3547 0.0000
vt 0.5030 0.3547 0.0000
vt 0.5030 0.3502 0.0000
vt 0.4950 0.3547 0.0000
vt 0.4950 0.3502 0.0000
vt 0.6013 0.6403 0.0000
vt 0.6013 0.6358 0.0000
vt 0.6182 0.6358 0.0000
vt 0.6182 0.6403 0.0000
vt 0.6235 0.6358 0.0000
vt 0.6235 0.6403 0.0000
vt 0.6288 0.6358 0.0000
vt 0.6288 0.6403 0.0000
vt 0.6340 0.6358 0.0000
vt 0.6340 0.6403 0.0000
vt 0.6393 0.6358 0.0000
vt 0.6393 0.6403 0.0000
vt 0.6434 0.6403 0.0000
vt 0.8459 0.5933 0.0000
vt 0.8459 0.5588 0.0000
vt 0.8668 0.5588 0.0000
vt 0.8668 0.5933 0.0000
vt 0.8816 0.5588 0.0000
vt 0.8816 0.5933 0.0000
vt 0.8951 0.5588 0.0000
vt 0.8951 0.5933 0.0000
vt 0.9087 0.5588 0.0000
vt 0.9087 0.5933 0.0000
vt 0.9259 0.5590 0.0000
vt 0.9259 0.5935 0.0000
vt 0.4964 0.7985 0.0000
vt 0.4964 0.8330 0.0000
vt 0.4744 0.8330 0.0000
vt 0.4744 0.7985 0.0000
vt 0.4525 0.8330 0.0000
vt 0.4525 0.7985 0.0000
vt 0.4296 0.8330 0.0000
vt 0.4296 0.7985 0.0000
vt 0.4068 0.8330 0.0000
vt 0.4068 0.7985 0.0000
vt 0.2464 0.4429 0.0000
vt 0.1461 0.4359 0.0000
vt 0.1472 0.4214 0.0000
vt 0.2476 0.4284 0.0000
vt 0.4365 0.2850 0.0000
vt 0.4365 0.1938 0.0000
vt 0.4471 0.1945 0.0000
vt 0.4471 0.2858 0.0000
vt 0.4574 0.1938 0.0000
vt 0.4574 0.2850 0.0000
vt 0.8429 0.9262 0.0000
vt 0.7423 0.9262 0.0000
vt 0.7421 0.9119 0.0000
vt 0.8427 0.9119 0.0000
vt 0.5388 0.0802 0.0000
vt 0.5681 0.1764 0.0000
vt 0.5585 0.1796 0.0000
vt 0.5292 0.0834 0.0000
vt 0.5436 0.1845 0.0000
vt 0.5143 0.0883 0.0000
vt 0.9973 0.6103 0.0000
vt 0.9973 0.7109 0.0000
vt 0.9812 0.7112 0.0000
vt 0.9812 0.6106 0.0000
vt 0.2253 0.6511 0.0000
vt 0.3165 0.6511 0.0000
vt 0.3171 0.6636 0.0000
vt 0.2259 0.6636 0.0000
vt 0.3165 0.6765 0.0000
vt 0.2253 0.6765 0.0000
vt 0.3120 0.6893 0.0000
vt 0.2208 0.6893 0.0000
vt 0.6664 0.1814 0.0000
vt 0.6239 0.2726 0.0000
vt 0.6099 0.2657 0.0000
vt 0.6523 0.1745 0.0000
vt 0.6008 0.2612 0.0000
vt 0.6432 0.1700 0.0000
vt 0.9071 0.7521 0.0000
vt 0.9090 0.7580 0.0000
vt 0.9014 0.7650 0.0000
vt 0.8966 0.7617 0.0000
vt 0.8993 0.7726 0.0000
vt 0.8938 0.7720 0.0000
vt 0.8998 0.7802 0.0000
vt 0.8944 0.7825 0.0000
vt 0.9058 0.7885 0.0000
vt 0.9027 0.7938 0.0000
vt 0.9126 0.7913 0.0000
vt 0.9120 0.7976 0.0000
vt 0.9233 0.7936 0.0000
vt 0.9266 0.8007 0.0000
vt 0.9313 0.7852 0.0000
vt 0.9375 0.7893 0.0000
vt 0.9331 0.7762 0.0000
vt 0.9400 0.7769 0.0000
vt 0.9332 0.7667 0.0000
vt 0.9402 0.7640 0.0000
vt 0.9272 0.7566 0.0000
vt 0.9320 0.7502 0.0000
vt 0.9163 0.7567 0.0000
vt 0.9170 0.7503 0.0000
vt 0.8335 0.7259 0.0000
vt 0.8535 0.7259 0.0000
vt 0.8536 0.7366 0.0000
vt 0.8337 0.7366 0.0000
vt 0.9842 0.5086 0.0000
vt 0.9842 0.4897 0.0000
vt 0.9919 0.4901 0.0000
vt 0.9919 0.5090 0.0000
vt 0.9995 0.4897 0.0000
vt 0.9995 0.5086 0.0000
vt 0.4086 0.3140 0.0000
vt 0.3886 0.3140 0.0000
vt 0.3888 0.3036 0.0000
vt 0.4087 0.3036 0.0000
vt 0.7069 0.8648 0.0000
vt 0.6870 0.8658 0.0000
vt 0.6868 0.8584 0.0000
vt 0.7067 0.8574 0.0000
vt 0.6864 0.8470 0.0000
vt 0.7064 0.8459 0.0000
vt 0.7129 0.7768 0.0000
vt 0.7129 0.7957 0.0000
vt 0.7037 0.7979 0.0000
vt 0.7037 0.7790 0.0000
vt 0.6946 0.7982 0.0000
vt 0.6946 0.7793 0.0000
vt 0.6852 0.7979 0.0000
vt 0.6852 0.7790 0.0000
vt 0.6758 0.7957 0.0000
vt 0.6758 0.7768 0.0000
vt 0.2398 0.4979 0.0000
vt 0.2463 0.4790 0.0000
vt 0.2572 0.4825 0.0000
vt 0.2507 0.5014 0.0000
vt 0.2642 0.4848 0.0000
vt 0.2577 0.5037 0.0000
vt 0.4129 0.5678 0.0000
vt 0.4119 0.5649 0.0000
vt 0.4182 0.5592 0.0000
vt 0.4205 0.5608 0.0000
vt 0.4199 0.5529 0.0000
vt 0.4226 0.5532 0.0000
vt 0.4196 0.5466 0.0000
vt 0.4221 0.5455 0.0000
vt 0.4146 0.5398 0.0000
vt 0.4161 0.5373 0.0000
vt 0.4090 0.5375 0.0000
vt 0.4093 0.5345 0.0000
vt 0.4001 0.5356 0.0000
vt 0.3985 0.5322 0.0000
vt 0.3936 0.5425 0.0000
vt 0.3906 0.5406 0.0000
vt 0.3921 0.5500 0.0000
vt 0.3888 0.5496 0.0000
vt 0.3920 0.5577 0.0000
vt 0.3886 0.5590 0.0000
vt 0.3969 0.5661 0.0000
vt 0.3947 0.5691 0.0000
vt 0.4060 0.5660 0.0000
vt 0.4056 0.5691 0.0000
vt 0.0714 0.9640 0.0000
vt 0.0724 0.9352 0.0000
vt 0.0811 0.9356 0.0000
vt 0.0801 0.9644 0.0000
vt 0.5405 0.6288 0.0000
vt 0.5405 0.6016 0.0000
vt 0.5469 0.6012 0.0000
vt 0.5469 0.6284 0.0000
vt 0.5531 0.6016 0.0000
vt 0.5531 0.6288 0.0000
vt 0.5747 0.2457 0.0000
vt 0.5747 0.2170 0.0000
vt 0.5834 0.2169 0.0000
vt 0.5834 0.2457 0.0000
vt 0.9579 0.1503 0.0000
vt 0.9307 0.1409 0.0000
vt 0.9326 0.1351 0.0000
vt 0.9597 0.1445 0.0000
vt 0.9354 0.1261 0.0000
vt 0.9626 0.1355 0.0000
vt 0.6691 0.5769 0.0000
vt 0.6419 0.5769 0.0000
vt 0.6437 0.5693 0.0000
vt 0.6709 0.5693 0.0000
vt 0.6439 0.5618 0.0000
vt 0.6711 0.5618 0.0000
vt 0.6437 0.5540 0.0000
vt 0.6709 0.5540 0.0000
vt 0.6419 0.5462 0.0000
vt 0.6691 0.5462 0.0000
vt 0.5052 0.0803 0.0000
vt 0.5087 0.1088 0.0000
vt 0.4993 0.1097 0.0000
vt 0.4958 0.0812 0.0000
vt 0.4932 0.1103 0.0000
vt 0.4897 0.0818 0.0000
vt 0.9252 0.7775 0.0000
vt 0.9216 0.7844 0.0000
vt 0.9140 0.7843 0.0000
vt 0.9185 0.7769 0.0000
vt 0.5269 0.5892 0.0000
vt 0.5269 0.5623 0.0000
vt 0.5369 0.5616 0.0000
vt 0.5369 0.5884 0.0000
vt 0.5469 0.5614 0.0000
vt 0.5469 0.5883 0.0000
vt 0.5567 0.5616 0.0000
vt 0.5567 0.5884 0.0000
vt 0.5664 0.5623 0.0000
vt 0.5664 0.5892 0.0000
vt 0.1880 0.0962 0.0000
vt 0.1884 0.1038 0.0000
vt 0.1856 0.1040 0.0000
vt 0.1851 0.0964 0.0000
vt 0.1817 0.1041 0.0000
vt 0.1813 0.0965 0.0000
vt 0.6248 0.5855 0.0000
vt 0.5979 0.5855 0.0000
vt 0.5987 0.5736 0.0000
vt 0.6255 0.5736 0.0000
vt 0.5987 0.5618 0.0000
vt 0.6256 0.5618 0.0000
vt 0.5987 0.5497 0.0000
vt 0.6255 0.5497 0.0000
vt 0.5979 0.5375 0.0000
vt 0.6248 0.5375 0.0000
vt 0.5164 0.1279 0.0000
vt 0.5146 0.1550 0.0000
vt 0.5052 0.1542 0.0000
vt 0.5070 0.1271 0.0000
vt 0.4991 0.1536 0.0000
vt 0.5009 0.1265 0.0000
vt 0.9946 0.4168 0.0000
vt 0.9748 0.4140 0.0000
vt 0.9791 0.4084 0.0000
vt 0.9953 0.4107 0.0000
vt 0.9858 0.3998 0.0000
vt 0.9965 0.4013 0.0000
vt 0.5873 0.5855 0.0000
vt 0.5916 0.5736 0.0000
vt 0.5916 0.5497 0.0000
vt 0.5873 0.5375 0.0000
vt 0.5138 0.1657 0.0000
vt 0.5041 0.1705 0.0000
vt 0.4977 0.1735 0.0000
vt 0.1866 0.3917 0.0000
vt 0.1898 0.3817 0.0000
vt 0.1966 0.3819 0.0000
vt 0.1977 0.3919 0.0000
vt 0.7555 0.9310 0.0000
vt 0.7637 0.9372 0.0000
vt 0.7656 0.9449 0.0000
vt 0.7587 0.9438 0.0000
vt 0.5567 0.5383 0.0000
vt 0.5590 0.5315 0.0000
vt 0.5650 0.5341 0.0000
vt 0.5664 0.5426 0.0000
vt 0.9663 0.4143 0.0000
vt 0.9690 0.4109 0.0000
vt 0.5482 0.0622 0.0000
vt 0.5514 0.0521 0.0000
vt 0.5583 0.0527 0.0000
vt 0.5592 0.0632 0.0000
vt 0.2238 0.3621 0.0000
vt 0.2321 0.3687 0.0000
vt 0.2342 0.3773 0.0000
vt 0.2272 0.3758 0.0000
vt 0.5469 0.5375 0.0000
vt 0.5489 0.5305 0.0000
vt 0.5550 0.5310 0.0000
vt 0.3491 0.4548 0.0000
vt 0.3418 0.4537 0.0000
vt 0.3469 0.4472 0.0000
vt 0.3572 0.4444 0.0000
vt 0.9955 0.0816 0.0000
vt 0.9926 0.0915 0.0000
vt 0.9851 0.0906 0.0000
vt 0.9842 0.0803 0.0000
vt 0.2983 0.8153 0.0000
vt 0.3047 0.8070 0.0000
vt 0.3132 0.8049 0.0000
vt 0.3110 0.8121 0.0000
vt 0.5369 0.5383 0.0000
vt 0.5385 0.5309 0.0000
vt 0.5451 0.5303 0.0000
vt 0.0725 0.4346 0.0000
vt 0.0666 0.4389 0.0000
vt 0.0653 0.4296 0.0000
vt 0.0705 0.4206 0.0000
vt 0.9794 0.0823 0.0000
vt 0.9766 0.0916 0.0000
vt 0.9691 0.0902 0.0000
vt 0.9682 0.0803 0.0000
vt 0.5001 0.1796 0.0000
vt 0.4959 0.1816 0.0000
vt 0.5269 0.5426 0.0000
vt 0.5282 0.5343 0.0000
vt 0.5350 0.5314 0.0000
vt 0.4326 0.4660 0.0000
vt 0.4288 0.4600 0.0000
vt 0.4375 0.4588 0.0000
vt 0.4456 0.4641 0.0000
vt 0.9952 0.1096 0.0000
vt 0.9877 0.1087 0.0000
vt 0.3104 0.7901 0.0000
vt 0.3189 0.7880 0.0000
vt 0.5430 0.5131 0.0000
vt 0.5496 0.5126 0.0000
vt 0.0531 0.4505 0.0000
vt 0.0517 0.4412 0.0000
vt 0.5488 0.0340 0.0000
vt 0.5557 0.0346 0.0000
vt 0.2490 0.3744 0.0000
vt 0.2511 0.3830 0.0000
vt 0.5534 0.5127 0.0000
vt 0.5594 0.5132 0.0000
vt 0.3241 0.4520 0.0000
vt 0.3291 0.4455 0.0000
vt 0.9786 0.1098 0.0000
vt 0.9710 0.1084 0.0000
vt 0.4981 0.1973 0.0000
vt 0.4938 0.1994 0.0000
vt 0.5327 0.5165 0.0000
vt 0.5395 0.5136 0.0000
vt 0.4171 0.4465 0.0000
vt 0.4259 0.4452 0.0000
vt 0.1866 0.3637 0.0000
vt 0.1934 0.3638 0.0000
vt 0.7806 0.9428 0.0000
vt 0.7825 0.9506 0.0000
vt 0.5635 0.5137 0.0000
vt 0.5694 0.5163 0.0000
vt 0.9486 0.4126 0.0000
vt 0.9512 0.4092 0.0000
vt 0.9939 0.1218 0.0000
vt 0.9864 0.1209 0.0000
vt 0.5385 0.5008 0.0000
vt 0.5451 0.5003 0.0000
vt 0.5501 0.0218 0.0000
vt 0.5570 0.0224 0.0000
vt 0.5489 0.5005 0.0000
vt 0.5550 0.5010 0.0000
vt 0.9768 0.1219 0.0000
vt 0.9693 0.1206 0.0000
vt 0.5053 0.2114 0.0000
vt 0.5010 0.2134 0.0000
vt 0.1875 0.3514 0.0000
vt 0.1942 0.3516 0.0000
vt 0.9363 0.4027 0.0000
vt 0.9389 0.3993 0.0000
vt 0.1919 0.0484 0.0000
vt 0.2016 0.0484 0.0000
vt 0.2017 0.0559 0.0000
vt 0.1920 0.0559 0.0000
vt 0.3063 0.7748 0.0000
vt 0.2987 0.7682 0.0000
vt 0.3071 0.7662 0.0000
vt 0.3148 0.7727 0.0000
vt 0.9252 0.7678 0.0000
vt 0.9185 0.7672 0.0000
vt 0.0374 0.4524 0.0000
vt 0.0284 0.4477 0.0000
vt 0.0271 0.4385 0.0000
vt 0.0361 0.4431 0.0000
vt 0.3302 0.8991 0.0000
vt 0.3399 0.8991 0.0000
vt 0.3398 0.9060 0.0000
vt 0.3302 0.9060 0.0000
vt 0.2643 0.3703 0.0000
vt 0.2709 0.3626 0.0000
vt 0.2730 0.3712 0.0000
vt 0.2664 0.3789 0.0000
vt 0.9371 0.1555 0.0000
vt 0.9274 0.1555 0.0000
vt 0.9268 0.1494 0.0000
vt 0.9365 0.1494 0.0000
vt 0.3118 0.4420 0.0000
vt 0.3089 0.4324 0.0000
vt 0.3139 0.4259 0.0000
vt 0.3168 0.4355 0.0000
vt 0.9682 0.2398 0.0000
vt 0.9779 0.2398 0.0000
vt 0.9783 0.2474 0.0000
vt 0.9686 0.2474 0.0000
vt 0.4152 0.4308 0.0000
vt 0.4199 0.4218 0.0000
vt 0.4286 0.4206 0.0000
vt 0.4240 0.4295 0.0000
vt 0.1550 0.0484 0.0000
vt 0.1647 0.0484 0.0000
vt 0.1644 0.0551 0.0000
vt 0.1547 0.0551 0.0000
vt 0.7959 0.9387 0.0000
vt 0.8025 0.9311 0.0000
vt 0.8044 0.9389 0.0000
vt 0.7978 0.9465 0.0000
vt 0.2771 0.4505 0.0000
vt 0.2827 0.4371 0.0000
vt 0.8785 0.9199 0.0000
vt 0.8739 0.9063 0.0000
vt 0.8800 0.1207 0.0000
vt 0.8672 0.1188 0.0000
vt 0.8672 0.1160 0.0000
vt 0.8799 0.1178 0.0000
vt 0.8683 0.1122 0.0000
vt 0.8810 0.1140 0.0000
vt 0.5875 0.6009 0.0000
vt 0.5747 0.5935 0.0000
vt 0.5762 0.5859 0.0000
vt 0.5889 0.5934 0.0000
vt 0.9333 0.0608 0.0000
vt 0.9461 0.0594 0.0000
vt 0.9471 0.0633 0.0000
vt 0.9343 0.0647 0.0000
vt 0.9469 0.0661 0.0000
vt 0.9341 0.0675 0.0000
vt 0.5790 0.5541 0.0000
vt 0.5716 0.5414 0.0000
vt 0.5791 0.5399 0.0000
vt 0.5866 0.5527 0.0000
vt 0.9216 0.9622 0.0000
vt 0.9208 0.9785 0.0000
vt 0.7903 0.9751 0.0000
vt 0.7911 0.9589 0.0000
vt 0.6492 0.9250 0.0000
vt 0.6510 0.9049 0.0000
vt 0.6723 0.9044 0.0000
vt 0.6705 0.9245 0.0000
vt 0.1765 0.9831 0.0000
vt 0.1602 0.9834 0.0000
vt 0.1600 0.9386 0.0000
vt 0.1763 0.9384 0.0000
vt 0.0404 0.9879 0.0000
vt 0.0841 0.9875 0.0000
vt 0.0789 0.9938 0.0000
vt 0.0352 0.9942 0.0000
vt 0.0253 0.4027 0.0000
vt 0.0253 0.2532 0.0000
vt 0.0550 0.2535 0.0000
vt 0.0550 0.4029 0.0000
vt 0.6473 0.9454 0.0000
vt 0.4978 0.9402 0.0000
vt 0.4978 0.9252 0.0000
vt 0.6473 0.9304 0.0000
vt 0.4978 0.9097 0.0000
vt 0.6473 0.9150 0.0000
vt 0.0603 0.6356 0.0000
vt 0.0603 0.7851 0.0000
vt 0.0306 0.7853 0.0000
vt 0.0306 0.6359 0.0000
vt 0.2278 0.0049 0.0000
vt 0.2336 0.0051 0.0000
vt 0.2329 0.0261 0.0000
vt 0.2270 0.0259 0.0000
vt 0.2322 0.0460 0.0000
vt 0.2264 0.0458 0.0000
vt 0.0005 0.2545 0.0000
vt 0.0005 0.2486 0.0000
vt 0.0253 0.2474 0.0000
vt 0.0550 0.2476 0.0000
vt 0.4920 0.9402 0.0000
vt 0.4919 0.9252 0.0000
vt 0.4920 0.9097 0.0000
vt 0.0603 0.7909 0.0000
vt 0.0306 0.7912 0.0000
vt 0.0058 0.7900 0.0000
vt 0.0058 0.7841 0.0000
vt 0.2382 0.0053 0.0000
vt 0.2375 0.0263 0.0000
vt 0.2368 0.0462 0.0000
vt 0.0005 0.2440 0.0000
vt 0.0253 0.2428 0.0000
vt 0.0550 0.2430 0.0000
vt 0.4874 0.9402 0.0000
vt 0.4873 0.9252 0.0000
vt 0.4874 0.9097 0.0000
vt 0.0603 0.7956 0.0000
vt 0.0306 0.7958 0.0000
vt 0.0058 0.7946 0.0000
vt 0.2441 0.0055 0.0000
vt 0.2433 0.0265 0.0000
vt 0.2426 0.0464 0.0000
vt 0.0005 0.2382 0.0000
vt 0.0253 0.2369 0.0000
vt 0.0550 0.2372 0.0000
vt 0.4815 0.9402 0.0000
vt 0.4815 0.9252 0.0000
vt 0.4815 0.9097 0.0000
vt 0.0603 0.8014 0.0000
vt 0.0306 0.8016 0.0000
vt 0.0058 0.8004 0.0000
vt 0.4219 0.0117 0.0000
vt 0.4211 0.0327 0.0000
vt 0.4205 0.0526 0.0000
vt 0.0005 0.0602 0.0000
vt 0.0253 0.0590 0.0000
vt 0.0550 0.0592 0.0000
vt 0.3036 0.9402 0.0000
vt 0.3036 0.9252 0.0000
vt 0.3036 0.9097 0.0000
vt 0.0603 0.9793 0.0000
vt 0.0306 0.9796 0.0000
vt 0.0058 0.9784 0.0000
vt 0.8317 0.6066 0.0000
vt 0.8215 0.5987 0.0000
vt 0.8214 0.5858 0.0000
vt 0.8315 0.5856 0.0000
vt 0.8215 0.5736 0.0000
vt 0.8317 0.5657 0.0000
vt 0.8063 0.5694 0.0000
vt 0.8069 0.5588 0.0000
vt 0.7881 0.5768 0.0000
vt 0.7773 0.5709 0.0000
vt 0.7878 0.5860 0.0000
vt 0.7768 0.5859 0.0000
vt 0.7881 0.5955 0.0000
vt 0.7773 0.6014 0.0000
vt 0.8063 0.6030 0.0000
vt 0.8069 0.6135 0.0000
vt 0.6747 0.5077 0.0000
vt 0.6578 0.5077 0.0000
vt 0.6579 0.4948 0.0000
vt 0.6747 0.4948 0.0000
vt 0.6578 0.4826 0.0000
vt 0.6747 0.4826 0.0000
vt 0.4699 0.7449 0.0000
vt 0.4699 0.7618 0.0000
vt 0.4547 0.7625 0.0000
vt 0.4547 0.7456 0.0000
vt 0.4365 0.7624 0.0000
vt 0.4365 0.7455 0.0000
vt 0.6392 0.8441 0.0000
vt 0.6392 0.8272 0.0000
vt 0.6484 0.8272 0.0000
vt 0.6484 0.8440 0.0000
vt 0.6579 0.8272 0.0000
vt 0.6579 0.8441 0.0000
vt 0.8678 0.6957 0.0000
vt 0.8846 0.6957 0.0000
vt 0.8848 0.7139 0.0000
vt 0.8679 0.7139 0.0000
vt 0.8840 0.7291 0.0000
vt 0.8672 0.7291 0.0000
vt 0.6288 0.5260 0.0000
vt 0.6289 0.5061 0.0000
vt 0.6288 0.4873 0.0000
vt 0.1089 0.4526 0.0000
vt 0.1986 0.4519 0.0000
vt 0.1871 0.4800 0.0000
vt 0.1014 0.4708 0.0000
vt 0.5535 0.7979 0.0000
vt 0.5677 0.7978 0.0000
vt 0.9140 0.6864 0.0000
vt 0.9142 0.7145 0.0000
vt 0.9131 0.7380 0.0000
vt 0.6078 0.5260 0.0000
vt 0.6079 0.5061 0.0000
vt 0.6078 0.4873 0.0000
vt 0.6066 0.3886 0.0000
vt 0.6277 0.3886 0.0000
vt 0.7447 0.7943 0.0000
vt 0.7236 0.7943 0.0000
vt 0.7239 0.7662 0.0000
vt 0.7449 0.7662 0.0000
vt 0.5535 0.7768 0.0000
vt 0.5677 0.7768 0.0000
vt 0.6744 0.7768 0.0000
vt 0.6744 0.7979 0.0000
vt 0.9350 0.6864 0.0000
vt 0.9352 0.7145 0.0000
vt 0.9341 0.7380 0.0000
vt 0.6054 0.6403 0.0000
vt 0.6223 0.6403 0.0000
vt 0.6276 0.6403 0.0000
vt 0.6328 0.6403 0.0000
vt 0.6381 0.6403 0.0000
vt 0.6434 0.6358 0.0000
vt 0.6381 0.6358 0.0000
vt 0.6328 0.6358 0.0000
vt 0.6276 0.6358 0.0000
vt 0.6223 0.6358 0.0000
vt 0.6054 0.6358 0.0000
vt 0.7159 0.6226 0.0000
vt 0.7159 0.6306 0.0000
vt 0.7159 0.6420 0.0000
vt 0.5250 0.3384 0.0000
vt 0.5136 0.3384 0.0000
vt 0.5056 0.3384 0.0000
vt 0.3611 0.1749 0.0000
vt 0.3652 0.1774 0.0000
vt 0.3652 0.2054 0.0000
vt 0.3611 0.2028 0.0000
vt 0.3611 0.2370 0.0000
vt 0.3652 0.2370 0.0000
vt 0.3652 0.2465 0.0000
vt 0.3611 0.2465 0.0000
vt 0.5226 0.0058 0.0000
vt 0.5242 0.0104 0.0000
vt 0.5172 0.0193 0.0000
vt 0.5156 0.0148 0.0000
vt 0.5123 0.0256 0.0000
vt 0.5107 0.0211 0.0000
vt 0.4919 0.0243 0.0000
vt 0.4903 0.0197 0.0000
vt 0.4878 0.0210 0.0000
vt 0.4862 0.0165 0.0000
vt 0.4836 0.0178 0.0000
vt 0.4820 0.0132 0.0000
vt 0.4795 0.0145 0.0000
vt 0.4779 0.0100 0.0000
vt 0.4753 0.0113 0.0000
vt 0.4737 0.0067 0.0000
vt 0.3674 0.1813 0.0000
vt 0.3721 0.1822 0.0000
vt 0.3759 0.1859 0.0000
vt 0.3712 0.1849 0.0000
vt 0.3797 0.1895 0.0000
vt 0.3750 0.1886 0.0000
vt 0.3835 0.1932 0.0000
vt 0.3787 0.1923 0.0000
vt 0.3873 0.1969 0.0000
vt 0.3825 0.1959 0.0000
vt 0.3915 0.2169 0.0000
vt 0.3867 0.2159 0.0000
vt 0.3859 0.2226 0.0000
vt 0.3812 0.2217 0.0000
vt 0.3780 0.2308 0.0000
vt 0.3733 0.2298 0.0000
vt 0.7962 0.8683 0.0000
vt 0.8010 0.8683 0.0000
vt 0.8010 0.8777 0.0000
vt 0.7962 0.8777 0.0000
vt 0.5801 0.1456 0.0000
vt 0.5842 0.1430 0.0000
vt 0.5842 0.1710 0.0000
vt 0.5801 0.1735 0.0000
vt 0.8536 0.7168 0.0000
vt 0.8536 0.7208 0.0000
vt 0.8303 0.7208 0.0000
vt 0.8303 0.7168 0.0000
vt 0.5174 0.3458 0.0000
vt 0.5174 0.3592 0.0000
vt 0.5144 0.3642 0.0000
vt 0.5400 0.3592 0.0000
vt 0.5424 0.3642 0.0000
vt 0.5400 0.3458 0.0000
vt 0.5424 0.3408 0.0000
vt 0.5144 0.3408 0.0000
vt 0.4670 0.0352 0.0000
vt 0.5018 0.0518 0.0000
vt 0.4669 0.0522 0.0000
vt 0.8129 0.5915 0.0000
vt 0.8088 0.5915 0.0000
vt 0.8088 0.5781 0.0000
vt 0.8129 0.5781 0.0000
vt 0.0798 0.8817 0.0000
vt 0.0757 0.8795 0.0000
vt 0.0757 0.8569 0.0000
vt 0.0798 0.8591 0.0000
vt 0.7585 0.5277 0.0000
vt 0.7625 0.5277 0.0000
vt 0.7625 0.5410 0.0000
vt 0.7585 0.5410 0.0000
vt 0.0798 0.9048 0.0000
vt 0.0757 0.9070 0.0000
vt 0.0757 0.8844 0.0000
vt 0.0798 0.8822 0.0000
vt 0.1804 0.2896 0.0000
vt 0.7161 0.3476 0.0000
vt 0.2960 0.8921 0.0000
vt 0.2659 0.8925 0.0000
vt 0.2357 0.8930 0.0000
vt 0.2063 0.8934 0.0000
vt 0.1770 0.8939 0.0000
vt 0.9964 0.3412 0.0000
vt 0.9861 0.3300 0.0000
vt 0.1615 0.8465 0.0000
vt 0.1628 0.7096 0.0000
vt 0.1607 0.8941 0.0000
vt 0.1804 0.3326 0.0000
vt 0.1804 0.3741 0.0000
vt 0.7161 0.3922 0.0000
vt 0.7161 0.4369 0.0000
vt 0.2652 0.9371 0.0000
vt 0.2954 0.9367 0.0000
vt 0.2955 0.9814 0.0000
vt 0.2654 0.9818 0.0000
vt 0.2350 0.9375 0.0000
vt 0.2352 0.9823 0.0000
vt 0.2056 0.9380 0.0000
vt 0.2058 0.9827 0.0000
vt 0.9964 0.3857 0.0000
vt 0.9861 0.3730 0.0000
vt 0.7451 0.9425 0.0000
vt 0.7442 0.9743 0.0000
vt 0.7013 0.9734 0.0000
vt 0.7021 0.9416 0.0000
vt 0.1697 0.0590 0.0000
vt 0.1437 0.0839 0.0000
vt 0.8105 0.8226 0.0000
vt 0.8113 0.8199 0.0000
vt 0.8129 0.8204 0.0000
vt 0.8120 0.8231 0.0000
vt 0.3333 0.4388 0.0000
vt 0.3357 0.4401 0.0000
vt 0.3357 0.4418 0.0000
vt 0.3333 0.4405 0.0000
vt 0.3301 0.4388 0.0000
vt 0.3327 0.4397 0.0000
vt 0.3327 0.4414 0.0000
vt 0.3301 0.4405 0.0000
vt 0.4093 0.5577 0.0000
vt 0.4093 0.5550 0.0000
vt 0.4109 0.5554 0.0000
vt 0.4109 0.5581 0.0000
vt 0.8112 0.8252 0.0000
vt 0.8128 0.8257 0.0000
vt 0.6023 0.1415 0.0000
vt 0.6024 0.1317 0.0000
vt 0.6052 0.1318 0.0000
vt 0.6050 0.1416 0.0000
vt 0.7229 0.8900 0.0000
vt 0.7320 0.8870 0.0000
vt 0.7339 0.8889 0.0000
vt 0.7249 0.8919 0.0000
vt 0.9561 0.0754 0.0000
vt 0.9469 0.0724 0.0000
vt 0.9469 0.0696 0.0000
vt 0.9561 0.0726 0.0000
vt 0.3790 0.2103 0.0000
vt 0.3792 0.2008 0.0000
vt 0.3819 0.2014 0.0000
vt 0.3818 0.2108 0.0000
vt 0.4094 0.5529 0.0000
vt 0.4093 0.5434 0.0000
vt 0.4116 0.5450 0.0000
vt 0.4117 0.5545 0.0000
vt 0.6575 0.9532 0.0000
vt 0.6544 0.9533 0.0000
vt 0.6492 0.9422 0.0000
vt 0.6598 0.9416 0.0000
vt 0.3343 0.0856 0.0000
vt 0.3374 0.0856 0.0000
vt 0.3408 0.0966 0.0000
vt 0.3302 0.0968 0.0000
vt 0.6778 0.1347 0.0000
vt 0.6741 0.1348 0.0000
vt 0.6705 0.1229 0.0000
vt 0.6833 0.1228 0.0000
vt 0.6602 0.9944 0.0000
vt 0.6598 0.9907 0.0000
vt 0.6708 0.9842 0.0000
vt 0.6720 0.9970 0.0000
vt 0.4084 0.5562 0.0000
vt 0.4056 0.5573 0.0000
vt 0.3990 0.5471 0.0000
vt 0.4088 0.5434 0.0000
vt 0.3089 0.0617 0.0000
vt 0.3089 0.0587 0.0000
vt 0.3210 0.0537 0.0000
vt 0.3209 0.0641 0.0000
vt 0.0430 0.0533 0.0000
vt 0.0430 0.0506 0.0000
vt 0.0543 0.0484 0.0000
vt 0.0543 0.0576 0.0000
vt 0.0685 0.7314 0.0000
vt 0.0659 0.7313 0.0000
vt 0.0620 0.7194 0.0000
vt 0.0712 0.7198 0.0000
vt 0.0172 0.0029 0.0000
vt 0.0173 0.0056 0.0000
vt 0.0060 0.0097 0.0000
vt 0.0058 0.0005 0.0000
vt 0.6228 0.7234 0.0000
vt 0.6238 0.7258 0.0000
vt 0.6141 0.7324 0.0000
vt 0.6105 0.7239 0.0000
vt 0.8302 0.7259 0.0000
vt 0.8330 0.7263 0.0000
vt 0.8330 0.7330 0.0000
vt 0.8302 0.7327 0.0000
vt 0.1152 0.9954 0.0000
vt 0.1128 0.9941 0.0000
vt 0.1148 0.9875 0.0000
vt 0.1173 0.9888 0.0000
vt 0.1991 0.4746 0.0000
vt 0.2000 0.4719 0.0000
vt 0.2066 0.4729 0.0000
vt 0.2058 0.4755 0.0000
vt 0.0643 0.0675 0.0000
vt 0.0616 0.0670 0.0000
vt 0.0622 0.0601 0.0000
vt 0.0649 0.0606 0.0000
vt 0.0591 0.0677 0.0000
vt 0.0597 0.0607 0.0000
vt 0.8677 0.9448 0.0000
vt 0.8640 0.9448 0.0000
vt 0.8629 0.9438 0.0000
vt 0.8680 0.9437 0.0000
vt 0.8632 0.9473 0.0000
vt 0.8619 0.9473 0.0000
vt 0.2079 0.4730 0.0000
vt 0.2067 0.4766 0.0000
vt 0.0624 0.0590 0.0000
vt 0.0660 0.0597 0.0000
vt 0.0590 0.0599 0.0000
vt 0.7109 0.8916 0.0000
vt 0.7113 0.8870 0.0000
vt 0.7223 0.8892 0.0000
vt 0.7223 0.8919 0.0000
vt 0.8984 0.1297 0.0000
vt 0.8984 0.1344 0.0000
vt 0.8885 0.1309 0.0000
vt 0.8885 0.1281 0.0000
vt 0.9682 0.0105 0.0000
vt 0.9682 0.0058 0.0000
vt 0.9786 0.0082 0.0000
vt 0.9786 0.0110 0.0000
vt 0.3831 0.5100 0.0000
vt 0.3828 0.5053 0.0000
vt 0.3956 0.5054 0.0000
vt 0.3955 0.5082 0.0000
vt 0.4218 0.3978 0.0000
vt 0.4212 0.4024 0.0000
vt 0.4094 0.4024 0.0000
vt 0.4097 0.3996 0.0000
vt 0.8436 0.5290 0.0000
vt 0.8439 0.5243 0.0000
vt 0.8567 0.5291 0.0000
vt 0.8567 0.5319 0.0000
vt 0.4089 0.5054 0.0000
vt 0.4080 0.5100 0.0000
vt 0.3961 0.5096 0.0000
vt 0.3969 0.5069 0.0000
vt 0.7103 0.8877 0.0000
vt 0.7099 0.8924 0.0000
vt 0.6985 0.8897 0.0000
vt 0.6985 0.8870 0.0000
vt 0.1197 0.4177 0.0000
vt 0.0785 0.4176 0.0000
vt 0.4412 0.3948 0.0000
vt 0.4573 0.3949 0.0000
vt 0.4601 0.4024 0.0000
vt 0.4412 0.4023 0.0000
vt 0.1930 0.5207 0.0000
vt 0.1856 0.5482 0.0000
vt 0.1740 0.5403 0.0000
vt 0.1827 0.5109 0.0000
vt 0.1782 0.5708 0.0000
vt 0.1653 0.5696 0.0000
vt 0.1856 0.5941 0.0000
vt 0.1740 0.5998 0.0000
vt 0.1930 0.6174 0.0000
vt 0.1827 0.6299 0.0000
vt 0.2537 0.6286 0.0000
vt 0.2537 0.6445 0.0000
vt 0.4969 0.7985 0.0000
vt 0.5068 0.7987 0.0000
vt 0.5068 0.8332 0.0000
vt 0.4969 0.8330 0.0000
vt 0.7528 0.5961 0.0000
vt 0.7528 0.6433 0.0000
vt 0.7183 0.6433 0.0000
vt 0.7183 0.5960 0.0000
vt 0.7581 0.4418 0.0000
vt 0.7581 0.5006 0.0000
vt 0.7236 0.5007 0.0000
vt 0.7236 0.4418 0.0000
vt 0.5321 0.8000 0.0000
vt 0.5400 0.7881 0.0000
vt 0.6142 0.8540 0.0000
vt 0.6075 0.8667 0.0000
vt 0.9729 0.5292 0.0000
vt 0.9623 0.5283 0.0000
vt 0.9623 0.4206 0.0000
vt 0.9729 0.4212 0.0000
vt 0.9520 0.5292 0.0000
vt 0.9520 0.4212 0.0000
vt 0.0887 0.4892 0.0000
vt 0.0935 0.5024 0.0000
vt 0.0041 0.5498 0.0000
vt 0.0005 0.5361 0.0000
vt 0.4144 0.1738 0.0000
vt 0.4054 0.1783 0.0000
vt 0.3480 0.0674 0.0000
vt 0.3577 0.0643 0.0000
vt 0.3914 0.1854 0.0000
vt 0.3331 0.0721 0.0000
vt 0.5549 0.8895 0.0000
vt 0.5548 0.9056 0.0000
vt 0.4259 0.9056 0.0000
vt 0.4276 0.8896 0.0000
vt 0.4401 0.7406 0.0000
vt 0.4396 0.7281 0.0000
vt 0.5545 0.7281 0.0000
vt 0.5548 0.7406 0.0000
vt 0.4401 0.7152 0.0000
vt 0.5548 0.7152 0.0000
vt 0.9110 0.9814 0.0000
vt 0.9105 0.9977 0.0000
vt 0.7832 0.9932 0.0000
vt 0.7821 0.9769 0.0000
vt 0.9494 0.3148 0.0000
vt 0.9634 0.3218 0.0000
vt 0.9060 0.4328 0.0000
vt 0.8911 0.4280 0.0000
vt 0.9724 0.3264 0.0000
vt 0.9156 0.4359 0.0000
vt 0.2078 0.4714 0.0000
vt 0.2012 0.4692 0.0000
vt 0.6155 0.1191 0.0000
vt 0.6255 0.1069 0.0000
vt 0.3567 0.2628 0.0000
vt 0.3638 0.2617 0.0000
vt 0.3670 0.2766 0.0000
vt 0.3567 0.2776 0.0000
vt 0.6388 0.1068 0.0000
vt 0.6425 0.1097 0.0000
vt 0.1379 0.9906 0.0000
vt 0.1395 0.9860 0.0000
vt 0.1454 0.9916 0.0000
vt 0.1438 0.9995 0.0000
vt 0.7962 0.5781 0.0000
vt 0.8066 0.5814 0.0000
vt 0.8022 0.5911 0.0000
vt 0.7962 0.5878 0.0000
vt 0.8083 0.5848 0.0000
vt 0.8083 0.5945 0.0000
vt 0.6047 0.8920 0.0000
vt 0.5899 0.8694 0.0000
vt 0.6047 0.8774 0.0000
vt 0.2107 0.3503 0.0000
vt 0.1953 0.3499 0.0000
vt 0.9090 0.0059 0.0000
vt 0.1557 0.6347 0.0000
vt 0.5552 0.4518 0.0000
vt 0.9808 0.9993 0.0000
vt 0.9576 0.9993 0.0000
vt 0.9670 0.9629 0.0000
vt 0.9661 0.9629 0.0000
vt 0.4271 0.5143 0.0000
vt 0.4342 0.5417 0.0000
vt 0.3908 0.5223 0.0000
vt 0.3807 0.5105 0.0000
vt 0.8918 0.0651 0.0000
vt 0.8940 0.0859 0.0000
vt 0.8918 0.1060 0.0000
vt 0.5364 0.4537 0.0000
vt 0.5361 0.4735 0.0000
vt 0.5118 0.4734 0.0000
vt 0.5129 0.4471 0.0000
vt 0.5364 0.4924 0.0000
vt 0.5129 0.5910 0.0000
vt 0.4956 0.7668 0.0000
vt 0.4928 0.7811 0.0000
vt 0.9623 0.5828 0.0000
vt 0.9729 0.5826 0.0000
vt 0.9520 0.5826 0.0000
vt 0.1363 0.4933 0.0000
vt 0.1370 0.4790 0.0000
vt 0.4130 0.2195 0.0000
vt 0.4230 0.2211 0.0000
vt 0.3976 0.2170 0.0000
vt 0.3000 0.4074 0.0000
vt 0.3027 0.4232 0.0000
vt 0.4149 0.7281 0.0000
vt 0.4146 0.7406 0.0000
vt 0.4146 0.7152 0.0000
vt 0.9412 0.9735 0.0000
vt 0.9488 0.9876 0.0000
vt 0.9416 0.9932 0.0000
vt 0.9362 0.9779 0.0000
vt 0.9710 0.2807 0.0000
vt 0.9555 0.2832 0.0000
vt 0.9810 0.2790 0.0000
vt 0.9835 0.5811 0.0000
vt 0.9729 0.5694 0.0000
vt 0.9835 0.5695 0.0000
vt 0.9623 0.5693 0.0000
vt 0.9520 0.5694 0.0000
vt 0.9416 0.5811 0.0000
vt 0.9416 0.5695 0.0000
vt 0.4153 0.2097 0.0000
vt 0.4255 0.2096 0.0000
vt 0.3997 0.2098 0.0000
vt 0.4130 0.7531 0.0000
vt 0.4201 0.7406 0.0000
vt 0.4202 0.7531 0.0000
vt 0.4202 0.7281 0.0000
vt 0.4201 0.7152 0.0000
vt 0.4130 0.7024 0.0000
vt 0.4202 0.7024 0.0000
vt 0.9733 0.2905 0.0000
vt 0.9577 0.2903 0.0000
vt 0.9834 0.2906 0.0000
vt 0.9729 0.5485 0.0000
vt 0.9835 0.5515 0.0000
vt 0.9623 0.5479 0.0000
vt 0.9520 0.5485 0.0000
vt 0.9416 0.5515 0.0000
vt 0.4154 0.1946 0.0000
vt 0.4251 0.1916 0.0000
vt 0.4005 0.1992 0.0000
vt 0.4278 0.7406 0.0000
vt 0.4308 0.7531 0.0000
vt 0.4275 0.7281 0.0000
vt 0.4278 0.7152 0.0000
vt 0.4308 0.7024 0.0000
vt 0.9734 0.3056 0.0000
vt 0.9585 0.3010 0.0000
vt 0.9831 0.3086 0.0000
vt 0.5205 0.7883 0.0000
vt 0.5272 0.7755 0.0000
vt 0.1042 0.4800 0.0000
vt 0.1077 0.4937 0.0000
vt 0.5714 0.8885 0.0000
vt 0.5696 0.9044 0.0000
vt 0.9257 0.9830 0.0000
vt 0.9269 0.9993 0.0000
vt 0.1760 0.6386 0.0000
vt 0.1836 0.6386 0.0000
vt 0.1835 0.6464 0.0000
vt 0.1765 0.6431 0.0000
vt 0.8015 0.5941 0.0000
vt 0.3849 0.3202 0.0000
vt 0.3833 0.3288 0.0000
vt 0.4298 0.3202 0.0000
vt 0.4313 0.3288 0.0000
vt 0.8098 0.7366 0.0000
vt 0.8289 0.7486 0.0000
vt 0.8196 0.7571 0.0000
vt 0.7983 0.7463 0.0000
vt 0.8427 0.7552 0.0000
vt 0.8410 0.7679 0.0000
vt 0.7622 0.6869 0.0000
vt 0.7648 0.7006 0.0000
vt 0.7524 0.7006 0.0000
vt 0.7393 0.6866 0.0000
vt 0.7448 0.7006 0.0000
vt 0.7373 0.7006 0.0000
vt 0.7192 0.6866 0.0000
vt 0.7294 0.6843 0.0000
vt 0.8502 0.5366 0.0000
vt 0.8502 0.5189 0.0000
vt 0.0643 0.4724 0.0000
vt 0.0843 0.4687 0.0000
vt 0.0843 0.4744 0.0000
vt 0.0643 0.4749 0.0000
vt 0.8941 0.8979 0.0000
vt 0.8780 0.8913 0.0000
vt 0.8780 0.8778 0.0000
vt 0.8941 0.8779 0.0000
vt 0.3262 0.4739 0.0000
vt 0.3396 0.4578 0.0000
vt 0.3396 0.4739 0.0000
vt 0.2705 0.5768 0.0000
vt 0.2543 0.5768 0.0000
vt 0.2543 0.5673 0.0000
vt 0.2795 0.5699 0.0000
vt 0.7981 0.6864 0.0000
vt 0.8078 0.6882 0.0000
vt 0.0808 0.6256 0.0000
vt 0.0808 0.6183 0.0000
vt 0.0945 0.6182 0.0000
vt 0.0948 0.6309 0.0000
vt 0.0643 0.4699 0.0000
vt 0.0843 0.4631 0.0000
vt 0.7759 0.6594 0.0000
vt 0.7844 0.7006 0.0000
vt 0.9739 0.1959 0.0000
vt 0.9662 0.2371 0.0000
vt 0.9523 0.2097 0.0000
vt 0.9546 0.1959 0.0000
vt 0.1220 0.6005 0.0000
vt 0.1270 0.6005 0.0000
vt 0.4844 0.5653 0.0000
vt 0.4848 0.4586 0.0000
vt 0.4848 0.5796 0.0000
vt 0.7640 0.6545 0.0000
vt 0.1281 0.0569 0.0000
vt 0.1282 0.0484 0.0000
vt 0.1396 0.0485 0.0000
vt 0.1386 0.0564 0.0000
vt 0.6730 0.1184 0.0000
vt 0.6443 0.1383 0.0000
vt 0.6386 0.1303 0.0000
vt 0.6703 0.1089 0.0000
vt 0.2983 0.8746 0.0000
vt 0.3098 0.8672 0.0000
vt 0.3120 0.8865 0.0000
vt 0.2999 0.8914 0.0000
vt 0.4051 0.3778 0.0000
vt 0.3757 0.3570 0.0000
vt 0.4342 0.3461 0.0000
vt 0.4342 0.3726 0.0000
vt 0.3685 0.3794 0.0000
vt 0.4017 0.3890 0.0000
vt 0.3685 0.4237 0.0000
vt 0.3614 0.4019 0.0000
vt 0.3982 0.4002 0.0000
vt 0.4017 0.4109 0.0000
vt 0.4051 0.4216 0.0000
vt 0.3757 0.4456 0.0000
vt 0.2543 0.5404 0.0000
vt 0.3044 0.5507 0.0000
vt 0.7006 0.1068 0.0000
vt 0.6981 0.1150 0.0000
vt 0.6187 0.7378 0.0000
vt 0.6375 0.7348 0.0000
vt 0.6659 0.7545 0.0000
vt 0.6187 0.7649 0.0000
vt 0.6396 0.7276 0.0000
vt 0.6744 0.7336 0.0000
vt 0.6416 0.7204 0.0000
vt 0.6785 0.7188 0.0000
vt 0.6396 0.7137 0.0000
vt 0.6744 0.7053 0.0000
vt 0.6375 0.7071 0.0000
vt 0.6703 0.6917 0.0000
vt 0.1276 0.0453 0.0000
vt 0.1184 0.0531 0.0000
vt 0.0749 0.0537 0.0000
vt 0.0893 0.0430 0.0000
vt 0.4373 0.5478 0.0000
vt 0.4407 0.5371 0.0000
vt 0.4740 0.5521 0.0000
vt 0.4670 0.5740 0.0000
vt 0.4442 0.5264 0.0000
vt 0.4809 0.5301 0.0000
vt 0.4407 0.5153 0.0000
vt 0.4740 0.5073 0.0000
vt 0.4373 0.5041 0.0000
vt 0.4670 0.4844 0.0000
vt 0.4082 0.4989 0.0000
vt 0.4082 0.4737 0.0000
vt 0.3247 0.3955 0.0000
vt 0.3278 0.3849 0.0000
vt 0.3241 0.4061 0.0000
vt 0.3247 0.4164 0.0000
vt 0.3278 0.4268 0.0000
vt 0.2876 0.3933 0.0000
vt 0.3354 0.3628 0.0000
vt 0.9307 0.4259 0.0000
vt 0.9221 0.4552 0.0000
vt 0.9065 0.4745 0.0000
vt 0.9034 0.4620 0.0000
vt 0.9134 0.4845 0.0000
vt 0.9069 0.4871 0.0000
vt 0.9221 0.5147 0.0000
vt 0.9065 0.4999 0.0000
vt 0.9307 0.5448 0.0000
vt 0.9034 0.5128 0.0000
vt 0.3359 0.8505 0.0000
vt 0.3089 0.8434 0.0000
vt 0.3349 0.8013 0.0000
vt 0.3463 0.8098 0.0000
vt 0.8934 0.1374 0.0000
vt 0.8903 0.1470 0.0000
vt 0.3274 0.7945 0.0000
vt 0.3203 0.7821 0.0000
vt 0.3036 0.4061 0.0000
vt 0.3047 0.3955 0.0000
vt 0.3047 0.4164 0.0000
vt 0.3034 0.5365 0.0000
vt 0.2935 0.5465 0.0000
vt 0.3465 0.3470 0.0000
vt 0.3526 0.3551 0.0000
vt 0.3274 0.3383 0.0000
vt 0.3371 0.3345 0.0000
vt 0.8998 0.4745 0.0000
vt 0.8938 0.4620 0.0000
vt 0.9005 0.4871 0.0000
vt 0.8998 0.4999 0.0000
vt 0.8938 0.5128 0.0000
vt 0.8854 0.1619 0.0000
vt 0.9045 0.1532 0.0000
vt 0.8950 0.1657 0.0000
vt 0.9105 0.1451 0.0000
vt 0.9729 0.7229 0.0000
vt 0.9623 0.7243 0.0000
vt 0.9520 0.7229 0.0000
vt 0.1706 0.4199 0.0000
vt 0.1754 0.4046 0.0000
vt 0.3036 0.7406 0.0000
vt 0.3046 0.7281 0.0000
vt 0.3036 0.7152 0.0000
vt 0.6228 0.9809 0.0000
vt 0.6377 0.9788 0.0000
vt 0.6375 0.9991 0.0000
vt 0.6226 0.9965 0.0000
vt 0.0471 0.5634 0.0000
vt 0.0471 0.5382 0.0000
vt 0.2543 0.5896 0.0000
vt 0.2557 0.5836 0.0000
vt 0.2522 0.5988 0.0000
vt 0.5003 0.0363 0.0000
vt 0.5029 0.0271 0.0000
vt 0.5243 0.0327 0.0000
vt 0.5207 0.0454 0.0000
vt 0.1889 0.0812 0.0000
vt 0.1792 0.0811 0.0000
vt 0.1760 0.0590 0.0000
vt 0.1895 0.0592 0.0000
vt 0.9781 0.9021 0.0000
vt 0.2354 0.5861 0.0000
vt 0.2366 0.5838 0.0000
vt 0.2342 0.5899 0.0000
vt 0.9683 0.9324 0.0000
vt 0.9653 0.9360 0.0000
vt 0.8206 0.6385 0.0000
vt 0.8300 0.6397 0.0000
vt 0.8276 0.6468 0.0000
vt 0.8212 0.6457 0.0000
vt 0.8365 0.6388 0.0000
vt 0.8304 0.6465 0.0000
vt 0.0793 0.5184 0.0000
vt 0.0861 0.5220 0.0000
vt 0.0986 0.7223 0.0000
vt 0.0946 0.7288 0.0000
vt 0.0949 0.7314 0.0000
vt 0.6301 0.8971 0.0000
vt 0.6389 0.8824 0.0000
vt 0.2186 0.3671 0.0000
vt 0.2246 0.3957 0.0000
vt 0.2099 0.4046 0.0000
vt 0.2040 0.3671 0.0000
vt 0.4080 0.4630 0.0000
vt 0.3876 0.4602 0.0000
vt 0.9453 0.4938 0.0000
vt 0.9204 0.4747 0.0000
vt 0.9323 0.4600 0.0000
vt 0.9481 0.4525 0.0000
vt 0.9624 0.0784 0.0000
vt 0.9624 0.1017 0.0000
vt 0.9624 0.1243 0.0000
vt 0.9796 0.0127 0.0000
vt 0.9332 0.0346 0.0000
vt 0.9128 0.0668 0.0000
vt 0.7338 0.6807 0.0000
vt 0.7488 0.6802 0.0000
vt 0.7183 0.6802 0.0000
vt 0.1489 0.5641 0.0000
vt 0.3141 0.8681 0.0000
vt 0.2983 0.8583 0.0000
vt 0.3430 0.8566 0.0000
vt 0.3149 0.8843 0.0000
vt 0.0099 0.5672 0.0000
vt 0.0085 0.5664 0.0000
vt 0.1609 0.4176 0.0000
vt 0.4223 0.4024 0.0000
vt 0.4251 0.3949 0.0000
vt 0.3144 0.5207 0.0000
vt 0.3247 0.5109 0.0000
vt 0.3334 0.5403 0.0000
vt 0.3218 0.5482 0.0000
vt 0.3420 0.5696 0.0000
vt 0.3292 0.5708 0.0000
vt 0.3334 0.5998 0.0000
vt 0.3218 0.5941 0.0000
vt 0.3247 0.6299 0.0000
vt 0.3144 0.6174 0.0000
vt 0.5074 0.8332 0.0000
vt 0.5074 0.7987 0.0000
vt 0.5173 0.7985 0.0000
vt 0.5173 0.8330 0.0000
vt 0.6758 0.5642 0.0000
vt 0.7103 0.5641 0.0000
vt 0.7103 0.6114 0.0000
vt 0.6758 0.6114 0.0000
vt 0.4178 0.1126 0.0000
vt 0.3833 0.1126 0.0000
vt 0.3833 0.0537 0.0000
vt 0.4178 0.0538 0.0000
vt 0.0861 0.4511 0.0000
vt 0.0064 0.5123 0.0000
vt 0.0005 0.4992 0.0000
vt 0.0792 0.4387 0.0000
vt 0.4365 0.1198 0.0000
vt 0.4365 0.0117 0.0000
vt 0.4471 0.0111 0.0000
vt 0.4471 0.1189 0.0000
vt 0.4574 0.0117 0.0000
vt 0.4574 0.1198 0.0000
vt 0.6756 0.9039 0.0000
vt 0.6013 0.8371 0.0000
vt 0.6081 0.8246 0.0000
vt 0.6834 0.8922 0.0000
vt 0.5581 0.2409 0.0000
vt 0.4866 0.3414 0.0000
vt 0.4775 0.3370 0.0000
vt 0.5498 0.2351 0.0000
vt 0.4634 0.3302 0.0000
vt 0.5369 0.2262 0.0000
vt 0.4695 0.1880 0.0000
vt 0.4695 0.0607 0.0000
vt 0.4855 0.0590 0.0000
vt 0.4856 0.1879 0.0000
vt 0.3497 0.6511 0.0000
vt 0.4644 0.6511 0.0000
vt 0.4641 0.6636 0.0000
vt 0.3492 0.6636 0.0000
vt 0.4644 0.6765 0.0000
vt 0.3497 0.6765 0.0000
vt 0.3337 0.2411 0.0000
vt 0.3338 0.1122 0.0000
vt 0.3500 0.1139 0.0000
vt 0.3501 0.2412 0.0000
vt 0.6248 0.3148 0.0000
vt 0.6831 0.4280 0.0000
vt 0.6682 0.4328 0.0000
vt 0.6108 0.3218 0.0000
vt 0.6585 0.4359 0.0000
vt 0.6017 0.3264 0.0000
vt 0.9204 0.1510 0.0000
vt 0.9204 0.1441 0.0000
vt 0.4969 0.2155 0.0000
vt 0.4897 0.2014 0.0000
vt 0.5764 0.1270 0.0000
vt 0.5769 0.1122 0.0000
vt 0.5872 0.1135 0.0000
vt 0.5834 0.1284 0.0000
vt 0.5141 0.2162 0.0000
vt 0.5099 0.2183 0.0000
vt 0.0783 0.8321 0.0000
vt 0.0696 0.8259 0.0000
vt 0.0776 0.8246 0.0000
vt 0.0830 0.8307 0.0000
vt 0.7751 0.5247 0.0000
vt 0.7751 0.5343 0.0000
vt 0.7692 0.5376 0.0000
vt 0.7647 0.5279 0.0000
vt 0.7631 0.5410 0.0000
vt 0.7631 0.5313 0.0000
vt 0.9503 0.9478 0.0000
vt 0.9503 0.9625 0.0000
vt 0.9355 0.9705 0.0000
vt 0.1720 0.6927 0.0000
vt 0.1875 0.6928 0.0000
vt 0.0005 0.4039 0.0000
vt 0.0059 0.6347 0.0000
vt 0.6571 0.4784 0.0000
vt 0.5880 0.8885 0.0000
vt 0.6261 0.9097 0.0000
vt 0.6233 0.9103 0.0000
vt 0.5801 0.9112 0.0000
vt 0.9805 0.0585 0.0000
vt 0.9310 0.0448 0.0000
vt 0.9421 0.0333 0.0000
vt 0.9934 0.0324 0.0000
vt 0.0784 0.0005 0.0000
vt 0.0755 0.0213 0.0000
vt 0.0770 0.0414 0.0000
vt 0.3420 0.6374 0.0000
vt 0.3355 0.6139 0.0000
vt 0.3617 0.6128 0.0000
vt 0.3619 0.6372 0.0000
vt 0.4793 0.6139 0.0000
vt 0.3807 0.6374 0.0000
vt 0.1267 0.4350 0.0000
vt 0.1249 0.4206 0.0000
vt 0.4365 0.1731 0.0000
vt 0.4471 0.1734 0.0000
vt 0.4574 0.1731 0.0000
vt 0.7199 0.9255 0.0000
vt 0.7227 0.9114 0.0000
vt 0.5732 0.1952 0.0000
vt 0.5631 0.1954 0.0000
vt 0.5474 0.1957 0.0000
vt 0.9975 0.7227 0.0000
vt 0.9816 0.7200 0.0000
vt 0.3242 0.6511 0.0000
vt 0.3245 0.6636 0.0000
vt 0.3242 0.6765 0.0000
vt 0.3248 0.2710 0.0000
vt 0.3294 0.2662 0.0000
vt 0.3445 0.2722 0.0000
vt 0.3387 0.2791 0.0000
vt 0.6186 0.2832 0.0000
vt 0.6032 0.2807 0.0000
vt 0.5932 0.2790 0.0000
vt 0.4259 0.1716 0.0000
vt 0.4259 0.1601 0.0000
vt 0.4365 0.1599 0.0000
vt 0.4471 0.1599 0.0000
vt 0.4574 0.1599 0.0000
vt 0.4678 0.1601 0.0000
vt 0.4678 0.1716 0.0000
vt 0.5740 0.2069 0.0000
vt 0.5640 0.2055 0.0000
vt 0.5485 0.2031 0.0000
vt 0.3226 0.6386 0.0000
vt 0.3298 0.6386 0.0000
vt 0.3297 0.6511 0.0000
vt 0.3298 0.6636 0.0000
vt 0.3297 0.6765 0.0000
vt 0.3298 0.6893 0.0000
vt 0.3226 0.6893 0.0000
vt 0.6165 0.2903 0.0000
vt 0.6008 0.2905 0.0000
vt 0.5907 0.2906 0.0000
vt 0.4259 0.1421 0.0000
vt 0.4365 0.1391 0.0000
vt 0.4471 0.1385 0.0000
vt 0.4574 0.1391 0.0000
vt 0.4678 0.1421 0.0000
vt 0.5712 0.2247 0.0000
vt 0.5620 0.2204 0.0000
vt 0.5478 0.2137 0.0000
vt 0.3404 0.6386 0.0000
vt 0.3374 0.6511 0.0000
vt 0.3371 0.6636 0.0000
vt 0.3374 0.6765 0.0000
vt 0.3404 0.6893 0.0000
vt 0.6157 0.3010 0.0000
vt 0.6007 0.3056 0.0000
vt 0.5910 0.3086 0.0000
vt 0.0986 0.4402 0.0000
vt 0.0928 0.4270 0.0000
vt 0.6884 0.9167 0.0000
vt 0.6951 0.9041 0.0000
vt 0.4684 0.2045 0.0000
vt 0.4844 0.2027 0.0000
vt 0.3349 0.2559 0.0000
vt 0.3511 0.2577 0.0000
vt 0.5944 0.2501 0.0000
vt 0.5907 0.2474 0.0000
vt 0.5911 0.2398 0.0000
vt 0.5981 0.2433 0.0000
vt 0.7698 0.5407 0.0000
vt 0.7996 0.9564 0.0000
vt 0.7981 0.9479 0.0000
vt 0.8460 0.9479 0.0000
vt 0.8445 0.9564 0.0000
vt 0.8023 0.8401 0.0000
vt 0.7874 0.8422 0.0000
vt 0.7936 0.8191 0.0000
vt 0.8062 0.8179 0.0000
vt 0.8105 0.8032 0.0000
vt 0.7998 0.7960 0.0000
vt 0.7622 0.7144 0.0000
vt 0.7393 0.7146 0.0000
vt 0.7294 0.7170 0.0000
vt 0.7192 0.7146 0.0000
vt 0.7648 0.9788 0.0000
vt 0.7674 0.9788 0.0000
vt 0.7668 0.9989 0.0000
vt 0.7612 0.9989 0.0000
vt 0.8619 0.8979 0.0000
vt 0.8619 0.8779 0.0000
vt 0.3396 0.4900 0.0000
vt 0.2382 0.5768 0.0000
vt 0.2292 0.5699 0.0000
vt 0.8369 0.8740 0.0000
vt 0.8317 0.8824 0.0000
vt 0.0668 0.6309 0.0000
vt 0.0670 0.6182 0.0000
vt 0.7623 0.9788 0.0000
vt 0.7555 0.9989 0.0000
vt 0.7759 0.7418 0.0000
vt 0.9523 0.1821 0.0000
vt 0.9662 0.1547 0.0000
vt 0.0396 0.6005 0.0000
vt 0.0345 0.6005 0.0000
vt 0.3470 0.5858 0.0000
vt 0.4537 0.5854 0.0000
vt 0.4679 0.5858 0.0000
vt 0.7640 0.7468 0.0000
vt 0.8700 0.4776 0.0000
vt 0.8672 0.4675 0.0000
vt 0.8744 0.4641 0.0000
vt 0.8781 0.4749 0.0000
vt 0.2406 0.6065 0.0000
vt 0.2420 0.6163 0.0000
vt 0.2043 0.6096 0.0000
vt 0.2063 0.6000 0.0000
vt 0.9968 0.0094 0.0000
vt 0.9966 0.0288 0.0000
vt 0.9843 0.0227 0.0000
vt 0.9842 0.0058 0.0000
vt 0.4633 0.3778 0.0000
vt 0.4927 0.3570 0.0000
vt 0.4999 0.3794 0.0000
vt 0.4667 0.3890 0.0000
vt 0.4999 0.4237 0.0000
vt 0.4667 0.4109 0.0000
vt 0.4702 0.4002 0.0000
vt 0.5070 0.4019 0.0000
vt 0.4633 0.4216 0.0000
vt 0.4927 0.4456 0.0000
vt 0.2043 0.5507 0.0000
vt 0.2650 0.5993 0.0000
vt 0.2705 0.6058 0.0000
vt 0.5714 0.7545 0.0000
vt 0.5998 0.7348 0.0000
vt 0.5629 0.7336 0.0000
vt 0.5977 0.7276 0.0000
vt 0.5588 0.7188 0.0000
vt 0.5957 0.7204 0.0000
vt 0.5629 0.7053 0.0000
vt 0.5977 0.7137 0.0000
vt 0.5670 0.6917 0.0000
vt 0.5998 0.7071 0.0000
vt 0.4601 0.4097 0.0000
vt 0.4222 0.4160 0.0000
vt 0.4069 0.4069 0.0000
vt 0.4502 0.4029 0.0000
vt 0.3791 0.5478 0.0000
vt 0.3494 0.5740 0.0000
vt 0.3424 0.5521 0.0000
vt 0.3757 0.5371 0.0000
vt 0.3355 0.5301 0.0000
vt 0.3722 0.5264 0.0000
vt 0.3424 0.5073 0.0000
vt 0.3757 0.5153 0.0000
vt 0.3494 0.4844 0.0000
vt 0.3791 0.5041 0.0000
vt 0.5405 0.3849 0.0000
vt 0.5437 0.3955 0.0000
vt 0.5443 0.4061 0.0000
vt 0.5437 0.4164 0.0000
vt 0.5405 0.4268 0.0000
vt 0.4631 0.0058 0.0000
vt 0.5062 0.0427 0.0000
vt 0.6545 0.7659 0.0000
vt 0.6906 0.7386 0.0000
vt 0.7032 0.7417 0.0000
vt 0.6838 0.7572 0.0000
vt 0.7157 0.7420 0.0000
vt 0.7132 0.7486 0.0000
vt 0.7286 0.7417 0.0000
vt 0.7433 0.7572 0.0000
vt 0.7414 0.7386 0.0000
vt 0.7735 0.7659 0.0000
vt 0.2784 0.5151 0.0000
vt 0.2709 0.4738 0.0000
vt 0.2829 0.4661 0.0000
vt 0.3058 0.5100 0.0000
vt 0.6839 0.1470 0.0000
vt 0.6807 0.1374 0.0000
vt 0.2907 0.4599 0.0000
vt 0.2988 0.4480 0.0000
vt 0.5637 0.3955 0.0000
vt 0.5648 0.4061 0.0000
vt 0.5637 0.4164 0.0000
vt 0.8953 0.9100 0.0000
vt 0.8881 0.8978 0.0000
vt 0.5221 0.0527 0.0000
vt 0.5149 0.0599 0.0000
vt 0.5039 0.0709 0.0000
vt 0.4948 0.0658 0.0000
vt 0.6906 0.7289 0.0000
vt 0.7032 0.7350 0.0000
vt 0.7157 0.7357 0.0000
vt 0.7286 0.7350 0.0000
vt 0.7414 0.7289 0.0000
vt 0.6887 0.1619 0.0000
vt 0.6791 0.1657 0.0000
vt 0.6697 0.1532 0.0000
vt 0.6636 0.1451 0.0000
vt 0.4365 0.3135 0.0000
vt 0.4471 0.3149 0.0000
vt 0.4574 0.3135 0.0000
vt 0.9942 0.5907 0.0000
vt 0.9788 0.5955 0.0000
vt 0.2132 0.6511 0.0000
vt 0.2142 0.6636 0.0000
vt 0.2132 0.6765 0.0000
vt 0.5453 0.3674 0.0000
vt 0.5609 0.3674 0.0000
vt 0.5631 0.3836 0.0000
vt 0.5428 0.3836 0.0000
vt 0.5341 0.6034 0.0000
vt 0.5593 0.6034 0.0000
vt 0.9165 0.1301 0.0000
vt 0.9172 0.1240 0.0000
vt 0.9183 0.1146 0.0000
vt 0.9943 0.4525 0.0000
vt 0.9974 0.4746 0.0000
vt 0.9842 0.4745 0.0000
vt 0.9847 0.4525 0.0000
vt 0.3965 0.1175 0.0000
vt 0.4179 0.1230 0.0000
vt 0.4143 0.1361 0.0000
vt 0.3940 0.1269 0.0000
vt 0.5921 0.5618 0.0000
vt 0.8985 0.1234 0.0000
vt 0.8982 0.1208 0.0000
vt 0.8984 0.1168 0.0000
vt 0.6049 0.5957 0.0000
vt 0.6019 0.5921 0.0000
vt 0.6506 0.1542 0.0000
vt 0.6439 0.1516 0.0000
vt 0.6445 0.1451 0.0000
vt 0.6521 0.1448 0.0000
vt 0.6457 0.1425 0.0000
vt 0.6547 0.1387 0.0000
vt 0.5755 0.5644 0.0000
vt 0.5791 0.5712 0.0000
vt 0.9204 0.0590 0.0000
vt 0.9241 0.0656 0.0000
vt 0.9237 0.0682 0.0000
vt 0.9757 0.9427 0.0000
vt 0.9845 0.9574 0.0000
vt 0.1960 0.6763 0.0000
vt 0.1813 0.6758 0.0000
vt 0.1886 0.6386 0.0000
vt 0.2029 0.6479 0.0000
vt 0.4807 0.4602 0.0000
vt 0.4604 0.4630 0.0000
vt 0.4206 0.6811 0.0000
vt 0.4620 0.6811 0.0000
vt 0.4534 0.6963 0.0000
vt 0.4379 0.7073 0.0000
vt 0.0074 0.0113 0.0000
vt 0.0066 0.0346 0.0000
vt 0.0058 0.0572 0.0000
vt 0.0074 0.4745 0.0000
vt 0.0293 0.4281 0.0000
vt 0.0615 0.4077 0.0000
vt 0.7488 0.7211 0.0000
vt 0.7338 0.7206 0.0000
vt 0.7183 0.7211 0.0000
vt 0.0127 0.5641 0.0000
vt 0.6597 0.9718 0.0000
vt 0.6886 0.9833 0.0000
vt 0.6439 0.9815 0.0000
vt 0.6605 0.9555 0.0000
vt 0.5551 0.9864 0.0000
vt 0.5559 0.9964 0.0000
vt 0.2390 0.3407 0.0000
vt 0.2406 0.3556 0.0000
vt 0.9941 0.1395 0.0000
vt 0.9842 0.1387 0.0000
vt 0.2154 0.7034 0.0000
vt 0.2175 0.6886 0.0000
vt 0.1765 0.0844 0.0000
vt 0.1466 0.0863 0.0000
vt 0.1455 0.0888 0.0000
vt 0.1429 0.0887 0.0000
vt 0.1415 0.0860 0.0000
vt 0.7962 0.8583 0.0000
vt 0.8008 0.8588 0.0000
vt 0.8007 0.8678 0.0000
vt 0.7979 0.8675 0.0000
vt 0.4100 0.3972 0.0000
vt 0.4103 0.3926 0.0000
vt 0.4218 0.3929 0.0000
vt 0.4216 0.3957 0.0000
vt 0.7962 0.8819 0.0000
vt 0.7973 0.8782 0.0000
vt 0.8004 0.8806 0.0000
vt 0.7999 0.8822 0.0000
vt 0.9135 0.7693 0.0000
vt 0.9100 0.7705 0.0000
vt 0.9100 0.7666 0.0000
vt 0.9115 0.7661 0.0000
vt 0.0091 0.5699 0.0000
vt 0.0059 0.5682 0.0000
vt 0.0058 0.5641 0.0000
vt 0.7972 0.8855 0.0000
vt 0.8004 0.8837 0.0000
# 2646 texture coords

o Doctor_Frankenmallow
g Doctor_Frankenmallow
usemtl wire_255255255
s 1
f 1/1/1 2/2/2 3/3/2 
f 1/1/1 4/4/3 2/2/2 
f 5/5/4 6/6/5 7/7/6 
f 5/5/4 8/8/5 6/6/5 
f 9/9/7 10/10/8 11/11/9 12/12/10 
f 10/13/8 13/14/11 14/15/12 11/16/9 
f 15/17/13 16/18/14 17/19/15 18/20/16 
f 16/21/14 19/22/17 20/23/18 17/24/15 
s 8
f 12/12/10 11/11/9 21/25/19 22/26/20 
f 11/16/9 14/15/12 23/27/21 21/28/19 
f 18/20/16 17/19/15 24/29/22 25/30/23 
s 1
f 26/31/24 27/32/25 28/33/26 29/34/27 
f 27/35/25 30/36/28 31/37/29 28/38/26 
f 32/39/30 33/40/31 34/41/32 35/42/33 
f 33/43/31 36/44/34 37/45/35 34/46/32 
f 38/47/36 29/48/27 28/49/26 
f 38/47/36 28/49/26 31/50/29 
f 39/51/36 35/52/33 34/53/32 
f 39/51/36 34/53/32 37/54/35 
s 8
f 40/55/19 41/56/19 42/57/20 43/58/20 
f 44/59/21 45/60/21 41/61/19 40/62/19 
f 46/63/22 47/64/22 48/65/23 49/66/23 
s off
f 47/67/22 50/68/37 51/69/38 
f 46/70/22 24/71/22 52/72/39 53/73/40 
f 50/74/37 54/75/41 55/76/42 
s 8
f 21/25/19 40/55/19 43/58/20 22/26/20 
f 23/27/21 44/59/21 40/62/19 21/28/19 
f 24/29/22 46/63/22 49/66/23 25/30/23 
f 41/56/19 27/32/25 26/31/24 42/57/20 
f 45/60/21 30/36/28 27/35/25 41/61/19 
f 47/64/22 33/40/31 32/39/30 48/65/23 
s off
f 51/69/38 56/77/43 57/78/44 
f 50/68/37 56/77/43 51/69/38 
f 47/67/22 46/70/22 53/73/40 50/68/37 
f 51/69/38 33/43/31 47/67/22 
f 24/71/22 17/24/15 58/79/45 52/72/39 
f 54/75/41 59/80/46 55/76/42 
f 55/76/42 56/81/43 50/74/37 
f 57/82/44 56/83/43 55/84/42 
f 60/85/47 61/86/48 62/87/49 63/88/50 
f 64/89/51 65/90/52 66/91/53 67/92/54 
f 68/93/55 69/94/56 70/95/57 71/96/58 
f 69/94/56 72/97/59 73/98/60 70/95/57 
f 74/99/61 75/100/62 76/101/63 77/102/64 
f 78/103/65 79/104/66 80/105/67 81/106/68 
f 79/107/66 82/108/69 83/109/70 80/110/67 
f 82/108/69 84/111/71 85/112/72 83/109/70 
f 84/111/71 86/113/73 87/114/74 85/112/72 
f 86/113/73 88/115/75 89/116/76 87/114/74 
f 90/117/77 91/118/78 92/119/79 93/120/80 
f 59/121/46 54/122/41 94/123/81 95/124/82 
f 54/122/41 96/125/83 97/126/84 94/123/81 
f 96/125/83 98/127/85 99/128/86 97/126/84 
f 98/127/85 100/129/87 101/130/88 99/128/86 
f 102/131/89 103/132/90 104/133/91 105/134/92 
f 106/135/93 107/136/94 108/137/95 109/138/96 
f 19/139/17 16/140/14 110/141/5 111/142/5 
f 16/140/14 15/143/13 112/144/2 110/141/5 
f 13/145/11 10/146/8 113/147/2 114/148/2 
f 10/146/8 9/149/7 115/150/5 113/147/2 
f 111/142/5 110/141/5 6/6/5 8/8/5 
f 110/141/5 112/144/2 7/7/6 6/6/5 
f 114/148/2 113/147/2 2/2/2 4/4/3 
f 113/147/2 115/150/5 3/3/2 2/2/2 
f 116/151/97 117/152/98 118/153/99 119/154/100 
f 120/155/6 121/156/101 122/157/102 123/158/3 
f 121/156/101 124/159/103 125/160/104 122/157/102 
f 124/161/103 126/162/105 127/163/106 125/164/104 
f 126/162/105 128/165/107 129/166/19 127/163/106 
f 128/165/107 130/167/107 131/168/19 129/166/19 
f 130/167/107 132/169/107 133/170/19 131/168/19 
f 132/169/107 134/171/108 135/172/109 133/170/19 
f 32/39/30 35/42/33 136/173/110 
f 35/52/33 39/51/36 38/47/36 31/50/29 
f 137/174/111 138/175/112 139/176/113 140/177/114 
f 138/175/112 141/178/115 142/179/116 139/176/113 
f 141/178/115 143/180/117 109/181/96 142/179/116 
f 143/180/117 144/182/118 106/183/93 109/181/96 
f 144/182/118 145/184/119 107/185/94 106/183/93 
f 145/186/119 146/187/120 108/188/95 107/189/94 
f 146/187/120 147/190/121 148/191/122 108/188/95 
f 147/190/121 149/192/123 150/193/124 148/191/122 
f 149/192/123 151/194/125 152/195/126 150/193/124 
f 153/196/127 154/197/128 155/198/129 156/199/130 
f 154/200/128 157/201/131 158/202/132 155/203/129 
f 157/201/131 159/204/133 160/205/134 158/202/132 
f 159/206/133 161/207/135 162/208/136 160/209/134 
f 161/210/135 163/211/137 164/212/138 162/213/136 
f 163/211/137 165/214/139 166/215/140 164/212/138 
f 165/216/139 167/217/141 168/218/142 166/219/140 
f 167/220/141 169/221/143 170/222/144 168/223/142 
f 169/221/143 171/224/145 172/225/146 170/222/144 
f 171/224/145 173/226/147 174/227/148 172/225/146 
f 173/228/147 175/229/149 176/230/150 174/231/148 
f 175/229/149 153/232/127 156/233/130 176/230/150 
f 177/234/151 178/235/152 179/236/153 180/237/154 
f 178/235/152 181/238/155 182/239/156 179/236/153 
f 181/238/155 183/240/157 184/241/158 182/239/156 
f 183/240/157 185/242/159 186/243/160 184/241/158 
f 185/242/159 187/244/161 188/245/162 186/243/160 
f 187/244/161 189/246/163 190/247/164 188/245/162 
f 189/246/163 191/248/165 192/249/166 190/247/164 
f 191/248/165 193/250/167 194/251/168 192/249/166 
f 193/250/167 195/252/169 196/253/170 194/251/168 
f 195/252/169 197/254/171 198/255/172 196/253/170 
f 197/254/171 199/256/173 200/257/174 198/255/172 
f 199/256/173 177/234/151 180/237/154 200/257/174 
f 180/258/154 179/259/153 201/260/175 202/261/176 
f 179/262/153 182/263/156 203/264/177 201/265/175 
f 182/263/156 184/266/158 204/267/178 203/264/177 
f 184/268/158 186/269/160 205/270/179 204/271/178 
f 186/272/160 188/273/162 206/274/180 205/275/179 
f 188/273/162 190/276/164 207/277/181 206/274/180 
f 190/278/164 192/279/166 208/280/182 207/281/181 
f 192/279/166 194/282/168 209/283/183 208/280/182 
f 194/282/168 196/284/170 210/285/184 209/283/183 
f 196/284/170 198/286/172 211/287/185 210/285/184 
f 198/288/172 200/289/174 212/290/186 211/291/185 
f 200/289/174 180/292/154 202/293/176 212/290/186 
f 202/294/176 201/295/175 213/296/187 214/297/188 
f 201/295/175 203/298/177 215/299/189 213/296/187 
f 203/298/177 204/300/178 216/301/190 215/299/189 
f 204/300/178 205/302/179 217/303/191 216/301/190 
f 205/302/179 206/304/180 218/305/192 217/303/191 
f 206/304/180 207/306/181 219/307/193 218/305/192 
f 207/306/181 208/308/182 220/309/194 219/307/193 
f 208/308/182 209/310/183 221/311/195 220/309/194 
f 209/310/183 210/312/184 222/313/196 221/311/195 
f 210/312/184 211/314/185 223/315/197 222/313/196 
f 211/314/185 212/316/186 224/317/198 223/315/197 
f 212/316/186 202/294/176 214/297/188 224/317/198 
f 214/318/188 213/319/187 225/320/199 226/321/200 
f 213/322/187 215/323/189 227/324/201 225/325/199 
f 215/323/189 216/326/190 228/327/202 227/324/201 
f 216/328/190 217/329/191 229/330/203 228/331/202 
f 217/332/191 218/333/192 230/334/204 229/335/203 
f 218/333/192 219/336/193 231/337/205 230/334/204 
f 219/338/193 220/339/194 232/340/206 231/341/205 
f 220/339/194 221/342/195 233/343/207 232/340/206 
f 221/342/195 222/344/196 234/345/208 233/343/207 
f 222/344/196 223/346/197 235/347/209 234/345/208 
f 223/348/197 224/349/198 236/350/210 235/351/209 
f 224/349/198 214/352/188 226/353/200 236/350/210 
f 237/354/211 238/355/212 239/356/213 240/357/214 
f 241/358/215 242/359/216 243/360/217 244/361/218 
f 242/359/216 245/362/219 246/363/220 243/360/217 
f 245/362/219 247/364/221 248/365/222 246/363/220 
f 247/364/221 249/366/223 250/367/224 248/365/222 
f 251/368/225 252/369/226 253/370/227 254/371/228 
f 252/369/226 255/372/229 256/373/230 253/370/227 
f 257/374/231 258/375/232 259/376/233 260/377/234 
f 258/375/232 261/378/235 262/379/236 259/376/233 
f 261/378/235 263/380/237 264/381/238 262/379/236 
f 263/380/237 265/382/239 266/383/240 264/381/238 
f 265/384/239 267/385/241 268/386/242 266/387/240 
f 267/385/241 241/388/215 244/389/218 268/386/242 
f 250/390/224 269/391/243 270/392/244 271/393/245 
f 269/391/243 260/394/234 272/395/246 270/392/244 
f 260/377/234 259/376/233 73/396/60 272/397/246 
f 264/381/238 266/383/240 273/398/247 71/399/58 
f 266/387/240 268/386/242 274/400/248 273/401/247 
f 268/386/242 244/389/218 275/402/249 274/400/248 
f 270/403/244 72/404/59 276/405/250 277/406/251 
f 72/407/59 278/408/252 279/409/253 276/410/250 
f 278/411/252 271/412/245 280/413/254 279/414/253 
f 271/393/245 270/392/244 277/415/251 280/416/254 
f 72/417/59 69/418/56 281/419/255 282/420/256 
f 69/421/56 283/422/257 284/423/258 281/424/255 
f 283/425/257 278/411/252 285/426/259 284/427/258 
f 278/428/252 72/429/59 282/430/256 285/431/259 
f 69/432/56 68/433/55 286/434/260 287/435/261 
f 68/436/55 288/437/262 289/438/263 286/439/260 
f 288/440/262 283/425/257 290/441/264 289/442/263 
f 283/443/257 69/444/56 287/445/261 290/446/264 
f 68/447/55 274/448/248 291/449/265 292/450/266 
f 274/400/248 275/402/249 293/451/267 291/452/265 
f 275/453/249 288/440/262 294/454/268 293/455/267 
f 288/456/262 68/457/55 292/458/266 294/459/268 
f 287/435/261 286/434/260 295/460/269 296/461/270 
f 286/439/260 289/438/263 297/462/271 295/463/269 
f 289/442/263 290/441/264 298/464/272 297/465/271 
f 290/446/264 287/445/261 296/466/270 298/467/272 
f 282/420/256 281/419/255 299/468/273 300/469/274 
f 281/424/255 284/423/258 301/470/275 299/471/273 
f 284/427/258 285/426/259 302/472/276 301/473/275 
f 285/431/259 282/430/256 300/474/274 302/475/276 
f 292/450/266 291/449/265 303/476/277 304/477/278 
f 291/452/265 293/451/267 305/478/279 303/479/277 
f 293/455/267 294/454/268 306/480/280 305/481/279 
f 294/459/268 292/458/266 304/482/278 306/483/280 
f 277/406/251 276/405/250 307/484/281 308/485/282 
f 276/410/250 279/409/253 309/486/283 307/487/281 
f 279/414/253 280/413/254 310/488/284 309/489/283 
f 280/416/254 277/415/251 308/490/282 310/491/284 
f 296/461/270 295/460/269 311/492/285 312/493/286 
f 297/465/271 298/464/272 313/494/287 314/495/288 
f 300/469/274 299/468/273 315/496/289 316/497/290 
f 301/473/275 302/472/276 317/498/291 318/499/292 
f 304/477/278 303/476/277 319/500/293 320/501/294 
f 303/479/277 305/478/279 321/502/295 319/503/293 
f 308/485/282 307/484/281 322/504/296 323/505/297 
f 310/491/284 308/490/282 323/506/297 324/507/298 
f 312/508/286 311/509/285 240/510/214 239/511/213 
f 311/512/285 314/513/288 237/514/211 240/515/214 
f 314/516/288 313/517/287 238/355/212 237/354/211 
f 313/518/287 312/519/286 239/520/213 238/521/212 
f 316/522/290 315/523/289 325/524/299 326/525/300 
f 315/526/289 318/527/292 327/528/301 325/529/299 
f 318/530/292 317/531/291 328/532/302 327/533/301 
f 317/534/291 316/535/290 326/536/300 328/537/302 
f 320/538/294 319/539/293 329/540/303 330/541/304 
f 331/542/305 320/543/294 330/544/304 332/545/306 
f 323/546/297 322/547/296 333/548/307 334/549/308 
f 322/550/296 335/551/309 336/552/310 333/553/307 
f 337/554/311 338/555/312 154/197/128 153/196/127 
f 339/556/313 340/557/314 161/207/135 159/206/133 
f 341/558/315 342/559/316 252/560/226 251/561/225 
f 342/559/316 343/562/317 255/563/229 252/560/226 
f 343/564/317 344/565/318 256/566/230 255/567/229 
f 344/568/318 345/569/319 253/570/227 256/571/230 
f 345/569/319 346/572/320 254/573/228 253/570/227 
f 346/574/320 341/575/315 251/576/225 254/577/228 
f 74/578/61 77/579/64 103/580/90 102/581/89 
f 347/582/321 348/583/322 349/584/323 350/585/324 
f 348/586/322 351/587/325 352/588/326 349/589/323 
f 353/590/327 354/591/328 355/592/329 356/593/330 
f 357/594/331 358/595/332 359/596/333 360/597/334 
f 358/598/332 361/599/335 362/600/336 359/601/333 
f 361/599/335 363/602/337 364/603/338 362/600/336 
f 363/604/337 365/605/339 366/606/340 364/607/338 
f 367/608/341 368/609/342 369/610/343 370/611/344 
f 368/609/342 371/612/345 372/613/346 369/610/343 
f 371/614/345 360/597/334 373/615/347 372/616/346 
f 360/597/334 359/596/333 374/617/348 373/615/347 
f 359/601/333 362/600/336 375/618/349 374/619/348 
f 362/600/336 364/603/338 376/620/350 375/618/349 
f 364/607/338 366/606/340 377/621/351 376/622/350 
f 366/606/340 367/623/341 370/624/344 377/621/351 
f 370/611/344 369/610/343 378/625/343 379/626/344 
f 369/610/343 372/613/346 380/627/346 378/625/343 
f 372/616/346 373/615/347 381/628/347 380/629/346 
f 373/615/347 374/617/348 382/630/348 381/628/347 
f 374/619/348 375/618/349 383/631/349 382/632/348 
f 375/618/349 376/620/350 384/633/350 383/631/349 
f 376/622/350 377/621/351 385/634/351 384/635/350 
f 377/621/351 370/624/344 379/636/344 385/634/351 
f 379/626/344 378/625/343 386/637/343 387/638/344 
f 378/625/343 380/627/346 388/639/352 386/637/343 
f 380/629/346 381/628/347 389/640/347 388/641/352 
f 381/628/347 382/630/348 390/642/348 389/640/347 
f 382/632/348 383/631/349 391/643/353 390/644/348 
f 383/631/349 384/633/350 392/645/350 391/643/353 
f 384/635/350 385/634/351 393/646/351 392/647/350 
f 385/634/351 379/636/344 387/648/344 393/646/351 
f 387/638/344 386/637/343 394/649/354 395/650/355 
f 386/637/343 388/639/352 396/651/356 394/649/354 
f 388/641/352 389/640/347 397/652/357 396/653/356 
f 389/640/347 390/642/348 398/654/358 397/652/357 
f 390/644/348 391/643/353 399/655/359 398/656/358 
f 391/643/353 392/645/350 400/657/360 399/655/359 
f 392/647/350 393/646/351 401/658/361 400/659/360 
f 393/646/351 387/648/344 395/660/355 401/658/361 
f 395/661/355 394/662/354 402/663/362 403/664/363 
f 394/662/354 396/665/356 404/666/364 402/663/362 
f 396/665/356 397/667/357 405/668/365 404/666/364 
f 397/667/357 398/669/358 406/670/366 405/668/365 
f 398/669/358 399/671/359 407/672/367 406/670/366 
f 399/671/359 400/673/360 408/674/368 407/672/367 
f 400/673/360 401/675/361 409/676/369 408/674/368 
f 401/675/361 395/661/355 403/664/363 409/676/369 
f 403/677/363 402/678/362 410/679/370 411/680/371 
f 402/678/362 404/681/364 412/682/372 410/679/370 
f 404/683/364 405/684/365 413/685/373 412/686/372 
f 405/684/365 406/687/366 414/688/374 413/685/373 
f 406/689/366 407/690/367 415/691/375 414/692/374 
f 407/690/367 408/693/368 416/694/376 415/691/375 
f 408/695/368 409/696/369 417/697/377 416/698/376 
f 409/696/369 403/699/363 411/700/371 417/697/377 
f 411/680/371 410/679/370 418/701/378 419/702/379 
f 410/679/370 412/682/372 420/703/380 418/701/378 
f 413/704/373 414/705/374 421/706/381 422/707/382 
f 414/692/374 415/691/375 423/708/383 421/709/381 
f 416/698/376 417/697/377 424/710/384 425/711/385 
f 417/697/377 411/700/371 419/712/379 424/710/384 
f 419/702/379 418/701/378 426/713/386 427/714/387 
f 418/701/378 420/703/380 428/715/388 426/713/386 
f 420/703/380 422/716/382 429/717/389 428/715/388 
f 422/718/382 421/719/381 430/720/390 429/721/389 
f 421/709/381 423/708/383 431/722/391 430/723/390 
f 423/708/383 425/724/385 432/725/392 431/722/391 
f 425/711/385 424/710/384 433/726/393 432/727/392 
f 424/710/384 419/712/379 427/728/387 433/726/393 
f 15/17/13 18/20/16 434/729/394 435/730/395 
f 18/20/16 25/30/23 436/731/107 434/729/394 
f 25/30/23 49/66/23 437/732/107 436/731/107 
f 49/66/23 48/65/23 438/733/107 437/732/107 
f 48/65/23 32/39/30 136/173/110 438/733/107 
f 30/36/28 45/60/21 439/734/19 440/735/396 
f 45/60/21 44/59/21 441/736/397 439/734/19 
f 44/59/21 23/27/21 442/737/19 441/736/397 
f 23/27/21 14/15/12 443/738/398 442/737/19 
f 14/15/12 13/14/11 444/739/399 443/738/398 
f 13/145/11 114/148/2 445/740/102 444/741/399 
f 114/148/2 4/4/3 446/742/400 445/740/102 
f 7/7/6 112/144/2 447/743/101 448/744/401 
f 112/144/2 15/143/13 435/745/395 447/743/101 
f 5/746/4 7/747/6 449/748/401 450/749/402 
f 7/750/6 448/751/401 120/752/6 449/753/401 
f 448/754/401 447/755/101 121/756/101 120/757/6 
f 447/755/101 435/758/395 124/759/103 121/756/101 
f 435/758/395 434/760/394 126/761/105 124/759/103 
f 434/760/394 436/762/107 128/763/107 126/761/105 
f 436/762/107 437/764/107 130/765/107 128/763/107 
f 437/764/107 438/766/107 132/767/107 130/765/107 
f 438/766/107 136/768/110 134/769/108 132/767/107 
f 136/173/110 440/735/396 135/172/109 134/171/108 
f 440/770/396 439/771/19 133/772/19 135/773/109 
f 439/771/19 441/774/397 131/775/19 133/772/19 
f 441/774/397 442/776/19 129/777/19 131/775/19 
f 442/776/19 443/778/398 127/779/106 129/777/19 
f 443/778/398 444/780/399 125/781/104 127/779/106 
f 444/780/399 445/782/102 122/783/102 125/781/104 
f 445/782/102 446/784/400 123/785/3 122/783/102 
f 446/786/400 4/787/3 451/788/400 123/789/3 
f 4/790/3 1/791/1 452/792/403 451/793/400 
f 1/794/1 5/795/4 450/796/402 452/797/403 
f 120/155/6 123/158/3 453/798/404 454/799/405 
f 123/158/3 451/800/400 453/798/404 
f 451/800/400 452/801/403 455/802/406 453/798/404 
f 452/801/403 450/803/402 456/804/407 455/802/406 
f 450/803/402 449/805/401 454/799/405 456/804/407 
f 449/805/401 120/155/6 454/799/405 
f 31/37/29 30/36/28 440/735/396 
f 440/735/396 136/173/110 35/42/33 31/37/29 
f 457/806/408 458/807/409 459/808/410 
f 454/809/405 453/810/404 118/811/99 117/812/98 
f 453/813/404 455/814/406 119/815/100 118/816/99 
f 455/817/406 456/818/407 116/819/97 119/820/100 
f 456/821/407 454/822/405 117/823/98 116/824/97 
f 76/101/63 460/825/411 461/826/412 77/102/64 
f 80/105/67 462/827/413 463/828/414 81/106/68 
f 83/109/70 464/829/415 462/830/413 80/110/67 
f 85/112/72 465/831/416 464/829/415 83/109/70 
f 87/114/74 466/832/417 465/831/416 85/112/72 
f 89/116/76 467/833/418 466/832/417 87/114/74 
f 103/132/90 468/834/419 469/835/420 104/133/91 
f 89/116/76 88/115/75 105/836/92 104/837/91 
f 351/587/325 467/833/418 469/838/420 352/588/326 
f 470/839/421 471/840/422 347/841/321 472/842/423 
f 473/843/424 474/844/425 475/845/426 476/846/427 
f 477/847/428 478/848/429 474/849/425 473/850/424 
f 479/851/430 480/852/431 478/848/429 477/847/428 
f 481/853/432 482/854/433 480/852/431 479/851/430 
f 351/587/325 348/586/322 482/854/433 481/853/432 
f 460/825/411 470/839/421 472/842/423 461/826/412 
f 462/827/413 473/843/424 476/846/427 463/828/414 
f 464/829/415 477/847/428 473/850/424 462/830/413 
f 465/831/416 479/851/430 477/847/428 464/829/415 
f 466/832/417 481/853/432 479/851/430 465/831/416 
f 467/833/418 351/587/325 481/853/432 466/832/417 
f 468/834/419 483/855/434 352/856/326 469/835/420 
f 461/857/412 472/858/423 483/859/434 468/860/419 
f 467/833/418 89/116/76 104/837/91 469/838/420 
s 1
f 1/1/1 3/3/2 484/861/2 
f 1/1/1 484/861/2 485/862/435 
f 5/5/4 486/863/436 487/864/5 
f 5/5/4 487/864/5 8/8/5 
f 9/9/7 12/12/10 488/865/437 489/866/438 
f 489/867/438 488/868/437 490/869/439 491/870/440 
f 492/871/441 493/872/442 494/873/443 495/874/444 
f 495/875/444 494/876/443 20/23/18 19/22/17 
s 8
f 12/12/10 22/26/20 496/877/445 488/865/437 
f 488/868/437 496/878/445 497/879/446 490/869/439 
f 493/872/442 498/880/447 499/881/448 494/873/443 
s 1
f 26/31/24 29/34/27 500/882/449 501/883/450 
f 501/884/450 500/885/449 502/886/451 503/887/452 
f 504/888/453 505/889/454 506/890/455 507/891/456 
f 507/892/456 506/893/455 37/45/35 36/44/34 
f 38/47/36 500/894/449 29/48/27 
f 38/47/36 502/895/451 500/894/449 
f 39/51/36 506/896/455 505/897/454 
f 39/51/36 37/54/35 506/896/455 
s 8
f 508/898/445 43/58/20 42/57/20 509/899/445 
f 510/900/446 508/901/445 509/902/445 511/903/446 
f 512/904/448 513/905/447 514/906/447 515/907/448 
s off
f 515/908/448 516/909/457 517/910/458 
f 512/911/448 518/912/459 519/913/460 499/914/448 
f 517/915/458 520/916/461 521/917/462 
s 8
f 496/877/445 22/26/20 43/58/20 508/898/445 
f 497/879/446 496/878/445 508/901/445 510/900/446 
f 499/881/448 498/880/447 513/905/447 512/904/448 
f 509/899/445 42/57/20 26/31/24 501/883/450 
f 511/903/446 509/902/445 501/884/450 503/887/452 
f 515/907/448 514/906/447 504/888/453 507/891/456 
s off
f 516/909/457 522/918/463 523/919/464 
f 517/910/458 516/909/457 523/919/464 
f 515/908/448 517/910/458 518/912/459 512/911/448 
f 516/909/457 515/908/448 507/892/456 
f 499/914/448 519/913/460 524/920/465 494/876/443 
f 521/917/462 520/916/461 525/921/466 
f 520/916/461 517/915/458 523/922/464 
f 522/923/463 520/924/461 523/925/464 
f 526/926/467 527/927/468 528/928/469 
f 64/89/51 67/92/54 529/929/470 530/930/471 
f 531/931/472 532/932/473 533/933/474 534/934/475 
f 534/934/475 533/933/474 535/935/476 536/936/477 
f 537/937/478 538/938/479 76/101/63 75/100/62 
f 78/103/65 81/106/68 539/939/480 540/940/481 
f 540/941/481 539/942/480 541/943/482 542/944/483 
f 542/944/483 541/943/482 543/945/484 544/946/485 
f 544/946/485 543/945/484 545/947/486 546/948/487 
f 546/948/487 545/947/486 547/949/488 548/950/489 
f 90/117/77 93/120/80 549/951/490 550/952/491 
f 525/953/466 551/954/492 552/955/493 521/956/462 
f 521/956/462 552/955/493 553/957/494 554/958/495 
f 554/958/495 553/957/494 555/959/496 556/960/497 
f 556/960/497 555/959/496 557/961/498 558/962/499 
f 559/963/500 560/964/501 561/965/502 562/966/503 
f 563/967/504 564/968/505 565/969/506 566/970/507 
f 19/139/17 111/142/5 567/971/5 495/972/444 
f 495/972/444 567/971/5 568/973/2 492/974/441 
f 491/975/440 569/976/508 570/977/2 489/978/438 
f 489/978/438 570/977/2 115/150/5 9/149/7 
f 111/142/5 8/8/5 487/864/5 567/971/5 
f 567/971/5 487/864/5 486/863/436 568/973/2 
f 569/976/508 485/862/435 484/861/2 570/977/2 
f 570/977/2 484/861/2 3/3/2 115/150/5 
f 571/979/509 572/980/510 573/981/511 574/982/512 
f 575/983/436 576/984/435 577/985/513 578/986/101 
f 578/986/101 577/985/513 579/987/514 580/988/515 
f 580/989/515 579/990/514 581/991/516 582/992/517 
f 582/992/517 581/991/516 583/993/445 584/994/518 
f 584/994/518 583/993/445 585/995/445 586/996/518 
f 586/996/518 585/995/445 587/997/445 588/998/518 
f 588/998/518 587/997/445 589/999/519 590/1000/520 
f 504/888/453 591/1001/521 505/889/454 
f 505/897/454 502/895/451 38/47/36 39/51/36 
f 592/1002/522 593/1003/523 594/1004/524 595/1005/525 
f 595/1005/525 594/1004/524 596/1006/526 597/1007/527 
f 597/1007/527 596/1006/526 564/1008/505 598/1009/528 
f 598/1009/528 564/1008/505 563/1010/504 599/1011/529 
f 599/1011/529 563/1010/504 566/1012/507 600/1013/530 
f 600/1014/530 566/1015/507 565/1016/506 601/1017/531 
f 601/1017/531 565/1016/506 602/1018/532 603/1019/533 
f 603/1019/533 602/1018/532 604/1020/534 605/1021/535 
f 605/1021/535 604/1020/534 606/1022/536 607/1023/537 
f 608/1024/538 609/1025/539 610/1026/540 611/1027/541 
f 611/1028/541 610/1029/540 612/1030/542 613/1031/543 
f 613/1031/543 612/1030/542 614/1032/544 615/1033/545 
f 615/1034/545 614/1035/544 616/1036/546 617/1037/547 
f 617/1038/547 616/1039/546 618/1040/548 619/1041/549 
f 619/1041/549 618/1040/548 620/1042/550 621/1043/551 
f 621/1044/551 620/1045/550 622/1046/552 623/1047/553 
f 623/1048/553 622/1049/552 624/1050/554 625/1051/555 
f 625/1051/555 624/1050/554 626/1052/556 627/1053/557 
f 627/1053/557 626/1052/556 628/1054/558 629/1055/559 
f 629/1056/559 628/1057/558 630/1058/560 631/1059/561 
f 631/1059/561 630/1058/560 609/1060/539 608/1061/538 
f 632/1062/562 633/1063/563 634/1064/564 635/1065/565 
f 635/1065/565 634/1064/564 636/1066/566 637/1067/567 
f 637/1067/567 636/1066/566 638/1068/568 639/1069/569 
f 639/1069/569 638/1068/568 640/1070/570 641/1071/571 
f 641/1071/571 640/1070/570 642/1072/572 643/1073/573 
f 643/1073/573 642/1072/572 644/1074/574 645/1075/575 
f 645/1075/575 644/1074/574 646/1076/576 647/1077/577 
f 647/1077/577 646/1076/576 648/1078/578 649/1079/579 
f 649/1079/579 648/1078/578 650/1080/580 651/1081/581 
f 651/1081/581 650/1080/580 652/1082/582 653/1083/583 
f 653/1083/583 652/1082/582 654/1084/584 655/1085/585 
f 655/1085/585 654/1084/584 633/1063/563 632/1062/562 
f 633/1086/563 656/1087/586 657/1088/587 634/1089/564 
f 634/1090/564 657/1091/587 658/1092/588 636/1093/566 
f 636/1093/566 658/1092/588 659/1094/589 638/1095/568 
f 638/1096/568 659/1097/589 660/1098/590 640/1099/570 
f 640/1100/570 660/1101/590 661/1102/591 642/1103/572 
f 642/1103/572 661/1102/591 662/1104/592 644/1105/574 
f 644/1106/574 662/1107/592 663/1108/593 646/1109/576 
f 646/1109/576 663/1108/593 664/1110/594 648/1111/578 
f 648/1111/578 664/1110/594 665/1112/595 650/1113/580 
f 650/1113/580 665/1112/595 666/1114/596 652/1115/582 
f 652/1116/582 666/1117/596 667/1118/597 654/1119/584 
f 654/1119/584 667/1118/597 656/1120/586 633/1121/563 
f 656/1122/586 668/1123/598 669/1124/599 657/1125/587 
f 657/1125/587 669/1124/599 670/1126/600 658/1127/588 
f 658/1127/588 670/1126/600 671/1128/601 659/1129/589 
f 659/1129/589 671/1128/601 672/1130/602 660/1131/590 
f 660/1131/590 672/1130/602 673/1132/603 661/1133/591 
f 661/1133/591 673/1132/603 674/1134/604 662/1135/592 
f 662/1135/592 674/1134/604 675/1136/605 663/1137/593 
f 663/1137/593 675/1136/605 676/1138/606 664/1139/594 
f 664/1139/594 676/1138/606 677/1140/607 665/1141/595 
f 665/1141/595 677/1140/607 678/1142/608 666/1143/596 
f 666/1143/596 678/1142/608 679/1144/609 667/1145/597 
f 667/1145/597 679/1144/609 668/1123/598 656/1122/586 
f 668/1146/598 680/1147/610 681/1148/611 669/1149/599 
f 669/1150/599 681/1151/611 682/1152/612 670/1153/600 
f 670/1153/600 682/1152/612 683/1154/613 671/1155/601 
f 671/1156/601 683/1157/613 684/1158/614 672/1159/602 
f 672/1160/602 684/1161/614 685/1162/615 673/1163/603 
f 673/1163/603 685/1162/615 686/1164/616 674/1165/604 
f 674/1166/604 686/1167/616 687/1168/617 675/1169/605 
f 675/1169/605 687/1168/617 688/1170/618 676/1171/606 
f 676/1171/606 688/1170/618 689/1172/619 677/1173/607 
f 677/1173/607 689/1172/619 690/1174/620 678/1175/608 
f 678/1176/608 690/1177/620 691/1178/621 679/1179/609 
f 679/1179/609 691/1178/621 680/1180/610 668/1181/598 
f 692/1182/622 693/1183/623 694/1184/624 695/1185/625 
f 696/1186/626 697/1187/627 698/1188/628 699/1189/629 
f 699/1189/629 698/1188/628 700/1190/630 701/1191/631 
f 701/1191/631 700/1190/630 702/1192/632 703/1193/633 
f 703/1193/633 702/1192/632 704/1194/634 705/1195/635 
f 706/1196/636 707/1197/637 708/1198/638 709/1199/639 
f 709/1199/639 708/1198/638 710/1200/640 711/1201/641 
f 712/1202/642 713/1203/643 714/1204/644 715/1205/645 
f 715/1205/645 714/1204/644 716/1206/646 717/1207/647 
f 717/1207/647 716/1206/646 718/1208/648 719/1209/649 
f 719/1209/649 718/1208/648 720/1210/650 721/1211/651 
f 721/1212/651 720/1213/650 722/1214/652 723/1215/653 
f 723/1215/653 722/1214/652 697/1216/627 696/1217/626 
f 704/1218/634 724/1219/654 725/1220/655 726/1221/656 
f 726/1221/656 725/1220/655 727/1222/657 713/1223/643 
f 713/1203/643 727/1224/657 535/1225/476 714/1204/644 
f 718/1208/648 532/1226/473 728/1227/658 720/1210/650 
f 720/1213/650 728/1228/658 729/1229/659 722/1214/652 
f 722/1214/652 729/1229/659 730/1230/660 697/1216/627 
f 725/1231/655 731/1232/661 732/1233/662 536/1234/477 
f 536/1235/477 732/1236/662 733/1237/663 734/1238/664 
f 734/1239/664 733/1240/663 735/1241/665 724/1242/654 
f 724/1219/654 735/1243/665 731/1244/661 725/1220/655 
f 536/1245/477 736/1246/666 737/1247/667 534/1248/475 
f 534/1249/475 737/1250/667 738/1251/668 739/1252/669 
f 739/1253/669 738/1254/668 740/1255/670 734/1239/664 
f 734/1256/664 740/1257/670 736/1258/666 536/1259/477 
f 534/1260/475 741/1261/671 742/1262/672 531/1263/472 
f 531/1264/472 742/1265/672 743/1266/673 744/1267/674 
f 744/1268/674 743/1269/673 745/1270/675 739/1253/669 
f 739/1271/669 745/1272/675 741/1273/671 534/1274/475 
f 531/1275/472 746/1276/676 747/1277/677 729/1278/659 
f 729/1229/659 747/1279/677 748/1280/678 730/1230/660 
f 730/1281/660 748/1282/678 749/1283/679 744/1268/674 
f 744/1284/674 749/1285/679 746/1286/676 531/1287/472 
f 741/1261/671 750/1288/680 751/1289/681 742/1262/672 
f 742/1265/672 751/1290/681 752/1291/682 743/1266/673 
f 743/1269/673 752/1292/682 753/1293/683 745/1270/675 
f 745/1272/675 753/1294/683 750/1295/680 741/1273/671 
f 736/1246/666 754/1296/684 755/1297/685 737/1247/667 
f 737/1250/667 755/1298/685 756/1299/686 738/1251/668 
f 738/1254/668 756/1300/686 757/1301/687 740/1255/670 
f 740/1257/670 757/1302/687 754/1303/684 736/1258/666 
f 746/1276/676 758/1304/688 759/1305/689 747/1277/677 
f 747/1279/677 759/1306/689 760/1307/690 748/1280/678 
f 748/1282/678 760/1308/690 761/1309/691 749/1283/679 
f 749/1285/679 761/1310/691 758/1311/688 746/1286/676 
f 731/1232/661 762/1312/692 763/1313/693 732/1233/662 
f 732/1236/662 763/1314/693 764/1315/694 733/1237/663 
f 733/1240/663 764/1316/694 765/1317/695 735/1241/665 
f 735/1243/665 765/1318/695 762/1319/692 731/1244/661 
f 750/1288/680 766/1320/696 767/1321/697 751/1289/681 
f 752/1292/682 768/1322/698 769/1323/699 753/1293/683 
f 754/1296/684 770/1324/700 771/1325/701 755/1297/685 
f 756/1300/686 772/1326/702 773/1327/703 757/1301/687 
f 758/1304/688 774/1328/704 775/1329/705 759/1305/689 
f 759/1306/689 775/1330/705 776/1331/706 760/1307/690 
f 762/1312/692 777/1332/707 778/1333/708 763/1313/693 
f 765/1318/695 779/1334/709 777/1335/707 762/1319/692 
f 766/1336/696 694/1337/624 693/1338/623 767/1339/697 
f 767/1340/697 693/1341/623 692/1342/622 768/1343/698 
f 768/1344/698 692/1182/622 695/1185/625 769/1345/699 
f 769/1346/699 695/1347/625 694/1348/624 766/1349/696 
f 770/1350/700 780/1351/710 781/1352/711 771/1353/701 
f 771/1354/701 781/1355/711 782/1356/712 772/1357/702 
f 772/1358/702 782/1359/712 783/1360/713 773/1361/703 
f 773/1362/703 783/1363/713 780/1364/710 770/1365/700 
f 774/1366/704 784/1367/714 785/1368/715 775/1369/705 
f 786/1370/716 787/1371/717 784/1372/714 774/1373/704 
f 777/1374/707 788/1375/718 789/1376/719 778/1377/708 
f 778/1378/708 789/1379/719 790/1380/720 791/1381/721 
f 792/1382/722 608/1024/538 611/1027/541 793/1383/723 
f 794/1384/724 615/1034/545 617/1037/547 795/1385/725 
f 796/1386/726 706/1387/636 709/1388/639 797/1389/727 
f 797/1389/727 709/1388/639 711/1390/641 798/1391/728 
f 798/1392/728 711/1393/641 710/1394/640 799/1395/729 
f 799/1396/729 710/1397/640 708/1398/638 800/1399/730 
f 800/1399/730 708/1398/638 707/1400/637 801/1401/731 
f 801/1402/731 707/1403/637 706/1404/636 796/1405/726 
f 537/1406/478 559/1407/500 562/1408/503 538/1409/479 
f 802/1410/732 803/1411/733 804/1412/734 805/1413/735 
f 805/1414/735 804/1415/734 806/1416/736 807/1417/737 
f 808/1418/738 809/1419/739 810/1420/740 811/1421/741 
f 812/1422/742 813/1423/743 814/1424/744 815/1425/745 
f 815/1426/745 814/1427/744 816/1428/746 817/1429/747 
f 817/1429/747 816/1428/746 818/1430/748 819/1431/749 
f 819/1432/749 818/1433/748 820/1434/750 821/1435/751 
f 822/1436/752 823/1437/753 824/1438/754 825/1439/755 
f 825/1439/755 824/1438/754 826/1440/756 827/1441/757 
f 827/1442/757 826/1443/756 828/1444/758 813/1423/743 
f 813/1423/743 828/1444/758 829/1445/759 814/1424/744 
f 814/1427/744 829/1446/759 830/1447/760 816/1428/746 
f 816/1428/746 830/1447/760 831/1448/761 818/1430/748 
f 818/1433/748 831/1449/761 832/1450/762 820/1434/750 
f 820/1434/750 832/1450/762 823/1451/753 822/1452/752 
f 823/1437/753 833/1453/753 834/1454/754 824/1438/754 
f 824/1438/754 834/1454/754 835/1455/756 826/1440/756 
f 826/1443/756 835/1456/756 836/1457/758 828/1444/758 
f 828/1444/758 836/1457/758 837/1458/759 829/1445/759 
f 829/1446/759 837/1459/759 838/1460/760 830/1447/760 
f 830/1447/760 838/1460/760 839/1461/761 831/1448/761 
f 831/1449/761 839/1462/761 840/1463/762 832/1450/762 
f 832/1450/762 840/1463/762 833/1464/753 823/1451/753 
f 833/1453/753 841/1465/753 842/1466/754 834/1454/754 
f 834/1454/754 842/1466/754 843/1467/763 835/1455/756 
f 835/1456/756 843/1468/763 844/1469/758 836/1457/758 
f 836/1457/758 844/1469/758 845/1470/759 837/1458/759 
f 837/1459/759 845/1471/759 846/1472/764 838/1460/760 
f 838/1460/760 846/1472/764 847/1473/761 839/1461/761 
f 839/1462/761 847/1474/761 848/1475/762 840/1463/762 
f 840/1463/762 848/1475/762 841/1476/753 833/1464/753 
f 841/1465/753 849/1477/765 850/1478/766 842/1466/754 
f 842/1466/754 850/1478/766 851/1479/767 843/1467/763 
f 843/1468/763 851/1480/767 852/1481/768 844/1469/758 
f 844/1469/758 852/1481/768 853/1482/769 845/1470/759 
f 845/1471/759 853/1483/769 854/1484/770 846/1472/764 
f 846/1472/764 854/1484/770 855/1485/771 847/1473/761 
f 847/1474/761 855/1486/771 856/1487/772 848/1475/762 
f 848/1475/762 856/1487/772 849/1488/765 841/1476/753 
f 849/1489/765 857/1490/773 858/1491/774 850/1492/766 
f 850/1492/766 858/1491/774 859/1493/775 851/1494/767 
f 851/1494/767 859/1493/775 860/1495/776 852/1496/768 
f 852/1496/768 860/1495/776 861/1497/777 853/1498/769 
f 853/1498/769 861/1497/777 862/1499/778 854/1500/770 
f 854/1500/770 862/1499/778 863/1501/779 855/1502/771 
f 855/1502/771 863/1501/779 864/1503/780 856/1504/772 
f 856/1504/772 864/1503/780 857/1490/773 849/1489/765 
f 857/1505/773 865/1506/781 866/1507/782 858/1508/774 
f 858/1508/774 866/1507/782 867/1509/783 859/1510/775 
f 859/1511/775 867/1512/783 868/1513/784 860/1514/776 
f 860/1514/776 868/1513/784 869/1515/785 861/1516/777 
f 861/1517/777 869/1518/785 870/1519/786 862/1520/778 
f 862/1520/778 870/1519/786 871/1521/787 863/1522/779 
f 863/1523/779 871/1524/787 872/1525/788 864/1526/780 
f 864/1526/780 872/1525/788 865/1527/781 857/1528/773 
f 865/1506/781 873/1529/789 874/1530/790 866/1507/782 
f 866/1507/782 874/1530/790 875/1531/791 867/1509/783 
f 868/1532/784 876/1533/792 877/1534/793 869/1535/785 
f 869/1518/785 877/1536/793 878/1537/794 870/1519/786 
f 871/1524/787 879/1538/795 880/1539/796 872/1525/788 
f 872/1525/788 880/1539/796 873/1540/789 865/1527/781 
f 873/1529/789 881/1541/797 882/1542/798 874/1530/790 
f 874/1530/790 882/1542/798 883/1543/799 875/1531/791 
f 875/1531/791 883/1543/799 884/1544/800 876/1545/792 
f 876/1546/792 884/1547/800 885/1548/801 877/1549/793 
f 877/1536/793 885/1550/801 886/1551/802 878/1537/794 
f 878/1537/794 886/1551/802 887/1552/803 879/1553/795 
f 879/1538/795 887/1554/803 888/1555/804 880/1539/796 
f 880/1539/796 888/1555/804 881/1556/797 873/1540/789 
f 492/871/441 889/1557/805 890/1558/806 493/872/442 
f 493/872/442 890/1558/806 891/1559/518 498/880/447 
f 498/880/447 891/1559/518 892/1560/518 513/905/447 
f 513/905/447 892/1560/518 893/1561/518 514/906/447 
f 514/906/447 893/1561/518 591/1001/521 504/888/453 
f 503/887/452 894/1562/807 895/1563/445 511/903/446 
f 511/903/446 895/1563/445 896/1564/445 510/900/446 
f 510/900/446 896/1564/445 897/1565/445 497/879/446 
f 497/879/446 897/1565/445 898/1566/808 490/869/439 
f 490/869/439 898/1566/808 899/1567/809 491/870/440 
f 491/975/440 899/1568/809 900/1569/102 569/976/508 
f 569/976/508 900/1569/102 901/1570/810 485/862/435 
f 486/863/436 902/1571/811 903/1572/101 568/973/2 
f 568/973/2 903/1572/101 889/1573/805 492/974/441 
f 5/1574/4 904/1575/812 905/1576/811 486/1577/436 
f 486/1578/436 905/1579/811 575/1580/436 902/1581/811 
f 902/1582/811 575/1583/436 578/1584/101 903/1585/101 
f 903/1585/101 578/1584/101 580/1586/515 889/1587/805 
f 889/1587/805 580/1586/515 582/1588/517 890/1589/806 
f 890/1589/806 582/1588/517 584/1590/518 891/1591/518 
f 891/1591/518 584/1590/518 586/1592/518 892/1593/518 
f 892/1593/518 586/1592/518 588/1594/518 893/1595/518 
f 893/1595/518 588/1594/518 590/1596/520 591/1597/521 
f 591/1001/521 590/1000/520 589/999/519 894/1562/807 
f 894/1598/807 589/1599/519 587/1600/445 895/1601/445 
f 895/1601/445 587/1600/445 585/1602/445 896/1603/445 
f 896/1603/445 585/1602/445 583/1604/445 897/1605/445 
f 897/1605/445 583/1604/445 581/1606/516 898/1607/808 
f 898/1607/808 581/1606/516 579/1608/514 899/1609/809 
f 899/1609/809 579/1608/514 577/1610/513 900/1611/102 
f 900/1611/102 577/1610/513 576/1612/435 901/1613/810 
f 901/1614/810 576/1615/435 906/1616/810 485/1617/435 
f 485/1618/435 906/1619/810 907/1620/813 1/1621/1 
f 1/1622/1 907/1623/813 904/1624/812 5/1625/4 
f 575/983/436 908/1626/814 909/1627/815 576/984/435 
f 576/984/435 909/1627/815 906/1628/810 
f 906/1628/810 909/1627/815 910/1629/816 907/1630/813 
f 907/1630/813 910/1629/816 911/1631/817 904/1632/812 
f 904/1632/812 911/1631/817 908/1626/814 905/1633/811 
f 905/1633/811 908/1626/814 575/983/436 
f 502/886/451 894/1562/807 503/887/452 
f 894/1562/807 502/886/451 505/889/454 591/1001/521 
f 912/1634/818 913/1635/819 914/1636/820 
f 908/1637/814 574/1638/512 573/1639/511 909/1640/815 
f 909/1641/815 573/1642/511 572/1643/510 910/1644/816 
f 910/1645/816 572/1646/510 571/1647/509 911/1648/817 
f 911/1649/817 571/1650/509 574/1651/512 908/1652/814 
f 76/101/63 538/938/479 915/1653/821 460/825/411 
f 539/939/480 81/106/68 463/828/414 916/1654/822 
f 541/943/482 539/942/480 916/1655/822 917/1656/823 
f 543/945/484 541/943/482 917/1656/823 918/1657/824 
f 545/947/486 543/945/484 918/1657/824 919/1658/825 
f 547/949/488 545/947/486 919/1658/825 920/1659/826 
f 562/966/503 561/965/502 921/1660/827 922/1661/828 
f 547/949/488 561/1662/502 560/1663/501 548/950/489 
f 807/1417/737 806/1416/736 921/1664/827 920/1659/826 
f 470/839/421 923/1665/829 802/1666/732 471/840/422 
f 924/1667/830 476/846/427 475/845/426 925/1668/831 
f 926/1669/832 924/1670/830 925/1671/831 927/1672/833 
f 928/1673/834 926/1669/832 927/1672/833 929/1674/835 
f 930/1675/836 928/1673/834 929/1674/835 931/1676/837 
f 807/1417/737 930/1675/836 931/1676/837 805/1414/735 
f 460/825/411 915/1653/821 923/1665/829 470/839/421 
f 916/1654/822 463/828/414 476/846/427 924/1667/830 
f 917/1656/823 916/1655/822 924/1670/830 926/1669/832 
f 918/1657/824 917/1656/823 926/1669/832 928/1673/834 
f 919/1658/825 918/1657/824 928/1673/834 930/1675/836 
f 920/1659/826 919/1658/825 930/1675/836 807/1417/737 
f 922/1661/828 921/1660/827 806/1677/736 932/1678/838 
f 915/1679/821 922/1680/828 932/1681/838 923/1682/829 
f 920/1659/826 921/1664/827 561/1662/502 547/949/488 
f 61/86/48 933/1683/839 934/1684/840 
f 934/1685/840 935/1686/841 936/1687/842 937/1688/843 
f 935/1689/841 938/1690/844 939/1691/845 936/1692/842 
f 938/1693/844 940/1694/846 941/1695/847 939/1696/845 
f 940/1697/846 942/1698/848 943/1699/849 941/1700/847 
f 942/1701/848 934/1685/840 937/1688/843 943/1702/849 
f 944/1703/850 945/1704/851 946/1705/852 947/1706/853 
f 948/1707/854 949/1708/855 950/1709/856 951/1710/857 
f 952/1711/858 953/1712/859 954/1713/860 955/1714/861 
f 956/1715/862 957/1716/863 958/1717/864 959/1718/865 
f 960/1719/866 961/1720/867 962/1721/868 963/1722/869 
f 943/1723/849 937/1724/843 961/1725/867 960/1726/866 
f 964/1727/870 965/1728/871 963/1729/869 962/1730/868 
f 937/1731/843 936/1732/842 945/1733/851 944/1734/850 
f 966/1735/872 964/1736/870 947/1737/853 946/1738/852 
f 941/1739/847 943/1740/849 957/1741/863 956/1742/862 
f 965/1743/871 967/1744/873 959/1745/865 958/1746/864 
f 939/1747/845 941/1748/847 953/1749/859 952/1750/858 
f 967/1751/873 968/1752/874 955/1753/861 954/1754/860 
f 936/1755/842 939/1756/845 949/1757/855 948/1758/854 
f 968/1759/874 966/1760/872 951/1761/857 950/1762/856 
f 964/1763/870 966/1764/872 969/1765/875 970/1766/876 
f 966/1767/872 968/1768/874 971/1769/877 969/1770/875 
f 968/1771/874 967/1772/873 972/1773/878 971/1774/877 
f 967/1775/873 965/1776/871 973/1777/879 972/1778/878 
f 965/1776/871 964/1779/870 970/1780/876 973/1777/879 
f 970/1781/876 969/1782/875 974/1783/880 975/1784/881 
f 969/1782/875 971/1785/877 976/1786/882 974/1783/880 
f 971/1774/877 972/1773/878 977/1787/883 976/1788/882 
f 972/1778/878 973/1777/879 978/1789/884 977/1790/883 
f 973/1777/879 970/1780/876 975/1791/881 978/1789/884 
f 937/1792/843 964/1793/870 962/1794/868 961/1795/867 
f 965/1796/871 943/1797/849 960/1798/866 963/1799/869 
f 936/1800/842 966/1801/872 946/1802/852 945/1803/851 
f 964/1804/870 937/1805/843 944/1806/850 947/1807/853 
f 943/1808/849 965/1809/871 958/1810/864 957/1811/863 
f 967/1812/873 941/1813/847 956/1814/862 959/1815/865 
f 941/1816/847 967/1817/873 954/1818/860 953/1819/859 
f 968/1820/874 939/1821/845 952/1822/858 955/1823/861 
f 63/88/50 62/87/49 75/100/62 74/99/61 
f 67/92/54 66/91/53 79/104/66 78/103/65 
f 347/841/321 471/840/422 979/1824/885 980/1825/886 
f 981/1826/887 59/1827/46 95/1828/82 982/1829/888 
f 347/1830/321 983/1831/889 482/1832/433 348/1833/322 
f 983/1831/889 984/1834/890 480/1835/431 482/1832/433 
f 984/1834/890 985/1836/891 478/1837/429 480/1835/431 
f 985/1836/891 91/1838/78 474/1839/425 478/1837/429 
f 91/1838/78 90/1840/77 475/1841/426 474/1839/425 
f 986/1842/892 987/1843/893 988/1844/894 989/1845/895 
f 987/1846/893 137/1847/111 140/1848/114 988/1849/894 
f 151/1850/125 986/1851/892 989/1852/895 152/1853/126 
f 990/1854/896 991/1855/897 178/1856/152 177/1857/151 
f 991/1858/897 992/1859/898 181/1860/155 178/1861/152 
f 992/1859/898 993/1862/899 183/1863/157 181/1860/155 
f 993/1864/899 994/1865/900 185/1866/159 183/1867/157 
f 994/1868/900 995/1869/901 187/1870/161 185/1871/159 
f 995/1869/901 996/1872/902 189/1873/163 187/1870/161 
f 996/1874/902 997/1875/903 191/1876/165 189/1877/163 
f 997/1878/903 998/1879/904 193/1880/167 191/1881/165 
f 998/1879/904 999/1882/905 195/1883/169 193/1880/167 
f 999/1884/905 1000/1885/906 197/1886/171 195/1887/169 
f 1000/1888/906 1001/1889/907 199/1890/173 197/1891/171 
f 1001/1889/907 990/1892/896 177/1893/151 199/1890/173 
f 327/533/301 328/532/302 326/1894/300 325/1895/299 
f 295/463/269 297/462/271 314/513/288 311/512/285 
f 298/467/272 296/466/270 312/519/286 313/518/287 
f 299/471/273 301/470/275 318/527/292 315/526/289 
f 302/475/276 300/474/274 316/535/290 317/534/291 
f 305/478/279 306/1896/280 331/1897/305 321/502/295 
f 306/483/280 304/482/278 320/543/294 331/542/305 
f 307/487/281 309/486/283 335/551/309 322/550/296 
f 309/1898/283 310/1899/284 324/1900/298 335/1901/309 
f 319/503/293 321/502/295 1002/1902/908 329/1903/303 
f 321/1904/295 331/1905/305 332/1906/306 1002/1907/908 
f 335/1908/309 324/1909/298 1003/1910/909 336/1911/310 
f 324/1909/298 323/1912/297 334/1913/308 1003/1910/909 
f 63/1914/50 74/578/61 102/581/89 1004/1915/910 1005/1916/911 
f 88/115/75 458/1917/409 1006/1918/912 105/836/92 
f 1007/1919/913 357/594/331 360/597/334 371/614/345 
f 365/605/339 1008/1920/914 367/623/341 366/606/340 
f 412/682/372 413/1921/373 422/716/382 420/703/380 
f 415/691/375 416/694/376 425/724/385 423/708/383 
f 91/1922/78 985/1923/891 1009/1924/915 92/1925/79 
f 983/1926/889 347/1927/321 980/1928/886 1010/1929/916 
f 1008/1930/914 1011/1931/917 368/609/342 367/608/341 
f 1011/1931/917 1007/1932/913 371/612/345 368/609/342 
f 427/1933/387 426/1934/386 1012/1935/918 433/1936/393 
f 426/1934/386 428/1937/388 429/1938/389 1012/1935/918 
f 156/199/130 155/198/129 1013/1939/919 1014/1940/920 
f 155/203/129 158/202/132 1015/1941/921 1013/1942/919 
f 158/202/132 160/205/134 1016/1943/922 1015/1941/921 
f 160/209/134 162/208/136 1017/1944/923 1016/1945/922 
f 162/213/136 164/212/138 1018/1946/924 1017/1947/923 
f 164/212/138 166/215/140 1019/1948/925 1018/1946/924 
f 166/219/140 168/218/142 1020/1949/926 1019/1950/925 
f 168/223/142 170/222/144 1021/1951/927 1020/1952/926 
f 170/222/144 172/225/146 1022/1953/928 1021/1951/927 
f 172/1954/146 174/1955/148 1023/1956/929 1022/1957/928 
f 174/231/148 176/230/150 1024/1958/930 1023/1959/929 
f 176/230/150 156/233/130 1014/1960/920 1024/1958/930 
f 1014/1961/920 1013/1942/919 1025/1962/931 1026/1963/932 
f 1013/1942/919 1015/1941/921 1027/1964/933 1025/1962/931 
f 1015/1941/921 1016/1943/922 1028/1965/934 1027/1964/933 
f 1016/1943/922 1017/1966/923 1029/1967/935 1028/1965/934 
f 1017/1947/923 1018/1946/924 1030/1968/936 1029/1969/935 
f 1018/1946/924 1019/1948/925 1031/1970/937 1030/1968/936 
f 1019/1971/925 1020/1952/926 1032/1972/938 1031/1973/937 
f 1020/1952/926 1021/1951/927 1033/1974/939 1032/1972/938 
f 1021/1951/927 1022/1953/928 1034/1975/940 1033/1974/939 
f 1022/1953/928 1023/1976/929 1035/1977/941 1034/1975/940 
f 1023/1959/929 1024/1958/930 1036/1978/942 1035/1979/941 
f 1024/1958/930 1014/1960/920 1026/1980/932 1036/1978/942 
f 1026/1963/932 1025/1962/931 1037/1981/943 1038/1982/944 
f 1025/1962/931 1027/1964/933 1039/1983/945 1037/1981/943 
f 1027/1964/933 1028/1965/934 1040/1984/946 1039/1983/945 
f 1028/1965/934 1029/1967/935 1041/1985/947 1040/1984/946 
f 1029/1969/935 1030/1968/936 1042/1986/948 1041/1987/947 
f 1030/1968/936 1031/1970/937 1043/1988/949 1042/1986/948 
f 1031/1973/937 1032/1972/938 1044/1989/950 1043/1990/949 
f 1032/1972/938 1033/1974/939 1045/1991/951 1044/1989/950 
f 1033/1974/939 1034/1975/940 1046/1992/952 1045/1991/951 
f 1034/1975/940 1035/1977/941 1047/1993/953 1046/1992/952 
f 1035/1979/941 1036/1978/942 1048/1994/954 1047/1995/953 
f 1036/1978/942 1026/1980/932 1038/1996/944 1048/1994/954 
f 1038/1997/944 1037/1998/943 991/1855/897 990/1854/896 
f 1037/1981/943 1039/1983/945 992/1859/898 991/1858/897 
f 1039/1983/945 1040/1984/946 993/1862/899 992/1859/898 
f 1040/1999/946 1041/2000/947 994/1865/900 993/1864/899 
f 1041/1987/947 1042/1986/948 995/1869/901 994/1868/900 
f 1042/1986/948 1043/1988/949 996/1872/902 995/1869/901 
f 1043/2001/949 1044/2002/950 997/1875/903 996/1874/902 
f 1044/1989/950 1045/1991/951 998/1879/904 997/1878/903 
f 1045/1991/951 1046/1992/952 999/1882/905 998/1879/904 
f 1046/2003/952 1047/2004/953 1000/1885/906 999/1884/905 
f 1047/1995/953 1048/1994/954 1001/1889/907 1000/1888/906 
f 1048/1994/954 1038/1996/944 990/1892/896 1001/1889/907 
f 1002/2005/908 332/2006/306 330/2007/304 329/2008/303 
f 336/1911/310 1003/1910/909 334/1913/308 333/2009/307 
f 274/2010/248 68/93/55 71/96/58 273/2011/247 
f 72/97/59 270/2012/244 272/2013/246 73/98/60 
f 140/2014/114 139/2015/113 150/2016/124 152/2017/126 
f 142/2018/116 109/138/96 108/137/95 148/2019/122 
f 142/2018/116 148/2019/122 150/2016/124 139/2015/113 
s 8
f 1049/2020/955 1050/2021/956 1051/2022/957 1052/2023/958 
f 1053/2024/959 1054/2025/960 1055/2026/961 1056/2027/962 
s off
f 17/24/15 20/23/18 1057/2028/963 58/79/45 
f 33/43/31 51/69/38 57/78/44 1058/2029/964 36/44/34 
f 52/2030/39 98/2031/85 96/2032/83 53/2033/40 
f 58/2034/45 1057/2035/963 1059/2036/965 100/2037/87 
f 1058/2038/964 57/82/44 55/84/42 59/2039/46 981/2040/887 
f 100/2041/87 1059/2042/965 1060/2043/966 354/2044/328 
f 140/2014/114 152/2017/126 989/2045/895 988/2046/894 
s 8
f 1053/2024/959 1056/2027/962 1052/2023/958 1051/2022/957 
f 1054/2047/960 1061/2048/967 1062/2049/968 1055/2050/961 
s off
f 50/74/37 53/2033/40 96/2032/83 54/75/41 
f 58/2051/45 100/2052/87 98/2031/85 52/2030/39 
f 980/2053/886 979/2054/885 1050/2021/956 1049/2020/955 
f 93/2055/80 92/2056/79 1062/2057/968 1061/2058/967 
f 92/2059/79 1009/2060/915 1055/2050/961 1062/2049/968 
f 433/1936/393 1012/1935/918 431/2061/391 432/2062/392 
f 1012/1935/918 429/1938/389 430/2063/390 431/2061/391 
f 1010/2064/916 980/2053/886 1049/2020/955 1052/2023/958 
f 354/2065/328 353/2066/327 101/2067/88 100/2068/87 
f 1063/2069/969 1005/2070/911 1064/2071/970 1065/2072/971 
f 1004/2073/910 1006/2074/912 1064/2075/970 1005/2076/911 
f 1066/2077/972 65/2078/52 64/2079/51 1067/2080/973 
f 1068/2081/974 65/2078/52 1066/2077/972 1069/2082/975 
f 1070/2083/976 1071/2084/977 1072/2085/978 1073/2086/979 
f 1072/2085/978 1071/2084/977 1068/2081/974 1069/2082/975 
f 353/2087/327 1074/2088/980 1070/2083/976 1073/2086/979 
f 61/2089/48 60/2090/47 354/2044/328 1060/2043/966 
f 1063/2069/969 1065/2072/971 356/2091/330 355/2092/329 
f 982/2093/888 95/2094/82 137/2095/111 987/2096/893 
f 95/2094/82 94/2097/81 138/2098/112 137/2095/111 
f 94/2097/81 97/2099/84 141/2100/115 138/2098/112 
f 97/2099/84 99/2101/86 143/2102/117 141/2100/115 
f 99/2101/86 101/2103/88 144/2104/118 143/2102/117 
f 101/2105/88 353/2106/327 145/2107/119 144/2108/118 
f 353/2109/327 1073/2110/979 146/2111/120 145/2112/119 
f 1073/2110/979 1072/2113/978 147/2114/121 146/2111/120 
f 1072/2113/978 1069/2115/975 149/2116/123 147/2114/121 
f 1069/2115/975 1066/2117/972 151/2118/125 149/2116/123 
f 1066/2117/972 1067/2119/973 986/2120/892 151/2118/125 
f 65/2078/52 1068/2081/974 1075/2121/981 1076/2122/982 
f 1068/2081/974 1071/2084/977 1077/2123/983 1075/2121/981 
f 1071/2084/977 1070/2083/976 1078/2124/984 1077/2123/983 
f 1070/2083/976 1074/2088/980 1079/2125/985 1078/2124/984 
f 1074/2126/980 457/806/408 459/808/410 1079/2127/985 
f 88/2128/75 86/2129/73 1080/2130/986 1081/2131/987 
f 86/2129/73 84/2132/71 1082/2133/988 1080/2130/986 
f 84/2132/71 82/2134/69 1083/2135/989 1082/2133/988 
f 82/2134/69 79/2136/66 1084/2137/990 1083/2135/989 
f 79/2138/66 66/2139/53 1085/2140/991 1084/2141/990 
f 66/91/53 65/90/52 1076/2142/982 1085/2143/991 
f 1076/2144/982 1075/2145/981 338/555/312 337/554/311 
f 1075/2121/981 1077/2123/983 1086/2146/992 338/2147/312 
f 1077/2123/983 1078/2124/984 339/2148/313 1086/2146/992 
f 1078/2149/984 1079/2150/985 340/557/314 339/556/313 
f 1079/2127/985 459/808/410 1087/2151/993 340/2152/314 
f 459/808/410 1081/2153/987 1088/2154/994 1087/2151/993 
f 1081/2131/987 1080/2130/986 1089/2155/995 1088/2156/994 
f 1080/2130/986 1082/2133/988 1090/2157/996 1089/2155/995 
f 1082/2133/988 1083/2135/989 1091/2158/997 1090/2157/996 
f 1083/2135/989 1084/2137/990 1092/2159/998 1091/2158/997 
f 1084/2160/990 1085/2143/991 1093/2161/999 1092/2162/998 
f 1085/2143/991 1076/2142/982 337/2163/311 1093/2161/999 
f 338/2164/312 1086/2165/992 157/201/131 154/200/128 
f 1086/2165/992 339/2166/313 159/204/133 157/201/131 
f 340/2152/314 1087/2151/993 163/211/137 161/210/135 
f 1087/2151/993 1088/2154/994 165/214/139 163/211/137 
f 1088/2167/994 1089/2168/995 167/217/141 165/216/139 
f 1089/2169/995 1090/2170/996 169/221/143 167/220/141 
f 1090/2170/996 1091/2171/997 171/224/145 169/221/143 
f 1091/2172/997 1092/2173/998 173/2174/147 171/2175/145 
f 1092/2162/998 1093/2161/999 175/229/149 173/228/147 
f 1093/2161/999 337/2163/311 153/232/127 175/229/149 
f 226/2176/200 225/325/199 242/359/216 241/358/215 
f 225/325/199 227/324/201 245/362/219 242/359/216 
f 227/324/201 228/327/202 247/364/221 245/362/219 
f 228/327/202 229/2177/203 249/366/223 247/364/221 
f 229/335/203 230/334/204 1094/2178/1000 249/2179/223 
f 230/334/204 231/337/205 257/2180/231 1094/2178/1000 
f 231/2181/205 232/2182/206 258/2183/232 257/2184/231 
f 232/340/206 233/343/207 261/378/235 258/375/232 
f 233/343/207 234/345/208 263/380/237 261/378/235 
f 234/2185/208 235/2186/209 265/2187/239 263/2188/237 
f 235/351/209 236/350/210 267/385/241 265/384/239 
f 236/350/210 226/353/200 241/388/215 267/385/241 
f 244/361/218 243/360/217 288/440/262 275/453/249 
f 243/360/217 246/363/220 283/425/257 288/440/262 
f 246/363/220 248/365/222 278/411/252 283/425/257 
f 248/365/222 250/367/224 271/412/245 278/411/252 
f 259/376/233 262/379/236 70/2189/57 73/396/60 
f 262/379/236 264/381/238 71/399/58 70/2189/57 
f 249/2179/223 1094/2178/1000 1095/2190/1001 1096/2191/1002 
f 1094/2178/1000 257/2180/231 1097/2192/1003 1095/2190/1001 
f 257/374/231 260/377/234 1098/2193/1004 1097/2194/1003 
f 260/2195/234 269/2196/243 1099/2197/1005 1098/2198/1004 
f 269/2196/243 250/2199/224 1100/2200/1006 1099/2197/1005 
f 250/367/224 249/366/223 1096/2201/1002 1100/2202/1006 
f 1096/2191/1002 1095/2190/1001 342/559/316 341/558/315 
f 1095/2190/1001 1097/2192/1003 343/562/317 342/559/316 
f 1097/2194/1003 1098/2193/1004 344/565/318 343/564/317 
f 1098/2203/1004 1099/2204/1005 345/569/319 344/568/318 
f 1099/2204/1005 1100/2205/1006 346/572/320 345/569/319 
f 1100/2202/1006 1096/2201/1002 341/575/315 346/574/320 
f 60/2206/47 63/1914/50 1005/1916/911 1063/2207/969 
f 457/2208/408 1074/2209/980 1065/2210/971 1064/2211/970 
f 1074/2088/980 353/2087/327 356/2212/330 1065/2213/971 
f 354/2214/328 60/2215/47 1063/2216/969 355/2217/329 
f 985/2218/891 984/2219/890 1011/1931/917 1008/1930/914 
f 984/2219/890 983/2220/889 1007/1932/913 1011/1931/917 
f 983/2221/889 1010/2222/916 357/594/331 1007/1919/913 
f 1010/2222/916 1052/2223/958 358/595/332 357/594/331 
f 1052/2023/958 1056/2027/962 361/2224/335 358/2225/332 
f 1056/2027/962 1055/2026/961 363/2226/337 361/2224/335 
f 1055/2050/961 1009/2060/915 365/605/339 363/604/337 
f 1009/2060/915 985/2227/891 1008/1920/914 365/605/339 
f 461/857/412 468/860/419 103/580/90 77/579/64 
f 350/2228/324 349/2229/323 352/2230/326 483/859/434 
f 347/2231/321 350/2228/324 483/859/434 472/858/423 
f 526/926/467 1101/2232/1007 1102/2233/1008 527/927/468 
f 67/92/54 78/103/65 540/940/481 529/929/470 
f 802/1666/732 1103/2234/1009 979/1824/885 471/840/422 
f 981/1826/887 982/1829/888 551/2235/492 525/2236/466 
f 802/2237/732 805/2238/735 931/2239/837 1104/2240/1010 
f 1104/2240/1010 931/2239/837 929/2241/835 1105/2242/1011 
f 1105/2242/1011 929/2241/835 927/2243/833 1106/2244/1012 
f 1106/2244/1012 927/2243/833 925/2245/831 550/2246/491 
f 550/2246/491 925/2245/831 475/1841/426 90/1840/77 
f 986/2247/892 1107/2248/1013 1108/2249/1014 987/2250/893 
f 987/2251/893 1108/2252/1014 593/2253/523 592/2254/522 
f 607/2255/537 606/2256/536 1107/2257/1013 986/2258/892 
f 1109/2259/1015 632/2260/562 635/2261/565 1110/2262/1016 
f 1110/2263/1016 635/2264/565 637/2265/567 1111/2266/1017 
f 1111/2266/1017 637/2265/567 639/2267/569 1112/2268/1018 
f 1112/2269/1018 639/2270/569 641/2271/571 1113/2272/1019 
f 1113/2273/1019 641/2274/571 643/2275/573 1114/2276/1020 
f 1114/2276/1020 643/2275/573 645/2277/575 1115/2278/1021 
f 1115/2279/1021 645/2280/575 647/2281/577 1116/2282/1022 
f 1116/2283/1022 647/2284/577 649/2285/579 1117/2286/1023 
f 1117/2286/1023 649/2285/579 651/2287/581 1118/2288/1024 
f 1118/2289/1024 651/2290/581 653/2291/583 1119/2292/1025 
f 1119/2293/1025 653/2294/583 655/2295/585 1120/2296/1026 
f 1120/2296/1026 655/2295/585 632/2297/562 1109/2298/1015 
f 782/1359/712 781/2299/711 780/2300/710 783/1360/713 
f 751/1290/681 767/1340/697 768/1343/698 752/1291/682 
f 753/1294/683 769/1346/699 766/1349/696 750/1295/680 
f 755/1298/685 771/1354/701 772/1357/702 756/1299/686 
f 757/1302/687 773/1362/703 770/1365/700 754/1303/684 
f 760/1307/690 776/1331/706 786/2301/716 761/2302/691 
f 761/1310/691 786/1370/716 774/1373/704 758/1311/688 
f 763/1314/693 778/1378/708 791/1381/721 764/1315/694 
f 764/2303/694 791/2304/721 779/2305/709 765/2306/695 
f 775/1330/705 785/2307/715 1121/2308/1027 776/1331/706 
f 776/2309/706 1121/2310/1027 787/2311/717 786/2312/716 
f 791/2313/721 790/2314/720 1122/2315/1028 779/2316/709 
f 779/2316/709 1122/2315/1028 788/2317/718 777/2318/707 
f 1123/2319/1029 1124/2320/1030 1125/2321/1031 559/1407/500 537/1406/478 
f 548/950/489 560/1663/501 1126/2322/1032 914/2323/820 
f 1127/2324/1033 827/1442/757 813/1423/743 812/1422/742 
f 821/1435/751 820/1434/750 822/1452/752 1128/2325/1034 
f 867/1509/783 875/1531/791 876/1545/792 868/2326/784 
f 870/1519/786 878/1537/794 879/1553/795 871/1521/787 
f 550/2327/491 549/2328/490 1129/2329/1035 1106/2330/1012 
f 1104/2331/1010 1130/2332/1036 1103/2333/1009 802/2334/732 
f 1128/2335/1034 822/1436/752 825/1439/755 1131/2336/1037 
f 1131/2336/1037 825/1439/755 827/1441/757 1127/2337/1033 
f 881/2338/797 888/2339/804 1132/2340/1038 882/2341/798 
f 882/2341/798 1132/2340/1038 884/2342/800 883/2343/799 
f 609/1025/539 1133/2344/1039 1134/2345/1040 610/1026/540 
f 610/1029/540 1134/2346/1040 1135/2347/1041 612/1030/542 
f 612/1030/542 1135/2347/1041 1136/2348/1042 614/1032/544 
f 614/1035/544 1136/2349/1042 1137/2350/1043 616/1036/546 
f 616/1039/546 1137/2351/1043 1138/2352/1044 618/1040/548 
f 618/1040/548 1138/2352/1044 1139/2353/1045 620/1042/550 
f 620/1045/550 1139/2354/1045 1140/2355/1046 622/1046/552 
f 622/1049/552 1140/2356/1046 1141/2357/1047 624/1050/554 
f 624/1050/554 1141/2357/1047 1142/2358/1048 626/1052/556 
f 626/2359/556 1142/2360/1048 1143/2361/1049 628/2362/558 
f 628/1057/558 1143/2363/1049 1144/2364/1050 630/1058/560 
f 630/1058/560 1144/2364/1050 1133/2365/1039 609/1060/539 
f 1133/2366/1039 1145/2367/1051 1146/2368/1052 1134/2346/1040 
f 1134/2346/1040 1146/2368/1052 1147/2369/1053 1135/2347/1041 
f 1135/2347/1041 1147/2369/1053 1148/2370/1054 1136/2348/1042 
f 1136/2348/1042 1148/2370/1054 1149/2371/1055 1137/2372/1043 
f 1137/2351/1043 1149/2373/1055 1150/2374/1056 1138/2352/1044 
f 1138/2352/1044 1150/2374/1056 1151/2375/1057 1139/2353/1045 
f 1139/2376/1045 1151/2377/1057 1152/2378/1058 1140/2356/1046 
f 1140/2356/1046 1152/2378/1058 1153/2379/1059 1141/2357/1047 
f 1141/2357/1047 1153/2379/1059 1154/2380/1060 1142/2358/1048 
f 1142/2358/1048 1154/2380/1060 1155/2381/1061 1143/2382/1049 
f 1143/2363/1049 1155/2383/1061 1156/2384/1062 1144/2364/1050 
f 1144/2364/1050 1156/2384/1062 1145/2385/1051 1133/2365/1039 
f 1145/2367/1051 1157/2386/1063 1158/2387/1064 1146/2368/1052 
f 1146/2368/1052 1158/2387/1064 1159/2388/1065 1147/2369/1053 
f 1147/2369/1053 1159/2388/1065 1160/2389/1066 1148/2370/1054 
f 1148/2370/1054 1160/2389/1066 1161/2390/1067 1149/2371/1055 
f 1149/2373/1055 1161/2391/1067 1162/2392/1068 1150/2374/1056 
f 1150/2374/1056 1162/2392/1068 1163/2393/1069 1151/2375/1057 
f 1151/2377/1057 1163/2394/1069 1164/2395/1070 1152/2378/1058 
f 1152/2378/1058 1164/2395/1070 1165/2396/1071 1153/2379/1059 
f 1153/2379/1059 1165/2396/1071 1166/2397/1072 1154/2380/1060 
f 1154/2380/1060 1166/2397/1072 1167/2398/1073 1155/2381/1061 
f 1155/2383/1061 1167/2399/1073 1168/2400/1074 1156/2384/1062 
f 1156/2384/1062 1168/2400/1074 1157/2401/1063 1145/2385/1051 
f 1157/2402/1063 1109/2259/1015 1110/2262/1016 1158/2403/1064 
f 1158/2387/1064 1110/2263/1016 1111/2266/1017 1159/2388/1065 
f 1159/2388/1065 1111/2266/1017 1112/2268/1018 1160/2389/1066 
f 1160/2404/1066 1112/2269/1018 1113/2272/1019 1161/2405/1067 
f 1161/2391/1067 1113/2273/1019 1114/2276/1020 1162/2392/1068 
f 1162/2392/1068 1114/2276/1020 1115/2278/1021 1163/2393/1069 
f 1163/2406/1069 1115/2279/1021 1116/2282/1022 1164/2407/1070 
f 1164/2395/1070 1116/2283/1022 1117/2286/1023 1165/2396/1071 
f 1165/2396/1071 1117/2286/1023 1118/2288/1024 1166/2397/1072 
f 1166/2408/1072 1118/2289/1024 1119/2292/1025 1167/2409/1073 
f 1167/2399/1073 1119/2293/1025 1120/2296/1026 1168/2400/1074 
f 1168/2400/1074 1120/2296/1026 1109/2298/1015 1157/2401/1063 
f 1121/2410/1027 785/2411/715 784/2412/714 787/2413/717 
f 790/2314/720 789/2414/719 788/2317/718 1122/2315/1028 
f 729/2415/659 728/2416/658 532/932/473 531/931/472 
f 536/936/477 535/935/476 727/2417/657 725/2418/655 
f 593/2419/523 606/2420/536 604/2421/534 594/2422/524 
f 596/2423/526 602/2424/532 565/969/506 564/968/505 
f 596/2423/526 594/2422/524 604/2421/534 602/2424/532 
s 8
f 1169/2425/1075 1170/2426/1076 1051/2022/957 1050/2021/956 
f 1053/2024/959 1171/2427/1077 1172/2428/1078 1054/2025/960 
s off
f 494/876/443 524/920/465 1057/2028/963 20/23/18 
f 507/892/456 36/44/34 1058/2029/964 522/918/463 516/909/457 
f 519/2429/460 518/2430/459 554/2431/495 556/2432/497 
f 524/2433/465 558/2434/499 1059/2036/965 1057/2035/963 
f 1058/2038/964 981/2040/887 525/2435/466 520/924/461 522/923/463 
f 558/2436/499 811/2437/741 1060/2043/966 1059/2042/965 
f 593/2419/523 1108/2438/1014 1107/2439/1013 606/2420/536 
s 8
f 1053/2024/959 1051/2022/957 1170/2426/1076 1171/2427/1077 
f 1054/2047/960 1172/2440/1078 1173/2441/1079 1061/2048/967 
s off
f 517/915/458 521/917/462 554/2431/495 518/2430/459 
f 524/2442/465 519/2429/460 556/2432/497 558/2443/499 
f 1103/2444/1009 1169/2425/1075 1050/2021/956 979/2054/885 
f 93/2055/80 1061/2058/967 1173/2445/1079 549/2446/490 
f 549/2447/490 1173/2441/1079 1172/2440/1078 1129/2448/1035 
f 888/2339/804 887/2449/803 886/2450/802 1132/2340/1038 
f 1132/2340/1038 886/2450/802 885/2451/801 884/2342/800 
f 1130/2452/1036 1170/2426/1076 1169/2425/1075 1103/2444/1009 
f 811/2453/741 558/2454/499 557/2455/498 808/2456/738 
f 1174/2457/1080 1175/2458/1081 1176/2459/1082 1124/2460/1030 
f 1176/2461/1082 1126/2462/1032 1125/2463/1031 1124/2464/1030 
f 1177/2465/1083 1067/2080/973 64/2079/51 530/2466/471 
f 1178/2467/1084 1179/2468/1085 1177/2465/1083 530/2466/471 
f 1180/2469/1086 1181/2470/1087 1182/2471/1088 1183/2472/1089 
f 1182/2471/1088 1179/2468/1085 1178/2467/1084 1183/2472/1089 
f 808/2473/738 1181/2470/1087 1180/2469/1086 1184/2474/1090 
f 61/2089/48 1060/2043/966 811/2437/741 933/2475/839 
f 1174/2457/1080 810/2476/740 809/2477/739 1175/2458/1081 
f 982/2093/888 987/2096/893 592/2478/522 551/2479/492 
f 551/2479/492 592/2478/522 595/2480/525 552/2481/493 
f 552/2481/493 595/2480/525 597/2482/527 553/2483/494 
f 553/2483/494 597/2482/527 598/2484/528 555/2485/496 
f 555/2485/496 598/2484/528 599/2486/529 557/2487/498 
f 557/2488/498 599/2489/529 600/2490/530 808/2491/738 
f 808/2492/738 600/2493/530 601/2494/531 1181/2495/1087 
f 1181/2495/1087 601/2494/531 603/2496/533 1182/2497/1088 
f 1182/2497/1088 603/2496/533 605/2498/535 1179/2499/1085 
f 1179/2499/1085 605/2498/535 607/2500/537 1177/2501/1083 
f 1177/2501/1083 607/2500/537 986/2120/892 1067/2119/973 
f 530/2466/471 1185/2502/1091 1186/2503/1092 1178/2467/1084 
f 1178/2467/1084 1186/2503/1092 1187/2504/1093 1183/2472/1089 
f 1183/2472/1089 1187/2504/1093 1188/2505/1094 1180/2469/1086 
f 1180/2469/1086 1188/2505/1094 1189/2506/1095 1184/2474/1090 
f 1184/2507/1090 1189/2508/1095 913/1635/819 912/1634/818 
f 548/2509/489 1190/2510/1096 1191/2511/1097 546/2512/487 
f 546/2512/487 1191/2511/1097 1192/2513/1098 544/2514/485 
f 544/2514/485 1192/2513/1098 1193/2515/1099 542/2516/483 
f 542/2516/483 1193/2515/1099 1194/2517/1100 540/2518/481 
f 540/2519/481 1194/2520/1100 1195/2521/1101 529/2522/470 
f 529/929/470 1195/2523/1101 1185/2524/1091 530/930/471 
f 1185/2525/1091 792/1382/722 793/1383/723 1186/2526/1092 
f 1186/2503/1092 793/2527/723 1196/2528/1102 1187/2504/1093 
f 1187/2504/1093 1196/2528/1102 794/2529/724 1188/2505/1094 
f 1188/2530/1094 794/1384/724 795/1385/725 1189/2531/1095 
f 1189/2508/1095 795/2532/725 1197/2533/1103 913/1635/819 
f 1198/2534/1104 1190/2535/1096 913/1635/819 1197/2533/1103 
f 1190/2510/1096 1198/2536/1104 1199/2537/1105 1191/2511/1097 
f 1191/2511/1097 1199/2537/1105 1200/2538/1106 1192/2513/1098 
f 1192/2513/1098 1200/2538/1106 1201/2539/1107 1193/2515/1099 
f 1193/2515/1099 1201/2539/1107 1202/2540/1108 1194/2517/1100 
f 1194/2541/1100 1202/2542/1108 1203/2543/1109 1195/2523/1101 
f 1195/2523/1101 1203/2543/1109 792/2544/722 1185/2524/1091 
f 793/2545/723 611/1028/541 613/1031/543 1196/2546/1102 
f 1196/2546/1102 613/1031/543 615/1033/545 794/2547/724 
f 795/2532/725 617/1038/547 619/1041/549 1197/2533/1103 
f 1197/2533/1103 619/1041/549 621/1043/551 1198/2534/1104 
f 1198/2548/1104 621/1044/551 623/1047/553 1199/2549/1105 
f 1199/2550/1105 623/1048/553 625/1051/555 1200/2551/1106 
f 1200/2551/1106 625/1051/555 627/1053/557 1201/2552/1107 
f 1201/2553/1107 627/2554/557 629/2555/559 1202/2556/1108 
f 1202/2542/1108 629/1056/559 631/1059/561 1203/2543/1109 
f 1203/2543/1109 631/1059/561 608/1061/538 792/2544/722 
f 680/2557/610 696/1186/626 699/1189/629 681/1151/611 
f 681/1151/611 699/1189/629 701/1191/631 682/1152/612 
f 682/1152/612 701/1191/631 703/1193/633 683/1154/613 
f 683/1154/613 703/1193/633 705/1195/635 684/2558/614 
f 684/1161/614 705/2559/635 1204/2560/1110 685/1162/615 
f 685/1162/615 1204/2560/1110 712/2561/642 686/1164/616 
f 686/2562/616 712/2563/642 715/2564/645 687/2565/617 
f 687/1168/617 715/1205/645 717/1207/647 688/1170/618 
f 688/1170/618 717/1207/647 719/1209/649 689/1172/619 
f 689/2566/619 719/2567/649 721/2568/651 690/2569/620 
f 690/1177/620 721/1212/651 723/1215/653 691/1178/621 
f 691/1178/621 723/1215/653 696/1217/626 680/1180/610 
f 697/1187/627 730/1281/660 744/1268/674 698/1188/628 
f 698/1188/628 744/1268/674 739/1253/669 700/1190/630 
f 700/1190/630 739/1253/669 734/1239/664 702/1192/632 
f 702/1192/632 734/1239/664 724/1242/654 704/1194/634 
f 714/1204/644 535/1225/476 533/2570/474 716/1206/646 
f 716/1206/646 533/2570/474 532/1226/473 718/1208/648 
f 705/2559/635 1205/2571/1111 1206/2572/1112 1204/2560/1110 
f 1204/2560/1110 1206/2572/1112 1207/2573/1113 712/2561/642 
f 712/1202/642 1207/2574/1113 1208/2575/1114 713/1203/643 
f 713/2576/643 1208/2577/1114 1209/2578/1115 726/2579/656 
f 726/2579/656 1209/2578/1115 1210/2580/1116 704/2581/634 
f 704/1194/634 1210/2582/1116 1205/2583/1111 705/1195/635 
f 1205/2571/1111 796/1386/726 797/1389/727 1206/2572/1112 
f 1206/2572/1112 797/1389/727 798/1391/728 1207/2573/1113 
f 1207/2574/1113 798/1392/728 799/1395/729 1208/2575/1114 
f 1208/2584/1114 799/1396/729 800/1399/730 1209/2585/1115 
f 1209/2585/1115 800/1399/730 801/1401/731 1210/2586/1116 
f 1210/2582/1116 801/1402/731 796/1405/726 1205/2583/1111 
f 933/2587/839 1174/2588/1080 1124/2320/1030 1123/2319/1029 
f 912/2589/818 1176/2590/1082 1175/2591/1081 1184/2592/1090 
f 1184/2474/1090 1175/2593/1081 809/2594/739 808/2473/738 
f 811/2595/741 810/2596/740 1174/2597/1080 933/2598/839 
f 1106/2599/1012 1128/2335/1034 1131/2336/1037 1105/2600/1011 
f 1105/2600/1011 1131/2336/1037 1127/2337/1033 1104/2601/1010 
f 1104/2602/1010 1127/2324/1033 812/1422/742 1130/2603/1036 
f 1130/2603/1036 812/1422/742 815/1425/745 1170/2604/1076 
f 1170/2426/1076 815/2605/745 817/2606/747 1171/2427/1077 
f 1171/2427/1077 817/2606/747 819/2607/749 1172/2428/1078 
f 1172/2440/1078 819/1432/749 821/1435/751 1129/2448/1035 
f 1129/2448/1035 821/1435/751 1128/2325/1034 1106/2608/1012 
f 915/1679/821 538/1409/479 562/1408/503 922/1680/828 
f 803/2609/733 932/1681/838 806/2610/736 804/2611/734 
f 802/2612/732 923/1682/829 932/1681/838 803/2609/733 
f 458/1917/409 457/2208/408 1064/2211/970 1006/1918/912 
f 102/131/89 105/134/92 1006/2613/912 1004/2614/910 
f 458/1917/409 88/115/75 1081/2615/987 459/2616/410 
f 1176/2590/1082 912/2589/818 914/2323/820 1126/2322/1032 
f 1126/2617/1032 560/964/501 559/963/500 1125/2618/1031 
f 1190/2619/1096 548/950/489 914/2323/820 913/2620/819 
f 933/1683/839 1123/2621/1029 935/2622/841 934/1684/840 
f 1123/2621/1029 537/937/478 938/2623/844 935/2622/841 
f 537/937/478 75/100/62 940/2624/846 938/2623/844 
f 75/100/62 62/87/49 942/2625/848 940/2624/846 
f 62/87/49 61/86/48 934/1684/840 942/2625/848 
f 939/2626/845 968/2627/874 950/2628/856 949/2629/855 
f 966/2630/872 936/2631/842 948/2632/854 951/2633/857 
f 975/2634/881 974/2635/880 526/2636/467 528/2637/469 
f 974/2638/880 976/2639/882 1101/2640/1007 526/2641/467 
f 976/2642/882 977/2643/883 1102/2233/1008 1101/2232/1007 
f 977/2643/883 978/2644/884 527/927/468 1102/2233/1008 
f 978/2645/884 975/2634/881 528/2637/469 527/2646/468 
# 1183 polygons - 44 triangles

