# 3ds Max Wavefront OBJ Exporter v0.99 - (c)2007 guruware
# File Created: 31.08.2025 14:55:35

mtllib Frankenmallow's Monster.mtl

#
# object Frankenmallow_s_Monster
#

v  -727.6520 84.3335 -0.6187
v  -720.2068 84.3335 9.6286
v  -727.6520 84.3335 12.0476
v  -721.2121 84.3335 -3.5199
v  -721.2121 84.3335 2.3353
v  -727.6520 84.3335 -13.2850
v  -720.2068 84.3335 -10.8660
v  -727.6520 197.5719 10.7771
v  -720.9537 197.5719 8.6007
v  -719.0275 199.5573 11.2518
v  -727.6520 199.5573 14.0540
v  -716.8139 197.5719 2.9028
v  -713.6974 199.5573 3.9154
v  -716.8139 197.5719 1.5725
v  -716.8139 197.5719 -2.8099
v  -713.6974 199.5573 -3.4400
v  -713.6974 199.5573 2.2026
v  -716.8139 197.5719 -4.1402
v  -720.9537 197.5719 -9.8381
v  -719.0275 199.5573 -12.4892
v  -713.6974 199.5573 -5.1528
v  -727.6520 197.5719 -12.0145
v  -727.6520 199.5573 -15.2914
v  -727.6520 199.5573 18.6551
v  -719.0275 199.5573 15.8528
v  -719.0275 211.1373 18.3143
v  -727.6520 211.1373 21.1165
v  -713.6974 211.1373 -3.4400
v  -713.6974 211.1373 2.2026
v  -719.0275 211.1373 -12.4892
v  -713.6974 211.1373 -5.1528
v  -727.6520 211.1373 -15.2914
v  -719.0275 223.5878 11.2518
v  -713.6974 229.1571 3.1543
v  -713.6974 231.3383 3.1543
v  -719.0275 228.2621 11.2518
v  -713.6974 229.1571 -4.3917
v  -719.0275 224.9525 -12.4892
v  -719.0275 226.7197 -12.4892
v  -713.6974 231.3383 -4.3917
v  -727.6520 224.9525 -15.2914
v  -727.6520 226.0945 -15.2914
v  -719.0275 241.9656 11.2518
v  -727.6520 241.9656 14.0540
v  -727.6520 227.1337 14.0540
v  -713.6974 232.5149 2.2026
v  -713.6974 232.0013 0.3183
v  -713.6974 232.0013 -1.5557
v  -713.6974 232.5149 -3.4400
v  -713.6974 241.9656 -3.4400
v  -713.6974 241.9656 2.2026
v  -727.6520 241.9656 -15.2914
v  -719.0275 241.9656 -12.4892
v  -720.9537 243.7050 8.6007
v  -727.6520 243.7050 10.7771
v  -713.6974 241.9656 3.9154
v  -716.8139 243.7050 2.9028
v  -716.8139 243.7050 -2.8099
v  -716.8139 243.7050 1.5725
v  -713.6974 241.9656 -5.1528
v  -720.9537 243.7050 -9.8381
v  -716.8139 243.7050 -4.1402
v  -727.6520 243.7050 -12.0145
v  -727.6520 243.7050 -0.6187
v  -702.3899 195.1832 34.1516
v  -727.6520 195.1832 42.3597
v  -727.6520 187.9693 42.3597
v  -702.3899 187.9693 34.1516
v  -702.3898 195.1832 -35.3890
v  -702.3898 187.9693 -35.3890
v  -727.6520 187.9693 -43.5972
v  -727.6520 195.1832 -43.5972
v  -686.7770 195.1832 -19.9160
v  -686.7770 187.9693 -19.9160
v  -686.7770 195.1832 18.6786
v  -686.7770 187.9693 18.6786
v  -727.6520 197.5719 34.1014
v  -707.2440 197.5719 27.4705
v  -707.2440 197.5719 -28.7079
v  -727.6520 197.5719 -35.3388
v  -694.6312 197.5719 -16.2080
v  -694.6312 197.5719 9.0815
v  -694.6312 197.5719 -10.3189
v  -694.6312 197.5719 14.9706
v  -727.6520 130.2679 37.6083
v  -705.1827 130.2679 30.3076
v  -702.3899 133.3490 34.1516
v  -727.6520 133.3490 42.3597
v  -691.2959 130.2679 16.5452
v  -686.7770 133.3490 18.6786
v  -691.2959 130.2679 10.0613
v  -691.2959 130.2679 -11.2987
v  -686.7770 133.3490 -12.6262
v  -686.7770 133.3490 11.3887
v  -691.2959 130.2679 -17.7827
v  -705.1827 130.2679 -31.5450
v  -702.3898 133.3490 -35.3890
v  -686.7770 133.3490 -19.9160
v  -727.6520 130.2679 -38.8457
v  -727.6520 133.3490 -43.5972
v  -686.7770 195.1832 11.3888
v  -686.7770 195.1832 -12.6262
v  -702.3899 184.8626 34.1516
v  -727.6520 184.8626 42.3597
v  -727.6520 168.5948 42.3597
v  -702.3899 168.5948 34.1516
v  -727.6520 184.8626 -43.5972
v  -702.3898 184.8626 -35.3890
v  -702.3898 168.5948 -35.3890
v  -727.6520 168.5948 -43.5972
v  -686.7770 184.8626 -19.9160
v  -686.7770 168.5948 -19.9160
v  -686.7770 184.8626 18.6786
v  -686.7770 168.5948 18.6786
v  -702.3899 164.0626 34.1516
v  -727.6520 164.0626 42.3597
v  -727.6520 164.0626 -43.5972
v  -702.3898 164.0626 -35.3890
v  -686.7770 164.0626 -19.9160
v  -686.7770 157.8381 -12.6262
v  -686.7770 157.8381 11.3888
v  -686.7770 164.0626 18.6786
v  -727.6520 130.2679 25.7374
v  -712.1602 130.2679 20.7038
v  -712.1602 130.2679 -21.9412
v  -727.6520 130.2679 -26.9748
v  -702.5858 130.2679 -8.7632
v  -702.5858 130.2679 4.4491
v  -702.5858 130.2679 -5.6865
v  -702.5858 130.2679 7.5258
v  -727.6520 126.9152 28.2873
v  -710.6614 126.9152 22.7668
v  -710.6614 126.9152 -24.0042
v  -727.6520 126.9152 -29.5247
v  -700.1607 126.9152 -9.5512
v  -700.1607 126.9152 4.9394
v  -700.1607 126.9152 -6.1768
v  -700.1606 126.9152 8.3138
v  -727.6520 115.5822 28.2873
v  -710.6614 115.5822 22.7668
v  -710.6614 115.5822 -24.0042
v  -727.6520 115.5822 -29.5247
v  -700.1607 115.5822 -9.5512
v  -700.1606 115.5822 8.3137
v  -727.6520 100.0064 28.2873
v  -710.6614 100.0064 22.7668
v  -710.6614 100.0064 -24.0042
v  -727.6520 100.0064 -29.5247
v  -700.1607 100.0064 -9.5512
v  -700.1606 100.0064 8.3138
v  -727.6520 88.0076 28.2873
v  -710.6614 88.0076 22.7668
v  -710.6614 88.0076 -24.0042
v  -727.6520 88.0076 -29.5247
v  -700.1607 88.0076 -9.5512
v  -700.1606 88.0076 8.3138
v  -727.6520 84.3335 25.0068
v  -712.5897 84.3335 20.1128
v  -712.5897 84.3335 -21.3502
v  -727.6520 84.3335 -26.2442
v  -703.2806 84.3335 -8.5374
v  -700.1607 88.0076 -6.1768
v  -700.1607 88.0076 4.9394
v  -703.3727 84.3335 2.7192
v  -703.3727 84.3335 -3.9038
v  -703.2806 84.3335 7.3000
v  -727.6520 84.3335 19.5230
v  -715.8130 84.3335 15.6763
v  -707.2300 84.3335 7.9788
v  -707.2300 84.3335 -9.7906
v  -715.8130 84.3335 -16.9137
v  -727.6520 84.3335 -20.7604
v  -700.1607 115.5822 4.9394
v  -700.1607 115.5822 -6.1768
v  -700.1607 100.0064 4.9394
v  -700.1607 100.0064 -6.1768
v  -716.9577 84.3335 -9.8030
v  -716.9577 84.3335 7.9952
v  -713.6974 211.1373 3.9154
v  -700.2197 81.8429 3.7055
v  -700.2197 81.8429 -5.2766
v  -705.4510 81.8429 -13.2604
v  -718.6437 81.8429 -13.2771
v  -718.6437 81.8429 10.8608
v  -705.4510 81.8429 10.8386
v  -724.4135 81.8429 3.1848
v  -724.4135 81.8429 -4.7560
v  -700.2197 53.6839 3.7055
v  -700.2197 53.6839 -5.2766
v  -705.4510 53.6839 -13.2604
v  -718.6437 53.6839 -13.2771
v  -718.6437 53.6839 10.8608
v  -705.4510 53.6839 10.8386
v  -724.4135 53.6839 3.1848
v  -724.4135 53.6839 -4.7560
v  -705.0070 51.5381 2.4070
v  -705.0070 51.5381 -3.0333
v  -708.1755 51.5381 -7.8689
v  -716.1661 51.5381 -7.8790
v  -716.1661 51.5381 6.7408
v  -708.1755 51.5381 6.7274
v  -719.6607 51.5381 2.0917
v  -719.6607 51.5381 -2.7179
v  -683.6320 203.1921 11.6081
v  -683.6320 203.1921 -12.8455
v  -683.6320 150.0528 -12.8455
v  -683.6320 150.0528 11.6081
v  -683.6320 185.9904 -26.1634
v  -683.6320 167.3753 -26.1635
v  -683.6320 167.3753 24.9260
v  -683.6320 185.9904 24.9260
v  -661.8384 203.1921 11.6081
v  -661.8384 203.1921 -12.8455
v  -661.8384 150.0528 -12.8455
v  -661.8384 150.0528 11.6081
v  -661.8384 185.9904 -26.1635
v  -661.8384 167.3753 -26.1635
v  -664.1659 172.3298 25.0605
v  -664.1659 180.8425 25.0605
v  -683.6320 163.8035 -26.1634
v  -661.8384 163.8035 -26.1634
v  -683.6320 188.4388 -26.1634
v  -661.8384 188.4388 -26.1635
v  -683.6320 188.4388 24.9260
v  -658.9971 185.1187 25.0605
v  -683.6320 163.8035 24.9260
v  -658.9971 167.2383 25.0605
v  -624.2319 203.1921 -12.8455
v  -624.2319 203.1921 11.6081
v  -621.5475 191.7861 10.7618
v  -621.5475 191.7861 -11.9992
v  -624.2319 150.0528 11.6081
v  -624.2319 150.0528 -12.8455
v  -621.5475 157.2597 -11.9992
v  -621.5475 157.2597 10.7618
v  -624.2319 167.3753 -26.1634
v  -624.2319 185.9904 -26.1634
v  -621.5475 185.8757 -18.9084
v  -621.5475 166.5274 -18.9084
v  -624.2319 185.9904 24.9260
v  -624.2319 167.3753 24.9260
v  -621.5475 166.5274 17.6710
v  -621.5475 185.8757 17.6710
v  -701.0323 0.0000 -3.4849
v  -701.0323 0.0000 4.8655
v  -712.2888 -0.0681 0.1274
v  -720.9236 0.0001 -11.1717
v  -705.9094 0.0001 -11.8355
v  -703.1278 0.0000 13.4128
v  -722.6749 0.0000 11.9591
v  -722.3423 0.0000 3.4529
v  -722.3423 0.0000 -3.9293
v  -698.3994 51.5183 4.3188
v  -698.3994 51.5183 -5.9877
v  -704.4019 51.5183 12.5036
v  -719.5399 51.5183 12.5291
v  -726.1604 51.5183 3.7214
v  -726.1604 51.5183 -5.3903
v  -719.5399 51.5183 -15.1678
v  -704.4020 51.5183 -15.1486
v  -696.9166 48.9537 5.9151
v  -696.9166 48.9537 -5.5423
v  -720.4700 48.9537 15.0421
v  -703.6418 48.9537 15.0137
v  -727.8298 48.9537 5.2509
v  -727.8298 48.9537 -4.8781
v  -720.4700 48.9537 -15.7474
v  -703.6418 48.9537 -15.7261
v  -696.9166 14.9826 5.9151
v  -696.9166 14.9826 -5.5423
v  -727.8298 14.9826 -4.8781
v  -727.8298 14.9826 5.2509
v  -703.6418 14.9826 -15.7261
v  -725.2158 14.9826 -15.7474
v  -696.9166 2.5886 5.9151
v  -696.9166 2.5886 -5.5423
v  -703.6418 14.9826 28.9280
v  -727.7952 14.9826 28.9564
v  -727.7952 2.5885 28.9564
v  -703.6418 2.5885 28.9280
v  -727.7844 21.6958 19.1979
v  -727.8298 2.5886 5.2509
v  -727.7844 2.5886 19.1564
v  -727.8298 2.5886 -4.8781
v  -725.2158 2.5886 -15.7474
v  -703.6418 2.5886 -15.7261
v  -705.9874 0.0000 25.5385
v  -723.1573 0.0000 25.5285
v  -645.4263 203.1921 11.6081
v  -645.4263 203.1921 -12.8455
v  -649.0720 185.1187 25.0605
v  -645.4263 150.0528 11.6081
v  -649.0720 167.2383 25.0605
v  -645.4263 150.0528 -12.8455
v  -645.4263 163.8035 -26.1634
v  -645.4263 185.9904 -26.1634
v  -645.4263 167.3753 -26.1634
v  -645.4263 188.4388 -26.1634
v  -624.2319 188.4388 24.9260
v  -643.6553 180.8425 25.0605
v  -643.6553 172.3298 25.0605
v  -624.2319 163.8035 24.9260
v  -624.2319 163.8035 -26.1634
v  -624.2319 188.4388 -26.1634
v  -621.5475 176.4042 -0.6187
v  -665.3290 171.8535 27.4766
v  -665.3290 181.3401 27.4766
v  -642.4717 181.3401 27.4766
v  -642.4717 171.8535 27.4766
v  -648.5082 163.3526 27.4766
v  -659.5688 163.3526 27.4766
v  -659.5688 188.6367 27.4766
v  -648.5082 188.6367 27.4766
v  -665.3290 171.8535 55.6565
v  -665.3290 181.3401 55.6565
v  -642.4717 181.3401 55.6566
v  -642.4717 171.8535 55.6566
v  -648.5082 163.3526 55.6566
v  -659.5688 163.3526 55.6565
v  -659.5688 188.6367 55.6565
v  -648.5082 188.6367 55.6565
v  -662.8735 172.7522 57.9366
v  -662.8735 180.2167 57.9365
v  -649.6381 168.2876 57.9366
v  -658.3411 168.2876 57.9366
v  -644.8883 180.2167 57.9366
v  -644.8883 172.7522 57.9366
v  -658.3411 183.9664 57.9366
v  -649.6381 183.9664 57.9366
v  -671.0023 169.5205 57.9497
v  -671.0023 183.7735 57.9497
v  -662.3480 160.9955 57.9498
v  -645.7300 160.9955 57.9498
v  -636.6606 169.5205 57.9498
v  -636.6606 183.7735 57.9498
v  -645.7300 190.9334 57.9498
v  -662.3480 190.9334 57.9498
v  -672.8090 168.8022 60.3702
v  -672.8090 184.5641 60.3702
v  -663.2386 159.3748 60.3703
v  -644.8614 159.3748 60.3703
v  -634.8319 168.8022 60.3703
v  -634.8319 184.5641 60.3703
v  -644.8614 192.4818 60.3703
v  -663.2386 192.4818 60.3702
v  -672.8090 168.8022 102.0999
v  -672.8090 184.5641 102.0998
v  -663.2386 159.3748 102.0999
v  -644.8614 159.3748 102.0999
v  -634.8320 168.8022 102.0999
v  -634.8320 184.5641 102.0999
v  -644.8614 192.4818 102.0999
v  -663.2386 192.4818 102.0999
v  -669.6219 170.0693 108.5024
v  -669.6219 183.1695 108.5024
v  -646.3937 162.2338 105.4017
v  -661.6675 162.2338 105.4017
v  -638.0579 170.0693 105.4017
v  -638.0579 183.1695 105.4017
v  -646.3937 189.7502 105.4017
v  -661.6675 189.7502 105.4017
v  -669.6219 170.0693 119.1373
v  -661.6675 162.2338 119.1373
v  -657.9263 169.4580 130.7660
v  -661.6915 173.1668 130.7660
v  -650.6965 169.4580 105.4017
v  -657.9263 169.4580 105.4017
v  -646.7508 173.1668 105.4017
v  -638.0579 170.0693 125.6799
v  -638.0579 183.1695 125.6799
v  -650.4471 179.3678 137.9607
v  -650.4471 173.1668 137.9607
v  -646.3937 189.7503 125.6799
v  -661.6675 189.7503 125.6798
v  -669.6219 183.1695 117.5312
v  -669.6219 183.1695 125.6798
v  -669.6219 170.0693 112.9457
v  -661.6915 173.1668 108.5024
v  -661.6915 173.1668 112.9456
v  -661.6915 179.3678 108.5024
v  -661.6915 179.3678 113.9431
v  -713.6974 199.5573 8.5165
v  -713.6974 211.1373 8.5165
v  -719.0275 211.1373 11.2518
v  -727.6520 211.1373 14.0540
v  -727.6520 211.7746 14.0540
v  -719.0275 211.7746 11.2518
v  -727.6520 223.5878 14.0540
v  -713.6974 211.7746 3.9154
v  -713.6974 211.7746 2.2026
v  -713.6974 228.2185 2.2026
v  -713.6974 211.7746 -3.4400
v  -713.6974 228.2185 -3.4400
v  -713.6974 228.7049 -1.5557
v  -713.6974 228.7049 0.3183
v  -713.6974 211.7746 -5.1528
v  -719.0275 211.7746 -12.4892
v  -727.6520 211.7746 -15.2914
v  -729.0281 84.3335 12.0476
v  -729.0281 84.3335 -0.6187
v  -724.2513 84.3335 2.3353
v  -724.2513 84.3335 -3.5199
v  -729.0281 84.3335 -13.2850
v  -729.0281 84.3335 -20.7604
v  -729.0281 84.3335 -26.2442
v  -729.0281 88.0076 -29.5247
v  -729.0281 100.0064 -29.5247
v  -729.0281 115.5822 -29.5247
v  -729.0281 126.9152 -29.5247
v  -729.0281 130.2679 -26.9748
v  -729.0281 130.2679 -38.8457
v  -729.0281 133.3490 -43.5972
v  -729.0281 164.0626 -43.5972
v  -729.0281 168.5948 -43.5972
v  -729.0281 184.8626 -43.5972
v  -729.0281 187.9693 -43.5972
v  -729.0281 195.1832 -43.5972
v  -729.0281 197.5719 -35.3388
v  -729.0281 197.5719 -12.0145
v  -729.0281 199.5573 -15.2914
v  -729.0281 211.1373 -15.2914
v  -729.0281 211.7746 -15.2914
v  -729.0281 224.9525 -15.2914
v  -729.0281 227.1337 -15.2914
v  -729.0281 241.9656 -15.2914
v  -729.0281 243.7050 -12.0145
v  -729.0281 243.7050 -0.6187
v  -729.0281 243.7050 10.7771
v  -729.0281 241.9656 14.0540
v  -729.0281 227.1337 14.0540
v  -729.0281 223.5878 14.0540
v  -729.0281 223.5878 14.8754
v  -729.0281 211.7746 16.7237
v  -727.6520 211.7746 16.7237
v  -727.6520 223.5878 14.8754
v  -729.0281 211.1373 14.0540
v  -729.0281 211.1373 21.1165
v  -729.0281 199.5573 18.6551
v  -729.0281 199.5573 14.0540
v  -729.0281 197.5719 10.7771
v  -729.0281 197.5719 34.1014
v  -729.0281 195.1832 42.3597
v  -729.0281 187.9693 42.3597
v  -729.0281 184.8626 42.3597
v  -729.0281 168.5948 42.3597
v  -729.0281 164.0626 42.3597
v  -729.0281 133.3490 42.3597
v  -729.0281 130.2679 37.6083
v  -729.0281 130.2679 25.7374
v  -729.0281 126.9152 28.2873
v  -729.0281 115.5822 28.2873
v  -729.0281 100.0064 28.2873
v  -729.0281 88.0076 28.2873
v  -729.0281 84.3335 25.0068
v  -729.0281 84.3335 19.5230
v  -727.8307 211.1741 12.0796
v  -720.3668 211.1741 9.6545
v  -720.3668 211.7378 9.6545
v  -727.8307 211.7378 12.0796
v  -715.7539 211.1741 3.3053
v  -715.7539 211.7378 3.3053
v  -715.7539 211.1741 1.8229
v  -715.7539 211.7378 1.8229
v  -715.7539 211.1741 -3.0604
v  -715.7539 211.7378 -3.0604
v  -715.7539 211.1741 -4.5427
v  -715.7539 211.7378 -4.5427
v  -720.3668 211.1741 -10.8919
v  -720.3668 211.7378 -10.8919
v  -727.8307 211.1741 -13.3171
v  -727.8307 211.7378 -13.3171
v  -729.0217 211.1741 -13.3171
v  -729.0217 211.7378 -13.3171
v  -729.0217 211.1741 12.0796
v  -729.0217 211.7378 12.0796
v  -729.0281 211.7746 14.0540
v  -713.6974 231.0986 0.9191
v  -713.6974 229.4251 0.9191
v  -712.7098 229.0186 1.7123
v  -712.7098 231.4581 1.7123
v  -712.7098 232.8266 0.8015
v  -712.7098 232.8266 -2.0395
v  -713.6974 229.4251 -2.1565
v  -713.6974 231.0986 -2.1565
v  -712.7098 231.4581 -2.9503
v  -712.7098 229.0186 -2.9503
v  -712.7098 227.9268 0.8015
v  -712.7098 227.9268 -2.0395
v  -706.0598 231.0956 0.9126
v  -706.0598 229.4284 0.9126
v  -706.0598 230.3203 -0.6170
v  -706.0598 231.9945 0.3143
v  -706.0598 231.9945 -1.5517
v  -706.0598 231.0956 -2.1500
v  -706.0598 229.4284 -2.1500
v  -706.0598 228.7113 -1.5517
v  -706.0598 228.7113 0.3143
v  -706.9270 229.0186 1.7123
v  -706.9270 231.4581 1.7123
v  -706.9270 227.9268 0.8015
v  -706.9270 227.9268 -2.0395
v  -706.9270 229.0186 -2.9503
v  -706.9270 231.4581 -2.9503
v  -706.9270 232.8266 -2.0395
v  -706.9270 232.8266 0.8015
v  -727.2410 224.2703 13.8462
v  -727.2410 226.4534 13.8462
v  -719.6671 227.3010 11.4596
v  -727.2410 226.4534 12.7806
v  -719.6671 227.3010 10.3940
v  -727.2410 224.2703 12.7806
v  -721.0438 224.9868 11.7798
v  -721.0438 224.9868 10.7142
v  -654.2567 176.1009 105.4017
v  -654.2695 176.1131 105.4017
v  -660.5225 176.1317 144.5887
v  -660.5297 176.1131 144.5927
v  -657.4139 182.4827 142.8440
v  -666.3528 182.4827 143.3367
v  -660.5186 176.1359 144.5865
v  -669.6362 179.3678 145.1795
v  -654.2863 176.1109 105.4017
v  -700.4695 21.6958 17.6479
v  -700.4695 2.5886 17.6064
v  -730.4043 84.3335 -0.6187
v  -730.4043 84.3335 12.0476
v  -737.8494 84.3335 9.6286
v  -736.8442 84.3335 2.3353
v  -736.8442 84.3335 -3.5199
v  -737.8494 84.3335 -10.8660
v  -730.4043 84.3335 -13.2850
v  -730.4043 197.5719 10.7771
v  -730.4043 199.5573 14.0540
v  -739.0287 199.5573 11.2518
v  -737.1026 197.5719 8.6007
v  -744.3589 199.5573 3.9154
v  -741.2424 197.5719 2.9028
v  -741.2424 197.5719 1.5725
v  -744.3589 199.5573 2.2026
v  -744.3589 199.5573 -3.4400
v  -741.2424 197.5719 -2.8099
v  -741.2424 197.5719 -4.1402
v  -744.3589 199.5573 -5.1528
v  -739.0287 199.5573 -12.4892
v  -737.1026 197.5719 -9.8381
v  -730.4043 199.5573 -15.2914
v  -730.4043 197.5719 -12.0145
v  -730.4043 199.5573 18.6551
v  -730.4043 211.1373 21.1165
v  -739.0287 211.1373 18.3143
v  -739.0287 199.5573 15.8528
v  -744.3589 211.1373 2.2026
v  -744.3589 211.1373 -3.4400
v  -744.3589 211.1373 -5.1528
v  -739.0287 211.1373 -12.4892
v  -730.4043 211.1373 -15.2914
v  -739.0287 223.5878 11.2518
v  -739.0287 228.2621 11.2518
v  -744.3589 231.3383 3.1543
v  -744.3589 229.1571 3.1543
v  -744.3589 229.1571 -4.3917
v  -744.3589 231.3383 -4.3917
v  -739.0287 226.7197 -12.4892
v  -739.0287 224.9525 -12.4892
v  -730.4043 226.0945 -15.2914
v  -730.4043 224.9525 -15.2914
v  -730.4043 227.1337 14.0540
v  -730.4043 241.9656 14.0540
v  -739.0287 241.9656 11.2518
v  -744.3589 232.5149 2.2026
v  -744.3589 241.9656 2.2026
v  -744.3589 241.9656 -3.4400
v  -744.3589 232.5149 -3.4400
v  -744.3589 232.0013 -1.5557
v  -744.3589 232.0013 0.3183
v  -739.0287 241.9656 -12.4892
v  -730.4043 241.9656 -15.2914
v  -730.4043 243.7050 10.7771
v  -737.1026 243.7050 8.6007
v  -741.2424 243.7050 2.9028
v  -744.3589 241.9656 3.9154
v  -741.2424 243.7050 1.5725
v  -741.2424 243.7050 -2.8099
v  -744.3589 241.9656 -5.1528
v  -741.2424 243.7050 -4.1402
v  -737.1026 243.7050 -9.8381
v  -730.4043 243.7050 -12.0145
v  -730.4043 243.7050 -0.6187
v  -755.6664 195.1832 34.1516
v  -755.6664 187.9693 34.1516
v  -730.4043 187.9693 42.3597
v  -730.4043 195.1832 42.3597
v  -755.6664 195.1832 -35.3890
v  -730.4043 195.1832 -43.5972
v  -730.4043 187.9693 -43.5972
v  -755.6664 187.9693 -35.3890
v  -771.2792 187.9693 -19.9160
v  -771.2792 195.1832 -19.9160
v  -771.2792 195.1832 18.6786
v  -771.2792 187.9693 18.6786
v  -750.8123 197.5719 27.4705
v  -730.4043 197.5719 34.1014
v  -730.4043 197.5719 -35.3388
v  -750.8123 197.5719 -28.7079
v  -763.4251 197.5719 -16.2081
v  -763.4251 197.5719 -10.3189
v  -763.4251 197.5719 9.0815
v  -763.4251 197.5719 14.9706
v  -730.4043 130.2679 37.6083
v  -730.4043 133.3490 42.3597
v  -755.6664 133.3490 34.1516
v  -752.8736 130.2679 30.3076
v  -771.2792 133.3490 18.6786
v  -766.7604 130.2679 16.5452
v  -766.7604 130.2679 10.0613
v  -771.2792 133.3490 11.3887
v  -771.2792 133.3490 -12.6262
v  -766.7604 130.2679 -11.2987
v  -766.7604 130.2679 -17.7827
v  -771.2792 133.3490 -19.9160
v  -755.6664 133.3490 -35.3890
v  -752.8736 130.2679 -31.5450
v  -730.4043 133.3490 -43.5972
v  -730.4043 130.2679 -38.8457
v  -771.2792 195.1832 -12.6262
v  -771.2792 195.1832 11.3887
v  -755.6664 184.8626 34.1516
v  -755.6664 168.5948 34.1516
v  -730.4043 168.5948 42.3597
v  -730.4043 184.8626 42.3597
v  -730.4043 184.8626 -43.5972
v  -730.4043 168.5948 -43.5972
v  -755.6664 168.5948 -35.3890
v  -755.6664 184.8626 -35.3890
v  -771.2792 168.5948 -19.9160
v  -771.2792 184.8626 -19.9160
v  -771.2792 184.8626 18.6786
v  -771.2792 168.5948 18.6786
v  -755.6664 164.0626 34.1516
v  -730.4043 164.0626 42.3597
v  -730.4043 164.0626 -43.5972
v  -755.6664 164.0626 -35.3890
v  -771.2792 164.0626 -19.9160
v  -771.2792 157.8381 -12.6262
v  -771.2792 157.8381 11.3887
v  -771.2792 164.0626 18.6786
v  -745.8961 130.2679 20.7038
v  -730.4043 130.2679 25.7374
v  -730.4043 130.2679 -26.9748
v  -745.8961 130.2679 -21.9412
v  -755.4705 130.2679 -8.7632
v  -755.4705 130.2679 -5.6865
v  -755.4705 130.2679 4.4491
v  -755.4705 130.2679 7.5258
v  -747.3949 126.9152 22.7668
v  -730.4043 126.9152 28.2873
v  -730.4043 126.9152 -29.5247
v  -747.3948 126.9152 -24.0042
v  -757.8956 126.9152 -9.5512
v  -757.8956 126.9152 -6.1768
v  -757.8956 126.9152 4.9394
v  -757.8956 126.9152 8.3137
v  -747.3949 115.5822 22.7668
v  -730.4043 115.5822 28.2873
v  -730.4043 115.5822 -29.5247
v  -747.3948 115.5822 -24.0042
v  -757.8956 115.5822 -9.5512
v  -757.8956 115.5822 8.3137
v  -747.3949 100.0064 22.7668
v  -730.4043 100.0064 28.2873
v  -730.4043 100.0064 -29.5247
v  -747.3948 100.0064 -24.0042
v  -757.8956 100.0064 -9.5512
v  -757.8956 100.0064 8.3137
v  -747.3949 88.0076 22.7668
v  -730.4043 88.0076 28.2873
v  -730.4043 88.0076 -29.5247
v  -747.3948 88.0076 -24.0042
v  -757.8956 88.0076 -9.5512
v  -757.8956 88.0076 8.3137
v  -745.4666 84.3335 20.1128
v  -730.4043 84.3335 25.0068
v  -730.4043 84.3335 -26.2442
v  -745.4666 84.3335 -21.3502
v  -754.7756 84.3335 -8.5374
v  -757.8956 88.0076 -6.1768
v  -754.6835 84.3335 -3.9038
v  -754.6835 84.3335 2.7192
v  -757.8956 88.0076 4.9394
v  -754.7756 84.3335 7.3000
v  -730.4043 84.3335 19.5230
v  -742.2433 84.3335 15.6763
v  -750.8262 84.3335 7.9788
v  -750.8262 84.3335 -9.7906
v  -742.2433 84.3335 -16.9137
v  -730.4043 84.3335 -20.7604
v  -757.8956 115.5822 -6.1768
v  -757.8956 115.5822 4.9394
v  -757.8956 100.0064 -6.1768
v  -757.8956 100.0064 4.9394
v  -741.0986 84.3335 -9.8030
v  -741.0986 84.3335 7.9952
v  -744.3589 211.1373 3.9154
v  -757.8365 81.8429 -5.2767
v  -757.8365 81.8429 3.7055
v  -739.4126 81.8429 -13.2771
v  -752.6053 81.8429 -13.2604
v  -752.6053 81.8429 10.8386
v  -739.4126 81.8429 10.8608
v  -733.6428 81.8429 3.1848
v  -733.6428 81.8429 -4.7560
v  -757.8365 53.6839 -5.2767
v  -757.8365 53.6839 3.7055
v  -739.4126 53.6839 -13.2771
v  -752.6053 53.6839 -13.2604
v  -752.6053 53.6839 10.8386
v  -739.4126 53.6839 10.8608
v  -733.6428 53.6839 3.1848
v  -733.6428 53.6839 -4.7560
v  -753.0493 51.5381 -3.0333
v  -753.0493 51.5381 2.4070
v  -741.8902 51.5381 -7.8790
v  -749.8808 51.5381 -7.8689
v  -749.8808 51.5381 6.7274
v  -741.8902 51.5381 6.7408
v  -738.3956 51.5381 2.0917
v  -738.3956 51.5381 -2.7179
v  -774.4243 203.1921 -12.8455
v  -774.4243 203.1921 11.6081
v  -774.4243 150.0528 11.6081
v  -774.4243 150.0528 -12.8455
v  -774.4243 167.3753 -26.1635
v  -774.4243 185.9904 -26.1635
v  -774.4243 185.9904 24.9260
v  -774.4243 167.3753 24.9260
v  -796.2178 203.1921 -12.8455
v  -796.2178 203.1921 11.6081
v  -796.2178 150.0528 11.6081
v  -796.2178 150.0528 -12.8455
v  -796.2178 167.3753 -26.1635
v  -796.2178 185.9904 -26.1635
v  -793.8904 180.8425 25.0605
v  -793.8904 172.3298 25.0605
v  -796.2178 163.8035 -26.1635
v  -774.4243 163.8035 -26.1635
v  -774.4243 188.4388 -26.1635
v  -796.2178 188.4388 -26.1635
v  -799.0592 185.1187 25.0605
v  -774.4243 188.4388 24.9260
v  -774.4243 163.8035 24.9260
v  -799.0592 167.2383 25.0605
v  -833.8244 203.1921 -12.8455
v  -836.5087 191.7861 -11.9992
v  -836.5088 191.7861 10.7617
v  -833.8244 203.1921 11.6081
v  -833.8244 150.0528 11.6081
v  -836.5088 157.2597 10.7617
v  -836.5088 157.2597 -11.9992
v  -833.8244 150.0528 -12.8455
v  -833.8244 167.3753 -26.1635
v  -836.5088 166.5274 -18.9084
v  -836.5088 185.8757 -18.9084
v  -833.8244 185.9904 -26.1635
v  -833.8244 185.9904 24.9260
v  -836.5088 185.8757 17.6710
v  -836.5088 166.5274 17.6710
v  -833.8244 167.3753 24.9260
v  -757.0240 0.0000 -3.4849
v  -745.7675 -0.0681 0.1273
v  -757.0240 0.0000 4.8655
v  -737.1327 0.0001 -11.1717
v  -752.1469 0.0001 -11.8355
v  -754.9285 0.0000 13.4128
v  -735.3814 0.0000 11.9591
v  -735.7140 0.0000 3.4529
v  -735.7140 0.0000 -3.9293
v  -759.6569 51.5183 -5.9877
v  -759.6569 51.5183 4.3188
v  -753.6544 51.5183 12.5036
v  -738.5164 51.5183 12.5291
v  -731.8959 51.5183 3.7214
v  -731.8959 51.5183 -5.3903
v  -738.5164 51.5183 -15.1678
v  -753.6543 51.5183 -15.1486
v  -761.1396 48.9537 -5.5423
v  -761.1396 48.9537 5.9151
v  -754.4144 48.9537 15.0137
v  -737.5862 48.9537 15.0421
v  -730.2264 48.9537 5.2509
v  -730.2264 48.9537 -4.8781
v  -737.5862 48.9537 -15.7474
v  -754.4144 48.9537 -15.7261
v  -761.1396 14.9826 -5.5423
v  -761.1396 14.9826 5.9151
v  -730.2264 14.9826 5.2509
v  -730.2264 14.9826 -4.8781
v  -732.8405 14.9826 -15.7474
v  -754.4144 14.9826 -15.7261
v  -761.1396 2.5886 -5.5423
v  -761.1396 2.5886 5.9151
v  -754.4144 14.9826 28.9280
v  -754.4144 2.5885 28.9280
v  -730.2611 2.5885 28.9564
v  -730.2611 14.9826 28.9564
v  -730.2719 21.6958 19.1979
v  -730.2719 2.5886 19.1564
v  -730.2264 2.5886 5.2509
v  -730.2264 2.5886 -4.8781
v  -732.8405 2.5886 -15.7474
v  -754.4144 2.5886 -15.7261
v  -734.8989 0.0000 25.5285
v  -752.0688 0.0000 25.5385
v  -812.6299 203.1921 -12.8455
v  -812.6299 203.1921 11.6081
v  -808.9843 185.1187 25.0605
v  -808.9843 167.2383 25.0605
v  -812.6299 150.0528 11.6081
v  -812.6299 150.0528 -12.8455
v  -812.6299 163.8035 -26.1634
v  -812.6299 167.3753 -26.1635
v  -812.6299 185.9904 -26.1635
v  -812.6299 188.4388 -26.1635
v  -833.8244 188.4388 24.9260
v  -814.4009 180.8425 25.0605
v  -814.4009 172.3298 25.0605
v  -833.8244 163.8035 24.9260
v  -833.8244 163.8035 -26.1635
v  -833.8244 188.4388 -26.1635
v  -836.5087 176.4042 -0.6187
v  -792.7273 181.3401 27.4766
v  -792.7273 171.8535 27.4766
v  -815.5845 171.8535 27.4766
v  -815.5845 181.3401 27.4766
v  -798.4874 163.3526 27.4766
v  -809.5481 163.3526 27.4766
v  -809.5481 188.6367 27.4766
v  -798.4874 188.6367 27.4766
v  -792.7272 181.3401 55.6565
v  -792.7272 171.8535 55.6565
v  -815.5846 171.8535 55.6565
v  -815.5846 181.3401 55.6565
v  -798.4874 163.3526 55.6565
v  -809.5481 163.3526 55.6565
v  -809.5481 188.6367 55.6565
v  -798.4874 188.6367 55.6565
v  -795.1829 180.2167 57.9365
v  -795.1829 172.7522 57.9365
v  -799.7152 168.2876 57.9366
v  -808.4182 168.2876 57.9366
v  -813.1680 172.7522 57.9366
v  -813.1680 180.2167 57.9366
v  -808.4182 183.9664 57.9366
v  -799.7152 183.9664 57.9365
v  -787.0540 183.7735 57.9497
v  -787.0540 169.5205 57.9497
v  -795.7083 160.9955 57.9498
v  -812.3263 160.9955 57.9498
v  -821.3957 169.5205 57.9498
v  -821.3957 183.7735 57.9498
v  -812.3263 190.9334 57.9498
v  -795.7083 190.9334 57.9497
v  -785.2473 184.5641 60.3702
v  -785.2473 168.8022 60.3702
v  -794.8177 159.3748 60.3702
v  -813.1949 159.3748 60.3703
v  -823.2244 168.8022 60.3703
v  -823.2244 184.5641 60.3703
v  -813.1949 192.4818 60.3702
v  -794.8177 192.4818 60.3702
v  -785.2473 184.5641 102.0998
v  -785.2473 168.8022 102.0998
v  -794.8177 159.3748 102.0998
v  -813.1949 159.3748 102.0999
v  -823.2244 168.8022 102.0999
v  -823.2244 184.5641 102.0999
v  -813.1949 192.4818 102.0999
v  -794.8177 192.4818 102.0998
v  -788.4344 183.1695 108.5024
v  -788.4344 170.0693 108.5024
v  -796.3887 162.2338 105.4017
v  -811.6627 162.2338 105.4017
v  -819.9985 170.0693 105.4017
v  -819.9985 183.1695 105.4017
v  -811.6627 189.7502 105.4017
v  -796.3887 189.7502 105.4016
v  -788.4344 170.0693 119.1373
v  -796.3648 173.1668 130.7660
v  -800.1299 169.4580 130.7660
v  -796.3887 162.2338 119.1373
v  -800.1299 169.4580 105.4016
v  -807.3597 169.4580 105.4016
v  -811.3055 173.1668 105.4016
v  -819.9985 170.0693 125.6799
v  -807.6092 173.1668 137.9607
v  -807.6092 179.3678 137.9607
v  -819.9985 183.1695 125.6799
v  -811.6627 189.7503 125.6799
v  -796.3887 189.7503 125.6798
v  -788.4344 183.1695 125.6798
v  -788.4344 183.1695 117.5311
v  -788.4344 170.0693 112.9456
v  -796.3648 173.1668 112.9456
v  -796.3648 173.1668 108.5024
v  -796.3648 179.3678 113.9431
v  -796.3648 179.3678 108.5024
v  -744.3589 199.5573 8.5165
v  -744.3589 211.1373 8.5165
v  -739.0287 211.1373 11.2518
v  -730.4043 211.1373 14.0540
v  -730.4043 211.7746 14.0540
v  -730.4043 223.5878 14.0540
v  -739.0287 211.7746 11.2518
v  -744.3589 211.7746 3.9154
v  -744.3589 228.2185 2.2026
v  -744.3589 211.7746 2.2026
v  -744.3589 228.7049 0.3183
v  -744.3589 228.7049 -1.5557
v  -744.3589 228.2185 -3.4400
v  -744.3589 211.7746 -3.4400
v  -744.3589 211.7746 -5.1528
v  -739.0287 211.7746 -12.4892
v  -730.4043 211.7746 -15.2914
v  -733.8050 84.3335 2.3353
v  -733.8050 84.3335 -3.5199
v  -730.4043 223.5878 14.8754
v  -730.4043 211.7746 16.7237
v  -730.2255 211.1741 12.0796
v  -730.2255 211.7378 12.0796
v  -737.6895 211.7378 9.6545
v  -737.6895 211.1741 9.6545
v  -742.3024 211.7378 3.3053
v  -742.3024 211.1741 3.3053
v  -742.3024 211.7378 1.8229
v  -742.3024 211.1741 1.8229
v  -742.3024 211.7378 -3.0604
v  -742.3024 211.1741 -3.0604
v  -742.3024 211.7378 -4.5427
v  -742.3024 211.1741 -4.5427
v  -737.6895 211.7378 -10.8919
v  -737.6895 211.1741 -10.8919
v  -730.2255 211.7378 -13.3171
v  -730.2255 211.1741 -13.3171
v  -729.0345 211.7378 -13.3171
v  -729.0345 211.1741 -13.3171
v  -729.0345 211.1741 12.0796
v  -729.0345 211.7378 12.0796
v  -744.3589 231.0986 0.9191
v  -745.3464 231.4581 1.7123
v  -745.3464 229.0186 1.7123
v  -744.3589 229.4251 0.9191
v  -745.3464 232.8266 -2.0395
v  -745.3464 232.8266 0.8015
v  -744.3589 229.4251 -2.1565
v  -745.3464 229.0186 -2.9503
v  -745.3464 231.4581 -2.9503
v  -744.3589 231.0986 -2.1565
v  -745.3464 227.9268 0.8015
v  -745.3464 227.9268 -2.0395
v  -751.9965 231.0956 0.9126
v  -751.9965 230.3203 -0.6170
v  -751.9965 229.4284 0.9126
v  -751.9965 231.9945 0.3143
v  -751.9965 231.9945 -1.5518
v  -751.9965 231.0956 -2.1500
v  -751.9965 229.4284 -2.1500
v  -751.9965 228.7113 -1.5518
v  -751.9965 228.7113 0.3143
v  -751.1293 231.4581 1.7123
v  -751.1293 229.0186 1.7123
v  -751.1293 227.9268 0.8015
v  -751.1293 227.9268 -2.0395
v  -751.1293 229.0186 -2.9503
v  -751.1293 231.4581 -2.9503
v  -751.1293 232.8266 -2.0395
v  -751.1293 232.8266 0.8015
v  -730.8153 226.4534 13.8462
v  -730.8153 224.2703 13.8462
v  -738.3892 227.3010 11.4596
v  -738.3892 227.3010 10.3940
v  -730.8153 226.4534 12.7806
v  -730.8153 224.2703 12.7806
v  -737.0125 224.9868 10.7142
v  -737.0125 224.9868 11.7798
v  -803.7868 176.1131 105.4016
v  -803.7996 176.1009 105.4016
v  -797.5266 176.1131 144.5927
v  -797.5339 176.1317 144.5887
v  -800.6423 182.4827 142.8440
v  -797.5377 176.1359 144.5865
v  -791.7035 182.4827 143.3367
v  -788.4202 179.3678 145.1795
v  -803.7700 176.1109 105.4016
v  -757.5867 21.6958 17.6479
v  -757.5867 2.5886 17.6064
# 994 vertices

vn 0.0000 1.0000 -0.0000
vn 0.0000 -1.0000 -0.0000
vn -0.8887 -0.3782 -0.2592
vn -0.8675 -0.3949 0.3026
vn 0.1635 0.3011 0.9395
vn 0.5537 0.3355 0.7621
vn 0.1280 -0.9760 0.1762
vn 0.0356 -0.9693 0.2432
vn 0.8959 0.3355 0.2911
vn 0.8392 -0.5381 0.0784
vn 0.9601 0.2798 -0.0000
vn 0.8767 -0.4810 -0.0000
vn 0.8959 0.3355 -0.2911
vn 0.5537 0.3355 -0.7621
vn 0.5238 -0.4536 -0.7210
vn 0.8476 -0.4536 -0.2754
vn 0.1635 0.3011 -0.9395
vn 0.1348 -0.4691 -0.8728
vn 0.1063 -0.7465 0.6569
vn 0.4314 -0.7048 0.5632
vn 0.5065 0.5692 0.6477
vn 0.1232 0.5949 0.7943
vn 0.7134 0.7008 -0.0000
vn 0.4527 0.6381 -0.6228
vn 0.7321 0.6383 -0.2378
vn 0.1164 0.6673 -0.7356
vn 0.5991 0.0086 0.8006
vn 0.9584 0.0041 0.2855
vn 0.9607 -0.0116 0.2775
vn 0.6063 0.0000 0.7952
vn 0.9585 0.0046 -0.2851
vn 0.6063 -0.0000 -0.7952
vn 0.9612 -0.0124 -0.2755
vn 0.1564 -0.0000 -0.9877
vn 0.5172 0.4750 0.7119
vn 0.1330 0.4921 0.8603
vn 0.1727 -0.0171 0.9848
vn 1.0000 0.0000 0.0000
vn 0.5430 0.7447 0.3880
vn 0.5429 0.7448 -0.3879
vn 1.0000 -0.0000 -0.0000
vn 0.8624 0.5063 -0.0000
vn 0.1330 0.4921 -0.8603
vn 0.5172 0.4750 -0.7119
vn 0.1681 0.9583 0.2313
vn 0.0460 0.9636 0.2633
vn 0.8394 0.4650 0.2815
vn 0.2719 0.9583 0.0884
vn 0.2518 0.9678 -0.0000
vn 0.8394 0.4650 -0.2815
vn 0.1681 0.9583 -0.2313
vn 0.2719 0.9583 -0.0884
vn 0.0460 0.9636 -0.2633
vn 0.4321 0.5614 0.7058
vn 0.1261 0.5727 0.8100
vn 0.1564 -0.0000 0.9877
vn 0.5206 -0.0000 0.8538
vn 0.4321 0.5614 -0.7057
vn 0.5206 0.0000 -0.8538
vn 0.1564 0.0000 -0.9877
vn 0.1261 0.5727 -0.8100
vn 0.7745 0.5432 -0.3242
vn -0.0739 0.2200 -0.9727
vn 0.7745 0.5432 0.3242
vn -0.0739 0.2200 0.9727
vn 0.0271 0.9877 0.1539
vn 0.0820 0.9869 0.1389
vn 0.0820 0.9869 -0.1389
vn 0.0271 0.9877 -0.1539
vn 0.1550 0.9860 -0.0616
vn 0.1471 0.9891 -0.0000
vn 0.1550 0.9860 0.0616
vn 0.0535 -0.9498 0.3082
vn 0.1645 -0.9466 0.2774
vn 0.4671 -0.4497 0.7613
vn 0.1357 -0.4566 0.8793
vn 0.3101 -0.9426 0.1242
vn 0.8270 -0.4425 0.3469
vn 0.2948 -0.9556 -0.0000
vn 0.8841 -0.4673 0.0000
vn 0.3101 -0.9426 -0.1242
vn 0.1645 -0.9466 -0.2774
vn 0.4671 -0.4497 -0.7613
vn 0.8270 -0.4425 -0.3469
vn 0.0535 -0.9498 -0.3082
vn 0.1357 -0.4565 -0.8793
vn -0.3744 0.9137 0.1582
vn -0.3744 0.9137 -0.1582
vn 0.5206 0.0000 0.8538
vn 0.1564 0.0000 0.9877
vn 0.5206 -0.0000 -0.8538
vn -0.1611 0.0000 -0.9869
vn -0.1611 -0.0000 0.9869
vn -0.1611 0.0000 0.9869
vn -0.0497 -0.2597 -0.9644
vn 0.2683 -0.8685 -0.4168
vn 0.2683 -0.8685 0.4168
vn -0.0497 -0.2597 0.9644
vn 0.1455 -0.4871 0.8611
vn 0.4973 -0.5331 0.6845
vn 0.4973 -0.5331 -0.6845
vn 0.1455 -0.4871 -0.8611
vn 0.8047 -0.5331 -0.2614
vn 0.8905 -0.4549 0.0000
vn 0.8047 -0.5331 0.2614
vn 0.1453 0.3078 0.9403
vn 0.5604 0.3018 0.7713
vn 0.5604 0.3018 -0.7713
vn 0.1453 0.3078 -0.9403
vn 0.9067 0.3018 -0.2946
vn 0.9514 0.3080 -0.0000
vn 0.9067 0.3018 0.2946
vn 0.5878 0.0000 0.8090
vn 0.5878 -0.0000 -0.8090
vn 0.9511 0.0000 -0.3090
vn 0.9511 -0.0000 0.3090
vn 0.9511 0.0000 0.3090
vn 0.1433 -0.3427 0.9284
vn 0.5538 -0.3350 0.7623
vn 0.5538 -0.3350 -0.7623
vn 0.1433 -0.3427 -0.9284
vn 0.8961 -0.3350 -0.2912
vn 0.8961 -0.3350 0.2912
vn 0.0747 -0.8956 0.4386
vn 0.2774 -0.8816 0.3819
vn 0.2774 -0.8816 -0.3819
vn 0.0747 -0.8956 -0.4386
vn 0.4523 -0.8806 -0.1412
vn 0.9362 -0.3515 -0.0000
vn 0.9885 0.0333 0.1477
vn 0.9914 0.0484 -0.1215
vn 0.4524 -0.8806 0.1411
vn -0.0000 -1.0000 -0.0000
vn 0.3814 -0.4429 0.8114
vn 0.4413 -0.4104 -0.7980
vn -0.0000 -1.0000 0.0000
vn 1.0000 0.0000 -0.0000
vn -0.4382 -0.4108 -0.7995
vn -0.3802 -0.4442 0.8112
vn 0.7117 0.7025 0.0029
vn 0.8652 0.4141 0.2827
vn 0.8670 0.4231 -0.2634
vn 0.4291 0.4278 -0.7955
vn -0.4218 0.4268 -0.8000
vn -0.4114 0.4028 0.8176
vn 0.4180 0.4046 0.8133
vn -0.8643 0.4138 0.2859
vn -0.8657 0.4226 -0.2683
vn 0.8213 -0.5041 0.2672
vn 0.8203 -0.5148 -0.2492
vn 0.4095 -0.5066 -0.7588
vn -0.4021 -0.5054 -0.7634
vn -0.3934 -0.4830 0.7823
vn 0.4000 -0.4855 0.7774
vn -0.8220 -0.5008 0.2712
vn -0.8206 -0.5115 -0.2550
vn 0.9151 0.2546 0.3126
vn 0.9393 0.2384 -0.2466
vn 0.4718 0.2561 -0.8437
vn -0.4755 0.2586 -0.8408
vn -0.3962 0.3020 0.8671
vn 0.3890 0.2986 0.8715
vn -0.9080 0.2608 0.3280
vn -0.9342 0.2430 -0.2613
vn -0.4981 0.7981 0.3390
vn -0.4980 0.7981 -0.3390
vn -0.4970 -0.8042 -0.3260
vn -0.4970 -0.8042 0.3260
vn -0.5246 0.0000 -0.8514
vn -0.5246 -0.0000 -0.8514
vn -0.5275 0.0000 0.8495
vn -0.5275 -0.0000 0.8495
vn 0.0000 0.8936 0.4488
vn -0.0000 0.9138 -0.4062
vn 0.0000 -0.9208 -0.3901
vn 0.0000 -0.8990 0.4380
vn 0.0000 0.0000 -1.0000
vn 0.0000 -0.0000 -1.0000
vn -0.7115 -0.2992 0.6359
vn -0.6847 0.3274 0.6511
vn -0.4693 -0.3186 -0.8236
vn 0.0000 -0.3753 -0.9269
vn -0.4731 0.3057 -0.8263
vn 0.0000 0.3590 -0.9334
vn -0.4528 0.3264 0.8297
vn -0.1809 0.9810 0.0699
vn -0.4471 -0.3409 0.8270
vn -0.2088 -0.9768 0.0482
vn 0.5499 0.7667 -0.3314
vn 0.5499 0.7667 0.3315
vn 0.9887 0.1356 0.0640
vn 0.9887 0.1356 -0.0640
vn 0.5100 -0.7957 0.3267
vn 0.5100 -0.7957 -0.3267
vn 0.9674 -0.2065 -0.1464
vn 0.9674 -0.2065 0.1464
vn 0.5714 0.0000 -0.8207
vn 0.9772 0.0959 -0.1896
vn 0.9801 -0.0606 -0.1892
vn 0.5742 -0.0000 0.8187
vn 0.5742 0.0000 0.8187
vn 0.9801 -0.0606 0.1892
vn 0.9772 0.0959 0.1896
vn 0.2935 -0.9535 -0.0681
vn 0.2921 -0.9558 0.0326
vn -0.0002 -1.0000 -0.0003
vn -0.1706 -0.9621 -0.2125
vn 0.1577 -0.9410 -0.2994
vn 0.2996 -0.9512 0.0735
vn -0.2444 -0.9696 -0.0086
vn -0.2203 -0.9754 -0.0035
vn -0.2310 -0.9727 -0.0214
vn 0.5117 0.8499 0.1255
vn 0.5596 0.8033 -0.2039
vn 0.2355 0.8812 0.4100
vn -0.2193 0.8867 0.4071
vn -0.4903 0.8621 0.1278
vn -0.5409 0.8151 -0.2076
vn -0.2736 0.7380 -0.6168
vn 0.2943 0.7301 -0.6167
vn 0.8982 0.3030 0.3184
vn 0.9383 0.2277 -0.2602
vn -0.3623 0.4683 0.8059
vn 0.3930 0.4142 0.8209
vn -0.8936 0.3176 0.3173
vn -0.9322 0.2496 -0.2623
vn -0.4610 0.2018 -0.8642
vn 0.4837 0.1576 -0.8609
vn 0.9892 0.0000 0.1465
vn 0.9577 -0.0000 -0.2877
vn -0.9930 0.0000 -0.1177
vn -1.0000 -0.0000 0.0016
vn 0.4742 0.0000 -0.8804
vn -0.6335 0.0445 -0.7724
vn 0.8726 -0.4703 0.1318
vn 0.8454 -0.4664 -0.2601
vn 0.5062 0.3903 0.7690
vn -0.6159 0.3668 0.6973
vn -0.6358 -0.4535 0.6246
vn 0.5472 -0.4186 0.7248
vn -0.8020 0.4181 0.4267
vn -0.8447 -0.5353 0.0015
vn -0.8519 -0.5238 0.0006
vn -0.8481 -0.5201 -0.1014
vn -0.5482 -0.4729 -0.6898
vn 0.4262 -0.4446 -0.7878
vn 0.2473 -0.9256 0.2865
vn -0.1926 -0.9490 0.2497
vn -0.0000 0.8936 0.4488
vn 0.1729 0.9828 0.0654
vn -0.0000 -0.8990 0.4380
vn 0.2000 -0.9789 0.0430
vn 0.5042 0.3270 0.7992
vn 0.6783 0.3366 0.6532
vn 0.7057 -0.3087 0.6377
vn 0.5010 -0.3431 0.7945
vn 0.5223 -0.3193 -0.7907
vn 0.5237 0.3050 -0.7954
vn -0.9301 -0.2886 -0.2273
vn -0.9190 0.3218 -0.2277
vn 0.9149 0.3315 -0.2302
vn 0.9264 -0.2982 -0.2299
vn 0.3994 -0.8099 -0.4296
vn -0.4079 -0.8063 -0.4284
vn -0.3833 0.8243 -0.4167
vn 0.3743 0.8278 -0.4179
vn -0.8808 -0.2725 0.3872
vn -0.8685 0.3058 0.3902
vn 0.8663 0.3161 0.3868
vn 0.8793 -0.2824 0.3835
vn 0.3935 -0.7852 0.4781
vn -0.4024 -0.7809 0.4778
vn -0.3763 0.7952 0.4755
vn 0.3669 0.7994 0.4758
vn -0.8156 -0.3527 -0.4586
vn -0.7994 0.3793 -0.4660
vn 0.3949 -0.8740 -0.2833
vn -0.4048 -0.8689 -0.2850
vn 0.7904 0.3879 -0.4742
vn 0.8068 -0.3621 -0.4669
vn -0.3464 0.8943 -0.2832
vn 0.3372 0.8983 -0.2817
vn -0.4724 -0.1998 -0.8585
vn -0.4666 0.2231 -0.8558
vn -0.1888 -0.4901 -0.8510
vn 0.1831 -0.4914 -0.8515
vn 0.4691 -0.2068 -0.8586
vn 0.4629 0.2302 -0.8560
vn 0.1596 0.5022 -0.8499
vn -0.1650 0.5013 -0.8494
vn -0.8777 -0.3665 -0.3088
vn -0.8610 0.4035 -0.3095
vn -0.3669 -0.8812 -0.2981
vn 0.3566 -0.8856 -0.2975
vn 0.8732 -0.3758 -0.3103
vn 0.8563 0.4124 -0.3109
vn 0.3208 0.9014 -0.2909
vn -0.3312 0.8974 -0.2917
vn -0.8979 -0.3751 0.2303
vn -0.8808 0.4130 0.2316
vn -0.3603 -0.8647 0.3500
vn 0.3502 -0.8690 0.3496
vn 0.8564 -0.3685 0.3617
vn 0.8400 0.4045 0.3615
vn 0.3152 0.8846 0.3437
vn -0.3254 0.8807 0.3443
vn -0.8833 -0.4046 0.2369
vn -0.8628 0.4451 0.2397
vn 0.1595 -0.4338 0.8868
vn -0.0323 -0.7571 0.6525
vn 0.5964 -0.4482 0.6659
vn 0.8043 0.3955 0.4435
vn 0.2885 0.8725 0.3943
vn -0.2246 0.8795 0.4195
vn -0.9561 0.1482 0.2528
vn 0.1017 -0.9651 0.2413
vn 0.5374 -0.1649 0.8271
vn -0.1545 0.5254 0.8367
vn -0.0000 0.0000 1.0000
vn 0.5393 -0.0623 0.8398
vn -0.2506 -0.6723 0.6965
vn 0.6260 -0.7145 0.3123
vn 0.8437 0.3997 0.3584
vn 0.6364 0.1105 0.7634
vn 0.2917 -0.7456 0.5991
vn 0.3428 0.9007 0.2668
vn -0.3037 0.9407 0.1513
vn -0.9670 0.0816 0.2414
vn -0.8933 0.4472 0.0447
vn -0.9403 -0.2439 0.2372
vn 0.8606 0.2668 0.4338
vn 0.6667 0.6495 0.3655
vn 0.5146 -0.7296 0.4504
vn 0.5558 0.5832 0.5924
vn 0.7278 -0.6437 0.2365
vn 0.7318 0.6556 0.1862
vn 0.0042 1.0000 0.0057
vn 0.0013 1.0000 0.0083
vn 0.4049 -0.8626 0.3032
vn 0.4527 -0.6381 0.6228
vn 0.4781 0.3044 0.8239
vn 0.7343 -0.6330 0.2451
vn 0.7134 -0.7008 -0.0000
vn 0.5337 -0.7762 -0.3355
vn 0.5338 -0.7762 0.3356
vn 0.7343 -0.6330 -0.2451
vn 0.4527 -0.6381 -0.6229
vn 0.1164 -0.6673 -0.7356
vn 0.0000 -0.9127 -0.4086
vn 0.0000 -0.3564 -0.9343
vn 0.0000 0.3194 -0.9476
vn 0.0000 -0.4442 -0.8959
vn 0.0000 -0.9589 -0.2837
vn 0.0000 -0.4775 -0.8787
vn 0.0000 0.6009 -0.7993
vn 0.0000 0.9901 -0.1403
vn 0.0000 0.2690 -0.9631
vn 0.0000 -0.4908 -0.8713
vn 0.0000 0.6998 -0.7144
vn 0.0000 -0.6998 -0.7144
vn 0.0000 0.5153 -0.8570
vn 0.0000 0.9704 -0.2416
vn -0.0000 0.9704 0.2416
vn -0.0000 0.5153 0.8570
vn -0.0000 -0.0000 1.0000
vn -0.0000 0.7071 0.7071
vn -0.0000 0.7598 0.6502
vn -0.0000 -0.6502 0.7598
vn 0.5696 -0.5344 0.6245
vn 0.5860 0.6157 0.5269
vn -0.0000 1.0000 0.0093
vn -0.0000 0.6293 0.7771
vn -0.0000 -0.7771 0.6293
vn -0.0000 -0.9631 0.2690
vn -0.0000 0.2694 0.9630
vn -0.0000 0.9901 0.1403
vn -0.0000 0.6009 0.7993
vn -0.0000 -0.4775 0.8787
vn -0.0000 -0.9589 0.2837
vn -0.0000 -0.4442 0.8959
vn -0.0000 0.3194 0.9476
vn -0.0000 -0.3564 0.9343
vn -0.0000 -0.9127 0.4086
vn 0.1058 0.7372 0.6674
vn 0.3699 0.7769 0.5095
vn 0.3699 -0.7769 0.5095
vn 0.1058 -0.7372 0.6674
vn 0.5985 0.7771 0.1946
vn 0.5985 -0.7771 0.1946
vn 0.7134 0.7008 0.0000
vn 0.7134 -0.7008 0.0000
vn 0.5985 0.7771 -0.1946
vn 0.5985 -0.7771 -0.1946
vn 0.3699 0.7769 -0.5095
vn 0.3699 -0.7769 -0.5096
vn 0.1058 0.7372 -0.6674
vn 0.1058 -0.7371 -0.6674
vn 0.0000 0.7012 -0.7129
vn 0.0000 -0.7012 -0.7130
vn -0.0000 0.7012 0.7130
vn -0.0000 -0.7012 0.7129
vn -0.0000 -1.0000 0.0093
vn 0.4937 0.2353 0.8372
vn 0.5065 -0.2748 0.8173
vn -0.3340 -0.3264 0.8843
vn -0.3322 0.2779 0.9013
vn -0.3408 0.8277 0.4458
vn -0.3408 0.8277 -0.4458
vn 0.5064 -0.2749 -0.8173
vn 0.4936 0.2354 -0.8372
vn -0.3323 0.2779 -0.9013
vn -0.3341 -0.3264 -0.8842
vn -0.3345 -0.8509 0.4051
vn -0.3345 -0.8509 -0.4051
vn 0.8980 0.1183 0.4239
vn 0.8961 -0.1406 0.4211
vn 0.8943 0.3971 0.2063
vn 0.8943 0.3971 -0.2062
vn 0.8980 0.1183 -0.4237
vn 0.8961 -0.1405 -0.4209
vn 0.8918 -0.4159 -0.1782
vn 0.8918 -0.4159 0.1783
vn 0.3621 -0.3229 0.8744
vn 0.3609 0.2749 0.8912
vn 0.3617 -0.8418 0.4008
vn 0.3617 -0.8417 -0.4008
vn 0.3622 -0.3228 -0.8744
vn 0.3611 0.2749 -0.8911
vn 0.3674 0.8188 -0.4411
vn 0.3673 0.8189 0.4411
vn 0.5737 0.2604 0.7766
vn 0.6168 -0.2591 0.7432
vn 0.3272 -0.4104 0.8512
vn 0.6810 -0.5555 0.4771
vn -0.6229 -0.4239 0.6575
vn 0.6140 0.6350 0.4688
vn -0.0671 0.5850 0.8082
vn -0.2916 0.6542 0.6979
vn -0.2380 -0.6813 0.6923
vn 0.3045 0.1304 0.9436
vn 0.0241 -0.6545 0.7556
vn 0.3235 0.5192 0.7911
vn -0.2386 0.7525 0.6138
vn -0.7193 -0.1657 0.6746
vn 0.7612 0.2816 0.5842
vn 0.8506 -0.4642 0.2469
vn 0.8675 -0.3949 0.3026
vn 0.8887 -0.3782 -0.2592
vn -0.1635 0.3011 0.9395
vn -0.0356 -0.9693 0.2432
vn -0.1280 -0.9760 0.1762
vn -0.5537 0.3355 0.7621
vn -0.8392 -0.5381 0.0784
vn -0.8959 0.3355 0.2911
vn -0.9601 0.2798 -0.0000
vn -0.8767 -0.4810 -0.0000
vn -0.8959 0.3355 -0.2911
vn -0.8476 -0.4536 -0.2754
vn -0.5238 -0.4536 -0.7210
vn -0.5537 0.3355 -0.7621
vn -0.1348 -0.4691 -0.8728
vn -0.1635 0.3011 -0.9395
vn -0.1063 -0.7465 0.6569
vn -0.1232 0.5949 0.7943
vn -0.5065 0.5692 0.6477
vn -0.4314 -0.7048 0.5632
vn -0.7134 0.7008 -0.0000
vn -0.7321 0.6383 -0.2378
vn -0.4527 0.6381 -0.6228
vn -0.1164 0.6673 -0.7356
vn -0.5991 0.0086 0.8006
vn -0.6063 0.0000 0.7952
vn -0.9607 -0.0116 0.2775
vn -0.9584 0.0041 0.2855
vn -0.9585 0.0046 -0.2851
vn -0.9612 -0.0124 -0.2755
vn -0.6063 -0.0000 -0.7952
vn -0.1564 -0.0000 -0.9877
vn -0.1727 -0.0171 0.9848
vn -0.1330 0.4921 0.8603
vn -0.5172 0.4750 0.7119
vn -1.0000 0.0000 -0.0000
vn -0.8624 0.5063 -0.0000
vn -1.0000 -0.0000 -0.0000
vn -0.5429 0.7448 -0.3879
vn -0.5430 0.7447 0.3880
vn -0.5172 0.4750 -0.7119
vn -0.1330 0.4921 -0.8603
vn -0.0460 0.9636 0.2633
vn -0.1681 0.9583 0.2313
vn -0.2719 0.9583 0.0884
vn -0.8394 0.4650 0.2815
vn -0.2518 0.9678 -0.0000
vn -0.8394 0.4650 -0.2815
vn -0.2719 0.9583 -0.0884
vn -0.1681 0.9583 -0.2313
vn -0.0460 0.9636 -0.2633
vn -0.0000 1.0000 -0.0000
vn -0.4321 0.5614 0.7058
vn -0.5206 -0.0000 0.8538
vn -0.1564 -0.0000 0.9877
vn -0.1261 0.5727 0.8100
vn -0.4321 0.5614 -0.7057
vn -0.1261 0.5727 -0.8100
vn -0.1564 0.0000 -0.9877
vn -0.5206 0.0000 -0.8538
vn 0.0739 0.2200 -0.9727
vn -0.7745 0.5432 -0.3242
vn -0.7745 0.5432 0.3242
vn 0.0739 0.2200 0.9727
vn -0.0820 0.9869 0.1389
vn -0.0271 0.9877 0.1539
vn -0.0271 0.9877 -0.1539
vn -0.0820 0.9869 -0.1389
vn -0.1550 0.9860 -0.0616
vn -0.1471 0.9891 -0.0000
vn -0.1550 0.9860 0.0616
vn -0.0535 -0.9498 0.3082
vn -0.1357 -0.4566 0.8793
vn -0.4671 -0.4497 0.7613
vn -0.1645 -0.9466 0.2774
vn -0.8270 -0.4425 0.3469
vn -0.3101 -0.9426 0.1242
vn -0.2948 -0.9556 -0.0000
vn -0.8841 -0.4673 -0.0000
vn -0.3101 -0.9426 -0.1242
vn -0.8270 -0.4425 -0.3469
vn -0.4671 -0.4497 -0.7613
vn -0.1645 -0.9466 -0.2774
vn -0.1357 -0.4565 -0.8793
vn -0.0535 -0.9498 -0.3082
vn 0.3744 0.9137 -0.1582
vn 0.3744 0.9137 0.1582
vn -0.5206 0.0000 0.8538
vn -0.1564 0.0000 0.9877
vn -0.5206 -0.0000 -0.8538
vn 0.1611 0.0000 -0.9869
vn 0.1611 -0.0000 0.9869
vn 0.1611 0.0000 0.9869
vn 0.0497 -0.2597 -0.9644
vn -0.2683 -0.8685 -0.4168
vn -0.2683 -0.8685 0.4168
vn 0.0497 -0.2597 0.9644
vn -0.4973 -0.5331 0.6845
vn -0.1455 -0.4871 0.8611
vn -0.1455 -0.4871 -0.8611
vn -0.4973 -0.5331 -0.6845
vn -0.8047 -0.5331 -0.2614
vn -0.8905 -0.4549 -0.0000
vn -0.8047 -0.5331 0.2614
vn -0.5604 0.3018 0.7713
vn -0.1453 0.3078 0.9403
vn -0.1453 0.3078 -0.9403
vn -0.5604 0.3018 -0.7713
vn -0.9067 0.3018 -0.2946
vn -0.9514 0.3080 -0.0000
vn -0.9067 0.3018 0.2946
vn -0.5878 0.0000 0.8090
vn -0.5878 -0.0000 -0.8090
vn -0.9511 0.0000 -0.3090
vn -0.9511 -0.0000 0.3090
vn -0.9511 0.0000 0.3090
vn -0.5538 -0.3350 0.7623
vn -0.1433 -0.3427 0.9284
vn -0.1433 -0.3427 -0.9284
vn -0.5538 -0.3350 -0.7623
vn -0.8961 -0.3350 -0.2912
vn -0.8961 -0.3350 0.2912
vn -0.2774 -0.8816 0.3819
vn -0.0747 -0.8956 0.4386
vn -0.0747 -0.8956 -0.4386
vn -0.2774 -0.8816 -0.3819
vn -0.4523 -0.8806 -0.1412
vn -0.9362 -0.3515 -0.0000
vn -0.9914 0.0484 -0.1215
vn -0.9885 0.0333 0.1477
vn -0.4524 -0.8806 0.1411
vn -0.3814 -0.4429 0.8114
vn -0.4413 -0.4104 -0.7980
vn 0.0000 -1.0000 0.0000
vn 0.4382 -0.4108 -0.7995
vn 0.3802 -0.4442 0.8112
vn -0.7117 0.7025 0.0029
vn -0.8670 0.4231 -0.2634
vn -0.8652 0.4141 0.2827
vn 0.4218 0.4268 -0.8000
vn -0.4291 0.4278 -0.7955
vn -0.4180 0.4046 0.8133
vn 0.4114 0.4028 0.8176
vn 0.8643 0.4138 0.2859
vn 0.8657 0.4226 -0.2683
vn -0.8203 -0.5148 -0.2492
vn -0.8213 -0.5041 0.2672
vn 0.4021 -0.5054 -0.7634
vn -0.4095 -0.5066 -0.7588
vn -0.4000 -0.4855 0.7774
vn 0.3934 -0.4830 0.7823
vn 0.8220 -0.5008 0.2712
vn 0.8206 -0.5115 -0.2550
vn -0.9393 0.2384 -0.2466
vn -0.9151 0.2546 0.3126
vn 0.4755 0.2586 -0.8408
vn -0.4718 0.2561 -0.8437
vn -0.3890 0.2986 0.8715
vn 0.3962 0.3020 0.8671
vn 0.9080 0.2608 0.3280
vn 0.9342 0.2430 -0.2613
vn 0.4980 0.7981 -0.3390
vn 0.4981 0.7981 0.3390
vn 0.4970 -0.8042 0.3260
vn 0.4970 -0.8042 -0.3260
vn 0.5246 -0.0000 -0.8514
vn 0.5246 0.0000 -0.8514
vn 0.5275 -0.0000 0.8495
vn 0.5275 0.0000 0.8495
vn 0.0000 0.9138 -0.4062
vn -0.0000 -0.0000 -1.0000
vn -0.0000 0.0000 -1.0000
vn 0.6847 0.3274 0.6511
vn 0.7115 -0.2992 0.6359
vn -0.0000 -0.3753 -0.9269
vn 0.4693 -0.3186 -0.8236
vn 0.4731 0.3057 -0.8263
vn -0.0000 0.3590 -0.9334
vn 0.1809 0.9810 0.0699
vn 0.4528 0.3264 0.8297
vn 0.4471 -0.3409 0.8270
vn 0.2088 -0.9768 0.0482
vn -0.5499 0.7667 -0.3314
vn -0.9887 0.1356 -0.0640
vn -0.9887 0.1356 0.0640
vn -0.5499 0.7667 0.3315
vn -0.5100 -0.7957 0.3267
vn -0.9674 -0.2065 0.1464
vn -0.9674 -0.2065 -0.1464
vn -0.5100 -0.7957 -0.3267
vn -0.5714 0.0000 -0.8207
vn -0.9801 -0.0606 -0.1892
vn -0.9772 0.0959 -0.1896
vn -0.5742 -0.0000 0.8187
vn -0.9772 0.0959 0.1896
vn -0.9801 -0.0606 0.1892
vn -0.5742 0.0000 0.8187
vn -0.2935 -0.9535 -0.0681
vn 0.0002 -1.0000 -0.0003
vn -0.2921 -0.9558 0.0326
vn 0.1706 -0.9621 -0.2125
vn -0.1577 -0.9410 -0.2994
vn -0.2996 -0.9512 0.0735
vn 0.2444 -0.9696 -0.0086
vn 0.2203 -0.9754 -0.0035
vn 0.2310 -0.9727 -0.0214
vn -0.5596 0.8033 -0.2039
vn -0.5117 0.8499 0.1255
vn -0.2355 0.8812 0.4100
vn 0.2193 0.8867 0.4071
vn 0.4903 0.8621 0.1278
vn 0.5409 0.8151 -0.2076
vn 0.2736 0.7380 -0.6168
vn -0.2943 0.7301 -0.6167
vn -0.9383 0.2277 -0.2602
vn -0.8982 0.3030 0.3184
vn -0.3930 0.4142 0.8209
vn 0.3623 0.4683 0.8059
vn 0.8936 0.3176 0.3173
vn 0.9322 0.2496 -0.2623
vn 0.4610 0.2018 -0.8642
vn -0.4837 0.1576 -0.8609
vn -0.9577 -0.0000 -0.2877
vn -0.9892 0.0000 0.1465
vn 1.0000 -0.0000 0.0016
vn 0.9930 0.0000 -0.1177
vn 0.6335 0.0445 -0.7724
vn -0.4742 0.0000 -0.8804
vn -0.8454 -0.4664 -0.2601
vn -0.8726 -0.4703 0.1318
vn -0.5062 0.3903 0.7690
vn -0.5472 -0.4186 0.7248
vn 0.6358 -0.4535 0.6246
vn 0.6159 0.3668 0.6973
vn 0.8020 0.4181 0.4267
vn 0.8519 -0.5238 0.0006
vn 0.8447 -0.5353 0.0015
vn 0.8481 -0.5201 -0.1014
vn 0.5482 -0.4729 -0.6898
vn -0.4262 -0.4446 -0.7878
vn 0.1926 -0.9490 0.2497
vn -0.2473 -0.9256 0.2865
vn -0.1729 0.9828 0.0654
vn -0.2000 -0.9789 0.0430
vn -0.5042 0.3270 0.7992
vn -0.6783 0.3366 0.6532
vn -0.7057 -0.3087 0.6377
vn -0.5010 -0.3431 0.7945
vn -0.5223 -0.3193 -0.7907
vn -0.5237 0.3050 -0.7954
vn 0.9190 0.3218 -0.2277
vn 0.9301 -0.2886 -0.2273
vn -0.9264 -0.2982 -0.2299
vn -0.9149 0.3315 -0.2302
vn 0.4079 -0.8063 -0.4284
vn -0.3994 -0.8099 -0.4296
vn -0.3743 0.8278 -0.4179
vn 0.3833 0.8243 -0.4167
vn 0.8685 0.3058 0.3902
vn 0.8808 -0.2725 0.3872
vn -0.8793 -0.2824 0.3835
vn -0.8663 0.3161 0.3868
vn 0.4024 -0.7809 0.4778
vn -0.3935 -0.7852 0.4781
vn -0.3669 0.7994 0.4758
vn 0.3763 0.7952 0.4755
vn 0.7994 0.3793 -0.4660
vn 0.8156 -0.3527 -0.4586
vn 0.4048 -0.8689 -0.2850
vn -0.3949 -0.8740 -0.2833
vn -0.8068 -0.3621 -0.4669
vn -0.7904 0.3879 -0.4742
vn -0.3372 0.8983 -0.2817
vn 0.3464 0.8943 -0.2832
vn 0.4666 0.2231 -0.8558
vn 0.4724 -0.1998 -0.8585
vn 0.1888 -0.4901 -0.8510
vn -0.1831 -0.4914 -0.8515
vn -0.4691 -0.2068 -0.8586
vn -0.4629 0.2302 -0.8560
vn -0.1596 0.5022 -0.8499
vn 0.1650 0.5013 -0.8494
vn 0.8610 0.4035 -0.3095
vn 0.8777 -0.3665 -0.3088
vn 0.3669 -0.8812 -0.2981
vn -0.3566 -0.8856 -0.2975
vn -0.8732 -0.3758 -0.3103
vn -0.8563 0.4124 -0.3109
vn -0.3208 0.9014 -0.2909
vn 0.3312 0.8974 -0.2917
vn 0.8808 0.4130 0.2316
vn 0.8979 -0.3751 0.2303
vn 0.3603 -0.8647 0.3500
vn -0.3502 -0.8690 0.3496
vn -0.8564 -0.3685 0.3617
vn -0.8400 0.4045 0.3615
vn -0.3152 0.8846 0.3437
vn 0.3254 0.8807 0.3443
vn 0.8628 0.4451 0.2397
vn 0.8833 -0.4046 0.2369
vn 0.0323 -0.7571 0.6525
vn -0.1595 -0.4338 0.8868
vn -0.5964 -0.4482 0.6659
vn -0.8043 0.3955 0.4435
vn -0.2885 0.8725 0.3943
vn 0.2246 0.8795 0.4195
vn 0.9561 0.1482 0.2528
vn 0.1545 0.5254 0.8367
vn -0.5374 -0.1649 0.8271
vn -0.1017 -0.9651 0.2413
vn -0.5393 -0.0623 0.8398
vn 0.0000 0.0000 1.0000
vn 0.2506 -0.6723 0.6965
vn -0.6260 -0.7145 0.3123
vn -0.2917 -0.7456 0.5991
vn -0.6364 0.1105 0.7634
vn -0.8437 0.3997 0.3584
vn -0.3428 0.9007 0.2668
vn 0.3037 0.9407 0.1513
vn 0.8933 0.4472 0.0447
vn 0.9670 0.0816 0.2414
vn 0.9403 -0.2439 0.2372
vn -0.6667 0.6495 0.3655
vn -0.8606 0.2668 0.4338
vn -0.5558 0.5832 0.5924
vn -0.5146 -0.7296 0.4504
vn -0.7278 -0.6437 0.2365
vn -0.7318 0.6556 0.1862
vn -0.0042 1.0000 0.0057
vn -0.0013 1.0000 0.0083
vn -0.4049 -0.8626 0.3032
vn -0.4781 0.3044 0.8239
vn -0.4527 -0.6381 0.6228
vn -0.7343 -0.6330 0.2451
vn -0.7134 -0.7008 -0.0000
vn -0.5338 -0.7762 0.3356
vn -0.5337 -0.7762 -0.3355
vn -0.7343 -0.6330 -0.2451
vn -0.4527 -0.6381 -0.6229
vn -0.1164 -0.6673 -0.7356
vn -0.5860 0.6157 0.5269
vn -0.5696 -0.5344 0.6245
vn -0.1058 0.7372 0.6674
vn -0.1058 -0.7372 0.6674
vn -0.3699 -0.7769 0.5095
vn -0.3699 0.7769 0.5095
vn -0.5985 -0.7771 0.1946
vn -0.5985 0.7771 0.1946
vn -0.5985 -0.7771 -0.1946
vn -0.5985 0.7771 -0.1946
vn -0.3699 -0.7769 -0.5096
vn -0.3699 0.7769 -0.5095
vn -0.1058 -0.7371 -0.6674
vn -0.1058 0.7372 -0.6674
vn 0.0000 0.7012 0.7130
vn 0.0000 -0.7012 0.7129
vn -0.4937 0.2353 0.8372
vn 0.3322 0.2779 0.9013
vn 0.3340 -0.3264 0.8843
vn -0.5065 -0.2748 0.8173
vn 0.3408 0.8277 -0.4458
vn 0.3408 0.8277 0.4458
vn -0.5064 -0.2749 -0.8173
vn 0.3341 -0.3264 -0.8842
vn 0.3323 0.2779 -0.9013
vn -0.4936 0.2354 -0.8372
vn 0.3345 -0.8509 0.4051
vn 0.3345 -0.8509 -0.4051
vn -0.8980 0.1183 0.4239
vn -0.8961 -0.1406 0.4211
vn -0.8943 0.3971 0.2063
vn -0.8943 0.3971 -0.2062
vn -0.8980 0.1183 -0.4237
vn -0.8961 -0.1405 -0.4209
vn -0.8918 -0.4159 -0.1782
vn -0.8918 -0.4159 0.1783
vn -0.3609 0.2749 0.8912
vn -0.3621 -0.3229 0.8744
vn -0.3617 -0.8418 0.4008
vn -0.3617 -0.8417 -0.4008
vn -0.3622 -0.3228 -0.8744
vn -0.3611 0.2749 -0.8911
vn -0.3674 0.8188 -0.4411
vn -0.3673 0.8189 0.4411
vn -0.6168 -0.2591 0.7432
vn -0.5737 0.2604 0.7766
vn -0.3272 -0.4104 0.8512
vn 0.6229 -0.4239 0.6575
vn -0.6810 -0.5555 0.4771
vn -0.6140 0.6350 0.4688
vn 0.2916 0.6542 0.6979
vn 0.0671 0.5850 0.8082
vn 0.2380 -0.6813 0.6923
vn -0.0241 -0.6545 0.7556
vn -0.3045 0.1304 0.9436
vn -0.3235 0.5192 0.7911
vn 0.2386 0.7525 0.6138
vn 0.7193 -0.1657 0.6746
vn -0.7612 0.2816 0.5842
vn -0.8506 -0.4642 0.2469
# 846 vertex normals

vt 0.7269 0.2375 0.0000
vt 0.7076 0.2109 0.0000
vt 0.7269 0.2046 0.0000
vt 0.1574 0.3622 0.0000
vt 0.1407 0.3697 0.0000
vt 0.1407 0.3545 0.0000
vt 0.1135 0.3417 0.0000
vt 0.1135 0.3089 0.0000
vt 0.1328 0.3151 0.0000
vt 0.2191 0.3097 0.0000
vt 0.2365 0.3041 0.0000
vt 0.2415 0.3109 0.0000
vt 0.2191 0.3182 0.0000
vt 0.2472 0.2893 0.0000
vt 0.2553 0.2919 0.0000
vt 0.2472 0.2858 0.0000
vt 0.2472 0.2745 0.0000
vt 0.2553 0.2728 0.0000
vt 0.2553 0.2875 0.0000
vt 0.2472 0.2710 0.0000
vt 0.2365 0.2562 0.0000
vt 0.2415 0.2494 0.0000
vt 0.2553 0.2684 0.0000
vt 0.2191 0.2506 0.0000
vt 0.2191 0.2421 0.0000
vt 0.8927 0.7974 0.0000
vt 0.8927 0.8198 0.0000
vt 0.8627 0.8198 0.0000
vt 0.8627 0.7974 0.0000
vt 0.7411 0.3834 0.0000
vt 0.7411 0.3980 0.0000
vt 0.7111 0.3980 0.0000
vt 0.7111 0.3834 0.0000
vt 0.7411 0.4024 0.0000
vt 0.7411 0.4215 0.0000
vt 0.7111 0.4215 0.0000
vt 0.7111 0.4024 0.0000
vt 0.5311 0.5879 0.0000
vt 0.5534 0.5879 0.0000
vt 0.5534 0.6179 0.0000
vt 0.5311 0.6179 0.0000
vt 0.5074 0.3438 0.0000
vt 0.5284 0.3582 0.0000
vt 0.5284 0.3639 0.0000
vt 0.5074 0.3559 0.0000
vt 0.5479 0.3582 0.0000
vt 0.5690 0.3473 0.0000
vt 0.5690 0.3519 0.0000
vt 0.5479 0.3639 0.0000
vt 0.5784 0.3568 0.0000
vt 0.6008 0.3568 0.0000
vt 0.6008 0.3598 0.0000
vt 0.5784 0.3614 0.0000
vt 0.4340 0.2845 0.0000
vt 0.3984 0.2845 0.0000
vt 0.3984 0.2621 0.0000
vt 0.4369 0.2621 0.0000
vt 0.5308 0.3669 0.0000
vt 0.5357 0.3656 0.0000
vt 0.5406 0.3656 0.0000
vt 0.5455 0.3669 0.0000
vt 0.5455 0.3915 0.0000
vt 0.5308 0.3915 0.0000
vt 0.6008 0.4009 0.0000
vt 0.5784 0.4009 0.0000
vt 0.6099 0.2472 0.0000
vt 0.5875 0.2399 0.0000
vt 0.5925 0.2330 0.0000
vt 0.6099 0.2387 0.0000
vt 0.5737 0.2209 0.0000
vt 0.5818 0.2182 0.0000
vt 0.5737 0.2164 0.0000
vt 0.5737 0.2018 0.0000
vt 0.5818 0.2034 0.0000
vt 0.5818 0.2148 0.0000
vt 0.5737 0.1973 0.0000
vt 0.5875 0.1783 0.0000
vt 0.5925 0.1852 0.0000
vt 0.5818 0.2000 0.0000
vt 0.6099 0.1710 0.0000
vt 0.6099 0.1795 0.0000
vt 0.6099 0.2091 0.0000
vt 0.0052 0.7097 0.0000
vt 0.0052 0.6442 0.0000
vt 0.0239 0.6442 0.0000
vt 0.0239 0.7097 0.0000
vt 0.5716 0.1656 0.0000
vt 0.5716 0.1469 0.0000
vt 0.6371 0.1469 0.0000
vt 0.6371 0.1656 0.0000
vt 0.5311 0.1656 0.0000
vt 0.5311 0.1469 0.0000
vt 0.0052 0.7502 0.0000
vt 0.0239 0.7502 0.0000
vt 0.8518 0.1406 0.0000
vt 0.8692 0.1463 0.0000
vt 0.8692 0.2068 0.0000
vt 0.8163 0.1896 0.0000
vt 0.8692 0.0872 0.0000
vt 0.8518 0.0928 0.0000
vt 0.8163 0.0439 0.0000
vt 0.8692 0.0267 0.0000
vt 0.8411 0.1076 0.0000
vt 0.7835 0.0763 0.0000
vt 0.8411 0.1110 0.0000
vt 0.8411 0.1224 0.0000
vt 0.7835 0.1419 0.0000
vt 0.7835 0.0916 0.0000
vt 0.8411 0.1259 0.0000
vt 0.7835 0.1572 0.0000
vt 0.0176 0.8763 0.0000
vt 0.0365 0.9346 0.0000
vt 0.0265 0.9419 0.0000
vt 0.0052 0.8763 0.0000
vt 0.0722 0.9706 0.0000
vt 0.0667 0.9824 0.0000
vt 0.0890 0.9706 0.0000
vt 0.1444 0.9706 0.0000
vt 0.1479 0.9824 0.0000
vt 0.0856 0.9824 0.0000
vt 0.1612 0.9706 0.0000
vt 0.1969 0.9346 0.0000
vt 0.2069 0.9419 0.0000
vt 0.1668 0.9824 0.0000
vt 0.2159 0.8763 0.0000
vt 0.2282 0.8763 0.0000
vt 0.8692 0.2282 0.0000
vt 0.8037 0.2069 0.0000
vt 0.8037 0.0265 0.0000
vt 0.8692 0.0052 0.0000
vt 0.7632 0.0667 0.0000
vt 0.7632 0.1479 0.0000
vt 0.7632 0.0856 0.0000
vt 0.7632 0.1668 0.0000
vt 0.0320 0.7097 0.0000
vt 0.0320 0.6442 0.0000
vt 0.0742 0.6442 0.0000
vt 0.0742 0.7097 0.0000
vt 0.6371 0.1389 0.0000
vt 0.5716 0.1389 0.0000
vt 0.5716 0.0967 0.0000
vt 0.6371 0.0967 0.0000
vt 0.5311 0.1389 0.0000
vt 0.5311 0.0967 0.0000
vt 0.0320 0.7502 0.0000
vt 0.0742 0.7502 0.0000
vt 0.0860 0.7097 0.0000
vt 0.0860 0.6442 0.0000
vt 0.1656 0.6442 0.0000
vt 0.1656 0.7097 0.0000
vt 0.6371 0.0849 0.0000
vt 0.5716 0.0849 0.0000
vt 0.5716 0.0052 0.0000
vt 0.6371 0.0052 0.0000
vt 0.5311 0.0849 0.0000
vt 0.5311 0.0052 0.0000
vt 0.7773 0.7556 0.0000
vt 0.8396 0.7556 0.0000
vt 0.8396 0.8192 0.0000
vt 0.7773 0.8192 0.0000
vt 0.0860 0.7502 0.0000
vt 0.1656 0.7502 0.0000
vt 0.0484 0.8763 0.0000
vt 0.0614 0.9165 0.0000
vt 0.1720 0.9165 0.0000
vt 0.1851 0.8763 0.0000
vt 0.1378 0.9414 0.0000
vt 0.1036 0.9414 0.0000
vt 0.1299 0.9414 0.0000
vt 0.0956 0.9414 0.0000
vt 0.8728 0.4828 0.0000
vt 0.8728 0.5230 0.0000
vt 0.8641 0.5230 0.0000
vt 0.8641 0.4789 0.0000
vt 0.9375 0.6258 0.0000
vt 0.9777 0.6258 0.0000
vt 0.9816 0.6345 0.0000
vt 0.9375 0.6345 0.0000
vt 0.1124 0.8324 0.0000
vt 0.1547 0.8324 0.0000
vt 0.1567 0.8432 0.0000
vt 0.1104 0.8432 0.0000
vt 0.8012 0.3558 0.0000
vt 0.8275 0.3558 0.0000
vt 0.8288 0.3645 0.0000
vt 0.7999 0.3645 0.0000
vt 0.0495 0.9966 0.0000
vt 0.0073 0.9966 0.0000
vt 0.0052 0.9858 0.0000
vt 0.0516 0.9858 0.0000
vt 0.8348 0.5230 0.0000
vt 0.8348 0.4789 0.0000
vt 0.9816 0.6639 0.0000
vt 0.9375 0.6639 0.0000
vt 0.7537 0.3645 0.0000
vt 0.7912 0.3645 0.0000
vt 0.7912 0.3939 0.0000
vt 0.7537 0.3939 0.0000
vt 0.8375 0.3645 0.0000
vt 0.8750 0.3645 0.0000
vt 0.8750 0.3939 0.0000
vt 0.8375 0.3939 0.0000
vt 0.7944 0.5230 0.0000
vt 0.7944 0.4789 0.0000
vt 0.9816 0.7043 0.0000
vt 0.9375 0.7043 0.0000
vt 0.7912 0.4343 0.0000
vt 0.7537 0.4343 0.0000
vt 0.8750 0.4343 0.0000
vt 0.8375 0.4343 0.0000
vt 0.7632 0.5230 0.0000
vt 0.7632 0.4789 0.0000
vt 0.9816 0.7354 0.0000
vt 0.9375 0.7354 0.0000
vt 0.7912 0.4654 0.0000
vt 0.7537 0.4654 0.0000
vt 0.8750 0.4654 0.0000
vt 0.8375 0.4654 0.0000
vt 0.7537 0.5230 0.0000
vt 0.7537 0.4839 0.0000
vt 0.9766 0.7449 0.0000
vt 0.9375 0.7449 0.0000
vt 0.9858 0.1653 0.0000
vt 0.9858 0.1189 0.0000
vt 0.9983 0.1216 0.0000
vt 0.9983 0.1626 0.0000
vt 0.7999 0.4654 0.0000
vt 0.8288 0.4654 0.0000
vt 0.8230 0.4749 0.0000
vt 0.8058 0.4749 0.0000
vt 0.3337 0.1377 0.0000
vt 0.3337 0.0913 0.0000
vt 0.3462 0.0940 0.0000
vt 0.3462 0.1350 0.0000
vt 0.7269 0.1853 0.0000
vt 0.6962 0.1952 0.0000
vt 0.6878 0.1837 0.0000
vt 0.7269 0.1710 0.0000
vt 0.6739 0.2152 0.0000
vt 0.6637 0.2170 0.0000
vt 0.1665 0.3179 0.0000
vt 0.1442 0.2995 0.0000
vt 0.1526 0.2879 0.0000
vt 0.1767 0.3212 0.0000
vt 0.1135 0.2895 0.0000
vt 0.1135 0.2753 0.0000
vt 0.8288 0.3939 0.0000
vt 0.7999 0.3939 0.0000
vt 0.8288 0.4343 0.0000
vt 0.7999 0.4343 0.0000
vt 0.1412 0.3179 0.0000
vt 0.6992 0.2152 0.0000
vt 0.1765 0.3332 0.0000
vt 0.7932 0.3558 0.0000
vt 0.7584 0.8192 0.0000
vt 0.7584 0.7395 0.0000
vt 0.6384 0.6143 0.0000
vt 0.6384 0.6330 0.0000
vt 0.6195 0.6330 0.0000
vt 0.5499 0.3915 0.0000
vt 0.5264 0.3915 0.0000
vt 0.7111 0.3789 0.0000
vt 0.7411 0.3789 0.0000
vt 0.3652 0.0431 0.0000
vt 0.3652 0.0618 0.0000
vt 0.3463 0.0431 0.0000
vt 0.8585 0.7395 0.0000
vt 0.8585 0.8192 0.0000
vt 0.8355 0.3558 0.0000
vt 0.6639 0.2288 0.0000
vt 0.7102 0.2298 0.0000
vt 0.1302 0.3342 0.0000
vt 0.7494 0.6861 0.0000
vt 0.7322 0.6861 0.0000
vt 0.7296 0.6779 0.0000
vt 0.7529 0.6779 0.0000
vt 0.7647 0.7213 0.0000
vt 0.7646 0.6961 0.0000
vt 0.7736 0.6915 0.0000
vt 0.7737 0.7257 0.0000
vt 0.7185 0.6961 0.0000
vt 0.7185 0.7213 0.0000
vt 0.7111 0.7257 0.0000
vt 0.7111 0.6915 0.0000
vt 0.7332 0.7324 0.0000
vt 0.7310 0.7407 0.0000
vt 0.7484 0.7324 0.0000
vt 0.7516 0.7407 0.0000
vt 0.3339 0.4268 0.0000
vt 0.3572 0.4268 0.0000
vt 0.3572 0.4999 0.0000
vt 0.3339 0.4999 0.0000
vt 0.5832 0.5416 0.0000
vt 0.5832 0.5074 0.0000
vt 0.6562 0.5074 0.0000
vt 0.6562 0.5416 0.0000
vt 0.6258 0.5037 0.0000
vt 0.6258 0.4695 0.0000
vt 0.6988 0.4695 0.0000
vt 0.6988 0.5037 0.0000
vt 0.6779 0.6742 0.0000
vt 0.6779 0.6543 0.0000
vt 0.7509 0.6543 0.0000
vt 0.7509 0.6742 0.0000
vt 0.6779 0.6337 0.0000
vt 0.6779 0.6116 0.0000
vt 0.7509 0.6116 0.0000
vt 0.7509 0.6337 0.0000
vt 0.3131 0.4268 0.0000
vt 0.3131 0.4999 0.0000
vt 0.3757 0.4268 0.0000
vt 0.3757 0.4999 0.0000
vt 0.4855 0.4647 0.0000
vt 0.5088 0.4647 0.0000
vt 0.5054 0.4772 0.0000
vt 0.4913 0.4772 0.0000
vt 0.4647 0.5125 0.0000
vt 0.4648 0.4783 0.0000
vt 0.4788 0.4854 0.0000
vt 0.4787 0.5061 0.0000
vt 0.5273 0.4783 0.0000
vt 0.5273 0.5125 0.0000
vt 0.5167 0.5061 0.0000
vt 0.5166 0.4854 0.0000
vt 0.5074 0.5275 0.0000
vt 0.5046 0.5152 0.0000
vt 0.4868 0.5275 0.0000
vt 0.4921 0.5152 0.0000
vt 0.2867 0.1697 0.0000
vt 0.3490 0.1697 0.0000
vt 0.3495 0.1904 0.0000
vt 0.2861 0.1904 0.0000
vt 0.3490 0.0728 0.0000
vt 0.2867 0.0728 0.0000
vt 0.2861 0.0526 0.0000
vt 0.3495 0.0526 0.0000
vt 0.2678 0.1007 0.0000
vt 0.2678 0.1429 0.0000
vt 0.2516 0.1458 0.0000
vt 0.2516 0.0975 0.0000
vt 0.3679 0.1429 0.0000
vt 0.3679 0.1007 0.0000
vt 0.3841 0.0975 0.0000
vt 0.3841 0.1458 0.0000
vt 0.1852 0.0716 0.0000
vt 0.2487 0.0716 0.0000
vt 0.2487 0.1281 0.0000
vt 0.1852 0.1281 0.0000
vt 0.9308 0.9836 0.0000
vt 0.8674 0.9836 0.0000
vt 0.8674 0.9270 0.0000
vt 0.9308 0.9270 0.0000
vt 0.7519 0.9836 0.0000
vt 0.7036 0.9836 0.0000
vt 0.7036 0.9270 0.0000
vt 0.7519 0.9270 0.0000
vt 0.4193 0.8295 0.0000
vt 0.4676 0.8295 0.0000
vt 0.4548 0.8800 0.0000
vt 0.4327 0.8800 0.0000
vt 0.7968 0.9836 0.0000
vt 0.7611 0.9836 0.0000
vt 0.7611 0.9270 0.0000
vt 0.7968 0.9270 0.0000
vt 0.6972 0.9836 0.0000
vt 0.6590 0.9836 0.0000
vt 0.6590 0.9270 0.0000
vt 0.6972 0.9270 0.0000
vt 0.3747 0.8295 0.0000
vt 0.4130 0.8295 0.0000
vt 0.4216 0.8934 0.0000
vt 0.3747 0.8860 0.0000
vt 0.4769 0.8295 0.0000
vt 0.5126 0.8295 0.0000
vt 0.5126 0.8860 0.0000
vt 0.4680 0.8934 0.0000
vt 0.3889 0.1222 0.0000
vt 0.3889 0.0587 0.0000
vt 0.4185 0.0609 0.0000
vt 0.4185 0.1200 0.0000
vt 0.5268 0.0587 0.0000
vt 0.5268 0.1222 0.0000
vt 0.5081 0.1200 0.0000
vt 0.5081 0.0609 0.0000
vt 0.4818 0.1567 0.0000
vt 0.4336 0.1567 0.0000
vt 0.4339 0.1379 0.0000
vt 0.4840 0.1379 0.0000
vt 0.4336 0.0242 0.0000
vt 0.4818 0.0242 0.0000
vt 0.4840 0.0430 0.0000
vt 0.4339 0.0430 0.0000
vt 0.3213 0.6128 0.0000
vt 0.3429 0.6128 0.0000
vt 0.3306 0.6420 0.0000
vt 0.3013 0.6644 0.0000
vt 0.2996 0.6254 0.0000
vt 0.3651 0.6182 0.0000
vt 0.3613 0.6689 0.0000
vt 0.3393 0.6681 0.0000
vt 0.3201 0.6681 0.0000
vt 0.6475 0.6283 0.0000
vt 0.6475 0.6142 0.0000
vt 0.6646 0.6092 0.0000
vt 0.6646 0.6359 0.0000
vt 0.6393 0.6029 0.0000
vt 0.6491 0.5880 0.0000
vt 0.6186 0.6029 0.0000
vt 0.6098 0.5879 0.0000
vt 0.6095 0.6150 0.0000
vt 0.5926 0.6107 0.0000
vt 0.6095 0.6274 0.0000
vt 0.5926 0.6344 0.0000
vt 0.6186 0.6408 0.0000
vt 0.6098 0.6597 0.0000
vt 0.6393 0.6408 0.0000
vt 0.6491 0.6597 0.0000
vt 0.1963 0.5263 0.0000
vt 0.2230 0.5263 0.0000
vt 0.2272 0.5330 0.0000
vt 0.1975 0.5330 0.0000
vt 0.2476 0.3984 0.0000
vt 0.2868 0.3984 0.0000
vt 0.2892 0.4051 0.0000
vt 0.2456 0.4051 0.0000
vt 0.0813 0.8343 0.0000
vt 0.1099 0.8343 0.0000
vt 0.1093 0.8432 0.0000
vt 0.0775 0.8432 0.0000
vt 0.2364 0.4639 0.0000
vt 0.2364 0.4875 0.0000
vt 0.2297 0.4862 0.0000
vt 0.2297 0.4599 0.0000
vt 0.2364 0.5129 0.0000
vt 0.2297 0.5144 0.0000
vt 0.6532 0.7779 0.0000
vt 0.6532 0.8172 0.0000
vt 0.6466 0.8191 0.0000
vt 0.6466 0.7755 0.0000
vt 0.2272 0.6211 0.0000
vt 0.1975 0.6211 0.0000
vt 0.1416 0.4862 0.0000
vt 0.1416 0.4599 0.0000
vt 0.5585 0.8191 0.0000
vt 0.5585 0.7632 0.0000
vt 0.1710 0.5330 0.0000
vt 0.1710 0.6211 0.0000
vt 0.2272 0.6532 0.0000
vt 0.1975 0.6532 0.0000
vt 0.2574 0.3642 0.0000
vt 0.1947 0.3642 0.0000
vt 0.1947 0.3321 0.0000
vt 0.2574 0.3321 0.0000
vt 0.1590 0.4237 0.0000
vt 0.1095 0.4599 0.0000
vt 0.1095 0.4238 0.0000
vt 0.1095 0.4862 0.0000
vt 0.1416 0.5144 0.0000
vt 0.1095 0.5144 0.0000
vt 0.5263 0.8191 0.0000
vt 0.5263 0.7632 0.0000
vt 0.1710 0.6532 0.0000
vt 0.3159 0.6021 0.0000
vt 0.3457 0.6021 0.0000
vt 0.3439 0.6823 0.0000
vt 0.3177 0.6823 0.0000
vt 0.1095 0.3984 0.0000
vt 0.1416 0.3984 0.0000
vt 0.3966 0.6256 0.0000
vt 0.3965 0.6702 0.0000
vt 0.2487 0.1707 0.0000
vt 0.1852 0.1707 0.0000
vt 0.4216 0.9191 0.0000
vt 0.3747 0.9286 0.0000
vt 0.5126 0.9286 0.0000
vt 0.4680 0.9191 0.0000
vt 0.8674 0.8845 0.0000
vt 0.9308 0.8845 0.0000
vt 0.7611 0.8845 0.0000
vt 0.7968 0.8845 0.0000
vt 0.7036 0.8845 0.0000
vt 0.7519 0.8845 0.0000
vt 0.6590 0.8845 0.0000
vt 0.6972 0.8845 0.0000
vt 0.2487 0.2256 0.0000
vt 0.1852 0.2256 0.0000
vt 0.4130 0.9836 0.0000
vt 0.3747 0.9836 0.0000
vt 0.4327 0.9332 0.0000
vt 0.4548 0.9332 0.0000
vt 0.4676 0.9836 0.0000
vt 0.4193 0.9836 0.0000
vt 0.5126 0.9836 0.0000
vt 0.4769 0.9836 0.0000
vt 0.8674 0.8295 0.0000
vt 0.9308 0.8295 0.0000
vt 0.7611 0.8295 0.0000
vt 0.7968 0.8295 0.0000
vt 0.7036 0.8295 0.0000
vt 0.7519 0.8295 0.0000
vt 0.6590 0.8295 0.0000
vt 0.6972 0.8295 0.0000
vt 0.3679 0.0889 0.0000
vt 0.3841 0.0883 0.0000
vt 0.4911 0.0242 0.0000
vt 0.4911 0.1567 0.0000
vt 0.2516 0.0883 0.0000
vt 0.2678 0.0889 0.0000
vt 0.3841 0.1522 0.0000
vt 0.3679 0.1510 0.0000
vt 0.4272 0.0242 0.0000
vt 0.4272 0.1567 0.0000
vt 0.2678 0.1510 0.0000
vt 0.2516 0.1522 0.0000
vt 0.4584 0.0904 0.0000
vt 0.4837 0.2164 0.0000
vt 0.4837 0.1943 0.0000
vt 0.4900 0.1931 0.0000
vt 0.4900 0.2177 0.0000
vt 0.4979 0.2844 0.0000
vt 0.4979 0.2623 0.0000
vt 0.5042 0.2610 0.0000
vt 0.5042 0.2856 0.0000
vt 0.5535 0.9959 0.0000
vt 0.5278 0.9959 0.0000
vt 0.5263 0.9858 0.0000
vt 0.5550 0.9858 0.0000
vt 0.4709 0.9858 0.0000
vt 0.4967 0.9858 0.0000
vt 0.4982 0.9949 0.0000
vt 0.4695 0.9949 0.0000
vt 0.5630 0.1931 0.0000
vt 0.5630 0.2177 0.0000
vt 0.5773 0.2610 0.0000
vt 0.5773 0.2856 0.0000
vt 0.6258 0.4650 0.0000
vt 0.6258 0.4363 0.0000
vt 0.6989 0.4363 0.0000
vt 0.6989 0.4650 0.0000
vt 0.4900 0.1710 0.0000
vt 0.5630 0.1710 0.0000
vt 0.5042 0.3077 0.0000
vt 0.5773 0.3077 0.0000
vt 0.7398 0.4999 0.0000
vt 0.7111 0.4999 0.0000
vt 0.7111 0.4268 0.0000
vt 0.7398 0.4268 0.0000
vt 0.4900 0.2366 0.0000
vt 0.5630 0.2366 0.0000
vt 0.5042 0.2421 0.0000
vt 0.5773 0.2421 0.0000
vt 0.1656 0.3914 0.0000
vt 0.1410 0.3914 0.0000
vt 0.1433 0.3850 0.0000
vt 0.1627 0.3850 0.0000
vt 0.1189 0.3764 0.0000
vt 0.1189 0.3478 0.0000
vt 0.1317 0.3507 0.0000
vt 0.1317 0.3733 0.0000
vt 0.1410 0.3321 0.0000
vt 0.1656 0.3321 0.0000
vt 0.1627 0.3384 0.0000
vt 0.1433 0.3384 0.0000
vt 0.1845 0.3478 0.0000
vt 0.1845 0.3764 0.0000
vt 0.1724 0.3733 0.0000
vt 0.1724 0.3507 0.0000
vt 0.9169 0.7768 0.0000
vt 0.9169 0.7961 0.0000
vt 0.8958 0.8045 0.0000
vt 0.8958 0.7675 0.0000
vt 0.9287 0.8077 0.0000
vt 0.9183 0.8266 0.0000
vt 0.9512 0.8077 0.0000
vt 0.9614 0.8266 0.0000
vt 0.9635 0.7961 0.0000
vt 0.9849 0.8045 0.0000
vt 0.9635 0.7768 0.0000
vt 0.9849 0.7675 0.0000
vt 0.9512 0.7670 0.0000
vt 0.9614 0.7490 0.0000
vt 0.9287 0.7670 0.0000
vt 0.9183 0.7490 0.0000
vt 0.1020 0.1095 0.0000
vt 0.1390 0.1095 0.0000
vt 0.1409 0.1157 0.0000
vt 0.1000 0.1157 0.0000
vt 0.2223 0.7301 0.0000
vt 0.2217 0.7616 0.0000
vt 0.2139 0.7628 0.0000
vt 0.2145 0.7280 0.0000
vt 0.9135 0.4979 0.0000
vt 0.9566 0.4979 0.0000
vt 0.9588 0.5042 0.0000
vt 0.9112 0.5042 0.0000
vt 0.2822 0.2589 0.0000
vt 0.2745 0.2276 0.0000
vt 0.2816 0.2236 0.0000
vt 0.2901 0.2583 0.0000
vt 0.0024 0.3274 0.0000
vt 0.0393 0.3274 0.0000
vt 0.0414 0.3336 0.0000
vt 0.0005 0.3336 0.0000
vt 0.2017 0.3003 0.0000
vt 0.2014 0.2703 0.0000
vt 0.2091 0.2695 0.0000
vt 0.2095 0.3027 0.0000
vt 0.0052 0.0707 0.0000
vt 0.0052 0.0276 0.0000
vt 0.0115 0.0253 0.0000
vt 0.0115 0.0730 0.0000
vt 0.1859 0.9992 0.0000
vt 0.1805 0.9706 0.0000
vt 0.1877 0.9669 0.0000
vt 0.1936 0.9985 0.0000
vt 0.1409 0.2240 0.0000
vt 0.1000 0.2240 0.0000
vt 0.8863 0.5042 0.0000
vt 0.9112 0.6124 0.0000
vt 0.8863 0.6124 0.0000
vt 0.9588 0.6124 0.0000
vt 0.9848 0.5042 0.0000
vt 0.9848 0.6124 0.0000
vt 0.0414 0.4419 0.0000
vt 0.0005 0.4419 0.0000
vt 0.0115 0.0990 0.0000
vt 0.1198 0.0730 0.0000
vt 0.1198 0.0990 0.0000
vt 0.1198 0.0253 0.0000
vt 0.0115 0.0005 0.0000
vt 0.1198 0.0005 0.0000
vt 0.1376 0.2406 0.0000
vt 0.1036 0.2406 0.0000
vt 0.9549 0.6210 0.0000
vt 0.9152 0.6210 0.0000
vt 0.2907 0.2593 0.0000
vt 0.2906 0.2236 0.0000
vt 0.3024 0.2274 0.0000
vt 0.3025 0.2571 0.0000
vt 0.0378 0.4504 0.0000
vt 0.0038 0.4504 0.0000
vt 0.7584 0.6003 0.0000
vt 0.7914 0.5974 0.0000
vt 0.7912 0.6092 0.0000
vt 0.7638 0.6116 0.0000
vt 0.1283 0.0294 0.0000
vt 0.1283 0.0690 0.0000
vt 0.6789 0.2716 0.0000
vt 0.7067 0.2634 0.0000
vt 0.7110 0.2999 0.0000
vt 0.6979 0.3038 0.0000
vt 0.2266 0.7627 0.0000
vt 0.2266 0.7231 0.0000
vt 0.2453 0.7343 0.0000
vt 0.2453 0.7530 0.0000
vt 0.2469 0.7015 0.0000
vt 0.2550 0.7240 0.0000
vt 0.0748 0.8776 0.0000
vt 0.0748 0.8436 0.0000
vt 0.1069 0.8535 0.0000
vt 0.1069 0.8696 0.0000
vt 0.0378 0.5030 0.0000
vt 0.0038 0.5030 0.0000
vt 0.1283 0.0906 0.0000
vt 0.1809 0.0690 0.0000
vt 0.1809 0.0906 0.0000
vt 0.1809 0.0294 0.0000
vt 0.1364 0.0088 0.0000
vt 0.1598 0.0088 0.0000
vt 0.1809 0.0088 0.0000
vt 0.8821 0.0991 0.0000
vt 0.8901 0.1197 0.0000
vt 0.8545 0.1197 0.0000
vt 0.8545 0.0991 0.0000
vt 0.8705 0.0991 0.0000
vt 0.0240 0.9758 0.0000
vt 0.0052 0.9758 0.0000
vt 0.0052 0.9100 0.0000
vt 0.0240 0.9402 0.0000
vt 0.2251 0.9995 0.0000
vt 0.2153 0.9915 0.0000
vt 0.2153 0.9799 0.0000
vt 0.2153 0.9337 0.0000
vt 0.2251 0.9337 0.0000
vt 0.1376 0.2521 0.0000
vt 0.1036 0.2640 0.0000
vt 0.5035 0.5048 0.0000
vt 0.4874 0.5048 0.0000
vt 0.4874 0.4907 0.0000
vt 0.5035 0.4933 0.0000
vt 0.1947 0.9799 0.0000
vt 0.1947 0.9639 0.0000
vt 0.2415 0.3229 0.0000
vt 0.2191 0.3301 0.0000
vt 0.2553 0.3038 0.0000
vt 0.7111 0.3670 0.0000
vt 0.7411 0.3670 0.0000
vt 0.3914 0.5916 0.0000
vt 0.4104 0.5778 0.0000
vt 0.4287 0.5778 0.0000
vt 0.4033 0.5916 0.0000
vt 0.4177 0.5554 0.0000
vt 0.4360 0.5554 0.0000
vt 0.4767 0.2621 0.0000
vt 0.4767 0.2845 0.0000
vt 0.4461 0.2845 0.0000
vt 0.4461 0.2621 0.0000
vt 0.5264 0.3131 0.0000
vt 0.5308 0.3131 0.0000
vt 0.5308 0.3558 0.0000
vt 0.5455 0.3131 0.0000
vt 0.5455 0.3558 0.0000
vt 0.5406 0.3571 0.0000
vt 0.5357 0.3571 0.0000
vt 0.5499 0.3131 0.0000
vt 0.5784 0.3226 0.0000
vt 0.6008 0.3226 0.0000
vt 0.7305 0.2046 0.0000
vt 0.7305 0.2375 0.0000
vt 0.4965 0.5519 0.0000
vt 0.4984 0.5664 0.0000
vt 0.4952 0.5736 0.0000
vt 0.4950 0.5552 0.0000
vt 0.1486 0.3545 0.0000
vt 0.1610 0.3622 0.0000
vt 0.1486 0.3697 0.0000
vt 0.5871 0.9038 0.0000
vt 0.5795 0.9162 0.0000
vt 0.5795 0.9127 0.0000
vt 0.5871 0.8959 0.0000
vt 0.1099 0.3417 0.0000
vt 0.1099 0.3089 0.0000
vt 0.1099 0.2895 0.0000
vt 0.1099 0.2753 0.0000
vt 0.9340 0.7449 0.0000
vt 0.9340 0.7354 0.0000
vt 0.9340 0.7043 0.0000
vt 0.9340 0.6639 0.0000
vt 0.9340 0.6345 0.0000
vt 0.9340 0.6258 0.0000
vt 0.1851 0.8728 0.0000
vt 0.2159 0.8728 0.0000
vt 0.2282 0.8728 0.0000
vt 0.6406 0.0052 0.0000
vt 0.6406 0.0849 0.0000
vt 0.6406 0.0967 0.0000
vt 0.6406 0.1389 0.0000
vt 0.6406 0.1469 0.0000
vt 0.6406 0.1656 0.0000
vt 0.8728 0.0052 0.0000
vt 0.8728 0.0267 0.0000
vt 0.8728 0.0872 0.0000
vt 0.2155 0.2506 0.0000
vt 0.2155 0.2421 0.0000
vt 0.5570 0.5879 0.0000
vt 0.5570 0.6179 0.0000
vt 0.6044 0.3226 0.0000
vt 0.6044 0.3568 0.0000
vt 0.6044 0.3625 0.0000
vt 0.6044 0.4009 0.0000
vt 0.6135 0.1710 0.0000
vt 0.6135 0.1795 0.0000
vt 0.6135 0.2091 0.0000
vt 0.6135 0.2387 0.0000
vt 0.6135 0.2472 0.0000
vt 0.3984 0.2586 0.0000
vt 0.4369 0.2586 0.0000
vt 0.4461 0.2586 0.0000
vt 0.0479 0.7573 0.0000
vt 0.0785 0.7573 0.0000
vt 0.0785 0.7608 0.0000
vt 0.0479 0.7608 0.0000
vt 0.4177 0.5519 0.0000
vt 0.4360 0.5519 0.0000
vt 0.8627 0.7939 0.0000
vt 0.8927 0.7939 0.0000
vt 0.2155 0.3301 0.0000
vt 0.2155 0.3182 0.0000
vt 0.2155 0.3097 0.0000
vt 0.8728 0.1463 0.0000
vt 0.8728 0.2068 0.0000
vt 0.8728 0.2282 0.0000
vt 0.0052 0.6406 0.0000
vt 0.0239 0.6406 0.0000
vt 0.0320 0.6406 0.0000
vt 0.0742 0.6406 0.0000
vt 0.0860 0.6406 0.0000
vt 0.1656 0.6406 0.0000
vt 0.0052 0.8728 0.0000
vt 0.0176 0.8728 0.0000
vt 0.0484 0.8728 0.0000
vt 0.8728 0.5266 0.0000
vt 0.8641 0.5266 0.0000
vt 0.8348 0.5266 0.0000
vt 0.7944 0.5266 0.0000
vt 0.7632 0.5266 0.0000
vt 0.7537 0.5266 0.0000
vt 0.7305 0.1710 0.0000
vt 0.7305 0.1853 0.0000
vt 0.7378 0.7173 0.0000
vt 0.7378 0.6980 0.0000
vt 0.7393 0.6980 0.0000
vt 0.7393 0.7173 0.0000
vt 0.2247 0.7628 0.0000
vt 0.2247 0.7463 0.0000
vt 0.2261 0.7463 0.0000
vt 0.2261 0.7628 0.0000
vt 0.2247 0.7425 0.0000
vt 0.2261 0.7425 0.0000
vt 0.2247 0.7298 0.0000
vt 0.2261 0.7298 0.0000
vt 0.2247 0.7260 0.0000
vt 0.2261 0.7260 0.0000
vt 0.2247 0.7095 0.0000
vt 0.2261 0.7095 0.0000
vt 0.1407 0.3702 0.0000
vt 0.1601 0.3702 0.0000
vt 0.1601 0.3717 0.0000
vt 0.1407 0.3717 0.0000
vt 0.1632 0.3702 0.0000
vt 0.1632 0.3717 0.0000
vt 0.7378 0.7204 0.0000
vt 0.7393 0.7204 0.0000
vt 0.0289 0.7632 0.0000
vt 0.0596 0.7632 0.0000
vt 0.0596 0.7653 0.0000
vt 0.0289 0.7701 0.0000
vt 0.1479 0.3541 0.0000
vt 0.1443 0.3541 0.0000
vt 0.1443 0.3519 0.0000
vt 0.1479 0.3519 0.0000
vt 0.2683 0.2751 0.0000
vt 0.2712 0.2772 0.0000
vt 0.2671 0.2828 0.0000
vt 0.2642 0.2807 0.0000
vt 0.7300 0.9940 0.0000
vt 0.7300 0.9897 0.0000
vt 0.7326 0.9886 0.0000
vt 0.7326 0.9950 0.0000
vt 0.9302 0.7949 0.0000
vt 0.9302 0.7900 0.0000
vt 0.9327 0.7888 0.0000
vt 0.9327 0.7961 0.0000
vt 0.8304 0.9897 0.0000
vt 0.8304 0.9940 0.0000
vt 0.8278 0.9950 0.0000
vt 0.8278 0.9886 0.0000
vt 0.2741 0.2271 0.0000
vt 0.2715 0.2282 0.0000
vt 0.2698 0.2252 0.0000
vt 0.2738 0.2236 0.0000
vt 0.5462 0.6668 0.0000
vt 0.5462 0.6692 0.0000
vt 0.5428 0.6700 0.0000
vt 0.5428 0.6664 0.0000
vt 0.0905 0.7598 0.0000
vt 0.0905 0.7550 0.0000
vt 0.0931 0.7537 0.0000
vt 0.0931 0.7611 0.0000
vt 0.5461 0.6718 0.0000
vt 0.5484 0.6711 0.0000
vt 0.5499 0.6742 0.0000
vt 0.5464 0.6753 0.0000
vt 0.3034 0.2608 0.0000
vt 0.3068 0.2598 0.0000
vt 0.3068 0.2640 0.0000
vt 0.3034 0.2636 0.0000
vt 0.5342 0.3589 0.0000
vt 0.5342 0.3633 0.0000
vt 0.5421 0.3589 0.0000
vt 0.5421 0.3633 0.0000
vt 0.3360 0.1402 0.0000
vt 0.3404 0.1402 0.0000
vt 0.3381 0.1442 0.0000
vt 0.3337 0.1418 0.0000
vt 0.3337 0.1466 0.0000
vt 0.3360 0.1482 0.0000
vt 0.3404 0.1482 0.0000
vt 0.3422 0.1466 0.0000
vt 0.3422 0.1418 0.0000
vt 0.7476 0.9886 0.0000
vt 0.7476 0.9950 0.0000
vt 0.7326 0.9858 0.0000
vt 0.7476 0.9858 0.0000
vt 0.1081 0.7537 0.0000
vt 0.1081 0.7611 0.0000
vt 0.8278 0.9858 0.0000
vt 0.8128 0.9886 0.0000
vt 0.8128 0.9858 0.0000
vt 0.8128 0.9950 0.0000
vt 0.8278 0.9985 0.0000
vt 0.8128 0.9985 0.0000
vt 0.9477 0.7888 0.0000
vt 0.9477 0.7961 0.0000
vt 0.7326 0.9985 0.0000
vt 0.7476 0.9985 0.0000
vt 0.7498 0.9897 0.0000
vt 0.7498 0.9940 0.0000
vt 0.3414 0.1381 0.0000
vt 0.3443 0.1405 0.0000
vt 0.1103 0.7550 0.0000
vt 0.1103 0.7598 0.0000
vt 0.3443 0.1479 0.0000
vt 0.3414 0.1502 0.0000
vt 0.8105 0.9940 0.0000
vt 0.8105 0.9897 0.0000
vt 0.2860 0.2609 0.0000
vt 0.2900 0.2594 0.0000
vt 0.2901 0.2627 0.0000
vt 0.2875 0.2637 0.0000
vt 0.9500 0.7900 0.0000
vt 0.9500 0.7949 0.0000
vt 0.5460 0.6616 0.0000
vt 0.5460 0.6659 0.0000
vt 0.5428 0.6655 0.0000
vt 0.5428 0.6627 0.0000
vt 0.4443 0.2632 0.0000
vt 0.4387 0.2632 0.0000
vt 0.5055 0.5528 0.0000
vt 0.5053 0.5734 0.0000
vt 0.5027 0.5725 0.0000
vt 0.5029 0.5519 0.0000
vt 0.4935 0.4188 0.0000
vt 0.4878 0.4188 0.0000
vt 0.4878 0.4161 0.0000
vt 0.4935 0.4161 0.0000
vt 0.5504 0.6777 0.0000
vt 0.5557 0.6616 0.0000
vt 0.5585 0.6616 0.0000
vt 0.5532 0.6777 0.0000
vt 0.3073 0.2658 0.0000
vt 0.3081 0.2598 0.0000
vt 0.3109 0.2598 0.0000
vt 0.3100 0.2658 0.0000
vt 0.7411 0.3480 0.0000
vt 0.7111 0.3416 0.0000
vt 0.7616 0.0052 0.0000
vt 0.7597 0.0213 0.0000
vt 0.7537 0.0249 0.0000
vt 0.7559 0.0052 0.0000
vt 0.4365 0.2828 0.0000
vt 0.4425 0.2793 0.0000
vt 0.5074 0.3915 0.0000
vt 0.5690 0.3915 0.0000
vt 0.2626 0.7435 0.0000
vt 0.2626 0.7436 0.0000
vt 0.5074 0.3131 0.0000
vt 0.5690 0.3131 0.0000
vt 0.1331 0.8619 0.0000
vt 0.1250 0.8454 0.0000
vt 0.1482 0.8454 0.0000
vt 0.1330 0.8619 0.0000
vt 0.1567 0.8535 0.0000
vt 0.2305 0.2695 0.0000
vt 0.2305 0.3035 0.0000
vt 0.2099 0.2955 0.0000
vt 0.2099 0.2794 0.0000
vt 0.7672 0.6499 0.0000
vt 0.7946 0.6474 0.0000
vt 0.8102 0.7010 0.0000
vt 0.7900 0.6901 0.0000
vt 0.2267 0.0172 0.0000
vt 0.2254 0.0404 0.0000
vt 0.2315 0.0087 0.0000
vt 0.6542 0.7768 0.0000
vt 0.7559 0.7930 0.0000
vt 0.7574 0.8167 0.0000
vt 0.6764 0.7961 0.0000
vt 0.6623 0.7961 0.0000
vt 0.6542 0.7573 0.0000
vt 0.7387 0.7669 0.0000
vt 0.6542 0.7348 0.0000
vt 0.7068 0.7348 0.0000
vt 0.6637 0.2331 0.0000
vt 0.6971 0.2231 0.0000
vt 0.6982 0.2350 0.0000
vt 0.6724 0.2496 0.0000
vt 0.9990 0.3274 0.0000
vt 0.9995 0.3595 0.0000
vt 0.9811 0.3559 0.0000
vt 0.9874 0.3288 0.0000
vt 0.5979 0.9883 0.0000
vt 0.6165 0.9858 0.0000
vt 0.6240 0.9950 0.0000
vt 0.5974 0.9952 0.0000
vt 0.2686 0.0639 0.0000
vt 0.2498 0.0682 0.0000
vt 0.2468 0.0620 0.0000
vt 0.2721 0.0526 0.0000
vt 0.7429 0.7174 0.0000
vt 0.7397 0.7004 0.0000
vt 0.7460 0.6976 0.0000
vt 0.7535 0.7204 0.0000
vt 0.2206 0.9288 0.0000
vt 0.2184 0.9112 0.0000
vt 0.2278 0.9053 0.0000
vt 0.2274 0.9298 0.0000
vt 0.2711 0.7628 0.0000
vt 0.2550 0.7628 0.0000
vt 0.3625 0.9945 0.0000
vt 0.3362 0.9944 0.0000
vt 0.3321 0.9859 0.0000
vt 0.3614 0.9858 0.0000
vt 0.1725 0.5263 0.0000
vt 0.2508 0.5330 0.0000
vt 0.2576 0.6037 0.0000
vt 0.3082 0.4758 0.0000
vt 0.2374 0.4758 0.0000
vt 0.2297 0.4345 0.0000
vt 0.2575 0.6532 0.0000
vt 0.3760 0.6113 0.0000
vt 0.4053 0.6196 0.0000
vt 0.4054 0.6822 0.0000
vt 0.3800 0.6822 0.0000
vt 0.2895 0.6755 0.0000
vt 0.2895 0.6196 0.0000
vt 0.7938 0.4749 0.0000
vt 0.8349 0.4749 0.0000
vt 0.3795 0.5025 0.0000
vt 0.3835 0.4316 0.0000
vt 0.4088 0.4316 0.0000
vt 0.4087 0.4942 0.0000
vt 0.2869 0.6211 0.0000
vt 0.2869 0.6532 0.0000
vt 0.7068 0.8166 0.0000
vt 0.6857 0.8166 0.0000
vt 0.4063 0.5743 0.0000
vt 0.4126 0.5550 0.0000
vt 0.3898 0.5863 0.0000
vt 0.3869 0.5916 0.0000
vt 0.3860 0.5863 0.0000
vt 0.3723 0.5916 0.0000
vt 0.3733 0.5863 0.0000
vt 0.3679 0.5916 0.0000
vt 0.3695 0.5863 0.0000
vt 0.3488 0.5778 0.0000
vt 0.3530 0.5743 0.0000
vt 0.3416 0.5554 0.0000
vt 0.3467 0.5550 0.0000
vt 0.3416 0.5519 0.0000
vt 0.3467 0.5519 0.0000
vt 0.3130 0.2136 0.0000
vt 0.3159 0.2157 0.0000
vt 0.3125 0.2195 0.0000
vt 0.3100 0.2177 0.0000
vt 0.3297 0.2347 0.0000
vt 0.3245 0.2360 0.0000
vt 0.3297 0.2582 0.0000
vt 0.3245 0.2564 0.0000
vt 0.3271 0.2618 0.0000
vt 0.3222 0.2595 0.0000
vt 0.3185 0.2736 0.0000
vt 0.3148 0.2697 0.0000
vt 0.3159 0.2772 0.0000
vt 0.3125 0.2728 0.0000
vt 0.2935 0.2845 0.0000
vt 0.2932 0.2791 0.0000
vt 0.2738 0.2728 0.0000
vt 0.2713 0.2710 0.0000
vt 0.4126 0.5519 0.0000
vt 0.7340 0.2375 0.0000
vt 0.7340 0.2046 0.0000
vt 0.7534 0.2109 0.0000
vt 0.4456 0.9127 0.0000
vt 0.4379 0.8959 0.0000
vt 0.4531 0.8959 0.0000
vt 0.1063 0.3417 0.0000
vt 0.0870 0.3151 0.0000
vt 0.1063 0.3089 0.0000
vt 0.2120 0.3097 0.0000
vt 0.2120 0.3182 0.0000
vt 0.1896 0.3109 0.0000
vt 0.1946 0.3041 0.0000
vt 0.1758 0.2919 0.0000
vt 0.1839 0.2893 0.0000
vt 0.1839 0.2858 0.0000
vt 0.1758 0.2875 0.0000
vt 0.1758 0.2728 0.0000
vt 0.1839 0.2745 0.0000
vt 0.1839 0.2710 0.0000
vt 0.1758 0.2684 0.0000
vt 0.1896 0.2494 0.0000
vt 0.1946 0.2562 0.0000
vt 0.2120 0.2421 0.0000
vt 0.2120 0.2506 0.0000
vt 0.8927 0.7903 0.0000
vt 0.8627 0.7903 0.0000
vt 0.8627 0.7679 0.0000
vt 0.8927 0.7679 0.0000
vt 0.8381 0.7364 0.0000
vt 0.8381 0.7063 0.0000
vt 0.8528 0.7063 0.0000
vt 0.8528 0.7364 0.0000
vt 0.8572 0.7364 0.0000
vt 0.8572 0.7063 0.0000
vt 0.8762 0.7063 0.0000
vt 0.8762 0.7364 0.0000
vt 0.5829 0.5879 0.0000
vt 0.5829 0.6179 0.0000
vt 0.5606 0.6179 0.0000
vt 0.5606 0.5879 0.0000
vt 0.7016 0.3533 0.0000
vt 0.7016 0.3654 0.0000
vt 0.6806 0.3734 0.0000
vt 0.6806 0.3677 0.0000
vt 0.6610 0.3677 0.0000
vt 0.6610 0.3734 0.0000
vt 0.6400 0.3614 0.0000
vt 0.6400 0.3568 0.0000
vt 0.6303 0.3568 0.0000
vt 0.6303 0.3614 0.0000
vt 0.6079 0.3598 0.0000
vt 0.6079 0.3568 0.0000
vt 0.4340 0.2326 0.0000
vt 0.4369 0.2550 0.0000
vt 0.3984 0.2550 0.0000
vt 0.3984 0.2326 0.0000
vt 0.6781 0.3764 0.0000
vt 0.6781 0.4009 0.0000
vt 0.6635 0.4009 0.0000
vt 0.6635 0.3764 0.0000
vt 0.6684 0.3751 0.0000
vt 0.6732 0.3751 0.0000
vt 0.6303 0.4009 0.0000
vt 0.6079 0.4009 0.0000
vt 0.6170 0.2472 0.0000
vt 0.6170 0.2387 0.0000
vt 0.6344 0.2330 0.0000
vt 0.6394 0.2399 0.0000
vt 0.6451 0.2182 0.0000
vt 0.6532 0.2209 0.0000
vt 0.6532 0.2164 0.0000
vt 0.6451 0.2148 0.0000
vt 0.6451 0.2034 0.0000
vt 0.6532 0.2018 0.0000
vt 0.6532 0.1973 0.0000
vt 0.6451 0.2000 0.0000
vt 0.6344 0.1852 0.0000
vt 0.6394 0.1783 0.0000
vt 0.6170 0.1795 0.0000
vt 0.6170 0.1710 0.0000
vt 0.6170 0.2091 0.0000
vt 0.0052 0.5716 0.0000
vt 0.0239 0.5716 0.0000
vt 0.0239 0.6371 0.0000
vt 0.0052 0.6371 0.0000
vt 0.7097 0.1656 0.0000
vt 0.6442 0.1656 0.0000
vt 0.6442 0.1469 0.0000
vt 0.7097 0.1469 0.0000
vt 0.7502 0.1469 0.0000
vt 0.7502 0.1656 0.0000
vt 0.0052 0.5311 0.0000
vt 0.0239 0.5311 0.0000
vt 0.8937 0.1406 0.0000
vt 0.9293 0.1896 0.0000
vt 0.8763 0.2068 0.0000
vt 0.8763 0.1463 0.0000
vt 0.8763 0.0872 0.0000
vt 0.8763 0.0267 0.0000
vt 0.9293 0.0439 0.0000
vt 0.8937 0.0928 0.0000
vt 0.9620 0.0763 0.0000
vt 0.9044 0.1076 0.0000
vt 0.9044 0.1110 0.0000
vt 0.9620 0.0916 0.0000
vt 0.9620 0.1419 0.0000
vt 0.9044 0.1224 0.0000
vt 0.9044 0.1259 0.0000
vt 0.9620 0.1572 0.0000
vt 0.0176 0.8692 0.0000
vt 0.0052 0.8692 0.0000
vt 0.0265 0.8037 0.0000
vt 0.0365 0.8109 0.0000
vt 0.0667 0.7632 0.0000
vt 0.0722 0.7749 0.0000
vt 0.0890 0.7749 0.0000
vt 0.0856 0.7632 0.0000
vt 0.1479 0.7632 0.0000
vt 0.1444 0.7749 0.0000
vt 0.1612 0.7749 0.0000
vt 0.1668 0.7632 0.0000
vt 0.2069 0.8037 0.0000
vt 0.1969 0.8109 0.0000
vt 0.2282 0.8692 0.0000
vt 0.2159 0.8692 0.0000
vt 0.9419 0.2069 0.0000
vt 0.8763 0.2282 0.0000
vt 0.8763 0.0052 0.0000
vt 0.9419 0.0265 0.0000
vt 0.9824 0.0667 0.0000
vt 0.9824 0.0856 0.0000
vt 0.9824 0.1479 0.0000
vt 0.9824 0.1668 0.0000
vt 0.0320 0.5716 0.0000
vt 0.0742 0.5716 0.0000
vt 0.0742 0.6371 0.0000
vt 0.0320 0.6371 0.0000
vt 0.6442 0.1389 0.0000
vt 0.6442 0.0967 0.0000
vt 0.7097 0.0967 0.0000
vt 0.7097 0.1389 0.0000
vt 0.7502 0.0967 0.0000
vt 0.7502 0.1389 0.0000
vt 0.0320 0.5311 0.0000
vt 0.0742 0.5311 0.0000
vt 0.0860 0.5716 0.0000
vt 0.1656 0.5716 0.0000
vt 0.1656 0.6371 0.0000
vt 0.0860 0.6371 0.0000
vt 0.6442 0.0849 0.0000
vt 0.6442 0.0052 0.0000
vt 0.7097 0.0052 0.0000
vt 0.7097 0.0849 0.0000
vt 0.7502 0.0052 0.0000
vt 0.7502 0.0849 0.0000
vt 0.4891 0.6183 0.0000
vt 0.4891 0.6818 0.0000
vt 0.4268 0.6818 0.0000
vt 0.4268 0.6183 0.0000
vt 0.0860 0.5311 0.0000
vt 0.1656 0.5311 0.0000
vt 0.0614 0.8290 0.0000
vt 0.0484 0.8692 0.0000
vt 0.1851 0.8692 0.0000
vt 0.1720 0.8290 0.0000
vt 0.1378 0.8042 0.0000
vt 0.1299 0.8042 0.0000
vt 0.1036 0.8042 0.0000
vt 0.0956 0.8042 0.0000
vt 0.8728 0.5703 0.0000
vt 0.8641 0.5742 0.0000
vt 0.8641 0.5302 0.0000
vt 0.8728 0.5302 0.0000
vt 0.9304 0.6258 0.0000
vt 0.9304 0.6345 0.0000
vt 0.8863 0.6345 0.0000
vt 0.8902 0.6258 0.0000
vt 0.1210 0.9966 0.0000
vt 0.1189 0.9858 0.0000
vt 0.1653 0.9858 0.0000
vt 0.1632 0.9966 0.0000
vt 0.7943 0.2326 0.0000
vt 0.7956 0.2413 0.0000
vt 0.7668 0.2413 0.0000
vt 0.7681 0.2326 0.0000
vt 0.0641 0.9966 0.0000
vt 0.0621 0.9858 0.0000
vt 0.1084 0.9858 0.0000
vt 0.1064 0.9966 0.0000
vt 0.8348 0.5742 0.0000
vt 0.8348 0.5302 0.0000
vt 0.9304 0.6639 0.0000
vt 0.8863 0.6639 0.0000
vt 0.8419 0.2413 0.0000
vt 0.8419 0.2707 0.0000
vt 0.8044 0.2707 0.0000
vt 0.8044 0.2413 0.0000
vt 0.7580 0.2413 0.0000
vt 0.7580 0.2707 0.0000
vt 0.7205 0.2707 0.0000
vt 0.7205 0.2413 0.0000
vt 0.7944 0.5742 0.0000
vt 0.7944 0.5302 0.0000
vt 0.9304 0.7043 0.0000
vt 0.8863 0.7043 0.0000
vt 0.8419 0.3111 0.0000
vt 0.8044 0.3111 0.0000
vt 0.7580 0.3111 0.0000
vt 0.7205 0.3111 0.0000
vt 0.7632 0.5742 0.0000
vt 0.7632 0.5302 0.0000
vt 0.9304 0.7354 0.0000
vt 0.8863 0.7354 0.0000
vt 0.8419 0.3422 0.0000
vt 0.8044 0.3422 0.0000
vt 0.7580 0.3422 0.0000
vt 0.7205 0.3422 0.0000
vt 0.7537 0.5692 0.0000
vt 0.7537 0.5302 0.0000
vt 0.9304 0.7449 0.0000
vt 0.8913 0.7449 0.0000
vt 0.9858 0.0621 0.0000
vt 0.9983 0.0647 0.0000
vt 0.9983 0.1058 0.0000
vt 0.9858 0.1084 0.0000
vt 0.7956 0.3422 0.0000
vt 0.7897 0.3518 0.0000
vt 0.7725 0.3518 0.0000
vt 0.7668 0.3422 0.0000
vt 0.9858 0.0052 0.0000
vt 0.9983 0.0079 0.0000
vt 0.9983 0.0489 0.0000
vt 0.9858 0.0516 0.0000
vt 0.7340 0.1853 0.0000
vt 0.7340 0.1710 0.0000
vt 0.7731 0.1837 0.0000
vt 0.7648 0.1952 0.0000
vt 0.7973 0.2170 0.0000
vt 0.7870 0.2152 0.0000
vt 0.0534 0.3179 0.0000
vt 0.0431 0.3212 0.0000
vt 0.0673 0.2879 0.0000
vt 0.0756 0.2995 0.0000
vt 0.1063 0.2753 0.0000
vt 0.1063 0.2895 0.0000
vt 0.7956 0.2707 0.0000
vt 0.7668 0.2707 0.0000
vt 0.7956 0.3111 0.0000
vt 0.7668 0.3111 0.0000
vt 0.0786 0.3179 0.0000
vt 0.7618 0.2152 0.0000
vt 0.0434 0.3332 0.0000
vt 0.8023 0.2326 0.0000
vt 0.5080 0.6818 0.0000
vt 0.5080 0.6021 0.0000
vt 0.6239 0.7043 0.0000
vt 0.6426 0.6854 0.0000
vt 0.6426 0.7043 0.0000
vt 0.6590 0.4009 0.0000
vt 0.6826 0.4009 0.0000
vt 0.8337 0.7063 0.0000
vt 0.8337 0.7364 0.0000
vt 0.8532 0.2326 0.0000
vt 0.8721 0.2326 0.0000
vt 0.8532 0.2513 0.0000
vt 0.4079 0.6021 0.0000
vt 0.4079 0.6818 0.0000
vt 0.7601 0.2326 0.0000
vt 0.7970 0.2288 0.0000
vt 0.7508 0.2298 0.0000
vt 0.0896 0.3342 0.0000
vt 0.4985 0.5392 0.0000
vt 0.4950 0.5311 0.0000
vt 0.5183 0.5311 0.0000
vt 0.5157 0.5392 0.0000
vt 0.4832 0.5745 0.0000
vt 0.4742 0.5788 0.0000
vt 0.4743 0.5446 0.0000
vt 0.4833 0.5492 0.0000
vt 0.5293 0.5492 0.0000
vt 0.5368 0.5446 0.0000
vt 0.5368 0.5788 0.0000
vt 0.5294 0.5745 0.0000
vt 0.5169 0.5938 0.0000
vt 0.5147 0.5855 0.0000
vt 0.4995 0.5855 0.0000
vt 0.4963 0.5938 0.0000
vt 0.6684 0.5660 0.0000
vt 0.7415 0.5660 0.0000
vt 0.7415 0.5893 0.0000
vt 0.6684 0.5893 0.0000
vt 0.5832 0.5453 0.0000
vt 0.6562 0.5453 0.0000
vt 0.6562 0.5795 0.0000
vt 0.5832 0.5795 0.0000
vt 0.6684 0.5074 0.0000
vt 0.7415 0.5074 0.0000
vt 0.7415 0.5416 0.0000
vt 0.6684 0.5416 0.0000
vt 0.5405 0.4363 0.0000
vt 0.6136 0.4363 0.0000
vt 0.6136 0.4562 0.0000
vt 0.5405 0.4562 0.0000
vt 0.5405 0.4768 0.0000
vt 0.6136 0.4768 0.0000
vt 0.6136 0.4989 0.0000
vt 0.5405 0.4989 0.0000
vt 0.6684 0.5453 0.0000
vt 0.7415 0.5453 0.0000
vt 0.7415 0.6078 0.0000
vt 0.6684 0.6078 0.0000
vt 0.6440 0.6637 0.0000
vt 0.6382 0.6761 0.0000
vt 0.6240 0.6761 0.0000
vt 0.6207 0.6637 0.0000
vt 0.6647 0.7115 0.0000
vt 0.6507 0.7051 0.0000
vt 0.6507 0.6843 0.0000
vt 0.6647 0.6773 0.0000
vt 0.6022 0.6773 0.0000
vt 0.6128 0.6843 0.0000
vt 0.6128 0.7051 0.0000
vt 0.6021 0.7115 0.0000
vt 0.6249 0.7141 0.0000
vt 0.6220 0.7264 0.0000
vt 0.6426 0.7264 0.0000
vt 0.6373 0.7141 0.0000
vt 0.2109 0.6845 0.0000
vt 0.2103 0.6637 0.0000
vt 0.2737 0.6637 0.0000
vt 0.2732 0.6845 0.0000
vt 0.2732 0.7813 0.0000
vt 0.2737 0.8015 0.0000
vt 0.2103 0.8015 0.0000
vt 0.2109 0.7813 0.0000
vt 0.1920 0.7534 0.0000
vt 0.1758 0.7566 0.0000
vt 0.1758 0.7083 0.0000
vt 0.1920 0.7112 0.0000
vt 0.2921 0.7112 0.0000
vt 0.3083 0.7083 0.0000
vt 0.3083 0.7566 0.0000
vt 0.2921 0.7534 0.0000
vt 0.0431 0.5193 0.0000
vt 0.0431 0.4628 0.0000
vt 0.1066 0.4628 0.0000
vt 0.1066 0.5193 0.0000
vt 0.8645 0.8295 0.0000
vt 0.8645 0.8860 0.0000
vt 0.8011 0.8860 0.0000
vt 0.8011 0.8295 0.0000
vt 0.3255 0.8295 0.0000
vt 0.3255 0.8860 0.0000
vt 0.2772 0.8860 0.0000
vt 0.2772 0.8295 0.0000
vt 0.5615 0.9836 0.0000
vt 0.5748 0.9331 0.0000
vt 0.5969 0.9331 0.0000
vt 0.6097 0.9836 0.0000
vt 0.3705 0.8295 0.0000
vt 0.3705 0.8860 0.0000
vt 0.3348 0.8860 0.0000
vt 0.3348 0.8295 0.0000
vt 0.2709 0.8295 0.0000
vt 0.2709 0.8860 0.0000
vt 0.2326 0.8860 0.0000
vt 0.2326 0.8295 0.0000
vt 0.5168 0.9836 0.0000
vt 0.5168 0.9270 0.0000
vt 0.5637 0.9197 0.0000
vt 0.5551 0.9836 0.0000
vt 0.6190 0.9836 0.0000
vt 0.6101 0.9197 0.0000
vt 0.6547 0.9270 0.0000
vt 0.6547 0.9836 0.0000
vt 0.8877 0.3657 0.0000
vt 0.8899 0.3361 0.0000
vt 0.9490 0.3361 0.0000
vt 0.9512 0.3657 0.0000
vt 0.9512 0.2279 0.0000
vt 0.9490 0.2466 0.0000
vt 0.8899 0.2466 0.0000
vt 0.8877 0.2279 0.0000
vt 0.8532 0.2728 0.0000
vt 0.8720 0.2706 0.0000
vt 0.8720 0.3208 0.0000
vt 0.8532 0.3211 0.0000
vt 0.9857 0.3211 0.0000
vt 0.9669 0.3208 0.0000
vt 0.9669 0.2706 0.0000
vt 0.9857 0.2728 0.0000
vt 0.8070 0.6102 0.0000
vt 0.8362 0.6196 0.0000
vt 0.8070 0.6319 0.0000
vt 0.8586 0.5903 0.0000
vt 0.8197 0.5886 0.0000
vt 0.8124 0.6541 0.0000
vt 0.8631 0.6503 0.0000
vt 0.8623 0.6282 0.0000
vt 0.8623 0.6091 0.0000
vt 0.4956 0.4438 0.0000
vt 0.5033 0.4609 0.0000
vt 0.4766 0.4609 0.0000
vt 0.4815 0.4438 0.0000
vt 0.4553 0.4454 0.0000
vt 0.4703 0.4356 0.0000
vt 0.4553 0.4061 0.0000
vt 0.4703 0.4149 0.0000
vt 0.4781 0.3889 0.0000
vt 0.4823 0.4058 0.0000
vt 0.5017 0.3889 0.0000
vt 0.4948 0.4058 0.0000
vt 0.5271 0.4061 0.0000
vt 0.5082 0.4149 0.0000
vt 0.5271 0.4454 0.0000
vt 0.5082 0.4356 0.0000
vt 0.3800 0.6921 0.0000
vt 0.3789 0.6988 0.0000
vt 0.3492 0.6988 0.0000
vt 0.3533 0.6921 0.0000
vt 0.4126 0.2997 0.0000
vt 0.4193 0.2977 0.0000
vt 0.4193 0.3413 0.0000
vt 0.4126 0.3389 0.0000
vt 0.2932 0.9947 0.0000
vt 0.2895 0.9858 0.0000
vt 0.3212 0.9858 0.0000
vt 0.3218 0.9947 0.0000
vt 0.4584 0.6921 0.0000
vt 0.4624 0.6988 0.0000
vt 0.4361 0.6988 0.0000
vt 0.4348 0.6921 0.0000
vt 0.4079 0.6988 0.0000
vt 0.4094 0.6921 0.0000
vt 0.9749 0.8579 0.0000
vt 0.9774 0.8646 0.0000
vt 0.9337 0.8646 0.0000
vt 0.9357 0.8579 0.0000
vt 0.3789 0.7869 0.0000
vt 0.3492 0.7869 0.0000
vt 0.4624 0.7869 0.0000
vt 0.4361 0.7869 0.0000
vt 0.9897 0.9527 0.0000
vt 0.9337 0.9527 0.0000
vt 0.4053 0.6988 0.0000
vt 0.4053 0.7869 0.0000
vt 0.3789 0.8190 0.0000
vt 0.3492 0.8190 0.0000
vt 0.2610 0.2942 0.0000
vt 0.2932 0.2942 0.0000
vt 0.2932 0.3569 0.0000
vt 0.2610 0.3569 0.0000
vt 0.4985 0.7695 0.0000
vt 0.4984 0.8190 0.0000
vt 0.4624 0.8190 0.0000
vt 0.4361 0.8190 0.0000
vt 0.4079 0.8190 0.0000
vt 0.4079 0.7869 0.0000
vt 0.9897 0.9848 0.0000
vt 0.9337 0.9848 0.0000
vt 0.4053 0.8190 0.0000
vt 0.7963 0.6049 0.0000
vt 0.7963 0.6346 0.0000
vt 0.8765 0.6329 0.0000
vt 0.8765 0.6066 0.0000
vt 0.5238 0.7869 0.0000
vt 0.5238 0.8190 0.0000
vt 0.8644 0.6855 0.0000
vt 0.8199 0.6855 0.0000
vt 0.0431 0.4202 0.0000
vt 0.1066 0.4202 0.0000
vt 0.5168 0.8845 0.0000
vt 0.5637 0.8939 0.0000
vt 0.6101 0.8939 0.0000
vt 0.6547 0.8845 0.0000
vt 0.8645 0.9286 0.0000
vt 0.8011 0.9286 0.0000
vt 0.3705 0.9286 0.0000
vt 0.3348 0.9286 0.0000
vt 0.3255 0.9286 0.0000
vt 0.2772 0.9286 0.0000
vt 0.2709 0.9286 0.0000
vt 0.2326 0.9286 0.0000
vt 0.0431 0.3653 0.0000
vt 0.1066 0.3653 0.0000
vt 0.5168 0.8295 0.0000
vt 0.5551 0.8295 0.0000
vt 0.5748 0.8799 0.0000
vt 0.5615 0.8295 0.0000
vt 0.6097 0.8295 0.0000
vt 0.5969 0.8799 0.0000
vt 0.6190 0.8295 0.0000
vt 0.6547 0.8295 0.0000
vt 0.8645 0.9836 0.0000
vt 0.8011 0.9836 0.0000
vt 0.3705 0.9836 0.0000
vt 0.3348 0.9836 0.0000
vt 0.3255 0.9836 0.0000
vt 0.2772 0.9836 0.0000
vt 0.2709 0.9836 0.0000
vt 0.2326 0.9836 0.0000
vt 0.2921 0.7652 0.0000
vt 0.3083 0.7659 0.0000
vt 0.9857 0.2635 0.0000
vt 0.8532 0.2635 0.0000
vt 0.1758 0.7659 0.0000
vt 0.1920 0.7652 0.0000
vt 0.2921 0.7032 0.0000
vt 0.3083 0.7020 0.0000
vt 0.9857 0.3274 0.0000
vt 0.8532 0.3274 0.0000
vt 0.1758 0.7020 0.0000
vt 0.1920 0.7032 0.0000
vt 0.9194 0.2962 0.0000
vt 0.3937 0.1818 0.0000
vt 0.3999 0.1805 0.0000
vt 0.3999 0.2051 0.0000
vt 0.3937 0.2039 0.0000
vt 0.5879 0.2749 0.0000
vt 0.5942 0.2736 0.0000
vt 0.5942 0.2982 0.0000
vt 0.5879 0.2969 0.0000
vt 0.4283 0.9959 0.0000
vt 0.4268 0.9858 0.0000
vt 0.4555 0.9858 0.0000
vt 0.4541 0.9959 0.0000
vt 0.4114 0.9858 0.0000
vt 0.4129 0.9949 0.0000
vt 0.3842 0.9949 0.0000
vt 0.3857 0.9858 0.0000
vt 0.4730 0.1805 0.0000
vt 0.4730 0.2051 0.0000
vt 0.6673 0.2736 0.0000
vt 0.6673 0.2982 0.0000
vt 0.5405 0.4032 0.0000
vt 0.6136 0.4032 0.0000
vt 0.6136 0.4318 0.0000
vt 0.5405 0.4318 0.0000
vt 0.4730 0.2271 0.0000
vt 0.3999 0.2271 0.0000
vt 0.5942 0.2516 0.0000
vt 0.6673 0.2516 0.0000
vt 0.6989 0.4318 0.0000
vt 0.6258 0.4318 0.0000
vt 0.6258 0.4032 0.0000
vt 0.6989 0.4032 0.0000
vt 0.3999 0.1616 0.0000
vt 0.4730 0.1616 0.0000
vt 0.6673 0.3171 0.0000
vt 0.5942 0.3171 0.0000
vt 0.7821 0.0225 0.0000
vt 0.7850 0.0139 0.0000
vt 0.8044 0.0139 0.0000
vt 0.8067 0.0225 0.0000
vt 0.9242 0.0184 0.0000
vt 0.9312 0.0057 0.0000
vt 0.9529 0.0119 0.0000
vt 0.9518 0.0263 0.0000
vt 0.2444 0.0594 0.0000
vt 0.2398 0.0670 0.0000
vt 0.2212 0.0617 0.0000
vt 0.2208 0.0526 0.0000
vt 0.9946 0.2045 0.0000
vt 0.9811 0.2015 0.0000
vt 0.9811 0.1790 0.0000
vt 0.9946 0.1758 0.0000
vt 0.5399 0.6469 0.0000
vt 0.5307 0.6258 0.0000
vt 0.5676 0.6258 0.0000
vt 0.5593 0.6469 0.0000
vt 0.5898 0.6482 0.0000
vt 0.5708 0.6586 0.0000
vt 0.5898 0.6913 0.0000
vt 0.5708 0.6812 0.0000
vt 0.5676 0.7149 0.0000
vt 0.5593 0.6935 0.0000
vt 0.5307 0.7149 0.0000
vt 0.5399 0.6935 0.0000
vt 0.5121 0.6913 0.0000
vt 0.5302 0.6812 0.0000
vt 0.5121 0.6482 0.0000
vt 0.5302 0.6586 0.0000
vt 0.1814 0.1000 0.0000
vt 0.1835 0.1063 0.0000
vt 0.1426 0.1063 0.0000
vt 0.1445 0.1000 0.0000
vt 0.8861 0.1202 0.0000
vt 0.8901 0.1272 0.0000
vt 0.8564 0.1362 0.0000
vt 0.8557 0.1283 0.0000
vt 0.9577 0.3700 0.0000
vt 0.9600 0.3763 0.0000
vt 0.9124 0.3763 0.0000
vt 0.9146 0.3700 0.0000
vt 0.3109 0.2580 0.0000
vt 0.3031 0.2593 0.0000
vt 0.3030 0.2236 0.0000
vt 0.3108 0.2257 0.0000
vt 0.2326 0.0024 0.0000
vt 0.2389 0.0005 0.0000
vt 0.2389 0.0414 0.0000
vt 0.2326 0.0393 0.0000
vt 0.2717 0.9858 0.0000
vt 0.2753 0.9931 0.0000
vt 0.2426 0.9985 0.0000
vt 0.2421 0.9907 0.0000
vt 0.0707 0.1000 0.0000
vt 0.0730 0.1063 0.0000
vt 0.0253 0.1063 0.0000
vt 0.0276 0.1000 0.0000
vt 0.0059 0.7615 0.0000
vt 0.0052 0.7537 0.0000
vt 0.0375 0.7540 0.0000
vt 0.0351 0.7618 0.0000
vt 0.1835 0.2145 0.0000
vt 0.1426 0.2145 0.0000
vt 0.9848 0.3763 0.0000
vt 0.9848 0.4845 0.0000
vt 0.9600 0.4845 0.0000
vt 0.9124 0.4845 0.0000
vt 0.8863 0.4845 0.0000
vt 0.8863 0.3763 0.0000
vt 0.3471 0.0005 0.0000
vt 0.3471 0.0414 0.0000
vt 0.0990 0.1063 0.0000
vt 0.0990 0.2145 0.0000
vt 0.0730 0.2145 0.0000
vt 0.0253 0.2145 0.0000
vt 0.0005 0.2145 0.0000
vt 0.0005 0.1063 0.0000
vt 0.1799 0.2311 0.0000
vt 0.1459 0.2311 0.0000
vt 0.9559 0.4931 0.0000
vt 0.9163 0.4931 0.0000
vt 0.9792 0.0499 0.0000
vt 0.9672 0.0498 0.0000
vt 0.9621 0.0205 0.0000
vt 0.9731 0.0147 0.0000
vt 0.3557 0.0038 0.0000
vt 0.3557 0.0378 0.0000
vt 0.4979 0.7253 0.0000
vt 0.5100 0.7286 0.0000
vt 0.5123 0.7560 0.0000
vt 0.5007 0.7583 0.0000
vt 0.0690 0.2231 0.0000
vt 0.0294 0.2231 0.0000
vt 0.1930 0.4245 0.0000
vt 0.1568 0.4151 0.0000
vt 0.1570 0.4014 0.0000
vt 0.1933 0.3956 0.0000
vt 0.3332 0.1526 0.0000
vt 0.3145 0.1429 0.0000
vt 0.3145 0.1241 0.0000
vt 0.3332 0.1130 0.0000
vt 0.3049 0.1139 0.0000
vt 0.3129 0.0913 0.0000
vt 0.1567 0.9121 0.0000
vt 0.1246 0.9040 0.0000
vt 0.1246 0.8879 0.0000
vt 0.1567 0.8781 0.0000
vt 0.4083 0.0038 0.0000
vt 0.4083 0.0378 0.0000
vt 0.0906 0.2231 0.0000
vt 0.0906 0.2757 0.0000
vt 0.0690 0.2757 0.0000
vt 0.0294 0.2757 0.0000
vt 0.0088 0.2757 0.0000
vt 0.0088 0.2545 0.0000
vt 0.0088 0.2311 0.0000
vt 0.2264 0.8058 0.0000
vt 0.2380 0.8058 0.0000
vt 0.2540 0.8058 0.0000
vt 0.2540 0.8264 0.0000
vt 0.2184 0.8264 0.0000
vt 0.0240 0.7632 0.0000
vt 0.0240 0.7988 0.0000
vt 0.0052 0.8290 0.0000
vt 0.0052 0.7632 0.0000
vt 0.9995 0.2251 0.0000
vt 0.9337 0.2251 0.0000
vt 0.9337 0.2153 0.0000
vt 0.9799 0.2153 0.0000
vt 0.9915 0.2153 0.0000
vt 0.1799 0.2545 0.0000
vt 0.1459 0.2426 0.0000
vt 0.4835 0.4334 0.0000
vt 0.4835 0.4219 0.0000
vt 0.4996 0.4193 0.0000
vt 0.4996 0.4334 0.0000
vt 0.9639 0.1947 0.0000
vt 0.9799 0.1947 0.0000
vt 0.2120 0.3301 0.0000
vt 0.1896 0.3229 0.0000
vt 0.1758 0.3038 0.0000
vt 0.8217 0.7364 0.0000
vt 0.8217 0.7063 0.0000
vt 0.3914 0.5121 0.0000
vt 0.4033 0.5121 0.0000
vt 0.4287 0.5259 0.0000
vt 0.4104 0.5259 0.0000
vt 0.4360 0.5483 0.0000
vt 0.4177 0.5483 0.0000
vt 0.4767 0.2550 0.0000
vt 0.4461 0.2550 0.0000
vt 0.4461 0.2326 0.0000
vt 0.4767 0.2326 0.0000
vt 0.6826 0.3226 0.0000
vt 0.6781 0.3653 0.0000
vt 0.6781 0.3226 0.0000
vt 0.6732 0.3665 0.0000
vt 0.6684 0.3665 0.0000
vt 0.6635 0.3653 0.0000
vt 0.6635 0.3226 0.0000
vt 0.6590 0.3226 0.0000
vt 0.6303 0.3226 0.0000
vt 0.6079 0.3226 0.0000
vt 0.5952 0.8959 0.0000
vt 0.5952 0.8995 0.0000
vt 0.5875 0.9162 0.0000
vt 0.5875 0.9083 0.0000
vt 0.4379 0.9038 0.0000
vt 0.4456 0.9162 0.0000
vt 0.4531 0.9038 0.0000
vt 0.4989 0.5591 0.0000
vt 0.5021 0.5519 0.0000
vt 0.5022 0.5702 0.0000
vt 0.5007 0.5735 0.0000
vt 0.0479 0.7537 0.0000
vt 0.0785 0.7537 0.0000
vt 0.7359 0.7011 0.0000
vt 0.7373 0.7011 0.0000
vt 0.7373 0.7204 0.0000
vt 0.7359 0.7204 0.0000
vt 0.2227 0.7095 0.0000
vt 0.2242 0.7095 0.0000
vt 0.2242 0.7260 0.0000
vt 0.2227 0.7260 0.0000
vt 0.2242 0.7298 0.0000
vt 0.2227 0.7298 0.0000
vt 0.2242 0.7425 0.0000
vt 0.2227 0.7425 0.0000
vt 0.2242 0.7463 0.0000
vt 0.2227 0.7463 0.0000
vt 0.2242 0.7628 0.0000
vt 0.2227 0.7628 0.0000
vt 0.7339 0.6980 0.0000
vt 0.7354 0.6980 0.0000
vt 0.7354 0.7173 0.0000
vt 0.7339 0.7173 0.0000
vt 0.7354 0.7204 0.0000
vt 0.7339 0.7204 0.0000
vt 0.7359 0.6980 0.0000
vt 0.7373 0.6980 0.0000
vt 0.0289 0.9785 0.0000
vt 0.0289 0.9716 0.0000
vt 0.0596 0.9764 0.0000
vt 0.0596 0.9785 0.0000
vt 0.1407 0.3541 0.0000
vt 0.1407 0.3519 0.0000
vt 0.2613 0.2786 0.0000
vt 0.2654 0.2730 0.0000
vt 0.7830 0.9940 0.0000
vt 0.7804 0.9950 0.0000
vt 0.7804 0.9886 0.0000
vt 0.7830 0.9897 0.0000
vt 0.9500 0.7871 0.0000
vt 0.9474 0.7883 0.0000
vt 0.9474 0.7809 0.0000
vt 0.9500 0.7822 0.0000
vt 0.8769 0.9897 0.0000
vt 0.8794 0.9886 0.0000
vt 0.8794 0.9950 0.0000
vt 0.8769 0.9940 0.0000
vt 0.5465 0.6627 0.0000
vt 0.5499 0.6616 0.0000
vt 0.5499 0.6659 0.0000
vt 0.5465 0.6655 0.0000
vt 0.5776 0.8959 0.0000
vt 0.5791 0.8991 0.0000
vt 0.5756 0.9001 0.0000
vt 0.5753 0.8967 0.0000
vt 0.1435 0.7598 0.0000
vt 0.1409 0.7611 0.0000
vt 0.1409 0.7537 0.0000
vt 0.1435 0.7550 0.0000
vt 0.3758 0.5624 0.0000
vt 0.3766 0.5658 0.0000
vt 0.3729 0.5659 0.0000
vt 0.3733 0.5624 0.0000
vt 0.3025 0.2633 0.0000
vt 0.2999 0.2644 0.0000
vt 0.2983 0.2614 0.0000
vt 0.3022 0.2598 0.0000
vt 0.6748 0.3727 0.0000
vt 0.6748 0.3684 0.0000
vt 0.6668 0.3684 0.0000
vt 0.6668 0.3727 0.0000
vt 0.6453 0.9940 0.0000
vt 0.6413 0.9920 0.0000
vt 0.6453 0.9897 0.0000
vt 0.6437 0.9964 0.0000
vt 0.6389 0.9964 0.0000
vt 0.6373 0.9940 0.0000
vt 0.6373 0.9897 0.0000
vt 0.6389 0.9879 0.0000
vt 0.6437 0.9879 0.0000
vt 0.7654 0.9950 0.0000
vt 0.7654 0.9886 0.0000
vt 0.7654 0.9858 0.0000
vt 0.7804 0.9858 0.0000
vt 0.1259 0.7611 0.0000
vt 0.1259 0.7537 0.0000
vt 0.8794 0.9858 0.0000
vt 0.8944 0.9858 0.0000
vt 0.8944 0.9886 0.0000
vt 0.8944 0.9950 0.0000
vt 0.8944 0.9985 0.0000
vt 0.8794 0.9985 0.0000
vt 0.9324 0.7883 0.0000
vt 0.9324 0.7809 0.0000
vt 0.7804 0.9985 0.0000
vt 0.7654 0.9985 0.0000
vt 0.7632 0.9940 0.0000
vt 0.7632 0.9897 0.0000
vt 0.6474 0.9886 0.0000
vt 0.6450 0.9858 0.0000
vt 0.1237 0.7598 0.0000
vt 0.1237 0.7550 0.0000
vt 0.6376 0.9858 0.0000
vt 0.6353 0.9886 0.0000
vt 0.8967 0.9897 0.0000
vt 0.8967 0.9940 0.0000
vt 0.5499 0.6706 0.0000
vt 0.5467 0.6702 0.0000
vt 0.5467 0.6674 0.0000
vt 0.5499 0.6664 0.0000
vt 0.9302 0.7870 0.0000
vt 0.9302 0.7822 0.0000
vt 0.2977 0.2598 0.0000
vt 0.2978 0.2631 0.0000
vt 0.2952 0.2641 0.0000
vt 0.2937 0.2613 0.0000
vt 0.4387 0.2539 0.0000
vt 0.4443 0.2539 0.0000
vt 0.0080 0.8444 0.0000
vt 0.0052 0.8444 0.0000
vt 0.0114 0.8248 0.0000
vt 0.0142 0.8248 0.0000
vt 0.4996 0.4161 0.0000
vt 0.4996 0.4188 0.0000
vt 0.4940 0.4188 0.0000
vt 0.4940 0.4161 0.0000
vt 0.4874 0.4903 0.0000
vt 0.4883 0.4876 0.0000
vt 0.5052 0.4875 0.0000
vt 0.5044 0.4901 0.0000
vt 0.1483 0.3541 0.0000
vt 0.1487 0.3513 0.0000
vt 0.1548 0.3513 0.0000
vt 0.1544 0.3541 0.0000
vt 0.8027 0.7364 0.0000
vt 0.7963 0.7063 0.0000
vt 0.5117 0.5723 0.0000
vt 0.5061 0.5717 0.0000
vt 0.5060 0.5519 0.0000
vt 0.5115 0.5561 0.0000
vt 0.4365 0.2343 0.0000
vt 0.4425 0.2378 0.0000
vt 0.7016 0.4009 0.0000
vt 0.6400 0.4009 0.0000
vt 0.2972 0.1334 0.0000
vt 0.2973 0.1334 0.0000
vt 0.7016 0.3226 0.0000
vt 0.6400 0.3226 0.0000
vt 0.0984 0.8964 0.0000
vt 0.0984 0.8963 0.0000
vt 0.1065 0.8799 0.0000
vt 0.0833 0.8799 0.0000
vt 0.0748 0.8879 0.0000
vt 0.5185 0.0392 0.0000
vt 0.4979 0.0294 0.0000
vt 0.4979 0.0133 0.0000
vt 0.5185 0.0052 0.0000
vt 0.5482 0.7253 0.0000
vt 0.5918 0.7408 0.0000
vt 0.6060 0.7588 0.0000
vt 0.5506 0.7528 0.0000
vt 0.0404 0.3202 0.0000
vt 0.0172 0.3215 0.0000
vt 0.0087 0.3262 0.0000
vt 0.2962 0.5916 0.0000
vt 0.2769 0.5836 0.0000
vt 0.2769 0.5694 0.0000
vt 0.2563 0.4884 0.0000
vt 0.2799 0.4899 0.0000
vt 0.3061 0.5071 0.0000
vt 0.3157 0.5916 0.0000
vt 0.3382 0.5390 0.0000
vt 0.3382 0.5916 0.0000
vt 0.2342 0.4285 0.0000
vt 0.2159 0.4248 0.0000
vt 0.2229 0.3959 0.0000
vt 0.2346 0.3937 0.0000
vt 0.3739 0.5619 0.0000
vt 0.3729 0.5504 0.0000
vt 0.3981 0.5385 0.0000
vt 0.4055 0.5558 0.0000
vt 0.2516 0.1646 0.0000
vt 0.2577 0.1616 0.0000
vt 0.2675 0.1863 0.0000
vt 0.2562 0.1828 0.0000
vt 0.5792 0.9858 0.0000
vt 0.5865 0.9952 0.0000
vt 0.5595 0.9950 0.0000
vt 0.5602 0.9882 0.0000
vt 0.6746 0.9950 0.0000
vt 0.6684 0.9858 0.0000
vt 0.6925 0.9859 0.0000
vt 0.6917 0.9927 0.0000
vt 0.7175 0.9858 0.0000
vt 0.7203 0.9921 0.0000
vt 0.6969 0.9992 0.0000
vt 0.6999 0.9886 0.0000
vt 0.2888 0.1526 0.0000
vt 0.3049 0.1526 0.0000
vt 0.7718 0.0498 0.0000
vt 0.7632 0.0488 0.0000
vt 0.7632 0.0194 0.0000
vt 0.7718 0.0235 0.0000
vt 0.4038 0.6921 0.0000
vt 0.3187 0.7695 0.0000
vt 0.3256 0.6988 0.0000
vt 0.4900 0.2895 0.0000
vt 0.4900 0.3603 0.0000
vt 0.4878 0.6988 0.0000
vt 0.3188 0.8190 0.0000
vt 0.8055 0.6649 0.0000
vt 0.8138 0.6943 0.0000
vt 0.8764 0.6944 0.0000
vt 0.8764 0.6690 0.0000
vt 0.8697 0.5784 0.0000
vt 0.8138 0.5785 0.0000
vt 0.8017 0.3518 0.0000
vt 0.7607 0.3518 0.0000
vt 0.5793 0.5830 0.0000
vt 0.5501 0.5748 0.0000
vt 0.5500 0.5121 0.0000
vt 0.5753 0.5121 0.0000
vt 0.2895 0.8190 0.0000
vt 0.2895 0.7869 0.0000
vt 0.8160 0.0052 0.0000
vt 0.8288 0.0116 0.0000
vt 0.9676 0.0052 0.0000
vt 0.9724 0.0114 0.0000
vt 0.2094 0.0676 0.0000
vt 0.1995 0.0583 0.0000
vt 0.7632 0.0116 0.0000
vt 0.7753 0.0052 0.0000
vt 0.2563 0.5601 0.0000
vt 0.2563 0.5390 0.0000
vt 0.4126 0.5488 0.0000
vt 0.4063 0.5294 0.0000
vt 0.3898 0.5174 0.0000
vt 0.3860 0.5174 0.0000
vt 0.3869 0.5121 0.0000
vt 0.3733 0.5174 0.0000
vt 0.3723 0.5121 0.0000
vt 0.3695 0.5174 0.0000
vt 0.3679 0.5121 0.0000
vt 0.3530 0.5294 0.0000
vt 0.3488 0.5259 0.0000
vt 0.3467 0.5488 0.0000
vt 0.3416 0.5483 0.0000
vt 0.3075 0.2159 0.0000
vt 0.3101 0.2115 0.0000
vt 0.2881 0.2096 0.0000
vt 0.2878 0.2042 0.0000
vt 0.2688 0.2159 0.0000
vt 0.2654 0.2115 0.0000
vt 0.2665 0.2190 0.0000
vt 0.2628 0.2151 0.0000
vt 0.2591 0.2292 0.0000
vt 0.2542 0.2269 0.0000
vt 0.2568 0.2323 0.0000
vt 0.2516 0.2305 0.0000
vt 0.2568 0.2527 0.0000
vt 0.2516 0.2540 0.0000
vt 0.2688 0.2692 0.0000
# 2049 texture coords

o Frankenmallow_s_Monster
g Frankenmallow_s_Monster
usemtl wire_140088225
s 1
f 1/1/1 2/2/2 3/3/2 
f 1/4/2 4/5/3 5/6/4 
f 1/7/2 6/8/2 7/9/2 
f 8/10/5 9/11/6 10/12/7 11/13/8 
f 9/11/6 12/14/9 13/15/10 10/12/7 
f 14/16/11 15/17/11 16/18/12 17/19/12 
f 18/20/13 19/21/14 20/22/15 21/23/16 
f 19/21/14 22/24/17 23/25/18 20/22/15 
s 8
f 24/26/19 25/27/20 26/28/21 27/29/22 
f 17/30/12 16/31/12 28/32/23 29/33/23 
f 21/34/16 20/35/15 30/36/24 31/37/25 
f 20/38/15 23/39/18 32/40/26 30/41/24 
f 33/42/27 34/43/28 35/44/29 36/45/30 
f 37/46/31 38/47/32 39/48/32 40/49/33 
f 38/50/32 41/51/34 42/52/34 39/53/32 
f 36/54/30 43/55/35 44/56/36 45/57/37 
f 46/58/38 47/59/39 48/60/40 49/61/41 50/62/42 51/63/42 
f 39/53/32 42/52/34 52/64/43 53/65/44 
s 1
f 44/66/36 43/67/35 54/68/45 55/69/46 
f 43/67/35 56/70/47 57/71/48 54/68/45 
f 51/72/42 50/73/42 58/74/49 59/75/49 
f 60/76/50 53/77/44 61/78/51 62/79/52 
f 53/77/44 52/80/43 63/81/53 61/78/51 
f 64/82/1 55/69/46 54/68/45 
f 64/82/1 54/68/45 57/71/48 
f 64/82/2 59/75/49 58/74/49 
f 64/82/1 62/79/52 61/78/51 
f 64/82/1 61/78/51 63/81/53 
s off
f 65/83/54 66/84/55 67/85/56 68/86/57 
f 69/87/58 70/88/59 71/89/60 72/90/61 
f 69/87/58 73/91/62 74/92/63 70/88/59 
f 75/93/64 65/83/54 68/86/57 76/94/65 
f 9/95/6 8/96/5 77/97/66 78/98/67 
f 22/99/17 19/100/14 79/101/68 80/102/69 
f 19/100/14 18/103/13 81/104/70 79/101/68 
f 15/105/11 14/106/11 82/107/71 83/108/71 
f 12/109/9 9/95/6 78/98/67 84/110/72 
f 85/111/73 86/112/74 87/113/75 88/114/76 
f 86/112/74 89/115/77 90/116/78 87/113/75 
f 91/117/79 92/118/79 93/119/80 94/120/80 
f 95/121/81 96/122/82 97/123/83 98/124/84 
f 96/122/82 99/125/85 100/126/86 97/123/83 
f 78/98/67 77/97/66 66/127/55 65/128/54 
f 80/102/69 79/101/68 69/129/58 72/130/61 
f 79/101/68 81/104/70 73/131/62 69/129/58 
f 83/108/71 82/107/71 101/132/87 102/133/88 
f 84/110/72 78/98/67 65/128/54 75/134/64 
f 103/135/89 104/136/90 105/137/90 106/138/89 
f 107/139/34 108/140/59 109/141/91 110/142/34 
f 108/140/59 111/143/92 112/144/92 109/141/91 
f 113/145/93 103/135/89 106/138/89 114/146/94 
f 115/147/89 116/148/90 88/149/76 87/150/75 
f 117/151/60 118/152/91 97/153/83 100/154/86 
f 118/152/91 119/155/95 98/156/84 97/153/83 
f 120/157/96 121/158/97 94/159/80 93/160/80 
f 122/161/98 115/147/89 87/150/75 90/162/78 
f 86/112/74 85/111/73 123/163/99 124/164/100 
f 99/125/85 96/122/82 125/165/101 126/166/102 
f 96/122/82 95/121/81 127/167/103 125/165/101 
f 92/118/79 91/117/79 128/168/104 129/169/104 
f 89/115/77 86/112/74 124/164/100 130/170/105 
f 124/171/100 123/172/99 131/173/106 132/174/107 
f 126/175/102 125/176/101 133/177/108 134/178/109 
f 125/179/101 127/180/103 135/181/110 133/182/108 
f 129/183/104 128/184/104 136/185/111 137/186/111 
f 130/187/105 124/188/100 132/189/107 138/190/112 
f 132/174/107 131/173/106 139/191/90 140/192/113 
f 134/178/109 133/177/108 141/193/114 142/194/34 
f 133/195/108 135/196/110 143/197/115 141/198/114 
f 138/199/112 132/200/107 140/201/113 144/202/116 
f 140/192/113 139/191/90 145/203/90 146/204/113 
f 142/194/34 141/193/114 147/205/114 148/206/34 
f 141/198/114 143/197/115 149/207/115 147/208/114 
f 144/202/116 140/201/113 146/209/113 150/210/117 
f 146/204/113 145/203/90 151/211/118 152/212/119 
f 148/206/34 147/205/114 153/213/120 154/214/121 
f 147/208/114 149/207/115 155/215/122 153/216/120 
f 150/210/117 146/209/113 152/217/119 156/218/123 
f 152/212/119 151/211/118 157/219/124 158/220/125 
f 154/214/121 153/213/120 159/221/126 160/222/127 
f 153/223/120 155/224/122 161/225/128 159/226/126 
f 162/227/129 163/228/129 164/229/130 165/230/131 
f 156/231/123 152/232/119 158/233/125 166/234/132 
s 4
f 167/235/133 168/236/133 158/237/125 157/238/124 
s 2
f 168/236/133 169/239/134 166/240/132 158/237/125 
f 170/241/135 171/242/136 159/243/126 161/244/128 
s 4
f 171/242/136 172/245/136 160/246/127 159/243/126 
s 1
f 136/185/111 173/247/137 174/248/137 137/186/111 
s 2
f 173/247/137 175/249/137 176/250/137 174/248/137 
s 1
f 175/249/137 163/228/129 162/227/129 176/250/137 
s off
f 168/236/133 167/235/133 3/3/2 2/2/2 
f 172/245/136 171/242/136 7/9/2 6/8/2 
f 171/242/136 170/241/135 177/251/138 7/9/2 
f 169/239/134 168/236/133 2/2/2 178/252/139 
f 170/241/135 161/244/128 165/253/131 
f 155/215/122 149/207/115 176/250/137 162/227/129 
f 149/207/115 143/197/115 174/248/137 176/250/137 
f 143/197/115 135/196/110 137/186/111 174/248/137 
f 135/196/110 127/254/103 129/183/104 137/186/111 
f 127/167/103 95/121/81 92/118/79 129/169/104 
f 95/121/81 98/124/84 93/119/80 92/118/79 
f 98/255/84 119/256/95 120/157/96 93/160/80 
f 74/257/63 73/258/62 102/259/88 
f 73/131/62 81/104/70 83/108/71 102/133/88 
f 81/104/70 18/103/13 15/105/11 83/108/71 
f 18/20/13 21/23/16 16/18/12 15/17/11 
f 21/34/16 31/37/25 28/32/23 16/31/12 
f 40/49/33 60/260/50 50/62/42 49/61/41 
f 60/76/50 62/79/52 58/74/49 50/73/42 
f 57/71/48 56/70/47 51/72/42 59/75/49 
f 56/261/47 35/44/29 46/58/38 51/63/42 
f 179/262/140 13/263/10 17/30/12 29/33/23 
f 13/15/10 12/14/9 14/16/11 17/19/12 
f 12/109/9 84/110/72 82/107/71 14/106/11 
f 84/110/72 75/134/64 101/132/87 82/107/71 
f 75/264/64 76/265/65 101/266/87 
f 122/267/98 90/268/78 94/159/80 121/158/97 
f 90/116/78 89/115/77 91/117/79 94/120/80 
f 89/115/77 130/170/105 128/168/104 91/117/79 
f 130/269/105 138/199/112 136/185/111 128/184/104 
f 138/199/112 144/202/116 173/247/137 136/185/111 
f 144/202/116 150/210/117 175/249/137 173/247/137 
f 150/210/117 156/218/123 163/228/129 175/249/137 
f 166/240/132 169/239/134 164/270/130 
s 4
f 5/271/4 178/252/139 2/2/2 1/1/1 
s 8
f 177/251/138 4/272/3 1/7/2 7/9/2 
s off
f 165/273/131 164/274/130 180/275/141 181/276/142 
f 177/277/138 170/278/135 182/279/143 183/280/144 
f 169/281/134 178/282/139 184/283/145 185/284/146 
f 178/282/139 5/285/4 186/286/147 184/283/145 
f 4/287/3 177/277/138 183/280/144 187/288/148 
f 170/278/135 165/273/131 181/276/142 182/279/143 
f 164/274/130 169/281/134 185/284/146 180/275/141 
s 1
f 4/287/3 187/288/148 186/286/147 5/285/4 
s off
f 181/289/142 180/290/141 188/291/149 189/292/150 
f 183/293/144 182/294/143 190/295/151 191/296/152 
f 185/297/146 184/298/145 192/299/153 193/300/154 
f 184/301/145 186/302/147 194/303/155 192/304/153 
f 187/305/148 183/306/144 191/307/152 195/308/156 
f 182/309/143 181/289/142 189/292/150 190/310/151 
f 180/290/141 185/311/146 193/312/154 188/291/149 
f 186/302/147 187/305/148 195/308/156 194/303/155 
f 189/313/150 188/314/149 196/315/157 197/316/158 
f 191/317/152 190/318/151 198/319/159 199/320/160 
f 193/321/154 192/322/153 200/323/161 201/324/162 
f 192/322/153 194/325/155 202/326/163 200/323/161 
f 195/327/156 191/317/152 199/320/160 203/328/164 
f 190/318/151 189/313/150 197/316/158 198/319/159 
f 188/314/149 193/321/154 201/324/162 196/315/157 
f 194/325/155 195/327/156 203/328/164 202/326/163 
f 102/329/88 101/330/87 204/331/165 205/332/166 
f 121/333/97 120/334/96 206/335/167 207/336/168 
f 112/337/92 111/338/92 208/339/169 209/340/170 
f 113/341/93 114/342/94 210/343/171 211/344/172 
f 205/345/166 204/346/165 212/347/173 213/348/174 
f 207/349/168 206/350/167 214/351/175 215/352/176 
f 209/353/170 208/354/169 216/355/177 217/356/178 
f 211/357/172 210/358/171 218/359/179 219/360/180 
f 206/361/167 220/362/181 221/363/182 214/364/175 
f 222/365/183 205/366/166 213/367/174 223/368/184 
f 204/369/165 224/370/185 225/371/186 212/372/173 
f 226/373/187 207/374/168 215/375/176 227/376/188 
f 228/377/189 229/378/190 230/379/191 231/380/192 
f 232/381/193 233/382/194 234/383/195 235/384/196 
f 236/385/197 237/386/197 238/387/198 239/388/199 
f 240/389/200 241/390/201 242/391/202 243/392/203 
f 244/393/204 245/394/205 246/395/206 
f 247/396/207 248/397/208 246/395/206 
f 249/398/209 250/399/210 246/395/206 
f 250/399/210 251/400/211 246/395/206 
f 252/401/212 247/396/207 246/395/206 
f 248/397/208 244/393/204 246/395/206 
f 245/394/205 249/398/209 246/395/206 
f 251/400/211 252/401/212 246/395/206 
f 197/402/158 196/403/157 253/404/213 254/405/214 
f 196/403/157 201/406/162 255/407/215 253/404/213 
f 201/406/162 200/408/161 256/409/216 255/407/215 
f 200/408/161 202/410/163 257/411/217 256/409/216 
f 202/410/163 203/412/164 258/413/218 257/411/217 
f 203/412/164 199/414/160 259/415/219 258/413/218 
f 199/414/160 198/416/159 260/417/220 259/415/219 
f 198/416/159 197/402/158 254/405/214 260/417/220 
f 254/418/214 253/419/213 261/420/221 262/421/222 
f 255/422/215 256/423/216 263/424/223 264/425/224 
f 256/426/216 257/427/217 265/428/225 263/429/223 
f 257/430/217 258/431/218 266/432/226 265/433/225 
f 258/431/218 259/434/219 267/435/227 266/432/226 
f 259/436/219 260/437/220 268/438/228 267/439/227 
f 262/421/222 261/420/221 269/440/229 270/441/230 
f 265/433/225 266/432/226 271/442/231 272/443/232 
f 267/439/227 268/438/228 273/444/233 274/445/234 
f 268/446/228 262/421/222 270/441/230 273/447/233 
f 270/441/230 269/440/229 275/448/235 276/449/236 
f 277/450/237 278/451/238 279/452/239 280/453/240 
f 281/454/241 272/443/232 282/455/242 283/456/243 
f 272/443/232 271/442/231 284/457/244 282/455/242 
f 271/442/231 274/458/234 285/459/245 284/457/244 
f 274/445/234 273/444/233 286/460/246 285/461/245 
f 273/447/233 270/441/230 276/449/236 286/462/246 
f 276/463/236 275/464/235 245/394/205 244/393/204 
f 282/465/242 284/466/244 252/401/212 251/400/211 
f 281/454/241 283/456/243 279/467/239 278/468/238 
f 250/399/210 249/398/209 287/469/247 288/470/248 
f 213/348/174 212/347/173 289/471/249 290/472/174 
f 212/372/173 225/371/186 291/473/250 289/474/249 
f 227/376/188 215/375/176 292/475/251 293/476/252 
f 215/352/176 214/351/175 294/477/175 292/478/251 
f 214/364/175 221/363/182 295/479/182 294/480/175 
f 217/356/178 216/355/177 296/481/177 297/482/178 
f 223/368/184 213/367/174 290/483/174 298/484/184 
f 290/472/174 289/471/249 229/485/190 228/486/189 
f 289/474/249 291/473/250 299/487/253 229/488/190 
f 300/489/254 301/490/255 241/491/201 240/492/200 
f 293/476/252 292/475/251 232/493/193 302/494/256 
f 292/478/251 294/477/175 233/495/194 232/496/193 
f 294/480/175 295/479/182 303/497/257 233/498/194 
f 297/482/178 296/481/177 237/499/197 236/500/197 
f 298/484/184 290/483/174 228/501/189 304/502/258 
f 116/148/90 115/147/89 106/138/89 105/137/90 
f 115/147/89 122/161/98 114/146/94 106/138/89 
f 122/503/98 226/504/187 210/343/171 114/342/94 
f 226/373/187 227/376/188 218/359/179 210/358/171 
f 293/476/252 302/494/256 241/491/201 301/490/255 
f 302/505/256 242/391/202 241/390/201 
f 303/506/257 236/385/197 239/388/199 
f 303/497/257 295/479/182 297/482/178 236/500/197 
f 295/479/182 221/363/182 217/356/178 297/482/178 
f 221/363/182 220/362/181 209/353/170 217/356/178 
f 220/507/181 119/508/95 112/337/92 209/340/170 
f 119/155/95 118/152/91 109/141/91 112/144/92 
f 118/152/91 117/151/60 110/142/34 109/141/91 
f 104/136/90 103/135/89 68/86/57 67/85/56 
f 103/135/89 113/145/93 76/94/65 68/86/57 
f 113/341/93 211/344/172 224/509/185 76/510/65 
f 211/357/172 219/360/180 225/371/186 224/370/185 
f 300/489/254 240/492/200 299/487/253 291/473/250 
f 240/389/200 243/392/203 299/511/253 
f 237/386/197 304/512/258 238/387/198 
f 237/499/197 296/481/177 298/484/184 304/502/258 
f 296/481/177 216/355/177 223/368/184 298/484/184 
f 216/355/177 208/354/169 222/365/183 223/368/184 
f 208/339/169 111/338/92 74/513/63 222/514/183 
f 111/143/92 108/140/59 70/88/59 74/92/63 
f 108/140/59 107/139/34 71/89/60 70/88/59 
f 235/384/196 234/383/195 305/515/137 
f 239/388/199 238/387/198 305/515/137 
f 243/392/203 242/391/202 305/515/137 
f 234/383/195 239/388/199 305/515/137 
f 242/391/202 235/384/196 305/515/137 
f 230/379/191 243/392/203 305/515/137 
f 231/380/192 230/379/191 305/515/137 
f 238/387/198 231/380/192 305/515/137 
f 219/516/180 218/517/179 306/518/259 307/519/260 
f 301/520/255 300/521/254 308/522/261 309/523/262 
f 227/524/188 293/525/252 310/526/263 311/527/264 
f 291/528/250 225/529/186 312/530/265 313/531/266 
f 307/519/260 306/518/259 314/532/267 315/533/268 
f 309/523/262 308/522/261 316/534/269 317/535/270 
f 311/536/264 310/537/263 318/538/271 319/539/272 
f 306/518/259 311/540/264 319/541/272 314/532/267 
f 310/542/263 309/523/262 317/535/270 318/543/271 
f 313/544/266 312/545/265 320/546/273 321/547/274 
f 312/548/265 307/519/260 315/533/268 320/549/273 
f 308/522/261 313/550/266 321/551/274 316/534/269 
f 315/552/268 314/553/267 322/554/275 323/555/276 
f 319/556/272 318/557/271 324/558/277 325/559/278 
f 317/560/270 316/561/269 326/562/279 327/563/280 
f 321/564/274 320/565/273 328/566/281 329/567/282 
f 323/568/276 322/569/275 330/570/283 331/571/284 
f 322/569/275 325/572/278 332/573/285 330/570/283 
f 325/572/278 324/574/277 333/575/286 332/573/285 
f 324/574/277 327/576/280 334/577/287 333/575/286 
f 327/576/280 326/578/279 335/579/288 334/577/287 
f 326/578/279 329/580/282 336/581/289 335/579/288 
f 329/580/282 328/582/281 337/583/290 336/581/289 
f 328/582/281 323/568/276 331/571/284 337/583/290 
f 331/584/284 330/585/283 338/586/291 339/587/292 
f 330/588/283 332/589/285 340/590/293 338/591/291 
f 332/592/285 333/593/286 341/594/294 340/595/293 
f 333/596/286 334/597/287 342/598/295 341/599/294 
f 334/600/287 335/601/288 343/602/296 342/603/295 
f 335/604/288 336/605/289 344/606/297 343/607/296 
f 336/608/289 337/609/290 345/610/298 344/611/297 
f 337/612/290 331/613/284 339/614/292 345/615/298 
f 339/587/292 338/586/291 346/616/299 347/617/300 
f 338/618/291 340/595/293 348/619/301 346/620/299 
f 340/595/293 341/594/294 349/621/302 348/619/301 
f 341/594/294 342/622/295 350/623/303 349/621/302 
f 342/603/295 343/602/296 351/624/304 350/625/303 
f 343/626/296 344/611/297 352/627/305 351/628/304 
f 344/611/297 345/610/298 353/629/306 352/627/305 
f 345/610/298 339/630/292 347/631/300 353/629/306 
f 347/617/300 346/616/299 354/632/307 355/633/308 
f 348/619/301 349/621/302 356/634/309 357/635/310 
f 349/636/302 350/637/303 358/638/311 356/639/309 
f 350/625/303 351/624/304 359/640/312 358/641/311 
f 351/642/304 352/643/305 360/644/313 359/645/312 
f 352/627/305 353/629/306 361/646/314 360/647/313 
f 362/648/315 363/649/316 364/650/317 365/651/318 
f 357/652/310 356/653/309 366/654/319 367/655/320 
f 356/653/309 358/656/311 368/657/321 366/654/319 
f 369/658/322 370/659/323 371/660/324 372/661/325 
f 358/641/311 359/640/312 370/662/323 369/663/322 
f 359/664/312 360/647/313 373/665/326 370/666/323 
f 360/647/313 361/646/314 374/667/327 373/665/326 
f 361/646/314 355/668/308 375/669/328 376/670/329 374/667/327 
f 354/671/307 357/672/310 363/673/316 362/674/315 377/675/330 
f 357/676/310 367/677/320 364/678/317 363/679/316 
f 367/680/320 378/681/331 379/682/332 365/683/318 364/684/317 
f 355/633/308 354/632/307 377/685/330 375/686/328 
f 378/687/331 380/688/333 381/689/334 379/690/332 
f 379/682/332 377/691/330 362/692/315 365/683/318 
f 11/13/8 10/12/7 25/693/20 24/694/19 
f 10/12/7 13/15/10 382/695/335 25/693/20 
f 13/263/10 179/262/140 383/696/336 382/697/335 
f 179/698/140 384/699/337 26/700/21 383/701/336 
f 384/699/337 385/702/338 27/703/22 26/700/21 
f 386/704/339 387/705/340 33/706/27 388/707/341 
f 389/708/342 390/709/343 391/710/38 34/43/28 
f 390/709/343 392/711/343 393/712/137 394/713/344 395/714/345 391/710/38 
f 392/711/343 396/715/346 37/46/31 393/712/137 
f 397/716/347 398/717/348 41/51/34 38/50/32 
f 399/718/2 400/719/2 1/1/1 3/3/2 
f 400/720/2 401/721/319 5/722/4 1/723/1 
f 401/724/319 400/725/2 1/4/2 5/6/4 
f 400/725/2 402/726/319 4/5/3 1/4/2 
f 402/727/319 400/728/2 1/729/2 4/730/3 
f 400/731/2 403/732/2 6/8/2 1/7/2 
f 403/732/2 404/733/136 172/245/136 6/8/2 
f 404/733/136 405/734/349 160/246/127 172/245/136 
f 405/735/349 406/736/350 154/214/121 160/222/127 
f 406/736/350 407/737/177 148/206/34 154/214/121 
f 407/737/177 408/738/177 142/194/34 148/206/34 
f 408/738/177 409/739/351 134/178/109 142/194/34 
f 409/739/351 410/740/352 126/175/102 134/178/109 
f 410/741/352 411/742/353 99/125/85 126/166/102 
f 411/742/353 412/743/354 100/126/86 99/125/85 
f 412/744/354 413/745/177 117/151/60 100/154/86 
f 413/745/177 414/746/178 110/142/34 117/151/60 
f 414/746/178 415/747/178 107/139/34 110/142/34 
f 415/747/178 416/748/177 71/89/60 107/139/34 
f 416/748/177 417/749/355 72/90/61 71/89/60 
f 417/750/355 418/751/356 80/102/69 72/130/61 
f 418/751/356 419/752/357 22/99/17 80/102/69 
f 419/753/357 420/754/358 23/25/18 22/24/17 
f 420/755/358 421/756/359 32/40/26 23/39/18 
f 422/757/360 423/758/178 41/51/34 398/717/348 
f 423/758/178 424/759/178 42/52/34 41/51/34 
f 424/759/178 425/760/361 52/64/43 42/52/34 
f 425/761/361 426/762/362 63/81/53 52/80/43 
f 426/762/362 427/763/1 64/82/1 63/81/53 
f 427/763/1 428/764/363 55/69/46 64/82/1 
f 428/764/363 429/765/364 44/66/36 55/69/46 
f 429/766/364 430/767/365 45/57/37 44/56/36 
f 430/767/365 431/768/366 388/707/341 45/57/37 
f 432/769/367 433/770/368 434/771/369 435/772/370 
f 436/773/371 437/774/372 27/703/22 385/702/338 
f 437/775/372 438/776/373 24/26/19 27/29/22 
f 438/777/373 439/778/374 11/13/8 24/694/19 
f 439/778/374 440/779/375 8/10/5 11/13/8 
f 440/780/375 441/781/376 77/97/66 8/96/5 
f 441/781/376 442/782/377 66/127/55 77/97/66 
f 442/783/377 443/784/365 67/85/56 66/84/55 
f 443/784/365 444/785/319 104/136/90 67/85/56 
f 444/785/319 445/786/319 105/137/90 104/136/90 
f 445/786/319 446/787/319 116/148/90 105/137/90 
f 446/787/319 447/788/378 88/149/76 116/148/90 
f 447/789/378 448/790/379 85/111/73 88/114/76 
f 448/790/379 449/791/380 123/163/99 85/111/73 
f 449/792/380 450/793/381 131/173/106 123/172/99 
f 450/793/381 451/794/319 139/191/90 131/173/106 
f 451/794/319 452/795/319 145/203/90 139/191/90 
f 452/795/319 453/796/382 151/211/118 145/203/90 
f 453/796/382 454/797/383 157/219/124 151/211/118 
f 454/798/383 455/799/2 167/235/133 157/238/124 
f 455/799/2 399/718/2 3/3/2 167/235/133 
f 456/800/384 457/801/385 458/802/386 459/803/387 
f 457/804/385 460/805/388 461/806/389 458/807/386 
f 460/805/388 462/808/390 463/809/391 461/806/389 
f 462/808/390 464/810/23 465/811/343 463/809/391 
f 464/810/23 466/812/392 467/813/393 465/811/343 
f 466/812/392 468/814/394 469/815/395 467/813/393 
f 468/816/394 470/817/396 471/818/397 469/819/395 
f 470/817/396 472/820/398 473/821/399 471/818/397 
f 474/822/400 456/800/384 459/803/387 475/823/401 
f 386/824/339 388/825/341 435/826/370 434/827/369 
f 388/828/341 431/829/366 432/830/367 435/831/370 
f 476/832/402 386/833/339 434/834/369 433/835/368 
f 477/836/403 478/837/404 479/838/405 480/839/406 
f 48/840/40 47/841/39 481/842/407 482/843/408 
f 483/844/409 484/845/410 485/846/411 486/847/412 
f 47/848/39 477/849/403 480/850/406 481/851/407 
f 478/852/404 395/853/345 487/854/413 479/855/405 
f 395/856/345 394/857/344 488/858/414 487/859/413 
f 394/860/344 483/861/409 486/862/412 488/863/414 
s 1
f 48/864/40 482/865/408 485/866/411 484/867/410 
s off
f 35/44/29 34/43/28 478/868/404 477/869/403 
f 34/43/28 391/710/38 395/714/345 478/868/404 
f 393/712/137 37/46/31 483/870/409 394/713/344 
f 37/46/31 40/49/33 484/871/410 483/870/409 
f 40/49/33 49/61/41 48/60/40 484/871/410 
f 46/58/38 35/44/29 477/869/403 47/59/39 
f 489/872/415 490/873/416 491/874/41 
f 492/875/417 489/872/415 491/874/41 
f 493/876/418 492/875/417 491/874/41 
f 494/877/419 493/876/418 491/874/41 
f 495/878/420 494/877/419 491/874/41 
f 496/879/421 495/878/420 491/874/41 
f 497/880/422 496/879/421 491/874/41 
f 490/873/416 497/880/422 491/874/41 
f 480/839/406 479/838/405 498/881/423 499/882/424 
f 479/838/405 487/883/413 500/884/425 498/881/423 
f 487/859/413 488/858/414 501/885/426 500/886/425 
f 488/887/414 486/847/412 502/888/427 501/889/426 
f 486/847/412 485/846/411 503/890/428 502/888/427 
f 485/846/411 482/891/408 504/892/429 503/890/428 
f 482/843/408 481/842/407 505/893/430 504/894/429 
f 481/895/407 480/839/406 499/882/424 505/896/430 
f 499/882/424 498/881/423 490/897/416 489/898/415 
f 498/899/423 500/900/425 497/880/422 490/873/416 
f 500/886/425 501/885/426 496/901/421 497/902/422 
f 501/903/426 502/904/427 495/878/420 496/879/421 
f 502/888/427 503/890/428 494/905/419 495/906/420 
f 503/907/428 504/908/429 493/909/418 494/910/419 
f 504/894/429 505/893/430 492/911/417 493/912/418 
f 505/913/430 499/914/424 489/915/415 492/916/417 
f 45/57/37 388/707/341 506/917/431 507/918/432 
f 508/919/433 507/920/432 509/921/434 510/922/435 
f 507/923/432 506/924/431 511/925/436 509/926/434 
f 506/927/431 512/928/437 513/929/438 511/930/436 
f 512/931/437 508/932/433 510/933/435 513/934/438 
s 8
f 25/935/20 382/697/335 383/696/336 26/936/21 
f 511/937/436 513/938/438 510/939/435 509/940/434 
s off
f 36/54/30 45/57/37 507/918/432 508/941/433 
f 388/707/341 33/706/27 512/942/437 506/917/431 
f 33/706/27 36/54/30 508/941/433 512/942/437 
s 8
f 36/45/30 35/44/29 56/261/47 43/943/35 
f 40/49/33 39/48/32 53/944/44 60/260/50 
s off
f 367/655/320 366/654/319 514/945/319 515/946/439 
f 387/947/340 389/708/342 34/43/28 33/42/27 
f 396/715/346 397/948/347 38/47/32 37/46/31 
f 64/82/1 57/71/48 59/75/49 64/82/2 
f 372/661/325 371/660/324 516/949/440 517/949/441 
f 518/950/442 519/951/443 516/949/440 520/952/319 
f 519/951/443 521/953/444 517/949/441 516/949/440 
f 371/660/324 518/950/442 520/952/319 516/949/440 
f 375/954/328 377/955/330 379/956/332 381/957/334 
f 370/958/323 373/959/326 518/960/442 371/961/324 
f 373/665/326 374/667/327 519/962/443 518/963/442 
f 374/667/327 376/670/329 521/964/444 519/962/443 
f 515/965/439 517/966/441 521/967/444 381/968/334 380/969/333 
f 515/965/439 368/970/321 372/971/325 517/966/441 
f 368/970/321 358/972/311 369/973/322 372/971/325 
f 346/974/299 348/975/301 357/976/310 354/977/307 
f 353/978/306 347/979/300 355/980/308 361/981/314 
f 218/982/179 227/983/188 311/984/264 306/985/259 
f 293/986/252 301/987/255 309/988/262 310/989/263 
f 225/990/186 219/991/180 307/992/260 312/993/265 
f 300/994/254 291/995/250 313/996/266 308/997/261 
f 380/998/333 378/999/331 522/946/319 515/946/439 
f 378/999/331 367/655/320 515/946/439 522/946/319 
f 253/1000/213 255/1001/215 264/1002/224 261/1003/221 
f 260/1004/220 254/418/214 262/421/222 268/446/228 
f 261/420/221 264/1005/224 523/1006/445 269/440/229 
f 264/425/224 263/424/223 281/1007/241 523/1008/445 
f 263/1009/223 265/433/225 272/443/232 281/454/241 
f 266/432/226 267/435/227 274/458/234 271/442/231 
f 269/440/229 523/1006/445 524/1010/446 275/448/235 
f 275/464/235 524/1011/446 249/398/209 245/394/205 
f 280/1012/240 279/1013/239 288/470/248 287/469/247 
f 283/1014/243 282/465/242 251/400/211 250/399/210 
f 284/466/244 285/1015/245 247/396/207 252/401/212 
f 285/1015/245 286/1016/246 248/397/208 247/396/207 
f 286/1016/246 276/463/236 244/393/204 248/397/208 
f 161/1017/128 155/215/122 162/227/129 165/230/131 
f 62/79/52 64/82/1 64/82/2 58/74/49 
f 156/218/123 166/1018/132 164/229/130 163/228/129 
f 120/334/96 119/508/95 220/507/181 206/335/167 
f 74/513/63 102/329/88 205/332/166 222/514/183 
f 101/330/87 76/510/65 224/509/185 204/331/165 
f 122/503/98 121/333/97 207/336/168 226/504/187 
f 233/382/194 303/506/257 239/388/199 234/383/195 
f 304/512/258 228/377/189 231/380/192 238/387/198 
f 229/378/190 299/511/253 243/392/203 230/379/191 
f 302/505/256 232/381/193 235/384/196 242/391/202 
f 523/1019/445 281/1020/241 278/1021/238 277/1022/237 
f 283/1014/243 250/399/210 288/470/248 279/1013/239 
f 249/398/209 524/1011/446 280/1012/240 287/469/247 
f 524/1010/446 523/1006/445 277/1023/237 280/1024/240 
f 366/654/319 368/657/321 515/946/439 514/945/319 
f 314/553/267 319/556/272 325/559/278 322/554/275 
f 318/557/271 317/560/270 327/563/280 324/558/277 
f 316/561/269 321/564/274 329/567/282 326/562/279 
f 320/565/273 315/552/268 323/555/276 328/566/281 
f 381/968/334 521/967/444 376/1025/329 375/1026/328 
f 385/702/338 384/699/337 457/1027/385 456/1028/384 
f 384/699/337 179/698/140 460/1029/388 457/1027/385 
f 179/698/140 29/1030/23 462/1031/390 460/1029/388 
f 29/1030/23 28/1032/23 464/1033/23 462/1031/390 
f 28/1032/23 31/1034/25 466/1035/392 464/1033/23 
f 31/1034/25 30/1036/24 468/1037/394 466/1035/392 
f 30/1036/24 32/1038/26 470/1039/396 468/1037/394 
f 32/1038/26 421/1040/359 472/1041/398 470/1039/396 
f 422/1042/360 398/1043/348 471/1044/397 473/1045/399 
f 398/1043/348 397/1046/347 469/1047/395 471/1044/397 
f 397/1046/347 396/1048/346 467/1049/393 469/1047/395 
f 396/1048/346 392/1050/343 465/1051/343 467/1049/393 
f 392/1050/343 390/1052/343 463/1053/391 465/1051/343 
f 390/1052/343 389/1054/342 461/1055/389 463/1053/391 
f 389/1054/342 387/1056/340 458/1057/386 461/1055/389 
f 387/1056/340 386/833/339 459/1058/387 458/1057/386 
f 386/833/339 476/832/402 475/1059/401 459/1058/387 
f 436/773/371 385/702/338 456/1028/384 474/1060/400 
s 1
f 525/1061/1 526/1062/2 527/1063/2 
f 525/1064/2 528/1065/447 529/1066/448 
f 525/1067/2 530/1068/2 531/1069/2 
f 532/1070/449 533/1071/450 534/1072/451 535/1073/452 
f 535/1073/452 534/1072/451 536/1074/453 537/1075/454 
f 538/1076/455 539/1077/456 540/1078/456 541/1079/455 
f 542/1080/457 543/1081/458 544/1082/459 545/1083/460 
f 545/1083/460 544/1082/459 546/1084/461 547/1085/462 
s 8
f 548/1086/463 549/1087/464 550/1088/465 551/1089/466 
f 539/1090/456 552/1091/467 553/1092/467 540/1093/456 
f 543/1094/458 554/1095/468 555/1096/469 544/1097/459 
f 544/1098/459 555/1099/469 556/1100/470 546/1101/461 
f 557/1102/471 558/1103/472 559/1104/473 560/1105/474 
f 561/1106/475 562/1107/476 563/1108/477 564/1109/477 
f 564/1110/477 563/1111/477 565/1112/478 566/1113/478 
f 558/1114/472 567/1115/479 568/1116/480 569/1117/481 
f 570/1118/482 571/1119/483 572/1120/483 573/1121/484 574/1122/485 575/1123/486 
f 563/1111/477 576/1124/487 577/1125/488 565/1112/478 
s 1
f 568/1126/480 578/1127/489 579/1128/490 569/1129/481 
f 569/1129/481 579/1128/490 580/1130/491 581/1131/492 
f 571/1132/483 582/1133/493 583/1134/493 572/1135/483 
f 584/1136/494 585/1137/495 586/1138/496 576/1139/487 
f 576/1139/487 586/1138/496 587/1140/497 577/1141/488 
f 588/1142/498 579/1128/490 578/1127/489 
f 588/1142/498 580/1130/491 579/1128/490 
f 588/1142/2 583/1134/493 582/1133/493 
f 588/1142/498 586/1138/496 585/1137/495 
f 588/1142/498 587/1140/497 586/1138/496 
s off
f 589/1143/499 590/1144/500 591/1145/501 592/1146/502 
f 593/1147/503 594/1148/504 595/1149/505 596/1150/506 
f 593/1147/503 596/1150/506 597/1151/507 598/1152/508 
f 599/1153/509 600/1154/510 590/1144/500 589/1143/499 
f 535/1155/452 601/1156/511 602/1157/512 532/1158/449 
f 547/1159/462 603/1160/513 604/1161/514 545/1162/460 
f 545/1162/460 604/1161/514 605/1163/515 542/1164/457 
f 541/1165/455 606/1166/516 607/1167/516 538/1168/455 
f 537/1169/454 608/1170/517 601/1156/511 535/1155/452 
f 609/1171/518 610/1172/519 611/1173/520 612/1174/521 
f 612/1174/521 611/1173/520 613/1175/522 614/1176/523 
f 615/1177/524 616/1178/525 617/1179/525 618/1180/524 
f 619/1181/526 620/1182/527 621/1183/528 622/1184/529 
f 622/1184/529 621/1183/528 623/1185/530 624/1186/531 
f 601/1156/511 589/1187/499 592/1188/502 602/1157/512 
f 603/1160/513 594/1189/504 593/1190/503 604/1161/514 
f 604/1161/514 593/1190/503 598/1191/508 605/1163/515 
f 606/1166/516 625/1192/532 626/1193/533 607/1167/516 
f 608/1170/517 599/1194/509 589/1187/499 601/1156/511 
f 627/1195/534 628/1196/534 629/1197/535 630/1198/535 
f 631/1199/478 632/1200/478 633/1201/536 634/1202/506 
f 634/1202/506 633/1201/536 635/1203/537 636/1204/537 
f 637/1205/538 638/1206/539 628/1196/534 627/1195/534 
f 639/1207/534 611/1208/520 610/1209/519 640/1210/535 
f 641/1211/505 623/1212/530 621/1213/528 642/1214/536 
f 642/1214/536 621/1213/528 620/1215/527 643/1216/540 
f 644/1217/541 617/1218/525 616/1219/525 645/1220/542 
f 646/1221/543 613/1222/522 611/1208/520 639/1207/534 
f 612/1174/521 647/1223/544 648/1224/545 609/1171/518 
f 624/1186/531 649/1225/546 650/1226/547 622/1184/529 
f 622/1184/529 650/1226/547 651/1227/548 619/1181/526 
f 618/1180/524 652/1228/549 653/1229/549 615/1177/524 
f 614/1176/523 654/1230/550 647/1223/544 612/1174/521 
f 647/1231/544 655/1232/551 656/1233/552 648/1234/545 
f 649/1235/546 657/1236/553 658/1237/554 650/1238/547 
f 650/1239/547 658/1240/554 659/1241/555 651/1242/548 
f 652/1243/549 660/1244/556 661/1245/556 653/1246/549 
f 654/1247/550 662/1248/557 655/1249/551 647/1250/544 
f 655/1232/551 663/1251/558 664/1252/535 656/1233/552 
f 657/1236/553 665/1253/478 666/1254/559 658/1237/554 
f 658/1255/554 666/1256/559 667/1257/560 659/1258/555 
f 662/1259/557 668/1260/561 663/1261/558 655/1262/551 
f 663/1251/558 669/1263/558 670/1264/535 664/1252/535 
f 665/1253/478 671/1265/478 672/1266/559 666/1254/559 
f 666/1256/559 672/1267/559 673/1268/560 667/1257/560 
f 668/1260/561 674/1269/562 669/1270/558 663/1261/558 
f 669/1263/558 675/1271/563 676/1272/564 670/1264/535 
f 671/1265/478 677/1273/565 678/1274/566 672/1266/559 
f 672/1267/559 678/1275/566 679/1276/567 673/1268/560 
f 674/1269/562 680/1277/568 675/1278/563 669/1270/558 
f 675/1271/563 681/1279/569 682/1280/570 676/1272/564 
f 677/1273/565 683/1281/571 684/1282/572 678/1274/566 
f 678/1283/566 684/1284/572 685/1285/573 679/1286/567 
f 686/1287/574 687/1288/575 688/1289/576 689/1290/574 
f 680/1291/568 690/1292/577 681/1293/569 675/1294/563 
s 4
f 691/1295/2 682/1296/570 681/1297/569 692/1298/2 
s 2
f 692/1298/2 681/1297/569 690/1299/577 693/1300/578 
f 694/1301/579 685/1302/573 684/1303/572 695/1304/580 
s 4
f 695/1304/580 684/1303/572 683/1305/571 696/1306/580 
s 1
f 661/1245/556 660/1244/556 697/1307/482 698/1308/482 
s 2
f 698/1308/482 697/1307/482 699/1309/482 700/1310/482 
s 1
f 700/1310/482 699/1309/482 686/1287/574 689/1290/574 
s off
f 692/1298/2 527/1063/2 526/1062/2 691/1295/2 
f 696/1306/580 531/1069/2 530/1068/2 695/1304/580 
f 695/1304/580 530/1068/2 701/1311/581 694/1301/579 
f 693/1300/578 702/1312/582 527/1063/2 692/1298/2 
f 694/1301/579 687/1313/575 685/1302/573 
f 679/1276/567 686/1287/574 699/1309/482 673/1268/560 
f 673/1268/560 699/1309/482 697/1307/482 667/1257/560 
f 667/1257/560 697/1307/482 660/1244/556 659/1258/555 
f 659/1258/555 660/1244/556 652/1243/549 651/1314/548 
f 651/1227/548 652/1228/549 618/1180/524 619/1181/526 
f 619/1181/526 618/1180/524 617/1179/525 620/1182/527 
f 620/1315/527 617/1218/525 644/1217/541 643/1316/540 
f 597/1317/507 625/1318/532 598/1319/508 
f 598/1191/508 625/1192/532 606/1166/516 605/1163/515 
f 605/1163/515 606/1166/516 541/1165/455 542/1164/457 
f 542/1080/457 541/1079/455 540/1078/456 543/1081/458 
f 543/1094/458 540/1093/456 553/1092/467 554/1095/468 
f 562/1107/476 573/1121/484 572/1120/483 584/1320/494 
f 584/1136/494 572/1135/483 583/1134/493 585/1137/495 
f 580/1130/491 582/1133/493 571/1132/483 581/1131/492 
f 581/1321/492 571/1119/483 570/1118/482 559/1104/473 
f 703/1322/583 552/1091/467 539/1090/456 536/1323/453 
f 536/1074/453 539/1077/456 538/1076/455 537/1075/454 
f 537/1169/454 538/1168/455 607/1167/516 608/1170/517 
f 608/1170/517 607/1167/516 626/1193/533 599/1194/509 
f 599/1324/509 626/1325/533 600/1326/510 
f 646/1327/543 645/1220/542 616/1219/525 613/1328/522 
f 613/1175/522 616/1178/525 615/1177/524 614/1176/523 
f 614/1176/523 615/1177/524 653/1229/549 654/1230/550 
f 654/1329/550 653/1246/549 661/1245/556 662/1259/557 
f 662/1259/557 661/1245/556 698/1308/482 668/1260/561 
f 668/1260/561 698/1308/482 700/1310/482 674/1269/562 
f 674/1269/562 700/1310/482 689/1290/574 680/1277/568 
f 690/1299/577 688/1330/576 693/1300/578 
s 4
f 528/1331/447 525/1061/1 527/1063/2 702/1312/582 
s 8
f 701/1311/581 530/1068/2 525/1067/2 529/1332/448 
s off
f 687/1333/575 704/1334/584 705/1335/585 688/1336/576 
f 701/1337/581 706/1338/586 707/1339/587 694/1340/579 
f 693/1341/578 708/1342/588 709/1343/589 702/1344/582 
f 702/1344/582 709/1343/589 710/1345/590 528/1346/447 
f 529/1347/448 711/1348/591 706/1338/586 701/1337/581 
f 694/1340/579 707/1339/587 704/1334/584 687/1333/575 
f 688/1336/576 705/1335/585 708/1342/588 693/1341/578 
s 1
f 529/1347/448 528/1346/447 710/1345/590 711/1348/591 
s off
f 704/1349/584 712/1350/592 713/1351/593 705/1352/585 
f 706/1353/586 714/1354/594 715/1355/595 707/1356/587 
f 708/1357/588 716/1358/596 717/1359/597 709/1360/589 
f 709/1361/589 717/1362/597 718/1363/598 710/1364/590 
f 711/1365/591 719/1366/599 714/1367/594 706/1368/586 
f 707/1369/587 715/1370/595 712/1350/592 704/1349/584 
f 705/1352/585 713/1351/593 716/1371/596 708/1372/588 
f 710/1364/590 718/1363/598 719/1366/599 711/1365/591 
f 712/1373/592 720/1374/600 721/1375/601 713/1376/593 
f 714/1377/594 722/1378/602 723/1379/603 715/1380/595 
f 716/1381/596 724/1382/604 725/1383/605 717/1384/597 
f 717/1384/597 725/1383/605 726/1385/606 718/1386/598 
f 719/1387/599 727/1388/607 722/1378/602 714/1377/594 
f 715/1380/595 723/1379/603 720/1374/600 712/1373/592 
f 713/1376/593 721/1375/601 724/1382/604 716/1381/596 
f 718/1386/598 726/1385/606 727/1388/607 719/1387/599 
f 625/1389/532 728/1390/608 729/1391/609 626/1392/533 
f 645/1393/542 730/1394/610 731/1395/611 644/1396/541 
f 635/1397/537 732/1398/612 733/1399/613 636/1400/537 
f 637/1401/538 734/1402/614 735/1403/615 638/1404/539 
f 728/1405/608 736/1406/616 737/1407/249 729/1408/609 
f 730/1409/610 738/1410/251 739/1411/175 731/1412/611 
f 732/1413/612 740/1414/617 741/1415/618 733/1416/613 
f 734/1417/614 742/1418/619 743/1419/620 735/1420/615 
f 731/1421/611 739/1422/175 744/1423/621 745/1424/622 
f 746/1425/623 747/1426/624 736/1427/616 728/1428/608 
f 729/1429/609 737/1430/249 748/1431/625 749/1432/626 
f 750/1433/627 751/1434/628 738/1435/251 730/1436/610 
f 752/1437/629 753/1438/630 754/1439/631 755/1440/632 
f 756/1441/633 757/1442/634 758/1443/635 759/1444/636 
f 760/1445/637 761/1446/638 762/1447/639 763/1448/637 
f 764/1449/640 765/1450/641 766/1451/642 767/1452/643 
f 768/1453/644 769/1454/645 770/1455/646 
f 771/1456/647 769/1454/645 772/1457/648 
f 773/1458/649 769/1454/645 774/1459/650 
f 774/1459/650 769/1454/645 775/1460/651 
f 776/1461/652 769/1454/645 771/1456/647 
f 772/1457/648 769/1454/645 768/1453/644 
f 770/1455/646 769/1454/645 773/1458/649 
f 775/1460/651 769/1454/645 776/1461/652 
f 720/1462/600 777/1463/653 778/1464/654 721/1465/601 
f 721/1465/601 778/1464/654 779/1466/655 724/1467/604 
f 724/1467/604 779/1466/655 780/1468/656 725/1469/605 
f 725/1469/605 780/1468/656 781/1470/657 726/1471/606 
f 726/1471/606 781/1470/657 782/1472/658 727/1473/607 
f 727/1473/607 782/1472/658 783/1474/659 722/1475/602 
f 722/1475/602 783/1474/659 784/1476/660 723/1477/603 
f 723/1477/603 784/1476/660 777/1463/653 720/1462/600 
f 777/1478/653 785/1479/661 786/1480/662 778/1481/654 
f 779/1482/655 787/1483/663 788/1484/664 780/1485/656 
f 780/1486/656 788/1487/664 789/1488/665 781/1489/657 
f 781/1490/657 789/1491/665 790/1492/666 782/1493/658 
f 782/1493/658 790/1492/666 791/1494/667 783/1495/659 
f 783/1496/659 791/1497/667 792/1498/668 784/1499/660 
f 785/1479/661 793/1500/669 794/1501/670 786/1480/662 
f 789/1491/665 795/1502/671 796/1503/672 790/1492/666 
f 791/1497/667 797/1504/673 798/1505/674 792/1498/668 
f 792/1506/668 798/1507/674 793/1500/669 785/1479/661 
f 793/1500/669 799/1508/675 800/1509/676 794/1501/670 
f 801/1510/677 802/1511/678 803/1512/679 804/1513/680 
f 805/1514/681 806/1515/682 807/1516/683 795/1502/671 
f 795/1502/671 807/1516/683 808/1517/684 796/1503/672 
f 796/1503/672 808/1517/684 809/1518/685 797/1519/673 
f 797/1504/673 809/1520/685 810/1521/686 798/1505/674 
f 798/1507/674 810/1522/686 799/1508/675 793/1500/669 
f 799/1523/675 768/1453/644 770/1455/646 800/1524/676 
f 807/1525/683 775/1460/651 776/1461/652 808/1526/684 
f 805/1514/681 804/1527/680 803/1528/679 806/1515/682 
f 774/1459/650 811/1529/687 812/1530/688 773/1458/649 
f 736/1406/616 813/1531/616 814/1532/173 737/1407/249 
f 737/1430/249 814/1533/173 815/1534/689 748/1431/625 
f 751/1434/628 816/1535/690 817/1536/176 738/1435/251 
f 738/1410/251 817/1537/176 818/1538/175 739/1411/175 
f 739/1422/175 818/1539/175 819/1540/621 744/1423/621 
f 740/1414/617 820/1541/617 821/1542/618 741/1415/618 
f 747/1426/624 822/1543/624 813/1544/616 736/1427/616 
f 813/1531/616 752/1545/629 755/1546/632 814/1532/173 
f 814/1533/173 755/1547/632 823/1548/691 815/1534/689 
f 824/1549/692 764/1550/640 767/1551/643 825/1552/693 
f 816/1535/690 826/1553/694 756/1554/633 817/1536/176 
f 817/1537/176 756/1555/633 759/1556/636 818/1538/175 
f 818/1539/175 759/1557/636 827/1558/695 819/1540/621 
f 820/1541/617 760/1559/637 763/1560/637 821/1542/618 
f 822/1543/624 828/1561/696 752/1562/629 813/1544/616 
f 640/1210/535 629/1197/535 628/1196/534 639/1207/534 
f 639/1207/534 628/1196/534 638/1206/539 646/1221/543 
f 646/1563/543 638/1404/539 735/1403/615 750/1564/627 
f 750/1433/627 735/1420/615 743/1419/620 751/1434/628 
f 816/1535/690 825/1552/693 767/1551/643 826/1553/694 
f 826/1565/694 767/1452/643 766/1451/642 
f 827/1566/695 761/1446/638 760/1445/637 
f 827/1558/695 760/1559/637 820/1541/617 819/1540/621 
f 819/1540/621 820/1541/617 740/1414/617 744/1423/621 
f 744/1423/621 740/1414/617 732/1413/612 745/1424/622 
f 745/1567/622 732/1398/612 635/1397/537 643/1568/540 
f 643/1216/540 635/1203/537 633/1201/536 642/1214/536 
f 642/1214/536 633/1201/536 632/1200/478 641/1211/505 
f 630/1198/535 591/1145/501 590/1144/500 627/1195/534 
f 627/1195/534 590/1144/500 600/1154/510 637/1205/538 
f 637/1401/538 600/1569/510 749/1570/626 734/1402/614 
f 734/1417/614 749/1432/626 748/1431/625 742/1418/619 
f 824/1549/692 815/1534/689 823/1548/691 764/1550/640 
f 764/1449/640 823/1571/691 765/1450/641 
f 763/1448/637 762/1447/639 828/1572/696 
f 763/1560/637 828/1561/696 822/1543/624 821/1542/618 
f 821/1542/618 822/1543/624 747/1426/624 741/1415/618 
f 741/1415/618 747/1426/624 746/1425/623 733/1416/613 
f 733/1399/613 746/1573/623 597/1574/507 636/1400/537 
f 636/1204/537 597/1151/507 596/1150/506 634/1202/506 
f 634/1202/506 596/1150/506 595/1149/505 631/1199/478 
f 757/1442/634 829/1575/482 758/1443/635 
f 761/1446/638 829/1575/482 762/1447/639 
f 765/1450/641 829/1575/482 766/1451/642 
f 758/1443/635 829/1575/482 761/1446/638 
f 766/1451/642 829/1575/482 757/1442/634 
f 754/1439/631 829/1575/482 765/1450/641 
f 753/1438/630 829/1575/482 754/1439/631 
f 762/1447/639 829/1575/482 753/1438/630 
f 742/1576/619 830/1577/697 831/1578/698 743/1579/620 
f 825/1580/693 832/1581/699 833/1582/700 824/1583/692 
f 751/1584/628 834/1585/701 835/1586/702 816/1587/690 
f 815/1588/689 836/1589/703 837/1590/704 748/1591/625 
f 830/1577/697 838/1592/705 839/1593/706 831/1578/698 
f 832/1581/699 840/1594/707 841/1595/708 833/1582/700 
f 834/1596/701 842/1597/709 843/1598/710 835/1599/702 
f 831/1578/698 839/1593/706 842/1600/709 834/1601/701 
f 835/1602/702 843/1603/710 840/1594/707 832/1581/699 
f 836/1604/703 844/1605/711 845/1606/712 837/1607/704 
f 837/1608/704 845/1609/712 838/1592/705 830/1577/697 
f 833/1582/700 841/1595/708 844/1610/711 836/1611/703 
f 838/1612/705 846/1613/713 847/1614/714 839/1615/706 
f 842/1616/709 848/1617/715 849/1618/716 843/1619/710 
f 840/1620/707 850/1621/717 851/1622/718 841/1623/708 
f 844/1624/711 852/1625/719 853/1626/720 845/1627/712 
f 846/1628/713 854/1629/721 855/1630/722 847/1631/714 
f 847/1631/714 855/1630/722 856/1632/723 848/1633/715 
f 848/1633/715 856/1632/723 857/1634/724 849/1635/716 
f 849/1635/716 857/1634/724 858/1636/725 850/1637/717 
f 850/1637/717 858/1636/725 859/1638/726 851/1639/718 
f 851/1639/718 859/1638/726 860/1640/727 852/1641/719 
f 852/1641/719 860/1640/727 861/1642/728 853/1643/720 
f 853/1643/720 861/1642/728 854/1629/721 846/1628/713 
f 854/1644/721 862/1645/729 863/1646/730 855/1647/722 
f 855/1648/722 863/1649/730 864/1650/731 856/1651/723 
f 856/1652/723 864/1653/731 865/1654/732 857/1655/724 
f 857/1656/724 865/1657/732 866/1658/733 858/1659/725 
f 858/1660/725 866/1661/733 867/1662/734 859/1663/726 
f 859/1664/726 867/1665/734 868/1666/735 860/1667/727 
f 860/1668/727 868/1669/735 869/1670/736 861/1671/728 
f 861/1672/728 869/1673/736 862/1674/729 854/1675/721 
f 862/1645/729 870/1676/737 871/1677/738 863/1646/730 
f 863/1678/730 871/1679/738 872/1680/739 864/1653/731 
f 864/1653/731 872/1680/739 873/1681/740 865/1654/732 
f 865/1654/732 873/1681/740 874/1682/741 866/1683/733 
f 866/1661/733 874/1684/741 875/1685/742 867/1662/734 
f 867/1686/734 875/1687/742 876/1688/743 868/1669/735 
f 868/1669/735 876/1688/743 877/1689/744 869/1670/736 
f 869/1670/736 877/1689/744 870/1690/737 862/1691/729 
f 870/1676/737 878/1692/745 879/1693/746 871/1677/738 
f 872/1680/739 880/1694/747 881/1695/748 873/1681/740 
f 873/1696/740 881/1697/748 882/1698/749 874/1699/741 
f 874/1684/741 882/1700/749 883/1701/750 875/1685/742 
f 875/1702/742 883/1703/750 884/1704/751 876/1705/743 
f 876/1688/743 884/1706/751 885/1707/752 877/1689/744 
f 886/1708/753 887/1709/754 888/1710/755 889/1711/756 
f 880/1712/747 890/1713/757 891/1714/758 881/1715/748 
f 881/1715/748 891/1714/758 892/1716/759 882/1717/749 
f 893/1718/760 894/1719/761 895/1720/762 896/1721/763 
f 882/1700/749 893/1722/760 896/1723/763 883/1701/750 
f 883/1724/750 896/1725/763 897/1726/764 884/1706/751 
f 884/1706/751 897/1726/764 898/1727/765 885/1707/752 
f 885/1707/752 898/1727/765 899/1728/766 900/1729/767 878/1730/745 
f 879/1731/746 901/1732/768 886/1733/753 889/1734/756 880/1735/747 
f 880/1736/747 889/1737/756 888/1738/755 890/1739/757 
f 890/1740/757 888/1741/755 887/1742/754 902/1743/769 903/1744/770 
f 878/1692/745 900/1745/767 901/1746/768 879/1693/746 
f 903/1747/770 902/1748/769 904/1749/771 905/1750/772 
f 902/1743/769 887/1742/754 886/1751/753 901/1752/768 
f 533/1071/450 548/1753/463 551/1754/466 534/1072/451 
f 534/1072/451 551/1754/466 906/1755/773 536/1074/453 
f 536/1323/453 906/1756/773 907/1757/774 703/1322/583 
f 703/1758/583 907/1759/774 550/1760/465 908/1761/775 
f 908/1761/775 550/1760/465 549/1762/464 909/1763/776 
f 910/1764/777 911/1765/778 557/1766/471 912/1767/779 
f 913/1768/780 560/1105/474 914/1769/482 915/1770/781 
f 915/1770/781 914/1769/482 916/1771/782 917/1772/783 918/1773/482 919/1774/781 
f 919/1774/781 918/1773/482 561/1106/475 920/1775/784 
f 921/1776/785 564/1110/477 566/1113/478 922/1777/786 
f 399/718/2 526/1062/2 525/1061/1 400/719/2 
f 400/1778/2 525/1779/1 528/1780/447 923/1781/319 
f 923/1782/319 528/1065/447 525/1064/2 400/1783/2 
f 400/1783/2 525/1064/2 529/1066/448 924/1784/319 
f 924/1785/319 529/1786/448 525/1787/2 400/1788/2 
f 400/731/2 525/1067/2 531/1069/2 403/732/2 
f 403/732/2 531/1069/2 696/1306/580 404/733/136 
f 404/733/136 696/1306/580 683/1305/571 405/734/349 
f 405/735/349 683/1281/571 677/1273/565 406/736/350 
f 406/736/350 677/1273/565 671/1265/478 407/737/177 
f 407/737/177 671/1265/478 665/1253/478 408/738/177 
f 408/738/177 665/1253/478 657/1236/553 409/739/351 
f 409/739/351 657/1236/553 649/1235/546 410/740/352 
f 410/741/352 649/1225/546 624/1186/531 411/742/353 
f 411/742/353 624/1186/531 623/1185/530 412/743/354 
f 412/744/354 623/1212/530 641/1211/505 413/745/177 
f 413/745/177 641/1211/505 632/1200/478 414/746/178 
f 414/746/178 632/1200/478 631/1199/478 415/747/178 
f 415/747/178 631/1199/478 595/1149/505 416/748/177 
f 416/748/177 595/1149/505 594/1148/504 417/749/355 
f 417/750/355 594/1189/504 603/1160/513 418/751/356 
f 418/751/356 603/1160/513 547/1159/462 419/752/357 
f 419/753/357 547/1085/462 546/1084/461 420/754/358 
f 420/755/358 546/1101/461 556/1100/470 421/756/359 
f 422/757/360 922/1777/786 566/1113/478 423/758/178 
f 423/758/178 566/1113/478 565/1112/478 424/759/178 
f 424/759/178 565/1112/478 577/1125/488 425/760/361 
f 425/761/361 577/1141/488 587/1140/497 426/762/362 
f 426/762/362 587/1140/497 588/1142/498 427/763/1 
f 427/763/1 588/1142/498 578/1127/489 428/764/363 
f 428/764/363 578/1127/489 568/1126/480 429/765/364 
f 429/766/364 568/1116/480 567/1115/479 430/767/365 
f 430/767/365 567/1115/479 911/1765/778 431/768/366 
f 432/769/367 925/1789/787 926/1790/788 433/770/368 
f 436/773/371 909/1763/776 549/1762/464 437/774/372 
f 437/775/372 549/1087/464 548/1086/463 438/776/373 
f 438/777/373 548/1753/463 533/1071/450 439/778/374 
f 439/778/374 533/1071/450 532/1070/449 440/779/375 
f 440/780/375 532/1158/449 602/1157/512 441/781/376 
f 441/781/376 602/1157/512 592/1188/502 442/782/377 
f 442/783/377 592/1146/502 591/1145/501 443/784/365 
f 443/784/365 591/1145/501 630/1198/535 444/785/319 
f 444/785/319 630/1198/535 629/1197/535 445/786/319 
f 445/786/319 629/1197/535 640/1210/535 446/787/319 
f 446/787/319 640/1210/535 610/1209/519 447/788/378 
f 447/789/378 610/1172/519 609/1171/518 448/790/379 
f 448/790/379 609/1171/518 648/1224/545 449/791/380 
f 449/792/380 648/1234/545 656/1233/552 450/793/381 
f 450/793/381 656/1233/552 664/1252/535 451/794/319 
f 451/794/319 664/1252/535 670/1264/535 452/795/319 
f 452/795/319 670/1264/535 676/1272/564 453/796/382 
f 453/796/382 676/1272/564 682/1280/570 454/797/383 
f 454/798/383 682/1296/570 691/1295/2 455/799/2 
f 455/799/2 691/1295/2 526/1062/2 399/718/2 
f 927/1791/789 928/1792/790 929/1793/791 930/1794/792 
f 930/1795/792 929/1796/791 931/1797/793 932/1798/794 
f 932/1798/794 931/1797/793 933/1799/781 934/1800/467 
f 934/1800/467 933/1799/781 935/1801/781 936/1802/467 
f 936/1802/467 935/1801/781 937/1803/795 938/1804/796 
f 938/1804/796 937/1803/795 939/1805/797 940/1806/798 
f 940/1807/798 939/1808/797 941/1809/799 942/1810/800 
f 942/1810/800 941/1809/799 943/1811/399 944/1812/398 
f 945/1813/801 946/1814/802 928/1792/790 927/1791/789 
f 910/1815/777 926/1816/788 925/1817/787 911/1818/778 
f 911/1819/778 925/1820/787 432/830/367 431/829/366 
f 476/832/402 433/835/368 926/1821/788 910/1822/777 
f 947/1823/803 948/1824/804 949/1825/805 950/1826/806 
f 574/1827/485 951/1828/807 952/1829/808 575/1830/486 
f 953/1831/809 954/1832/810 955/1833/811 956/1834/812 
f 575/1835/486 952/1836/808 948/1837/804 947/1838/803 
f 950/1839/806 949/1840/805 957/1841/813 916/1842/782 
f 916/1843/782 957/1844/813 958/1845/814 917/1846/783 
f 917/1847/783 958/1848/814 954/1849/810 953/1850/809 
s 1
f 574/1851/485 956/1852/812 955/1853/811 951/1854/807 
s off
f 559/1104/473 947/1855/803 950/1856/806 560/1105/474 
f 560/1105/474 950/1856/806 916/1771/782 914/1769/482 
f 918/1773/482 917/1772/783 953/1857/809 561/1106/475 
f 561/1106/475 953/1857/809 956/1858/812 562/1107/476 
f 562/1107/476 956/1858/812 574/1122/485 573/1121/484 
f 570/1118/482 575/1123/486 947/1855/803 559/1104/473 
f 959/1859/815 960/1860/484 961/1861/816 
f 962/1862/817 960/1860/484 959/1859/815 
f 963/1863/818 960/1860/484 962/1862/817 
f 964/1864/819 960/1860/484 963/1863/818 
f 965/1865/820 960/1860/484 964/1864/819 
f 966/1866/821 960/1860/484 965/1865/820 
f 967/1867/822 960/1860/484 966/1866/821 
f 961/1861/816 960/1860/484 967/1867/822 
f 948/1824/804 968/1868/823 969/1869/824 949/1825/805 
f 949/1825/805 969/1869/824 970/1870/825 957/1871/813 
f 957/1844/813 970/1872/825 971/1873/826 958/1845/814 
f 958/1874/814 971/1875/826 972/1876/827 954/1832/810 
f 954/1832/810 972/1876/827 973/1877/828 955/1833/811 
f 955/1833/811 973/1877/828 974/1878/829 951/1879/807 
f 951/1828/807 974/1880/829 975/1881/830 952/1829/808 
f 952/1882/808 975/1883/830 968/1868/823 948/1824/804 
f 968/1868/823 959/1884/815 961/1885/816 969/1869/824 
f 969/1886/824 961/1861/816 967/1867/822 970/1887/825 
f 970/1872/825 967/1888/822 966/1889/821 971/1873/826 
f 971/1890/826 966/1866/821 965/1865/820 972/1891/827 
f 972/1876/827 965/1892/820 964/1893/819 973/1877/828 
f 973/1894/828 964/1895/819 963/1896/818 974/1897/829 
f 974/1880/829 963/1898/818 962/1899/817 975/1881/830 
f 975/1900/830 962/1901/817 959/1902/815 968/1903/823 
f 567/1115/479 976/1904/831 977/1905/832 911/1765/778 
f 978/1906/833 979/1907/834 980/1908/835 976/1909/831 
f 976/1910/831 980/1911/835 981/1912/836 977/1913/832 
f 977/1914/832 981/1915/836 982/1916/837 983/1917/838 
f 983/1918/838 982/1919/837 979/1920/834 978/1921/833 
s 8
f 551/1922/466 550/1923/465 907/1757/774 906/1756/773 
f 981/1924/836 980/1925/835 979/1926/834 982/1927/837 
s off
f 558/1114/472 978/1928/833 976/1904/831 567/1115/479 
f 911/1765/778 977/1905/832 983/1929/838 557/1766/471 
f 557/1766/471 983/1929/838 978/1928/833 558/1114/472 
s 8
f 558/1103/472 569/1930/481 581/1321/492 559/1104/473 
f 562/1107/476 584/1320/494 576/1931/487 563/1108/477 
s off
f 890/1713/757 984/1932/839 985/1933/319 891/1714/758 
f 912/1934/779 557/1102/471 560/1105/474 913/1768/780 
f 920/1775/784 561/1106/475 564/1109/477 921/1935/785 
f 588/1142/498 588/1142/2 582/1133/493 580/1130/491 
f 894/1719/761 986/1936/840 987/1937/841 895/1720/762 
f 988/1938/842 989/1937/319 987/1937/841 990/1939/843 
f 990/1939/843 987/1937/841 986/1936/840 991/1940/844 
f 895/1720/762 987/1937/841 989/1937/319 988/1938/842 
f 900/1941/767 904/1942/771 902/1943/769 901/1944/768 
f 896/1945/763 895/1946/762 988/1947/842 897/1948/764 
f 897/1726/764 988/1949/842 990/1950/843 898/1727/765 
f 898/1727/765 990/1950/843 991/1951/844 899/1728/766 
f 984/1952/839 905/1953/772 904/1954/771 991/1955/844 986/1956/840 
f 984/1952/839 986/1956/840 894/1957/761 892/1958/759 
f 892/1958/759 894/1957/761 893/1959/760 882/1960/749 
f 871/1961/738 879/1962/746 880/1963/747 872/1964/739 
f 877/1965/744 885/1966/752 878/1967/745 870/1968/737 
f 743/1969/620 831/1970/698 834/1971/701 751/1972/628 
f 816/1973/690 835/1974/702 832/1975/699 825/1976/693 
f 748/1977/625 837/1978/704 830/1979/697 742/1980/619 
f 824/1981/692 833/1982/700 836/1983/703 815/1984/689 
f 905/1985/772 984/1932/839 992/1933/319 903/1986/770 
f 903/1986/770 992/1933/319 984/1932/839 890/1713/757 
f 778/1987/654 786/1988/662 787/1989/663 779/1990/655 
f 784/1991/660 792/1506/668 785/1479/661 777/1478/653 
f 786/1480/662 794/1501/670 993/1992/845 787/1993/663 
f 787/1483/663 993/1994/845 805/1995/681 788/1484/664 
f 788/1996/664 805/1514/681 795/1502/671 789/1491/665 
f 790/1492/666 796/1503/672 797/1519/673 791/1494/667 
f 794/1501/670 800/1509/676 994/1997/846 993/1992/845 
f 800/1524/676 770/1455/646 773/1458/649 994/1998/846 
f 802/1999/678 812/1530/688 811/1529/687 803/2000/679 
f 806/2001/682 774/1459/650 775/1460/651 807/1525/683 
f 808/1526/684 776/1461/652 771/1456/647 809/2002/685 
f 809/2002/685 771/1456/647 772/1457/648 810/2003/686 
f 810/2003/686 772/1457/648 768/1453/644 799/1523/675 
f 685/2004/573 687/1288/575 686/1287/574 679/1276/567 
f 585/1137/495 583/1134/493 588/1142/2 588/1142/498 
f 680/1277/568 689/1290/574 688/1289/576 690/2005/577 
f 644/1396/541 731/1395/611 745/1567/622 643/1568/540 
f 597/1574/507 746/1573/623 728/1390/608 625/1389/532 
f 626/1392/533 729/1391/609 749/1570/626 600/1569/510 
f 646/1563/543 750/1564/627 730/1394/610 645/1393/542 
f 759/1444/636 758/1443/635 761/1446/638 827/1566/695 
f 828/1572/696 762/1447/639 753/1438/630 752/1437/629 
f 755/1440/632 754/1439/631 765/1450/641 823/1571/691 
f 826/1565/694 766/1451/642 757/1442/634 756/1441/633 
f 993/2006/845 801/2007/677 804/2008/680 805/2009/681 
f 806/2001/682 803/2000/679 811/1529/687 774/1459/650 
f 773/1458/649 812/1530/688 802/1999/678 994/1998/846 
f 994/1997/846 802/2010/678 801/2011/677 993/1992/845 
f 891/1714/758 985/1933/319 984/1932/839 892/1716/759 
f 839/1615/706 847/1614/714 848/2012/715 842/2013/709 
f 843/1619/710 849/1618/716 850/2014/717 840/2015/707 
f 841/1623/708 851/1622/718 852/2016/719 844/2017/711 
f 845/2018/712 853/2019/720 846/1613/713 838/1612/705 
f 904/1954/771 900/2020/767 899/2021/766 991/1955/844 
f 909/1763/776 927/2022/789 930/2023/792 908/1761/775 
f 908/1761/775 930/2023/792 932/2024/794 703/1758/583 
f 703/1758/583 932/2024/794 934/2025/467 552/2026/467 
f 552/2026/467 934/2025/467 936/2027/467 553/2028/467 
f 553/2028/467 936/2027/467 938/2029/796 554/2030/468 
f 554/2030/468 938/2029/796 940/2031/798 555/2032/469 
f 555/2032/469 940/2031/798 942/2033/800 556/2034/470 
f 556/2034/470 942/2033/800 944/1041/398 421/1040/359 
f 422/1042/360 943/1045/399 941/2035/799 922/2036/786 
f 922/2036/786 941/2035/799 939/2037/797 921/2038/785 
f 921/2038/785 939/2037/797 937/2039/795 920/2040/784 
f 920/2040/784 937/2039/795 935/2041/781 919/2042/781 
f 919/2042/781 935/2041/781 933/2043/781 915/2044/781 
f 915/2044/781 933/2043/781 931/2045/793 913/2046/780 
f 913/2046/780 931/2045/793 929/2047/791 912/2048/779 
f 912/2048/779 929/2047/791 928/2049/790 910/1822/777 
f 910/1822/777 928/2049/790 946/1059/802 476/832/402 
f 436/773/371 945/1060/801 927/2022/789 909/1763/776 
# 946 polygons - 80 triangles

