# 3ds Max Wavefront OBJ Exporter v0.99 - (c)2007 guruware
# File Created: 31.08.2025 14:56:20

mtllib Gummy Mummy.mtl

#
# object Gummy_Mummy
#

v  -404.6383 205.0807 3.7397
v  -397.9258 202.6214 3.7397
v  -400.1077 202.6214 -1.6733
v  -404.6383 202.6214 -3.9154
v  -404.6383 205.0807 8.6617
v  -404.6383 202.6214 16.3167
v  -400.1077 202.6214 14.0746
v  -397.9258 202.6214 8.6617
v  -394.7873 194.5965 3.7397
v  -397.8885 194.5965 -3.9538
v  -397.8885 194.5965 16.3551
v  -394.7873 194.5965 8.6617
v  -394.7873 192.4421 3.7397
v  -397.8885 192.4484 -3.9538
v  -400.7893 192.4617 -7.1405
v  -400.7893 194.5965 -7.1405
v  -404.6383 194.5965 19.5418
v  -404.6383 192.4608 19.5418
v  -397.8885 192.4478 16.3551
v  -394.7873 192.4420 8.6617
v  -394.7873 181.5096 3.7397
v  -397.9258 175.5550 3.7397
v  -400.1077 175.5550 -1.6733
v  -397.8885 181.5096 -3.9538
v  -397.8885 181.5096 16.3551
v  -400.1077 175.5551 14.0746
v  -397.9258 175.5551 8.6617
v  -394.7873 181.5096 8.6617
v  -403.0089 173.0958 2.8212
v  -404.6383 175.5550 -3.9154
v  -404.6383 175.5551 16.3167
v  -403.0089 173.0958 9.5528
v  -407.0395 207.3666 9.2776
v  -407.0395 204.2887 18.8583
v  -404.3479 204.2887 18.8583
v  -404.3479 207.3666 9.2776
v  -407.0395 191.7448 17.1990
v  -407.0395 188.5090 17.1990
v  -404.6383 188.5090 17.1990
v  -404.6383 191.7373 17.1990
v  -407.0395 181.5096 19.5419
v  -407.0395 175.5550 16.3167
v  -404.6383 181.5096 19.5419
v  -407.0395 175.5550 -3.9154
v  -407.0395 181.5096 -7.1405
v  -400.8415 181.5096 -7.1405
v  -407.0395 194.7660 -10.4996
v  -407.0395 204.2887 -6.4632
v  -400.6069 204.2887 -6.4632
v  -400.6069 194.7660 -10.4996
v  -404.6383 205.0807 6.2750
v  -397.9258 202.6214 6.2750
v  -394.7873 194.5965 6.2750
v  -394.7873 192.4420 6.2750
v  -394.7873 181.5096 6.2750
v  -397.9258 175.5550 6.2750
v  -405.6638 95.6964 6.3176
v  -407.0395 95.6964 6.3298
v  -407.0395 95.6964 4.4632
v  -405.1508 95.6964 3.8005
v  -407.0395 207.3666 6.2906
v  -404.3479 207.3666 6.2906
v  -404.3479 207.3666 3.1175
v  -407.0395 207.3666 0.6387
v  -405.1518 95.6964 8.7186
v  -407.0395 95.6964 8.0719
v  -407.0395 194.5965 19.5418
v  -404.3479 194.7660 22.8947
v  -407.0395 194.7660 22.8947
v  -394.6504 202.6214 16.3167
v  -394.6504 205.0807 8.6617
v  -394.3600 207.3666 9.2776
v  -394.3600 204.2887 18.8583
v  -394.6504 205.0807 6.2750
v  -394.3600 207.3666 6.2906
v  -394.6504 205.0807 3.7397
v  -394.3600 207.3666 3.1175
v  -394.6504 202.6214 -3.9154
v  -394.3600 204.2887 -6.4632
v  -407.0395 180.8538 -10.5111
v  -400.4318 180.8538 -10.5111
v  -407.0395 173.0958 12.4510
v  -407.0395 165.3396 12.4509
v  -403.0089 165.3396 9.5528
v  -407.0395 173.0958 -0.0769
v  -403.0089 165.3396 2.8212
v  -407.0395 165.3396 -0.0769
v  -402.3592 173.0958 6.2887
v  -402.3592 165.3396 6.2887
v  -399.9548 -0.0977 15.0465
v  -400.5125 -0.0977 13.9499
v  -396.2958 -0.0977 13.8528
v  -399.9532 -0.0977 12.7134
v  -404.5225 95.6964 11.3115
v  -407.0395 95.6964 11.0592
v  -399.2531 -0.0977 16.2218
v  -399.2531 -0.0977 11.1404
v  -407.0395 95.0014 -3.8546
v  -404.5225 95.6964 0.5997
v  -407.0395 156.8424 -13.5455
v  -399.6702 157.5374 -10.8625
v  -399.6702 149.5407 -10.8625
v  -407.0395 148.8457 -13.5455
v  -390.1123 157.9205 -4.1193
v  -390.1123 149.1501 -4.1193
v  -315.0888 95.4742 4.1897
v  -314.9728 95.7971 6.3063
v  -315.5861 94.0356 6.3063
v  -315.5892 94.0372 4.1897
v  -315.0888 95.4742 8.2988
v  -315.5892 94.0372 8.2988
v  -390.1123 157.9205 16.6010
v  -399.6702 157.5374 21.6250
v  -399.6702 149.5407 21.6250
v  -390.1123 149.1501 16.6010
v  -407.0395 157.5374 20.8599
v  -407.0395 149.5407 20.8599
v  -399.6702 143.3579 -10.8625
v  -390.1123 142.3691 -4.1193
v  -390.7426 136.7349 -3.1666
v  -399.6702 136.7349 -10.8625
v  -389.3193 140.9385 -0.5796
v  -390.0195 136.7349 0.0608
v  -388.6068 138.3180 6.4599
v  -389.3698 136.7349 6.4793
v  -389.3193 140.9385 13.0866
v  -390.0195 136.7349 12.5215
v  -390.1123 142.3691 16.6010
v  -390.7426 136.7349 15.7258
v  -399.6702 143.3579 21.6250
v  -399.6702 136.7349 21.6250
v  -407.0395 143.3579 20.8599
v  -407.0395 136.7349 20.8599
v  -394.4672 128.0416 -1.0517
v  -401.3865 128.0416 -7.0163
v  -393.9068 128.0416 1.4497
v  -393.4032 128.0416 6.4243
v  -393.9068 128.0416 11.1073
v  -394.4672 128.0416 13.5908
v  -401.3865 128.0416 18.1629
v  -407.0395 127.3466 -10.2938
v  -401.3865 116.8126 -7.0163
v  -407.0395 116.1175 -10.2938
v  -394.4672 116.8126 -1.0517
v  -393.9068 116.8126 1.4497
v  -393.4032 116.8126 6.4243
v  -393.9068 116.8126 11.1073
v  -394.4672 116.8125 13.5908
v  -401.3865 116.8125 18.1629
v  -407.0395 128.0416 17.5699
v  -407.0395 116.8125 17.5699
v  -391.4445 111.8395 0.5701
v  -392.1079 111.8395 -2.3911
v  -390.8484 111.8395 6.4592
v  -391.4445 111.8395 12.0029
v  -392.1079 111.8395 14.9430
v  -407.0395 163.7323 -8.8174
v  -401.3383 162.7568 -7.0344
v  -400.7269 163.1540 -8.4408
v  -407.0395 163.7142 -9.8083
v  -393.5686 162.7568 -1.0349
v  -392.8455 162.7568 1.4811
v  -391.9817 163.1540 0.9809
v  -392.7817 163.1540 -1.8029
v  -392.1958 162.7568 6.4847
v  -391.2629 163.1540 6.5170
v  -392.8455 162.7568 11.1950
v  -391.9817 163.1540 11.7286
v  -393.5686 162.7568 13.6930
v  -392.7817 163.1540 14.4924
v  -401.3383 162.7568 18.2918
v  -407.0395 162.7568 17.8752
v  -407.0395 163.1540 19.1197
v  -400.7269 163.1540 19.5807
v  -407.0395 150.3489 26.1697
v  -397.9097 150.3489 27.2074
v  -396.9529 149.8672 29.4364
v  -407.0395 149.8672 28.2883
v  -384.1853 150.3489 17.7890
v  -383.3083 150.3489 13.9026
v  -381.8959 149.8672 14.7210
v  -382.8662 149.8672 19.0210
v  -382.5204 150.3489 6.5744
v  -381.0241 149.8672 6.6129
v  -383.3083 150.3489 -1.2103
v  -381.8959 149.8672 -2.0003
v  -384.1853 150.3489 -5.1247
v  -382.8662 149.8672 -6.3313
v  -407.0395 111.1445 -12.3532
v  -398.0076 111.8395 -9.4522
v  -398.0076 103.3152 -9.4522
v  -407.0395 102.6202 -12.3533
v  -392.1079 103.3152 -2.3911
v  -391.4445 103.3152 0.5701
v  -390.8484 103.3152 6.4592
v  -391.4445 103.3152 12.0029
v  -392.1079 103.3152 14.9430
v  -398.0076 111.8395 20.3556
v  -398.0076 103.3152 20.3556
v  -407.0395 111.8395 19.6536
v  -407.0395 103.3152 19.6536
v  -393.2019 98.0783 1.7777
v  -393.7239 98.0783 -0.5524
v  -392.7329 98.0783 6.4114
v  -393.2019 98.0783 10.7735
v  -393.7239 98.0783 13.0869
v  -407.0395 142.6629 -13.5455
v  -407.0395 136.0398 -13.5455
v  -397.9097 150.3489 -16.8516
v  -407.0395 149.6539 -18.5934
v  -407.0395 149.1722 -20.6720
v  -396.9529 149.8672 -19.3116
v  -393.7795 -0.0924 10.5939
v  -393.5357 -0.0924 11.6992
v  -393.3167 -0.0924 13.8973
v  -393.5357 -0.0924 15.9666
v  -393.7795 -0.0924 17.0640
v  -396.5374 -0.0924 19.0843
v  -393.7239 94.2458 -0.5524
v  -393.2019 94.2458 1.7777
v  -392.8679 52.9960 10.1368
v  -393.1676 52.9960 9.0634
v  -392.7329 94.2458 6.4114
v  -392.5986 52.9960 12.2716
v  -393.2019 94.2458 10.7735
v  -392.8679 52.9960 14.2811
v  -393.7239 94.2458 13.0869
v  -393.1676 52.9960 15.3468
v  -401.4450 52.9897 12.3226
v  -400.7574 52.9897 11.1218
v  -400.7574 52.0882 11.1218
v  -401.4450 52.0882 12.3226
v  -399.8968 52.9897 9.5942
v  -399.8968 52.0882 9.5942
v  -396.5581 52.9960 7.7370
v  -396.5581 52.0945 7.7370
v  -393.1676 52.0945 9.0634
v  -392.8679 52.0945 10.1368
v  -392.5986 52.0945 12.2716
v  -392.8679 52.0945 14.2811
v  -393.1676 52.0945 15.3468
v  -396.5581 52.9960 17.3089
v  -396.5581 52.0945 17.3089
v  -399.8968 52.9897 14.5289
v  -399.8968 52.0882 14.5289
v  -400.7594 52.9897 13.3876
v  -400.7594 52.0882 13.3876
v  -400.7574 51.2908 11.1218
v  -401.4450 51.2908 12.3226
v  -399.8968 51.2908 9.5942
v  -396.5581 51.2970 7.7370
v  -393.1676 51.2970 9.0634
v  -392.8679 51.2970 10.1368
v  -392.5986 51.2970 12.2716
v  -392.8679 51.2970 14.2811
v  -393.1676 51.2970 15.3468
v  -396.5581 51.2970 17.3089
v  -399.8968 51.2908 14.5289
v  -400.7594 51.2908 13.3876
v  -400.7574 50.2397 11.1218
v  -401.4450 50.2397 12.3226
v  -399.8968 50.2397 9.5942
v  -396.5581 50.2460 7.7370
v  -393.1676 50.2460 9.0634
v  -392.8679 50.2460 10.1368
v  -392.5986 50.2460 12.2716
v  -392.8679 50.2460 14.2811
v  -393.1676 50.2460 15.3468
v  -396.5581 50.2460 17.3089
v  -399.8968 50.2397 14.5289
v  -400.7594 50.2397 13.3876
v  -400.7574 49.4203 11.1218
v  -401.4450 49.4203 12.3226
v  -399.8968 49.4203 9.5942
v  -396.5581 49.4266 7.7370
v  -393.1676 49.4266 9.0634
v  -392.8679 49.4266 10.1368
v  -392.5986 49.4266 12.2716
v  -392.8679 49.4266 14.2811
v  -393.1676 49.4266 15.3468
v  -396.5581 49.4266 17.3089
v  -399.8968 49.4203 14.5289
v  -400.7594 49.4203 13.3876
v  -400.7574 15.0724 11.1218
v  -401.4450 15.0724 12.3226
v  -399.8968 15.0724 9.5942
v  -396.5581 15.0787 7.7370
v  -393.1676 15.0787 9.0634
v  -392.8679 15.0787 10.1368
v  -392.5986 15.0787 12.2716
v  -392.8679 15.0787 14.2811
v  -393.1676 15.0787 15.3468
v  -396.5581 15.0787 17.3089
v  -399.8968 15.0724 14.5289
v  -400.7594 15.0724 13.3876
v  -405.1508 94.8819 3.8005
v  -405.6638 94.8818 6.3176
v  -404.5225 94.8819 0.5997
v  -399.4004 98.0783 -6.1083
v  -399.4004 97.2637 -6.1083
v  -393.7239 97.2637 -0.5524
v  -393.2019 97.2637 1.7777
v  -392.7329 97.2637 6.4114
v  -393.2019 97.2637 10.7735
v  -393.7239 97.2637 13.0869
v  -399.4004 98.0783 17.3458
v  -399.4004 97.2637 17.3458
v  -404.5225 94.8818 11.3115
v  -405.1518 94.8818 8.7186
v  -405.1508 93.6679 3.8005
v  -405.6638 93.6679 6.3176
v  -404.5225 93.6679 0.5997
v  -399.4004 96.0498 -6.1083
v  -393.7239 96.0498 -0.5524
v  -393.2019 96.0498 1.7777
v  -392.7329 96.0498 6.4114
v  -393.2019 96.0498 10.7735
v  -393.7239 96.0498 13.0869
v  -399.4004 96.0498 17.3458
v  -404.5225 93.6679 11.3115
v  -405.1518 93.6679 8.7186
v  -405.1508 92.8699 3.8005
v  -405.6638 92.8699 6.3176
v  -404.5225 92.8699 0.5997
v  -399.4004 95.2518 -6.1083
v  -393.7239 95.2518 -0.5524
v  -393.2019 95.2518 1.7777
v  -392.7329 95.2518 6.4114
v  -393.2019 95.2518 10.7735
v  -393.7239 95.2518 13.0869
v  -399.4004 95.2518 17.3458
v  -404.5225 92.8699 11.3115
v  -405.1518 92.8699 8.7186
v  -405.1508 91.8639 3.8005
v  -405.6638 91.8639 6.3176
v  -404.5225 91.8639 0.5997
v  -399.4004 94.2458 -6.1083
v  -399.4004 94.2458 17.3458
v  -404.5225 91.8639 11.3115
v  -405.1518 91.8639 8.7186
v  -400.7574 14.1335 11.1218
v  -401.4450 14.1335 12.3226
v  -399.8968 14.1335 9.5942
v  -396.5581 14.1398 7.7370
v  -393.1676 14.1398 9.0634
v  -392.8679 14.1398 10.1368
v  -392.5986 14.1398 12.2716
v  -392.8679 14.1398 14.2811
v  -393.1676 14.1398 15.3468
v  -396.5581 14.1398 17.3089
v  -399.8968 14.1335 14.5289
v  -400.7594 14.1335 13.3876
v  -400.7574 13.1964 11.1218
v  -401.4450 13.1964 12.3226
v  -399.8968 13.1964 9.5942
v  -396.5581 13.2027 7.7370
v  -393.1676 13.2027 9.0634
v  -392.8679 13.2027 10.1368
v  -392.5986 13.2027 12.2716
v  -392.8679 13.2027 14.2811
v  -393.1676 13.2027 15.3468
v  -396.5581 13.2027 17.3089
v  -399.8968 13.1964 14.5289
v  -400.7594 13.1964 13.3876
v  -400.7574 12.3577 11.1218
v  -401.4450 12.3577 12.3226
v  -399.8968 12.3577 9.5942
v  -396.5581 12.3639 7.7370
v  -393.1676 12.3639 9.0634
v  -392.8679 12.3639 10.1368
v  -392.5986 12.3639 12.2716
v  -392.8679 12.3639 14.2811
v  -393.1676 12.3639 15.3468
v  -396.5581 12.3639 17.3089
v  -399.8968 12.3577 14.5289
v  -400.7594 12.3577 13.3876
v  -401.8669 11.2308 10.1286
v  -402.7401 11.2308 11.5867
v  -400.7739 11.2308 8.2735
v  -396.5337 11.2371 6.0182
v  -392.2278 11.2371 7.6290
v  -391.8471 11.2371 8.9325
v  -391.5051 11.2371 11.5247
v  -391.8471 11.2371 13.9650
v  -392.2278 11.2371 15.2591
v  -396.5337 11.2371 17.6416
v  -400.7739 11.2308 14.2659
v  -401.8694 11.2308 12.8799
v  -403.6964 5.0467 12.3402
v  -402.6881 5.0467 10.1108
v  -401.4258 5.0467 7.2746
v  -396.5293 5.0564 3.8265
v  -396.5374 -0.0924 9.2280
v  -391.5568 5.0564 6.2892
v  -391.1172 5.0564 8.2821
v  -390.7223 5.0564 12.2454
v  -391.1172 5.0564 15.9763
v  -391.5568 5.0564 17.9550
v  -391.5568 5.0564 31.2858
v  -396.5293 5.0564 34.9284
v  -396.5374 -0.0924 32.4151
v  -393.7795 -0.0924 30.3948
v  -401.4258 5.0467 29.7672
v  -399.2531 -0.0977 29.5526
v  -401.4258 5.0467 16.4364
v  -402.6910 5.0467 14.3174
v  -396.5337 7.0843 22.8966
v  -392.2278 7.0843 20.5141
v  -400.7739 7.0780 19.5209
v  -389.3193 157.9205 13.0866
v  -388.6068 157.9205 6.4599
v  -389.3193 157.9205 -0.5796
v  -388.2191 157.1402 -4.1614
v  -387.4191 157.1402 -0.5905
v  -386.7002 157.1402 6.5111
v  -387.4191 157.1402 13.1962
v  -388.2191 157.1402 16.7416
v  -383.0113 149.0222 6.3178
v  -383.2736 148.1835 8.7908
v  -382.6539 147.5971 8.7908
v  -382.3916 148.4358 6.3178
v  -383.6514 146.9655 10.1023
v  -383.0317 146.3791 10.1023
v  -384.4090 144.4569 10.5720
v  -383.7893 143.8705 10.5720
v  -385.0380 142.3356 10.1023
v  -385.6327 140.5620 8.7908
v  -385.0130 139.9756 8.7908
v  -384.4183 141.7491 10.1023
v  -385.9686 139.5433 6.3178
v  -385.3489 138.9568 6.3178
v  -385.6327 140.5621 3.6907
v  -385.0130 139.9756 3.6907
v  -385.0380 142.3356 2.3697
v  -384.4183 141.7492 2.3697
v  -384.4090 144.4569 1.9000
v  -383.7893 143.8705 1.9000
v  -383.6514 146.9655 2.3697
v  -383.0317 146.3791 2.3697
v  -383.2736 148.1835 3.6907
v  -382.6539 147.5971 3.6907
v  -382.1019 147.0124 8.7908
v  -381.8396 147.8512 6.3178
v  -382.4797 145.7944 10.1023
v  -383.2373 143.2858 10.5720
v  -383.8663 141.1645 10.1023
v  -384.4610 139.3909 8.7908
v  -384.7970 138.3722 6.3178
v  -384.4610 139.3910 3.6907
v  -383.8663 141.1645 2.3697
v  -383.2373 143.2858 1.9000
v  -382.4798 145.7944 2.3697
v  -382.1019 147.0124 3.6907
v  -381.5505 146.6284 8.7908
v  -381.2882 147.4672 6.3178
v  -381.9283 145.4104 10.1023
v  -382.6859 142.9019 10.5720
v  -383.3149 140.7805 10.1023
v  -383.9096 139.0070 8.7908
v  -384.2455 137.9882 6.3178
v  -383.9096 139.0070 3.6907
v  -383.3149 140.7805 2.3697
v  -382.6859 142.9019 1.9000
v  -381.9283 145.4104 2.3697
v  -381.5505 146.6284 3.6907
v  -381.0530 146.2619 8.7908
v  -380.7907 147.1007 6.3178
v  -381.4309 145.0440 10.1023
v  -382.1884 142.5354 10.5720
v  -382.8174 140.4140 10.1023
v  -383.4122 138.6405 8.7908
v  -383.7481 137.6217 6.3178
v  -383.4122 138.6405 3.6907
v  -382.8174 140.4141 2.3697
v  -382.1884 142.5354 1.9000
v  -381.4309 145.0440 2.3697
v  -381.0530 146.2619 3.6907
v  -354.1071 126.7106 8.7908
v  -353.8448 127.5494 6.3178
v  -354.4850 125.4926 10.1023
v  -355.2426 122.9840 10.5720
v  -355.8716 120.8627 10.1023
v  -356.4663 119.0891 8.7908
v  -356.8022 118.0704 6.3178
v  -356.4663 119.0892 3.6907
v  -355.8716 120.8627 2.3697
v  -355.2426 122.9840 1.9000
v  -354.4850 125.4926 2.3697
v  -354.1071 126.7106 3.6907
v  -353.5785 126.2938 8.7908
v  -353.3162 127.1326 6.3177
v  -353.9563 125.0759 10.1023
v  -354.7138 122.5673 10.5720
v  -355.3428 120.4459 10.1023
v  -355.9376 118.6724 8.7908
v  -356.2735 117.6536 6.3177
v  -355.9376 118.6724 3.6907
v  -355.3428 120.4460 2.3697
v  -354.7138 122.5673 1.9000
v  -353.9563 125.0759 2.3697
v  -353.5785 126.2938 3.6907
v  -353.0977 125.8783 8.7908
v  -352.8354 126.7171 6.3177
v  -353.4756 124.6604 10.1023
v  -354.2331 122.1518 10.5720
v  -354.8621 120.0304 10.1023
v  -355.4568 118.2569 8.7908
v  -355.7928 117.2381 6.3177
v  -355.4568 118.2569 3.6907
v  -354.8621 120.0305 2.3697
v  -354.2331 122.1518 1.9000
v  -353.4756 124.6604 2.3697
v  -353.0977 125.8783 3.6907
v  -352.6175 125.6048 8.7908
v  -352.3552 126.4435 6.3177
v  -352.9953 124.3868 10.1023
v  -353.7529 121.8782 10.5720
v  -354.3819 119.7568 10.1023
v  -354.9766 117.9833 8.7908
v  -355.3125 116.9645 6.3177
v  -354.9766 117.9833 3.6907
v  -354.3819 119.7569 2.3697
v  -353.7529 121.8782 1.9000
v  -352.9953 124.3868 2.3697
v  -352.6175 125.6048 3.6907
v  -351.4072 126.4952 6.3364
v  -351.7390 125.5696 9.5181
v  -327.8912 104.8970 8.2604
v  -327.6875 105.4652 6.3071
v  -352.2174 124.2253 11.2055
v  -328.1849 104.0717 9.2964
v  -353.1809 121.4555 11.8098
v  -328.7764 102.3713 9.6673
v  -353.9832 119.1128 11.2055
v  -329.2689 100.9330 9.2964
v  -354.7276 117.1574 9.5181
v  -329.7260 99.7326 8.2604
v  -355.1491 116.0339 6.3364
v  -329.9847 99.0429 6.3071
v  -354.7276 117.1574 2.9565
v  -329.7260 99.7326 4.2321
v  -353.9832 119.1129 1.2570
v  -329.2689 100.9331 3.1888
v  -353.1809 121.4556 0.6527
v  -328.7764 102.3713 2.8178
v  -352.2174 124.2253 1.2570
v  -328.1849 104.0717 3.1888
v  -351.7390 125.5696 2.9565
v  -327.8912 104.8970 4.2321
v  -324.2613 102.3829 6.3325
v  -324.4413 101.8820 9.4238
v  -321.9644 100.1129 9.4238
v  -321.7844 100.6138 6.3325
v  -324.7009 101.1545 11.0633
v  -322.2241 99.3854 11.0633
v  -321.2004 99.7690 15.3447
v  -321.2688 98.9789 15.8084
v  -320.3353 98.0947 14.4952
v  -320.2668 98.8848 14.0315
v  -321.5784 98.3316 15.7849
v  -320.6449 97.4474 14.4717
v  -325.6573 98.3866 11.0633
v  -326.0627 97.3296 9.4238
v  -323.5858 95.5605 9.4238
v  -323.1805 96.6175 11.0633
v  -326.2921 96.7221 6.3325
v  -323.8152 94.9530 6.3325
v  -326.0627 97.3296 3.0486
v  -323.5858 95.5605 3.0486
v  -325.6573 98.3867 1.3974
v  -323.1805 96.6176 1.3974
v  -325.2230 99.6552 0.8102
v  -322.7461 97.8860 0.8102
v  -324.7010 101.1545 1.3973
v  -322.2241 99.3855 1.3973
v  -324.4413 101.8820 3.0486
v  -321.9644 100.1129 3.0486
v  -316.9063 97.1160 9.4238
v  -316.7263 97.6168 6.3325
v  -317.1659 96.3885 11.0633
v  -316.9063 97.1160 3.0486
v  -317.1660 96.3885 1.3973
v  -315.2562 95.0053 3.1254
v  -315.2561 95.0053 9.3555
v  -323.1090 99.9265 14.3395
v  -323.1774 99.1364 14.8032
v  -323.4870 98.4891 14.7797
v  -322.5534 97.6049 13.4664
v  -322.2438 98.2522 13.4899
v  -322.1754 99.0422 13.0262
v  -398.8439 188.5090 14.0123
v  -398.8439 191.7282 14.0123
v  -397.8885 187.7856 16.3551
v  -394.7873 187.7856 8.6617
v  -394.7873 187.7856 6.2750
v  -394.7873 187.7856 3.7397
v  -397.8885 187.7856 -3.9538
v  -400.6791 192.4613 -10.5025
v  -400.4318 187.1299 -10.5111
v  -407.0395 187.1299 -10.5111
v  -407.0395 192.4627 -10.5024
v  -407.0395 192.4717 19.5418
v  -394.6504 194.5965 -7.1405
v  -394.6504 192.4617 -7.1405
v  -400.8415 187.7856 -7.1405
v  -394.6504 187.7856 -7.1405
v  -400.8415 157.2557 29.5474
v  -400.4318 155.8743 26.4037
v  -394.6504 155.8743 26.4037
v  -394.6504 157.2557 29.5474
v  -394.4321 192.4613 -10.5025
v  -394.6504 187.1299 -10.5111
v  -394.3600 194.7660 -10.4996
v  -394.3600 194.7660 22.8947
v  -394.6504 194.5965 19.5418
v  -400.4318 173.6140 -10.5111
v  -400.8415 174.2697 -7.1405
v  -394.6504 180.8538 -10.5111
v  -394.6504 173.6140 -10.5111
v  -394.6504 181.5096 -7.1405
v  -394.6504 174.2697 -7.1405
v  -394.6504 165.4977 -4.1242
v  -400.4318 165.4977 -4.1242
v  -394.6504 168.1457 -1.9380
v  -400.8415 168.1457 -1.9380
v  -394.6504 165.1459 17.2418
v  -400.4318 165.1459 17.2418
v  -394.6504 167.7301 14.9807
v  -400.8415 167.7301 14.9807
v  -394.6504 164.7474 20.0599
v  -400.4318 164.7474 20.0599
v  -394.6504 166.1288 23.2036
v  -400.8415 166.1288 23.2036
v  -407.0395 204.0795 22.0886
v  -405.9519 204.0795 22.0887
v  -404.1342 205.9759 21.5654
v  -407.0396 210.9734 20.3290
v  -407.0396 211.2252 20.7590
v  -404.1342 206.2278 21.9954
v  -406.7031 195.4064 27.2776
v  -402.8767 197.9936 25.5726
v  -402.8767 198.4586 26.1578
v  -406.7072 195.8688 27.8648
v  -405.6611 199.3749 25.3718
v  -405.8251 199.4149 24.4832
v  -406.7072 194.6484 29.1069
v  -406.7031 194.1934 28.5140
v  -407.0395 163.9776 12.4509
v  -403.0089 163.9776 9.5528
v  -401.3383 161.3948 18.2918
v  -407.0395 161.3948 17.8752
v  -393.5686 161.3948 13.6930
v  -392.8455 161.3948 11.1950
v  -392.1958 161.3948 6.4847
v  -392.8455 161.3948 1.4811
v  -393.5686 161.3948 -1.0349
v  -401.3383 161.3948 -7.0344
v  -407.0395 160.6997 -10.5428
v  -403.0089 163.9776 2.8212
v  -407.0395 163.2826 -5.4026
v  -402.3592 163.9776 6.2887
v  -404.6383 187.7856 19.5419
v  -407.0395 187.7856 19.5419
v  -407.0396 206.0338 22.0505
v  -407.0396 199.8142 25.5820
v  -406.0138 205.8585 22.0505
v  -407.0395 198.5519 25.1603
v  -352.0408 124.9984 8.7908
v  -351.7501 125.8162 6.3177
v  -352.4601 123.8106 10.1023
v  -353.3029 121.3625 10.5720
v  -354.0040 119.2915 10.1023
v  -354.6589 117.5652 8.7908
v  -355.0294 116.5731 6.3177
v  -354.6589 117.5652 3.6907
v  -354.0040 119.2915 2.3697
v  -353.3029 121.3625 1.9000
v  -352.4601 123.8106 2.3697
v  -352.0408 124.9984 3.6907
v  -322.7461 97.8860 11.6504
v  -321.0184 95.3901 11.6504
v  -321.9495 95.0468 11.0633
v  -322.7537 94.8093 9.4238
v  -323.2136 94.6688 6.3325
v  -322.7537 94.8093 3.0486
v  -321.9495 95.0468 1.3974
v  -321.0184 95.3901 0.8102
v  -321.0144 95.3753 6.3325
v  -321.0163 95.3823 3.0486
v  -321.0163 95.3823 9.4238
v  -315.5927 94.0389 2.7469
v  -315.5927 94.0389 9.7340
v  -407.0395 97.3833 -9.5262
v  -407.0395 98.0783 16.7934
v  -407.0395 157.1402 22.4221
v  -398.8813 157.1402 23.2687
v  -398.8813 157.1402 -12.6764
v  -407.0395 156.4452 -15.0782
v  -327.8546 105.0615 6.2950
v  -328.0347 104.5606 7.8132
v  -328.2943 103.8331 8.6184
v  -328.8163 102.3338 8.9068
v  -325.2230 99.6551 11.6504
v  -329.2507 101.0652 8.6184
v  -329.6560 100.0082 7.8132
v  -329.8854 99.4007 6.2950
v  -329.6560 100.0082 4.6822
v  -329.2506 101.0653 3.8712
v  -328.8163 102.3338 3.5828
v  -328.2943 103.8331 3.8712
v  -328.0347 104.5606 4.6822
v  -407.0396 195.7320 27.9588
v  -407.0396 194.3503 29.4485
v  -407.0396 194.1467 28.8575
v  -407.0395 196.6047 26.3449
v  -409.4408 205.0807 3.7397
v  -413.9714 202.6214 -1.6733
v  -416.1533 202.6214 3.7397
v  -409.4408 202.6214 -3.9154
v  -409.4408 205.0807 8.6617
v  -413.9714 202.6214 14.0746
v  -409.4408 202.6214 16.3167
v  -416.1533 202.6214 8.6617
v  -416.1906 194.5965 -3.9538
v  -419.2917 194.5965 3.7397
v  -419.2917 194.5965 8.6617
v  -416.1906 194.5965 16.3551
v  -416.1906 192.4484 -3.9538
v  -419.2917 192.4421 3.7397
v  -413.2897 194.5965 -7.1405
v  -413.2897 192.4617 -7.1405
v  -409.4408 194.5965 19.5418
v  -416.1906 192.4478 16.3551
v  -409.4408 192.4608 19.5418
v  -419.2917 192.4420 8.6617
v  -419.2917 181.5096 3.7397
v  -416.1906 181.5096 -3.9538
v  -413.9714 175.5550 -1.6733
v  -416.1533 175.5550 3.7397
v  -416.1906 181.5096 16.3551
v  -419.2917 181.5096 8.6617
v  -416.1533 175.5551 8.6617
v  -413.9714 175.5551 14.0746
v  -411.0701 173.0958 2.8212
v  -409.4408 175.5550 -3.9154
v  -409.4408 175.5551 16.3167
v  -411.0701 173.0958 9.5528
v  -409.7312 207.3666 9.2776
v  -409.7312 204.2887 18.8583
v  -409.4408 191.7373 17.1990
v  -409.4408 188.5090 17.1990
v  -409.4408 181.5096 19.5419
v  -413.2375 181.5096 -7.1405
v  -413.4721 194.7660 -10.4996
v  -413.4721 204.2887 -6.4632
v  -409.4408 205.0807 6.2750
v  -416.1533 202.6214 6.2750
v  -419.2917 194.5965 6.2750
v  -419.2917 192.4420 6.2750
v  -419.2917 181.5096 6.2750
v  -416.1533 175.5550 6.2750
v  -408.4153 95.6964 6.3176
v  -408.9282 95.6964 3.8005
v  -409.7312 207.3666 3.1175
v  -409.7312 207.3666 6.2906
v  -408.9272 95.6964 8.7186
v  -409.7312 194.7660 22.8947
v  -419.4286 202.6214 16.3167
v  -419.7191 204.2887 18.8583
v  -419.7191 207.3666 9.2776
v  -419.4286 205.0807 8.6617
v  -419.7191 207.3666 6.2906
v  -419.4286 205.0807 6.2750
v  -419.7191 207.3666 3.1175
v  -419.4286 205.0807 3.7397
v  -419.7191 204.2887 -6.4632
v  -419.4286 202.6214 -3.9154
v  -413.6473 180.8538 -10.5111
v  -411.0701 165.3396 9.5528
v  -411.0701 165.3396 2.8212
v  -411.7198 165.3396 6.2887
v  -411.7198 173.0958 6.2887
v  -414.1243 -0.0977 15.0465
v  -417.7833 -0.0977 13.8528
v  -413.5666 -0.0977 13.9499
v  -414.1259 -0.0977 12.7134
v  -409.5566 95.6964 11.3115
v  -414.8259 -0.0977 16.2218
v  -414.8259 -0.0977 11.1404
v  -409.5566 95.6964 0.5997
v  -414.4089 149.5407 -10.8625
v  -414.4089 157.5374 -10.8625
v  -423.9667 149.1501 -4.1193
v  -423.9667 157.9205 -4.1193
v  -498.9902 95.4742 4.1897
v  -498.4899 94.0372 4.1897
v  -498.4930 94.0356 6.3063
v  -499.1063 95.7971 6.3063
v  -498.4899 94.0372 8.2988
v  -498.9902 95.4742 8.2988
v  -423.9667 157.9205 16.6010
v  -423.9667 149.1501 16.6010
v  -414.4089 149.5407 21.6250
v  -414.4089 157.5374 21.6250
v  -414.4089 143.3579 -10.8625
v  -414.4089 136.7349 -10.8625
v  -423.3365 136.7349 -3.1666
v  -423.9667 142.3691 -4.1193
v  -424.0596 136.7349 0.0608
v  -424.7597 140.9385 -0.5796
v  -424.7093 136.7349 6.4793
v  -425.4723 138.3180 6.4599
v  -424.0596 136.7349 12.5215
v  -424.7597 140.9385 13.0866
v  -423.3365 136.7349 15.7258
v  -423.9667 142.3691 16.6010
v  -414.4089 136.7349 21.6250
v  -414.4089 143.3579 21.6250
v  -412.6926 128.0416 -7.0163
v  -419.6119 128.0416 -1.0517
v  -420.1723 128.0416 1.4497
v  -420.6758 128.0416 6.4243
v  -420.1723 128.0416 11.1073
v  -419.6119 128.0416 13.5908
v  -412.6926 128.0416 18.1629
v  -412.6926 116.8126 -7.0163
v  -419.6119 116.8126 -1.0517
v  -420.1723 116.8126 1.4497
v  -420.6758 116.8126 6.4243
v  -420.1723 116.8126 11.1073
v  -419.6119 116.8125 13.5908
v  -412.6926 116.8125 18.1629
v  -421.9712 111.8395 -2.3911
v  -422.6346 111.8395 0.5701
v  -423.2307 111.8395 6.4592
v  -422.6346 111.8395 12.0029
v  -421.9712 111.8395 14.9430
v  -413.3522 163.1540 -8.4408
v  -412.7408 162.7568 -7.0344
v  -420.5105 162.7568 -1.0349
v  -421.2973 163.1540 -1.8029
v  -422.0973 163.1540 0.9809
v  -421.2336 162.7568 1.4811
v  -422.8162 163.1540 6.5170
v  -421.8832 162.7568 6.4847
v  -422.0973 163.1540 11.7286
v  -421.2336 162.7568 11.1950
v  -421.2973 163.1540 14.4924
v  -420.5105 162.7568 13.6930
v  -412.7408 162.7568 18.2918
v  -413.3522 163.1540 19.5807
v  -417.1262 149.8672 29.4364
v  -416.1693 150.3489 27.2074
v  -429.8937 150.3489 17.7890
v  -431.2129 149.8672 19.0210
v  -432.1831 149.8672 14.7210
v  -430.7707 150.3489 13.9026
v  -433.0550 149.8672 6.6129
v  -431.5587 150.3489 6.5744
v  -432.1831 149.8672 -2.0003
v  -430.7707 150.3489 -1.2103
v  -431.2129 149.8672 -6.3313
v  -429.8937 150.3489 -5.1247
v  -416.0714 103.3152 -9.4522
v  -416.0714 111.8395 -9.4522
v  -421.9712 103.3152 -2.3911
v  -422.6346 103.3152 0.5701
v  -423.2307 103.3152 6.4592
v  -422.6346 103.3152 12.0029
v  -421.9712 103.3152 14.9430
v  -416.0714 103.3152 20.3556
v  -416.0714 111.8395 20.3556
v  -420.3551 98.0783 -0.5524
v  -420.8771 98.0783 1.7777
v  -421.3462 98.0783 6.4114
v  -420.8771 98.0783 10.7735
v  -420.3551 98.0783 13.0869
v  -416.1693 150.3489 -16.8516
v  -417.1262 149.8672 -19.3116
v  -420.2995 -0.0924 10.5939
v  -420.5433 -0.0924 11.6992
v  -420.7624 -0.0924 13.8973
v  -420.5433 -0.0924 15.9666
v  -420.2995 -0.0924 17.0640
v  -417.5417 -0.0924 19.0843
v  -420.3551 94.2458 -0.5524
v  -420.9114 52.9960 9.0634
v  -421.2112 52.9960 10.1368
v  -420.8771 94.2458 1.7777
v  -421.4804 52.9960 12.2716
v  -421.3462 94.2458 6.4114
v  -421.2112 52.9960 14.2811
v  -420.8771 94.2458 10.7735
v  -420.9114 52.9960 15.3468
v  -420.3551 94.2458 13.0869
v  -412.6341 52.9897 12.3226
v  -412.6341 52.0882 12.3226
v  -413.3216 52.0882 11.1218
v  -413.3216 52.9897 11.1218
v  -414.1823 52.0882 9.5942
v  -414.1823 52.9897 9.5942
v  -417.5210 52.0945 7.7370
v  -417.5210 52.9960 7.7370
v  -420.9114 52.0945 9.0634
v  -421.2112 52.0945 10.1368
v  -421.4804 52.0945 12.2716
v  -421.2112 52.0945 14.2811
v  -420.9114 52.0945 15.3468
v  -417.5210 52.0945 17.3089
v  -417.5210 52.9960 17.3089
v  -414.1823 52.0882 14.5289
v  -414.1823 52.9897 14.5289
v  -413.3196 52.0882 13.3876
v  -413.3196 52.9897 13.3876
v  -412.6341 51.2908 12.3226
v  -413.3216 51.2908 11.1218
v  -414.1823 51.2908 9.5942
v  -417.5210 51.2970 7.7370
v  -420.9114 51.2970 9.0634
v  -421.2112 51.2970 10.1368
v  -421.4804 51.2970 12.2716
v  -421.2112 51.2970 14.2811
v  -420.9114 51.2970 15.3468
v  -417.5210 51.2970 17.3089
v  -414.1823 51.2908 14.5289
v  -413.3196 51.2908 13.3876
v  -412.6341 50.2397 12.3226
v  -413.3216 50.2397 11.1218
v  -414.1823 50.2397 9.5942
v  -417.5210 50.2460 7.7370
v  -420.9114 50.2460 9.0634
v  -421.2112 50.2460 10.1368
v  -421.4804 50.2460 12.2716
v  -421.2112 50.2460 14.2811
v  -420.9114 50.2460 15.3468
v  -417.5210 50.2460 17.3089
v  -414.1823 50.2397 14.5289
v  -413.3196 50.2397 13.3876
v  -412.6341 49.4203 12.3226
v  -413.3216 49.4203 11.1218
v  -414.1823 49.4203 9.5942
v  -417.5210 49.4266 7.7370
v  -420.9114 49.4266 9.0634
v  -421.2112 49.4266 10.1368
v  -421.4804 49.4266 12.2716
v  -421.2112 49.4266 14.2811
v  -420.9114 49.4266 15.3468
v  -417.5210 49.4266 17.3089
v  -414.1823 49.4203 14.5289
v  -413.3196 49.4203 13.3876
v  -412.6341 15.0724 12.3226
v  -413.3216 15.0724 11.1218
v  -414.1823 15.0724 9.5942
v  -417.5210 15.0787 7.7370
v  -420.9114 15.0787 9.0634
v  -421.2112 15.0787 10.1368
v  -421.4804 15.0787 12.2716
v  -421.2112 15.0787 14.2811
v  -420.9114 15.0787 15.3468
v  -417.5210 15.0787 17.3089
v  -414.1823 15.0724 14.5289
v  -413.3196 15.0724 13.3876
v  -408.4153 94.8818 6.3176
v  -408.9282 94.8819 3.8005
v  -409.5566 94.8819 0.5997
v  -414.6786 97.2637 -6.1083
v  -414.6786 98.0783 -6.1083
v  -420.3551 97.2637 -0.5524
v  -420.8771 97.2637 1.7777
v  -421.3462 97.2637 6.4114
v  -420.8771 97.2637 10.7735
v  -420.3551 97.2637 13.0869
v  -414.6786 97.2637 17.3458
v  -414.6786 98.0783 17.3458
v  -409.5566 94.8818 11.3115
v  -408.9272 94.8818 8.7186
v  -408.4153 93.6679 6.3176
v  -408.9282 93.6679 3.8005
v  -409.5566 93.6679 0.5997
v  -414.6786 96.0498 -6.1083
v  -420.3551 96.0498 -0.5524
v  -420.8771 96.0498 1.7777
v  -421.3462 96.0498 6.4114
v  -420.8771 96.0498 10.7735
v  -420.3551 96.0498 13.0869
v  -414.6786 96.0498 17.3458
v  -409.5566 93.6679 11.3115
v  -408.9272 93.6679 8.7186
v  -408.4153 92.8699 6.3176
v  -408.9282 92.8699 3.8005
v  -409.5566 92.8699 0.5997
v  -414.6786 95.2518 -6.1083
v  -420.3551 95.2518 -0.5524
v  -420.8771 95.2518 1.7777
v  -421.3462 95.2518 6.4114
v  -420.8771 95.2518 10.7735
v  -420.3551 95.2518 13.0869
v  -414.6786 95.2518 17.3458
v  -409.5566 92.8699 11.3115
v  -408.9272 92.8699 8.7186
v  -408.4153 91.8639 6.3176
v  -408.9282 91.8639 3.8005
v  -409.5566 91.8639 0.5997
v  -414.6786 94.2458 -6.1083
v  -414.6786 94.2458 17.3458
v  -409.5566 91.8639 11.3115
v  -408.9272 91.8639 8.7186
v  -412.6341 14.1335 12.3226
v  -413.3216 14.1335 11.1218
v  -414.1823 14.1335 9.5942
v  -417.5210 14.1398 7.7370
v  -420.9114 14.1398 9.0634
v  -421.2112 14.1398 10.1368
v  -421.4804 14.1398 12.2716
v  -421.2112 14.1398 14.2811
v  -420.9114 14.1398 15.3468
v  -417.5210 14.1398 17.3089
v  -414.1823 14.1335 14.5289
v  -413.3196 14.1335 13.3876
v  -412.6341 13.1964 12.3226
v  -413.3216 13.1964 11.1218
v  -414.1823 13.1964 9.5942
v  -417.5210 13.2027 7.7370
v  -420.9114 13.2027 9.0634
v  -421.2112 13.2027 10.1368
v  -421.4804 13.2027 12.2716
v  -421.2112 13.2027 14.2811
v  -420.9114 13.2027 15.3468
v  -417.5210 13.2027 17.3089
v  -414.1823 13.1964 14.5289
v  -413.3196 13.1964 13.3876
v  -412.6341 12.3577 12.3226
v  -413.3216 12.3577 11.1218
v  -414.1823 12.3577 9.5942
v  -417.5210 12.3639 7.7370
v  -420.9114 12.3639 9.0634
v  -421.2112 12.3639 10.1368
v  -421.4804 12.3639 12.2716
v  -421.2112 12.3639 14.2811
v  -420.9114 12.3639 15.3468
v  -417.5210 12.3639 17.3089
v  -414.1823 12.3577 14.5289
v  -413.3196 12.3577 13.3876
v  -411.3390 11.2308 11.5867
v  -412.2121 11.2308 10.1286
v  -413.3052 11.2308 8.2735
v  -417.5453 11.2371 6.0182
v  -421.8513 11.2371 7.6290
v  -422.2319 11.2371 8.9325
v  -422.5739 11.2371 11.5247
v  -422.2319 11.2371 13.9650
v  -421.8513 11.2371 15.2591
v  -417.5453 11.2371 17.6416
v  -413.3052 11.2308 14.2659
v  -412.2096 11.2308 12.8799
v  -410.3826 5.0467 12.3402
v  -411.3909 5.0467 10.1108
v  -412.6532 5.0467 7.2746
v  -417.5417 -0.0924 9.2280
v  -417.5498 5.0564 3.8265
v  -422.5223 5.0564 6.2892
v  -422.9618 5.0564 8.2821
v  -423.3568 5.0564 12.2454
v  -422.9618 5.0564 15.9763
v  -422.5223 5.0564 17.9550
v  -422.5223 5.0564 31.2858
v  -420.2995 -0.0924 30.3948
v  -417.5417 -0.0924 32.4151
v  -417.5498 5.0564 34.9284
v  -414.8259 -0.0977 29.5526
v  -412.6532 5.0467 29.7672
v  -412.6532 5.0467 16.4364
v  -411.3881 5.0467 14.3174
v  -421.8513 7.0843 20.5141
v  -417.5453 7.0843 22.8966
v  -413.3052 7.0780 19.5209
v  -424.7597 157.9205 13.0866
v  -425.4723 157.9205 6.4599
v  -424.7597 157.9205 -0.5796
v  -425.8600 157.1402 -4.1614
v  -426.6600 157.1402 -0.5905
v  -427.3788 157.1402 6.5111
v  -426.6600 157.1402 13.1962
v  -425.8600 157.1402 16.7416
v  -431.0678 149.0222 6.3178
v  -431.6875 148.4358 6.3178
v  -431.4252 147.5971 8.7908
v  -430.8055 148.1835 8.7908
v  -431.0473 146.3791 10.1023
v  -430.4276 146.9655 10.1023
v  -430.2898 143.8705 10.5720
v  -429.6701 144.4569 10.5720
v  -429.0411 142.3356 10.1023
v  -429.6608 141.7491 10.1023
v  -429.0660 139.9756 8.7908
v  -428.4464 140.5620 8.7908
v  -428.7301 138.9568 6.3178
v  -428.1104 139.5433 6.3178
v  -429.0660 139.9756 3.6907
v  -428.4464 140.5621 3.6907
v  -429.6608 141.7492 2.3697
v  -429.0411 142.3356 2.3697
v  -430.2898 143.8705 1.9000
v  -429.6701 144.4569 1.9000
v  -431.0473 146.3791 2.3697
v  -430.4276 146.9655 2.3697
v  -431.4252 147.5971 3.6907
v  -430.8055 148.1835 3.6907
v  -432.2395 147.8512 6.3178
v  -431.9772 147.0124 8.7908
v  -431.5993 145.7944 10.1023
v  -430.8418 143.2858 10.5720
v  -430.2128 141.1645 10.1023
v  -429.6180 139.3909 8.7908
v  -429.2821 138.3722 6.3178
v  -429.6180 139.3910 3.6907
v  -430.2128 141.1645 2.3697
v  -430.8418 143.2858 1.9000
v  -431.5993 145.7944 2.3697
v  -431.9772 147.0124 3.6907
v  -432.7909 147.4672 6.3178
v  -432.5286 146.6284 8.7908
v  -432.1507 145.4104 10.1023
v  -431.3932 142.9019 10.5720
v  -430.7642 140.7805 10.1023
v  -430.1695 139.0070 8.7908
v  -429.8335 137.9882 6.3178
v  -430.1695 139.0070 3.6907
v  -430.7642 140.7805 2.3697
v  -431.3932 142.9019 1.9000
v  -432.1507 145.4104 2.3697
v  -432.5286 146.6284 3.6907
v  -433.2883 147.1007 6.3178
v  -433.0260 146.2619 8.7908
v  -432.6482 145.0440 10.1023
v  -431.8906 142.5354 10.5720
v  -431.2616 140.4140 10.1023
v  -430.6669 138.6405 8.7908
v  -430.3309 137.6217 6.3178
v  -430.6669 138.6405 3.6907
v  -431.2616 140.4141 2.3697
v  -431.8906 142.5354 1.9000
v  -432.6482 145.0440 2.3697
v  -433.0260 146.2619 3.6907
v  -460.2342 127.5494 6.3178
v  -459.9719 126.7106 8.7908
v  -459.5941 125.4926 10.1023
v  -458.8365 122.9840 10.5720
v  -458.2075 120.8627 10.1023
v  -457.6128 119.0891 8.7908
v  -457.2768 118.0704 6.3178
v  -457.6128 119.0892 3.6907
v  -458.2075 120.8627 2.3697
v  -458.8365 122.9840 1.9000
v  -459.5941 125.4926 2.3697
v  -459.9719 126.7106 3.6907
v  -460.7629 127.1326 6.3177
v  -460.5006 126.2938 8.7908
v  -460.1227 125.0759 10.1023
v  -459.3652 122.5673 10.5720
v  -458.7362 120.4459 10.1023
v  -458.1415 118.6724 8.7908
v  -457.8055 117.6536 6.3177
v  -458.1415 118.6724 3.6907
v  -458.7362 120.4460 2.3697
v  -459.3652 122.5673 1.9000
v  -460.1227 125.0759 2.3697
v  -460.5006 126.2938 3.6907
v  -461.2437 126.7171 6.3177
v  -460.9813 125.8783 8.7908
v  -460.6035 124.6604 10.1023
v  -459.8459 122.1518 10.5720
v  -459.2169 120.0304 10.1023
v  -458.6222 118.2569 8.7908
v  -458.2863 117.2381 6.3177
v  -458.6222 118.2569 3.6907
v  -459.2169 120.0305 2.3697
v  -459.8459 122.1518 1.9000
v  -460.6035 124.6604 2.3697
v  -460.9813 125.8783 3.6907
v  -461.7239 126.4435 6.3177
v  -461.4616 125.6048 8.7908
v  -461.0837 124.3868 10.1023
v  -460.3262 121.8782 10.5720
v  -459.6972 119.7568 10.1023
v  -459.1025 117.9833 8.7908
v  -458.7665 116.9645 6.3177
v  -459.1025 117.9833 3.6907
v  -459.6972 119.7569 2.3697
v  -460.3262 121.8782 1.9000
v  -461.0837 124.3868 2.3697
v  -461.4616 125.6048 3.6907
v  -462.6719 126.4952 6.3364
v  -486.3915 105.4652 6.3071
v  -486.1879 104.8970 8.2604
v  -462.3401 125.5696 9.5181
v  -485.8941 104.0717 9.2964
v  -461.8616 124.2253 11.2055
v  -485.3026 102.3713 9.6673
v  -460.8982 121.4555 11.8098
v  -484.8101 100.9330 9.2964
v  -460.0959 119.1128 11.2055
v  -484.3531 99.7326 8.2604
v  -459.3515 117.1574 9.5181
v  -484.0943 99.0429 6.3071
v  -458.9299 116.0339 6.3364
v  -484.3531 99.7326 4.2321
v  -459.3515 117.1574 2.9565
v  -484.8102 100.9331 3.1888
v  -460.0959 119.1129 1.2570
v  -485.3026 102.3713 2.8178
v  -460.8982 121.4556 0.6527
v  -485.8941 104.0717 3.1888
v  -461.8616 124.2253 1.2570
v  -486.1879 104.8970 4.2321
v  -462.3401 125.5696 2.9565
v  -489.8178 102.3829 6.3325
v  -492.2947 100.6138 6.3325
v  -492.1146 100.1129 9.4238
v  -489.6377 101.8820 9.4238
v  -491.8550 99.3854 11.0633
v  -489.3781 101.1545 11.0633
v  -492.8786 99.7690 15.3447
v  -493.8122 98.8848 14.0315
v  -493.7438 98.0947 14.4952
v  -492.8103 98.9789 15.8084
v  -493.4342 97.4474 14.4717
v  -492.5006 98.3316 15.7849
v  -488.4217 98.3866 11.0633
v  -490.8986 96.6175 11.0633
v  -490.4932 95.5605 9.4238
v  -488.0164 97.3296 9.4238
v  -490.2639 94.9530 6.3325
v  -487.7870 96.7221 6.3325
v  -490.4932 95.5605 3.0486
v  -488.0164 97.3296 3.0486
v  -490.8986 96.6176 1.3974
v  -488.4217 98.3867 1.3974
v  -491.3329 97.8860 0.8102
v  -488.8561 99.6552 0.8102
v  -491.8549 99.3855 1.3973
v  -489.3781 101.1545 1.3973
v  -492.1146 100.1129 3.0486
v  -489.6377 101.8820 3.0486
v  -497.3528 97.6168 6.3325
v  -497.1727 97.1160 9.4238
v  -496.9131 96.3885 11.0633
v  -496.9131 96.3885 1.3973
v  -497.1727 97.1160 3.0486
v  -498.8229 95.0053 3.1254
v  -498.8229 95.0053 9.3555
v  -490.9701 99.9265 14.3395
v  -490.9016 99.1364 14.8032
v  -490.5920 98.4891 14.7797
v  -491.5256 97.6049 13.4664
v  -491.8352 98.2522 13.4899
v  -491.9036 99.0422 13.0262
v  -415.2352 191.7282 14.0123
v  -415.2352 188.5090 14.0123
v  -419.2917 187.7856 8.6617
v  -416.1906 187.7856 16.3551
v  -419.2917 187.7856 6.2750
v  -419.2917 187.7856 3.7397
v  -416.1906 187.7856 -3.9538
v  -413.4000 192.4613 -10.5025
v  -413.6473 187.1299 -10.5111
v  -419.4286 194.5965 -7.1405
v  -419.4286 192.4617 -7.1405
v  -419.4286 187.7856 -7.1405
v  -413.2375 187.7856 -7.1405
v  -413.2375 157.2557 29.5474
v  -419.4286 157.2557 29.5474
v  -419.4286 155.8743 26.4037
v  -413.6473 155.8743 26.4037
v  -419.4286 187.1299 -10.5111
v  -419.6469 192.4613 -10.5025
v  -419.7191 194.7660 -10.4996
v  -419.7191 194.7660 22.8947
v  -419.4286 194.5965 19.5418
v  -413.2375 174.2697 -7.1405
v  -413.6473 173.6140 -10.5111
v  -419.4286 173.6140 -10.5111
v  -419.4286 180.8538 -10.5111
v  -419.4286 174.2697 -7.1405
v  -419.4286 181.5096 -7.1405
v  -413.6473 165.4977 -4.1242
v  -419.4286 165.4977 -4.1242
v  -419.4286 168.1457 -1.9380
v  -413.2375 168.1457 -1.9380
v  -413.6473 165.1459 17.2418
v  -419.4286 165.1459 17.2418
v  -419.4286 167.7301 14.9807
v  -413.2375 167.7301 14.9807
v  -413.6473 164.7474 20.0599
v  -419.4286 164.7474 20.0599
v  -419.4286 166.1288 23.2036
v  -413.2375 166.1288 23.2036
v  -408.1272 204.0795 22.0887
v  -409.9449 205.9759 21.5654
v  -409.9449 206.2278 21.9954
v  -407.3759 195.4064 27.2776
v  -407.3718 195.8688 27.8648
v  -411.2024 198.4586 26.1578
v  -411.2024 197.9936 25.5726
v  -408.4180 199.3749 25.3718
v  -408.2540 199.4149 24.4832
v  -407.3759 194.1934 28.5140
v  -407.3718 194.6484 29.1069
v  -411.0701 163.9776 9.5528
v  -412.7408 161.3948 18.2918
v  -420.5105 161.3948 13.6930
v  -421.2336 161.3948 11.1950
v  -421.8832 161.3948 6.4847
v  -421.2336 161.3948 1.4811
v  -420.5105 161.3948 -1.0349
v  -412.7408 161.3948 -7.0344
v  -411.0701 163.9776 2.8212
v  -411.7198 163.9776 6.2887
v  -409.4408 187.7856 19.5419
v  -408.0652 205.8585 22.0505
v  -462.3290 125.8162 6.3177
v  -462.0382 124.9984 8.7908
v  -461.6190 123.8106 10.1023
v  -460.7762 121.3625 10.5720
v  -460.0751 119.2915 10.1023
v  -459.4202 117.5652 8.7908
v  -459.0496 116.5731 6.3177
v  -459.4202 117.5652 3.6907
v  -460.0751 119.2915 2.3697
v  -460.7762 121.3625 1.9000
v  -461.6190 123.8106 2.3697
v  -462.0382 124.9984 3.6907
v  -493.0606 95.3901 11.6504
v  -491.3329 97.8860 11.6504
v  -492.1296 95.0468 11.0633
v  -491.3253 94.8093 9.4238
v  -490.8655 94.6688 6.3325
v  -491.3253 94.8093 3.0486
v  -492.1296 95.0468 1.3974
v  -493.0606 95.3901 0.8102
v  -493.0646 95.3753 6.3325
v  -493.0627 95.3823 3.0486
v  -493.0627 95.3823 9.4238
v  -498.4864 94.0389 2.7469
v  -498.4864 94.0389 9.7340
v  -415.1978 157.1402 23.2687
v  -415.1978 157.1402 -12.6764
v  -486.2245 105.0615 6.2950
v  -486.0444 104.5606 7.8132
v  -485.7848 103.8331 8.6184
v  -488.8560 99.6551 11.6504
v  -485.2627 102.3338 8.9068
v  -484.8284 101.0652 8.6184
v  -484.4230 100.0082 7.8132
v  -484.1937 99.4007 6.2950
v  -484.4230 100.0082 4.6822
v  -484.8284 101.0653 3.8712
v  -485.2627 102.3338 3.5828
v  -485.7848 103.8331 3.8712
v  -486.0444 104.5606 4.6822
# 1360 vertices

vn 0.9561 -0.2022 0.2123
vn 0.6804 0.7066 -0.1943
vn 0.4615 0.6635 -0.5889
vn 0.9572 -0.1786 0.2279
vn 0.9561 -0.2018 -0.2123
vn 0.9132 -0.3830 -0.1388
vn 0.4615 0.6635 0.5889
vn 0.6804 0.7066 0.1943
vn 0.9468 0.1986 -0.2534
vn 0.7309 0.1795 -0.6585
vn 0.6195 0.1719 0.7660
vn 0.9468 0.1986 0.2534
vn 0.9639 -0.0000 -0.2661
vn 0.7412 -0.0000 -0.6713
vn 0.9492 -0.0061 0.3146
vn 0.8668 0.1334 0.4804
vn 0.1993 -0.6994 0.6864
vn 0.1255 -0.5372 0.8341
vn 0.4564 -0.2598 0.8510
vn 0.9639 0.0000 0.2661
vn 0.9348 -0.2533 -0.2488
vn 0.6667 -0.7211 -0.1885
vn 0.4521 -0.6712 -0.5875
vn 0.7205 -0.2311 -0.6538
vn 0.6148 -0.2213 0.7570
vn 0.4518 -0.6716 0.5872
vn 0.6666 -0.7212 0.1886
vn 0.9348 -0.2533 0.2488
vn 0.5912 -0.6047 -0.5338
vn 0.0779 -0.6925 -0.7172
vn 0.1138 -0.6680 0.7354
vn 0.5888 -0.6027 0.5385
vn 0.0000 0.9810 0.1939
vn 0.0000 0.9722 0.2343
vn 0.1671 0.7830 0.5991
vn -0.0000 -0.5623 0.8269
vn -0.0000 0.5623 0.8269
vn 0.1477 0.5907 0.7933
vn 0.1465 -0.5906 0.7936
vn -0.0000 -0.1988 0.9800
vn -0.0000 -0.6002 0.7998
vn 0.1481 -0.1932 0.9699
vn 0.0000 -0.5989 -0.8009
vn 0.0000 -0.8946 -0.4469
vn 0.1452 -0.9894 -0.0043
vn 0.0000 0.1597 -0.9872
vn -0.0000 0.6380 -0.7700
vn -0.0000 0.6818 -0.7316
vn 0.9882 -0.1533 0.0000
vn 0.6637 0.7480 0.0000
vn 0.9775 0.2111 0.0000
vn 1.0000 -0.0000 0.0000
vn 0.9627 -0.2706 0.0000
vn 0.6703 -0.7421 0.0000
vn -0.6258 -0.7800 0.0040
vn 0.0000 -1.0000 -0.0000
vn 0.0000 -0.9990 0.0454
vn -0.6790 -0.7060 -0.2014
vn 0.0000 1.0000 -0.0000
vn 0.0439 0.9896 -0.1368
vn 0.0000 0.9443 -0.3292
vn -0.6657 -0.7115 0.2249
vn 0.0000 -0.6839 0.7296
vn 0.1284 -0.6561 0.7436
vn -0.0000 -0.8259 0.5639
vn 0.7632 -0.4383 -0.4748
vn 0.6976 -0.7029 -0.1387
vn 0.7119 0.6890 0.1360
vn 0.6626 0.5112 0.5474
vn 0.6536 -0.7568 0.0000
vn 0.7568 0.6536 0.0000
vn 0.6976 -0.7029 0.1387
vn 0.7119 0.6890 -0.1360
vn 0.7633 -0.4382 0.4747
vn 0.6626 0.5112 -0.5474
vn 0.0000 -0.7879 -0.6158
vn -0.3426 -0.2607 -0.9026
vn 0.0000 -0.4837 0.8752
vn 0.0000 -0.0000 1.0000
vn 0.7628 0.0000 0.6466
vn 0.0000 -0.4818 -0.8763
vn 0.7680 -0.0000 -0.6405
vn -0.0000 0.6062 -0.7953
vn 0.8147 -0.5799 0.0071
vn 1.0000 -0.0000 0.0080
vn -0.4370 -0.8220 0.3650
vn -0.5824 -0.8087 0.0828
vn 0.0008 -1.0000 0.0000
vn -0.3761 -0.8922 -0.2502
vn -0.5089 -0.6204 0.5968
vn 0.0000 -0.9727 0.2321
vn -0.4109 -0.9002 0.1443
vn -0.3289 -0.8656 -0.3774
vn 0.0000 -0.9470 -0.3211
vn -0.4174 -0.8098 -0.4124
vn 0.0000 -0.9946 -0.1035
vn 0.1366 -0.9685 -0.2082
vn 0.3358 0.0000 -0.9419
vn 0.0000 0.0000 -1.0000
vn 0.0764 -0.9915 -0.1052
vn 0.5067 0.0000 -0.8621
vn 0.9508 0.2256 -0.2122
vn 0.9589 0.2839 0.0035
vn 0.4700 -0.8826 0.0001
vn 0.4694 -0.8830 -0.0025
vn 0.9505 0.2225 0.2171
vn 0.4693 -0.8830 0.0025
vn 0.0860 -0.9953 0.0449
vn 0.0739 -0.9861 0.1486
vn 0.1350 -0.0000 0.9909
vn 0.4618 0.0000 0.8870
vn 0.0000 -0.9546 0.2979
vn 0.0000 0.0000 1.0000
vn 0.5952 -0.1578 -0.7879
vn 0.7466 -0.3113 -0.5879
vn 0.3766 -0.1847 -0.9078
vn 0.6703 -0.5715 -0.4734
vn 0.9147 -0.3411 -0.2169
vn 0.6942 -0.7196 0.0153
vn 0.8768 -0.4808 0.0046
vn 0.6725 -0.5639 0.4794
vn 0.9137 -0.3401 0.2226
vn 0.5552 -0.1540 0.8173
vn 0.7157 -0.3049 0.6283
vn 0.1820 -0.1634 0.9696
vn -0.0000 0.0000 1.0000
vn -0.0000 -0.1441 0.9896
vn 0.7410 -0.2415 -0.6265
vn 0.4342 -0.2017 -0.8779
vn 0.9428 -0.2455 -0.2256
vn 0.9683 -0.2499 0.0043
vn 0.9415 -0.2456 0.2309
vn 0.7016 -0.2380 0.6717
vn 0.1580 -0.1680 0.9730
vn 0.0000 -0.1373 -0.9905
vn 0.3932 0.2811 -0.8754
vn 0.0000 0.1717 -0.9852
vn 0.7355 0.2639 -0.6241
vn 0.9372 0.2671 -0.2242
vn 0.9623 0.2720 0.0043
vn 0.9359 0.2671 0.2295
vn 0.6958 0.2601 0.6695
vn 0.1233 0.1971 0.9726
vn -0.0000 -0.1423 0.9898
vn 0.0000 0.1564 0.9877
vn 0.9392 0.2598 -0.2247
vn 0.8011 0.2468 -0.5453
vn 0.9659 0.2588 0.0045
vn 0.9378 0.2601 0.2300
vn 0.7680 0.2425 0.5928
vn 0.0000 0.6610 0.7504
vn -0.2190 0.5899 0.7772
vn 0.1481 0.9137 -0.3785
vn 0.0000 0.8448 -0.5350
vn -0.5585 0.6363 0.5322
vn -0.7726 0.5899 0.2348
vn 0.2622 0.9616 -0.0808
vn 0.2431 0.9311 -0.2718
vn -0.7938 0.6082 -0.0040
vn 0.3100 0.9507 0.0018
vn -0.7708 0.5901 -0.2401
vn 0.2624 0.9613 0.0832
vn -0.5205 0.6467 -0.5576
vn 0.2364 0.9184 0.3173
vn -0.1145 0.6105 -0.7837
vn 0.0000 0.5496 -0.8354
vn -0.0000 0.9329 0.3600
vn 0.0465 0.8957 0.4422
vn 0.0000 -0.7779 -0.6283
vn -0.0926 -0.8394 -0.5355
vn 0.1746 -0.4983 0.8493
vn 0.0000 -0.6248 0.7808
vn -0.3742 -0.8722 -0.3150
vn -0.4982 -0.8588 -0.1192
vn 0.8389 -0.5061 0.2002
vn 0.7109 -0.4563 0.5352
vn -0.4994 -0.8664 -0.0022
vn 0.8730 -0.4877 0.0041
vn -0.4996 -0.8584 0.1163
vn 0.8400 -0.5063 -0.1950
vn -0.3932 -0.8692 0.2999
vn 0.7279 -0.4632 -0.5056
vn 0.0000 0.1465 -0.9892
vn 0.4279 0.2952 -0.8543
vn 0.4270 -0.2474 -0.8697
vn 0.0000 -0.2008 -0.9796
vn 0.8039 -0.2026 -0.5592
vn 0.9533 -0.1956 -0.2301
vn 0.9813 -0.1926 0.0047
vn 0.9519 -0.1962 0.2354
vn 0.7680 -0.2019 0.6078
vn 0.2775 0.2512 0.9273
vn 0.2536 -0.2264 0.9404
vn -0.0000 0.1583 0.9874
vn 0.0000 -0.2016 0.9795
vn 0.9535 -0.1995 -0.2260
vn 0.7742 -0.2197 -0.5935
vn 0.9798 -0.2000 0.0042
vn 0.9521 -0.1999 0.2314
vn 0.7358 -0.2217 0.6399
vn -0.0000 -0.1455 -0.9894
vn -0.1374 -0.8485 0.5111
vn -0.0000 -0.7994 0.6007
vn -0.0000 -0.6087 -0.7934
vn 0.2877 -0.4712 -0.8338
vn 0.3829 -0.8525 -0.3559
vn 0.4882 -0.8663 -0.1061
vn 0.5350 -0.8447 0.0143
vn 0.5201 -0.8443 0.1289
vn 0.4739 -0.8770 0.0786
vn 0.0008 -1.0000 0.0005
vn 0.7833 -0.0508 -0.6196
vn 0.9715 -0.0145 -0.2368
vn 0.9599 -0.0173 -0.2798
vn 0.6713 -0.0616 -0.7386
vn 1.0000 0.0015 -0.0008
vn 0.9999 0.0029 0.0123
vn 0.9715 0.0124 0.2366
vn 0.9560 0.0143 0.2931
vn 0.7583 0.0199 0.6516
vn 0.6971 0.0207 0.7166
vn -0.9966 -0.0587 0.0578
vn -0.7613 -0.0961 -0.6412
vn -0.7649 0.0000 -0.6442
vn -0.9996 0.0000 0.0291
vn -0.5741 -0.1134 -0.8109
vn -0.5785 -0.0000 -0.8157
vn -0.0432 -0.1325 -0.9902
vn -0.0505 0.0000 -0.9987
vn 0.6580 0.0000 -0.7531
vn 0.9586 0.0000 -0.2847
vn 1.0000 0.0000 0.0056
vn 0.9566 0.0000 0.2913
vn 0.6989 0.0000 0.7152
vn -0.0589 -0.0023 0.9983
vn -0.0697 -0.0000 0.9976
vn -0.5769 -0.0130 0.8167
vn -0.5811 0.0000 0.8138
vn -0.6936 -0.0114 0.7203
vn -0.6951 -0.0000 0.7189
vn 0.6580 0.0000 -0.7530
vn 0.9566 -0.0000 0.2913
vn 0.6989 -0.0000 0.7152
vn -0.0697 0.0000 0.9976
vn -0.0504 0.0000 -0.9987
vn 0.9586 -0.0000 -0.2847
vn -0.6951 0.0000 0.7189
vn -0.5785 0.0000 -0.8157
vn 1.0000 -0.0000 0.0056
vn -0.5811 -0.0000 0.8138
vn -0.9996 0.0000 0.0290
vn -0.9587 0.0000 -0.2844
vn -1.0000 0.0000 0.0064
vn -0.8444 0.0000 -0.5357
vn 0.2413 -0.4460 -0.8619
vn -0.0700 0.0000 -0.9975
vn 0.7936 0.0000 -0.6084
vn 0.9725 0.0000 -0.2327
vn 1.0000 0.0000 0.0046
vn 0.9712 -0.0000 0.2382
vn 0.7566 -0.0000 0.6538
vn 0.0703 -0.3438 0.9364
vn -0.1013 -0.0000 0.9949
vn -0.8124 0.0000 0.5830
vn -0.9474 -0.0000 0.3201
vn -1.0000 -0.0000 0.0064
vn 1.0000 0.0000 0.0045
vn 0.7566 0.0000 0.6538
vn -0.8124 -0.0000 0.5830
vn -0.9474 0.0000 0.3201
vn -0.1013 0.0000 0.9949
vn -0.9555 -0.0828 -0.2832
vn -0.9980 -0.0627 -0.0043
vn -0.8247 -0.1151 -0.5538
vn -0.0656 -0.1106 -0.9917
vn -0.1115 -0.0023 0.9938
vn -0.8166 -0.0397 0.5759
vn -0.9466 -0.0469 0.3190
vn 0.6580 -0.0000 -0.7531
vn -0.6854 0.4439 -0.5771
vn -0.8537 0.5012 0.1414
vn -0.5045 0.4661 -0.7268
vn -0.0505 0.4564 -0.8883
vn 0.5580 0.5170 -0.6491
vn 0.8623 0.4415 -0.2480
vn 0.9059 0.4230 0.0230
vn 0.8846 0.3733 0.2796
vn 0.6167 0.2457 0.7479
vn -0.0754 0.1153 0.9905
vn -0.5545 0.1631 0.8160
vn -0.6686 0.2386 0.7043
vn -0.6519 0.4954 -0.5742
vn -0.8845 0.4658 -0.0255
vn -0.4946 0.4880 -0.7192
vn -0.0409 0.5167 -0.8552
vn 0.5641 0.5028 -0.6549
vn 0.8301 0.4920 -0.2625
vn 0.8877 0.4602 -0.0136
vn 0.8534 0.4542 0.2557
vn 0.6907 0.4988 0.5235
vn -0.0615 0.5137 0.8558
vn -0.5906 0.3967 0.7027
vn -0.6412 0.3540 0.6809
vn -0.9807 -0.1947 0.0194
vn -0.8063 -0.2491 -0.5366
vn -0.6394 -0.2228 -0.7359
vn -0.0540 -0.1872 -0.9808
vn -0.0362 -0.8622 -0.5053
vn 0.6841 -0.2130 -0.6975
vn 0.9499 -0.2088 -0.2325
vn 0.9827 -0.1852 0.0002
vn 0.9612 -0.1444 0.2352
vn 0.9776 -0.1589 0.1382
vn 0.7944 0.3214 0.5154
vn -0.0641 0.3966 0.9158
vn -0.0610 -0.7401 0.6698
vn 0.5229 -0.7690 0.3679
vn -0.8317 0.3282 0.4479
vn -0.5520 -0.7656 0.3305
vn -0.9304 -0.1272 0.3438
vn -0.7745 -0.0796 0.6275
vn -0.0300 0.9081 0.4176
vn -0.5038 0.7212 0.4754
vn 0.4630 0.7304 0.5020
vn 0.5271 -0.8242 0.2069
vn 0.5705 -0.8211 0.0153
vn 0.5263 -0.8252 -0.2050
vn 0.5774 0.6332 -0.5155
vn 0.7241 0.6674 -0.1742
vn 0.7462 0.6657 0.0031
vn 0.7232 0.6673 0.1779
vn 0.5512 0.6220 0.5561
vn 0.7372 0.6756 0.0090
vn 0.6650 0.5072 0.5482
vn 0.5262 0.6092 0.5933
vn 0.6520 0.7581 0.0107
vn 0.4804 0.2059 0.8525
vn 0.2737 0.3146 0.9089
vn 0.2582 -0.0968 0.9612
vn -0.0059 -0.0085 0.9999
vn 0.2240 -0.3838 0.8958
vn -0.0283 -0.7224 0.6909
vn -0.4682 -0.5415 0.6982
vn -0.2200 -0.2555 0.9415
vn -0.1091 -0.9940 0.0080
vn -0.6562 -0.7545 0.0124
vn -0.0366 -0.7316 -0.6808
vn -0.4745 -0.5487 -0.6883
vn 0.2233 -0.3849 -0.8955
vn -0.2209 -0.2566 -0.9409
vn 0.2578 -0.0966 -0.9614
vn -0.0059 -0.0085 -0.9999
vn 0.4812 0.2070 -0.8518
vn 0.2748 0.3159 -0.9081
vn 0.6690 0.5127 -0.5382
vn 0.5310 0.6148 -0.5831
vn 0.4755 0.6340 0.6099
vn 0.6042 0.7967 0.0112
vn 0.2315 0.3146 0.9206
vn -0.0169 -0.0174 0.9997
vn -0.2076 -0.2735 0.9392
vn -0.4311 -0.5763 0.6943
vn -0.5916 -0.8062 0.0121
vn -0.4368 -0.5842 -0.6840
vn -0.2085 -0.2747 -0.9387
vn -0.0169 -0.0174 -0.9997
vn 0.2324 0.3158 -0.9199
vn 0.4802 0.6400 -0.5999
vn 0.4166 0.6738 0.6103
vn 0.5254 0.8508 0.0111
vn 0.2111 0.3407 0.9162
vn -0.0059 -0.0100 0.9999
vn -0.1715 -0.2776 0.9453
vn -0.3704 -0.5989 0.7101
vn -0.5266 -0.8500 0.0126
vn -0.3756 -0.6073 -0.7001
vn -0.1722 -0.2788 -0.9448
vn -0.0059 -0.0100 -0.9999
vn 0.2119 0.3421 -0.9155
vn 0.4207 0.6804 -0.6000
vn 0.4227 0.6696 0.6107
vn 0.5339 0.8455 0.0111
vn 0.2129 0.3375 0.9169
vn -0.0071 -0.0112 0.9999
vn -0.1753 -0.2776 0.9446
vn -0.3769 -0.5971 0.7081
vn -0.5335 -0.8457 0.0126
vn -0.3822 -0.6055 -0.6981
vn -0.1760 -0.2788 -0.9441
vn -0.0071 -0.0112 -0.9999
vn 0.2138 0.3388 -0.9162
vn 0.4268 0.6762 -0.6005
vn 0.4340 0.6648 0.6080
vn 0.5459 0.8378 0.0110
vn 0.2210 0.3374 0.9150
vn -0.0056 -0.0094 0.9999
vn -0.1786 -0.2740 0.9450
vn -0.3856 -0.5903 0.7091
vn -0.5478 -0.8365 0.0126
vn -0.3910 -0.5986 -0.6992
vn -0.1794 -0.2752 -0.9445
vn -0.0056 -0.0094 -0.9999
vn 0.2219 0.3388 -0.9143
vn 0.4383 0.6713 -0.5977
vn 0.4624 0.6490 0.6042
vn 0.5792 0.8151 0.0109
vn 0.2368 0.3309 0.9135
vn -0.0058 -0.0091 0.9999
vn -0.1910 -0.2685 0.9441
vn -0.4108 -0.5763 0.7065
vn -0.5818 -0.8132 0.0126
vn -0.4165 -0.5842 -0.6965
vn -0.1918 -0.2697 -0.9437
vn -0.0058 -0.0091 -0.9999
vn 0.2377 0.3322 -0.9128
vn 0.4668 0.6552 -0.5940
vn 0.4114 0.6701 0.6178
vn 0.5261 0.8504 0.0114
vn 0.1996 0.3294 0.9228
vn -0.0133 -0.0179 0.9998
vn -0.1768 -0.2858 0.9418
vn -0.3725 -0.6078 0.7012
vn -0.5176 -0.8555 0.0123
vn -0.3777 -0.6164 -0.6909
vn -0.1776 -0.2871 -0.9413
vn -0.0133 -0.0179 -0.9998
vn 0.2004 0.3308 -0.9222
vn 0.4155 0.6767 -0.6078
vn 0.4504 0.6626 0.5984
vn 0.5524 0.8335 0.0107
vn 0.2452 0.3457 0.9057
vn 0.0062 0.0007 1.0000
vn -0.1867 -0.2545 0.9489
vn -0.4255 -0.5503 0.7184
vn -0.6333 -0.7738 0.0131
vn -0.4315 -0.5578 -0.7090
vn -0.1874 -0.2556 -0.9484
vn 0.0062 0.0007 -1.0000
vn 0.2462 0.3471 -0.9049
vn 0.4546 0.6691 -0.5879
vn -0.1143 0.9934 0.0088
vn -0.2221 0.8512 0.4756
vn 0.8996 0.2049 0.3858
vn 0.9425 0.3341 0.0072
vn -0.3696 0.5643 0.7382
vn 0.7639 -0.0100 0.6453
vn -0.5708 0.2352 0.7867
vn 0.6407 -0.2863 0.7124
vn -0.6878 -0.0001 0.7259
vn 0.5231 -0.5189 0.6761
vn -0.8070 -0.2581 0.5312
vn 0.3612 -0.7866 0.5007
vn -0.8805 -0.4739 0.0099
vn 0.2410 -0.9705 0.0087
vn -0.8089 -0.2651 -0.5248
vn 0.3555 -0.7935 -0.4939
vn -0.6881 -0.0011 -0.7256
vn 0.5223 -0.5200 -0.6759
vn -0.5709 0.2352 -0.7866
vn 0.6408 -0.2863 -0.7123
vn -0.3687 0.5655 -0.7378
vn 0.7642 -0.0089 -0.6449
vn -0.2176 0.8566 -0.4679
vn 0.9008 0.2103 -0.3800
vn 0.5332 0.8460 0.0066
vn 0.4468 0.8069 0.3864
vn 0.4549 0.8074 0.3758
vn 0.4911 0.8711 0.0063
vn 0.0727 0.7136 0.6968
vn 0.5698 0.6193 0.5402
vn 0.3331 0.8426 0.4232
vn 0.2643 0.1509 0.9526
vn 0.9354 -0.3526 -0.0250
vn 0.8785 0.2602 -0.4007
vn -0.0472 -0.4144 0.9089
vn 0.5425 -0.8355 -0.0874
vn -0.5656 -0.4156 0.7123
vn -0.5154 -0.7065 0.4849
vn -0.5021 -0.7209 0.4777
vn -0.3233 -0.5829 0.7455
vn -0.5328 -0.8462 0.0079
vn -0.4521 -0.8919 0.0074
vn -0.5176 -0.7101 -0.4774
vn -0.5046 -0.7245 -0.4696
vn -0.4178 -0.3906 -0.8203
vn -0.3507 -0.4219 -0.8361
vn -0.1963 0.0581 -0.9788
vn 0.0172 0.0014 -0.9999
vn 0.1646 0.5643 -0.8090
vn 0.2947 0.5240 -0.7991
vn 0.4483 0.8092 -0.3797
vn 0.4564 0.8099 -0.3685
vn 0.5453 0.7485 0.3773
vn 0.5632 0.8263 0.0065
vn 0.4217 0.1831 0.8880
vn 0.5465 0.7509 -0.3707
vn 0.4238 0.1813 -0.8874
vn 0.8843 0.0555 -0.4636
vn 0.8833 0.0552 0.4655
vn -0.1424 0.8641 0.4828
vn -0.4493 0.3167 0.8354
vn -0.5817 -0.3086 0.7526
vn 0.2802 -0.9463 0.1612
vn 0.6092 -0.3377 -0.7175
vn 0.8258 0.4092 -0.3881
vn -0.2492 0.4690 0.8473
vn -0.2495 -0.4692 0.8471
vn 0.4570 0.2594 0.8508
vn 0.9639 -0.0000 0.2661
vn 0.7383 -0.0000 -0.6745
vn -0.0000 0.0011 -1.0000
vn -0.0000 0.0006 -1.0000
vn 0.0000 0.0006 -1.0000
vn 0.0000 0.0011 -1.0000
vn -0.0000 -0.5607 0.8280
vn 0.6938 -0.1100 0.7117
vn 0.6724 0.0000 0.7402
vn 0.9512 -0.0061 0.3084
vn 0.7071 -0.0000 0.7071
vn -0.6281 -0.2368 0.7412
vn -0.5228 -0.8142 -0.2526
vn 0.5772 -0.7860 -0.2215
vn 0.5775 -0.2214 0.7858
vn 0.7408 -0.0302 -0.6711
vn 0.7032 -0.0136 -0.7109
vn 0.7192 0.0994 -0.6877
vn 0.6010 -0.4605 0.6533
vn 0.5450 -0.6797 -0.4909
vn -0.5932 -0.2186 -0.7748
vn -0.8396 0.1552 0.5206
vn 0.7071 0.0000 -0.7071
vn 0.6507 -0.2066 -0.7307
vn 0.7782 0.1813 0.6012
vn 0.6136 -0.6851 -0.3926
vn -0.5679 -0.7137 -0.4100
vn 0.8263 0.4920 0.2741
vn -0.8791 0.4142 0.2357
vn 0.7253 -0.6850 -0.0688
vn -0.6483 -0.7571 -0.0810
vn 0.6840 0.7226 0.1003
vn -0.7473 0.6572 0.0979
vn 0.8169 -0.4693 -0.3352
vn -0.7312 -0.5713 -0.3727
vn 0.6277 0.6184 0.4729
vn -0.6799 0.5879 0.4383
vn -0.0000 0.6657 -0.7463
vn 0.4698 0.3528 -0.8092
vn 0.6630 0.0315 -0.7479
vn -0.0000 0.5383 -0.8428
vn -0.0000 0.9771 0.2129
vn 0.7306 0.5021 0.4627
vn 0.3276 -0.7590 -0.5626
vn 0.7443 -0.5927 -0.3078
vn 0.7322 0.0775 0.6767
vn 0.4320 0.2213 0.8743
vn 0.0610 0.4156 0.9075
vn 0.8339 -0.4018 -0.3784
vn 0.7330 0.1813 0.6556
vn 0.5218 -0.8036 -0.2862
vn 0.0000 0.5588 0.8293
vn 0.5289 0.6861 0.4996
vn -0.1018 0.7692 -0.6308
vn 0.0000 0.8836 -0.4683
vn -0.5419 0.6302 -0.5560
vn -0.6243 0.7558 -0.1975
vn -0.6791 0.7340 -0.0038
vn -0.6264 0.7551 0.1936
vn -0.5648 0.6385 0.5228
vn -0.2995 0.7866 0.5399
vn 0.0000 0.6852 0.7283
vn 0.6751 0.6293 -0.3851
vn 0.0000 0.8553 -0.5182
vn 0.7273 0.6863 0.0056
vn 0.1269 0.5368 0.8341
vn 0.0000 0.5623 0.8269
vn -0.0000 0.2904 0.9569
vn 0.0000 0.4092 0.9125
vn 0.0080 0.2351 0.9719
vn -0.0000 -0.9562 -0.2928
vn -0.3364 0.7958 0.5035
vn -0.2908 0.9567 0.0090
vn -0.5395 0.4884 0.6859
vn -0.6741 0.2292 0.7022
vn -0.7939 0.0787 0.6029
vn -0.9210 -0.0555 0.3856
vn -0.9957 -0.0924 0.0047
vn -0.9249 -0.0569 -0.3759
vn -0.7950 0.0783 -0.6015
vn -0.6743 0.2294 -0.7019
vn -0.5397 0.4894 -0.6850
vn -0.3360 0.8014 -0.4949
vn 0.8505 -0.2506 0.4625
vn -0.0129 -0.6081 0.7937
vn -0.1214 -0.8391 0.5303
vn -0.2164 -0.9489 0.2296
vn -0.0998 -0.9950 0.0025
vn -0.2183 -0.9493 -0.2262
vn -0.1224 -0.8390 -0.5301
vn -0.0127 -0.6082 -0.7937
vn 0.0302 -0.9995 0.0001
vn 0.0335 -0.9994 -0.0037
vn 0.0335 -0.9994 0.0038
vn 0.4517 -0.6673 -0.5921
vn 0.4511 -0.6669 0.5930
vn 0.0000 -0.6527 -0.7576
vn 0.0000 -0.6814 0.7319
vn 0.0000 0.4636 0.8860
vn 0.1371 0.5278 0.8382
vn 0.2601 0.5760 -0.7750
vn 0.0000 0.5051 -0.8631
vn 0.9932 0.1160 0.0046
vn 0.9163 0.1726 0.3613
vn 0.7713 0.0304 0.6358
vn 0.5676 -0.2212 0.7930
vn -0.5628 0.1784 0.8071
vn 0.4686 -0.4713 0.7472
vn 0.4525 -0.7437 0.4921
vn 0.5365 -0.8439 0.0069
vn 0.4532 -0.7498 -0.4821
vn 0.4668 -0.4723 -0.7477
vn 0.5660 -0.2206 -0.7944
vn 0.7713 0.0324 -0.6356
vn 0.9201 0.1733 -0.3513
vn 0.0000 0.5616 0.8274
vn -0.0000 -0.3659 0.9306
vn 0.0000 -1.0000 -0.0089
vn 0.0000 -0.4481 -0.8940
vn -0.9561 -0.2022 0.2123
vn -0.4615 0.6635 -0.5889
vn -0.6804 0.7066 -0.1943
vn -0.9572 -0.1786 0.2279
vn -0.9561 -0.2018 -0.2123
vn -0.4615 0.6635 0.5889
vn -0.9132 -0.3830 -0.1388
vn -0.6804 0.7066 0.1943
vn -0.7309 0.1795 -0.6585
vn -0.9468 0.1986 -0.2534
vn -0.9468 0.1986 0.2534
vn -0.6195 0.1719 0.7660
vn -0.7412 -0.0000 -0.6713
vn -0.9639 -0.0000 -0.2661
vn -0.8668 0.1334 0.4804
vn -0.9492 -0.0061 0.3146
vn -0.1993 -0.6994 0.6864
vn -0.4564 -0.2598 0.8510
vn -0.1255 -0.5372 0.8341
vn -0.9639 0.0000 0.2661
vn -0.9348 -0.2533 -0.2488
vn -0.7205 -0.2311 -0.6538
vn -0.4521 -0.6712 -0.5875
vn -0.6667 -0.7211 -0.1885
vn -0.6148 -0.2213 0.7570
vn -0.9348 -0.2533 0.2488
vn -0.6666 -0.7212 0.1886
vn -0.4518 -0.6716 0.5872
vn -0.5912 -0.6047 -0.5338
vn -0.0779 -0.6925 -0.7172
vn -0.1138 -0.6680 0.7354
vn -0.5888 -0.6027 0.5385
vn -0.1671 0.7830 0.5991
vn -0.1465 -0.5906 0.7936
vn -0.1477 0.5907 0.7933
vn -0.1481 -0.1932 0.9699
vn -0.1452 -0.9894 -0.0043
vn 0.0000 0.6818 -0.7316
vn -0.9882 -0.1533 0.0000
vn -0.6638 0.7479 -0.0000
vn -0.9775 0.2111 0.0000
vn -1.0000 -0.0000 0.0000
vn -0.9627 -0.2706 0.0000
vn -0.6703 -0.7421 0.0000
vn 0.6258 -0.7800 0.0040
vn 0.6790 -0.7060 -0.2014
vn -0.0439 0.9896 -0.1368
vn 0.6657 -0.7115 0.2249
vn -0.1284 -0.6561 0.7436
vn -0.7632 -0.4383 -0.4748
vn -0.6626 0.5113 0.5474
vn -0.7119 0.6890 0.1360
vn -0.6976 -0.7029 -0.1387
vn -0.7568 0.6536 0.0000
vn -0.6536 -0.7568 -0.0000
vn -0.7119 0.6890 -0.1360
vn -0.6976 -0.7029 0.1387
vn -0.6625 0.5113 -0.5474
vn -0.7633 -0.4382 0.4747
vn 0.3426 -0.2607 -0.9026
vn -0.7628 0.0000 0.6466
vn -0.7680 -0.0000 -0.6405
vn -1.0000 -0.0000 0.0080
vn -0.8147 -0.5799 0.0071
vn 0.4370 -0.8220 0.3650
vn -0.0008 -1.0000 0.0000
vn 0.5824 -0.8087 0.0828
vn 0.3761 -0.8922 -0.2502
vn 0.5089 -0.6204 0.5968
vn 0.4109 -0.9002 0.1443
vn 0.3289 -0.8656 -0.3774
vn 0.4174 -0.8098 -0.4124
vn -0.3358 0.0000 -0.9419
vn -0.1366 -0.9685 -0.2082
vn -0.5067 0.0000 -0.8621
vn -0.0764 -0.9915 -0.1052
vn -0.9508 0.2256 -0.2122
vn -0.4694 -0.8830 -0.0025
vn -0.4700 -0.8826 0.0001
vn -0.9589 0.2839 0.0035
vn -0.4693 -0.8830 0.0025
vn -0.9505 0.2225 0.2171
vn -0.0860 -0.9953 0.0449
vn -0.4618 0.0000 0.8870
vn -0.1350 -0.0000 0.9909
vn -0.0739 -0.9861 0.1486
vn -0.3766 -0.1847 -0.9078
vn -0.7466 -0.3113 -0.5879
vn -0.5952 -0.1578 -0.7879
vn -0.9147 -0.3411 -0.2169
vn -0.6703 -0.5715 -0.4734
vn -0.8768 -0.4808 0.0046
vn -0.6942 -0.7196 0.0153
vn -0.9137 -0.3401 0.2226
vn -0.6725 -0.5639 0.4794
vn -0.7157 -0.3049 0.6283
vn -0.5552 -0.1540 0.8173
vn -0.1820 -0.1634 0.9696
vn -0.4342 -0.2017 -0.8779
vn -0.7410 -0.2416 -0.6265
vn -0.9428 -0.2455 -0.2256
vn -0.9683 -0.2499 0.0043
vn -0.9415 -0.2456 0.2309
vn -0.7016 -0.2380 0.6717
vn -0.1580 -0.1680 0.9730
vn -0.3932 0.2811 -0.8754
vn -0.7355 0.2639 -0.6240
vn -0.9372 0.2671 -0.2242
vn -0.9623 0.2720 0.0043
vn -0.9359 0.2671 0.2295
vn -0.6958 0.2601 0.6695
vn -0.1233 0.1971 0.9726
vn -0.8011 0.2468 -0.5453
vn -0.9392 0.2598 -0.2247
vn -0.9659 0.2588 0.0045
vn -0.9378 0.2601 0.2300
vn -0.7680 0.2425 0.5928
vn -0.1481 0.9137 -0.3785
vn 0.2190 0.5899 0.7772
vn 0.5585 0.6363 0.5322
vn -0.2431 0.9311 -0.2718
vn -0.2622 0.9616 -0.0808
vn 0.7726 0.5899 0.2348
vn -0.3100 0.9507 0.0018
vn 0.7938 0.6082 -0.0040
vn -0.2624 0.9613 0.0832
vn 0.7708 0.5901 -0.2401
vn -0.2364 0.9184 0.3173
vn 0.5205 0.6467 -0.5576
vn 0.1145 0.6105 -0.7837
vn -0.0465 0.8957 0.4422
vn -0.1746 -0.4983 0.8493
vn 0.0926 -0.8394 -0.5355
vn 0.3742 -0.8722 -0.3150
vn -0.7109 -0.4563 0.5352
vn -0.8389 -0.5061 0.2002
vn 0.4982 -0.8588 -0.1192
vn -0.8730 -0.4877 0.0041
vn 0.4994 -0.8664 -0.0022
vn -0.8400 -0.5063 -0.1950
vn 0.4996 -0.8584 0.1163
vn -0.7279 -0.4632 -0.5056
vn 0.3932 -0.8692 0.2999
vn -0.4270 -0.2474 -0.8697
vn -0.4279 0.2952 -0.8543
vn -0.8039 -0.2026 -0.5592
vn -0.9533 -0.1956 -0.2301
vn -0.9813 -0.1926 0.0047
vn -0.9519 -0.1962 0.2354
vn -0.7680 -0.2019 0.6078
vn -0.2536 -0.2264 0.9404
vn -0.2775 0.2512 0.9273
vn -0.7742 -0.2197 -0.5935
vn -0.9535 -0.1995 -0.2260
vn -0.9798 -0.2000 0.0042
vn -0.9521 -0.1999 0.2314
vn -0.7358 -0.2217 0.6399
vn 0.1374 -0.8485 0.5111
vn -0.2877 -0.4712 -0.8338
vn -0.3829 -0.8525 -0.3559
vn -0.4882 -0.8663 -0.1061
vn -0.5350 -0.8447 0.0143
vn -0.5201 -0.8443 0.1289
vn -0.4739 -0.8770 0.0786
vn -0.0008 -1.0000 0.0005
vn -0.7833 -0.0508 -0.6196
vn -0.6713 -0.0616 -0.7386
vn -0.9599 -0.0173 -0.2798
vn -0.9715 -0.0145 -0.2368
vn -0.9999 0.0029 0.0123
vn -1.0000 0.0015 -0.0008
vn -0.9560 0.0143 0.2931
vn -0.9715 0.0124 0.2366
vn -0.6971 0.0207 0.7166
vn -0.7583 0.0199 0.6516
vn 0.9966 -0.0587 0.0578
vn 0.9996 0.0000 0.0291
vn 0.7649 0.0000 -0.6442
vn 0.7613 -0.0961 -0.6412
vn 0.5785 -0.0000 -0.8157
vn 0.5741 -0.1134 -0.8109
vn 0.0504 0.0000 -0.9987
vn 0.0432 -0.1325 -0.9902
vn -0.6579 0.0000 -0.7531
vn -0.9586 0.0000 -0.2847
vn -1.0000 0.0000 0.0056
vn -0.9566 0.0000 0.2913
vn -0.6989 0.0000 0.7152
vn 0.0697 -0.0000 0.9976
vn 0.0589 -0.0023 0.9983
vn 0.5811 0.0000 0.8138
vn 0.5769 -0.0130 0.8167
vn 0.6951 -0.0000 0.7189
vn 0.6936 -0.0114 0.7203
vn -0.6580 0.0000 -0.7531
vn -0.9566 -0.0000 0.2913
vn -0.6989 -0.0000 0.7152
vn 0.0697 0.0000 0.9976
vn -0.9586 -0.0000 -0.2847
vn 0.6951 0.0000 0.7189
vn 0.5785 0.0000 -0.8157
vn -1.0000 -0.0000 0.0056
vn 0.5811 -0.0000 0.8138
vn 0.9996 0.0000 0.0290
vn 1.0000 0.0000 0.0064
vn 0.9587 0.0000 -0.2844
vn 0.8444 0.0000 -0.5357
vn 0.0700 0.0000 -0.9975
vn -0.2413 -0.4460 -0.8619
vn -0.7936 0.0000 -0.6084
vn -0.9725 0.0000 -0.2327
vn -1.0000 0.0000 0.0046
vn -0.9712 -0.0000 0.2382
vn -0.7566 -0.0000 0.6538
vn 0.1013 -0.0000 0.9949
vn -0.0703 -0.3438 0.9364
vn 0.8124 0.0000 0.5830
vn 0.9474 -0.0000 0.3201
vn 1.0000 -0.0000 0.0064
vn -1.0000 0.0000 0.0045
vn -0.7566 0.0000 0.6538
vn 0.8124 -0.0000 0.5830
vn 0.9474 0.0000 0.3201
vn 0.1013 0.0000 0.9949
vn 0.9980 -0.0627 -0.0043
vn 0.9555 -0.0828 -0.2832
vn 0.8247 -0.1151 -0.5538
vn 0.0656 -0.1106 -0.9917
vn 0.1115 -0.0023 0.9938
vn 0.8166 -0.0397 0.5759
vn 0.9466 -0.0469 0.3190
vn -0.6580 -0.0000 -0.7531
vn 0.8537 0.5012 0.1414
vn 0.6854 0.4439 -0.5771
vn 0.5045 0.4661 -0.7268
vn 0.0505 0.4564 -0.8883
vn -0.5580 0.5170 -0.6491
vn -0.8623 0.4415 -0.2480
vn -0.9059 0.4230 0.0230
vn -0.8846 0.3733 0.2796
vn -0.6167 0.2457 0.7479
vn 0.0754 0.1153 0.9905
vn 0.5545 0.1631 0.8160
vn 0.6686 0.2386 0.7043
vn 0.8845 0.4658 -0.0255
vn 0.6519 0.4954 -0.5742
vn 0.4946 0.4880 -0.7192
vn 0.0409 0.5167 -0.8552
vn -0.5641 0.5028 -0.6549
vn -0.8301 0.4920 -0.2625
vn -0.8877 0.4602 -0.0136
vn -0.8534 0.4542 0.2557
vn -0.6907 0.4988 0.5235
vn 0.0615 0.5137 0.8558
vn 0.5906 0.3967 0.7027
vn 0.6412 0.3540 0.6809
vn 0.9807 -0.1947 0.0194
vn 0.8063 -0.2491 -0.5366
vn 0.6394 -0.2229 -0.7359
vn 0.0362 -0.8622 -0.5053
vn 0.0540 -0.1872 -0.9808
vn -0.6841 -0.2130 -0.6975
vn -0.9499 -0.2088 -0.2325
vn -0.9827 -0.1852 0.0002
vn -0.9612 -0.1444 0.2352
vn -0.9776 -0.1589 0.1382
vn -0.7944 0.3214 0.5154
vn -0.5229 -0.7690 0.3679
vn 0.0610 -0.7401 0.6698
vn 0.0641 0.3966 0.9158
vn 0.5520 -0.7656 0.3305
vn 0.8317 0.3282 0.4479
vn 0.9304 -0.1272 0.3438
vn 0.7745 -0.0796 0.6275
vn 0.5038 0.7212 0.4754
vn 0.0300 0.9081 0.4176
vn -0.4630 0.7304 0.5020
vn -0.5271 -0.8242 0.2069
vn -0.5705 -0.8211 0.0153
vn -0.5263 -0.8252 -0.2050
vn -0.5774 0.6332 -0.5155
vn -0.7241 0.6674 -0.1742
vn -0.7462 0.6657 0.0031
vn -0.7232 0.6673 0.1779
vn -0.5512 0.6220 0.5561
vn -0.7372 0.6756 0.0090
vn -0.6520 0.7581 0.0107
vn -0.5262 0.6092 0.5933
vn -0.6650 0.5072 0.5482
vn -0.2737 0.3146 0.9089
vn -0.4804 0.2059 0.8525
vn 0.0059 -0.0085 0.9999
vn -0.2582 -0.0968 0.9612
vn -0.2240 -0.3838 0.8958
vn 0.2200 -0.2555 0.9415
vn 0.4682 -0.5415 0.6982
vn 0.0283 -0.7224 0.6909
vn 0.6562 -0.7545 0.0124
vn 0.1091 -0.9940 0.0080
vn 0.4745 -0.5487 -0.6883
vn 0.0366 -0.7316 -0.6808
vn 0.2209 -0.2566 -0.9409
vn -0.2233 -0.3849 -0.8955
vn 0.0059 -0.0085 -0.9999
vn -0.2578 -0.0966 -0.9614
vn -0.2748 0.3159 -0.9081
vn -0.4812 0.2070 -0.8518
vn -0.5310 0.6148 -0.5831
vn -0.6690 0.5127 -0.5382
vn -0.6042 0.7967 0.0112
vn -0.4755 0.6340 0.6099
vn -0.2315 0.3146 0.9206
vn 0.0169 -0.0174 0.9997
vn 0.2076 -0.2735 0.9392
vn 0.4311 -0.5763 0.6943
vn 0.5916 -0.8062 0.0121
vn 0.4368 -0.5842 -0.6840
vn 0.2085 -0.2747 -0.9387
vn 0.0169 -0.0174 -0.9997
vn -0.2324 0.3158 -0.9199
vn -0.4802 0.6400 -0.5999
vn -0.5254 0.8508 0.0111
vn -0.4166 0.6738 0.6103
vn -0.2111 0.3407 0.9162
vn 0.0059 -0.0100 0.9999
vn 0.1715 -0.2776 0.9453
vn 0.3704 -0.5989 0.7101
vn 0.5266 -0.8500 0.0126
vn 0.3756 -0.6073 -0.7001
vn 0.1722 -0.2788 -0.9448
vn 0.0059 -0.0100 -0.9999
vn -0.2119 0.3421 -0.9155
vn -0.4207 0.6804 -0.6000
vn -0.5339 0.8455 0.0111
vn -0.4227 0.6696 0.6107
vn -0.2129 0.3375 0.9169
vn 0.0071 -0.0112 0.9999
vn 0.1753 -0.2776 0.9446
vn 0.3769 -0.5971 0.7081
vn 0.5335 -0.8457 0.0126
vn 0.3822 -0.6055 -0.6981
vn 0.1760 -0.2788 -0.9441
vn 0.0071 -0.0112 -0.9999
vn -0.2138 0.3388 -0.9162
vn -0.4268 0.6762 -0.6005
vn -0.5459 0.8378 0.0110
vn -0.4340 0.6648 0.6080
vn -0.2210 0.3374 0.9150
vn 0.0056 -0.0094 0.9999
vn 0.1786 -0.2740 0.9450
vn 0.3856 -0.5903 0.7091
vn 0.5478 -0.8365 0.0126
vn 0.3910 -0.5986 -0.6992
vn 0.1794 -0.2752 -0.9445
vn 0.0056 -0.0094 -0.9999
vn -0.2219 0.3388 -0.9143
vn -0.4383 0.6713 -0.5977
vn -0.5792 0.8151 0.0109
vn -0.4624 0.6490 0.6042
vn -0.2368 0.3309 0.9135
vn 0.0058 -0.0091 0.9999
vn 0.1910 -0.2685 0.9441
vn 0.4108 -0.5763 0.7065
vn 0.5818 -0.8132 0.0126
vn 0.4165 -0.5842 -0.6965
vn 0.1918 -0.2697 -0.9437
vn 0.0058 -0.0091 -0.9999
vn -0.2377 0.3322 -0.9128
vn -0.4668 0.6552 -0.5940
vn -0.5261 0.8504 0.0114
vn -0.4114 0.6701 0.6178
vn -0.1996 0.3294 0.9228
vn 0.0133 -0.0179 0.9998
vn 0.1768 -0.2858 0.9418
vn 0.3725 -0.6078 0.7012
vn 0.5176 -0.8555 0.0123
vn 0.3777 -0.6164 -0.6909
vn 0.1776 -0.2871 -0.9413
vn 0.0133 -0.0179 -0.9998
vn -0.2004 0.3308 -0.9222
vn -0.4155 0.6767 -0.6078
vn -0.5524 0.8335 0.0107
vn -0.4504 0.6626 0.5984
vn -0.2452 0.3457 0.9057
vn -0.0062 0.0007 1.0000
vn 0.1867 -0.2545 0.9489
vn 0.4255 -0.5503 0.7184
vn 0.6333 -0.7738 0.0131
vn 0.4315 -0.5578 -0.7090
vn 0.1874 -0.2556 -0.9484
vn -0.0062 0.0007 -1.0000
vn -0.2462 0.3471 -0.9049
vn -0.4546 0.6691 -0.5879
vn 0.1143 0.9934 0.0088
vn -0.9425 0.3341 0.0072
vn -0.8996 0.2049 0.3858
vn 0.2221 0.8512 0.4756
vn -0.7639 -0.0100 0.6453
vn 0.3696 0.5643 0.7382
vn -0.6407 -0.2863 0.7124
vn 0.5708 0.2352 0.7867
vn -0.5231 -0.5189 0.6761
vn 0.6878 -0.0001 0.7259
vn -0.3612 -0.7866 0.5007
vn 0.8070 -0.2581 0.5312
vn -0.2410 -0.9705 0.0087
vn 0.8805 -0.4739 0.0099
vn -0.3555 -0.7935 -0.4939
vn 0.8089 -0.2651 -0.5248
vn -0.5223 -0.5200 -0.6759
vn 0.6881 -0.0011 -0.7256
vn -0.6408 -0.2863 -0.7123
vn 0.5709 0.2352 -0.7866
vn -0.7642 -0.0089 -0.6449
vn 0.3687 0.5655 -0.7378
vn -0.9008 0.2103 -0.3800
vn 0.2176 0.8566 -0.4679
vn -0.5332 0.8460 0.0066
vn -0.4911 0.8711 0.0063
vn -0.4549 0.8074 0.3758
vn -0.4468 0.8069 0.3864
vn -0.5698 0.6193 0.5402
vn -0.0727 0.7136 0.6968
vn -0.3331 0.8426 0.4232
vn -0.8785 0.2602 -0.4007
vn -0.9354 -0.3526 -0.0250
vn -0.2643 0.1509 0.9526
vn -0.5425 -0.8355 -0.0874
vn 0.0472 -0.4144 0.9089
vn 0.5656 -0.4156 0.7123
vn 0.3233 -0.5829 0.7455
vn 0.5021 -0.7209 0.4777
vn 0.5154 -0.7065 0.4849
vn 0.4521 -0.8919 0.0074
vn 0.5328 -0.8462 0.0079
vn 0.5046 -0.7245 -0.4696
vn 0.5176 -0.7101 -0.4774
vn 0.3507 -0.4219 -0.8361
vn 0.4178 -0.3906 -0.8203
vn -0.0172 0.0014 -0.9999
vn 0.1963 0.0581 -0.9788
vn -0.2947 0.5240 -0.7991
vn -0.1646 0.5643 -0.8090
vn -0.4564 0.8099 -0.3685
vn -0.4483 0.8092 -0.3797
vn -0.5632 0.8263 0.0065
vn -0.5453 0.7485 0.3773
vn -0.4217 0.1831 0.8880
vn -0.4238 0.1813 -0.8874
vn -0.5465 0.7509 -0.3707
vn -0.8843 0.0555 -0.4636
vn -0.8833 0.0552 0.4655
vn 0.1424 0.8641 0.4828
vn 0.4493 0.3167 0.8354
vn 0.5817 -0.3086 0.7526
vn -0.2802 -0.9463 0.1612
vn -0.6092 -0.3377 -0.7175
vn -0.8258 0.4092 -0.3881
vn 0.2495 -0.4692 0.8471
vn 0.2492 0.4690 0.8473
vn -0.9639 -0.0000 0.2661
vn -0.4570 0.2594 0.8508
vn -0.7383 -0.0000 -0.6744
vn -0.6938 -0.1100 0.7117
vn -0.6724 0.0000 0.7402
vn -0.7071 0.0000 0.7071
vn -0.9512 -0.0061 0.3084
vn 0.6281 -0.2368 0.7412
vn -0.5775 -0.2214 0.7858
vn -0.5772 -0.7860 -0.2215
vn 0.5228 -0.8142 -0.2526
vn -0.7032 -0.0136 -0.7109
vn -0.7408 -0.0302 -0.6711
vn -0.7192 0.0994 -0.6877
vn -0.6010 -0.4605 0.6533
vn -0.5450 -0.6797 -0.4909
vn 0.8396 0.1552 0.5206
vn 0.5932 -0.2186 -0.7748
vn -0.6507 -0.2066 -0.7307
vn -0.7071 0.0000 -0.7071
vn -0.7782 0.1813 0.6012
vn -0.7071 -0.0000 0.7071
vn 0.5679 -0.7137 -0.4100
vn -0.6136 -0.6851 -0.3926
vn -0.8263 0.4920 0.2741
vn 0.8791 0.4142 0.2357
vn 0.6483 -0.7571 -0.0810
vn -0.7253 -0.6850 -0.0688
vn -0.6840 0.7226 0.1003
vn 0.7474 0.6572 0.0979
vn 0.7312 -0.5713 -0.3727
vn -0.8169 -0.4693 -0.3352
vn -0.6277 0.6183 0.4729
vn 0.6799 0.5879 0.4383
vn -0.4698 0.3528 -0.8092
vn -0.6630 0.0315 -0.7479
vn -0.7306 0.5021 0.4627
vn -0.3277 -0.7590 -0.5626
vn -0.4320 0.2213 0.8743
vn -0.7322 0.0775 0.6767
vn -0.7443 -0.5927 -0.3078
vn -0.0610 0.4156 0.9075
vn -0.8339 -0.4018 -0.3784
vn -0.5218 -0.8036 -0.2862
vn -0.7330 0.1813 0.6556
vn -0.5289 0.6861 0.4996
vn 0.1018 0.7692 -0.6309
vn 0.5419 0.6302 -0.5560
vn 0.6243 0.7558 -0.1975
vn 0.6791 0.7340 -0.0038
vn 0.6264 0.7551 0.1936
vn 0.5648 0.6385 0.5228
vn 0.2995 0.7866 0.5399
vn -0.6751 0.6293 -0.3851
vn -0.7273 0.6863 0.0056
vn -0.1269 0.5368 0.8341
vn -0.0080 0.2351 0.9719
vn 0.2908 0.9567 0.0090
vn 0.3364 0.7958 0.5035
vn 0.5395 0.4884 0.6859
vn 0.6741 0.2292 0.7022
vn 0.7939 0.0787 0.6029
vn 0.9210 -0.0555 0.3856
vn 0.9957 -0.0924 0.0047
vn 0.9249 -0.0569 -0.3759
vn 0.7950 0.0783 -0.6015
vn 0.6743 0.2294 -0.7019
vn 0.5397 0.4894 -0.6850
vn 0.3360 0.8014 -0.4949
vn 0.0129 -0.6081 0.7937
vn -0.8505 -0.2506 0.4625
vn 0.1214 -0.8391 0.5303
vn 0.2164 -0.9489 0.2296
vn 0.0998 -0.9950 0.0025
vn 0.2183 -0.9493 -0.2262
vn 0.1224 -0.8390 -0.5301
vn 0.0127 -0.6082 -0.7937
vn -0.0302 -0.9995 0.0001
vn -0.0335 -0.9994 -0.0037
vn -0.0335 -0.9994 0.0038
vn -0.4517 -0.6673 -0.5921
vn -0.4511 -0.6669 0.5930
vn -0.1371 0.5278 0.8382
vn -0.2601 0.5760 -0.7750
vn -0.9932 0.1160 0.0046
vn -0.9163 0.1726 0.3613
vn -0.7713 0.0304 0.6358
vn 0.5628 0.1784 0.8071
vn -0.5676 -0.2212 0.7930
vn -0.4686 -0.4713 0.7472
vn -0.4525 -0.7437 0.4921
vn -0.5365 -0.8439 0.0069
vn -0.4532 -0.7498 -0.4821
vn -0.4668 -0.4723 -0.7477
vn -0.5660 -0.2206 -0.7944
vn -0.7713 0.0324 -0.6356
vn -0.9201 0.1733 -0.3513
# 1184 vertex normals

vt 0.2466 0.9874 0.0000
vt 0.2466 0.9527 0.0000
vt 0.2655 0.9640 0.0000
vt 0.2733 0.9874 0.0000
vt 0.2295 0.9874 0.0000
vt 0.2028 0.9874 0.0000
vt 0.2107 0.9640 0.0000
vt 0.2295 0.9527 0.0000
vt 0.9431 0.8293 0.0000
vt 0.9431 0.7936 0.0000
vt 0.9699 0.7936 0.0000
vt 0.9619 0.8293 0.0000
vt 0.9071 0.8293 0.0000
vt 0.8992 0.7936 0.0000
vt 0.9259 0.7936 0.0000
vt 0.9259 0.8293 0.0000
vt 0.9431 0.7840 0.0000
vt 0.9699 0.7840 0.0000
vt 0.6448 0.8806 0.0000
vt 0.6352 0.8806 0.0000
vt 0.6353 0.8656 0.0000
vt 0.6448 0.8656 0.0000
vt 0.8355 0.1165 0.0000
vt 0.8260 0.1165 0.0000
vt 0.8259 0.0816 0.0000
vt 0.8355 0.0816 0.0000
vt 0.8992 0.7840 0.0000
vt 0.9259 0.7840 0.0000
vt 0.9431 0.7353 0.0000
vt 0.9431 0.7087 0.0000
vt 0.9619 0.7087 0.0000
vt 0.9699 0.7353 0.0000
vt 0.8992 0.7353 0.0000
vt 0.9071 0.7087 0.0000
vt 0.9259 0.7087 0.0000
vt 0.9259 0.7353 0.0000
vt 0.1779 0.6997 0.0000
vt 0.1517 0.6965 0.0000
vt 0.1666 0.6808 0.0000
vt 0.1433 0.6730 0.0000
vt 0.1433 0.7434 0.0000
vt 0.1517 0.7199 0.0000
vt 0.1666 0.7356 0.0000
vt 0.1779 0.7168 0.0000
vt 0.6373 0.7295 0.0000
vt 0.6373 0.6962 0.0000
vt 0.6512 0.6962 0.0000
vt 0.6512 0.7295 0.0000
vt 0.4231 0.0785 0.0000
vt 0.4375 0.0785 0.0000
vt 0.4375 0.0909 0.0000
vt 0.4231 0.0909 0.0000
vt 0.4325 0.7776 0.0000
vt 0.4325 0.7511 0.0000
vt 0.4449 0.7511 0.0000
vt 0.4449 0.7776 0.0000
vt 0.5599 0.8333 0.0000
vt 0.5865 0.8333 0.0000
vt 0.5865 0.8653 0.0000
vt 0.5599 0.8457 0.0000
vt 0.6194 0.4536 0.0000
vt 0.6194 0.4111 0.0000
vt 0.6526 0.4111 0.0000
vt 0.6526 0.4536 0.0000
vt 0.2378 0.9874 0.0000
vt 0.2378 0.9527 0.0000
vt 0.9343 0.8293 0.0000
vt 0.9343 0.7936 0.0000
vt 0.9343 0.7840 0.0000
vt 0.9343 0.7353 0.0000
vt 0.9343 0.7087 0.0000
vt 0.7672 0.6329 0.0000
vt 0.7601 0.6330 0.0000
vt 0.7601 0.6265 0.0000
vt 0.7698 0.6242 0.0000
vt 0.6373 0.7399 0.0000
vt 0.6512 0.7399 0.0000
vt 0.6512 0.7509 0.0000
vt 0.6373 0.7596 0.0000
vt 0.7698 0.6413 0.0000
vt 0.7601 0.6390 0.0000
vt 0.3754 0.0184 0.0000
vt 0.3878 0.0184 0.0000
vt 0.3893 0.0300 0.0000
vt 0.3754 0.0300 0.0000
vt 0.5271 0.8251 0.0000
vt 0.5417 0.8003 0.0000
vt 0.5514 0.8038 0.0000
vt 0.5332 0.8349 0.0000
vt 0.5428 0.7920 0.0000
vt 0.5529 0.7935 0.0000
vt 0.5440 0.7833 0.0000
vt 0.5544 0.7826 0.0000
vt 0.5369 0.7554 0.0000
vt 0.5455 0.7476 0.0000
vt 0.6678 0.1527 0.0000
vt 0.6678 0.1207 0.0000
vt 0.6795 0.1207 0.0000
vt 0.6795 0.1548 0.0000
vt 0.7027 0.9696 0.0000
vt 0.6819 0.9696 0.0000
vt 0.6819 0.9350 0.0000
vt 0.7027 0.9350 0.0000
vt 0.8724 0.8207 0.0000
vt 0.8516 0.8207 0.0000
vt 0.8516 0.7861 0.0000
vt 0.8724 0.7861 0.0000
vt 0.7857 0.0411 0.0000
vt 0.7736 0.0411 0.0000
vt 0.7736 0.0066 0.0000
vt 0.7857 0.0066 0.0000
vt 0.7623 0.0411 0.0000
vt 0.7623 0.0066 0.0000
vt 0.8302 0.4592 0.0000
vt 0.8277 0.4551 0.0000
vt 0.8494 0.4570 0.0000
vt 0.8311 0.4511 0.0000
vt 0.7730 0.6503 0.0000
vt 0.7601 0.6494 0.0000
vt 0.8334 0.4637 0.0000
vt 0.8352 0.4461 0.0000
vt 0.7601 0.5975 0.0000
vt 0.7730 0.6130 0.0000
vt 0.2021 0.9154 0.0000
vt 0.1661 0.9027 0.0000
vt 0.1806 0.8702 0.0000
vt 0.2166 0.8828 0.0000
vt 0.1203 0.8842 0.0000
vt 0.1362 0.8485 0.0000
vt 0.1326 0.0027 0.0000
vt 0.1400 0.0013 0.0000
vt 0.1400 0.0092 0.0000
vt 0.1326 0.0091 0.0000
vt 0.1469 0.0027 0.0000
vt 0.1469 0.0091 0.0000
vt 0.2378 0.0005 0.0000
vt 0.2829 0.0206 0.0000
vt 0.2695 0.0536 0.0000
vt 0.2231 0.0367 0.0000
vt 0.3182 0.0348 0.0000
vt 0.3048 0.0679 0.0000
vt 0.1918 0.8450 0.0000
vt 0.1485 0.8209 0.0000
vt 0.1617 0.7993 0.0000
vt 0.2038 0.8180 0.0000
vt 0.9051 0.0005 0.0000
vt 0.9174 0.0069 0.0000
vt 0.9197 0.0256 0.0000
vt 0.9084 0.0256 0.0000
vt 0.9419 0.0186 0.0000
vt 0.9420 0.0256 0.0000
vt 0.9650 0.0069 0.0000
vt 0.9630 0.0256 0.0000
vt 0.9772 0.0005 0.0000
vt 0.9742 0.0256 0.0000
vt 0.2118 0.0648 0.0000
vt 0.2592 0.0791 0.0000
vt 0.2482 0.1065 0.0000
vt 0.2054 0.0893 0.0000
vt 0.2945 0.0934 0.0000
vt 0.2834 0.1208 0.0000
vt 0.1950 0.7717 0.0000
vt 0.2277 0.7862 0.0000
vt 0.9245 0.0643 0.0000
vt 0.9158 0.0643 0.0000
vt 0.9418 0.0643 0.0000
vt 0.9581 0.0643 0.0000
vt 0.9668 0.0643 0.0000
vt 0.2419 0.1457 0.0000
vt 0.2088 0.1324 0.0000
vt 0.2556 0.7953 0.0000
vt 0.2480 0.7405 0.0000
vt 0.2759 0.7496 0.0000
vt 0.2154 0.7260 0.0000
vt 0.9245 0.1144 0.0000
vt 0.9158 0.1144 0.0000
vt 0.9418 0.1144 0.0000
vt 0.9581 0.1144 0.0000
vt 0.9668 0.1144 0.0000
vt 0.2231 0.1921 0.0000
vt 0.1900 0.1788 0.0000
vt 0.2689 0.1567 0.0000
vt 0.2502 0.2031 0.0000
vt 0.9214 0.1365 0.0000
vt 0.9111 0.1365 0.0000
vt 0.9419 0.1365 0.0000
vt 0.9612 0.1365 0.0000
vt 0.9715 0.1365 0.0000
vt 0.6884 0.4866 0.0000
vt 0.6946 0.5161 0.0000
vt 0.6897 0.5192 0.0000
vt 0.6849 0.4866 0.0000
vt 0.7155 0.5562 0.0000
vt 0.7242 0.5599 0.0000
vt 0.7225 0.5644 0.0000
vt 0.7128 0.5602 0.0000
vt 0.7416 0.5632 0.0000
vt 0.7417 0.5681 0.0000
vt 0.7580 0.5599 0.0000
vt 0.7599 0.5644 0.0000
vt 0.7667 0.5562 0.0000
vt 0.7695 0.5602 0.0000
vt 0.7827 0.5161 0.0000
vt 0.7813 0.4866 0.0000
vt 0.7856 0.4866 0.0000
vt 0.7872 0.5192 0.0000
vt 0.6249 0.1348 0.0000
vt 0.6213 0.1819 0.0000
vt 0.6135 0.1868 0.0000
vt 0.6175 0.1348 0.0000
vt 0.6540 0.2527 0.0000
vt 0.6676 0.2573 0.0000
vt 0.6647 0.2646 0.0000
vt 0.6498 0.2596 0.0000
vt 0.6931 0.2613 0.0000
vt 0.6929 0.2691 0.0000
vt 0.7202 0.2573 0.0000
vt 0.7229 0.2646 0.0000
vt 0.7338 0.2527 0.0000
vt 0.7380 0.2596 0.0000
vt 0.2849 0.7293 0.0000
vt 0.2411 0.7132 0.0000
vt 0.2566 0.6785 0.0000
vt 0.3004 0.6946 0.0000
vt 0.2133 0.7008 0.0000
vt 0.2287 0.6661 0.0000
vt 0.9214 0.1745 0.0000
vt 0.9111 0.1745 0.0000
vt 0.9419 0.1745 0.0000
vt 0.9612 0.1745 0.0000
vt 0.9715 0.1745 0.0000
vt 0.1704 0.1948 0.0000
vt 0.1987 0.2062 0.0000
vt 0.1844 0.2414 0.0000
vt 0.1562 0.2300 0.0000
vt 0.2419 0.2236 0.0000
vt 0.2276 0.2588 0.0000
vt 0.9256 0.1979 0.0000
vt 0.9175 0.1979 0.0000
vt 0.9418 0.1979 0.0000
vt 0.9570 0.1979 0.0000
vt 0.9650 0.1979 0.0000
vt 0.2278 0.8576 0.0000
vt 0.2398 0.8307 0.0000
vt 0.7746 0.1819 0.0000
vt 0.7807 0.1348 0.0000
vt 0.7879 0.1348 0.0000
vt 0.7832 0.1868 0.0000
vt 0.8635 0.4471 0.0000
vt 0.8644 0.4511 0.0000
vt 0.8647 0.4588 0.0000
vt 0.8628 0.4659 0.0000
vt 0.8612 0.4695 0.0000
vt 0.8463 0.4750 0.0000
vt 0.9175 0.2149 0.0000
vt 0.9256 0.2149 0.0000
vt 0.9547 0.3988 0.0000
vt 0.9510 0.3988 0.0000
vt 0.9418 0.2149 0.0000
vt 0.9622 0.3988 0.0000
vt 0.9570 0.2149 0.0000
vt 0.9692 0.3988 0.0000
vt 0.9650 0.2149 0.0000
vt 0.9729 0.3988 0.0000
vt 0.6067 0.1994 0.0000
vt 0.6025 0.1994 0.0000
vt 0.6025 0.1954 0.0000
vt 0.6067 0.1954 0.0000
vt 0.5972 0.1994 0.0000
vt 0.5972 0.1954 0.0000
vt 0.3567 0.4776 0.0000
vt 0.3409 0.4706 0.0000
vt 0.3426 0.4669 0.0000
vt 0.3583 0.4739 0.0000
vt 0.3249 0.4635 0.0000
vt 0.3266 0.4598 0.0000
vt 0.9547 0.4028 0.0000
vt 0.9510 0.4028 0.0000
vt 0.9622 0.4028 0.0000
vt 0.9692 0.4028 0.0000
vt 0.9729 0.4028 0.0000
vt 0.0773 0.4399 0.0000
vt 0.0935 0.4465 0.0000
vt 0.0920 0.4502 0.0000
vt 0.0758 0.4436 0.0000
vt 0.1095 0.4530 0.0000
vt 0.1079 0.4567 0.0000
vt 0.1136 0.4546 0.0000
vt 0.1121 0.4584 0.0000
vt 0.6104 0.1994 0.0000
vt 0.6104 0.1954 0.0000
vt 0.6025 0.1918 0.0000
vt 0.6067 0.1918 0.0000
vt 0.5972 0.1918 0.0000
vt 0.3440 0.4637 0.0000
vt 0.3598 0.4707 0.0000
vt 0.3280 0.4566 0.0000
vt 0.9547 0.4063 0.0000
vt 0.9510 0.4063 0.0000
vt 0.9622 0.4063 0.0000
vt 0.9692 0.4063 0.0000
vt 0.9729 0.4063 0.0000
vt 0.0906 0.4535 0.0000
vt 0.0744 0.4469 0.0000
vt 0.1066 0.4600 0.0000
vt 0.1107 0.4616 0.0000
vt 0.6104 0.1918 0.0000
vt 0.6025 0.1872 0.0000
vt 0.6067 0.1872 0.0000
vt 0.5972 0.1872 0.0000
vt 0.3459 0.4594 0.0000
vt 0.3617 0.4664 0.0000
vt 0.3299 0.4523 0.0000
vt 0.9547 0.4110 0.0000
vt 0.9510 0.4110 0.0000
vt 0.9622 0.4110 0.0000
vt 0.9692 0.4110 0.0000
vt 0.9729 0.4110 0.0000
vt 0.0889 0.4578 0.0000
vt 0.0727 0.4513 0.0000
vt 0.1049 0.4643 0.0000
vt 0.1090 0.4660 0.0000
vt 0.6104 0.1872 0.0000
vt 0.6025 0.1835 0.0000
vt 0.6067 0.1835 0.0000
vt 0.5972 0.1835 0.0000
vt 0.3474 0.4561 0.0000
vt 0.3631 0.4631 0.0000
vt 0.3314 0.4489 0.0000
vt 0.9547 0.4147 0.0000
vt 0.9510 0.4147 0.0000
vt 0.9622 0.4147 0.0000
vt 0.9692 0.4147 0.0000
vt 0.9729 0.4147 0.0000
vt 0.0875 0.4612 0.0000
vt 0.0713 0.4547 0.0000
vt 0.1035 0.4677 0.0000
vt 0.1076 0.4694 0.0000
vt 0.6104 0.1835 0.0000
vt 0.6025 0.0305 0.0000
vt 0.6067 0.0305 0.0000
vt 0.5972 0.0305 0.0000
vt 0.4096 0.3162 0.0000
vt 0.4254 0.3232 0.0000
vt 0.3937 0.3091 0.0000
vt 0.9547 0.5677 0.0000
vt 0.9510 0.5677 0.0000
vt 0.9622 0.5677 0.0000
vt 0.9692 0.5677 0.0000
vt 0.9729 0.5677 0.0000
vt 0.0302 0.6031 0.0000
vt 0.0140 0.5966 0.0000
vt 0.0462 0.6096 0.0000
vt 0.0503 0.6113 0.0000
vt 0.6104 0.0305 0.0000
vt 0.5858 0.3897 0.0000
vt 0.5770 0.3897 0.0000
vt 0.5770 0.3861 0.0000
vt 0.5858 0.3861 0.0000
vt 0.5659 0.3897 0.0000
vt 0.5659 0.3861 0.0000
vt 0.3011 0.6611 0.0000
vt 0.2726 0.6601 0.0000
vt 0.2741 0.6568 0.0000
vt 0.3026 0.6578 0.0000
vt 0.2458 0.6482 0.0000
vt 0.2473 0.6449 0.0000
vt 0.9256 0.2015 0.0000
vt 0.9175 0.2015 0.0000
vt 0.9418 0.2015 0.0000
vt 0.9570 0.2015 0.0000
vt 0.9650 0.2015 0.0000
vt 0.1552 0.2547 0.0000
vt 0.1823 0.2657 0.0000
vt 0.1810 0.2691 0.0000
vt 0.1538 0.2581 0.0000
vt 0.2029 0.2855 0.0000
vt 0.2015 0.2888 0.0000
vt 0.6032 0.3897 0.0000
vt 0.5941 0.3897 0.0000
vt 0.5941 0.3861 0.0000
vt 0.6032 0.3861 0.0000
vt 0.5770 0.3807 0.0000
vt 0.5858 0.3807 0.0000
vt 0.5659 0.3807 0.0000
vt 0.2763 0.6518 0.0000
vt 0.3048 0.6529 0.0000
vt 0.2495 0.6399 0.0000
vt 0.9256 0.2069 0.0000
vt 0.9175 0.2069 0.0000
vt 0.9418 0.2069 0.0000
vt 0.9570 0.2069 0.0000
vt 0.9650 0.2069 0.0000
vt 0.1790 0.2741 0.0000
vt 0.1518 0.2631 0.0000
vt 0.1995 0.2938 0.0000
vt 0.5941 0.3807 0.0000
vt 0.6032 0.3807 0.0000
vt 0.5770 0.3771 0.0000
vt 0.5858 0.3771 0.0000
vt 0.5659 0.3771 0.0000
vt 0.2777 0.6486 0.0000
vt 0.3062 0.6496 0.0000
vt 0.2510 0.6367 0.0000
vt 0.9256 0.2105 0.0000
vt 0.9175 0.2105 0.0000
vt 0.9418 0.2105 0.0000
vt 0.9570 0.2105 0.0000
vt 0.9650 0.2105 0.0000
vt 0.1776 0.2774 0.0000
vt 0.1505 0.2664 0.0000
vt 0.1982 0.2971 0.0000
vt 0.5941 0.3771 0.0000
vt 0.6032 0.3771 0.0000
vt 0.5770 0.3726 0.0000
vt 0.5858 0.3726 0.0000
vt 0.5659 0.3726 0.0000
vt 0.2796 0.6445 0.0000
vt 0.3080 0.6455 0.0000
vt 0.2528 0.6326 0.0000
vt 0.1759 0.2815 0.0000
vt 0.1488 0.2706 0.0000
vt 0.1965 0.3013 0.0000
vt 0.5941 0.3726 0.0000
vt 0.6032 0.3726 0.0000
vt 0.6025 0.0263 0.0000
vt 0.6067 0.0263 0.0000
vt 0.5972 0.0263 0.0000
vt 0.4113 0.3124 0.0000
vt 0.4271 0.3194 0.0000
vt 0.3954 0.3053 0.0000
vt 0.9547 0.5719 0.0000
vt 0.9510 0.5719 0.0000
vt 0.9622 0.5719 0.0000
vt 0.9692 0.5719 0.0000
vt 0.9729 0.5719 0.0000
vt 0.0286 0.6070 0.0000
vt 0.0124 0.6005 0.0000
vt 0.0446 0.6135 0.0000
vt 0.0487 0.6152 0.0000
vt 0.6104 0.0263 0.0000
vt 0.6025 0.0221 0.0000
vt 0.6067 0.0221 0.0000
vt 0.5972 0.0221 0.0000
vt 0.4130 0.3086 0.0000
vt 0.4288 0.3156 0.0000
vt 0.3971 0.3015 0.0000
vt 0.9547 0.5761 0.0000
vt 0.9510 0.5761 0.0000
vt 0.9622 0.5761 0.0000
vt 0.9692 0.5761 0.0000
vt 0.9729 0.5761 0.0000
vt 0.0271 0.6109 0.0000
vt 0.0108 0.6043 0.0000
vt 0.0430 0.6174 0.0000
vt 0.0472 0.6190 0.0000
vt 0.6104 0.0221 0.0000
vt 0.6025 0.0184 0.0000
vt 0.6067 0.0184 0.0000
vt 0.5972 0.0184 0.0000
vt 0.4146 0.3052 0.0000
vt 0.4303 0.3122 0.0000
vt 0.3986 0.2981 0.0000
vt 0.9547 0.5798 0.0000
vt 0.9510 0.5798 0.0000
vt 0.9622 0.5798 0.0000
vt 0.9692 0.5798 0.0000
vt 0.9729 0.5798 0.0000
vt 0.0257 0.6144 0.0000
vt 0.0094 0.6078 0.0000
vt 0.0416 0.6208 0.0000
vt 0.0458 0.6225 0.0000
vt 0.6104 0.0184 0.0000
vt 0.0578 0.6533 0.0000
vt 0.0542 0.6491 0.0000
vt 0.0599 0.6457 0.0000
vt 0.0644 0.6507 0.0000
vt 0.0498 0.6438 0.0000
vt 0.0543 0.6392 0.0000
vt 0.0325 0.6373 0.0000
vt 0.0324 0.6314 0.0000
vt 0.0150 0.6420 0.0000
vt 0.0102 0.6370 0.0000
vt 0.0135 0.6457 0.0000
vt 0.0082 0.6415 0.0000
vt 0.0121 0.6531 0.0000
vt 0.0065 0.6505 0.0000
vt 0.6370 0.2677 0.0000
vt 0.6319 0.2628 0.0000
vt 0.6383 0.2592 0.0000
vt 0.6446 0.2652 0.0000
vt 0.6287 0.2604 0.0000
vt 0.6344 0.2564 0.0000
vt 0.0237 0.6190 0.0000
vt 0.0031 0.6106 0.0000
vt 0.0439 0.6272 0.0000
vt 0.8515 0.9508 0.0000
vt 0.8455 0.9509 0.0000
vt 0.8400 0.9453 0.0000
vt 0.8475 0.9453 0.0000
vt 0.8404 0.9511 0.0000
vt 0.8337 0.9455 0.0000
vt 0.5216 0.3324 0.0000
vt 0.5122 0.3324 0.0000
vt 0.5119 0.3040 0.0000
vt 0.5171 0.3040 0.0000
vt 0.5004 0.3325 0.0000
vt 0.5053 0.3041 0.0000
vt 0.8846 0.8566 0.0000
vt 0.8594 0.8567 0.0000
vt 0.8594 0.8337 0.0000
vt 0.8734 0.8337 0.0000
vt 0.8337 0.8567 0.0000
vt 0.8452 0.8337 0.0000
vt 0.7184 0.8374 0.0000
vt 0.7184 0.8305 0.0000
vt 0.7414 0.8186 0.0000
vt 0.7414 0.8224 0.0000
vt 0.7184 0.8167 0.0000
vt 0.7414 0.8109 0.0000
vt 0.7184 0.8037 0.0000
vt 0.7414 0.8037 0.0000
vt 0.7184 0.7968 0.0000
vt 0.7414 0.7999 0.0000
vt 0.2386 0.6049 0.0000
vt 0.2386 0.5793 0.0000
vt 0.2615 0.5792 0.0000
vt 0.2615 0.5934 0.0000
vt 0.2386 0.5540 0.0000
vt 0.2615 0.5652 0.0000
vt 0.1562 0.1909 0.0000
vt 0.1660 0.1909 0.0000
vt 0.1547 0.2155 0.0000
vt 0.1493 0.2155 0.0000
vt 0.9951 0.1008 0.0000
vt 0.9882 0.1008 0.0000
vt 0.9938 0.0779 0.0000
vt 0.9976 0.0779 0.0000
vt 0.6155 0.2578 0.0000
vt 0.6135 0.2341 0.0000
vt 0.6324 0.2326 0.0000
vt 0.8717 0.9477 0.0000
vt 0.8595 0.9227 0.0000
vt 0.8837 0.9251 0.0000
vt 0.5734 0.9161 0.0000
vt 0.5727 0.8932 0.0000
vt 0.6191 0.8932 0.0000
vt 0.6198 0.9161 0.0000
vt 0.8414 0.5212 0.0000
vt 0.8285 0.5098 0.0000
vt 0.8563 0.5157 0.0000
vt 0.7184 0.7504 0.0000
vt 0.7414 0.7535 0.0000
vt 0.4983 0.9508 0.0000
vt 0.4753 0.9508 0.0000
vt 0.4757 0.9170 0.0000
vt 0.5012 0.9170 0.0000
vt 0.4508 0.9508 0.0000
vt 0.4486 0.9170 0.0000
vt 0.4385 0.9508 0.0000
vt 0.4350 0.9170 0.0000
vt 0.7954 0.7054 0.0000
vt 0.7829 0.7054 0.0000
vt 0.7878 0.6730 0.0000
vt 0.8029 0.6730 0.0000
vt 0.7582 0.7054 0.0000
vt 0.7579 0.6730 0.0000
vt 0.7349 0.7054 0.0000
vt 0.7296 0.6730 0.0000
vt 0.7226 0.7054 0.0000
vt 0.7147 0.6730 0.0000
vt 0.0005 0.0498 0.0000
vt 0.0023 0.0370 0.0000
vt 0.0482 0.0362 0.0000
vt 0.0462 0.0503 0.0000
vt 0.8639 0.6071 0.0000
vt 0.8725 0.6057 0.0000
vt 0.8725 0.6089 0.0000
vt 0.8639 0.6103 0.0000
vt 0.1888 0.0275 0.0000
vt 0.1886 0.0333 0.0000
vt 0.1846 0.0345 0.0000
vt 0.1849 0.0287 0.0000
vt 0.1880 0.0451 0.0000
vt 0.1841 0.0463 0.0000
vt 0.1875 0.0551 0.0000
vt 0.1874 0.0636 0.0000
vt 0.1834 0.0648 0.0000
vt 0.1835 0.0563 0.0000
vt 0.3826 0.6950 0.0000
vt 0.3814 0.6852 0.0000
vt 0.3854 0.6841 0.0000
vt 0.3866 0.6939 0.0000
vt 0.0015 0.0108 0.0000
vt 0.0005 0.0005 0.0000
vt 0.0046 0.0007 0.0000
vt 0.0056 0.0110 0.0000
vt 0.1307 0.8041 0.0000
vt 0.1247 0.8101 0.0000
vt 0.1228 0.8064 0.0000
vt 0.1288 0.8004 0.0000
vt 0.1179 0.8174 0.0000
vt 0.1160 0.8137 0.0000
vt 0.1097 0.8260 0.0000
vt 0.1079 0.8224 0.0000
vt 0.1058 0.8302 0.0000
vt 0.1039 0.8265 0.0000
vt 0.8548 0.6057 0.0000
vt 0.8548 0.6089 0.0000
vt 0.6157 0.3909 0.0000
vt 0.6135 0.3816 0.0000
vt 0.6171 0.3801 0.0000
vt 0.6193 0.3894 0.0000
vt 0.1810 0.0358 0.0000
vt 0.1812 0.0301 0.0000
vt 0.1805 0.0477 0.0000
vt 0.1799 0.0577 0.0000
vt 0.1798 0.0661 0.0000
vt 0.3890 0.6829 0.0000
vt 0.3903 0.6927 0.0000
vt 0.0085 0.0010 0.0000
vt 0.0094 0.0113 0.0000
vt 0.1213 0.8029 0.0000
vt 0.1273 0.7969 0.0000
vt 0.1145 0.8102 0.0000
vt 0.1063 0.8188 0.0000
vt 0.1023 0.8230 0.0000
vt 0.6198 0.3967 0.0000
vt 0.6234 0.3952 0.0000
vt 0.6255 0.3717 0.0000
vt 0.6242 0.3631 0.0000
vt 0.6270 0.3631 0.0000
vt 0.6284 0.3717 0.0000
vt 0.1777 0.0364 0.0000
vt 0.1780 0.0306 0.0000
vt 0.1772 0.0482 0.0000
vt 0.1766 0.0582 0.0000
vt 0.1765 0.0667 0.0000
vt 0.6259 0.3442 0.0000
vt 0.6242 0.3355 0.0000
vt 0.6270 0.3355 0.0000
vt 0.6288 0.3442 0.0000
vt 0.6259 0.3264 0.0000
vt 0.6288 0.3264 0.0000
vt 0.1194 0.8002 0.0000
vt 0.1254 0.7942 0.0000
vt 0.1126 0.8075 0.0000
vt 0.1044 0.8161 0.0000
vt 0.1004 0.8203 0.0000
vt 0.6242 0.3808 0.0000
vt 0.6270 0.3808 0.0000
vt 0.6296 0.3631 0.0000
vt 0.6309 0.3717 0.0000
vt 0.1747 0.0369 0.0000
vt 0.1750 0.0312 0.0000
vt 0.1742 0.0487 0.0000
vt 0.1737 0.0587 0.0000
vt 0.1735 0.0672 0.0000
vt 0.6296 0.3355 0.0000
vt 0.6313 0.3442 0.0000
vt 0.6313 0.3264 0.0000
vt 0.1177 0.7976 0.0000
vt 0.1237 0.7917 0.0000
vt 0.1109 0.8049 0.0000
vt 0.1028 0.8136 0.0000
vt 0.0988 0.8177 0.0000
vt 0.6296 0.3808 0.0000
vt 0.7687 0.3631 0.0000
vt 0.7700 0.3717 0.0000
vt 0.0132 0.0656 0.0000
vt 0.0134 0.0598 0.0000
vt 0.0126 0.0774 0.0000
vt 0.0121 0.0874 0.0000
vt 0.0119 0.0959 0.0000
vt 0.7687 0.3355 0.0000
vt 0.7704 0.3442 0.0000
vt 0.7704 0.3264 0.0000
vt 0.0261 0.6615 0.0000
vt 0.0321 0.6555 0.0000
vt 0.0192 0.6688 0.0000
vt 0.0111 0.6774 0.0000
vt 0.0071 0.6816 0.0000
vt 0.7687 0.3808 0.0000
vt 0.7714 0.3631 0.0000
vt 0.7728 0.3717 0.0000
vt 0.0099 0.0663 0.0000
vt 0.0102 0.0605 0.0000
vt 0.0094 0.0781 0.0000
vt 0.0088 0.0881 0.0000
vt 0.0087 0.0966 0.0000
vt 0.7714 0.3355 0.0000
vt 0.7731 0.3442 0.0000
vt 0.7731 0.3264 0.0000
vt 0.0243 0.6587 0.0000
vt 0.0303 0.6527 0.0000
vt 0.0175 0.6660 0.0000
vt 0.0094 0.6746 0.0000
vt 0.0054 0.6788 0.0000
vt 0.7714 0.3808 0.0000
vt 0.7739 0.3631 0.0000
vt 0.7752 0.3717 0.0000
vt 0.0069 0.0671 0.0000
vt 0.0072 0.0613 0.0000
vt 0.0064 0.0789 0.0000
vt 0.0058 0.0889 0.0000
vt 0.0057 0.0974 0.0000
vt 0.5588 0.6551 0.0000
vt 0.5576 0.6453 0.0000
vt 0.5606 0.6445 0.0000
vt 0.5618 0.6543 0.0000
vt 0.7756 0.3264 0.0000
vt 0.7739 0.3355 0.0000
vt 0.0228 0.6560 0.0000
vt 0.0288 0.6500 0.0000
vt 0.0160 0.6633 0.0000
vt 0.0079 0.6719 0.0000
vt 0.0039 0.6761 0.0000
vt 0.7739 0.3808 0.0000
vt 0.7764 0.3631 0.0000
vt 0.7777 0.3717 0.0000
vt 0.0042 0.0673 0.0000
vt 0.0044 0.0615 0.0000
vt 0.0036 0.0791 0.0000
vt 0.0031 0.0891 0.0000
vt 0.0030 0.0976 0.0000
vt 0.7756 0.3442 0.0000
vt 0.7764 0.3355 0.0000
vt 0.7781 0.3442 0.0000
vt 0.7781 0.3264 0.0000
vt 0.0210 0.6538 0.0000
vt 0.0271 0.6479 0.0000
vt 0.0142 0.6611 0.0000
vt 0.0061 0.6698 0.0000
vt 0.0021 0.6739 0.0000
vt 0.7764 0.3808 0.0000
vt 0.2503 0.4248 0.0000
vt 0.2614 0.4231 0.0000
vt 0.2570 0.5461 0.0000
vt 0.2502 0.5472 0.0000
vt 0.7871 0.2819 0.0000
vt 0.7856 0.2882 0.0000
vt 0.6324 0.2879 0.0000
vt 0.6334 0.2841 0.0000
vt 0.7823 0.3011 0.0000
vt 0.6304 0.2958 0.0000
vt 0.7796 0.3120 0.0000
vt 0.6287 0.3025 0.0000
vt 0.7775 0.3213 0.0000
vt 0.6275 0.3082 0.0000
vt 0.1295 0.0124 0.0000
vt 0.1317 0.0235 0.0000
vt 0.0018 0.0236 0.0000
vt 0.0005 0.0168 0.0000
vt 0.1295 0.0352 0.0000
vt 0.0005 0.0308 0.0000
vt 0.8694 0.2131 0.0000
vt 0.8782 0.2095 0.0000
vt 0.9137 0.3564 0.0000
vt 0.9083 0.3586 0.0000
vt 0.8885 0.2049 0.0000
vt 0.9200 0.3536 0.0000
vt 0.9006 0.1995 0.0000
vt 0.9275 0.3503 0.0000
vt 0.9065 0.1969 0.0000
vt 0.9311 0.3487 0.0000
vt 0.2386 0.4231 0.0000
vt 0.2430 0.5461 0.0000
vt 0.4115 0.9401 0.0000
vt 0.4124 0.9509 0.0000
vt 0.3996 0.9509 0.0000
vt 0.3987 0.9401 0.0000
vt 0.4137 0.9566 0.0000
vt 0.4010 0.9566 0.0000
vt 0.6576 0.6420 0.0000
vt 0.6586 0.6382 0.0000
vt 0.6646 0.6382 0.0000
vt 0.6636 0.6419 0.0000
vt 0.8495 0.1287 0.0000
vt 0.8462 0.1293 0.0000
vt 0.8440 0.1235 0.0000
vt 0.8472 0.1229 0.0000
vt 0.7121 0.1751 0.0000
vt 0.7112 0.1827 0.0000
vt 0.6962 0.1824 0.0000
vt 0.6971 0.1747 0.0000
vt 0.6098 0.5349 0.0000
vt 0.6205 0.5364 0.0000
vt 0.6174 0.5488 0.0000
vt 0.6067 0.5473 0.0000
vt 0.6313 0.5403 0.0000
vt 0.6282 0.5527 0.0000
vt 0.0792 0.0098 0.0000
vt 0.0781 0.0021 0.0000
vt 0.0931 0.0013 0.0000
vt 0.0942 0.0089 0.0000
vt 0.1001 0.8480 0.0000
vt 0.0945 0.8505 0.0000
vt 0.0908 0.8360 0.0000
vt 0.0963 0.8335 0.0000
vt 0.0879 0.8535 0.0000
vt 0.0842 0.8389 0.0000
vt 0.4137 0.9230 0.0000
vt 0.4124 0.9287 0.0000
vt 0.3996 0.9287 0.0000
vt 0.4010 0.9230 0.0000
vt 0.3735 0.9509 0.0000
vt 0.3726 0.9401 0.0000
vt 0.3749 0.9566 0.0000
vt 0.3735 0.9287 0.0000
vt 0.3749 0.9230 0.0000
vt 0.4870 0.7913 0.0000
vt 0.4804 0.7904 0.0000
vt 0.4803 0.7779 0.0000
vt 0.4846 0.7784 0.0000
vt 0.3635 0.9401 0.0000
vt 0.3641 0.9327 0.0000
vt 0.3641 0.9470 0.0000
vt 0.8714 0.6109 0.0000
vt 0.8725 0.6175 0.0000
vt 0.8596 0.6155 0.0000
vt 0.8589 0.6113 0.0000
vt 0.8505 0.1390 0.0000
vt 0.8471 0.1383 0.0000
vt 0.8529 0.1294 0.0000
vt 0.8438 0.1389 0.0000
vt 0.6795 0.1649 0.0000
vt 0.6729 0.1648 0.0000
vt 0.6682 0.1554 0.0000
vt 0.6749 0.1555 0.0000
vt 0.2027 0.1083 0.0000
vt 0.2011 0.1112 0.0000
vt 0.1913 0.1105 0.0000
vt 0.1929 0.1076 0.0000
vt 0.2008 0.1147 0.0000
vt 0.1909 0.1140 0.0000
vt 0.4007 0.9634 0.0000
vt 0.4055 0.9680 0.0000
vt 0.3957 0.9715 0.0000
vt 0.3909 0.9669 0.0000
vt 0.4375 0.1208 0.0000
vt 0.4231 0.1208 0.0000
vt 0.8992 0.7632 0.0000
vt 0.9259 0.7632 0.0000
vt 0.9343 0.7632 0.0000
vt 0.9431 0.7632 0.0000
vt 0.9699 0.7632 0.0000
vt 0.6523 0.4639 0.0000
vt 0.6535 0.4876 0.0000
vt 0.6194 0.4876 0.0000
vt 0.6194 0.4638 0.0000
vt 0.8355 0.1289 0.0000
vt 0.8260 0.1289 0.0000
vt 0.9429 0.8337 0.0000
vt 0.9696 0.8337 0.0000
vt 0.9696 0.8853 0.0000
vt 0.9429 0.8853 0.0000
vt 0.0362 0.8992 0.0000
vt 0.0720 0.9190 0.0000
vt 0.0720 0.9507 0.0000
vt 0.0362 0.9507 0.0000
vt 0.0815 0.9190 0.0000
vt 0.0815 0.9507 0.0000
vt 0.1023 0.9188 0.0000
vt 0.1023 0.9507 0.0000
vt 0.3428 0.0013 0.0000
vt 0.3407 0.0122 0.0000
vt 0.3108 0.0122 0.0000
vt 0.3108 0.0013 0.0000
vt 0.6845 0.4639 0.0000
vt 0.6834 0.4876 0.0000
vt 0.6849 0.4536 0.0000
vt 0.6849 0.4111 0.0000
vt 0.6705 0.7843 0.0000
vt 0.7027 0.7509 0.0000
vt 0.7027 0.7843 0.0000
vt 0.7027 0.7399 0.0000
vt 0.7027 0.7295 0.0000
vt 0.7027 0.6962 0.0000
vt 0.8516 0.5242 0.0000
vt 0.8940 0.5242 0.0000
vt 0.8940 0.5758 0.0000
vt 0.8516 0.5758 0.0000
vt 0.4394 0.0184 0.0000
vt 0.4409 0.0300 0.0000
vt 0.8317 0.8337 0.0000
vt 0.8317 0.8695 0.0000
vt 0.7801 0.8695 0.0000
vt 0.7801 0.8337 0.0000
vt 0.8992 0.8337 0.0000
vt 0.9258 0.8337 0.0000
vt 0.9258 0.8853 0.0000
vt 0.8992 0.8853 0.0000
vt 0.9341 0.8337 0.0000
vt 0.9341 0.8853 0.0000
vt 0.3278 0.1934 0.0000
vt 0.3365 0.1850 0.0000
vt 0.3639 0.2021 0.0000
vt 0.3552 0.2105 0.0000
vt 0.6535 0.5156 0.0000
vt 0.6834 0.5156 0.0000
vt 0.6834 0.5478 0.0000
vt 0.6535 0.5478 0.0000
vt 0.4440 0.7192 0.0000
vt 0.4453 0.7312 0.0000
vt 0.4134 0.7267 0.0000
vt 0.4121 0.7147 0.0000
vt 0.1303 0.9507 0.0000
vt 0.1303 0.9188 0.0000
vt 0.1625 0.9188 0.0000
vt 0.1625 0.9507 0.0000
vt 0.6834 0.5840 0.0000
vt 0.6535 0.5840 0.0000
vt 0.3838 0.7408 0.0000
vt 0.3732 0.7317 0.0000
vt 0.1898 0.9188 0.0000
vt 0.1898 0.9507 0.0000
vt 0.8277 0.3397 0.0000
vt 0.8576 0.3397 0.0000
vt 0.8576 0.4141 0.0000
vt 0.8277 0.4141 0.0000
vt 0.3738 0.7989 0.0000
vt 0.3613 0.8051 0.0000
vt 0.0243 0.9847 0.0000
vt 0.0243 0.9527 0.0000
vt 0.0832 0.9527 0.0000
vt 0.0832 0.9847 0.0000
vt 0.8576 0.4239 0.0000
vt 0.8277 0.4239 0.0000
vt 0.3627 0.8262 0.0000
vt 0.3582 0.8145 0.0000
vt 0.1118 0.9527 0.0000
vt 0.1118 0.9847 0.0000
vt 0.3300 0.3193 0.0000
vt 0.3410 0.3133 0.0000
vt 0.3628 0.3529 0.0000
vt 0.3518 0.3590 0.0000
vt 0.8456 0.9826 0.0000
vt 0.8456 0.9527 0.0000
vt 0.8851 0.9527 0.0000
vt 0.8851 0.9826 0.0000
vt 0.3205 0.8426 0.0000
vt 0.3159 0.8309 0.0000
vt 0.8895 0.7721 0.0000
vt 0.8575 0.7721 0.0000
vt 0.8575 0.7325 0.0000
vt 0.8895 0.7325 0.0000
vt 0.6373 0.6849 0.0000
vt 0.6429 0.6849 0.0000
vt 0.7640 0.2764 0.0000
vt 0.7865 0.2792 0.0000
vt 0.7871 0.2810 0.0000
vt 0.7646 0.2782 0.0000
vt 0.9433 0.9642 0.0000
vt 0.9199 0.9677 0.0000
vt 0.9190 0.9650 0.0000
vt 0.9424 0.9614 0.0000
vt 0.5577 0.9031 0.0000
vt 0.5636 0.8877 0.0000
vt 0.5713 0.9092 0.0000
vt 0.7963 0.6300 0.0000
vt 0.7874 0.6439 0.0000
vt 0.7795 0.6225 0.0000
vt 0.8507 0.1194 0.0000
vt 0.8511 0.1222 0.0000
vt 0.8442 0.1223 0.0000
vt 0.8438 0.1194 0.0000
vt 0.6819 0.9289 0.0000
vt 0.7027 0.9289 0.0000
vt 0.6937 0.3875 0.0000
vt 0.6643 0.3875 0.0000
vt 0.6643 0.3814 0.0000
vt 0.6937 0.3814 0.0000
vt 0.6242 0.3875 0.0000
vt 0.6242 0.3814 0.0000
vt 0.7207 0.5088 0.0000
vt 0.7207 0.5001 0.0000
vt 0.7267 0.5001 0.0000
vt 0.7267 0.5088 0.0000
vt 0.7207 0.4837 0.0000
vt 0.7267 0.4837 0.0000
vt 0.7207 0.4663 0.0000
vt 0.7267 0.4663 0.0000
vt 0.7207 0.4575 0.0000
vt 0.7267 0.4575 0.0000
vt 0.1128 0.2560 0.0000
vt 0.1128 0.2159 0.0000
vt 0.1189 0.2159 0.0000
vt 0.1189 0.2560 0.0000
vt 0.1085 0.1865 0.0000
vt 0.1220 0.1865 0.0000
vt 0.1589 0.0124 0.0000
vt 0.1797 0.0216 0.0000
vt 0.1786 0.0259 0.0000
vt 0.1433 0.0254 0.0000
vt 0.7736 0.0005 0.0000
vt 0.7857 0.0005 0.0000
vt 0.7623 0.0005 0.0000
vt 0.5865 0.8806 0.0000
vt 0.6144 0.8653 0.0000
vt 0.6144 0.8806 0.0000
vt 0.4717 0.7231 0.0000
vt 0.4730 0.7351 0.0000
vt 0.6194 0.5156 0.0000
vt 0.4449 0.8056 0.0000
vt 0.4325 0.8056 0.0000
vt 0.4797 0.7776 0.0000
vt 0.4797 0.8056 0.0000
vt 0.5331 0.9213 0.0000
vt 0.5510 0.9000 0.0000
vt 0.5377 0.9241 0.0000
vt 0.2167 0.6433 0.0000
vt 0.2306 0.6433 0.0000
vt 0.2230 0.6640 0.0000
vt 0.2167 0.6601 0.0000
vt 0.7258 0.2787 0.0000
vt 0.7272 0.2813 0.0000
vt 0.7871 0.3326 0.0000
vt 0.7849 0.3234 0.0000
vt 0.7886 0.3219 0.0000
vt 0.7910 0.3310 0.0000
vt 0.0007 0.0686 0.0000
vt 0.0006 0.0629 0.0000
vt 0.0006 0.0804 0.0000
vt 0.0005 0.0903 0.0000
vt 0.0008 0.0987 0.0000
vt 0.5645 0.6539 0.0000
vt 0.5633 0.6441 0.0000
vt 0.5654 0.6433 0.0000
vt 0.5668 0.6530 0.0000
vt 0.1879 0.0110 0.0000
vt 0.1870 0.0007 0.0000
vt 0.1894 0.0010 0.0000
vt 0.1902 0.0113 0.0000
vt 0.0201 0.6511 0.0000
vt 0.0263 0.6455 0.0000
vt 0.0130 0.6581 0.0000
vt 0.0046 0.6663 0.0000
vt 0.0005 0.6703 0.0000
vt 0.7771 0.2719 0.0000
vt 0.7871 0.2716 0.0000
vt 0.7866 0.2758 0.0000
vt 0.7766 0.2758 0.0000
vt 0.8713 0.0643 0.0000
vt 0.8708 0.0715 0.0000
vt 0.8579 0.0776 0.0000
vt 0.8419 0.0648 0.0000
vt 0.8703 0.0775 0.0000
vt 0.8615 0.0810 0.0000
vt 0.6908 0.1827 0.0000
vt 0.6879 0.1763 0.0000
vt 0.6166 0.5518 0.0000
vt 0.6056 0.5515 0.0000
vt 0.6272 0.5569 0.0000
vt 0.1023 0.0025 0.0000
vt 0.0996 0.0090 0.0000
vt 0.0921 0.8218 0.0000
vt 0.0966 0.8240 0.0000
vt 0.0747 0.8112 0.0000
vt 0.6139 0.5628 0.0000
vt 0.6250 0.5656 0.0000
vt 0.6035 0.5602 0.0000
vt 0.6805 0.8457 0.0000
vt 0.6805 0.8691 0.0000
vt 0.8713 0.0931 0.0000
vt 0.8713 0.1165 0.0000
vt 0.5599 0.8691 0.0000
vt 0.4683 0.7511 0.0000
vt 0.6812 0.6435 0.0000
vt 0.6845 0.6315 0.0000
vt 0.7370 0.6308 0.0000
vt 0.7336 0.6482 0.0000
vt 0.6812 0.6201 0.0000
vt 0.7336 0.6144 0.0000
vt 0.6604 0.6100 0.0000
vt 0.6604 0.5911 0.0000
vt 0.6898 0.5897 0.0000
vt 0.7299 0.6057 0.0000
vt 0.6898 0.6778 0.0000
vt 0.6604 0.6901 0.0000
vt 0.6604 0.6722 0.0000
vt 0.7299 0.6570 0.0000
vt 0.1289 0.0048 0.0000
vt 0.1276 0.0091 0.0000
vt 0.1506 0.0048 0.0000
vt 0.1519 0.0091 0.0000
vt 0.9706 0.2922 0.0000
vt 0.9736 0.2511 0.0000
vt 0.9984 0.2445 0.0000
vt 0.9986 0.2836 0.0000
vt 0.3099 0.6733 0.0000
vt 0.2189 0.2805 0.0000
vt 0.6373 0.7843 0.0000
vt 0.0422 0.2650 0.0000
vt 0.0422 0.2324 0.0000
vt 0.0690 0.2324 0.0000
vt 0.0690 0.2745 0.0000
vt 0.0065 0.8345 0.0000
vt 0.0102 0.8021 0.0000
vt 0.0373 0.7935 0.0000
vt 0.0389 0.8357 0.0000
vt 0.7775 0.7322 0.0000
vt 0.7582 0.7322 0.0000
vt 0.7401 0.7322 0.0000
vt 0.0690 0.3295 0.0000
vt 0.0422 0.3060 0.0000
vt 0.0116 0.7611 0.0000
vt 0.0392 0.7385 0.0000
vt 0.4901 0.8313 0.0000
vt 0.4892 0.8429 0.0000
vt 0.5030 0.7393 0.0000
vt 0.5054 0.7278 0.0000
vt 0.1309 0.7434 0.0000
vt 0.1309 0.7300 0.0000
vt 0.1309 0.6864 0.0000
vt 0.1309 0.6730 0.0000
vt 0.1779 0.7085 0.0000
vt 0.1550 0.7085 0.0000
vt 0.4936 0.7380 0.0000
vt 0.4953 0.7264 0.0000
vt 0.8043 0.8174 0.0000
vt 0.8401 0.8209 0.0000
vt 0.8405 0.8313 0.0000
vt 0.8039 0.8304 0.0000
vt 0.8539 0.7783 0.0000
vt 0.8490 0.7859 0.0000
vt 0.8156 0.7725 0.0000
vt 0.8212 0.7623 0.0000
vt 0.7601 0.5778 0.0000
vt 0.7995 0.5897 0.0000
vt 0.8499 0.4409 0.0000
vt 0.7995 0.6713 0.0000
vt 0.7601 0.6694 0.0000
vt 0.6144 0.1994 0.0000
vt 0.9856 0.1284 0.0000
vt 0.9805 0.1284 0.0000
vt 0.9805 0.1008 0.0000
vt 0.9741 0.1284 0.0000
vt 0.9706 0.1008 0.0000
vt 0.8813 0.8842 0.0000
vt 0.8594 0.8842 0.0000
vt 0.8372 0.8842 0.0000
vt 0.6909 0.8327 0.0000
vt 0.6909 0.8282 0.0000
vt 0.6909 0.8192 0.0000
vt 0.6909 0.8107 0.0000
vt 0.6909 0.8062 0.0000
vt 0.7538 0.9270 0.0000
vt 0.7322 0.9171 0.0000
vt 0.7352 0.8754 0.0000
vt 0.7599 0.8898 0.0000
vt 0.7096 0.9273 0.0000
vt 0.7087 0.8915 0.0000
vt 0.8401 0.9176 0.0000
vt 0.8499 0.9170 0.0000
vt 0.9901 0.1284 0.0000
vt 0.5842 0.9252 0.0000
vt 0.5659 0.9437 0.0000
vt 0.7094 0.7879 0.0000
vt 0.8039 0.7321 0.0000
vt 0.8039 0.7090 0.0000
vt 0.8473 0.7240 0.0000
vt 0.8436 0.7326 0.0000
vt 0.8039 0.6968 0.0000
vt 0.8528 0.7194 0.0000
vt 0.7253 0.2718 0.0000
vt 0.7142 0.2809 0.0000
vt 0.6899 0.2813 0.0000
vt 0.6907 0.2718 0.0000
vt 0.2743 0.5182 0.0000
vt 0.2779 0.4952 0.0000
vt 0.2916 0.4947 0.0000
vt 0.2933 0.5033 0.0000
vt 0.2743 0.4707 0.0000
vt 0.2933 0.4855 0.0000
vt 0.3867 0.0108 0.0000
vt 0.3759 0.0013 0.0000
vt 0.4105 0.0025 0.0000
vt 0.4109 0.0121 0.0000
vt 0.8039 0.7689 0.0000
vt 0.8039 0.7566 0.0000
vt 0.8473 0.7418 0.0000
vt 0.8528 0.7464 0.0000
vt 0.6317 0.5623 0.0000
vt 0.6326 0.5674 0.0000
vt 0.5991 0.5541 0.0000
vt 0.5959 0.5583 0.0000
vt 0.2752 0.4519 0.0000
vt 0.2831 0.3979 0.0000
vt 0.3221 0.4017 0.0000
vt 0.3091 0.4824 0.0000
vt 0.2862 0.3599 0.0000
vt 0.3224 0.3568 0.0000
vt 0.0700 0.7847 0.0000
vt 0.0713 0.8368 0.0000
vt 0.8210 0.3428 0.0000
vt 0.8197 0.4053 0.0000
vt 0.7814 0.4253 0.0000
vt 0.7801 0.3397 0.0000
vt 0.1014 0.2845 0.0000
vt 0.1014 0.3572 0.0000
vt 0.1014 0.2324 0.0000
vt 0.4843 0.1185 0.0000
vt 0.4843 0.0804 0.0000
vt 0.5163 0.0713 0.0000
vt 0.5163 0.1185 0.0000
vt 0.4826 0.0311 0.0000
vt 0.5163 0.0005 0.0000
vt 0.4300 0.9400 0.0000
vt 0.4310 0.9453 0.0000
vt 0.4323 0.9481 0.0000
vt 0.9765 0.1433 0.0000
vt 0.9836 0.1446 0.0000
vt 0.9839 0.1666 0.0000
vt 0.9768 0.1654 0.0000
vt 0.9896 0.1457 0.0000
vt 0.9899 0.1677 0.0000
vt 0.9947 0.1464 0.0000
vt 0.9950 0.1685 0.0000
vt 0.6197 0.5183 0.0000
vt 0.6251 0.5184 0.0000
vt 0.6303 0.5209 0.0000
vt 0.1099 0.8675 0.0000
vt 0.1051 0.8695 0.0000
vt 0.1048 0.8461 0.0000
vt 0.0996 0.8720 0.0000
vt 0.0930 0.8749 0.0000
vt 0.4323 0.9316 0.0000
vt 0.4310 0.9344 0.0000
vt 0.6192 0.5930 0.0000
vt 0.6144 0.5918 0.0000
vt 0.0719 0.7999 0.0000
vt 0.0762 0.7980 0.0000
vt 0.8301 0.0707 0.0000
vt 0.8304 0.0661 0.0000
vt 0.6005 0.5883 0.0000
vt 0.5956 0.5871 0.0000
vt 0.6072 0.5900 0.0000
vt 0.8253 0.0810 0.0000
vt 0.8179 0.0803 0.0000
vt 0.8181 0.0649 0.0000
vt 0.8217 0.0664 0.0000
vt 0.2823 0.0181 0.0000
vt 0.2802 0.0124 0.0000
vt 0.2932 0.0129 0.0000
vt 0.2932 0.0157 0.0000
vt 0.6786 0.1819 0.0000
vt 0.6694 0.1731 0.0000
vt 0.6287 0.0086 0.0000
vt 0.6267 0.0142 0.0000
vt 0.6202 0.0158 0.0000
vt 0.6203 0.0130 0.0000
vt 0.6287 0.0209 0.0000
vt 0.6219 0.0194 0.0000
vt 0.8797 0.6700 0.0000
vt 0.8706 0.6721 0.0000
vt 0.8685 0.6692 0.0000
vt 0.8802 0.6671 0.0000
vt 0.8652 0.6766 0.0000
vt 0.8617 0.6741 0.0000
vt 0.8617 0.6870 0.0000
vt 0.8575 0.6859 0.0000
vt 0.8617 0.6964 0.0000
vt 0.8578 0.6965 0.0000
vt 0.8648 0.7048 0.0000
vt 0.8620 0.7061 0.0000
vt 0.8726 0.7106 0.0000
vt 0.8721 0.7130 0.0000
vt 0.8823 0.7078 0.0000
vt 0.8845 0.7101 0.0000
vt 0.8882 0.7011 0.0000
vt 0.8919 0.7025 0.0000
vt 0.8914 0.6923 0.0000
vt 0.8957 0.6926 0.0000
vt 0.8917 0.6812 0.0000
vt 0.8958 0.6801 0.0000
vt 0.8881 0.6752 0.0000
vt 0.8910 0.6732 0.0000
vt 0.2018 0.9336 0.0000
vt 0.1987 0.9384 0.0000
vt 0.1969 0.9381 0.0000
vt 0.2006 0.9318 0.0000
vt 0.1999 0.9444 0.0000
vt 0.1981 0.9456 0.0000
vt 0.2026 0.9477 0.0000
vt 0.2011 0.9499 0.0000
vt 0.2090 0.9499 0.0000
vt 0.2084 0.9524 0.0000
vt 0.2147 0.9498 0.0000
vt 0.2149 0.9523 0.0000
vt 0.2199 0.9479 0.0000
vt 0.2208 0.9496 0.0000
vt 0.2235 0.9428 0.0000
vt 0.2251 0.9431 0.0000
vt 0.2218 0.9371 0.0000
vt 0.2232 0.9358 0.0000
vt 0.2176 0.9336 0.0000
vt 0.2186 0.9313 0.0000
vt 0.2122 0.9316 0.0000
vt 0.2125 0.9290 0.0000
vt 0.2055 0.9314 0.0000
vt 0.2048 0.9289 0.0000
vt 0.3828 0.2401 0.0000
vt 0.3687 0.2403 0.0000
vt 0.3447 0.3040 0.0000
vt 0.3391 0.2912 0.0000
vt 0.5975 0.8188 0.0000
vt 0.6422 0.8185 0.0000
vt 0.6378 0.8289 0.0000
vt 0.6155 0.8304 0.0000
vt 0.8169 0.6330 0.0000
vt 0.8179 0.6275 0.0000
vt 0.8481 0.6328 0.0000
vt 0.8236 0.6437 0.0000
vt 0.5441 0.9316 0.0000
vt 0.5183 0.9390 0.0000
vt 0.5627 0.8861 0.0000
vt 0.2167 0.9455 0.0000
vt 0.2145 0.9454 0.0000
vt 0.2135 0.9436 0.0000
vt 0.2163 0.9430 0.0000
vt 0.7851 0.6217 0.0000
vt 0.7936 0.6232 0.0000
vt 0.7742 0.6215 0.0000
vt 0.7743 0.6198 0.0000
vt 0.5666 0.8814 0.0000
vt 0.5671 0.8835 0.0000
vt 0.8772 0.7004 0.0000
vt 0.8772 0.6796 0.0000
vt 0.8853 0.6828 0.0000
vt 0.8853 0.6972 0.0000
vt 0.7238 0.1811 0.0000
vt 0.7127 0.1463 0.0000
vt 0.7208 0.1463 0.0000
vt 0.7319 0.1762 0.0000
vt 0.7127 0.1339 0.0000
vt 0.7208 0.1339 0.0000
vt 0.8061 0.1289 0.0000
vt 0.8061 0.1165 0.0000
vt 0.8142 0.1165 0.0000
vt 0.8142 0.1289 0.0000
vt 0.8172 0.0816 0.0000
vt 0.8253 0.0866 0.0000
vt 0.1462 0.9874 0.0000
vt 0.1273 0.9640 0.0000
vt 0.1462 0.9527 0.0000
vt 0.1195 0.9874 0.0000
vt 0.1633 0.9874 0.0000
vt 0.1821 0.9640 0.0000
vt 0.1900 0.9874 0.0000
vt 0.1633 0.9527 0.0000
vt 0.9259 0.7044 0.0000
vt 0.9071 0.7044 0.0000
vt 0.8992 0.6686 0.0000
vt 0.9259 0.6686 0.0000
vt 0.9619 0.7044 0.0000
vt 0.9431 0.7044 0.0000
vt 0.9431 0.6686 0.0000
vt 0.9699 0.6686 0.0000
vt 0.8992 0.6590 0.0000
vt 0.9259 0.6590 0.0000
vt 0.6448 0.7861 0.0000
vt 0.6448 0.8011 0.0000
vt 0.6353 0.8011 0.0000
vt 0.6352 0.7861 0.0000
vt 0.8355 0.1413 0.0000
vt 0.8355 0.1761 0.0000
vt 0.8259 0.1761 0.0000
vt 0.8260 0.1413 0.0000
vt 0.9431 0.6590 0.0000
vt 0.9699 0.6590 0.0000
vt 0.9259 0.6103 0.0000
vt 0.8992 0.6103 0.0000
vt 0.9071 0.5837 0.0000
vt 0.9259 0.5837 0.0000
vt 0.9699 0.6103 0.0000
vt 0.9431 0.6103 0.0000
vt 0.9431 0.5837 0.0000
vt 0.9619 0.5837 0.0000
vt 0.0838 0.6997 0.0000
vt 0.0951 0.6808 0.0000
vt 0.1101 0.6965 0.0000
vt 0.1185 0.6730 0.0000
vt 0.1185 0.7434 0.0000
vt 0.0951 0.7356 0.0000
vt 0.1101 0.7199 0.0000
vt 0.0838 0.7168 0.0000
vt 0.6234 0.7295 0.0000
vt 0.6234 0.6962 0.0000
vt 0.4231 0.0661 0.0000
vt 0.4375 0.0661 0.0000
vt 0.4201 0.7776 0.0000
vt 0.4201 0.7511 0.0000
vt 0.5599 0.8209 0.0000
vt 0.5865 0.8013 0.0000
vt 0.5862 0.4536 0.0000
vt 0.5862 0.4111 0.0000
vt 0.1550 0.9874 0.0000
vt 0.1550 0.9527 0.0000
vt 0.9348 0.7044 0.0000
vt 0.9348 0.6686 0.0000
vt 0.9348 0.6590 0.0000
vt 0.9348 0.6103 0.0000
vt 0.9348 0.5837 0.0000
vt 0.7530 0.6329 0.0000
vt 0.7503 0.6242 0.0000
vt 0.6234 0.7509 0.0000
vt 0.6234 0.7399 0.0000
vt 0.7503 0.6413 0.0000
vt 0.3615 0.0300 0.0000
vt 0.3630 0.0184 0.0000
vt 0.8143 0.0276 0.0000
vt 0.8054 0.0202 0.0000
vt 0.8388 0.0065 0.0000
vt 0.8409 0.0166 0.0000
vt 0.8492 0.0065 0.0000
vt 0.8492 0.0166 0.0000
vt 0.8602 0.0065 0.0000
vt 0.8581 0.0166 0.0000
vt 0.8936 0.0202 0.0000
vt 0.8847 0.0276 0.0000
vt 0.6678 0.0887 0.0000
vt 0.6795 0.0866 0.0000
vt 0.6611 0.9696 0.0000
vt 0.6611 0.9350 0.0000
vt 0.8932 0.7861 0.0000
vt 0.8932 0.8207 0.0000
vt 0.5302 0.6303 0.0000
vt 0.5302 0.5958 0.0000
vt 0.5422 0.5958 0.0000
vt 0.5422 0.6303 0.0000
vt 0.5536 0.5958 0.0000
vt 0.5536 0.6303 0.0000
vt 0.1674 0.7785 0.0000
vt 0.1722 0.7598 0.0000
vt 0.1711 0.7815 0.0000
vt 0.1755 0.7788 0.0000
vt 0.7471 0.6503 0.0000
vt 0.1635 0.7748 0.0000
vt 0.1811 0.7754 0.0000
vt 0.7471 0.6130 0.0000
vt 0.2501 0.9011 0.0000
vt 0.2356 0.9337 0.0000
vt 0.2959 0.9196 0.0000
vt 0.2800 0.9553 0.0000
vt 0.1718 0.0027 0.0000
vt 0.1718 0.0091 0.0000
vt 0.1644 0.0092 0.0000
vt 0.1644 0.0013 0.0000
vt 0.1575 0.0091 0.0000
vt 0.1575 0.0027 0.0000
vt 0.3998 0.0660 0.0000
vt 0.3852 0.1022 0.0000
vt 0.3401 0.0821 0.0000
vt 0.3534 0.0491 0.0000
vt 0.2613 0.8759 0.0000
vt 0.2733 0.8490 0.0000
vt 0.3154 0.8677 0.0000
vt 0.3082 0.8920 0.0000
vt 0.5963 0.0065 0.0000
vt 0.5930 0.0316 0.0000
vt 0.5818 0.0316 0.0000
vt 0.5840 0.0128 0.0000
vt 0.5595 0.0316 0.0000
vt 0.5595 0.0245 0.0000
vt 0.5384 0.0316 0.0000
vt 0.5365 0.0128 0.0000
vt 0.5273 0.0316 0.0000
vt 0.5242 0.0065 0.0000
vt 0.3738 0.1302 0.0000
vt 0.3614 0.1523 0.0000
vt 0.3187 0.1350 0.0000
vt 0.3298 0.1076 0.0000
vt 0.2810 0.8100 0.0000
vt 0.3136 0.8245 0.0000
vt 0.5857 0.0703 0.0000
vt 0.5770 0.0703 0.0000
vt 0.5596 0.0703 0.0000
vt 0.5433 0.0703 0.0000
vt 0.5347 0.0703 0.0000
vt 0.3291 0.1810 0.0000
vt 0.2960 0.1676 0.0000
vt 0.3013 0.7643 0.0000
vt 0.3340 0.7788 0.0000
vt 0.5857 0.1203 0.0000
vt 0.5770 0.1203 0.0000
vt 0.5596 0.1203 0.0000
vt 0.5433 0.1203 0.0000
vt 0.5347 0.1203 0.0000
vt 0.3103 0.2274 0.0000
vt 0.2772 0.2140 0.0000
vt 0.5903 0.1425 0.0000
vt 0.5800 0.1425 0.0000
vt 0.5595 0.1425 0.0000
vt 0.5402 0.1425 0.0000
vt 0.5300 0.1425 0.0000
vt 0.6897 0.4540 0.0000
vt 0.6946 0.4572 0.0000
vt 0.7155 0.4171 0.0000
vt 0.7128 0.4130 0.0000
vt 0.7225 0.4089 0.0000
vt 0.7242 0.4134 0.0000
vt 0.7417 0.4052 0.0000
vt 0.7416 0.4100 0.0000
vt 0.7599 0.4089 0.0000
vt 0.7580 0.4134 0.0000
vt 0.7695 0.4130 0.0000
vt 0.7667 0.4171 0.0000
vt 0.7827 0.4572 0.0000
vt 0.7872 0.4540 0.0000
vt 0.6135 0.0827 0.0000
vt 0.6213 0.0877 0.0000
vt 0.6540 0.0168 0.0000
vt 0.6498 0.0100 0.0000
vt 0.6647 0.0050 0.0000
vt 0.6676 0.0123 0.0000
vt 0.6929 0.0005 0.0000
vt 0.6931 0.0082 0.0000
vt 0.7229 0.0050 0.0000
vt 0.7202 0.0123 0.0000
vt 0.7380 0.0100 0.0000
vt 0.7338 0.0168 0.0000
vt 0.3417 0.7164 0.0000
vt 0.3263 0.7511 0.0000
vt 0.3695 0.7288 0.0000
vt 0.3541 0.7635 0.0000
vt 0.5903 0.1805 0.0000
vt 0.5800 0.1805 0.0000
vt 0.5595 0.1805 0.0000
vt 0.5402 0.1805 0.0000
vt 0.5300 0.1805 0.0000
vt 0.3133 0.2525 0.0000
vt 0.2991 0.2877 0.0000
vt 0.2709 0.2763 0.0000
vt 0.2851 0.2411 0.0000
vt 0.5839 0.2038 0.0000
vt 0.5758 0.2038 0.0000
vt 0.5597 0.2038 0.0000
vt 0.5445 0.2038 0.0000
vt 0.5365 0.2038 0.0000
vt 0.7746 0.0877 0.0000
vt 0.7832 0.0827 0.0000
vt 0.1840 0.7472 0.0000
vt 0.1802 0.7458 0.0000
vt 0.1726 0.7444 0.0000
vt 0.1654 0.7453 0.0000
vt 0.1615 0.7464 0.0000
vt 0.1540 0.7604 0.0000
vt 0.5839 0.2209 0.0000
vt 0.5505 0.4047 0.0000
vt 0.5467 0.4047 0.0000
vt 0.5758 0.2209 0.0000
vt 0.5393 0.4047 0.0000
vt 0.5597 0.2209 0.0000
vt 0.5323 0.4047 0.0000
vt 0.5445 0.2209 0.0000
vt 0.5286 0.4047 0.0000
vt 0.5365 0.2209 0.0000
vt 0.0162 0.2885 0.0000
vt 0.0165 0.2845 0.0000
vt 0.0207 0.2848 0.0000
vt 0.0204 0.2888 0.0000
vt 0.0260 0.2852 0.0000
vt 0.0257 0.2892 0.0000
vt 0.4240 0.5076 0.0000
vt 0.4257 0.5039 0.0000
vt 0.4414 0.5109 0.0000
vt 0.4398 0.5146 0.0000
vt 0.4574 0.5181 0.0000
vt 0.4558 0.5217 0.0000
vt 0.5505 0.4087 0.0000
vt 0.5467 0.4087 0.0000
vt 0.5393 0.4087 0.0000
vt 0.5323 0.4087 0.0000
vt 0.5286 0.4087 0.0000
vt 0.2100 0.4936 0.0000
vt 0.2085 0.4973 0.0000
vt 0.1923 0.4907 0.0000
vt 0.1938 0.4870 0.0000
vt 0.1763 0.4843 0.0000
vt 0.1778 0.4806 0.0000
vt 0.1722 0.4826 0.0000
vt 0.1737 0.4789 0.0000
vt 0.0125 0.2882 0.0000
vt 0.0128 0.2842 0.0000
vt 0.0167 0.2810 0.0000
vt 0.0209 0.2812 0.0000
vt 0.0262 0.2816 0.0000
vt 0.4271 0.5007 0.0000
vt 0.4428 0.5077 0.0000
vt 0.4588 0.5148 0.0000
vt 0.5505 0.4123 0.0000
vt 0.5467 0.4123 0.0000
vt 0.5393 0.4123 0.0000
vt 0.5323 0.4123 0.0000
vt 0.5286 0.4123 0.0000
vt 0.2072 0.5006 0.0000
vt 0.1910 0.4940 0.0000
vt 0.1750 0.4876 0.0000
vt 0.1709 0.4859 0.0000
vt 0.0130 0.2807 0.0000
vt 0.0171 0.2763 0.0000
vt 0.0212 0.2766 0.0000
vt 0.0265 0.2769 0.0000
vt 0.4290 0.4964 0.0000
vt 0.4447 0.5034 0.0000
vt 0.4607 0.5105 0.0000
vt 0.5505 0.4170 0.0000
vt 0.5467 0.4170 0.0000
vt 0.5393 0.4170 0.0000
vt 0.5323 0.4170 0.0000
vt 0.5286 0.4170 0.0000
vt 0.2054 0.5049 0.0000
vt 0.1892 0.4984 0.0000
vt 0.1732 0.4919 0.0000
vt 0.1691 0.4903 0.0000
vt 0.0134 0.2760 0.0000
vt 0.0173 0.2726 0.0000
vt 0.0215 0.2729 0.0000
vt 0.0268 0.2733 0.0000
vt 0.4305 0.4930 0.0000
vt 0.4462 0.5001 0.0000
vt 0.4622 0.5072 0.0000
vt 0.5505 0.4206 0.0000
vt 0.5467 0.4206 0.0000
vt 0.5393 0.4206 0.0000
vt 0.5323 0.4206 0.0000
vt 0.5286 0.4206 0.0000
vt 0.2041 0.5083 0.0000
vt 0.1879 0.5018 0.0000
vt 0.1719 0.4953 0.0000
vt 0.1677 0.4937 0.0000
vt 0.0136 0.2724 0.0000
vt 0.0280 0.1200 0.0000
vt 0.0322 0.1202 0.0000
vt 0.0375 0.1206 0.0000
vt 0.4928 0.3532 0.0000
vt 0.5085 0.3603 0.0000
vt 0.5245 0.3674 0.0000
vt 0.5505 0.5737 0.0000
vt 0.5467 0.5737 0.0000
vt 0.5393 0.5737 0.0000
vt 0.5323 0.5737 0.0000
vt 0.5286 0.5737 0.0000
vt 0.1467 0.6502 0.0000
vt 0.1305 0.6437 0.0000
vt 0.1145 0.6372 0.0000
vt 0.1104 0.6356 0.0000
vt 0.0243 0.1197 0.0000
vt 0.0238 0.4798 0.0000
vt 0.0240 0.4762 0.0000
vt 0.0328 0.4768 0.0000
vt 0.0325 0.4804 0.0000
vt 0.0439 0.4776 0.0000
vt 0.0436 0.4812 0.0000
vt 0.3248 0.6717 0.0000
vt 0.3263 0.6684 0.0000
vt 0.3461 0.6889 0.0000
vt 0.3447 0.6922 0.0000
vt 0.3729 0.7008 0.0000
vt 0.3714 0.7041 0.0000
vt 0.5839 0.2074 0.0000
vt 0.5758 0.2074 0.0000
vt 0.5597 0.2074 0.0000
vt 0.5445 0.2074 0.0000
vt 0.5365 0.2074 0.0000
vt 0.2826 0.3062 0.0000
vt 0.2813 0.3096 0.0000
vt 0.2541 0.2986 0.0000
vt 0.2555 0.2952 0.0000
vt 0.2256 0.2986 0.0000
vt 0.2270 0.2952 0.0000
vt 0.0065 0.4786 0.0000
vt 0.0067 0.4750 0.0000
vt 0.0157 0.4756 0.0000
vt 0.0155 0.4792 0.0000
vt 0.0244 0.4708 0.0000
vt 0.0332 0.4714 0.0000
vt 0.0443 0.4722 0.0000
vt 0.3285 0.6635 0.0000
vt 0.3483 0.6839 0.0000
vt 0.3751 0.6958 0.0000
vt 0.5839 0.2129 0.0000
vt 0.5758 0.2129 0.0000
vt 0.5597 0.2129 0.0000
vt 0.5445 0.2129 0.0000
vt 0.5365 0.2129 0.0000
vt 0.2792 0.3146 0.0000
vt 0.2521 0.3036 0.0000
vt 0.2236 0.3036 0.0000
vt 0.0071 0.4696 0.0000
vt 0.0161 0.4702 0.0000
vt 0.0247 0.4672 0.0000
vt 0.0334 0.4679 0.0000
vt 0.0445 0.4686 0.0000
vt 0.3299 0.6602 0.0000
vt 0.3498 0.6807 0.0000
vt 0.3765 0.6926 0.0000
vt 0.5839 0.2164 0.0000
vt 0.5758 0.2164 0.0000
vt 0.5597 0.2164 0.0000
vt 0.5445 0.2164 0.0000
vt 0.5365 0.2164 0.0000
vt 0.2779 0.3179 0.0000
vt 0.2507 0.3069 0.0000
vt 0.2223 0.3069 0.0000
vt 0.0073 0.4660 0.0000
vt 0.0163 0.4667 0.0000
vt 0.0250 0.4628 0.0000
vt 0.0337 0.4634 0.0000
vt 0.0448 0.4642 0.0000
vt 0.3318 0.6561 0.0000
vt 0.3516 0.6766 0.0000
vt 0.3784 0.6885 0.0000
vt 0.2762 0.3221 0.0000
vt 0.2491 0.3111 0.0000
vt 0.2206 0.3110 0.0000
vt 0.0076 0.4616 0.0000
vt 0.0166 0.4622 0.0000
vt 0.0283 0.1158 0.0000
vt 0.0325 0.1161 0.0000
vt 0.0378 0.1164 0.0000
vt 0.4945 0.3494 0.0000
vt 0.5102 0.3564 0.0000
vt 0.5262 0.3635 0.0000
vt 0.5505 0.5779 0.0000
vt 0.5467 0.5779 0.0000
vt 0.5393 0.5779 0.0000
vt 0.5323 0.5779 0.0000
vt 0.5286 0.5779 0.0000
vt 0.1452 0.6541 0.0000
vt 0.1289 0.6476 0.0000
vt 0.1130 0.6411 0.0000
vt 0.1088 0.6395 0.0000
vt 0.0246 0.1155 0.0000
vt 0.0286 0.1116 0.0000
vt 0.0328 0.1119 0.0000
vt 0.0381 0.1123 0.0000
vt 0.4962 0.3456 0.0000
vt 0.5119 0.3526 0.0000
vt 0.5279 0.3597 0.0000
vt 0.5505 0.5820 0.0000
vt 0.5467 0.5820 0.0000
vt 0.5393 0.5820 0.0000
vt 0.5323 0.5820 0.0000
vt 0.5286 0.5820 0.0000
vt 0.1436 0.6580 0.0000
vt 0.1274 0.6514 0.0000
vt 0.1114 0.6450 0.0000
vt 0.1073 0.6433 0.0000
vt 0.0249 0.1114 0.0000
vt 0.0288 0.1079 0.0000
vt 0.0330 0.1082 0.0000
vt 0.0383 0.1085 0.0000
vt 0.4977 0.3422 0.0000
vt 0.5134 0.3492 0.0000
vt 0.5294 0.3563 0.0000
vt 0.5505 0.5858 0.0000
vt 0.5467 0.5858 0.0000
vt 0.5393 0.5858 0.0000
vt 0.5323 0.5858 0.0000
vt 0.5286 0.5858 0.0000
vt 0.1422 0.6614 0.0000
vt 0.1260 0.6549 0.0000
vt 0.1100 0.6485 0.0000
vt 0.1059 0.6468 0.0000
vt 0.0251 0.1076 0.0000
vt 0.0284 0.5458 0.0000
vt 0.0258 0.5525 0.0000
vt 0.0208 0.5480 0.0000
vt 0.0242 0.5422 0.0000
vt 0.0143 0.5423 0.0000
vt 0.0189 0.5378 0.0000
vt 0.0065 0.5204 0.0000
vt 0.0124 0.5205 0.0000
vt 0.0121 0.4982 0.0000
vt 0.0171 0.5030 0.0000
vt 0.0166 0.4962 0.0000
vt 0.0208 0.5015 0.0000
vt 0.0256 0.4945 0.0000
vt 0.0282 0.5001 0.0000
vt 0.9874 0.2983 0.0000
vt 0.9954 0.2981 0.0000
vt 0.9916 0.3059 0.0000
vt 0.9843 0.3047 0.0000
vt 0.9888 0.3099 0.0000
vt 0.9821 0.3080 0.0000
vt 0.1448 0.6679 0.0000
vt 0.1242 0.6596 0.0000
vt 0.1039 0.6514 0.0000
vt 0.4914 0.4481 0.0000
vt 0.4958 0.4533 0.0000
vt 0.4940 0.4605 0.0000
vt 0.4899 0.4539 0.0000
vt 0.4923 0.4666 0.0000
vt 0.4885 0.4588 0.0000
vt 0.1170 0.6979 0.0000
vt 0.1454 0.7024 0.0000
vt 0.1454 0.7075 0.0000
vt 0.1170 0.7072 0.0000
vt 0.1454 0.7141 0.0000
vt 0.1170 0.7190 0.0000
vt 0.7376 0.9799 0.0000
vt 0.7147 0.9686 0.0000
vt 0.7147 0.9546 0.0000
vt 0.7376 0.9546 0.0000
vt 0.7147 0.9404 0.0000
vt 0.7376 0.9289 0.0000
vt 0.8196 0.2267 0.0000
vt 0.8425 0.2416 0.0000
vt 0.8425 0.2455 0.0000
vt 0.8196 0.2336 0.0000
vt 0.8425 0.2531 0.0000
vt 0.8196 0.2474 0.0000
vt 0.8425 0.2603 0.0000
vt 0.8196 0.2604 0.0000
vt 0.8425 0.2642 0.0000
vt 0.8196 0.2673 0.0000
vt 0.9995 0.0633 0.0000
vt 0.9766 0.0519 0.0000
vt 0.9766 0.0376 0.0000
vt 0.9995 0.0377 0.0000
vt 0.9765 0.0236 0.0000
vt 0.9995 0.0124 0.0000
vt 0.9230 0.9518 0.0000
vt 0.9483 0.9555 0.0000
vt 0.9460 0.9605 0.0000
vt 0.9190 0.9608 0.0000
vt 0.4058 0.2741 0.0000
vt 0.4059 0.2972 0.0000
vt 0.4021 0.2968 0.0000
vt 0.3989 0.2734 0.0000
vt 0.9951 0.3329 0.0000
vt 0.9768 0.3379 0.0000
vt 0.9706 0.3149 0.0000
vt 0.4994 0.4292 0.0000
vt 0.5242 0.4231 0.0000
vt 0.5206 0.4471 0.0000
vt 0.5587 0.7257 0.0000
vt 0.5123 0.7257 0.0000
vt 0.5131 0.7028 0.0000
vt 0.5595 0.7028 0.0000
vt 0.1171 0.7731 0.0000
vt 0.1076 0.7588 0.0000
vt 0.1152 0.7448 0.0000
vt 0.8425 0.3106 0.0000
vt 0.8196 0.3137 0.0000
vt 0.6997 0.8734 0.0000
vt 0.6968 0.8396 0.0000
vt 0.7223 0.8396 0.0000
vt 0.7227 0.8734 0.0000
vt 0.7494 0.8396 0.0000
vt 0.7472 0.8734 0.0000
vt 0.7630 0.8396 0.0000
vt 0.7595 0.8734 0.0000
vt 0.4915 0.4901 0.0000
vt 0.5239 0.4826 0.0000
vt 0.5239 0.4976 0.0000
vt 0.4915 0.5025 0.0000
vt 0.5239 0.5276 0.0000
vt 0.4915 0.5273 0.0000
vt 0.5239 0.5558 0.0000
vt 0.4915 0.5505 0.0000
vt 0.5239 0.5708 0.0000
vt 0.4915 0.5629 0.0000
vt 0.6429 0.8511 0.0000
vt 0.5975 0.8453 0.0000
vt 0.5975 0.8310 0.0000
vt 0.6429 0.8382 0.0000
vt 0.8639 0.6038 0.0000
vt 0.8639 0.6006 0.0000
vt 0.8725 0.6019 0.0000
vt 0.8725 0.6051 0.0000
vt 0.4163 0.1194 0.0000
vt 0.4183 0.1230 0.0000
vt 0.4144 0.1273 0.0000
vt 0.4124 0.1237 0.0000
vt 0.4066 0.1362 0.0000
vt 0.4046 0.1326 0.0000
vt 0.3981 0.1402 0.0000
vt 0.4001 0.1438 0.0000
vt 0.3943 0.1500 0.0000
vt 0.3923 0.1463 0.0000
vt 0.2683 0.0005 0.0000
vt 0.2724 0.0008 0.0000
vt 0.2733 0.0106 0.0000
vt 0.2692 0.0103 0.0000
vt 0.7982 0.2786 0.0000
vt 0.7943 0.2798 0.0000
vt 0.7927 0.2695 0.0000
vt 0.7967 0.2683 0.0000
vt 0.3326 0.8940 0.0000
vt 0.3366 0.8929 0.0000
vt 0.3361 0.9014 0.0000
vt 0.3322 0.9025 0.0000
vt 0.3353 0.9114 0.0000
vt 0.3313 0.9124 0.0000
vt 0.3343 0.9232 0.0000
vt 0.3303 0.9242 0.0000
vt 0.3339 0.9289 0.0000
vt 0.3299 0.9300 0.0000
vt 0.8548 0.6051 0.0000
vt 0.8548 0.6019 0.0000
vt 0.1145 0.2937 0.0000
vt 0.1147 0.2898 0.0000
vt 0.1241 0.2887 0.0000
vt 0.1239 0.2926 0.0000
vt 0.4199 0.1265 0.0000
vt 0.4161 0.1308 0.0000
vt 0.4083 0.1397 0.0000
vt 0.4017 0.1473 0.0000
vt 0.3959 0.1534 0.0000
vt 0.2763 0.0012 0.0000
vt 0.2771 0.0110 0.0000
vt 0.7906 0.2810 0.0000
vt 0.7891 0.2708 0.0000
vt 0.3402 0.8917 0.0000
vt 0.3398 0.9002 0.0000
vt 0.3389 0.9101 0.0000
vt 0.3380 0.9219 0.0000
vt 0.3375 0.9277 0.0000
vt 0.1076 0.2918 0.0000
vt 0.1078 0.2879 0.0000
vt 0.4614 0.0197 0.0000
vt 0.4614 0.0226 0.0000
vt 0.4528 0.0212 0.0000
vt 0.4528 0.0184 0.0000
vt 0.4219 0.1292 0.0000
vt 0.4181 0.1335 0.0000
vt 0.4103 0.1424 0.0000
vt 0.4037 0.1499 0.0000
vt 0.3979 0.1561 0.0000
vt 0.7764 0.3625 0.0000
vt 0.7735 0.3625 0.0000
vt 0.7753 0.3539 0.0000
vt 0.7781 0.3539 0.0000
vt 0.7735 0.3447 0.0000
vt 0.7764 0.3447 0.0000
vt 0.3435 0.8913 0.0000
vt 0.3431 0.8998 0.0000
vt 0.3422 0.9097 0.0000
vt 0.3413 0.9215 0.0000
vt 0.3408 0.9273 0.0000
vt 0.4706 0.0184 0.0000
vt 0.4706 0.0212 0.0000
vt 0.4614 0.0251 0.0000
vt 0.4528 0.0238 0.0000
vt 0.4237 0.1316 0.0000
vt 0.4199 0.1359 0.0000
vt 0.4120 0.1448 0.0000
vt 0.4055 0.1524 0.0000
vt 0.3997 0.1586 0.0000
vt 0.7710 0.3625 0.0000
vt 0.7727 0.3539 0.0000
vt 0.7710 0.3447 0.0000
vt 0.3465 0.8909 0.0000
vt 0.3461 0.8993 0.0000
vt 0.3452 0.9093 0.0000
vt 0.3443 0.9211 0.0000
vt 0.3438 0.9268 0.0000
vt 0.4706 0.0238 0.0000
vt 0.4614 0.1642 0.0000
vt 0.4528 0.1629 0.0000
vt 0.5200 0.2645 0.0000
vt 0.5162 0.2688 0.0000
vt 0.5084 0.2777 0.0000
vt 0.5018 0.2853 0.0000
vt 0.4960 0.2915 0.0000
vt 0.6319 0.3625 0.0000
vt 0.6336 0.3539 0.0000
vt 0.6319 0.3447 0.0000
vt 0.5090 0.8678 0.0000
vt 0.5086 0.8763 0.0000
vt 0.5077 0.8863 0.0000
vt 0.5068 0.8981 0.0000
vt 0.5063 0.9038 0.0000
vt 0.4706 0.1629 0.0000
vt 0.4614 0.1669 0.0000
vt 0.4528 0.1656 0.0000
vt 0.5219 0.2673 0.0000
vt 0.5180 0.2716 0.0000
vt 0.5102 0.2805 0.0000
vt 0.5036 0.2880 0.0000
vt 0.4978 0.2942 0.0000
vt 0.6291 0.3625 0.0000
vt 0.6309 0.3539 0.0000
vt 0.6291 0.3447 0.0000
vt 0.5123 0.8672 0.0000
vt 0.5119 0.8757 0.0000
vt 0.5110 0.8857 0.0000
vt 0.5100 0.8975 0.0000
vt 0.5096 0.9032 0.0000
vt 0.4706 0.1656 0.0000
vt 0.4614 0.1694 0.0000
vt 0.4528 0.1681 0.0000
vt 0.5235 0.2699 0.0000
vt 0.5196 0.2742 0.0000
vt 0.5118 0.2831 0.0000
vt 0.5053 0.2907 0.0000
vt 0.4995 0.2968 0.0000
vt 0.4490 0.0029 0.0000
vt 0.4521 0.0030 0.0000
vt 0.4529 0.0129 0.0000
vt 0.4498 0.0127 0.0000
vt 0.6284 0.3539 0.0000
vt 0.6267 0.3447 0.0000
vt 0.5153 0.8666 0.0000
vt 0.5149 0.8750 0.0000
vt 0.5140 0.8850 0.0000
vt 0.5130 0.8968 0.0000
vt 0.5126 0.9025 0.0000
vt 0.4706 0.1681 0.0000
vt 0.4614 0.1719 0.0000
vt 0.4528 0.1705 0.0000
vt 0.5253 0.2720 0.0000
vt 0.5215 0.2763 0.0000
vt 0.5136 0.2852 0.0000
vt 0.5071 0.2927 0.0000
vt 0.5013 0.2989 0.0000
vt 0.6267 0.3625 0.0000
vt 0.6242 0.3625 0.0000
vt 0.6259 0.3539 0.0000
vt 0.6242 0.3447 0.0000
vt 0.5180 0.8665 0.0000
vt 0.5176 0.8749 0.0000
vt 0.5168 0.8849 0.0000
vt 0.5158 0.8967 0.0000
vt 0.5154 0.9024 0.0000
vt 0.4706 0.1705 0.0000
vt 0.2146 0.6348 0.0000
vt 0.2145 0.5123 0.0000
vt 0.2213 0.5134 0.0000
vt 0.2257 0.6365 0.0000
vt 0.8702 0.3884 0.0000
vt 0.8456 0.2366 0.0000
vt 0.8492 0.2350 0.0000
vt 0.8761 0.3858 0.0000
vt 0.8567 0.2317 0.0000
vt 0.8882 0.3804 0.0000
vt 0.8630 0.2289 0.0000
vt 0.8985 0.3758 0.0000
vt 0.8684 0.2267 0.0000
vt 0.9073 0.3722 0.0000
vt 0.1255 0.2367 0.0000
vt 0.1299 0.1076 0.0000
vt 0.1367 0.1090 0.0000
vt 0.1366 0.2388 0.0000
vt 0.1439 0.1076 0.0000
vt 0.1483 0.2367 0.0000
vt 0.4040 0.6469 0.0000
vt 0.5540 0.6600 0.0000
vt 0.5528 0.6657 0.0000
vt 0.4020 0.6562 0.0000
vt 0.5511 0.6723 0.0000
vt 0.3992 0.6671 0.0000
vt 0.5491 0.6803 0.0000
vt 0.3959 0.6800 0.0000
vt 0.5481 0.6841 0.0000
vt 0.3944 0.6863 0.0000
vt 0.2028 0.6365 0.0000
vt 0.2073 0.5134 0.0000
vt 0.3341 0.9662 0.0000
vt 0.3213 0.9662 0.0000
vt 0.3223 0.9555 0.0000
vt 0.3350 0.9555 0.0000
vt 0.3236 0.9498 0.0000
vt 0.3364 0.9498 0.0000
vt 0.9444 0.9688 0.0000
vt 0.9439 0.9628 0.0000
vt 0.9475 0.9614 0.0000
vt 0.9480 0.9674 0.0000
vt 0.8290 0.8015 0.0000
vt 0.8250 0.8063 0.0000
vt 0.8221 0.8047 0.0000
vt 0.8261 0.7999 0.0000
vt 0.1028 0.0022 0.0000
vt 0.1178 0.0013 0.0000
vt 0.1190 0.0089 0.0000
vt 0.1040 0.0098 0.0000
vt 0.7962 0.5493 0.0000
vt 0.8086 0.5523 0.0000
vt 0.8048 0.5625 0.0000
vt 0.7924 0.5594 0.0000
vt 0.8032 0.5739 0.0000
vt 0.7908 0.5708 0.0000
vt 0.0833 0.0442 0.0000
vt 0.0683 0.0439 0.0000
vt 0.0691 0.0362 0.0000
vt 0.0841 0.0365 0.0000
vt 0.0623 0.3934 0.0000
vt 0.0628 0.4084 0.0000
vt 0.0567 0.4075 0.0000
vt 0.0563 0.3925 0.0000
vt 0.0496 0.4065 0.0000
vt 0.0492 0.3915 0.0000
vt 0.3364 0.9834 0.0000
vt 0.3236 0.9834 0.0000
vt 0.3223 0.9777 0.0000
vt 0.3350 0.9777 0.0000
vt 0.2952 0.9662 0.0000
vt 0.2961 0.9555 0.0000
vt 0.2975 0.9498 0.0000
vt 0.2975 0.9834 0.0000
vt 0.2961 0.9777 0.0000
vt 0.4803 0.8056 0.0000
vt 0.4823 0.7926 0.0000
vt 0.4866 0.7919 0.0000
vt 0.4870 0.8044 0.0000
vt 0.2868 0.9737 0.0000
vt 0.2862 0.9663 0.0000
vt 0.2868 0.9594 0.0000
vt 0.4804 0.7764 0.0000
vt 0.4803 0.7639 0.0000
vt 0.4846 0.7644 0.0000
vt 0.4870 0.7773 0.0000
vt 0.8332 0.7920 0.0000
vt 0.8325 0.8018 0.0000
vt 0.8297 0.7916 0.0000
vt 0.8268 0.7900 0.0000
vt 0.1085 0.2668 0.0000
vt 0.1125 0.2571 0.0000
vt 0.1191 0.2566 0.0000
vt 0.1151 0.2663 0.0000
vt 0.2167 0.9424 0.0000
vt 0.2069 0.9425 0.0000
vt 0.2055 0.9395 0.0000
vt 0.2153 0.9395 0.0000
vt 0.2054 0.9359 0.0000
vt 0.2152 0.9359 0.0000
vt 0.3233 0.9429 0.0000
vt 0.3135 0.9394 0.0000
vt 0.3183 0.9349 0.0000
vt 0.3282 0.9384 0.0000
vt 0.4231 0.0362 0.0000
vt 0.4375 0.0362 0.0000
vt 0.9431 0.6382 0.0000
vt 0.9699 0.6382 0.0000
vt 0.9348 0.6382 0.0000
vt 0.9259 0.6382 0.0000
vt 0.8992 0.6382 0.0000
vt 0.5866 0.4639 0.0000
vt 0.5853 0.4876 0.0000
vt 0.9429 0.9388 0.0000
vt 0.9429 0.8873 0.0000
vt 0.9696 0.8873 0.0000
vt 0.9696 0.9388 0.0000
vt 0.8813 0.3873 0.0000
vt 0.9329 0.3873 0.0000
vt 0.9329 0.4231 0.0000
vt 0.9012 0.4231 0.0000
vt 0.9329 0.4326 0.0000
vt 0.9012 0.4326 0.0000
vt 0.9329 0.4535 0.0000
vt 0.9009 0.4535 0.0000
vt 0.3434 0.0013 0.0000
vt 0.3753 0.0013 0.0000
vt 0.3753 0.0122 0.0000
vt 0.3455 0.0122 0.0000
vt 0.5555 0.4876 0.0000
vt 0.5544 0.4639 0.0000
vt 0.5540 0.4536 0.0000
vt 0.5540 0.4111 0.0000
vt 0.6041 0.7843 0.0000
vt 0.5718 0.7843 0.0000
vt 0.5718 0.7509 0.0000
vt 0.5718 0.7399 0.0000
vt 0.5718 0.7295 0.0000
vt 0.5718 0.6962 0.0000
vt 0.8317 0.9595 0.0000
vt 0.7801 0.9595 0.0000
vt 0.7801 0.9170 0.0000
vt 0.8317 0.9170 0.0000
vt 0.3100 0.0300 0.0000
vt 0.3115 0.0184 0.0000
vt 0.7742 0.8754 0.0000
vt 0.8257 0.8754 0.0000
vt 0.8257 0.9111 0.0000
vt 0.7742 0.9111 0.0000
vt 0.8992 0.9388 0.0000
vt 0.8992 0.8873 0.0000
vt 0.9258 0.8873 0.0000
vt 0.9258 0.9388 0.0000
vt 0.9341 0.8873 0.0000
vt 0.9341 0.9388 0.0000
vt 0.4455 0.3812 0.0000
vt 0.4679 0.3580 0.0000
vt 0.4783 0.3640 0.0000
vt 0.4559 0.3873 0.0000
vt 0.5853 0.5156 0.0000
vt 0.5853 0.5478 0.0000
vt 0.5555 0.5478 0.0000
vt 0.5555 0.5156 0.0000
vt 0.9077 0.1246 0.0000
vt 0.9077 0.1569 0.0000
vt 0.8959 0.1539 0.0000
vt 0.8959 0.1217 0.0000
vt 0.9329 0.4814 0.0000
vt 0.9329 0.5137 0.0000
vt 0.9009 0.5137 0.0000
vt 0.9009 0.4814 0.0000
vt 0.5853 0.5840 0.0000
vt 0.5555 0.5840 0.0000
vt 0.8854 0.1930 0.0000
vt 0.8778 0.1812 0.0000
vt 0.9329 0.5410 0.0000
vt 0.9009 0.5410 0.0000
vt 0.8219 0.4231 0.0000
vt 0.8219 0.4974 0.0000
vt 0.7920 0.4974 0.0000
vt 0.7920 0.4231 0.0000
vt 0.8111 0.1946 0.0000
vt 0.8189 0.1831 0.0000
vt 0.7121 0.0866 0.0000
vt 0.7121 0.1455 0.0000
vt 0.6801 0.1455 0.0000
vt 0.6801 0.0866 0.0000
vt 0.8219 0.5072 0.0000
vt 0.7920 0.5072 0.0000
vt 0.8013 0.1964 0.0000
vt 0.7903 0.1902 0.0000
vt 0.7121 0.1741 0.0000
vt 0.6801 0.1741 0.0000
vt 0.4171 0.2585 0.0000
vt 0.4287 0.2148 0.0000
vt 0.4408 0.2179 0.0000
vt 0.4292 0.2617 0.0000
vt 0.4826 0.9527 0.0000
vt 0.5221 0.9527 0.0000
vt 0.5221 0.9826 0.0000
vt 0.4826 0.9826 0.0000
vt 0.7792 0.2359 0.0000
vt 0.7682 0.2298 0.0000
vt 0.4290 0.9527 0.0000
vt 0.4685 0.9527 0.0000
vt 0.4685 0.9847 0.0000
vt 0.4290 0.9847 0.0000
vt 0.6317 0.6849 0.0000
vt 0.7500 0.4809 0.0000
vt 0.7485 0.4798 0.0000
vt 0.7528 0.4575 0.0000
vt 0.7543 0.4586 0.0000
vt 0.6217 0.8151 0.0000
vt 0.6212 0.8179 0.0000
vt 0.5975 0.8177 0.0000
vt 0.5980 0.8148 0.0000
vt 0.5468 0.8940 0.0000
vt 0.5384 0.8816 0.0000
vt 0.5609 0.8855 0.0000
vt 0.7985 0.6177 0.0000
vt 0.7801 0.6190 0.0000
vt 0.7949 0.6016 0.0000
vt 0.7325 0.5094 0.0000
vt 0.7334 0.5162 0.0000
vt 0.7305 0.5163 0.0000
vt 0.7296 0.5094 0.0000
vt 0.6611 0.9289 0.0000
vt 0.7231 0.3814 0.0000
vt 0.7231 0.3875 0.0000
vt 0.7632 0.3814 0.0000
vt 0.7632 0.3875 0.0000
vt 0.7273 0.4575 0.0000
vt 0.7334 0.4575 0.0000
vt 0.7334 0.4662 0.0000
vt 0.7273 0.4662 0.0000
vt 0.7334 0.4826 0.0000
vt 0.7273 0.4826 0.0000
vt 0.7334 0.5000 0.0000
vt 0.7273 0.5000 0.0000
vt 0.7334 0.5088 0.0000
vt 0.7273 0.5088 0.0000
vt 0.1128 0.1170 0.0000
vt 0.1189 0.1170 0.0000
vt 0.1189 0.1571 0.0000
vt 0.1128 0.1571 0.0000
vt 0.0303 0.5004 0.0000
vt 0.0466 0.4885 0.0000
vt 0.0386 0.5229 0.0000
vt 0.0341 0.5229 0.0000
vt 0.5302 0.5897 0.0000
vt 0.5422 0.5897 0.0000
vt 0.5536 0.5897 0.0000
vt 0.5865 0.7861 0.0000
vt 0.6144 0.7861 0.0000
vt 0.6144 0.8013 0.0000
vt 0.8959 0.0937 0.0000
vt 0.9077 0.0966 0.0000
vt 0.4201 0.8056 0.0000
vt 0.3853 0.8056 0.0000
vt 0.3853 0.7776 0.0000
vt 0.5296 0.9173 0.0000
vt 0.2105 0.6640 0.0000
vt 0.2028 0.6433 0.0000
vt 0.7360 0.5165 0.0000
vt 0.7340 0.5144 0.0000
vt 0.1106 0.1127 0.0000
vt 0.1108 0.1085 0.0000
vt 0.1202 0.1076 0.0000
vt 0.1200 0.1116 0.0000
vt 0.5271 0.2756 0.0000
vt 0.5231 0.2797 0.0000
vt 0.5149 0.2882 0.0000
vt 0.5081 0.2954 0.0000
vt 0.5021 0.3012 0.0000
vt 0.4548 0.0029 0.0000
vt 0.4572 0.0033 0.0000
vt 0.4579 0.0131 0.0000
vt 0.4556 0.0128 0.0000
vt 0.6173 0.3239 0.0000
vt 0.6153 0.3247 0.0000
vt 0.6135 0.3145 0.0000
vt 0.6158 0.3136 0.0000
vt 0.5203 0.8654 0.0000
vt 0.5203 0.8738 0.0000
vt 0.5198 0.8837 0.0000
vt 0.5194 0.8955 0.0000
vt 0.5192 0.9012 0.0000
vt 0.1054 0.0362 0.0000
vt 0.1070 0.0399 0.0000
vt 0.0974 0.0426 0.0000
vt 0.0957 0.0388 0.0000
vt 0.0957 0.3744 0.0000
vt 0.0824 0.4005 0.0000
vt 0.0779 0.3806 0.0000
vt 0.0891 0.3717 0.0000
vt 0.0764 0.3758 0.0000
vt 0.0834 0.3695 0.0000
vt 0.1270 0.0025 0.0000
vt 0.1244 0.0090 0.0000
vt 0.8127 0.5534 0.0000
vt 0.8078 0.5633 0.0000
vt 0.8074 0.5749 0.0000
vt 0.0629 0.0442 0.0000
vt 0.0600 0.0378 0.0000
vt 0.0656 0.4174 0.0000
vt 0.0619 0.4208 0.0000
vt 0.0481 0.4358 0.0000
vt 0.8189 0.5660 0.0000
vt 0.8161 0.5771 0.0000
vt 0.8214 0.5556 0.0000
vt 0.6805 0.7975 0.0000
vt 0.6805 0.8209 0.0000
vt 0.8713 0.1413 0.0000
vt 0.8713 0.1646 0.0000
vt 0.5599 0.7975 0.0000
vt 0.3967 0.7511 0.0000
vt 0.6396 0.6435 0.0000
vt 0.5871 0.6482 0.0000
vt 0.5837 0.6308 0.0000
vt 0.6362 0.6315 0.0000
vt 0.5871 0.6144 0.0000
vt 0.6396 0.6201 0.0000
vt 0.6309 0.5897 0.0000
vt 0.5908 0.6057 0.0000
vt 0.6309 0.6778 0.0000
vt 0.5908 0.6570 0.0000
vt 0.1755 0.0048 0.0000
vt 0.1768 0.0091 0.0000
vt 0.1538 0.0048 0.0000
vt 0.1525 0.0091 0.0000
vt 0.9706 0.1850 0.0000
vt 0.9983 0.1946 0.0000
vt 0.9967 0.2336 0.0000
vt 0.9722 0.2262 0.0000
vt 0.0422 0.1998 0.0000
vt 0.0690 0.1903 0.0000
vt 0.0343 0.8776 0.0000
vt 0.0079 0.8672 0.0000
vt 0.4647 0.5080 0.0000
vt 0.4647 0.5273 0.0000
vt 0.4647 0.5454 0.0000
vt 0.0422 0.1588 0.0000
vt 0.0690 0.1353 0.0000
vt 0.0324 0.9326 0.0000
vt 0.0065 0.9082 0.0000
vt 0.8031 0.0634 0.0000
vt 0.7914 0.0626 0.0000
vt 0.9076 0.0626 0.0000
vt 0.8959 0.0634 0.0000
vt 0.0838 0.7085 0.0000
vt 0.1067 0.7085 0.0000
vt 0.9076 0.0729 0.0000
vt 0.8959 0.0729 0.0000
vt 0.9567 0.9408 0.0000
vt 0.9694 0.9437 0.0000
vt 0.9615 0.9793 0.0000
vt 0.9514 0.9765 0.0000
vt 0.9067 0.9795 0.0000
vt 0.8992 0.9439 0.0000
vt 0.9104 0.9410 0.0000
vt 0.9153 0.9766 0.0000
vt 0.7206 0.5897 0.0000
vt 0.1883 0.7616 0.0000
vt 0.7206 0.6713 0.0000
vt 0.0086 0.2880 0.0000
vt 0.3992 0.2457 0.0000
vt 0.3912 0.2726 0.0000
vt 0.3942 0.2452 0.0000
vt 0.3814 0.2716 0.0000
vt 0.3877 0.2445 0.0000
vt 0.7652 0.9765 0.0000
vt 0.7652 0.9546 0.0000
vt 0.7652 0.9324 0.0000
vt 0.7920 0.2313 0.0000
vt 0.7920 0.2359 0.0000
vt 0.7920 0.2449 0.0000
vt 0.7920 0.2534 0.0000
vt 0.7920 0.2579 0.0000
vt 0.6994 0.9228 0.0000
vt 0.6619 0.9263 0.0000
vt 0.6492 0.9006 0.0000
vt 0.6911 0.9006 0.0000
vt 0.6672 0.8754 0.0000
vt 0.7028 0.8787 0.0000
vt 0.5239 0.4578 0.0000
vt 0.5210 0.4672 0.0000
vt 0.4037 0.2462 0.0000
vt 0.5480 0.7347 0.0000
vt 0.5663 0.7532 0.0000
vt 0.8105 0.2762 0.0000
vt 0.8528 0.6786 0.0000
vt 0.8131 0.6790 0.0000
vt 0.8094 0.6704 0.0000
vt 0.8528 0.6555 0.0000
vt 0.8039 0.6659 0.0000
vt 0.8528 0.6433 0.0000
vt 0.4115 0.0013 0.0000
vt 0.4460 0.0025 0.0000
vt 0.4464 0.0120 0.0000
vt 0.4222 0.0108 0.0000
vt 0.4111 0.0362 0.0000
vt 0.3962 0.0552 0.0000
vt 0.3875 0.0535 0.0000
vt 0.3880 0.0399 0.0000
vt 0.3784 0.0552 0.0000
vt 0.3635 0.0362 0.0000
vt 0.6782 0.2809 0.0000
vt 0.6540 0.2813 0.0000
vt 0.6548 0.2717 0.0000
vt 0.6893 0.2717 0.0000
vt 0.8528 0.7154 0.0000
vt 0.8039 0.6928 0.0000
vt 0.8094 0.6882 0.0000
vt 0.8528 0.7031 0.0000
vt 0.8142 0.5846 0.0000
vt 0.8100 0.5815 0.0000
vt 0.8182 0.5489 0.0000
vt 0.8233 0.5480 0.0000
vt 0.1888 0.1639 0.0000
vt 0.1509 0.1893 0.0000
vt 0.1493 0.1076 0.0000
vt 0.1884 0.1093 0.0000
vt 0.2743 0.3287 0.0000
vt 0.3112 0.3159 0.0000
vt 0.0664 0.8887 0.0000
vt 0.7853 0.8269 0.0000
vt 0.7444 0.8300 0.0000
vt 0.7457 0.7444 0.0000
vt 0.7840 0.7645 0.0000
vt 0.1014 0.1076 0.0000
vt 0.1014 0.1803 0.0000
vt 0.5163 0.1656 0.0000
vt 0.4843 0.1565 0.0000
vt 0.5163 0.2364 0.0000
vt 0.4826 0.2058 0.0000
vt 0.3527 0.9664 0.0000
vt 0.3536 0.9611 0.0000
vt 0.3549 0.9583 0.0000
vt 0.0710 0.6662 0.0000
vt 0.0660 0.6447 0.0000
vt 0.0725 0.6417 0.0000
vt 0.0776 0.6632 0.0000
vt 0.0781 0.6392 0.0000
vt 0.0831 0.6607 0.0000
vt 0.0829 0.6373 0.0000
vt 0.0879 0.6588 0.0000
vt 0.7768 0.5502 0.0000
vt 0.7744 0.5550 0.0000
vt 0.7742 0.5608 0.0000
vt 0.0664 0.3719 0.0000
vt 0.0675 0.3940 0.0000
vt 0.0613 0.3714 0.0000
vt 0.0552 0.3705 0.0000
vt 0.0481 0.3695 0.0000
vt 0.3549 0.9748 0.0000
vt 0.3536 0.9720 0.0000
vt 0.8442 0.5800 0.0000
vt 0.8430 0.5849 0.0000
vt 0.0531 0.4481 0.0000
vt 0.0485 0.4474 0.0000
vt 0.0762 0.4104 0.0000
vt 0.0719 0.4087 0.0000
vt 0.8489 0.5613 0.0000
vt 0.8477 0.5661 0.0000
vt 0.8460 0.5729 0.0000
vt 0.8173 0.0664 0.0000
vt 0.8112 0.0802 0.0000
vt 0.8074 0.0810 0.0000
vt 0.8098 0.0658 0.0000
vt 0.2137 0.0061 0.0000
vt 0.2028 0.0034 0.0000
vt 0.2030 0.0005 0.0000
vt 0.2160 0.0005 0.0000
vt 0.1106 0.2838 0.0000
vt 0.1192 0.2743 0.0000
vt 0.5123 0.2386 0.0000
vt 0.5207 0.2430 0.0000
vt 0.5208 0.2458 0.0000
vt 0.5144 0.2442 0.0000
vt 0.5192 0.2494 0.0000
vt 0.5123 0.2509 0.0000
vt 0.8426 0.6052 0.0000
vt 0.8396 0.6046 0.0000
vt 0.8456 0.5944 0.0000
vt 0.8477 0.5974 0.0000
vt 0.8526 0.5897 0.0000
vt 0.8537 0.5938 0.0000
vt 0.8651 0.5898 0.0000
vt 0.8647 0.5941 0.0000
vt 0.8750 0.5936 0.0000
vt 0.8735 0.5973 0.0000
vt 0.8826 0.6009 0.0000
vt 0.8803 0.6031 0.0000
vt 0.8856 0.6127 0.0000
vt 0.8832 0.6124 0.0000
vt 0.8786 0.6234 0.0000
vt 0.8772 0.6206 0.0000
vt 0.8690 0.6277 0.0000
vt 0.8689 0.6238 0.0000
vt 0.8583 0.6280 0.0000
vt 0.8595 0.6238 0.0000
vt 0.8465 0.6238 0.0000
vt 0.8490 0.6203 0.0000
vt 0.8417 0.6169 0.0000
vt 0.8446 0.6149 0.0000
vt 0.6290 0.0256 0.0000
vt 0.6302 0.0274 0.0000
vt 0.6231 0.0287 0.0000
vt 0.6234 0.0269 0.0000
vt 0.6164 0.0249 0.0000
vt 0.6182 0.0237 0.0000
vt 0.6135 0.0207 0.0000
vt 0.6160 0.0200 0.0000
vt 0.6135 0.0130 0.0000
vt 0.6162 0.0133 0.0000
vt 0.6159 0.0069 0.0000
vt 0.6182 0.0079 0.0000
vt 0.6204 0.0023 0.0000
vt 0.6218 0.0038 0.0000
vt 0.6281 0.0005 0.0000
vt 0.6278 0.0021 0.0000
vt 0.6342 0.0047 0.0000
vt 0.6325 0.0056 0.0000
vt 0.6369 0.0106 0.0000
vt 0.6344 0.0108 0.0000
vt 0.6370 0.0171 0.0000
vt 0.6344 0.0165 0.0000
vt 0.6344 0.0244 0.0000
vt 0.6323 0.0229 0.0000
vt 0.4738 0.3258 0.0000
vt 0.4875 0.3226 0.0000
vt 0.4327 0.2835 0.0000
vt 0.4351 0.2698 0.0000
vt 0.1395 0.2505 0.0000
vt 0.1451 0.2712 0.0000
vt 0.1367 0.2920 0.0000
vt 0.1255 0.2929 0.0000
vt 0.8188 0.6219 0.0000
vt 0.8288 0.6142 0.0000
vt 0.5211 0.9123 0.0000
vt 0.2100 0.9455 0.0000
vt 0.2100 0.9430 0.0000
vt 0.2129 0.9431 0.0000
vt 0.2122 0.9450 0.0000
vt 0.7748 0.6181 0.0000
vt 0.5644 0.8813 0.0000
vt 0.8766 0.7004 0.0000
vt 0.8684 0.6972 0.0000
vt 0.8684 0.6828 0.0000
vt 0.8766 0.6796 0.0000
vt 0.7238 0.0866 0.0000
vt 0.7319 0.0916 0.0000
vt 0.7208 0.1215 0.0000
vt 0.7127 0.1215 0.0000
vt 0.8142 0.1413 0.0000
vt 0.8061 0.1413 0.0000
vt 0.8253 0.1712 0.0000
vt 0.8172 0.1761 0.0000
# 2586 texture coords

o Gummy_Mummy
g Gummy_Mummy
usemtl wire_006135113
s 4
f 1/1/1 2/2/2 3/3/3 
f 1/1/1 3/3/3 4/4/4 
f 5/5/5 6/6/6 7/7/7 
f 5/5/5 7/7/7 8/8/8 
f 2/9/2 9/10/9 10/11/10 3/12/3 
f 7/13/7 11/14/11 12/15/12 8/16/8 
s 8
f 9/10/9 13/17/13 14/18/14 10/11/10 
f 10/19/10 14/20/14 15/21/15 16/22/16 
f 17/23/17 18/24/18 19/25/19 11/26/11 
f 11/14/11 19/27/19 20/28/20 12/15/12 
s 4
f 21/29/21 22/30/22 23/31/23 24/32/24 
f 25/33/25 26/34/26 27/35/27 28/36/28 
f 22/37/22 29/38/29 23/39/23 
f 23/39/23 29/38/29 30/40/30 
f 31/41/31 32/42/32 26/43/26 
f 26/43/26 32/42/32 27/44/27 
s off
f 33/45/33 34/46/34 35/47/35 36/48/33 
f 37/49/36 38/50/37 39/51/38 40/52/39 
f 41/53/40 42/54/41 31/55/31 43/56/42 
f 44/57/43 45/58/44 46/59/45 30/60/30 
f 47/61/46 48/62/47 49/63/48 50/64/46 
f 51/65/49 52/66/50 2/2/2 1/1/1 
f 52/67/50 53/68/51 9/10/9 2/9/2 
f 53/68/51 54/69/52 13/17/13 9/10/9 
f 55/70/53 56/71/54 22/30/22 21/29/21 
f 57/72/55 58/73/56 59/74/57 60/75/58 
f 61/76/59 62/77/59 63/78/60 64/79/61 
f 5/5/5 8/8/8 52/66/50 51/65/49 
f 8/16/8 12/15/12 53/68/51 52/67/50 
f 12/15/12 20/28/20 54/69/52 53/68/51 
f 28/36/28 27/35/27 56/71/54 55/70/53 
f 65/80/62 66/81/56 58/73/56 57/72/55 
f 33/45/33 36/48/33 62/77/59 61/76/59 
f 67/82/63 17/83/17 68/84/64 69/85/65 
f 70/86/66 71/87/67 72/88/68 73/89/69 
f 71/87/67 74/90/70 75/91/71 72/88/68 
f 74/90/70 76/92/72 77/93/73 75/91/71 
f 76/92/72 78/94/74 79/95/75 77/93/73 
f 46/96/45 45/97/44 80/98/76 81/99/77 
f 32/100/32 82/101/78 83/102/79 84/103/80 
f 85/104/81 29/105/29 86/106/82 87/107/83 
f 29/108/29 88/109/84 89/110/85 86/111/82 
f 88/109/84 32/112/32 84/113/80 89/110/85 
f 90/114/86 91/115/87 92/116/88 
f 91/115/87 93/117/89 92/116/88 
f 66/81/56 65/80/62 94/118/90 95/119/91 
f 90/114/86 92/116/88 96/120/92 
f 97/121/93 92/116/88 93/117/89 
f 98/122/94 99/123/95 60/75/58 59/74/57 
f 100/124/96 101/125/97 102/126/98 103/127/99 
f 101/125/97 104/128/100 105/129/101 102/126/98 
f 106/130/102 107/131/103 108/132/104 109/133/105 
f 107/131/103 110/134/106 111/135/107 108/132/104 
f 112/136/108 113/137/109 114/138/110 115/139/111 
f 113/137/109 116/140/112 117/141/113 114/138/110 
f 118/142/98 119/143/114 120/144/115 121/145/116 
f 119/146/114 122/147/117 123/148/118 120/149/115 
f 122/147/117 124/150/119 125/151/120 123/148/118 
f 124/150/119 126/152/121 127/153/122 125/151/120 
f 126/152/121 128/154/123 129/155/124 127/153/122 
f 128/156/123 130/157/110 131/158/125 129/159/124 
f 130/157/110 132/160/126 133/161/127 131/158/125 
f 121/145/116 120/144/115 134/162/128 135/163/129 
f 120/149/115 123/148/118 136/164/130 134/165/128 
f 123/148/118 125/151/120 137/166/131 136/164/130 
f 125/151/120 127/153/122 138/167/132 137/166/131 
f 127/153/122 129/155/124 139/168/133 138/167/132 
f 129/159/124 131/158/125 140/169/134 139/170/133 
f 141/171/135 135/163/129 142/172/136 143/173/137 
f 135/163/129 134/162/128 144/174/138 142/172/136 
f 134/165/128 136/164/130 145/175/139 144/176/138 
f 136/164/130 137/166/131 146/177/140 145/175/139 
f 137/166/131 138/167/132 147/178/141 146/177/140 
f 138/167/132 139/168/133 148/179/142 147/178/141 
f 139/170/133 140/169/134 149/180/143 148/181/142 
f 140/169/134 150/182/144 151/183/145 149/180/143 
f 144/176/138 145/175/139 152/184/146 153/185/147 
f 145/175/139 146/177/140 154/186/148 152/184/146 
f 146/177/140 147/178/141 155/187/149 154/186/148 
f 147/178/141 148/179/142 156/188/150 155/187/149 
f 157/189/151 158/190/152 159/191/153 160/192/154 
f 161/193/155 162/194/156 163/195/157 164/196/158 
f 162/194/156 165/197/159 166/198/160 163/195/157 
f 165/197/159 167/199/161 168/200/162 166/198/160 
f 167/199/161 169/201/163 170/202/164 168/200/162 
f 171/203/165 172/204/166 173/205/167 174/206/168 
f 175/207/169 176/208/170 177/209/171 178/210/172 
f 179/211/173 180/212/174 181/213/175 182/214/176 
f 180/212/174 183/215/177 184/216/178 181/213/175 
f 183/215/177 185/217/179 186/218/180 184/216/178 
f 185/217/179 187/219/181 188/220/182 186/218/180 
f 189/221/183 190/222/184 191/223/185 192/224/186 
f 190/222/184 153/225/147 193/226/187 191/223/185 
f 153/185/147 152/184/146 194/227/188 193/228/187 
f 152/184/146 154/186/148 195/229/189 194/227/188 
f 154/186/148 155/187/149 196/230/190 195/229/189 
f 155/187/149 156/188/150 197/231/191 196/230/190 
f 156/232/150 198/233/192 199/234/193 197/235/191 
f 198/233/192 200/236/194 201/237/195 199/234/193 
f 193/228/187 194/227/188 202/238/196 203/239/197 
f 194/227/188 195/229/189 204/240/198 202/238/196 
f 195/229/189 196/230/190 205/241/199 204/240/198 
f 196/230/190 197/231/191 206/242/200 205/241/199 
f 207/243/99 118/142/98 121/145/116 208/244/201 
f 209/245/202 210/246/203 211/247/204 212/248/205 
f 213/249/206 214/250/207 92/116/88 
f 214/250/207 215/251/208 92/116/88 
f 215/251/208 216/252/209 92/116/88 
f 216/252/209 217/253/210 92/116/88 
f 217/253/210 218/254/211 96/120/92 92/116/88 
f 219/255/212 220/256/213 221/257/214 222/258/215 
f 220/256/213 223/259/216 224/260/217 221/257/214 
f 223/259/216 225/261/218 226/262/219 224/260/217 
f 225/261/218 227/263/220 228/264/221 226/262/219 
f 229/265/222 230/266/223 231/267/224 232/268/225 
f 230/266/223 233/269/226 234/270/227 231/267/224 
f 233/271/226 235/272/228 236/273/229 234/274/227 
f 235/272/228 222/275/215 237/276/230 236/273/229 
f 222/258/215 221/257/214 238/277/231 237/278/230 
f 221/257/214 224/260/217 239/279/232 238/277/231 
f 224/260/217 226/262/219 240/280/233 239/279/232 
f 226/262/219 228/264/221 241/281/234 240/280/233 
f 228/282/221 242/283/235 243/284/236 241/285/234 
f 242/283/235 244/286/237 245/287/238 243/284/236 
f 244/286/237 246/288/239 247/289/240 245/287/238 
f 246/290/239 229/265/222 232/268/225 247/291/240 
f 232/268/225 231/267/224 248/292/224 249/293/225 
f 231/267/224 234/270/227 250/294/227 248/292/224 
f 234/274/227 236/273/229 251/295/229 250/296/227 
f 236/273/229 237/276/230 252/297/241 251/295/229 
f 237/278/230 238/277/231 253/298/231 252/299/241 
f 238/277/231 239/279/232 254/300/232 253/298/231 
f 239/279/232 240/280/233 255/301/242 254/300/232 
f 240/280/233 241/281/234 256/302/243 255/301/242 
f 241/285/234 243/284/236 257/303/244 256/304/243 
f 243/284/236 245/287/238 258/305/238 257/303/244 
f 245/287/238 247/289/240 259/306/240 258/305/238 
f 247/291/240 232/268/225 249/293/225 259/307/240 
f 249/293/225 248/292/224 260/308/224 261/309/225 
f 248/292/224 250/294/227 262/310/227 260/308/224 
f 250/296/227 251/295/229 263/311/245 262/312/227 
f 251/295/229 252/297/241 264/313/230 263/311/245 
f 252/299/241 253/298/231 265/314/246 264/315/230 
f 253/298/231 254/300/232 266/316/232 265/314/246 
f 254/300/232 255/301/242 267/317/242 266/316/232 
f 255/301/242 256/302/243 268/318/243 267/317/242 
f 256/304/243 257/303/244 269/319/244 268/320/243 
f 257/303/244 258/305/238 270/321/238 269/319/244 
f 258/305/238 259/306/240 271/322/247 270/321/238 
f 259/307/240 249/293/225 261/309/225 271/323/247 
f 261/309/225 260/308/224 272/324/224 273/325/225 
f 260/308/224 262/310/227 274/326/248 272/324/224 
f 262/312/227 263/311/245 275/327/245 274/328/248 
f 263/311/245 264/313/230 276/329/230 275/327/245 
f 264/315/230 265/314/246 277/330/246 276/331/230 
f 265/314/246 266/316/232 278/332/249 277/330/246 
f 266/316/232 267/317/242 279/333/242 278/332/249 
f 267/317/242 268/318/243 280/334/243 279/333/242 
f 268/320/243 269/319/244 281/335/244 280/336/243 
f 269/319/244 270/321/238 282/337/250 281/335/244 
f 270/321/238 271/322/247 283/338/247 282/337/250 
f 271/323/247 261/309/225 273/325/225 283/339/247 
f 273/325/225 272/324/224 284/340/224 285/341/251 
f 272/324/224 274/326/248 286/342/227 284/340/224 
f 274/328/248 275/327/245 287/343/245 286/344/227 
f 275/327/245 276/329/230 288/345/230 287/343/245 
f 276/331/230 277/330/246 289/346/246 288/347/230 
f 277/330/246 278/332/249 290/348/249 289/346/246 
f 278/332/249 279/333/242 291/349/242 290/348/249 
f 279/333/242 280/334/243 292/350/243 291/349/242 
f 280/336/243 281/335/244 293/351/244 292/352/243 
f 281/335/244 282/337/250 294/353/250 293/351/244 
f 282/337/250 283/338/247 295/354/240 294/353/250 
f 283/339/247 273/325/225 285/341/251 295/355/240 
f 57/356/55 60/357/58 296/358/252 297/359/253 
f 60/357/58 99/360/95 298/361/254 296/358/252 
f 99/362/95 299/363/255 300/364/256 298/365/254 
f 299/363/255 203/366/197 301/367/257 300/364/256 
f 203/239/197 202/238/196 302/368/258 301/369/257 
f 202/238/196 204/240/198 303/370/259 302/368/258 
f 204/240/198 205/241/199 304/371/260 303/370/259 
f 205/241/199 206/242/200 305/372/261 304/371/260 
f 206/373/200 306/374/262 307/375/263 305/376/261 
f 306/374/262 94/377/90 308/378/264 307/375/263 
f 94/379/90 65/380/62 309/381/265 308/382/264 
f 65/380/62 57/356/55 297/359/253 309/381/265 
f 297/359/253 296/358/252 310/383/252 311/384/266 
f 296/358/252 298/361/254 312/385/254 310/383/252 
f 298/365/254 300/364/256 313/386/256 312/387/254 
f 300/364/256 301/367/257 314/388/257 313/386/256 
f 301/369/257 302/368/258 315/389/258 314/390/257 
f 302/368/258 303/370/259 316/391/267 315/389/258 
f 303/370/259 304/371/260 317/392/260 316/391/267 
f 304/371/260 305/372/261 318/393/268 317/392/260 
f 305/376/261 307/375/263 319/394/263 318/395/268 
f 307/375/263 308/378/264 320/396/269 319/394/263 
f 308/382/264 309/381/265 321/397/270 320/398/269 
f 309/381/265 297/359/253 311/384/266 321/397/270 
f 311/384/266 310/383/252 322/399/252 323/400/266 
f 310/383/252 312/385/254 324/401/254 322/399/252 
f 312/387/254 313/386/256 325/402/256 324/403/254 
f 313/386/256 314/388/257 326/404/257 325/402/256 
f 314/390/257 315/389/258 327/405/258 326/406/257 
f 315/389/258 316/391/267 328/407/259 327/405/258 
f 316/391/267 317/392/260 329/408/260 328/407/259 
f 317/392/260 318/393/268 330/409/268 329/408/260 
f 318/395/268 319/394/263 331/410/271 330/411/268 
f 319/394/263 320/396/269 332/412/264 331/410/271 
f 320/398/269 321/397/270 333/413/270 332/414/264 
f 321/397/270 311/384/266 323/400/266 333/413/270 
f 323/400/266 322/399/252 334/415/272 335/416/273 
f 322/399/252 324/401/254 336/417/274 334/415/272 
f 324/403/254 325/402/256 337/418/275 336/419/274 
f 325/402/256 326/404/257 219/420/212 337/418/275 
f 326/406/257 327/405/258 220/256/213 219/255/212 
f 327/405/258 328/407/259 223/259/216 220/256/213 
f 328/407/259 329/408/260 225/261/218 223/259/216 
f 329/408/260 330/409/268 227/263/220 225/261/218 
f 330/411/268 331/410/271 338/421/276 227/422/220 
f 331/410/271 332/412/264 339/423/277 338/421/276 
f 332/414/264 333/413/270 340/424/278 339/425/277 
f 333/413/270 323/400/266 335/416/273 340/424/278 
f 285/341/251 284/340/224 341/426/224 342/427/225 
f 284/340/224 286/342/227 343/428/227 341/426/224 
f 286/344/227 287/343/245 344/429/229 343/430/227 
f 287/343/245 288/345/230 345/431/241 344/429/229 
f 288/347/230 289/346/246 346/432/231 345/433/241 
f 289/346/246 290/348/249 347/434/249 346/432/231 
f 290/348/249 291/349/242 348/435/233 347/434/249 
f 291/349/242 292/350/243 349/436/234 348/435/233 
f 292/352/243 293/351/244 350/437/236 349/438/234 
f 293/351/244 294/353/250 351/439/238 350/437/236 
f 294/353/250 295/354/240 352/440/247 351/439/238 
f 295/355/240 285/341/251 342/427/225 352/441/247 
f 342/427/225 341/426/224 353/442/224 354/443/225 
f 341/426/224 343/428/227 355/444/227 353/442/224 
f 343/430/227 344/429/229 356/445/229 355/446/227 
f 344/429/229 345/431/241 357/447/279 356/445/229 
f 345/433/241 346/432/231 358/448/246 357/449/279 
f 346/432/231 347/434/249 359/450/249 358/448/246 
f 347/434/249 348/435/233 360/451/233 359/450/249 
f 348/435/233 349/436/234 361/452/234 360/451/233 
f 349/438/234 350/437/236 362/453/236 361/454/234 
f 350/437/236 351/439/238 363/455/238 362/453/236 
f 351/439/238 352/440/247 364/456/247 363/455/238 
f 352/441/247 342/427/225 354/443/225 364/457/247 
f 354/443/225 353/442/224 365/458/280 366/459/281 
f 353/442/224 355/444/227 367/460/282 365/458/280 
f 355/446/227 356/445/229 368/461/283 367/462/282 
f 356/445/229 357/447/279 369/463/284 368/461/283 
f 357/449/279 358/448/246 370/464/285 369/465/284 
f 358/448/246 359/450/249 371/466/286 370/464/285 
f 359/450/249 360/451/233 372/467/287 371/466/286 
f 360/451/233 361/452/234 373/468/288 372/467/287 
f 361/454/234 362/453/236 374/469/289 373/470/288 
f 362/453/236 363/455/238 375/471/290 374/469/289 
f 363/455/238 364/456/247 376/472/291 375/471/290 
f 364/457/247 354/443/225 366/459/281 376/473/291 
f 366/474/281 365/475/280 377/476/292 378/477/293 
f 365/475/280 367/478/282 379/479/294 377/476/292 
f 367/478/282 368/480/283 380/481/295 379/479/294 
f 368/480/283 369/482/284 381/483/296 380/481/295 
f 369/482/284 370/484/285 382/485/297 381/483/296 
f 370/484/285 371/486/286 383/487/298 382/485/297 
f 371/488/286 372/489/287 384/490/299 383/491/298 
f 372/489/287 373/492/288 385/493/300 384/490/299 
f 373/470/288 374/469/289 386/494/301 385/495/300 
f 374/469/289 375/471/290 387/496/302 386/494/301 
f 375/497/290 376/498/291 388/499/303 387/500/302 
f 376/498/291 366/501/281 378/502/293 388/499/303 
f 389/503/304 390/504/305 93/505/89 91/506/87 
f 390/504/305 391/507/306 97/508/93 93/505/89 
f 391/509/306 392/510/307 393/511/308 97/512/93 
f 392/510/307 394/513/309 213/514/206 393/511/308 
f 394/515/309 395/516/310 214/517/207 213/518/206 
f 395/516/310 396/519/311 215/520/208 214/517/207 
f 396/519/311 397/521/312 216/522/209 215/520/208 
f 397/521/312 398/523/313 217/524/210 216/522/209 
f 399/525/314 400/526/315 401/527/316 402/528/317 
f 400/526/315 403/529/318 404/530/319 401/527/316 
f 405/531/320 406/532/321 90/533/86 96/534/92 
f 406/535/321 389/536/304 91/537/87 90/538/86 
f 385/493/300 386/539/301 407/540/322 408/541/323 
f 386/542/301 387/500/302 409/543/324 407/544/322 
f 405/545/320 96/546/92 404/547/319 403/548/318 
f 96/120/92 218/254/211 401/549/316 404/550/319 
f 218/254/211 217/253/210 402/551/317 401/549/316 
f 217/524/210 398/523/313 399/552/314 402/553/317 
f 102/126/98 118/142/98 207/243/99 103/127/99 
f 105/129/101 119/143/114 118/142/98 102/126/98 
f 114/138/110 130/157/110 128/156/123 115/139/111 
f 117/141/113 132/160/126 130/157/110 114/138/110 
f 410/554/325 411/555/326 183/556/177 180/557/174 
f 411/555/326 412/558/327 185/559/179 183/556/177 
f 412/558/327 104/560/100 187/561/181 185/559/179 
f 413/562/328 414/563/329 186/564/180 188/565/182 
f 414/563/329 415/566/330 184/567/178 186/564/180 
f 415/566/330 416/568/331 181/569/175 184/567/178 
f 416/568/331 417/570/332 182/571/176 181/569/175 
f 112/572/108 410/573/325 180/574/174 179/575/173 
f 418/576/333 419/577/334 420/578/335 421/579/336 
f 419/580/334 422/581/337 423/582/338 420/583/335 
f 422/581/337 424/584/339 425/585/340 423/582/338 
f 426/586/341 427/587/342 428/588/343 429/589/344 
f 427/590/342 430/591/345 431/592/346 428/593/343 
f 430/594/345 432/595/347 433/596/348 431/597/346 
f 432/598/347 434/599/349 435/600/350 433/601/348 
f 434/599/349 436/602/351 437/603/352 435/600/350 
f 436/602/351 438/604/353 439/605/354 437/603/352 
f 438/604/353 440/606/355 441/607/356 439/605/354 
f 440/608/355 418/576/333 421/579/336 441/609/356 
f 421/610/336 420/611/335 442/612/357 443/613/358 
f 420/583/335 423/582/338 444/614/359 442/615/357 
f 423/582/338 425/585/340 445/616/360 444/614/359 
f 425/585/340 429/589/344 446/617/361 445/616/360 
f 429/589/344 428/588/343 447/618/362 446/617/361 
f 428/593/343 431/592/346 448/619/363 447/620/362 
f 431/597/346 433/596/348 449/621/364 448/622/363 
f 433/601/348 435/600/350 450/623/365 449/624/364 
f 435/600/350 437/603/352 451/625/366 450/623/365 
f 437/603/352 439/605/354 452/626/367 451/625/366 
f 439/605/354 441/607/356 453/627/368 452/626/367 
f 441/628/356 421/610/336 443/613/358 453/629/368 
f 429/589/344 425/585/340 424/584/339 426/586/341 
f 443/630/358 442/631/357 454/632/369 455/633/370 
f 442/615/357 444/614/359 456/634/371 454/635/369 
f 444/614/359 445/616/360 457/636/372 456/634/371 
f 445/616/360 446/617/361 458/637/373 457/636/372 
f 446/617/361 447/618/362 459/638/374 458/637/373 
f 447/639/362 448/640/363 460/641/375 459/642/374 
f 448/640/363 449/643/364 461/644/376 460/641/375 
f 449/624/364 450/623/365 462/645/377 461/646/376 
f 450/623/365 451/625/366 463/647/378 462/645/377 
f 451/625/366 452/626/367 464/648/379 463/647/378 
f 452/626/367 453/627/368 465/649/380 464/648/379 
f 453/650/368 443/630/358 455/633/370 465/651/380 
f 455/633/370 454/632/369 466/652/381 467/653/382 
f 454/635/369 456/634/371 468/654/383 466/655/381 
f 456/634/371 457/636/372 469/656/384 468/654/383 
f 457/636/372 458/637/373 470/657/385 469/656/384 
f 458/637/373 459/638/374 471/658/386 470/657/385 
f 459/642/374 460/641/375 472/659/387 471/660/386 
f 460/641/375 461/644/376 473/661/388 472/659/387 
f 461/646/376 462/645/377 474/662/389 473/663/388 
f 462/645/377 463/647/378 475/664/390 474/662/389 
f 463/647/378 464/648/379 476/665/391 475/664/390 
f 464/648/379 465/649/380 477/666/392 476/665/391 
f 465/651/380 455/633/370 467/653/382 477/667/392 
f 467/653/382 466/652/381 478/668/393 479/669/394 
f 466/655/381 468/654/383 480/670/395 478/671/393 
f 468/654/383 469/656/384 481/672/396 480/670/395 
f 469/656/384 470/657/385 482/673/397 481/672/396 
f 470/657/385 471/658/386 483/674/398 482/673/397 
f 471/660/386 472/659/387 484/675/399 483/676/398 
f 472/659/387 473/661/388 485/677/400 484/675/399 
f 473/663/388 474/662/389 486/678/401 485/679/400 
f 474/662/389 475/664/390 487/680/402 486/678/401 
f 475/664/390 476/665/391 488/681/403 487/680/402 
f 476/665/391 477/666/392 489/682/404 488/681/403 
f 477/667/392 467/653/382 479/669/394 489/683/404 
f 479/669/394 478/668/393 490/684/405 491/685/406 
f 478/671/393 480/670/395 492/686/407 490/687/405 
f 480/670/395 481/672/396 493/688/408 492/686/407 
f 481/672/396 482/673/397 494/689/409 493/688/408 
f 482/673/397 483/674/398 495/690/410 494/689/409 
f 483/676/398 484/675/399 496/691/411 495/692/410 
f 484/675/399 485/677/400 497/693/412 496/691/411 
f 485/679/400 486/678/401 498/694/413 497/695/412 
f 486/678/401 487/680/402 499/696/414 498/694/413 
f 487/680/402 488/681/403 500/697/415 499/696/414 
f 488/681/403 489/682/404 501/698/416 500/697/415 
f 489/683/404 479/669/394 491/685/406 501/699/416 
f 491/685/406 490/684/405 502/700/417 503/701/418 
f 490/687/405 492/686/407 504/702/419 502/703/417 
f 492/686/407 493/688/408 505/704/420 504/702/419 
f 493/688/408 494/689/409 506/705/421 505/704/420 
f 494/689/409 495/690/410 507/706/422 506/705/421 
f 495/707/410 496/708/411 508/709/423 507/710/422 
f 496/691/411 497/693/412 509/711/424 508/712/423 
f 497/695/412 498/694/413 510/713/425 509/714/424 
f 498/694/413 499/696/414 511/715/426 510/713/425 
f 499/696/414 500/697/415 512/716/427 511/715/426 
f 500/697/415 501/698/416 513/717/428 512/716/427 
f 501/699/416 491/685/406 503/701/418 513/718/428 
f 503/701/418 502/700/417 514/719/429 515/720/430 
f 502/703/417 504/702/419 516/721/431 514/722/429 
f 504/702/419 505/704/420 517/723/432 516/721/431 
f 505/704/420 506/705/421 518/724/433 517/723/432 
f 506/705/421 507/706/422 519/725/434 518/724/433 
f 507/726/422 508/712/423 520/727/435 519/728/434 
f 508/712/423 509/711/424 521/729/436 520/727/435 
f 509/714/424 510/713/425 522/730/437 521/731/436 
f 510/713/425 511/715/426 523/732/438 522/730/437 
f 511/715/426 512/716/427 524/733/439 523/732/438 
f 512/716/427 513/717/428 525/734/440 524/733/439 
f 513/718/428 503/701/418 515/720/430 525/735/440 
f 526/736/441 527/737/442 528/738/443 529/739/444 
f 527/740/442 530/741/445 531/742/446 528/743/443 
f 530/741/445 532/744/447 533/745/448 531/742/446 
f 532/744/447 534/746/449 535/747/450 533/745/448 
f 534/746/449 536/748/451 537/749/452 535/747/450 
f 536/750/451 538/751/453 539/752/454 537/753/452 
f 538/751/453 540/754/455 541/755/456 539/752/454 
f 540/756/455 542/757/457 543/758/458 541/759/456 
f 542/757/457 544/760/459 545/761/460 543/758/458 
f 544/760/459 546/762/461 547/763/462 545/761/460 
f 546/762/461 548/764/463 549/765/464 547/763/462 
f 548/766/463 526/736/441 529/739/444 549/767/464 
f 550/768/465 551/769/466 552/770/467 553/771/468 
f 551/769/466 554/772/469 555/773/470 552/770/467 
f 556/774/471 557/775/472 558/776/473 559/777/474 
f 557/778/472 560/779/475 561/780/476 558/781/473 
f 562/782/477 563/783/478 564/784/479 565/785/480 
f 563/786/478 566/787/481 567/788/482 564/789/479 
f 566/787/481 568/790/483 569/791/484 567/788/482 
f 568/792/483 570/793/485 571/794/486 569/795/484 
f 570/796/485 572/797/487 573/798/488 571/799/486 
f 572/797/487 574/800/489 575/801/490 573/798/488 
f 574/802/489 576/803/491 577/804/492 575/805/490 
f 576/803/491 550/768/465 553/771/468 577/804/492 
f 553/771/468 552/770/467 578/806/493 579/807/494 
f 552/770/467 555/773/470 580/808/495 578/806/493 
f 575/805/490 577/804/492 581/809/496 582/810/497 
f 577/804/492 553/771/468 579/807/494 581/809/496 
f 582/811/497 581/812/496 106/813/102 583/814/498 
f 581/809/496 579/807/494 107/815/103 106/816/102 
f 579/807/494 578/806/493 110/817/106 107/815/103 
f 578/818/493 580/819/495 584/820/499 110/821/106 
f 585/822/500 586/823/501 557/778/472 556/824/471 
f 586/823/501 587/825/502 560/779/475 557/778/472 
f 587/826/502 588/827/503 561/828/476 560/829/475 
f 588/830/503 589/831/504 558/832/473 561/833/476 
f 589/831/504 590/834/505 559/835/474 558/832/473 
f 590/836/505 585/837/500 556/838/471 559/839/474 
s 8
f 40/52/39 39/51/38 591/840/506 592/841/507 
f 19/27/19 593/842/508 594/843/509 20/28/20 
s off
f 20/28/20 594/843/509 595/844/52 54/69/52 
f 54/69/52 595/844/52 596/845/13 13/17/13 
s 8
f 13/17/13 596/845/13 597/846/510 14/18/14 
s off
f 598/847/511 599/848/512 600/849/513 601/850/514 
f 18/24/18 17/23/17 67/851/63 602/852/515 
f 1/853/1 4/854/4 78/855/74 76/856/72 
f 4/857/4 16/858/16 603/859/516 78/860/74 
f 16/858/16 15/861/15 604/862/517 603/859/516 
f 15/861/15 605/863/518 606/864/519 604/862/517 
f 607/865/520 608/866/521 609/867/522 610/868/523 
f 599/848/512 598/847/511 611/869/524 612/870/525 
f 598/847/511 50/64/46 613/871/526 611/869/524 
f 50/64/46 49/63/48 79/872/75 613/871/526 
f 49/873/48 63/78/60 77/874/73 79/875/75 
f 63/78/60 62/77/59 75/876/71 77/874/73 
f 62/77/59 36/48/33 72/877/68 75/876/71 
f 36/48/33 35/47/35 73/878/69 72/877/68 
f 35/879/35 68/880/64 614/881/527 73/882/69 
f 68/84/64 17/83/17 615/883/528 614/884/527 
f 17/885/17 6/886/6 70/887/66 615/888/528 
f 6/889/6 5/890/5 71/891/67 70/892/66 
f 5/890/5 51/893/49 74/894/70 71/891/67 
f 51/893/49 1/853/1 76/856/72 74/894/70 
f 46/895/45 81/896/77 616/897/529 617/898/530 
f 81/899/77 618/900/531 619/901/532 616/902/529 
f 618/903/531 620/904/519 621/905/533 619/906/532 
f 620/907/519 46/908/45 617/909/530 621/910/533 
f 616/902/529 619/901/532 622/911/534 623/912/535 
f 619/906/532 621/905/533 624/913/536 622/914/534 
f 621/910/533 617/909/530 625/915/537 624/916/536 
f 623/917/535 622/918/534 626/919/538 627/920/539 
f 622/914/534 624/913/536 628/921/540 626/922/538 
f 624/923/536 625/924/537 629/925/541 628/926/540 
f 627/920/539 626/919/538 630/927/542 631/928/543 
f 626/922/538 628/921/540 632/929/544 630/930/542 
f 628/926/540 629/925/541 633/931/545 632/932/544 
f 633/933/545 631/934/543 608/935/521 607/936/520 
f 631/937/543 630/938/542 609/939/522 608/940/521 
f 630/930/542 632/929/544 610/941/523 609/942/522 
f 632/943/544 633/944/545 607/945/520 610/946/523 
f 35/47/35 34/46/34 634/947/546 635/948/547 
f 636/949/548 637/950/549 638/951/550 639/952/551 
f 640/953/552 641/954/553 642/955/554 643/956/555 
f 644/957/556 643/958/555 642/959/554 
f 645/960/557 641/961/553 640/962/552 
f 640/963/552 643/964/555 646/965/558 647/966/559 
f 84/103/80 83/102/79 648/967/560 649/968/561 
f 172/969/166 171/970/165 650/971/562 651/972/563 
f 171/970/165 169/973/163 652/974/564 650/971/562 
f 169/975/163 167/976/161 653/977/565 652/978/564 
f 167/976/161 165/979/159 654/980/566 653/977/565 
f 165/979/159 162/981/156 655/982/567 654/980/566 
f 162/981/156 161/983/155 656/984/568 655/982/567 
f 161/985/155 158/986/152 657/987/569 656/988/568 
f 158/986/152 157/989/151 658/990/570 657/987/569 
f 87/991/83 86/992/82 659/993/571 660/994/572 
f 86/111/82 89/110/85 661/995/573 659/996/571 
f 89/110/85 84/113/80 649/997/561 661/995/573 
f 21/29/21 24/32/24 597/846/510 596/845/13 
f 24/998/24 46/59/45 605/999/518 597/1000/510 
f 46/908/45 620/907/519 606/864/519 605/863/518 
f 620/904/519 618/903/531 612/1001/525 606/1002/519 
f 618/900/531 81/899/77 599/848/512 612/870/525 
f 81/899/77 80/1003/76 600/849/513 599/848/512 
f 41/53/40 43/56/42 662/1004/574 663/1005/575 
f 43/56/42 25/1006/25 593/1007/508 662/1004/574 
f 25/33/25 28/36/28 594/843/509 593/842/508 
f 28/36/28 55/70/53 595/844/52 594/843/509 
f 55/70/53 21/29/21 596/845/13 595/844/52 
f 601/850/514 47/61/46 50/64/46 598/847/511 
f 664/1008/576 665/1009/577 644/957/556 666/1010/578 
f 69/1011/65 68/1012/64 645/1013/557 667/1014/579 
f 641/1015/553 636/949/548 639/952/551 642/1016/554 
s 8
f 14/20/14 597/1000/510 605/999/518 15/21/15 
s off
f 515/1017/430 514/1018/429 668/1019/580 669/1020/581 
f 514/722/429 516/721/431 670/1021/582 668/1022/580 
f 516/721/431 517/723/432 671/1023/583 670/1021/582 
f 517/723/432 518/724/433 672/1024/584 671/1023/583 
f 518/724/433 519/725/434 673/1025/585 672/1024/584 
f 519/1026/434 520/1027/435 674/1028/586 673/1029/585 
f 520/1030/435 521/1031/436 675/1032/587 674/1033/586 
f 521/731/436 522/730/437 676/1034/588 675/1035/587 
f 522/730/437 523/732/438 677/1036/589 676/1034/588 
f 523/732/438 524/733/439 678/1037/590 677/1036/589 
f 524/733/439 525/734/440 679/1038/591 678/1037/590 
f 525/1039/440 515/1040/430 669/1041/581 679/1042/591 
f 555/1043/470 680/1044/592 681/1045/593 580/1046/495 
f 680/1044/592 565/1047/480 682/1048/594 681/1045/593 
f 565/785/480 564/784/479 683/1049/595 682/1050/594 
f 564/789/479 567/788/482 684/1051/596 683/1052/595 
f 567/788/482 569/791/484 685/1053/597 684/1051/596 
f 569/795/484 571/794/486 686/1054/598 685/1055/597 
f 571/799/486 573/798/488 687/1056/599 686/1057/598 
f 573/798/488 575/801/490 582/1058/497 687/1056/599 
f 688/1059/600 684/1051/596 685/1053/597 689/1060/601 
f 683/1052/595 684/1051/596 688/1059/600 690/1061/602 
s 4
f 16/22/16 4/1062/4 3/1063/3 10/19/10 
f 11/26/11 7/1064/7 6/1065/6 17/23/17 
f 30/60/30 46/59/45 24/998/24 23/1066/23 
f 26/1067/26 25/1006/25 43/56/42 31/55/31 
s off
f 659/1068/571 661/1069/573 654/1070/566 655/1071/567 
f 661/1069/573 649/1072/561 653/1073/565 654/1070/566 
f 649/1072/561 648/1074/560 651/1075/563 650/1076/562 
f 653/1073/565 649/1072/561 650/1076/562 652/1077/564 
f 657/1078/569 658/1079/570 660/1080/572 659/1068/571 
f 657/1078/569 659/1068/571 655/1071/567 656/1081/568 
f 583/1082/498 106/130/102 109/133/105 691/1083/603 
f 584/1084/499 692/1085/604 111/135/107 110/134/106 
f 142/1086/136 144/1087/138 153/1088/147 190/1089/184 
f 148/181/142 149/180/143 198/233/192 156/232/150 
f 208/244/201 121/145/116 135/163/129 141/171/135 
f 131/158/125 133/161/127 150/182/144 140/169/134 
f 143/173/137 142/172/136 190/222/184 189/221/183 
f 149/180/143 151/183/145 200/236/194 198/233/192 
f 192/224/186 191/223/185 299/363/255 693/1090/605 
f 191/223/185 193/226/187 203/366/197 299/363/255 
f 197/235/191 199/234/193 306/374/262 206/373/200 
f 199/234/193 201/237/195 694/1091/606 306/374/262 
f 48/1092/47 64/79/61 63/78/60 49/873/48 
f 174/1093/168 173/1094/167 695/1095/607 696/1096/608 
f 160/1097/154 159/1098/153 697/1099/609 698/1100/610 
f 163/1101/157 166/1102/160 415/566/330 414/563/329 
f 166/1102/160 168/1103/162 416/568/331 415/566/330 
f 174/1093/168 696/1096/608 417/1104/332 170/1105/164 
f 697/1099/609 159/1098/153 164/1106/158 413/1107/328 
f 615/1108/528 70/86/66 73/89/69 614/1109/527 
f 78/94/74 603/1110/516 613/1111/526 79/95/75 
f 42/1112/41 82/1113/78 32/42/32 31/41/31 
f 85/1114/81 44/1115/43 30/40/30 29/38/29 
f 56/1116/54 88/1117/84 29/38/29 22/37/22 
f 27/44/27 32/42/32 88/1117/84 56/1116/54 
f 603/1110/516 604/1118/517 611/1119/524 613/1111/526 
f 416/1120/331 168/1121/162 170/1122/164 417/1123/332 
f 164/1124/158 163/1125/157 414/1126/329 413/1127/328 
f 158/190/152 161/193/155 164/196/158 159/191/153 
f 169/201/163 171/203/165 174/206/168 170/202/164 
f 176/208/170 179/211/173 182/214/176 177/209/171 
f 187/219/181 209/245/202 212/248/205 188/220/182 
f 693/1128/605 299/1129/255 99/123/95 98/122/94 
f 393/1130/308 213/249/206 92/116/88 97/121/93 
f 306/1131/262 694/1132/606 95/119/91 94/118/90 
f 335/416/273 334/415/272 230/266/223 229/265/222 
f 334/415/272 336/417/274 233/269/226 230/266/223 
f 336/419/274 337/418/275 235/272/228 233/271/226 
f 337/418/275 219/420/212 222/275/215 235/272/228 
f 227/422/220 338/421/276 242/283/235 228/282/221 
f 338/421/276 339/423/277 244/286/237 242/283/235 
f 339/425/277 340/424/278 246/290/239 244/1133/237 
f 340/424/278 335/416/273 229/265/222 246/290/239 
f 378/1134/293 377/1135/292 390/1136/305 389/536/304 
f 377/1135/292 379/1137/294 391/1138/306 390/1136/305 
f 379/1139/294 380/1140/295 392/510/307 391/509/306 
f 380/1140/295 381/1141/296 394/513/309 392/510/307 
f 381/1142/296 382/1143/297 395/516/310 394/515/309 
f 382/1143/297 383/1144/298 396/519/311 395/516/310 
f 383/1144/298 384/1145/299 397/521/312 396/519/311 
f 384/1145/299 385/1146/300 398/523/313 397/521/312 
f 408/1147/323 407/1148/322 400/1149/315 399/1150/314 
f 407/1148/322 409/1151/324 403/1152/318 400/1149/315 
f 387/500/302 388/499/303 406/1153/321 405/1154/320 
f 388/1155/303 378/1134/293 389/536/304 406/535/321 
f 409/1156/324 387/1157/302 405/545/320 403/548/318 
f 398/523/313 385/1146/300 408/1158/323 399/552/314 
f 411/1159/326 410/1160/325 419/1161/334 418/1162/333 
f 410/1160/325 112/1163/108 422/1164/337 419/1161/334 
f 115/139/111 424/584/339 422/581/337 112/136/108 
f 128/1165/123 126/1166/121 427/1167/342 426/1168/341 
f 126/1169/121 124/1170/119 430/1171/345 427/1172/342 
f 124/1170/119 122/1173/117 432/1174/347 430/1171/345 
f 122/1175/117 119/1176/114 434/1177/349 432/1178/347 
f 105/129/101 436/602/351 434/599/349 119/143/114 
f 104/1179/100 412/1180/327 440/1181/355 438/1182/353 
f 412/1180/327 411/1159/326 418/1162/333 440/1181/355 
f 689/1060/601 685/1053/597 686/1183/598 687/1184/599 
f 682/1185/594 683/1052/595 690/1061/602 681/1186/593 
f 115/139/111 128/156/123 426/586/341 424/584/339 
f 105/129/101 104/128/100 438/604/353 436/602/351 
f 104/1187/100 101/1188/97 209/1189/202 187/1190/181 
f 101/1188/97 100/1191/96 210/1192/203 209/1189/202 
f 698/1100/610 697/1099/609 212/1193/205 211/1194/204 
f 697/1195/609 413/1196/328 188/1197/182 212/1198/205 
f 417/1104/332 696/1096/608 177/1199/171 182/1200/176 
f 696/1096/608 695/1095/607 178/1201/172 177/1199/171 
f 116/1202/112 113/1203/109 176/1204/170 175/1205/169 
f 113/1203/109 112/1206/108 179/1207/173 176/1204/170 
f 699/1208/611 700/1209/612 551/769/466 550/768/465 
f 700/1209/612 701/1210/613 554/772/469 551/769/466 
f 701/1211/613 702/1212/614 703/1213/615 554/1214/469 
f 702/1212/614 704/1215/616 562/1216/477 703/1213/615 
f 704/1215/616 705/1217/617 563/1218/478 562/1216/477 
f 705/1219/617 706/1220/618 566/787/481 563/786/478 
f 706/1220/618 707/1221/619 568/790/483 566/787/481 
f 707/1222/619 708/1223/620 570/796/485 568/1224/483 
f 708/1223/620 709/1225/621 572/797/487 570/796/485 
f 709/1225/621 710/1226/622 574/800/489 572/797/487 
f 710/1227/622 711/1228/623 576/803/491 574/802/489 
f 711/1228/623 699/1208/611 550/768/465 576/803/491 
f 689/1060/601 687/1184/599 691/1229/603 109/1230/105 
f 687/1056/599 582/1058/497 583/1231/498 691/1232/603 
f 580/1046/495 681/1045/593 692/1233/604 584/1234/499 
f 681/1186/593 690/1061/602 111/1235/107 692/1236/604 
f 690/1061/602 688/1059/600 108/1237/104 111/1235/107 
f 688/1059/600 689/1060/601 109/1230/105 108/1237/104 
f 554/1238/469 703/1239/615 586/1240/501 585/1241/500 
f 703/1242/615 562/1243/477 587/1244/502 586/1245/501 
f 562/1246/477 565/1247/480 588/827/503 587/826/502 
f 565/1248/480 680/1249/592 589/1250/504 588/1251/503 
f 680/1249/592 555/1252/470 590/1253/505 589/1250/504 
f 555/773/470 554/772/469 585/837/500 590/836/505 
f 669/1254/581 668/1255/580 527/1256/442 526/1257/441 
f 668/1255/580 670/1258/582 530/1259/445 527/1256/442 
f 670/1258/582 671/1260/583 532/1261/447 530/1259/445 
f 671/1260/583 672/1262/584 534/1263/449 532/1261/447 
f 672/1262/584 673/1264/585 536/1265/451 534/1263/449 
f 673/1264/585 674/1266/586 538/1267/453 536/1265/451 
f 674/1266/586 675/1268/587 540/1269/455 538/1267/453 
f 675/1268/587 676/1270/588 542/1271/457 540/1269/455 
f 676/1270/588 677/1272/589 544/1273/459 542/1271/457 
f 677/1272/589 678/1274/590 546/1275/461 544/1273/459 
f 678/1274/590 679/1276/591 548/1277/463 546/1275/461 
f 679/1276/591 669/1254/581 526/1257/441 548/1277/463 
f 700/1278/612 699/1279/611 529/1280/444 528/1281/443 
f 699/1279/611 711/1282/623 549/1283/464 529/1280/444 
f 711/1282/623 710/1284/622 547/1285/462 549/1283/464 
f 710/1284/622 709/1286/621 545/1287/460 547/1285/462 
f 709/1286/621 708/1288/620 543/1289/458 545/1287/460 
f 708/1288/620 707/1290/619 541/1291/456 543/1289/458 
f 707/1290/619 706/1292/618 539/1293/454 541/1291/456 
f 706/1292/618 705/1294/617 537/1295/452 539/1293/454 
f 705/1294/617 704/1296/616 535/1297/450 537/1295/452 
f 704/1296/616 702/1298/614 533/1299/448 535/1297/450 
f 702/1298/614 701/1300/613 531/1301/446 533/1299/448 
f 701/1300/613 700/1278/612 528/1281/443 531/1301/446 
f 606/1002/519 612/1001/525 611/1119/524 604/1118/517 
f 617/898/530 616/897/529 623/1302/535 625/1303/537 
f 625/1303/537 623/1302/535 627/1304/539 629/1305/541 
f 629/1305/541 627/1304/539 631/934/543 633/933/545 
f 68/1306/64 35/1307/35 635/1308/547 645/1309/557 
f 635/1310/547 634/1311/546 637/1312/549 636/1313/548 
f 664/1008/576 666/1010/578 639/1314/551 638/1315/550 
f 666/1010/578 644/957/556 642/959/554 639/1314/551 
f 645/960/557 635/1310/547 636/1313/548 641/961/553 
f 644/957/556 665/1009/577 712/1316/624 643/958/555 
f 713/1317/625 714/1318/626 647/1319/559 646/1320/558 
f 640/962/552 715/1321/627 667/1322/579 645/960/557 
f 715/1321/627 640/962/552 647/1323/559 714/1324/626 
f 643/958/555 712/1316/624 713/1325/625 646/1326/558 
f 593/1327/508 19/1328/19 592/1329/507 591/1330/506 
f 19/1331/19 18/1332/18 40/1333/39 592/1334/507 
f 18/1332/18 602/1335/515 37/1336/36 40/1333/39 
f 663/1337/575 662/1338/574 39/1339/38 38/1340/37 
f 662/1338/574 593/1341/508 591/1342/506 39/1339/38 
s 4
f 716/1343/628 717/1344/629 718/1345/630 
f 716/1343/628 719/1346/631 717/1344/629 
f 720/1347/632 721/1348/633 722/1349/634 
f 720/1347/632 723/1350/635 721/1348/633 
f 718/1351/630 717/1352/629 724/1353/636 725/1354/637 
f 721/1355/633 723/1356/635 726/1357/638 727/1358/639 
s 8
f 725/1354/637 724/1353/636 728/1359/640 729/1360/641 
f 724/1361/636 730/1362/642 731/1363/643 728/1364/640 
f 732/1365/644 727/1366/639 733/1367/645 734/1368/646 
f 727/1358/639 726/1357/638 735/1369/647 733/1370/645 
s 4
f 736/1371/648 737/1372/649 738/1373/650 739/1374/651 
f 740/1375/652 741/1376/653 742/1377/654 743/1378/655 
f 739/1379/651 738/1380/650 744/1381/656 
f 738/1380/650 745/1382/657 744/1381/656 
f 746/1383/658 743/1384/655 747/1385/659 
f 743/1384/655 742/1386/654 747/1385/659 
s off
f 33/45/33 748/1387/33 749/1388/660 34/46/34 
f 37/49/36 750/1389/661 751/1390/662 38/50/37 
f 41/53/40 752/1391/663 746/1392/658 42/54/41 
f 44/57/43 745/1393/657 753/1394/664 45/58/44 
f 47/61/46 754/1395/46 755/1396/665 48/62/47 
f 756/1397/666 716/1343/628 718/1345/630 757/1398/667 
f 757/1399/667 718/1351/630 725/1354/637 758/1400/668 
f 758/1400/668 725/1354/637 729/1360/641 759/1401/669 
f 760/1402/670 736/1371/648 739/1374/651 761/1403/671 
f 762/1404/672 763/1405/673 59/74/57 58/73/56 
f 61/76/59 64/79/61 764/1406/674 765/1407/59 
f 720/1347/632 756/1397/666 757/1398/667 723/1350/635 
f 723/1356/635 757/1399/667 758/1400/668 726/1357/638 
f 726/1357/638 758/1400/668 759/1401/669 735/1369/647 
f 741/1376/653 760/1402/670 761/1403/671 742/1377/654 
f 766/1408/675 762/1404/672 58/73/56 66/81/56 
f 33/45/33 61/76/59 765/1407/59 748/1387/33 
f 67/82/63 69/85/65 767/1409/676 732/1410/644 
f 768/1411/677 769/1412/678 770/1413/679 771/1414/680 
f 771/1414/680 770/1413/679 772/1415/681 773/1416/682 
f 773/1416/682 772/1415/681 774/1417/683 775/1418/684 
f 775/1418/684 774/1417/683 776/1419/685 777/1420/686 
f 753/1421/664 778/1422/687 80/98/76 45/97/44 
f 747/1423/659 779/1424/688 83/102/79 82/101/78 
f 85/104/81 87/107/83 780/1425/689 744/1426/656 
f 744/1427/656 780/1428/689 781/1429/690 782/1430/691 
f 782/1430/691 781/1429/690 779/1431/688 747/1432/659 
f 783/1433/692 784/1434/693 785/1435/694 
f 785/1435/694 784/1434/693 786/1436/695 
f 66/81/56 95/119/91 787/1437/696 766/1408/675 
f 783/1433/692 788/1438/697 784/1434/693 
f 789/1439/698 786/1436/695 784/1434/693 
f 98/122/94 59/74/57 763/1405/673 790/1440/699 
f 100/124/96 103/127/99 791/1441/700 792/1442/701 
f 792/1442/701 791/1441/700 793/1443/702 794/1444/703 
f 795/1445/704 796/1446/705 797/1447/706 798/1448/707 
f 798/1448/707 797/1447/706 799/1449/708 800/1450/709 
f 801/1451/710 802/1452/711 803/1453/712 804/1454/713 
f 804/1454/713 803/1453/712 117/141/113 116/140/112 
f 805/1455/700 806/1456/714 807/1457/715 808/1458/716 
f 808/1459/716 807/1460/715 809/1461/717 810/1462/718 
f 810/1462/718 809/1461/717 811/1463/719 812/1464/720 
f 812/1464/720 811/1463/719 813/1465/721 814/1466/722 
f 814/1466/722 813/1465/721 815/1467/723 816/1468/724 
f 816/1469/724 815/1470/723 817/1471/725 818/1472/712 
f 818/1472/712 817/1471/725 133/161/127 132/160/126 
f 806/1456/714 819/1473/726 820/1474/727 807/1457/715 
f 807/1460/715 820/1475/727 821/1476/728 809/1461/717 
f 809/1461/717 821/1476/728 822/1477/729 811/1463/719 
f 811/1463/719 822/1477/729 823/1478/730 813/1465/721 
f 813/1465/721 823/1478/730 824/1479/731 815/1467/723 
f 815/1470/723 824/1480/731 825/1481/732 817/1471/725 
f 141/171/135 143/173/137 826/1482/733 819/1473/726 
f 819/1473/726 826/1482/733 827/1483/734 820/1474/727 
f 820/1475/727 827/1484/734 828/1485/735 821/1476/728 
f 821/1476/728 828/1485/735 829/1486/736 822/1477/729 
f 822/1477/729 829/1486/736 830/1487/737 823/1478/730 
f 823/1478/730 830/1487/737 831/1488/738 824/1479/731 
f 824/1480/731 831/1489/738 832/1490/739 825/1481/732 
f 825/1481/732 832/1490/739 151/183/145 150/182/144 
f 827/1484/734 833/1491/740 834/1492/741 828/1485/735 
f 828/1485/735 834/1492/741 835/1493/742 829/1486/736 
f 829/1486/736 835/1493/742 836/1494/743 830/1487/737 
f 830/1487/737 836/1494/743 837/1495/744 831/1488/738 
f 157/189/151 160/192/154 838/1496/745 839/1497/746 
f 840/1498/747 841/1499/748 842/1500/749 843/1501/750 
f 843/1501/750 842/1500/749 844/1502/751 845/1503/752 
f 845/1503/752 844/1502/751 846/1504/753 847/1505/754 
f 847/1505/754 846/1504/753 848/1506/755 849/1507/756 
f 850/1508/757 851/1509/758 173/205/167 172/204/166 
f 175/207/169 178/210/172 852/1510/759 853/1511/760 
f 854/1512/761 855/1513/762 856/1514/763 857/1515/764 
f 857/1515/764 856/1514/763 858/1516/765 859/1517/766 
f 859/1517/766 858/1516/765 860/1518/767 861/1519/768 
f 861/1519/768 860/1518/767 862/1520/769 863/1521/770 
f 189/221/183 192/224/186 864/1522/771 865/1523/772 
f 865/1523/772 864/1522/771 866/1524/773 833/1525/740 
f 833/1491/740 866/1526/773 867/1527/774 834/1492/741 
f 834/1492/741 867/1527/774 868/1528/775 835/1493/742 
f 835/1493/742 868/1528/775 869/1529/776 836/1494/743 
f 836/1494/743 869/1529/776 870/1530/777 837/1495/744 
f 837/1531/744 870/1532/777 871/1533/778 872/1534/779 
f 872/1534/779 871/1533/778 201/237/195 200/236/194 
f 866/1526/773 873/1535/780 874/1536/781 867/1527/774 
f 867/1527/774 874/1536/781 875/1537/782 868/1528/775 
f 868/1528/775 875/1537/782 876/1538/783 869/1529/776 
f 869/1529/776 876/1538/783 877/1539/784 870/1530/777 
f 207/243/99 208/244/201 806/1456/714 805/1455/700 
f 878/1540/785 879/1541/786 211/247/204 210/246/203 
f 880/1542/787 784/1434/693 881/1543/788 
f 881/1543/788 784/1434/693 882/1544/789 
f 882/1544/789 784/1434/693 883/1545/790 
f 883/1545/790 784/1434/693 884/1546/791 
f 884/1546/791 784/1434/693 788/1438/697 885/1547/792 
f 886/1548/793 887/1549/794 888/1550/795 889/1551/796 
f 889/1551/796 888/1550/795 890/1552/797 891/1553/798 
f 891/1553/798 890/1552/797 892/1554/799 893/1555/800 
f 893/1555/800 892/1554/799 894/1556/801 895/1557/802 
f 896/1558/803 897/1559/804 898/1560/805 899/1561/806 
f 899/1561/806 898/1560/805 900/1562/807 901/1563/808 
f 901/1564/808 900/1565/807 902/1566/809 903/1567/810 
f 903/1567/810 902/1566/809 904/1568/811 887/1569/794 
f 887/1549/794 904/1570/811 905/1571/812 888/1550/795 
f 888/1550/795 905/1571/812 906/1572/813 890/1552/797 
f 890/1552/797 906/1572/813 907/1573/814 892/1554/799 
f 892/1554/799 907/1573/814 908/1574/815 894/1556/801 
f 894/1575/801 908/1576/815 909/1577/816 910/1578/817 
f 910/1578/817 909/1577/816 911/1579/818 912/1580/819 
f 912/1580/819 911/1579/818 913/1581/820 914/1582/821 
f 914/1583/821 913/1584/820 897/1559/804 896/1558/803 
f 897/1559/804 915/1585/804 916/1586/805 898/1560/805 
f 898/1560/805 916/1586/805 917/1587/807 900/1562/807 
f 900/1565/807 917/1588/807 918/1589/809 902/1566/809 
f 902/1566/809 918/1589/809 919/1590/822 904/1568/811 
f 904/1570/811 919/1591/822 920/1592/812 905/1571/812 
f 905/1571/812 920/1592/812 921/1593/813 906/1572/813 
f 906/1572/813 921/1593/813 922/1594/823 907/1573/814 
f 907/1573/814 922/1594/823 923/1595/824 908/1574/815 
f 908/1576/815 923/1596/824 924/1597/825 909/1577/816 
f 909/1577/816 924/1597/825 925/1598/818 911/1579/818 
f 911/1579/818 925/1598/818 926/1599/820 913/1581/820 
f 913/1584/820 926/1600/820 915/1585/804 897/1559/804 
f 915/1585/804 927/1601/804 928/1602/805 916/1586/805 
f 916/1586/805 928/1602/805 929/1603/807 917/1587/807 
f 917/1588/807 929/1604/807 930/1605/809 918/1589/809 
f 918/1589/809 930/1605/809 931/1606/822 919/1590/822 
f 919/1591/822 931/1607/822 932/1608/826 920/1592/812 
f 920/1592/812 932/1608/826 933/1609/813 921/1593/813 
f 921/1593/813 933/1609/813 934/1610/823 922/1594/823 
f 922/1594/823 934/1610/823 935/1611/824 923/1595/824 
f 923/1596/824 935/1612/824 936/1613/825 924/1597/825 
f 924/1597/825 936/1613/825 937/1614/818 925/1598/818 
f 925/1598/818 937/1614/818 938/1615/827 926/1599/820 
f 926/1600/820 938/1616/827 927/1601/804 915/1585/804 
f 927/1601/804 939/1617/804 940/1618/805 928/1602/805 
f 928/1602/805 940/1618/805 941/1619/828 929/1603/807 
f 929/1604/807 941/1620/828 942/1621/809 930/1605/809 
f 930/1605/809 942/1621/809 943/1622/822 931/1606/822 
f 931/1607/822 943/1623/822 944/1624/826 932/1608/826 
f 932/1608/826 944/1624/826 945/1625/829 933/1609/813 
f 933/1609/813 945/1625/829 946/1626/823 934/1610/823 
f 934/1610/823 946/1626/823 947/1627/824 935/1611/824 
f 935/1612/824 947/1628/824 948/1629/825 936/1613/825 
f 936/1613/825 948/1629/825 949/1630/830 937/1614/818 
f 937/1614/818 949/1630/830 950/1631/827 938/1615/827 
f 938/1616/827 950/1632/827 939/1617/804 927/1601/804 
f 939/1617/804 951/1633/831 952/1634/805 940/1618/805 
f 940/1618/805 952/1634/805 953/1635/807 941/1619/828 
f 941/1620/828 953/1636/807 954/1637/809 942/1621/809 
f 942/1621/809 954/1637/809 955/1638/822 943/1622/822 
f 943/1623/822 955/1639/822 956/1640/826 944/1624/826 
f 944/1624/826 956/1640/826 957/1641/829 945/1625/829 
f 945/1625/829 957/1641/829 958/1642/823 946/1626/823 
f 946/1626/823 958/1642/823 959/1643/824 947/1627/824 
f 947/1628/824 959/1644/824 960/1645/825 948/1629/825 
f 948/1629/825 960/1645/825 961/1646/830 949/1630/830 
f 949/1630/830 961/1646/830 962/1647/820 950/1631/827 
f 950/1632/827 962/1648/820 951/1633/831 939/1617/804 
f 762/1649/672 963/1650/832 964/1651/833 763/1652/673 
f 763/1652/673 964/1651/833 965/1653/834 790/1654/699 
f 790/1655/699 965/1656/834 966/1657/835 967/1658/836 
f 967/1658/836 966/1657/835 968/1659/837 873/1660/780 
f 873/1535/780 968/1661/837 969/1662/838 874/1536/781 
f 874/1536/781 969/1662/838 970/1663/839 875/1537/782 
f 875/1537/782 970/1663/839 971/1664/840 876/1538/783 
f 876/1538/783 971/1664/840 972/1665/841 877/1539/784 
f 877/1666/784 972/1667/841 973/1668/842 974/1669/843 
f 974/1669/843 973/1668/842 975/1670/844 787/1671/696 
f 787/1672/696 975/1673/844 976/1674/845 766/1675/675 
f 766/1675/675 976/1674/845 963/1650/832 762/1649/672 
f 963/1650/832 977/1676/846 978/1677/833 964/1651/833 
f 964/1651/833 978/1677/833 979/1678/834 965/1653/834 
f 965/1656/834 979/1679/834 980/1680/835 966/1657/835 
f 966/1657/835 980/1680/835 981/1681/837 968/1659/837 
f 968/1661/837 981/1682/837 982/1683/838 969/1662/838 
f 969/1662/838 982/1683/838 983/1684/847 970/1663/839 
f 970/1663/839 983/1684/847 984/1685/840 971/1664/840 
f 971/1664/840 984/1685/840 985/1686/848 972/1665/841 
f 972/1667/841 985/1687/848 986/1688/842 973/1668/842 
f 973/1668/842 986/1688/842 987/1689/849 975/1670/844 
f 975/1673/844 987/1690/849 988/1691/850 976/1674/845 
f 976/1674/845 988/1691/850 977/1676/846 963/1650/832 
f 977/1676/846 989/1692/846 990/1693/833 978/1677/833 
f 978/1677/833 990/1693/833 991/1694/834 979/1678/834 
f 979/1679/834 991/1695/834 992/1696/835 980/1680/835 
f 980/1680/835 992/1696/835 993/1697/837 981/1681/837 
f 981/1682/837 993/1698/837 994/1699/838 982/1683/838 
f 982/1683/838 994/1699/838 995/1700/839 983/1684/847 
f 983/1684/847 995/1700/839 996/1701/840 984/1685/840 
f 984/1685/840 996/1701/840 997/1702/848 985/1686/848 
f 985/1687/848 997/1703/848 998/1704/851 986/1688/842 
f 986/1688/842 998/1704/851 999/1705/844 987/1689/849 
f 987/1690/849 999/1706/844 1000/1707/850 988/1691/850 
f 988/1691/850 1000/1707/850 989/1692/846 977/1676/846 
f 989/1692/846 1001/1708/852 1002/1709/853 990/1693/833 
f 990/1693/833 1002/1709/853 1003/1710/854 991/1694/834 
f 991/1695/834 1003/1711/854 1004/1712/855 992/1696/835 
f 992/1696/835 1004/1712/855 886/1713/793 993/1697/837 
f 993/1698/837 886/1548/793 889/1551/796 994/1699/838 
f 994/1699/838 889/1551/796 891/1553/798 995/1700/839 
f 995/1700/839 891/1553/798 893/1555/800 996/1701/840 
f 996/1701/840 893/1555/800 895/1557/802 997/1702/848 
f 997/1703/848 895/1714/802 1005/1715/856 998/1704/851 
f 998/1704/851 1005/1715/856 1006/1716/857 999/1705/844 
f 999/1706/844 1006/1717/857 1007/1718/858 1000/1707/850 
f 1000/1707/850 1007/1718/858 1001/1708/852 989/1692/846 
f 951/1633/831 1008/1719/804 1009/1720/805 952/1634/805 
f 952/1634/805 1009/1720/805 1010/1721/807 953/1635/807 
f 953/1636/807 1010/1722/807 1011/1723/809 954/1637/809 
f 954/1637/809 1011/1723/809 1012/1724/822 955/1638/822 
f 955/1639/822 1012/1725/822 1013/1726/812 956/1640/826 
f 956/1640/826 1013/1726/812 1014/1727/829 957/1641/829 
f 957/1641/829 1014/1727/829 1015/1728/814 958/1642/823 
f 958/1642/823 1015/1728/814 1016/1729/815 959/1643/824 
f 959/1644/824 1016/1730/815 1017/1731/816 960/1645/825 
f 960/1645/825 1017/1731/816 1018/1732/818 961/1646/830 
f 961/1646/830 1018/1732/818 1019/1733/827 962/1647/820 
f 962/1648/820 1019/1734/827 1008/1719/804 951/1633/831 
f 1008/1719/804 1020/1735/804 1021/1736/805 1009/1720/805 
f 1009/1720/805 1021/1736/805 1022/1737/807 1010/1721/807 
f 1010/1722/807 1022/1738/807 1023/1739/809 1011/1723/809 
f 1011/1723/809 1023/1739/809 1024/1740/859 1012/1724/822 
f 1012/1725/822 1024/1741/859 1025/1742/826 1013/1726/812 
f 1013/1726/812 1025/1742/826 1026/1743/829 1014/1727/829 
f 1014/1727/829 1026/1743/829 1027/1744/814 1015/1728/814 
f 1015/1728/814 1027/1744/814 1028/1745/815 1016/1729/815 
f 1016/1730/815 1028/1746/815 1029/1747/816 1017/1731/816 
f 1017/1731/816 1029/1747/816 1030/1748/818 1018/1732/818 
f 1018/1732/818 1030/1748/818 1031/1749/827 1019/1733/827 
f 1019/1734/827 1031/1750/827 1020/1735/804 1008/1719/804 
f 1020/1735/804 1032/1751/860 1033/1752/861 1021/1736/805 
f 1021/1736/805 1033/1752/861 1034/1753/862 1022/1737/807 
f 1022/1738/807 1034/1754/862 1035/1755/863 1023/1739/809 
f 1023/1739/809 1035/1755/863 1036/1756/864 1024/1740/859 
f 1024/1741/859 1036/1757/864 1037/1758/865 1025/1742/826 
f 1025/1742/826 1037/1758/865 1038/1759/866 1026/1743/829 
f 1026/1743/829 1038/1759/866 1039/1760/867 1027/1744/814 
f 1027/1744/814 1039/1760/867 1040/1761/868 1028/1745/815 
f 1028/1746/815 1040/1762/868 1041/1763/869 1029/1747/816 
f 1029/1747/816 1041/1763/869 1042/1764/870 1030/1748/818 
f 1030/1748/818 1042/1764/870 1043/1765/871 1031/1749/827 
f 1031/1750/827 1043/1766/871 1032/1751/860 1020/1735/804 
f 1032/1767/860 1044/1768/872 1045/1769/873 1033/1770/861 
f 1033/1770/861 1045/1769/873 1046/1771/874 1034/1772/862 
f 1034/1772/862 1046/1771/874 1047/1773/875 1035/1774/863 
f 1035/1774/863 1047/1773/875 1048/1775/876 1036/1776/864 
f 1036/1776/864 1048/1775/876 1049/1777/877 1037/1778/865 
f 1037/1778/865 1049/1777/877 1050/1779/878 1038/1780/866 
f 1038/1781/866 1050/1782/878 1051/1783/879 1039/1784/867 
f 1039/1784/867 1051/1783/879 1052/1785/880 1040/1786/868 
f 1040/1762/868 1052/1787/880 1053/1788/881 1041/1763/869 
f 1041/1763/869 1053/1788/881 1054/1789/882 1042/1764/870 
f 1042/1790/870 1054/1791/882 1055/1792/883 1043/1793/871 
f 1043/1793/871 1055/1792/883 1044/1794/872 1032/1795/860 
f 1056/1796/884 785/1797/694 786/1798/695 1057/1799/885 
f 1057/1799/885 786/1798/695 789/1800/698 1058/1801/886 
f 1058/1802/886 789/1803/698 1059/1804/887 1060/1805/888 
f 1060/1805/888 1059/1804/887 880/1806/787 1061/1807/889 
f 1061/1808/889 880/1809/787 881/1810/788 1062/1811/890 
f 1062/1811/890 881/1810/788 882/1812/789 1063/1813/891 
f 1063/1813/891 882/1812/789 883/1814/790 1064/1815/892 
f 1064/1815/892 883/1814/790 884/1816/791 1065/1817/893 
f 1066/1818/894 1067/1819/895 1068/1820/896 1069/1821/897 
f 1069/1821/897 1068/1820/896 1070/1822/898 1071/1823/899 
f 1072/1824/900 788/1825/697 783/1826/692 1073/1827/901 
f 1073/1828/901 783/1829/692 785/1830/694 1056/1831/884 
f 1052/1785/880 1074/1832/902 1075/1833/903 1053/1834/881 
f 1053/1835/881 1075/1836/903 1076/1837/904 1054/1791/882 
f 1072/1838/900 1071/1839/899 1070/1840/898 788/1841/697 
f 788/1438/697 1070/1842/898 1068/1843/896 885/1547/792 
f 885/1547/792 1068/1843/896 1067/1844/895 884/1546/791 
f 884/1816/791 1067/1845/895 1066/1846/894 1065/1817/893 
f 791/1441/700 103/127/99 207/243/99 805/1455/700 
f 793/1443/702 791/1441/700 805/1455/700 808/1458/716 
f 803/1453/712 802/1452/711 816/1469/724 818/1472/712 
f 117/141/113 803/1453/712 818/1472/712 132/160/126 
f 1077/1847/905 857/1848/764 859/1849/766 1078/1850/906 
f 1078/1850/906 859/1849/766 861/1851/768 1079/1852/907 
f 1079/1852/907 861/1851/768 863/1853/770 794/1854/703 
f 1080/1855/908 862/1856/769 860/1857/767 1081/1858/909 
f 1081/1858/909 860/1857/767 858/1859/765 1082/1860/910 
f 1082/1860/910 858/1859/765 856/1861/763 1083/1862/911 
f 1083/1862/911 856/1861/763 855/1863/762 1084/1864/912 
f 801/1865/710 854/1866/761 857/1867/764 1077/1868/905 
f 1085/1869/913 1086/1870/914 1087/1871/915 1088/1872/916 
f 1088/1873/916 1087/1874/915 1089/1875/917 1090/1876/918 
f 1090/1876/918 1089/1875/917 1091/1877/919 1092/1878/920 
f 1093/1879/921 1094/1880/922 1095/1881/923 1096/1882/924 
f 1096/1883/924 1095/1884/923 1097/1885/925 1098/1886/926 
f 1098/1887/926 1097/1888/925 1099/1889/927 1100/1890/928 
f 1100/1891/928 1099/1892/927 1101/1893/929 1102/1894/930 
f 1102/1894/930 1101/1893/929 1103/1895/931 1104/1896/932 
f 1104/1896/932 1103/1895/931 1105/1897/933 1106/1898/934 
f 1106/1898/934 1105/1897/933 1107/1899/935 1108/1900/936 
f 1108/1901/936 1107/1902/935 1086/1870/914 1085/1869/913 
f 1086/1903/914 1109/1904/937 1110/1905/938 1087/1906/915 
f 1087/1874/915 1110/1907/938 1111/1908/939 1089/1875/917 
f 1089/1875/917 1111/1908/939 1112/1909/940 1091/1877/919 
f 1091/1877/919 1112/1909/940 1113/1910/941 1094/1880/922 
f 1094/1880/922 1113/1910/941 1114/1911/942 1095/1881/923 
f 1095/1884/923 1114/1912/942 1115/1913/943 1097/1885/925 
f 1097/1888/925 1115/1914/943 1116/1915/944 1099/1889/927 
f 1099/1892/927 1116/1916/944 1117/1917/945 1101/1893/929 
f 1101/1893/929 1117/1917/945 1118/1918/946 1103/1895/931 
f 1103/1895/931 1118/1918/946 1119/1919/947 1105/1897/933 
f 1105/1897/933 1119/1919/947 1120/1920/948 1107/1899/935 
f 1107/1921/935 1120/1922/948 1109/1904/937 1086/1903/914 
f 1094/1880/922 1093/1879/921 1092/1878/920 1091/1877/919 
f 1109/1923/937 1121/1924/949 1122/1925/950 1110/1926/938 
f 1110/1907/938 1122/1927/950 1123/1928/951 1111/1908/939 
f 1111/1908/939 1123/1928/951 1124/1929/952 1112/1909/940 
f 1112/1909/940 1124/1929/952 1125/1930/953 1113/1910/941 
f 1113/1910/941 1125/1930/953 1126/1931/954 1114/1911/942 
f 1114/1932/942 1126/1933/954 1127/1934/955 1115/1935/943 
f 1115/1935/943 1127/1934/955 1128/1936/956 1116/1937/944 
f 1116/1916/944 1128/1938/956 1129/1939/957 1117/1917/945 
f 1117/1917/945 1129/1939/957 1130/1940/958 1118/1918/946 
f 1118/1918/946 1130/1940/958 1131/1941/959 1119/1919/947 
f 1119/1919/947 1131/1941/959 1132/1942/960 1120/1920/948 
f 1120/1943/948 1132/1944/960 1121/1924/949 1109/1923/937 
f 1121/1924/949 1133/1945/961 1134/1946/962 1122/1925/950 
f 1122/1927/950 1134/1947/962 1135/1948/963 1123/1928/951 
f 1123/1928/951 1135/1948/963 1136/1949/964 1124/1929/952 
f 1124/1929/952 1136/1949/964 1137/1950/965 1125/1930/953 
f 1125/1930/953 1137/1950/965 1138/1951/966 1126/1931/954 
f 1126/1933/954 1138/1952/966 1139/1953/967 1127/1934/955 
f 1127/1934/955 1139/1953/967 1140/1954/968 1128/1936/956 
f 1128/1938/956 1140/1955/968 1141/1956/969 1129/1939/957 
f 1129/1939/957 1141/1956/969 1142/1957/970 1130/1940/958 
f 1130/1940/958 1142/1957/970 1143/1958/971 1131/1941/959 
f 1131/1941/959 1143/1958/971 1144/1959/972 1132/1942/960 
f 1132/1944/960 1144/1960/972 1133/1945/961 1121/1924/949 
f 1133/1945/961 1145/1961/973 1146/1962/974 1134/1946/962 
f 1134/1947/962 1146/1963/974 1147/1964/975 1135/1948/963 
f 1135/1948/963 1147/1964/975 1148/1965/976 1136/1949/964 
f 1136/1949/964 1148/1965/976 1149/1966/977 1137/1950/965 
f 1137/1950/965 1149/1966/977 1150/1967/978 1138/1951/966 
f 1138/1952/966 1150/1968/978 1151/1969/979 1139/1953/967 
f 1139/1953/967 1151/1969/979 1152/1970/980 1140/1954/968 
f 1140/1955/968 1152/1971/980 1153/1972/981 1141/1956/969 
f 1141/1956/969 1153/1972/981 1154/1973/982 1142/1957/970 
f 1142/1957/970 1154/1973/982 1155/1974/983 1143/1958/971 
f 1143/1958/971 1155/1974/983 1156/1975/984 1144/1959/972 
f 1144/1960/972 1156/1976/984 1145/1961/973 1133/1945/961 
f 1145/1961/973 1157/1977/985 1158/1978/986 1146/1962/974 
f 1146/1963/974 1158/1979/986 1159/1980/987 1147/1964/975 
f 1147/1964/975 1159/1980/987 1160/1981/988 1148/1965/976 
f 1148/1965/976 1160/1981/988 1161/1982/989 1149/1966/977 
f 1149/1966/977 1161/1982/989 1162/1983/990 1150/1967/978 
f 1150/1968/978 1162/1984/990 1163/1985/991 1151/1969/979 
f 1151/1969/979 1163/1985/991 1164/1986/992 1152/1970/980 
f 1152/1971/980 1164/1987/992 1165/1988/993 1153/1972/981 
f 1153/1972/981 1165/1988/993 1166/1989/994 1154/1973/982 
f 1154/1973/982 1166/1989/994 1167/1990/995 1155/1974/983 
f 1155/1974/983 1167/1990/995 1168/1991/996 1156/1975/984 
f 1156/1976/984 1168/1992/996 1157/1977/985 1145/1961/973 
f 1157/1977/985 1169/1993/997 1170/1994/998 1158/1978/986 
f 1158/1979/986 1170/1995/998 1171/1996/999 1159/1980/987 
f 1159/1980/987 1171/1996/999 1172/1997/1000 1160/1981/988 
f 1160/1981/988 1172/1997/1000 1173/1998/1001 1161/1982/989 
f 1161/1982/989 1173/1998/1001 1174/1999/1002 1162/1983/990 
f 1162/2000/990 1174/2001/1002 1175/2002/1003 1163/2003/991 
f 1163/1985/991 1175/2004/1003 1176/2005/1004 1164/1986/992 
f 1164/1987/992 1176/2006/1004 1177/2007/1005 1165/1988/993 
f 1165/1988/993 1177/2007/1005 1178/2008/1006 1166/1989/994 
f 1166/1989/994 1178/2008/1006 1179/2009/1007 1167/1990/995 
f 1167/1990/995 1179/2009/1007 1180/2010/1008 1168/1991/996 
f 1168/1992/996 1180/2011/1008 1169/1993/997 1157/1977/985 
f 1169/1993/997 1181/2012/1009 1182/2013/1010 1170/1994/998 
f 1170/1995/998 1182/2014/1010 1183/2015/1011 1171/1996/999 
f 1171/1996/999 1183/2015/1011 1184/2016/1012 1172/1997/1000 
f 1172/1997/1000 1184/2016/1012 1185/2017/1013 1173/1998/1001 
f 1173/1998/1001 1185/2017/1013 1186/2018/1014 1174/1999/1002 
f 1174/2019/1002 1186/2020/1014 1187/2021/1015 1175/2004/1003 
f 1175/2004/1003 1187/2021/1015 1188/2022/1016 1176/2005/1004 
f 1176/2006/1004 1188/2023/1016 1189/2024/1017 1177/2007/1005 
f 1177/2007/1005 1189/2024/1017 1190/2025/1018 1178/2008/1006 
f 1178/2008/1006 1190/2025/1018 1191/2026/1019 1179/2009/1007 
f 1179/2009/1007 1191/2026/1019 1192/2027/1020 1180/2010/1008 
f 1180/2011/1008 1192/2028/1020 1181/2012/1009 1169/1993/997 
f 1193/2029/1021 1194/2030/1022 1195/2031/1023 1196/2032/1024 
f 1196/2033/1024 1195/2034/1023 1197/2035/1025 1198/2036/1026 
f 1198/2036/1026 1197/2035/1025 1199/2037/1027 1200/2038/1028 
f 1200/2038/1028 1199/2037/1027 1201/2039/1029 1202/2040/1030 
f 1202/2040/1030 1201/2039/1029 1203/2041/1031 1204/2042/1032 
f 1204/2043/1032 1203/2044/1031 1205/2045/1033 1206/2046/1034 
f 1206/2046/1034 1205/2045/1033 1207/2047/1035 1208/2048/1036 
f 1208/2049/1036 1207/2050/1035 1209/2051/1037 1210/2052/1038 
f 1210/2052/1038 1209/2051/1037 1211/2053/1039 1212/2054/1040 
f 1212/2054/1040 1211/2053/1039 1213/2055/1041 1214/2056/1042 
f 1214/2056/1042 1213/2055/1041 1215/2057/1043 1216/2058/1044 
f 1216/2059/1044 1215/2060/1043 1194/2030/1022 1193/2029/1021 
f 1217/2061/1045 1218/2062/1046 1219/2063/1047 1220/2064/1048 
f 1220/2064/1048 1219/2063/1047 1221/2065/1049 1222/2066/1050 
f 1223/2067/1051 1224/2068/1052 1225/2069/1053 1226/2070/1054 
f 1226/2071/1054 1225/2072/1053 1227/2073/1055 1228/2074/1056 
f 1229/2075/1057 1230/2076/1058 1231/2077/1059 1232/2078/1060 
f 1232/2079/1060 1231/2080/1059 1233/2081/1061 1234/2082/1062 
f 1234/2082/1062 1233/2081/1061 1235/2083/1063 1236/2084/1064 
f 1236/2085/1064 1235/2086/1063 1237/2087/1065 1238/2088/1066 
f 1238/2089/1066 1237/2090/1065 1239/2091/1067 1240/2092/1068 
f 1240/2092/1068 1239/2091/1067 1241/2093/1069 1242/2094/1070 
f 1242/2095/1070 1241/2096/1069 1243/2097/1071 1244/2098/1072 
f 1244/2098/1072 1243/2097/1071 1218/2062/1046 1217/2061/1045 
f 1218/2062/1046 1245/2099/1073 1246/2100/1074 1219/2063/1047 
f 1219/2063/1047 1246/2100/1074 1247/2101/1075 1221/2065/1049 
f 1241/2096/1069 1248/2102/1076 1249/2103/1077 1243/2097/1071 
f 1243/2097/1071 1249/2103/1077 1245/2099/1073 1218/2062/1046 
f 1248/2104/1076 1250/2105/1078 795/2106/704 1249/2107/1077 
f 1249/2103/1077 795/2108/704 798/2109/707 1245/2099/1073 
f 1245/2099/1073 798/2109/707 800/2110/709 1246/2100/1074 
f 1246/2111/1074 800/2112/709 1251/2113/1079 1247/2114/1075 
f 1252/2115/1080 1223/2116/1051 1226/2071/1054 1253/2117/1081 
f 1253/2117/1081 1226/2071/1054 1228/2074/1056 1254/2118/1082 
f 1254/2119/1082 1228/2120/1056 1227/2121/1055 1255/2122/1083 
f 1255/2123/1083 1227/2124/1055 1225/2125/1053 1256/2126/1084 
f 1256/2126/1084 1225/2125/1053 1224/2127/1052 1257/2128/1085 
f 1257/2129/1085 1224/2130/1052 1223/2131/1051 1252/2132/1080 
s 8
f 750/1389/661 1258/2133/1086 1259/2134/1087 751/1390/662 
f 733/1370/645 735/1369/647 1260/2135/1088 1261/2136/1089 
s off
f 735/1369/647 759/1401/669 1262/2137/669 1260/2135/1088 
f 759/1401/669 729/1360/641 1263/2138/641 1262/2137/669 
s 8
f 729/1360/641 728/1359/640 1264/2139/1090 1263/2138/641 
s off
f 1265/2140/514 601/850/514 600/849/513 1266/2141/513 
f 734/1368/646 602/852/515 67/851/63 732/1365/644 
f 716/2142/628 775/2143/684 777/2144/686 719/2145/631 
f 719/2146/631 777/2147/686 1267/2148/1091 730/2149/642 
f 730/2149/642 1267/2148/1091 1268/2150/1092 731/2151/643 
f 731/2151/643 1268/2150/1092 1269/2152/1093 1270/2153/1094 
f 1271/2154/1095 1272/2155/1096 1273/2156/1097 1274/2157/1098 
f 1266/2141/513 1275/2158/1099 1276/2159/1100 1265/2140/514 
f 1265/2140/514 1276/2159/1100 1277/2160/1101 754/1395/46 
f 754/1395/46 1277/2160/1101 776/2161/685 755/1396/665 
f 755/2162/665 776/2163/685 774/2164/683 764/1406/674 
f 764/1406/674 774/2164/683 772/2165/681 765/1407/59 
f 765/1407/59 772/2165/681 770/2166/679 748/1387/33 
f 748/1387/33 770/2166/679 769/2167/678 749/1388/660 
f 749/2168/660 769/2169/678 1278/2170/1102 767/2171/676 
f 767/1409/676 1278/2172/1102 1279/2173/1103 732/1410/644 
f 732/2174/644 1279/2175/1103 768/2176/677 722/2177/634 
f 722/2178/634 768/2179/677 771/2180/680 720/2181/632 
f 720/2181/632 771/2180/680 773/2182/682 756/2183/666 
f 756/2183/666 773/2182/682 775/2143/684 716/2142/628 
f 753/2184/664 1280/2185/1104 1281/2186/1105 778/2187/687 
f 778/2188/687 1281/2189/1105 1282/2190/1106 1283/2191/1107 
f 1283/2192/1107 1282/2193/1106 1284/2194/1108 1285/2195/1109 
f 1285/2196/1109 1284/2197/1108 1280/2198/1104 753/2199/664 
f 1281/2189/1105 1286/2200/1110 1287/2201/1111 1282/2190/1106 
f 1282/2193/1106 1287/2202/1111 1288/2203/1112 1284/2194/1108 
f 1284/2197/1108 1288/2204/1112 1289/2205/1113 1280/2198/1104 
f 1286/2206/1110 1290/2207/1114 1291/2208/1115 1287/2209/1111 
f 1287/2202/1111 1291/2210/1115 1292/2211/1116 1288/2203/1112 
f 1288/2212/1112 1292/2213/1116 1293/2214/1117 1289/2215/1113 
f 1290/2207/1114 1294/2216/1118 1295/2217/1119 1291/2208/1115 
f 1291/2210/1115 1295/2218/1119 1296/2219/1120 1292/2211/1116 
f 1292/2213/1116 1296/2220/1120 1297/2221/1121 1293/2214/1117 
f 1297/2222/1121 1271/2223/1095 1274/2224/1098 1294/2225/1118 
f 1294/2226/1118 1274/2227/1098 1273/2228/1097 1295/2229/1119 
f 1295/2218/1119 1273/2230/1097 1272/2231/1096 1296/2219/1120 
f 1296/2232/1120 1272/2233/1096 1271/2234/1095 1297/2235/1121 
f 749/1388/660 1298/2236/1122 634/947/546 34/46/34 
f 1299/2237/1123 1300/2238/1124 638/2239/550 637/2240/549 
f 1301/2241/1125 1302/2242/1126 1303/2243/1127 1304/2244/1128 
f 1305/2245/1129 1303/2246/1127 1302/2247/1126 
f 1306/2248/1130 1301/2249/1125 1304/2250/1128 
f 1301/2251/1125 1307/2252/1131 1308/2253/1132 1302/2254/1126 
f 779/1424/688 1309/2255/1133 648/967/560 83/102/79 
f 172/969/166 651/972/563 1310/2256/1134 850/2257/757 
f 850/2257/757 1310/2256/1134 1311/2258/1135 849/2259/756 
f 849/2260/756 1311/2261/1135 1312/2262/1136 847/2263/754 
f 847/2263/754 1312/2262/1136 1313/2264/1137 845/2265/752 
f 845/2265/752 1313/2264/1137 1314/2266/1138 843/2267/750 
f 843/2267/750 1314/2266/1138 1315/2268/1139 840/2269/747 
f 840/2270/747 1315/2271/1139 1316/2272/1140 839/2273/746 
f 839/2273/746 1316/2272/1140 658/990/570 157/989/151 
f 87/2274/83 660/2275/572 1317/2276/1141 780/2277/689 
f 780/1428/689 1317/2278/1141 1318/2279/1142 781/1429/690 
f 781/1429/690 1318/2279/1142 1309/2280/1133 779/1431/688 
f 736/1371/648 1263/2138/641 1264/2139/1090 737/1372/649 
f 737/2281/649 1264/2282/1090 1270/2283/1094 753/1394/664 
f 753/2199/664 1270/2153/1094 1269/2152/1093 1285/2196/1109 
f 1285/2195/1109 1269/2284/1093 1275/2285/1099 1283/2192/1107 
f 1283/2191/1107 1275/2158/1099 1266/2141/513 778/2188/687 
f 778/2188/687 1266/2141/513 600/849/513 80/1003/76 
f 41/53/40 663/1005/575 1319/2286/1143 752/1391/663 
f 752/1391/663 1319/2286/1143 1261/2287/1089 740/2288/652 
f 740/1375/652 1261/2136/1089 1260/2135/1088 741/1376/653 
f 741/1376/653 1260/2135/1088 1262/2137/669 760/1402/670 
f 760/1402/670 1262/2137/669 1263/2138/641 736/1371/648 
f 601/850/514 1265/2140/514 754/1395/46 47/61/46 
f 664/1008/576 1320/2289/1144 1305/2245/1129 665/1009/577 
f 69/1011/65 667/1014/579 1306/2290/1130 767/2291/676 
f 1304/2292/1128 1303/2293/1127 1300/2238/1124 1299/2237/1123 
s 8
f 728/1364/640 731/1363/643 1270/2283/1094 1264/2282/1090 
s off
f 1181/2294/1009 1321/2295/1145 1322/2296/1146 1182/2297/1010 
f 1182/2014/1010 1322/2298/1146 1323/2299/1147 1183/2015/1011 
f 1183/2015/1011 1323/2299/1147 1324/2300/1148 1184/2016/1012 
f 1184/2016/1012 1324/2300/1148 1325/2301/1149 1185/2017/1013 
f 1185/2017/1013 1325/2301/1149 1326/2302/1150 1186/2018/1014 
f 1186/2303/1014 1326/2304/1150 1327/2305/1151 1187/2306/1015 
f 1187/2307/1015 1327/2308/1151 1328/2309/1152 1188/2310/1016 
f 1188/2023/1016 1328/2311/1152 1329/2312/1153 1189/2024/1017 
f 1189/2024/1017 1329/2312/1153 1330/2313/1154 1190/2025/1018 
f 1190/2025/1018 1330/2313/1154 1331/2314/1155 1191/2026/1019 
f 1191/2026/1019 1331/2314/1155 1332/2315/1156 1192/2027/1020 
f 1192/2316/1020 1332/2317/1156 1321/2318/1145 1181/2319/1009 
f 1221/2320/1049 1247/2321/1075 1333/2322/1157 1334/2323/1158 
f 1334/2323/1158 1333/2322/1157 1335/2324/1159 1230/2325/1058 
f 1230/2076/1058 1335/2326/1159 1336/2327/1160 1231/2077/1059 
f 1231/2080/1059 1336/2328/1160 1337/2329/1161 1233/2081/1061 
f 1233/2081/1061 1337/2329/1161 1338/2330/1162 1235/2083/1063 
f 1235/2086/1063 1338/2331/1162 1339/2332/1163 1237/2087/1065 
f 1237/2090/1065 1339/2333/1163 1340/2334/1164 1239/2091/1067 
f 1239/2091/1067 1340/2334/1164 1248/2335/1076 1241/2093/1069 
f 1341/2336/1165 1342/2337/1166 1338/2330/1162 1337/2329/1161 
f 1336/2328/1160 1343/2338/1167 1341/2336/1165 1337/2329/1161 
s 4
f 730/1362/642 724/1361/636 717/2339/629 719/2340/631 
f 727/1366/639 732/1365/644 722/2341/634 721/2342/633 
f 745/1393/657 738/2343/650 737/2281/649 753/1394/664 
f 743/2344/655 746/1392/658 752/1391/663 740/2288/652 
s off
f 1317/2345/1141 1314/2346/1138 1313/2347/1137 1318/2348/1142 
f 1318/2348/1142 1313/2347/1137 1312/2349/1136 1309/2350/1133 
f 1309/2350/1133 1310/2351/1134 651/1075/563 648/1074/560 
f 1312/2349/1136 1311/2352/1135 1310/2351/1134 1309/2350/1133 
f 1316/2353/1140 1317/2345/1141 660/1080/572 658/1079/570 
f 1316/2353/1140 1315/2354/1139 1314/2346/1138 1317/2345/1141 
f 1250/2355/1078 1344/2356/1168 796/1446/705 795/1445/704 
f 1251/2357/1079 800/1450/709 799/1449/708 1345/2358/1169 
f 826/2359/733 865/2360/772 833/2361/740 827/2362/734 
f 831/1489/738 837/1531/744 872/1534/779 832/1490/739 
f 208/244/201 141/171/135 819/1473/726 806/1456/714 
f 817/1471/725 825/1481/732 150/182/144 133/161/127 
f 143/173/137 189/221/183 865/1523/772 826/1482/733 
f 832/1490/739 872/1534/779 200/236/194 151/183/145 
f 192/224/186 693/1090/605 967/1658/836 864/1522/771 
f 864/1522/771 967/1658/836 873/1660/780 866/1524/773 
f 870/1532/777 877/1666/784 974/1669/843 871/1533/778 
f 871/1533/778 974/1669/843 694/1091/606 201/237/195 
f 48/1092/47 755/2162/665 764/1406/674 64/79/61 
f 851/2363/758 1346/2364/1170 695/1095/607 173/1094/167 
f 160/1097/154 698/1100/610 1347/2365/1171 838/2366/745 
f 842/2367/749 1081/1858/909 1082/1860/910 844/2368/751 
f 844/2368/751 1082/1860/910 1083/1862/911 846/2369/753 
f 851/2363/758 848/2370/755 1084/2371/912 1346/2364/1170 
f 1347/2365/1171 1080/2372/908 841/2373/748 838/2366/745 
f 1279/2374/1103 1278/2375/1102 769/1412/678 768/1411/677 
f 777/1420/686 776/1419/685 1277/2376/1101 1267/2377/1091 
f 42/1112/41 746/1383/658 747/1385/659 82/1113/78 
f 85/1114/81 744/1381/656 745/1382/657 44/1115/43 
f 761/2378/671 739/1379/651 744/1381/656 782/2379/691 
f 742/1386/654 761/2378/671 782/2379/691 747/1385/659 
f 1267/2377/1091 1277/2376/1101 1276/2380/1100 1268/2381/1092 
f 1083/2382/911 1084/2383/912 848/2384/755 846/2385/753 
f 841/2386/748 1080/2387/908 1081/2388/909 842/2389/749 
f 839/1497/746 838/1496/745 841/1499/748 840/1498/747 
f 849/1507/756 848/1506/755 851/1509/758 850/1508/757 
f 853/1511/760 852/1510/759 855/1513/762 854/1512/761 
f 863/1521/770 862/1520/769 879/1541/786 878/1540/785 
f 693/1128/605 98/122/94 790/1440/699 967/2390/836 
f 1059/2391/887 789/1439/698 784/1434/693 880/1542/787 
f 974/2392/843 787/1437/696 95/119/91 694/1132/606 
f 1001/1708/852 896/1558/803 899/1561/806 1002/1709/853 
f 1002/1709/853 899/1561/806 901/1563/808 1003/1710/854 
f 1003/1711/854 901/1564/808 903/1567/810 1004/1712/855 
f 1004/1712/855 903/1567/810 887/1569/794 886/1713/793 
f 895/1714/802 894/1575/801 910/1578/817 1005/1715/856 
f 1005/1715/856 910/1578/817 912/1580/819 1006/1716/857 
f 1006/1717/857 912/2393/819 914/1583/821 1007/1718/858 
f 1007/1718/858 914/1583/821 896/1558/803 1001/1708/852 
f 1044/2394/872 1056/1831/884 1057/2395/885 1045/2396/873 
f 1045/2396/873 1057/2395/885 1058/2397/886 1046/2398/874 
f 1046/2399/874 1058/1802/886 1060/1805/888 1047/2400/875 
f 1047/2400/875 1060/1805/888 1061/1807/889 1048/2401/876 
f 1048/2402/876 1061/1808/889 1062/1811/890 1049/2403/877 
f 1049/2403/877 1062/1811/890 1063/1813/891 1050/2404/878 
f 1050/2404/878 1063/1813/891 1064/1815/892 1051/2405/879 
f 1051/2405/879 1064/1815/892 1065/1817/893 1052/2406/880 
f 1074/2407/902 1066/2408/894 1069/2409/897 1075/2410/903 
f 1075/2410/903 1069/2409/897 1071/2411/899 1076/2412/904 
f 1054/1791/882 1072/2413/900 1073/2414/901 1055/1792/883 
f 1055/2415/883 1073/1828/901 1056/1831/884 1044/2394/872 
f 1076/2416/904 1071/1839/899 1072/1838/900 1054/2417/882 
f 1065/1817/893 1066/1846/894 1074/2418/902 1052/2406/880 
f 1078/2419/906 1085/2420/913 1088/2421/916 1077/2422/905 
f 1077/2422/905 1088/2421/916 1090/2423/918 801/2424/710 
f 802/1452/711 801/1451/710 1090/1876/918 1092/1878/920 
f 816/2425/724 1093/2426/921 1096/2427/924 814/2428/722 
f 814/2429/722 1096/2430/924 1098/2431/926 812/2432/720 
f 812/2432/720 1098/2431/926 1100/2433/928 810/2434/718 
f 810/2435/718 1100/2436/928 1102/2437/930 808/2438/716 
f 793/1443/702 808/1458/716 1102/1894/930 1104/1896/932 
f 794/2439/703 1106/2440/934 1108/2441/936 1079/2442/907 
f 1079/2442/907 1108/2441/936 1085/2420/913 1078/2419/906 
f 1342/2337/1166 1340/2443/1164 1339/2444/1163 1338/2330/1162 
f 1335/2445/1159 1333/2446/1157 1343/2338/1167 1336/2328/1160 
f 802/1452/711 1092/1878/920 1093/1879/921 816/1469/724 
f 793/1443/702 1104/1896/932 1106/1898/934 794/1444/703 
f 794/2447/703 863/2448/770 878/2449/785 792/2450/701 
f 792/2451/701 878/2452/785 210/1192/203 100/1191/96 
f 698/1100/610 211/1194/204 879/2453/786 1347/2365/1171 
f 1347/2454/1171 879/2455/786 862/2456/769 1080/2457/908 
f 1084/2371/912 855/2458/762 852/2459/759 1346/2364/1170 
f 1346/2364/1170 852/2459/759 178/1201/172 695/1095/607 
f 116/1202/112 175/1205/169 853/2460/760 804/2461/713 
f 804/2461/713 853/2460/760 854/2462/761 801/2463/710 
f 1348/2464/1172 1217/2061/1045 1220/2064/1048 1349/2465/1173 
f 1349/2465/1173 1220/2064/1048 1222/2066/1050 1350/2466/1174 
f 1350/2467/1174 1222/2468/1050 1351/2469/1175 1352/2470/1176 
f 1352/2470/1176 1351/2469/1175 1229/2471/1057 1353/2472/1177 
f 1353/2472/1177 1229/2471/1057 1232/2473/1060 1354/2474/1178 
f 1354/2475/1178 1232/2079/1060 1234/2082/1062 1355/2476/1179 
f 1355/2476/1179 1234/2082/1062 1236/2084/1064 1356/2477/1180 
f 1356/2478/1180 1236/2479/1064 1238/2089/1066 1357/2480/1181 
f 1357/2480/1181 1238/2089/1066 1240/2092/1068 1358/2481/1182 
f 1358/2481/1182 1240/2092/1068 1242/2094/1070 1359/2482/1183 
f 1359/2483/1183 1242/2095/1070 1244/2098/1072 1360/2484/1184 
f 1360/2484/1184 1244/2098/1072 1217/2061/1045 1348/2464/1172 
f 1342/2337/1166 796/2485/705 1344/2486/1168 1340/2443/1164 
f 1340/2334/1164 1344/2487/1168 1250/2488/1078 1248/2335/1076 
f 1247/2321/1075 1251/2489/1079 1345/2490/1169 1333/2322/1157 
f 1333/2446/1157 1345/2491/1169 799/2492/708 1343/2338/1167 
f 1343/2338/1167 799/2492/708 797/2493/706 1341/2336/1165 
f 1341/2336/1165 797/2493/706 796/2485/705 1342/2337/1166 
f 1222/2494/1050 1252/2495/1080 1253/2496/1081 1351/2497/1175 
f 1351/2498/1175 1253/2499/1081 1254/2500/1082 1229/2501/1057 
f 1229/2502/1057 1254/2119/1082 1255/2122/1083 1230/2503/1058 
f 1230/2504/1058 1255/2505/1083 1256/2506/1084 1334/2507/1158 
f 1334/2507/1158 1256/2506/1084 1257/2508/1085 1221/2509/1049 
f 1221/2065/1049 1257/2129/1085 1252/2132/1080 1222/2066/1050 
f 1321/2510/1145 1193/2511/1021 1196/2512/1024 1322/2513/1146 
f 1322/2513/1146 1196/2512/1024 1198/2514/1026 1323/2515/1147 
f 1323/2515/1147 1198/2514/1026 1200/2516/1028 1324/2517/1148 
f 1324/2517/1148 1200/2516/1028 1202/2518/1030 1325/2519/1149 
f 1325/2519/1149 1202/2518/1030 1204/2520/1032 1326/2521/1150 
f 1326/2521/1150 1204/2520/1032 1206/2522/1034 1327/2523/1151 
f 1327/2523/1151 1206/2522/1034 1208/2524/1036 1328/2525/1152 
f 1328/2525/1152 1208/2524/1036 1210/2526/1038 1329/2527/1153 
f 1329/2527/1153 1210/2526/1038 1212/2528/1040 1330/2529/1154 
f 1330/2529/1154 1212/2528/1040 1214/2530/1042 1331/2531/1155 
f 1331/2531/1155 1214/2530/1042 1216/2532/1044 1332/2533/1156 
f 1332/2533/1156 1216/2532/1044 1193/2511/1021 1321/2510/1145 
f 1349/2534/1173 1195/2535/1023 1194/2536/1022 1348/2537/1172 
f 1348/2537/1172 1194/2536/1022 1215/2538/1043 1360/2539/1184 
f 1360/2539/1184 1215/2538/1043 1213/2540/1041 1359/2541/1183 
f 1359/2541/1183 1213/2540/1041 1211/2542/1039 1358/2543/1182 
f 1358/2543/1182 1211/2542/1039 1209/2544/1037 1357/2545/1181 
f 1357/2545/1181 1209/2544/1037 1207/2546/1035 1356/2547/1180 
f 1356/2547/1180 1207/2546/1035 1205/2548/1033 1355/2549/1179 
f 1355/2549/1179 1205/2548/1033 1203/2550/1031 1354/2551/1178 
f 1354/2551/1178 1203/2550/1031 1201/2552/1029 1353/2553/1177 
f 1353/2553/1177 1201/2552/1029 1199/2554/1027 1352/2555/1176 
f 1352/2555/1176 1199/2554/1027 1197/2556/1025 1350/2557/1174 
f 1350/2557/1174 1197/2556/1025 1195/2535/1023 1349/2534/1173 
f 1269/2284/1093 1268/2381/1092 1276/2380/1100 1275/2285/1099 
f 1280/2185/1104 1289/2558/1113 1286/2559/1110 1281/2186/1105 
f 1289/2558/1113 1293/2560/1117 1290/2561/1114 1286/2559/1110 
f 1293/2560/1117 1297/2222/1121 1294/2225/1118 1290/2561/1114 
f 767/2562/676 1306/2563/1130 1298/2564/1122 749/2565/660 
f 1298/2566/1122 1299/2567/1123 637/1312/549 634/1311/546 
f 664/1008/576 638/1315/550 1300/2568/1124 1320/2289/1144 
f 1320/2289/1144 1300/2568/1124 1303/2246/1127 1305/2245/1129 
f 1306/2248/1130 1304/2250/1128 1299/2567/1123 1298/2566/1122 
f 1305/2245/1129 1302/2247/1126 712/1316/624 665/1009/577 
f 713/2569/625 1308/2570/1132 1307/2571/1131 714/2572/626 
f 1301/2249/1125 1306/2248/1130 667/1322/579 715/1321/627 
f 715/1321/627 714/1324/626 1307/2573/1131 1301/2249/1125 
f 1302/2247/1126 1308/2574/1132 713/1325/625 712/1316/624 
f 1261/2575/1089 1259/2576/1087 1258/2577/1086 733/2578/645 
f 733/2579/645 1258/2580/1086 750/2581/661 734/2582/646 
f 734/2582/646 750/2581/661 37/1336/36 602/1335/515 
f 663/1337/575 38/1340/37 751/2583/662 1319/2584/1143 
f 1319/2584/1143 751/2583/662 1259/2585/1087 1261/2586/1089 
# 1340 polygons - 36 triangles

