# 3ds Max Wavefront OBJ Exporter v0.99 - (c)2007 guruware
# File Created: 31.08.2025 14:57:40

mtllib Licorice Witch.mtl

#
# object Licorice_Witch
#

v  41.8778 96.8479 -15.1417
v  41.8778 98.1058 -14.5786
v  42.5936 97.9301 -14.6554
v  43.1176 97.4499 -14.8653
v  41.1620 97.9301 -14.6554
v  41.8778 102.8019 -5.3966
v  44.2435 102.2211 -5.6504
v  43.3094 96.7940 -15.1519
v  40.6380 97.4499 -14.8653
v  39.5122 102.2211 -5.6504
v  41.8778 91.5828 3.6535
v  43.1176 96.1381 -15.4385
v  46.1643 98.4368 -6.4708
v  46.8274 96.1691 -7.4618
v  40.4462 96.7940 -15.1519
v  45.2585 91.2944 2.7947
v  42.5936 95.6580 -15.6484
v  46.1643 93.9014 -8.4529
v  47.7333 90.5066 0.4487
v  40.6380 96.1381 -15.4385
v  37.5913 98.4368 -6.4708
v  36.9282 96.1691 -7.4618
v  38.4972 91.2944 2.7947
v  41.8778 76.0839 15.5398
v  41.8778 95.4822 -15.7252
v  44.3526 92.2413 -9.1783
v  48.6391 89.4304 -2.7561
v  41.1620 95.6580 -15.6484
v  37.5913 93.9014 -8.4529
v  36.0224 90.5066 0.4487
v  47.5855 76.0839 13.4800
v  41.8778 91.6337 -9.4439
v  47.7333 88.3542 -5.9609
v  55.1924 76.0839 7.8526
v  39.4030 92.2413 -9.1783
v  35.1165 89.4304 -2.7561
v  36.1701 76.0839 13.4800
v  41.8778 76.0839 32.6185
v  58.1043 76.0839 28.2706
v  45.2585 87.5664 -8.3069
v  57.2522 76.0839 0.1654
v  36.0224 88.3542 -5.9609
v  28.5632 76.0839 7.8526
v  25.6513 76.0839 28.2706
v  69.9830 76.0839 16.3920
v  41.8778 71.6457 35.1288
v  59.3595 71.6457 30.4446
v  38.4972 87.5664 -8.3069
v  41.8778 87.2780 -9.1656
v  55.1924 76.0839 -7.5217
v  74.3309 76.0839 0.1654
v  26.5035 76.0839 0.1654
v  13.7726 76.0839 16.3920
v  24.3962 71.6457 30.4446
v  72.1570 71.6457 17.6471
v  41.8778 71.6457 16.7290
v  45.6251 71.6457 14.5099
v  47.5856 76.0839 -13.1492
v  69.9830 76.0839 -16.0611
v  76.8412 71.6457 0.1655
v  28.5632 76.0839 -7.5217
v  9.4247 76.0839 0.1654
v  11.5987 71.6457 17.6471
v  38.1305 71.6457 14.5099
v  57.8017 71.6457 12.0600
v  60.2852 71.6457 10.7664
v  41.8778 68.9171 19.7826
v  55.9494 71.6457 11.1446
v  36.1701 76.0839 -13.1492
v  41.8778 76.0839 -15.2089
v  58.1044 76.0839 -27.9398
v  72.1570 71.6457 -17.3162
v  60.3372 71.6457 8.0840
v  13.7726 76.0839 -16.0611
v  6.9145 71.6457 0.1655
v  23.4704 71.6457 10.7664
v  25.9540 71.6457 12.0600
v  27.8062 71.6457 11.1446
v  59.2273 57.5458 10.3863
v  61.7109 57.5458 9.0928
v  45.9690 68.9171 18.6864
v  56.2223 71.6457 8.4472
v  56.2322 71.6457 8.4264
v  57.3751 57.5458 9.4709
v  41.8778 76.0839 -32.2877
v  59.3595 71.6457 -30.1137
v  59.2176 71.6457 -7.8997
v  59.7783 71.6457 -10.0939
v  61.7992 71.6457 1.6650
v  62.8548 71.6457 -0.0930
v  61.7628 57.5458 6.4103
v  25.6513 76.0839 -27.9398
v  11.5987 71.6457 -17.3162
v  23.4185 71.6457 8.0840
v  22.0447 57.5458 9.0928
v  24.5283 57.5458 10.3863
v  37.7866 68.9171 18.6864
v  26.3806 57.5458 9.4709
v  27.5235 71.6457 8.4264
v  27.5334 71.6457 8.4472
v  57.6579 57.5458 6.7528
v  45.5110 69.7386 13.7114
v  41.8778 64.0596 26.7862
v  58.4414 71.6457 0.1654
v  58.3220 71.6457 7.0471
v  41.8778 71.6457 -34.7979
v  58.0401 71.6457 -11.3024
v  62.1021 71.6457 -2.0450
v  60.6620 57.8746 -8.1170
v  61.2228 57.8746 -10.3111
v  59.3454 71.6457 1.5462
v  62.8716 57.3970 0.7034
v  63.9272 57.3970 -1.0546
v  59.7477 57.5458 5.3734
v  24.3961 71.6457 -30.1137
v  23.9773 71.6457 -10.0939
v  24.5381 71.6457 -7.8997
v  20.9009 71.6457 -0.0930
v  21.9565 71.6457 1.6650
v  21.9928 57.5458 6.4103
v  26.0978 57.5458 6.7528
v  38.2446 69.7386 13.7114
v  25.4337 71.6457 7.0471
v  25.3142 71.6457 0.1654
v  45.6950 66.8715 18.2117
v  43.4361 64.8199 24.5277
v  55.5896 69.7386 7.9161
v  57.7108 69.7386 -0.0004
v  58.5846 71.6457 -0.0930
v  49.2478 71.6457 -19.2861
v  46.6855 71.6457 -18.9185
v  49.8104 71.6457 -17.0505
v  59.4846 57.8746 -11.5197
v  57.8166 71.6457 -7.0164
v  59.3335 71.6457 -1.6959
v  63.1745 57.3970 -3.0066
v  59.2611 57.8746 -7.2336
v  57.8013 57.8746 -8.3357
v  60.4179 57.3970 0.5846
v  59.6570 57.3970 -1.0546
v  25.7155 71.6457 -11.3024
v  22.5328 57.8746 -10.3111
v  23.0936 57.8746 -8.1170
v  21.6536 71.6457 -2.0450
v  19.8284 57.3970 -1.0546
v  20.8841 57.3970 0.7034
v  24.4102 71.6457 1.5462
v  24.0080 57.5458 5.3734
v  38.0607 66.8715 18.2117
v  40.3195 64.8199 24.5277
v  28.1661 69.7386 7.9161
v  26.0448 69.7386 -0.0004
v  25.1711 71.6457 -0.0930
v  44.0117 65.8004 13.9930
v  43.3318 64.0407 24.3469
v  41.8778 63.2804 26.5774
v  54.2997 67.5952 7.3478
v  55.5896 69.7386 -7.9169
v  56.2223 71.6457 -8.1163
v  37.0701 71.6457 -18.9185
v  34.5079 71.6457 -19.2861
v  41.8778 71.6457 -16.3981
v  45.1672 71.6457 -16.7759
v  49.2478 56.5397 -19.2861
v  46.6855 56.5397 -18.9185
v  56.1202 71.6457 -9.6604
v  48.4336 71.6457 -14.7080
v  49.8104 56.5397 -17.0505
v  57.5647 57.8746 -9.8777
v  60.4060 57.3970 -2.6575
v  56.3568 71.6457 -8.1185
v  33.9453 71.6457 -17.0505
v  24.2711 57.8746 -11.5197
v  24.4946 57.8746 -7.2336
v  25.9544 57.8746 -8.3357
v  25.9390 71.6457 -7.0164
v  24.4221 71.6457 -1.6959
v  20.5811 57.3970 -3.0066
v  24.0987 57.3970 -1.0546
v  23.3378 57.3970 0.5846
v  39.7439 65.8004 13.9930
v  40.4239 64.0407 24.3469
v  27.5333 71.6457 -8.1163
v  28.1660 69.7386 -7.9169
v  29.4559 67.5952 7.3478
v  45.4209 64.8259 17.7370
v  43.2274 63.2616 24.1661
v  56.5741 65.4961 -0.0004
v  54.6051 65.4961 -7.3485
v  45.6098 71.6457 -14.1790
v  38.5884 71.6457 -16.7759
v  37.0701 56.5397 -18.9185
v  34.5079 56.5397 -19.2861
v  45.8248 71.6457 -14.3500
v  45.1672 56.5397 -16.7759
v  45.8248 56.5397 -14.3500
v  48.4336 56.5397 -14.7080
v  33.9453 56.5397 -17.0505
v  35.3220 71.6457 -14.7080
v  27.6355 71.6457 -9.6604
v  26.1910 57.8746 -9.8777
v  27.3989 71.6457 -8.1185
v  23.3497 57.3970 -2.6575
v  38.3347 64.8259 17.7370
v  40.5283 63.2616 24.1661
v  38.1459 71.6457 -14.1790
v  29.1505 65.4961 -7.3485
v  27.1816 65.4961 -0.0004
v  41.8778 65.4961 14.6959
v  41.8778 64.8259 18.6864
v  41.8778 62.5012 26.3686
v  46.6140 63.8513 12.3737
v  51.9155 62.3905 5.7949
v  53.4684 62.3905 -0.0004
v  51.9155 62.3905 -5.7956
v  45.5110 69.7386 -13.7121
v  37.9308 71.6457 -14.3500
v  38.5884 56.5397 -16.7759
v  37.9308 56.5397 -14.3500
v  35.3220 56.5397 -14.7080
v  37.1416 63.8513 12.3737
v  38.2446 69.7386 -13.7121
v  31.8401 62.3905 -5.7956
v  30.2873 62.3905 -0.0004
v  31.8401 62.3905 5.7949
v  41.8778 63.8513 13.6428
v  51.6605 65.6647 8.9066
v  50.3627 59.2848 -0.0004
v  49.2259 59.2848 -4.2428
v  47.6731 62.3905 -10.0381
v  49.2260 65.4961 -12.7277
v  41.8778 69.7386 -15.8334
v  32.0951 65.6647 8.9066
v  34.5297 65.4961 -12.7277
v  36.0825 62.3905 -10.0381
v  34.5297 59.2848 -4.2428
v  33.3929 59.2848 -0.0004
v  46.6140 63.8513 6.2239
v  51.6605 65.6647 2.7567
v  41.8778 63.8513 7.4929
v  48.3476 61.8496 7.9057
v  49.2259 59.2848 4.2421
v  46.3713 57.9687 -0.0004
v  45.7693 57.9687 -2.2471
v  46.1203 59.2848 -7.3485
v  41.8778 62.3905 -11.5909
v  41.8778 65.4961 -14.6966
v  32.0951 65.6647 2.7567
v  37.1416 63.8513 6.2239
v  34.5297 59.2848 4.2421
v  37.6354 59.2848 -7.3485
v  37.9864 57.9687 -2.2471
v  37.3843 57.9687 -0.0004
v  35.4080 61.8496 7.9057
v  48.3476 61.8496 1.7558
v  45.6132 61.8496 4.4903
v  41.8778 61.8496 5.4912
v  45.7693 57.9687 2.2464
v  44.1246 57.9687 -3.8918
v  57.2834 55.9710 -0.0004
v  55.2194 55.9710 -7.7031
v  41.8778 59.2848 -8.4852
v  35.4080 61.8496 1.7558
v  38.1425 61.8496 4.4903
v  37.9864 57.9687 2.2464
v  39.6311 57.9687 -3.8918
v  28.5362 55.9710 -7.7031
v  26.4723 55.9710 -0.0004
v  47.3523 60.5239 6.9048
v  47.3523 60.5239 0.7550
v  41.8778 59.8478 3.4894
v  44.6123 59.8478 2.7567
v  46.1203 59.2848 7.3478
v  44.1246 57.9687 3.8911
v  55.2194 55.9710 7.7024
v  41.8778 57.9687 -4.4939
v  49.5806 55.9710 -13.3420
v  61.2205 54.5742 -0.0004
v  36.4034 60.5239 6.9048
v  36.4034 60.5239 0.7550
v  39.1434 59.8478 2.7567
v  28.5362 55.9710 7.7024
v  39.6311 57.9687 3.8911
v  37.6354 59.2848 7.3478
v  34.1750 55.9710 -13.3420
v  22.5351 54.5742 -0.0004
v  44.6123 59.8478 8.9065
v  41.8778 59.8478 9.6392
v  41.8778 59.2848 8.4845
v  41.8778 57.9687 4.4931
v  49.5806 55.9710 13.3412
v  61.7057 53.7855 4.3715
v  41.8778 55.9710 -15.4059
v  58.9141 52.0857 -9.8363
v  51.7137 52.0857 -17.0366
v  61.7057 53.7855 -4.3722
v  39.1434 59.8478 8.9065
v  22.0500 53.7855 4.3715
v  34.1751 55.9710 13.3412
v  32.0419 52.0857 -17.0366
v  24.8415 52.0857 -9.8363
v  22.0500 53.7855 -4.3722
v  41.8778 55.9710 15.4052
v  51.7137 52.0857 17.0359
v  58.9141 52.0857 9.8355
v  63.7209 50.2198 7.0162
v  41.8778 52.0857 -19.6722
v  62.6088 48.2004 -11.9694
v  53.8468 48.2004 -20.7313
v  68.2369 51.6984 -0.0004
v  68.2413 51.2254 2.6213
v  20.0348 50.2198 7.0162
v  24.8416 52.0857 9.8355
v  32.0419 52.0857 17.0359
v  29.9088 48.2004 -20.7313
v  21.1469 48.2004 -11.9694
v  13.5191 51.0898 -0.0004
v  13.6578 50.6376 2.6213
v  41.8778 52.0857 19.6714
v  53.8468 48.2004 20.7306
v  62.6087 48.2004 11.9686
v  68.2597 49.0872 4.2073
v  41.8778 48.2004 -23.9384
v  63.7209 50.2198 -7.0169
v  63.6686 41.8740 -12.5813
v  54.4588 41.8740 -21.7912
v  68.2413 51.2254 -2.6221
v  14.2866 48.5938 4.2073
v  21.1469 48.2004 11.9686
v  29.9088 48.2004 20.7306
v  20.0348 50.2198 -7.0169
v  29.2969 41.8740 -21.7912
v  20.0870 41.8740 -12.5813
v  13.6578 50.6376 -2.6221
v  41.8778 48.2004 23.9376
v  64.6165 48.0054 8.3892
v  54.4587 41.8740 21.7904
v  63.6686 41.8740 12.5806
v  68.2679 47.7593 5.0306
v  41.8778 41.8740 -25.1622
v  64.6165 48.0054 -8.3899
v  64.7285 35.5476 -13.1932
v  55.0707 35.5476 -22.8510
v  69.1538 51.6984 -0.0004
v  69.1582 51.2254 -2.6221
v  69.1582 51.2254 2.6213
v  69.1766 49.0872 4.2073
v  19.1391 48.0054 8.3892
v  14.6803 47.3256 5.0306
v  20.0870 41.8740 12.5806
v  29.2969 41.8740 21.7904
v  19.1391 48.0054 -8.3899
v  28.6850 35.5476 -22.8510
v  19.0271 35.5476 -13.1932
v  10.5560 49.1053 -2.6221
v  10.2931 49.4985 -0.0004
v  10.5560 49.1053 2.6213
v  11.7459 47.3286 4.2073
v  41.8778 41.8740 25.1615
v  66.0579 44.3930 7.5181
v  55.0706 35.5476 22.8503
v  64.7285 35.5476 13.1925
v  69.1848 47.7593 5.0306
v  41.8778 35.5476 -26.3860
v  68.2597 49.0872 -4.2080
v  66.0579 44.3930 -7.5188
v  64.7285 -0.0005 -13.1932
v  55.0707 -0.0005 -22.8510
v  69.1766 49.0872 -4.2080
v  69.9173 51.6984 -0.0004
v  69.9218 51.2254 -2.6221
v  69.9218 51.2254 2.6213
v  69.9402 49.0872 4.2073
v  12.4875 46.2271 5.0306
v  17.6978 44.3930 7.5181
v  19.0272 35.5476 13.1925
v  28.6850 35.5476 22.8503
v  14.2866 48.5938 -4.2080
v  17.6978 44.3930 -7.5188
v  28.6850 -0.0005 -22.8510
v  19.0271 -0.0005 -13.1932
v  11.7459 47.3286 -4.2080
v  7.2930 47.0552 -0.0004
v  7.6659 46.7641 2.6213
v  9.3525 45.4497 4.2073
v  41.8778 35.5476 26.3853
v  68.2811 45.5930 4.5083
v  67.4992 40.7806 5.1954
v  55.0706 -0.0005 22.8503
v  64.7285 -0.0005 13.1925
v  69.1979 45.5930 4.5083
v  69.9483 47.7593 5.0306
v  41.8778 -0.0005 -26.3860
v  68.2679 47.7593 -5.0313
v  67.4992 40.7806 -5.1961
v  68.2635 35.5476 -0.0004
v  68.2635 -0.0005 -0.0004
v  41.8778 -0.0028 -0.0004
v  69.1848 47.7593 -5.0313
v  69.9402 49.0872 -4.2080
v  70.7563 51.6984 -0.0004
v  70.7608 51.2254 -2.6221
v  70.7608 51.2254 2.6213
v  70.7792 49.0872 4.2073
v  15.3226 45.2567 4.5083
v  10.4019 44.6360 5.0306
v  13.6975 44.4302 4.5083
v  16.2564 40.7806 5.1954
v  19.0272 -0.0005 13.1925
v  28.6850 -0.0005 22.8503
v  14.6803 47.3256 -5.0313
v  16.2564 40.7806 -5.1961
v  15.4921 -0.0005 -0.0004
v  15.4921 35.5476 -0.0004
v  12.4875 46.2271 -5.0313
v  7.6659 46.7641 -2.6221
v  41.8778 -0.0005 26.3853
v  68.2942 43.4268 3.1154
v  67.9254 39.7449 -0.0004
v  69.2111 43.4268 3.1154
v  69.9615 45.5930 4.5083
v  70.7873 47.7593 5.0306
v  68.2811 45.5930 -4.5090
v  69.1979 45.5930 -4.5090
v  69.9483 47.7593 -5.0313
v  70.7792 49.0872 -4.2080
v  86.0061 51.6984 -0.0004
v  86.0105 51.2254 -2.6221
v  86.0105 51.2254 2.6213
v  86.0289 49.0872 4.2073
v  12.1140 43.3087 4.5083
v  14.9075 42.6333 3.1154
v  15.9648 43.1878 3.1154
v  15.8303 39.7449 -0.0004
v  15.3226 45.2567 -4.5090
v  13.6975 44.4302 -4.5090
v  9.3525 45.4497 -4.2080
v  4.7277 42.7453 -0.0004
v  5.1801 42.6074 2.6213
v  7.2261 41.9856 4.2073
v  8.4976 41.6026 5.0306
v  68.2981 42.8057 -0.0004
v  69.2150 42.8057 -0.0004
v  69.9747 43.4268 3.1154
v  70.8005 45.5930 4.5083
v  86.0371 47.7593 5.0306
v  68.2942 43.4268 -3.1161
v  69.2111 43.4268 -3.1161
v  69.9615 45.5930 -4.5090
v  70.7873 47.7593 -5.0313
v  86.0289 49.0872 -4.2080
v  89.2428 51.6984 0.6846
v  87.9596 51.2254 2.9709
v  87.1971 49.0872 4.3616
v  10.5718 40.9779 4.5083
v  13.8260 41.9814 3.1154
v  16.1489 42.5946 -0.0004
v  15.9648 43.1878 -3.1161
v  10.4019 44.6360 -5.0313
v  5.1801 42.6074 -2.6221
v  69.9785 42.8057 -0.0004
v  70.8136 43.4268 3.1154
v  86.0502 45.5930 4.5083
v  86.8001 47.7593 5.0829
v  69.9747 43.4268 -3.1161
v  70.8005 45.5930 -4.5090
v  86.0371 47.7593 -5.0313
v  90.5336 51.2254 -1.5973
v  12.6461 40.3532 3.1154
v  15.2544 42.1181 -0.0004
v  14.3168 41.6007 -0.0004
v  14.9075 42.6333 -3.1161
v  12.1140 43.3087 -4.5090
v  7.2261 41.9856 -4.2080
v  3.3482 25.8005 -2.6221
v  2.8752 25.7968 -0.0004
v  3.3482 25.8005 2.6213
v  5.4864 25.8187 4.2073
v  6.8143 25.8332 5.0306
v  8.9805 25.8571 4.5083
v  70.8175 42.8057 -0.0004
v  86.0634 43.4268 3.1154
v  87.0680 45.5930 4.6343
v  70.8136 43.4268 -3.1161
v  86.0502 45.5930 -4.5090
v  91.3282 49.0872 -2.9699
v  91.5828 51.6984 2.1564
v  89.5602 51.2254 3.8244
v  88.3466 49.0872 4.8455
v  87.7157 47.7593 5.3746
v  11.1466 25.8811 3.1154
v  13.2408 40.1740 -0.0004
v  8.4976 41.6026 -5.0313
v  3.3633 20.7746 -1.6575
v  2.8903 21.8584 0.7296
v  3.3633 22.9490 3.1138
v  8.9956 23.7830 4.8073
v  86.0673 42.8057 -0.0004
v  87.7632 43.4268 3.4273
v  88.1276 45.5930 5.0531
v  86.0634 43.4268 -3.1161
v  91.7395 47.7593 -3.6832
v  91.4945 45.5930 -3.2217
v  93.6111 51.2254 0.4952
v  11.7677 25.8878 -0.0004
v  13.8260 41.9814 -3.1161
v  12.6461 40.3532 -3.1161
v  10.5718 40.9779 -4.5090
v  5.4864 25.8187 -4.2080
v  5.5016 20.1334 -3.1082
v  2.9018 19.7705 1.7249
v  5.5016 23.6232 4.5493
v  6.8294 23.9779 5.2925
v  11.1618 23.2271 3.5299
v  89.2961 42.8057 0.7147
v  89.2120 43.4268 4.1789
v  95.4892 47.7593 -1.0140
v  94.8480 49.0872 -0.4976
v  93.0967 51.6984 3.6459
v  90.8070 51.2254 4.9228
v  89.4295 49.0872 5.7089
v  88.7137 47.7593 6.1158
v  89.1767 45.5930 5.8737
v  11.7828 21.9412 0.6919
v  11.1466 25.8811 -3.1161
v  8.9805 25.8571 -4.5090
v  6.8143 25.8332 -5.0313
v  6.8294 19.8053 -3.8634
v  3.3748 18.1105 -0.3043
v  3.3748 21.4362 3.7494
v  5.5130 22.4562 4.9640
v  9.0070 22.6768 5.1723
v  11.1732 21.8119 4.0803
v  90.8222 43.4268 -2.0017
v  91.6217 42.8057 2.2036
v  90.4008 43.4268 5.2089
v  95.0940 45.5930 -0.6722
v  95.3908 51.2254 2.3768
v  11.7943 19.8409 1.6672
v  11.1618 20.6430 -2.1405
v  5.5130 17.1187 -1.5420
v  2.9132 17.1854 4.3259
v  3.3862 19.5145 5.5294
v  6.8409 22.9897 5.5913
v  94.0263 43.4268 0.2223
v  93.1264 42.8057 3.6994
v  97.5099 47.7593 1.2301
v  96.7861 49.0872 1.6228
v  94.2647 51.6984 6.2677
v  91.6718 51.2254 6.6546
v  90.1055 49.0872 6.9042
v  89.2922 47.7593 7.0324
v  89.8108 45.5930 6.9692
v  91.1907 43.4268 6.7790
v  11.1732 17.8594 -0.7374
v  8.9956 20.0436 -3.3980
v  6.8409 16.6077 -2.1877
v  3.3862 14.8596 3.1158
v  5.5245 20.9308 6.2433
v  6.8523 21.6684 6.6094
v  9.0185 21.2157 6.3477
v  11.1847 19.9902 5.6853
v  11.8057 17.2272 4.2452
v  95.8484 43.4268 2.1831
v  94.2737 42.8057 6.3282
v  97.0596 45.5930 1.4953
v  96.8590 51.2254 5.8895
v  11.1847 14.4581 2.8169
v  9.0070 16.9575 -1.7991
v  5.5245 13.4601 2.3697
v  2.9260 15.9621 6.3687
v  3.3990 18.5015 7.0205
v  5.5372 20.0417 7.3993
v  97.3555 43.4268 5.8697
v  99.2464 47.7593 5.5642
v  98.7315 45.5930 5.6535
v  98.4307 49.0872 5.6763
v  96.0741 51.6984 18.5347
v  98.6683 51.2254 18.1560
v  93.4810 51.2254 18.9211
v  91.9144 49.0872 19.1684
v  91.1009 47.7593 19.2956
v  91.6194 45.5930 19.2307
v  92.9990 43.4268 19.0388
v  96.0819 42.8057 18.5876
v  9.0185 13.2106 2.1970
v  6.8523 12.7358 1.9778
v  3.3990 13.4246 5.7099
v  6.8651 20.8425 7.5910
v  9.0312 20.3427 7.4373
v  11.1974 19.0000 7.0660
v  11.8185 15.9849 6.2806
v  11.1974 12.9663 5.5084
v  99.1638 43.4268 18.1296
v  101.0552 47.7593 17.8274
v  100.5401 45.5930 17.9150
v  100.2396 49.0872 17.9405
v  96.0749 50.8150 18.5405
v  98.1318 50.4400 18.2402
v  94.0189 50.4400 18.8468
v  92.7768 48.7446 19.0429
v  92.1318 47.6917 19.1438
v  92.5429 45.9741 19.0923
v  93.6367 44.2566 18.9402
v  96.0811 43.7641 18.5824
v  9.0312 11.6117 5.1834
v  5.5372 11.8935 5.2959
v  3.6170 10.2396 18.0480
v  3.1440 12.7770 18.7074
v  3.6170 15.3165 19.3586
v  5.7552 16.8572 19.7351
v  7.0831 17.6584 19.9258
v  98.5247 44.2566 18.2192
v  100.0243 47.6917 17.9797
v  99.6159 45.9741 18.0491
v  99.3777 48.7446 18.0693
v  95.6876 50.8150 15.9143
v  97.7445 50.4400 15.6140
v  93.6316 50.4400 16.2207
v  92.3895 48.7446 16.4167
v  91.7445 47.6917 16.5176
v  92.1555 45.9741 16.4662
v  93.2494 44.2566 16.3140
v  95.6938 43.7641 15.9562
v  6.8651 11.1000 5.0760
v  5.7552 8.7091 17.6317
v  4.4025 10.7674 18.1756
v  4.0274 12.7793 18.6984
v  4.4025 14.7929 19.2147
v  6.0978 16.0145 19.5132
v  7.1506 16.6497 19.6644
v  9.2492 17.1590 19.7704
v  11.4154 15.8167 19.3975
v  12.0364 12.8017 18.6118
v  11.4154 9.7830 17.8400
v  9.2492 8.4280 17.5166
v  98.1373 44.2566 15.5931
v  99.6370 47.6917 15.3535
v  99.2286 45.9741 15.4229
v  98.9903 48.7446 15.4431
v  95.6893 48.9842 15.9262
v  96.6327 48.8122 15.7885
v  94.7464 48.8122 16.0668
v  94.1767 48.0346 16.1567
v  93.8809 47.5517 16.2029
v  94.0694 46.7640 16.1794
v  94.5711 45.9762 16.1096
v  95.6922 45.7503 15.9455
v  7.0831 7.9158 17.4108
v  6.0978 9.5540 17.8455
v  4.3571 11.4308 15.6056
v  3.9820 13.4427 16.1284
v  4.3571 15.4563 16.6447
v  6.0524 16.6779 16.9433
v  7.1052 17.3131 17.0945
v  8.8681 16.2537 19.5413
v  10.5856 15.1895 19.2456
v  11.0780 12.7989 18.6226
v  10.5856 10.4054 18.0106
v  8.8681 9.3311 17.7542
v  96.8129 45.9762 15.7789
v  97.5007 47.5517 15.6690
v  97.3134 46.7640 15.7009
v  97.2041 48.0346 15.7102
v  96.3089 49.3838 20.1265
v  95.3659 49.1675 20.2670
v  94.7962 48.1896 20.3570
v  94.5004 47.5823 20.4032
v  94.6889 46.5915 20.3796
v  95.1906 45.6008 20.3099
v  96.3117 45.3168 20.1458
v  7.1506 8.9250 17.6704
v  6.0524 10.2174 15.2755
v  5.9848 12.5248 15.8700
v  5.8128 13.4475 16.1098
v  5.9848 14.3710 16.3466
v  6.7623 14.9313 16.4835
v  7.2452 15.2226 16.5528
v  8.8227 16.9171 16.9713
v  10.5402 15.8529 16.6756
v  11.0326 13.4623 16.0526
v  10.5402 11.0689 15.4407
v  8.8227 9.9945 15.1843
v  97.4324 45.6008 19.9792
v  98.1202 47.5823 19.8693
v  97.2523 49.1675 19.9888
v  7.1052 9.5884 15.1004
v  6.7623 11.9683 15.7186
v  5.4858 12.3848 20.2267
v  5.7022 13.3085 20.4628
v  6.6800 13.8696 20.5964
v  7.2873 14.1614 20.6637
v  8.0329 15.0410 16.4964
v  8.8206 14.5529 16.3608
v  9.0465 13.4565 16.0750
v  8.8206 12.3588 15.7943
v  8.0329 11.8660 15.6767
v  97.9329 46.5915 19.9012
v  97.8237 48.1896 19.9104
v  96.5346 51.7341 21.6571
v  95.5917 51.2571 21.7977
v  95.0220 49.1010 21.8876
v  94.7262 47.4996 21.9338
v  94.9147 45.5776 21.9103
v  95.4164 43.3932 21.8405
v  96.5375 42.7670 21.6764
v  97.6582 43.3932 21.5098
v  7.2452 11.6798 15.6383
v  5.7022 11.4622 19.9862
v  8.2780 13.9807 20.6039
v  9.2686 13.4935 20.4649
v  9.5526 12.3973 20.1782
v  9.2686 11.2993 19.8985
v  8.2780 10.8057 19.7842
v  98.1587 45.5776 21.4318
v  98.3460 47.4996 21.3999
v  98.0494 49.1010 21.4410
v  97.4780 51.2571 21.5194
v  7.2873 10.6186 19.7491
v  6.6800 10.9065 19.8315
v  3.1624 11.9881 21.7635
v  3.6393 12.9129 21.9953
v  5.7952 13.4790 22.1094
v  7.3964 13.7751 22.1602
v  9.3182 13.5984 22.0849
v  97.1430 51.7341 25.7817
v  98.0864 51.2571 25.6439
v  95.1453 51.4322 22.4534
v  94.6863 50.3941 23.0684
v  95.3345 47.4996 26.0584
v  95.6303 49.1010 26.0121
v  95.5230 45.5776 26.0348
v  96.0247 43.3932 25.9650
v  97.1458 42.7670 25.8009
v  98.2666 43.3932 25.6343
v  98.7670 45.5776 25.5563
v  3.6393 11.0666 21.5187
v  11.5023 13.1163 21.9262
v  12.1285 12.0216 21.6338
v  11.5023 10.9221 21.3598
v  9.3182 10.4234 21.2653
v  7.3964 10.2323 21.2456
v  98.9543 47.4996 25.5244
v  98.6577 49.1010 25.5656
v  95.6065 51.5979 23.0918
v  96.5887 51.7341 26.2647
v  94.6359 50.3821 23.8934
v  96.5656 47.5998 24.6654
v  96.5620 45.2672 24.8316
v  96.5606 43.3932 25.2748
v  96.5665 42.7670 26.2656
v  97.1028 43.3932 27.6739
v  97.1109 45.2672 28.1166
v  5.7952 10.5160 21.3445
v  3.7106 10.0247 25.5549
v  3.2337 10.9461 25.7997
v  3.3632 13.0522 23.1166
v  4.4486 13.1778 23.7803
v  5.8665 12.4371 26.1456
v  7.4677 12.7332 26.1964
v  9.3895 12.5565 26.1211
v  11.5736 12.0743 25.9624
v  97.1169 47.5998 28.2825
v  97.1179 49.6787 28.0206
v  97.1209 51.2571 27.5160
v  95.5561 51.5860 23.9168
v  96.4241 51.2571 26.0477
v  92.6319 51.8745 22.8747
v  92.1729 50.8364 23.4897
v  92.1225 50.8245 24.3147
v  95.0180 51.4020 24.5381
v  96.5705 49.6787 24.9271
v  5.8665 9.4740 25.3807
v  3.2778 10.2964 28.2918
v  3.1504 12.2285 24.4062
v  3.1363 12.4340 23.6100
v  4.4627 12.9722 24.5765
v  7.3972 12.0333 27.8067
v  9.7310 11.8668 27.8164
v  11.6087 11.4014 27.9074
v  12.1999 10.9796 25.6700
v  11.5736 9.8802 25.3960
v  9.3895 9.3815 25.3015
v  7.4677 9.1904 25.2818
v  96.2000 51.2571 25.9222
v  93.1515 52.4967 23.5189
v  96.1943 51.4366 26.6534
v  96.5804 49.6817 26.2651
v  89.8773 51.9493 25.7558
v  92.5046 51.8443 24.9594
v  96.5774 47.6034 26.2652
v  96.5727 45.2710 26.2654
v  96.7082 43.6302 27.7886
v  96.7138 44.9358 28.0970
v  96.7203 47.2990 28.2966
v  96.7158 45.5690 28.1735
v  3.7622 9.4050 28.5073
v  3.7472 11.1930 28.0632
v  3.7106 11.8709 26.0315
v  1.3290 14.1000 24.7134
v  2.0162 14.7201 24.2124
v  3.1015 14.8457 24.8761
v  3.1156 14.6401 25.6723
v  3.3988 12.5328 25.1285
v  5.3209 11.7427 27.9084
v  12.2439 10.3420 28.1621
v  11.6266 9.2764 28.4352
v  9.7568 8.7919 28.5801
v  7.4260 8.6022 28.6590
v  5.3450 8.8731 28.6212
v  96.7221 49.4334 28.1093
v  96.7214 47.8460 28.3093
v  96.7252 51.0879 27.6806
v  96.7231 49.9338 28.0495
v  93.3456 51.9863 24.4613
v  96.1882 49.9359 26.6536
v  96.1847 47.8487 26.6702
v  96.1870 49.4357 26.6701
v  96.1803 45.5718 26.6926
v  96.1839 47.3017 26.6925
v  96.1745 43.1939 26.6808
v  96.1788 44.9384 26.6806
v  94.0072 44.9358 30.3211
v  93.8769 47.2990 30.4896
v  3.9378 9.3758 28.8820
v  3.5836 10.0276 28.7244
v  5.3300 10.3079 28.2648
v  1.8053 13.5625 25.5391
v  2.2813 16.4943 27.6640
v  2.0517 14.2008 26.2243
v  7.4080 10.3178 28.2330
v  9.7401 10.3293 28.1984
v  94.0053 49.4334 30.3356
v  94.2985 51.0879 29.9825
v  93.6154 51.4366 28.7665
v  93.6105 49.9359 28.7636
v  93.5965 47.8487 28.7754
v  93.5983 49.4357 28.7765
v  93.5779 45.5718 28.7917
v  93.5807 47.3017 28.7934
v  93.5814 43.1939 28.7789
v  93.5848 44.9384 28.7810
v  94.2119 43.6302 30.0630
v  93.9568 45.5690 30.3855
v  5.0951 8.9869 28.9652
v  3.9835 8.7086 31.4667
v  3.6293 9.3604 31.3091
v  5.0842 10.0360 28.7047
v  5.5845 10.0210 28.7020
v  7.1713 10.0285 28.6776
v  7.7184 10.0073 28.6753
v  9.4481 10.0159 28.6497
v  10.0813 10.0320 28.6372
v  11.8256 10.0408 28.6119
v  11.3955 9.2985 28.8022
v  10.0929 8.9609 28.9032
v  9.4605 8.8756 28.9328
v  7.7318 8.7349 28.9913
v  7.1850 8.7186 29.0029
v  5.5960 8.9254 28.9740
v  93.8691 47.8460 30.5007
v  94.0466 49.9338 30.2866
v  93.4096 49.9359 28.7573
v  93.4146 51.4366 28.7603
v  93.3957 47.8487 28.7691
v  93.3975 49.4357 28.7702
v  93.3770 45.5718 28.7854
v  93.3799 47.3017 28.7872
v  93.3805 43.1939 28.7726
v  93.3840 44.9384 28.7747
v  93.8063 44.9358 30.3148
v  93.6761 47.2990 30.4833
v  93.7560 45.5690 30.3792
v  5.1408 8.3197 31.5499
v  3.9865 8.6646 31.6372
v  3.6323 9.3164 31.4796
v  5.1298 9.3688 31.2894
v  5.6302 9.3538 31.2867
v  7.2170 9.3613 31.2623
v  7.7641 9.3401 31.2600
v  9.4938 9.3486 31.2344
v  10.1270 9.3648 31.2219
v  11.8713 9.3736 31.1966
v  11.4412 8.6312 31.3869
v  10.1386 8.2937 31.4879
v  9.5062 8.2084 31.5175
v  7.7775 8.0677 31.5760
v  7.2307 8.0513 31.5876
v  5.6417 8.2582 31.5587
v  93.8045 49.4334 30.3293
v  93.6682 47.8460 30.4944
v  94.0976 51.0879 29.9762
v  93.8458 49.9338 30.2803
v  93.2090 49.9359 28.7510
v  93.2139 51.4366 28.7540
v  93.1950 47.8487 28.7628
v  93.1969 49.4357 28.7640
v  93.1764 45.5718 28.7792
v  93.1792 47.3017 28.7809
v  93.4836 43.6302 29.6391
v  93.1799 43.1939 28.7663
v  93.1833 44.9384 28.7684
v  93.6057 44.9358 30.3085
v  93.1635 47.2990 30.9089
v  5.1438 8.2757 31.7205
v  3.9895 8.6206 31.8076
v  3.6353 9.2724 31.6500
v  5.1329 9.3248 31.4599
v  5.6332 9.3098 31.4572
v  7.2200 9.3173 31.4328
v  7.7671 9.2961 31.4305
v  9.4968 9.3046 31.4049
v  10.1300 9.3207 31.3924
v  11.8743 9.3296 31.3672
v  11.4442 8.5872 31.5574
v  10.1416 8.2496 31.6584
v  9.5092 8.1644 31.6881
v  7.7805 8.0237 31.7465
v  7.2337 8.0073 31.7581
v  5.6447 8.2142 31.7293
v  93.6038 49.4334 30.3231
v  93.8970 51.0879 29.9699
v  93.6451 49.9338 30.2741
v  91.4068 49.9359 28.8807
v  91.4104 51.4366 28.8848
v  93.1524 47.8460 30.9176
v  91.3896 47.8487 28.8885
v  91.3910 49.4357 28.8901
v  93.5554 45.5690 30.3729
v  91.3666 45.5718 28.8996
v  91.3687 47.3017 28.9020
v  93.2829 43.6302 29.6328
v  91.3742 43.1939 28.8880
v  91.3767 44.9384 28.8910
v  91.5597 44.9358 30.2324
v  91.3805 47.2990 30.3621
v  5.1468 8.2317 31.8909
v  4.0182 8.2023 33.4278
v  3.6640 8.8541 33.2702
v  5.1359 9.2808 31.6303
v  5.6362 9.2658 31.6276
v  7.2230 9.2733 31.6032
v  7.7701 9.2521 31.6009
v  9.4998 9.2607 31.5753
v  10.1330 9.2767 31.5628
v  11.8773 9.2856 31.5376
v  11.4472 8.5432 31.7278
v  10.1446 8.2057 31.8288
v  9.5122 8.1204 31.8584
v  7.7835 7.9797 31.9169
v  7.2367 7.9633 31.9285
v  5.6477 8.1702 31.8997
v  91.5532 49.4334 30.2460
v  91.9477 51.0879 29.9792
v  91.6085 49.9338 30.2091
v  91.2351 49.9359 28.8280
v  91.2387 51.4366 28.8321
v  91.3695 47.8460 30.3708
v  91.2179 47.8487 28.8359
v  91.2193 49.4357 28.8374
v  91.4908 45.5690 30.2818
v  91.1949 45.5718 28.8469
v  91.1970 47.3017 28.8493
v  91.2728 43.6302 29.7428
v  91.2025 43.1939 28.8354
v  91.2050 44.9384 28.8383
v  91.3880 44.9358 30.1797
v  91.2088 47.2990 30.3094
v  5.1755 7.8134 33.5110
v  4.0209 8.1621 33.5838
v  3.6667 8.8139 33.4262
v  5.1645 8.8625 33.2505
v  5.6649 8.8476 33.2478
v  7.2516 8.8551 33.2234
v  7.7988 8.8338 33.2211
v  9.5285 8.8424 33.1955
v  10.1616 8.8585 33.1830
v  11.9059 8.8674 33.1577
v  11.4759 8.1250 33.3480
v  10.1733 7.7874 33.4490
v  9.5409 7.7021 33.4786
v  7.8121 7.5615 33.5371
v  7.2654 7.5451 33.5487
v  5.6763 7.7520 33.5198
v  91.3814 49.4334 30.1933
v  91.4368 49.9338 30.1565
v  91.7760 51.0879 29.9266
v  90.9991 49.9359 28.7557
v  91.0028 51.4366 28.7598
v  91.1978 47.8460 30.3182
v  90.9820 47.8487 28.7635
v  90.9833 49.4357 28.7651
v  91.3190 45.5690 30.2291
v  90.9590 45.5718 28.7745
v  90.9611 47.3017 28.7770
v  91.6674 43.6302 29.9823
v  90.9665 43.1939 28.7630
v  90.9691 44.9384 28.7659
v  91.1521 44.9358 30.1074
v  90.9729 47.2990 30.2371
v  5.1782 7.7732 33.6671
v  4.0247 8.1067 33.7982
v  3.6705 8.7585 33.6406
v  5.1673 8.8223 33.4065
v  5.6676 8.8073 33.4038
v  7.2544 8.8148 33.3795
v  7.8015 8.7936 33.3771
v  9.5312 8.8021 33.3515
v  10.1644 8.8182 33.3390
v  11.9087 8.8271 33.3138
v  11.4786 8.0847 33.5040
v  10.1760 7.7471 33.6050
v  9.5436 7.6619 33.6347
v  7.8149 7.5212 33.6931
v  7.2681 7.5049 33.7047
v  5.6791 7.7117 33.6759
v  91.1455 49.4334 30.1209
v  91.2008 49.9338 30.0841
v  91.5401 51.0879 29.8542
v  88.9622 50.5988 28.6132
v  90.9618 47.8460 30.2458
v  88.7945 48.6409 28.7237
v  91.0831 45.5690 30.1568
v  88.7708 46.4354 28.7359
v  91.4315 43.6302 29.9100
v  88.3406 44.1752 28.3437
v  5.1820 7.7178 33.8814
v  4.5478 7.8111 35.7733
v  5.1711 8.7669 33.6209
v  5.6714 8.7519 33.6182
v  7.2582 8.7595 33.5938
v  7.8053 8.7382 33.5915
v  9.5350 8.7468 33.5659
v  10.1682 8.7629 33.5534
v  11.9125 8.7717 33.5282
v  11.4824 8.0294 33.7184
v  10.1798 7.6918 33.8194
v  9.5474 7.6065 33.8491
v  7.8187 7.4659 33.9075
v  7.2719 7.4495 33.9191
v  5.6829 7.6564 33.8903
v  6.5071 7.6278 35.7934
v  8.7126 7.6134 35.7664
v  10.9711 7.7883 35.6926
v  93.6734 -0.0111 26.4932
v  94.3360 -0.0111 26.3991
v  94.2085 -0.0111 26.8951
v  93.7676 -0.0111 27.1557
v  94.0754 -0.0111 25.9582
v  94.9985 -0.0111 26.3050
v  94.7435 -0.0111 27.2971
v  93.2715 -0.0111 27.0282
v  93.8617 -0.0111 27.8183
v  93.5793 -0.0111 25.8307
v  94.4773 -0.0111 25.4232
v  94.9985 91.1104 26.3050
v  94.7435 91.1104 27.2971
v  93.0109 -0.0111 26.5873
v  92.8696 -0.0111 27.5633
v  93.8617 91.1104 27.8183
v  93.1384 -0.0111 26.0913
v  93.4852 -0.0111 25.1681
v  94.4773 91.1104 25.4232
v  96.0241 93.3570 26.1593
v  95.5717 93.3570 27.9193
v  92.3484 -0.0111 26.6814
v  92.8696 91.1104 27.5633
v  94.0074 93.3570 28.8439
v  92.6034 -0.0111 25.6893
v  93.4852 91.1104 25.1681
v  95.0995 93.3570 24.5949
v  94.9985 95.5182 26.3050
v  94.7435 95.5182 27.2971
v  92.3484 91.1104 26.6814
v  92.2474 93.3570 28.3915
v  93.8617 95.5182 27.8183
v  92.6034 91.1104 25.6893
v  93.3395 93.3570 24.1425
v  94.4773 95.5182 25.4232
v  98.1266 97.9659 25.8607
v  97.2696 97.9659 29.1948
v  91.3228 93.3570 26.8271
v  92.8696 95.5182 27.5633
v  94.3060 97.9659 30.9463
v  91.7752 93.3570 25.0671
v  93.4852 95.5182 25.1681
v  96.3750 97.9659 22.8971
v  99.3329 102.5551 25.6893
v  98.2438 102.5551 29.9266
v  92.3484 95.5182 26.6814
v  90.9719 97.9659 30.0893
v  94.4774 102.5551 32.1527
v  92.6034 95.5182 25.6893
v  93.0409 97.9659 22.0401
v  97.1069 102.5551 21.9229
v  99.3329 108.0398 25.6893
v  98.2438 108.0398 29.9266
v  89.2203 97.9659 27.1258
v  90.2400 102.5551 31.0635
v  94.4774 108.0398 32.1527
v  90.0773 97.9659 23.7916
v  92.8695 102.5551 20.8337
v  97.1069 108.0398 21.9229
v  96.8464 118.1815 26.0425
v  96.2358 118.1815 28.4181
v  88.0140 102.5551 27.2971
v  90.2400 108.0398 31.0635
v  94.1242 118.1815 29.6661
v  89.1031 102.5551 23.0598
v  92.8695 108.0398 20.8337
v  95.5984 118.1815 23.9309
v  95.2599 123.4241 26.2679
v  94.9546 123.4241 27.4557
v  88.0140 108.0398 27.2971
v  91.7485 118.1815 29.0555
v  93.8988 123.4241 28.0797
v  89.1031 108.0398 23.0598
v  93.2227 118.1815 23.3203
v  94.6359 123.4241 25.2121
v  93.6734 123.4192 26.4932
v  90.5005 118.1815 26.9439
v  92.7110 123.4241 27.7744
v  91.1111 118.1815 24.5683
v  93.4481 123.4241 24.9067
v  92.0870 123.4241 26.7186
v  92.3923 123.4241 25.5308
# 1126 vertices

vn -0.0000 0.4007 -0.9162
vn 0.0000 0.7242 -0.6896
vn 0.2225 0.6828 -0.6959
vn 0.4784 0.5345 -0.6967
vn -0.2225 0.6828 -0.6959
vn -0.0000 0.9742 0.2258
vn 0.5638 0.8146 0.1363
vn 0.5985 0.2905 -0.7466
vn -0.4784 0.5345 -0.6967
vn -0.5638 0.8146 0.1363
vn 0.0000 0.6170 0.7870
vn 0.5533 -0.0252 -0.8326
vn 0.9082 0.4182 -0.0154
vn 0.9516 0.1886 -0.2426
vn -0.5985 0.2905 -0.7466
vn 0.4805 0.5725 0.6644
vn 0.3320 -0.2773 -0.9016
vn 0.8261 -0.1863 -0.5318
vn 0.7837 0.5070 0.3589
vn -0.5533 -0.0252 -0.8326
vn -0.9082 0.4182 -0.0154
vn -0.9516 0.1886 -0.2426
vn -0.4805 0.5725 0.6644
vn -0.0000 0.9331 0.3597
vn 0.0000 -0.3728 -0.9279
vn 0.4821 -0.4290 -0.7639
vn 0.9193 0.3822 -0.0937
vn -0.3320 -0.2773 -0.9016
vn -0.8261 -0.1863 -0.5318
vn -0.7837 0.5070 0.3589
vn 0.1996 0.9065 0.3720
vn 0.0000 -0.5040 -0.8637
vn 0.7924 0.2730 -0.5455
vn 0.3019 0.9300 0.2097
vn -0.4821 -0.4290 -0.7639
vn -0.9193 0.3822 -0.0937
vn -0.1996 0.9065 0.3720
vn 0.0000 0.8277 0.5612
vn 0.2806 0.8277 0.4860
vn 0.4475 0.2150 -0.8681
vn 0.4056 0.9140 0.0060
vn -0.7924 0.2730 -0.5455
vn -0.3019 0.9300 0.2097
vn -0.2806 0.8277 0.4860
vn 0.4860 0.8277 0.2806
vn 0.0000 -0.4504 0.8928
vn 0.4464 -0.4504 0.7732
vn -0.4475 0.2150 -0.8681
vn -0.0000 0.2137 -0.9769
vn 0.3479 0.9118 -0.2181
vn 0.5612 0.8277 0.0000
vn -0.4056 0.9140 0.0060
vn -0.4860 0.8277 0.2806
vn -0.4464 -0.4504 0.7732
vn 0.7732 -0.4504 0.4464
vn 0.0000 -0.5230 0.8524
vn 0.5867 -0.6871 0.4286
vn 0.2274 0.8697 -0.4381
vn 0.4860 0.8277 -0.2806
vn 0.8928 -0.4504 0.0000
vn -0.3479 0.9118 -0.2181
vn -0.5612 0.8277 0.0000
vn -0.7732 -0.4504 0.4464
vn -0.5867 -0.6871 0.4286
vn -0.0090 -0.8534 0.5211
vn 0.4489 -0.8379 0.3105
vn 0.0000 0.8142 0.5806
vn -0.3965 -0.8892 0.2283
vn -0.2274 0.8697 -0.4381
vn -0.0000 0.9076 -0.4197
vn 0.2806 0.8277 -0.4860
vn 0.7732 -0.4504 -0.4464
vn 0.5075 -0.8112 -0.2907
vn -0.4860 0.8277 -0.2806
vn -0.8928 -0.4504 0.0000
vn -0.4489 -0.8379 0.3105
vn 0.0090 -0.8534 0.5211
vn 0.3965 -0.8892 0.2283
vn 0.0310 -0.6604 0.7503
vn 0.7021 -0.5964 0.3890
vn 0.8128 0.4381 0.3840
vn 0.6969 0.4720 0.5399
vn -0.6934 0.6104 -0.3828
vn -0.6718 -0.6518 0.3520
vn 0.0000 0.8277 -0.5612
vn 0.4464 -0.4504 -0.7732
vn 0.5003 -0.7789 0.3781
vn 0.5114 -0.8369 -0.1953
vn 0.2342 -0.8490 0.4737
vn 0.5937 -0.8021 0.0641
vn 0.7107 -0.5495 -0.4393
vn -0.2806 0.8277 -0.4860
vn -0.7732 -0.4504 -0.4464
vn -0.5075 -0.8112 -0.2907
vn -0.7021 -0.5964 0.3890
vn -0.0310 -0.6604 0.7503
vn -0.8128 0.4381 0.3840
vn 0.6718 -0.6518 0.3520
vn 0.6934 0.6104 -0.3828
vn -0.6969 0.4720 0.5399
vn -0.6470 -0.6291 -0.4309
vn 0.8321 -0.2481 0.4961
vn -0.0000 0.1757 0.9844
vn 0.4954 -0.8687 0.0061
vn -0.0525 -0.8125 -0.5806
vn 0.0000 -0.4504 -0.8928
vn -0.0445 -0.8720 -0.4875
vn 0.3914 0.6269 -0.6737
vn 0.6525 -0.6035 0.4582
vn 0.7788 -0.5595 -0.2835
vn -0.2826 -0.8657 0.4131
vn 0.3938 -0.6155 0.6827
vn 0.8029 -0.5937 0.0534
vn -0.0179 -0.5652 -0.8247
vn -0.4464 -0.4504 -0.7732
vn -0.5114 -0.8369 -0.1953
vn -0.5003 -0.7789 0.3781
vn -0.5937 -0.8021 0.0641
vn -0.2342 -0.8490 0.4737
vn -0.7107 -0.5495 -0.4393
vn 0.6470 -0.6291 -0.4309
vn -0.8321 -0.2481 0.4961
vn 0.0525 -0.8125 -0.5806
vn -0.4954 -0.8687 0.0061
vn 0.9837 -0.1789 0.0183
vn 0.8533 0.1061 0.5105
vn 0.7255 -0.4493 0.5213
vn 0.9452 -0.3262 0.0114
vn -0.5500 -0.8351 0.0090
vn 0.2517 -0.8921 -0.3752
vn -0.3074 -0.8077 -0.5032
vn 0.5897 -0.8032 0.0845
vn -0.0076 -0.5863 -0.8101
vn -0.0397 -0.8647 0.5007
vn -0.3406 -0.8317 -0.4385
vn 0.4346 -0.5550 -0.7093
vn -0.0033 -0.6047 0.7964
vn -0.6355 -0.6676 0.3880
vn -0.4219 -0.6435 0.6387
vn -0.7591 -0.6508 -0.0151
vn 0.0445 -0.8720 -0.4875
vn -0.7788 -0.5595 -0.2835
vn -0.6525 -0.6035 0.4582
vn -0.3914 0.6269 -0.6737
vn -0.8029 -0.5937 0.0534
vn -0.3938 -0.6155 0.6827
vn 0.2826 -0.8657 0.4131
vn 0.0179 -0.5652 -0.8247
vn -0.9837 -0.1789 0.0183
vn -0.8533 0.1061 0.5105
vn -0.7255 -0.4493 0.5213
vn -0.9452 -0.3262 0.0114
vn 0.5500 -0.8351 0.0090
vn 0.6112 -0.6152 0.4980
vn 0.9041 -0.2040 0.3755
vn 0.0000 -0.2732 0.9619
vn 0.7199 -0.4698 0.5110
vn 0.7522 -0.2835 -0.5948
vn 0.3814 -0.8812 -0.2792
vn 0.3074 -0.8077 -0.5032
vn -0.2517 -0.8921 -0.3752
vn -0.0000 -0.8994 -0.4371
vn -0.5680 -0.8168 -0.1010
vn 0.4526 -0.5830 -0.6747
vn -0.4057 -0.6281 -0.6640
vn -0.4868 -0.8563 -0.1724
vn 0.3177 -0.8197 0.4767
vn 0.7680 -0.6309 0.1101
vn -0.7107 -0.6465 -0.2773
vn -0.4477 -0.6077 -0.6559
vn -0.4831 -0.8288 0.2824
vn -0.5897 -0.8032 0.0845
vn 0.0076 -0.5863 -0.8101
vn 0.0033 -0.6047 0.7964
vn 0.6355 -0.6676 0.3880
vn 0.0397 -0.8647 0.5007
vn 0.3406 -0.8317 -0.4385
vn -0.4346 -0.5550 -0.7093
vn 0.7591 -0.6508 -0.0151
vn 0.4219 -0.6435 0.6387
vn -0.6112 -0.6152 0.4980
vn -0.9041 -0.2040 0.3755
vn -0.3814 -0.8812 -0.2792
vn -0.7522 -0.2835 -0.5948
vn -0.7199 -0.4698 0.5110
vn 0.7143 -0.6797 -0.1668
vn 0.6562 -0.7503 0.0795
vn 0.8802 -0.4724 0.0463
vn 0.7428 -0.4471 -0.4983
vn 0.3140 -0.7831 -0.5367
vn 0.5680 -0.8168 -0.1010
vn 0.4057 -0.6281 -0.6640
vn -0.4526 -0.5830 -0.6747
vn -0.2526 -0.8892 0.3816
vn -0.7705 -0.6226 -0.1370
vn -0.4479 -0.5844 0.6766
vn 0.4348 -0.6208 0.6523
vn -0.7680 -0.6309 0.1101
vn -0.3177 -0.8197 0.4767
vn 0.4868 -0.8563 -0.1724
vn 0.7107 -0.6465 -0.2773
vn 0.4831 -0.8288 0.2824
vn 0.4477 -0.6077 -0.6559
vn -0.7143 -0.6797 -0.1668
vn -0.6562 -0.7503 0.0795
vn -0.3140 -0.7831 -0.5367
vn -0.7428 -0.4471 -0.4983
vn -0.8802 -0.4724 0.0463
vn 0.0000 -0.9589 0.2837
vn 0.0000 -0.9750 -0.2223
vn 0.0000 -0.7730 0.6344
vn 0.4056 -0.7058 0.5808
vn 0.6421 -0.6243 0.4449
vn 0.7071 -0.7071 0.0000
vn 0.6124 -0.7071 -0.3536
vn 0.5213 -0.0093 -0.8533
vn 0.2527 -0.8891 0.3816
vn 0.7705 -0.6225 -0.1369
vn 0.4480 -0.5844 0.6766
vn -0.4348 -0.6208 0.6523
vn -0.4056 -0.7058 0.5808
vn -0.5213 -0.0093 -0.8533
vn -0.6124 -0.7071 -0.3536
vn -0.7071 -0.7071 0.0000
vn -0.6421 -0.6243 0.4449
vn 0.0000 -0.8265 0.5629
vn 0.5255 -0.5343 0.6621
vn 0.5511 -0.8344 0.0000
vn 0.4773 -0.8344 -0.2756
vn 0.3536 -0.7071 -0.6124
vn 0.5563 -0.2205 -0.8012
vn 0.0000 -0.1956 -0.9807
vn -0.5255 -0.5343 0.6621
vn -0.5563 -0.2205 -0.8012
vn -0.3536 -0.7071 -0.6124
vn -0.4773 -0.8344 -0.2756
vn -0.5511 -0.8344 0.0000
vn 0.3220 -0.9012 0.2902
vn -0.6317 -0.4821 0.6070
vn 0.0000 -0.9454 0.3258
vn -0.4704 -0.0457 0.8813
vn 0.4734 -0.8254 0.3077
vn 0.9966 0.0830 0.0000
vn 0.8630 0.0830 -0.4983
vn 0.2756 -0.8344 -0.4773
vn -0.0000 -0.7071 -0.7071
vn 0.0000 -0.4823 -0.8760
vn 0.6317 -0.4821 0.6070
vn -0.3220 -0.9012 0.2902
vn -0.4734 -0.8254 0.3077
vn -0.2756 -0.8344 -0.4773
vn -0.8630 0.0830 -0.4983
vn -0.9966 0.0830 0.0000
vn 0.4704 -0.0457 0.8813
vn -0.4381 -0.0670 0.8964
vn 0.3693 -0.6993 0.6120
vn -0.0000 -0.7071 0.7071
vn 0.8630 0.0830 0.4983
vn 0.4983 0.0830 -0.8630
vn 0.2756 0.9613 0.0064
vn 0.3418 0.8987 -0.2747
vn 0.0000 -0.8344 -0.5511
vn 0.4381 -0.0670 0.8964
vn -0.3693 -0.6993 0.6120
vn -0.8630 0.0830 0.4983
vn -0.4983 0.0830 -0.8630
vn -0.3418 0.8987 -0.2747
vn -0.2756 0.9613 0.0064
vn 0.0274 0.3382 0.9407
vn -0.1396 0.2562 0.9565
vn 0.0000 0.4495 0.8933
vn 0.2434 0.4909 0.8365
vn 0.4097 -0.7373 0.5371
vn 0.4983 0.0830 0.8630
vn 0.3480 0.8968 0.2733
vn 0.0000 0.0830 -0.9966
vn 0.2396 0.8778 -0.4149
vn 0.3625 0.9320 0.0088
vn -0.0274 0.3382 0.9407
vn 0.1396 0.2562 0.9565
vn -0.2434 0.4909 0.8365
vn -0.3480 0.8968 0.2733
vn -0.4983 0.0830 0.8630
vn -0.4097 -0.7373 0.5371
vn -0.2396 0.8778 -0.4149
vn -0.3542 0.9351 0.0088
vn 0.2361 0.2053 0.9498
vn 0.0000 0.1962 0.9806
vn 0.0000 -0.9224 0.3861
vn 0.0000 0.0830 0.9966
vn 0.2396 0.8778 0.4149
vn 0.4426 0.8323 0.3338
vn 0.0000 0.8778 -0.4791
vn 0.5024 0.7229 -0.4744
vn 0.3367 0.7393 -0.5831
vn 0.4425 0.8367 -0.3227
vn -0.2361 0.2053 0.9498
vn -0.4320 0.8364 0.3373
vn -0.2396 0.8778 0.4149
vn -0.3367 0.7393 -0.5831
vn -0.5024 0.7229 -0.4744
vn -0.4311 0.8413 -0.3260
vn -0.0000 0.8778 0.4791
vn 0.3367 0.7393 0.5831
vn 0.5193 0.7256 0.4515
vn 0.5394 0.6325 0.5559
vn 0.0000 0.7393 -0.6733
vn 0.7003 0.4601 -0.5458
vn 0.4417 0.4686 -0.7651
vn 0.2020 0.9794 0.0040
vn 0.2267 0.8317 0.5068
vn -0.5223 0.6338 0.5705
vn -0.5193 0.7256 0.4515
vn -0.3367 0.7393 0.5831
vn -0.4417 0.4686 -0.7651
vn -0.7003 0.4601 -0.5458
vn -0.4054 0.9141 0.0038
vn -0.3832 0.7786 0.4969
vn 0.0000 0.7393 0.6733
vn 0.4417 0.4686 0.7651
vn 0.7030 0.4834 0.5217
vn 0.2583 0.5647 0.7839
vn 0.0000 0.4686 -0.8834
vn 0.5456 0.6470 -0.5327
vn 0.7782 0.1905 -0.5984
vn 0.4909 0.1899 -0.8503
vn 0.2562 0.8366 -0.4843
vn -0.3458 0.4971 0.7958
vn -0.7030 0.4834 0.5217
vn -0.4417 0.4686 0.7651
vn -0.5225 0.6498 -0.5520
vn -0.4909 0.1899 -0.8503
vn -0.7782 0.1905 -0.5984
vn -0.4120 0.7759 -0.4777
vn 0.0000 0.4686 0.8834
vn 0.7241 0.4251 0.5431
vn 0.4909 0.1899 0.8503
vn 0.7928 0.1777 0.5830
vn 0.3732 0.1793 0.9103
vn 0.0000 0.1899 -0.9818
vn 0.7445 0.3772 -0.5508
vn 0.8478 0.0617 -0.5267
vn 0.4978 0.0939 -0.8622
vn 0.0000 1.0000 0.0000
vn 0.0000 0.8496 -0.5274
vn 0.0000 0.8496 0.5274
vn 0.0000 0.5618 0.8273
vn -0.7124 0.4243 0.5589
vn -0.3515 0.1294 0.9272
vn -0.7928 0.1777 0.5830
vn -0.4909 0.1899 0.8503
vn -0.7246 0.3789 -0.5757
vn -0.4978 0.0939 -0.8622
vn -0.8478 0.0617 -0.5267
vn -0.4628 0.7210 -0.5158
vn -0.5402 0.8415 -0.0004
vn -0.4616 0.7222 0.5151
vn -0.3008 0.4779 0.8253
vn 0.0000 0.1899 0.9818
vn 0.8526 0.0952 0.5138
vn 0.4978 0.0939 0.8622
vn 0.8516 0.0688 0.5197
vn 0.0000 0.1585 0.9874
vn 0.0000 0.0939 -0.9956
vn 0.3002 0.5510 -0.7786
vn 0.8293 0.0936 -0.5509
vn 0.6557 -0.6532 -0.3786
vn 0.3786 -0.6532 -0.6557
vn 0.0000 0.5618 -0.8273
vn -0.0954 0.1525 0.9837
vn -0.8566 0.0850 0.5089
vn -0.8516 0.0688 0.5197
vn -0.4978 0.0939 0.8622
vn -0.3952 0.4690 -0.7899
vn -0.8139 0.0657 -0.5772
vn -0.3786 -0.6532 -0.6557
vn -0.6557 -0.6532 -0.3786
vn -0.3031 0.4766 -0.8252
vn -0.7571 0.6533 -0.0006
vn -0.6504 0.5639 0.5090
vn -0.4222 0.3760 0.8249
vn -0.0000 0.0939 0.9956
vn 0.4527 -0.3093 0.8363
vn 0.9572 -0.0997 0.2717
vn 0.3786 -0.6532 0.6557
vn 0.6557 -0.6532 0.3786
vn 0.0000 -0.3931 0.9195
vn 0.0000 -0.6532 -0.7572
vn 0.4293 0.2001 -0.8807
vn 0.9549 -0.0509 -0.2924
vn 0.9996 0.0151 0.0240
vn 0.7572 -0.6532 0.0000
vn -0.0000 -1.0000 -0.0000
vn 0.0000 0.1585 -0.9874
vn -0.3182 -0.3907 0.8638
vn -0.1465 0.1353 0.9799
vn 0.1996 -0.3354 0.9207
vn -0.9703 -0.0506 0.2364
vn -0.6557 -0.6532 0.3786
vn -0.3786 -0.6532 0.6557
vn -0.4364 0.1333 -0.8898
vn -0.9633 -0.0362 -0.2658
vn -0.7572 -0.6532 0.0000
vn -0.9996 0.0151 0.0240
vn -0.0970 0.1539 -0.9833
vn -0.6497 0.5635 -0.5102
vn 0.0000 -0.6533 0.7571
vn 0.6678 -0.5667 0.4827
vn 0.9974 -0.0477 0.0533
vn 0.0000 -0.8264 0.5630
vn 0.5220 -0.2796 -0.8058
vn 0.0000 -0.3931 -0.9195
vn 0.0029 0.9999 -0.0112
vn 0.0620 0.8368 -0.5439
vn -0.0425 0.8568 0.5139
vn -0.0510 0.5579 0.8283
vn 0.2724 -0.2639 0.9253
vn 0.4028 -0.7218 0.5628
vn -0.5838 -0.6094 0.5365
vn -0.9971 0.0474 0.0592
vn -0.4510 -0.3654 -0.8143
vn 0.2024 -0.3315 -0.9215
vn -0.4223 0.3768 -0.8244
vn -0.9484 0.3170 -0.0003
vn -0.8178 0.2734 0.5064
vn -0.5351 0.1815 0.8251
vn -0.1992 0.0700 0.9775
vn 0.6972 -0.7165 0.0219
vn 0.0000 -1.0000 0.0000
vn -0.0380 0.1641 0.9857
vn 0.7179 -0.5599 -0.4137
vn 0.0000 -0.8264 -0.5630
vn 0.0945 0.5578 -0.8246
vn 0.0060 0.9998 -0.0175
vn -0.1647 0.8608 0.4816
vn -0.2157 0.5494 0.8072
vn 0.3493 -0.1238 0.9288
vn 0.5480 -0.5965 0.5865
vn -0.6201 -0.7822 0.0598
vn -0.6731 -0.6275 -0.3914
vn -0.1488 0.1380 -0.9792
vn -0.8171 0.2747 -0.5068
vn -0.0621 -0.3900 0.9187
vn -0.1873 0.1716 0.9672
vn 0.1110 0.1539 -0.9818
vn 0.2205 0.8289 -0.5142
vn 0.7496 -0.2847 0.5975
vn 0.4783 -0.8782 0.0023
vn 0.6544 -0.7562 0.0051
vn 0.4099 -0.7185 -0.5619
vn 0.2697 -0.2623 -0.9265
vn -0.5345 0.1841 -0.8249
vn -0.8435 -0.0083 -0.5371
vn -0.9987 0.0498 -0.0100
vn -0.8585 0.0855 0.5056
vn -0.5608 0.0910 0.8229
vn -0.1755 0.0800 0.9812
vn 0.3888 0.0487 0.9200
vn -0.0506 -0.8357 0.5468
vn -0.2309 -0.3812 0.8952
vn 0.1062 -0.3862 -0.9163
vn 0.3379 0.5563 -0.7591
vn 0.0061 0.9999 -0.0085
vn -0.2967 0.8550 0.4253
vn -0.4305 0.5470 0.7179
vn -0.4464 0.1709 0.8784
vn 0.8312 0.0015 0.5559
vn 0.9303 -0.3668 0.0021
vn -0.2002 0.0715 -0.9771
vn -0.8341 -0.1794 -0.5216
vn -0.9999 -0.0074 -0.0117
vn -0.8575 0.1382 0.4955
vn 0.3888 0.2160 0.8956
vn 0.0036 -0.9999 -0.0140
vn -0.1765 -0.8413 0.5109
vn -0.4561 -0.3756 0.8068
vn 0.0692 -0.8116 -0.5801
vn 0.4102 0.1501 -0.8995
vn 0.3809 -0.3851 -0.8406
vn 0.3553 0.8357 -0.4187
vn 0.9986 -0.0524 -0.0112
vn 0.5479 -0.6005 -0.5824
vn 0.7485 -0.2912 -0.5958
vn 0.3473 -0.1265 -0.9292
vn -0.5607 -0.0500 -0.8265
vn -0.5582 -0.2734 -0.7833
vn -0.9998 -0.0136 -0.0120
vn -0.5531 0.1981 0.8092
vn -0.1612 0.2114 0.9640
vn 0.8372 0.1487 0.5263
vn 0.0082 -0.9997 -0.0223
vn -0.3077 -0.8349 0.4564
vn 0.6594 0.1513 -0.7364
vn 0.5492 0.5540 -0.6256
vn 0.0158 0.9998 -0.0115
vn -0.3948 0.8671 0.3037
vn -0.6309 0.5575 0.5397
vn -0.7202 0.1713 0.6722
vn -0.6945 -0.3895 0.6049
vn 0.9998 -0.0003 -0.0188
vn 0.8080 -0.0965 -0.5813
vn 0.3833 -0.1062 -0.9175
vn -0.1672 -0.0827 -0.9825
vn -0.1530 -0.3290 -0.9318
vn -0.8320 -0.3335 -0.4433
vn -0.8649 0.2670 0.4250
vn -0.5579 0.4078 0.7228
vn 0.3938 0.4419 0.8060
vn 0.8469 0.2810 0.4515
vn 0.2412 -0.8037 -0.5440
vn 0.0092 -0.9999 -0.0129
vn -0.4184 -0.8480 0.3253
vn 0.6121 -0.3865 -0.6899
vn 0.4662 0.8310 -0.3037
vn 0.9997 -0.0100 -0.0216
vn 0.8082 -0.1851 -0.5590
vn -0.5593 -0.5020 -0.6597
vn -0.9999 -0.0111 -0.0042
vn -0.8546 0.3906 0.3422
vn -0.1683 0.4482 0.8780
vn 0.3823 -0.8112 -0.4425
vn 0.0204 -0.9997 -0.0148
vn 0.8394 0.1509 -0.5222
vn 0.7013 0.5587 -0.4428
vn 0.0141 0.9999 -0.0054
vn -0.4792 0.8652 0.1477
vn -0.7828 0.5630 0.2650
vn -0.9222 0.1715 0.3467
vn -0.8650 -0.3960 0.3081
vn -0.5100 -0.8446 0.1631
vn 0.8063 -0.3498 -0.4770
vn 0.3855 -0.3016 -0.8720
vn -0.1515 -0.6004 -0.7852
vn -0.8347 -0.4448 -0.3246
vn -0.5462 0.6026 0.5819
vn -0.1615 0.6820 0.7133
vn 0.3829 0.6554 0.6511
vn 0.8359 0.4102 0.3646
vn 0.9998 -0.0113 -0.0156
vn 0.4990 -0.8055 -0.3196
vn 0.0165 -0.9998 -0.0064
vn 0.7811 -0.3874 -0.4897
vn 0.5291 0.8356 -0.1477
vn 0.8081 -0.4720 -0.3525
vn 0.3868 -0.5555 -0.7361
vn -0.5563 -0.6758 -0.4835
vn -0.9999 -0.0168 0.0036
vn -0.8657 0.4533 0.2122
vn -0.5601 0.7428 0.3669
vn 0.5630 -0.8116 -0.1562
vn 0.9548 0.1530 -0.2548
vn 0.8898 -0.3877 -0.2407
vn 0.8010 0.5577 -0.2176
vn 0.0973 0.7453 0.6596
vn 0.4954 0.6603 0.5644
vn -0.3114 0.6603 0.6834
vn -0.4832 0.4058 0.7758
vn -0.6668 0.1255 0.7346
vn -0.5764 -0.2884 0.7646
vn -0.3413 -0.6406 0.6878
vn 0.0974 -0.7444 0.6605
vn 0.3841 -0.7498 -0.5387
vn -0.1530 -0.8075 -0.5698
vn -0.8369 -0.5118 -0.1942
vn -0.1684 0.8720 0.4596
vn 0.3972 0.8201 0.4118
vn 0.8476 0.4844 0.2168
vn 0.9997 -0.0146 -0.0206
vn 0.8093 -0.5412 -0.2283
vn 0.5254 -0.6406 0.5600
vn 0.8505 0.1255 0.5108
vn 0.7726 -0.2884 0.5656
vn 0.6866 0.4058 0.6032
vn 0.1097 -0.6598 0.7434
vn -0.1980 -0.5058 0.8396
vn 0.4320 -0.5058 0.7467
vn 0.6767 -0.3878 0.6258
vn 0.6975 -0.0891 0.7110
vn 0.7132 0.2655 0.6487
vn 0.4456 0.4919 0.7480
vn 0.1097 0.6591 0.7440
vn 0.3860 -0.8576 -0.3399
vn -0.5594 -0.7746 -0.2951
vn -0.6494 -0.5553 0.5195
vn -0.7338 -0.1698 0.6578
vn -0.6494 0.2344 0.7234
vn -0.3938 0.3966 0.8293
vn -0.1147 0.5847 0.8031
vn -0.2107 0.4919 0.8448
vn -0.4625 -0.0891 0.8821
vn -0.4955 0.2655 0.8270
vn -0.4672 -0.3878 0.7945
vn 0.0980 -0.7408 0.6646
vn -0.3119 -0.6553 0.6880
vn 0.4972 -0.6553 0.5686
vn 0.6894 -0.3990 0.6046
vn 0.8508 -0.1208 0.5114
vn 0.7715 0.2943 0.5641
vn 0.5243 0.6445 0.5565
vn 0.0968 0.7481 0.6565
vn -0.1556 -0.9226 -0.3530
vn -0.3938 -0.7484 0.5337
vn 0.5194 0.1101 0.8474
vn 0.6725 -0.1850 0.7166
vn 0.5194 -0.5065 0.6882
vn 0.4001 -0.7376 0.5440
vn 0.1028 -0.7685 0.6315
vn 0.2998 0.4934 0.8165
vn 0.6513 0.2693 0.7094
vn 0.7557 -0.1637 0.6341
vn 0.6513 -0.5790 0.4904
vn 0.2998 -0.8270 0.4756
vn -0.3413 0.6445 0.6842
vn -0.6670 -0.1208 0.7352
vn -0.5758 0.2943 0.7628
vn -0.4854 -0.3990 0.7779
vn 0.1024 0.6971 0.7096
vn 0.4463 0.5329 0.7189
vn -0.2181 0.5252 0.8226
vn -0.4721 0.3952 0.7880
vn -0.4641 0.1005 0.8801
vn -0.5101 -0.2539 0.8218
vn -0.2410 -0.5039 0.8295
vn 0.1085 -0.6902 0.7154
vn -0.1147 -0.9003 0.4198
vn 0.4001 0.3821 0.8330
vn 0.6661 0.2400 0.7062
vn 0.7521 -0.1647 0.6381
vn 0.6661 -0.5519 0.5018
vn 0.4109 -0.7478 0.5215
vn 0.1316 -0.8997 0.4162
vn -0.2527 -0.7791 0.5738
vn -0.4780 -0.5244 0.7046
vn -0.6461 -0.1908 0.7390
vn -0.4780 0.1179 0.8704
vn -0.2527 0.4040 0.8792
vn 0.4690 -0.4965 0.7304
vn 0.6999 0.0957 0.7078
vn 0.7200 -0.2544 0.6457
vn 0.6854 0.3966 0.6107
vn -0.0907 0.8470 -0.5238
vn -0.6935 0.6779 -0.2439
vn -0.8985 0.4356 0.0540
vn -0.9791 0.1543 0.1328
vn -0.9589 -0.2819 0.0333
vn -0.6800 -0.6481 -0.3429
vn -0.0645 -0.8325 -0.5502
vn 0.1028 0.3668 0.9246
vn 0.4109 0.4020 0.8183
vn -0.5195 -0.5222 0.6763
vn -0.6847 -0.1800 0.7062
vn -0.5117 0.1275 0.8496
vn -0.3830 0.3842 0.8400
vn -0.0867 0.3678 0.9259
vn -0.2827 -0.8282 0.4839
vn -0.6337 -0.5831 0.5084
vn -0.7366 -0.1690 0.6548
vn -0.6337 0.2642 0.7271
vn -0.2827 0.4905 0.8243
vn 0.6225 -0.6476 -0.4395
vn 0.9779 0.1018 -0.1828
vn 0.5185 0.6800 -0.5184
vn 0.1316 0.5858 0.7997
vn -0.3845 -0.7479 0.5410
vn -0.8560 0.1421 -0.4972
vn -0.6837 0.7125 -0.1578
vn -0.4368 0.8859 0.1561
vn -0.1545 0.9588 0.2384
vn 0.2665 0.4212 0.8669
vn 0.5172 0.1539 0.8419
vn 0.7025 -0.1807 0.6884
vn 0.5100 -0.5416 0.6683
vn 0.2671 -0.7832 0.5614
vn 0.9333 -0.2898 -0.2119
vn 0.8507 0.4439 -0.2814
vn -0.0030 0.8853 -0.4650
vn -0.6223 0.5073 -0.5962
vn -0.9842 0.1597 -0.0769
vn -0.9903 0.0579 0.1264
vn -0.9801 -0.1785 0.0866
vn -0.7533 -0.6104 -0.2448
vn -0.0562 -0.9043 -0.4233
vn 0.6401 -0.6012 -0.4783
vn -0.0819 -0.7714 0.6311
vn -0.6874 -0.4636 -0.5591
vn 0.2800 0.9511 0.1301
vn 0.6405 0.7153 -0.2795
vn 0.8229 0.1260 -0.5540
vn 0.6416 -0.5696 -0.5137
vn 0.2885 -0.9044 -0.3144
vn 0.9466 -0.1959 -0.2561
vn 0.9874 0.0322 -0.1550
vn 0.9503 0.2381 -0.2008
vn 0.6314 0.6373 -0.4418
vn -0.1024 -0.9534 -0.2837
vn -0.4465 -0.8180 -0.3627
vn -0.8881 0.0535 -0.4565
vn -0.5527 0.7462 -0.3711
vn -0.2153 0.9730 0.0836
vn -0.0583 0.9711 0.2316
vn 0.1775 0.9662 0.1870
vn 0.1606 0.9646 0.2091
vn 0.7919 0.5938 0.1424
vn -0.4525 0.6206 -0.6404
vn -0.7812 -0.4028 -0.4770
vn -0.3474 0.0211 0.9375
vn -0.1974 -0.0639 0.9782
vn -0.2906 -0.0818 0.9533
vn -0.1865 -0.4319 0.8824
vn 0.1255 -0.9903 0.0589
vn 0.8209 -0.5480 0.1608
vn 0.9679 -0.1451 0.2051
vn -0.6431 -0.5837 -0.4957
vn 0.6043 0.7776 -0.1737
vn 0.8968 0.1046 -0.4299
vn 0.5947 -0.5832 -0.5534
vn 0.1939 -0.9133 -0.3582
vn -0.0323 -0.9655 -0.2583
vn 0.9790 0.0328 0.2010
vn 0.9624 0.2029 0.1807
vn 0.0011 0.9960 -0.0893
vn -0.4183 0.8988 -0.1314
vn -0.6687 -0.6353 0.3863
vn -0.3282 -0.0393 0.9438
vn -0.3263 0.1538 0.9327
vn -0.2979 0.4868 0.8211
vn -0.5237 -0.8489 -0.0714
vn 0.3502 -0.6228 0.6997
vn 0.2700 -0.1700 0.9477
vn -0.2391 -0.9246 -0.2964
vn -0.6263 -0.7605 -0.1714
vn -0.9965 -0.0544 0.0639
vn -0.5344 0.6669 -0.5193
vn 0.2406 0.9698 -0.0412
vn -0.1587 0.9297 0.3323
vn -0.0444 0.9466 0.3192
vn 0.1578 0.9428 0.2937
vn 0.5933 0.7756 0.2153
vn 0.2855 0.0037 0.9584
vn 0.3433 0.2186 0.9134
vn 0.4130 0.6680 0.6190
vn 0.0468 0.9877 0.1489
vn -0.8043 0.2382 0.5444
vn -0.3679 0.2883 -0.8840
vn -0.4992 -0.6818 -0.5347
vn -0.1728 -0.9006 0.3987
vn -0.2474 0.6000 0.7608
vn -0.3175 -0.2739 0.9079
vn -0.2216 -0.9493 -0.2229
vn -0.8656 0.1274 0.4842
vn -0.9283 -0.3552 0.1101
vn -0.9604 -0.1670 -0.2230
vn 0.3526 0.8247 0.4421
vn -0.0197 0.6733 0.7391
vn 0.1002 0.6742 0.7317
vn 0.4305 0.6278 0.6485
vn 0.9999 -0.0014 -0.0120
vn 0.5997 -0.7776 -0.1887
vn 0.1582 -0.9631 -0.2177
vn -0.0360 -0.9756 -0.2165
vn -0.4732 0.3802 0.7946
vn 0.0366 0.9803 -0.1943
vn -0.6128 0.7059 -0.3551
vn -0.9797 -0.0233 -0.1989
vn -0.8266 0.1238 0.5490
vn 0.2327 0.1882 0.9542
vn -0.9782 -0.0060 -0.2075
vn -0.9836 0.0019 -0.1802
vn 0.1916 -0.6317 0.7512
vn 0.0455 0.5302 0.8466
vn 0.0255 0.6240 0.7810
vn 0.0304 -0.6897 0.7235
vn -0.6694 -0.7397 0.0692
vn -0.4631 0.6017 0.6507
vn -0.6351 0.6534 0.4120
vn -0.9618 -0.0693 -0.2648
vn -0.3496 0.5928 -0.7255
vn 0.5769 0.7561 -0.3089
vn 0.8500 0.1014 0.5170
vn -0.4295 -0.0725 0.9001
vn -0.1219 0.6874 0.7160
vn 0.8748 0.0935 0.4753
vn 0.6437 -0.7503 0.1506
vn 0.2104 -0.8976 0.3874
vn 0.0030 -0.9311 0.3648
vn -0.2617 -0.9153 0.3061
vn 0.0822 0.7229 0.6861
vn 0.0922 -0.6430 0.7603
vn 0.2513 0.6983 0.6703
vn 0.1812 -0.5704 0.8011
vn 0.2226 0.8298 0.5117
vn -0.6485 -0.5995 -0.4691
vn -0.6509 -0.6003 -0.4647
vn -0.6525 0.5997 -0.4633
vn -0.6788 -0.5821 -0.4477
vn -0.6881 0.5685 -0.4510
vn -0.6834 -0.6577 -0.3168
vn -0.6972 0.5559 -0.4526
vn 0.2415 0.5767 0.7804
vn 0.2364 0.6198 0.7483
vn -0.6268 -0.7792 0.0026
vn -0.7252 0.4293 0.5382
vn 0.0128 0.4851 0.8744
vn -0.6825 -0.5896 0.4319
vn -0.0197 0.6539 0.7563
vn -0.2460 -0.4547 0.8560
vn 0.0188 0.4726 0.8811
vn 0.0109 0.4577 0.8890
vn 0.2499 0.6643 0.7044
vn 0.3085 0.6197 0.7217
vn -0.1576 0.8821 -0.4440
vn -0.1952 -0.7939 -0.5759
vn -0.1945 -0.7940 -0.5760
vn -0.1940 0.7957 -0.5737
vn -0.1936 -0.7932 -0.5773
vn -0.1930 0.7954 -0.5745
vn -0.1950 -0.9048 -0.3784
vn -0.1934 0.7957 -0.5740
vn 0.1597 -0.5804 0.7985
vn 0.2500 -0.6529 0.7150
vn 0.5371 -0.8294 0.1537
vn -0.6198 -0.7624 -0.1859
vn -0.8686 0.4758 0.1382
vn 0.5487 0.6686 0.5019
vn -0.5493 0.6523 0.5222
vn 0.5584 0.6590 0.5040
vn -0.5125 0.6515 0.5594
vn 0.5221 0.6581 0.5424
vn -0.4917 0.6615 0.5662
vn 0.6566 0.4349 0.6163
vn 0.5832 -0.8092 0.0703
vn -0.5285 -0.7968 0.2929
vn 0.7074 -0.6645 0.2409
vn -0.6283 -0.7236 0.2857
vn 0.6395 -0.7405 0.2068
vn -0.7296 -0.6550 0.1967
vn 0.2251 -0.6107 0.7592
vn 0.2227 -0.5616 0.7969
vn 0.0221 -0.7059 -0.7079
vn 0.0187 0.8007 -0.5988
vn 0.0222 -0.7063 -0.7076
vn 0.0221 0.7078 -0.7060
vn 0.0222 -0.7062 -0.7077
vn 0.0221 0.7080 -0.7059
vn 0.0164 -0.8515 -0.5240
vn 0.0221 0.7081 -0.7057
vn -0.0984 0.5788 0.8095
vn 0.2103 0.7835 0.5847
vn 0.0294 -0.7616 0.6473
vn 0.5947 -0.7758 -0.2108
vn -0.8687 0.4757 0.1381
vn 0.7054 0.6892 0.1654
vn -0.7081 0.6806 0.1882
vn 0.7059 0.6887 0.1653
vn -0.7082 0.6805 0.1881
vn 0.7057 0.6890 0.1654
vn -0.7084 0.6803 0.1882
vn 0.8785 0.4662 0.1048
vn 0.5734 -0.7908 -0.2143
vn -0.6213 -0.7613 -0.1855
vn 0.7323 -0.6561 -0.1823
vn -0.6809 -0.7119 -0.1718
vn 0.6638 -0.7212 -0.1979
vn -0.7477 -0.6460 -0.1535
vn -0.0209 0.7432 0.6688
vn 0.2082 -0.7613 0.6140
vn -0.0224 0.6999 0.7139
vn -0.0248 -0.6085 0.7932
vn -0.0147 -0.6945 -0.7194
vn -0.0093 0.7852 -0.6191
vn -0.0138 -0.6952 -0.7187
vn -0.0138 0.6967 -0.7172
vn -0.0127 -0.6953 -0.7186
vn -0.0127 0.6971 -0.7169
vn -0.1802 -0.7149 0.6756
vn -0.0107 -0.8394 -0.5433
vn -0.0130 0.6972 -0.7168
vn -0.0288 0.5212 0.8529
vn 0.0887 0.5193 0.8500
vn -0.8687 0.4757 0.1382
vn 0.7059 0.6887 0.1654
vn 0.7057 0.6890 0.1653
vn -0.7085 0.6802 0.1881
vn 0.8785 0.4661 0.1048
vn 0.5734 -0.7908 -0.2142
vn -0.6809 -0.7120 -0.1718
vn 0.0310 0.7800 0.6250
vn -0.0095 0.7016 0.7125
vn -0.0142 -0.6139 0.7892
vn 0.0748 -0.7494 -0.6578
vn 0.0292 0.8630 -0.5043
vn 0.1549 -0.5260 0.8363
vn 0.0754 -0.7496 -0.6576
vn 0.0749 0.7515 -0.6554
vn -0.0570 -0.7936 0.6058
vn 0.0765 -0.7490 -0.6581
vn 0.0759 0.7514 -0.6555
vn -0.0044 -0.7055 0.7087
vn 0.0702 -0.8880 -0.4545
vn 0.0755 0.7516 -0.6553
vn -0.0974 0.5386 0.8369
vn -0.1712 0.6618 0.7298
vn -0.8687 0.4758 0.1382
vn 0.7054 0.6892 0.1655
vn 0.7056 0.6890 0.1654
vn -0.7084 0.6803 0.1881
vn -0.6809 -0.7119 -0.1717
vn -0.7477 -0.6460 -0.1536
vn -0.1567 0.7398 0.6543
vn -0.0960 0.6561 0.7486
vn -0.1490 -0.5857 0.7967
vn 0.2077 -0.7058 -0.6773
vn 0.1649 0.8268 -0.5378
vn -0.2181 -0.6684 0.7111
vn 0.2076 -0.7062 -0.6769
vn 0.2071 0.7080 -0.6752
vn -0.1182 -0.7007 0.7036
vn 0.2076 -0.7060 -0.6771
vn 0.2071 0.7081 -0.6751
vn 0.9797 0.1718 0.1031
vn 0.1589 -0.8404 -0.5181
vn 0.2070 0.7083 -0.6749
vn -0.2112 0.6146 0.7600
vn -0.2139 0.6838 0.6976
vn 0.5948 -0.7758 -0.2108
vn 0.7055 0.6892 0.1654
vn -0.7082 0.6805 0.1882
vn 0.8785 0.4662 0.1047
vn -0.6213 -0.7613 -0.1856
vn 0.6638 -0.7213 -0.1979
vn -0.1959 0.7439 0.6390
vn -0.2332 -0.6062 0.7603
vn -0.2178 0.6694 0.7103
vn -0.0017 -0.7238 -0.6900
vn -0.0893 0.8362 -0.5411
vn -0.0135 -0.7108 -0.7033
vn -0.0256 0.7201 -0.6934
vn -0.2005 -0.7298 0.6536
vn -0.0345 -0.7181 -0.6951
vn -0.0272 0.7153 -0.6983
vn 0.8598 -0.3635 0.3585
vn -0.0639 -0.8530 -0.5180
vn 0.0344 0.7334 -0.6789
vn -0.3652 0.6081 0.7049
vn -0.3829 0.6629 0.6434
vn -0.6553 -0.7539 -0.0472
vn -0.8530 0.4418 0.2778
vn -0.7084 0.6802 0.1881
vn -0.3332 0.7279 0.5993
vn -0.3796 -0.5818 0.7193
vn -0.2920 0.6582 0.6939
vn -0.9623 0.0155 -0.2714
vn -0.3897 -0.6453 0.6571
vn -0.9586 0.0115 -0.2847
vn -0.3495 -0.7125 0.6084
vn -0.9586 -0.0074 -0.2847
vn -0.3099 -0.6117 0.7279
vn -0.9484 -0.0096 -0.3169
vn 0.6217 -0.7822 0.0405
vn -0.0213 -0.2316 0.9726
vn 0.6968 0.6610 0.2784
vn -0.6892 0.6477 0.3247
vn 0.6918 0.6557 0.3023
vn -0.6895 0.6451 0.3293
vn 0.6918 0.6535 0.3072
vn -0.6951 0.6485 0.3101
vn 0.8660 0.4263 0.2614
vn 0.6185 -0.7837 -0.0574
vn -0.6423 -0.7620 0.0823
vn 0.7588 -0.6455 0.0869
vn -0.6952 -0.7091 0.1179
vn 0.6841 -0.7244 0.0853
vn -0.7657 -0.6362 0.0948
vn 0.0012 -0.2062 0.9785
vn 0.0270 -0.2067 0.9780
vn 0.0520 -0.2312 0.9715
vn 0.0000 -1.0000 -0.0000
vn 0.7687 -0.6303 -0.1092
vn 0.6207 -0.6303 0.4663
vn 0.1092 -0.6303 0.7686
vn 0.4663 -0.6303 -0.6207
vn 0.9644 -0.2262 -0.1370
vn 0.7788 -0.2262 0.5851
vn -0.4663 -0.6303 0.6207
vn 0.1370 -0.2262 0.9644
vn -0.1092 -0.6303 -0.7686
vn 0.5851 -0.2262 -0.7788
vn 0.9900 0.0068 -0.1406
vn 0.7995 0.0068 0.6006
vn -0.7687 -0.6303 0.1092
vn -0.5851 -0.2262 0.7788
vn 0.1406 0.0068 0.9900
vn -0.6207 -0.6303 -0.4663
vn -0.1370 -0.2262 -0.9644
vn 0.6006 0.0068 -0.7995
vn 0.9522 -0.2741 -0.1353
vn 0.7689 -0.2741 0.5776
vn -0.9644 -0.2262 0.1370
vn -0.6006 0.0068 0.7995
vn 0.1353 -0.2741 0.9522
vn -0.7788 -0.2262 -0.5851
vn -0.1406 0.0068 -0.9900
vn 0.5776 -0.2741 -0.7689
vn 0.8461 -0.5193 -0.1202
vn 0.6833 -0.5193 0.5133
vn -0.9900 0.0068 0.1406
vn -0.5776 -0.2741 0.7689
vn 0.1202 -0.5193 0.8461
vn -0.7995 0.0068 -0.6006
vn -0.1353 -0.2741 -0.9522
vn 0.5133 -0.5193 -0.6833
vn 0.9822 -0.1255 -0.1395
vn 0.7932 -0.1255 0.5959
vn -0.9522 -0.2741 0.1353
vn -0.5133 -0.5193 0.6833
vn 0.1395 -0.1255 0.9822
vn -0.7689 -0.2741 -0.5776
vn -0.1202 -0.5193 -0.8461
vn 0.5959 -0.1255 -0.7932
vn 0.9832 0.1177 -0.1397
vn 0.7940 0.1177 0.5965
vn -0.8461 -0.5193 0.1202
vn -0.5959 -0.1255 0.7932
vn 0.1397 0.1177 0.9832
vn -0.6833 -0.5193 -0.5133
vn -0.1395 -0.1255 -0.9822
vn 0.5965 0.1177 -0.7940
vn 0.9547 0.2648 -0.1356
vn 0.7710 0.2648 0.5792
vn -0.9822 -0.1255 0.1395
vn -0.5965 0.1177 0.7940
vn 0.1356 0.2648 0.9547
vn -0.7932 -0.1255 -0.5959
vn -0.1397 0.1177 -0.9832
vn 0.5792 0.2648 -0.7710
vn 0.6674 0.7386 -0.0948
vn 0.5390 0.7386 0.4049
vn -0.9832 0.1177 0.1397
vn -0.5792 0.2648 0.7710
vn 0.0948 0.7386 0.6674
vn -0.7940 0.1177 -0.5965
vn -0.1356 0.2648 -0.9547
vn 0.4049 0.7386 -0.5390
vn -0.0000 1.0000 0.0000
vn -0.9547 0.2648 0.1356
vn -0.4049 0.7386 0.5390
vn -0.7710 0.2648 -0.5792
vn -0.0948 0.7386 -0.6674
vn -0.6674 0.7386 0.0948
vn -0.5390 0.7386 -0.4049
# 1050 vertex normals

vt 0.9914 0.6755 0.0000
vt 0.9898 0.6817 0.0000
vt 0.9865 0.6799 0.0000
vt 0.9845 0.6769 0.0000
vt 0.9936 0.6817 0.0000
vt 0.3509 0.4294 0.0000
vt 0.3630 0.4307 0.0000
vt 0.3546 0.4765 0.0000
vt 0.3509 0.4761 0.0000
vt 0.9844 0.6734 0.0000
vt 0.3573 0.4776 0.0000
vt 0.9968 0.6800 0.0000
vt 0.3473 0.4765 0.0000
vt 0.3389 0.4307 0.0000
vt 0.3530 0.5609 0.0000
vt 0.4071 0.5489 0.0000
vt 0.4101 0.5609 0.0000
vt 0.9861 0.6704 0.0000
vt 0.8057 0.5850 0.0000
vt 0.7967 0.5938 0.0000
vt 0.7616 0.5762 0.0000
vt 0.7642 0.5737 0.0000
vt 0.8168 0.5687 0.0000
vt 0.9985 0.6770 0.0000
vt 0.3446 0.4776 0.0000
vt 0.4071 0.5730 0.0000
vt 0.3515 0.5437 0.0000
vt 0.9893 0.6687 0.0000
vt 0.7877 0.6026 0.0000
vt 0.7590 0.5788 0.0000
vt 0.8232 0.6356 0.0000
vt 0.8358 0.6364 0.0000
vt 0.9984 0.6735 0.0000
vt 0.4828 0.3826 0.0000
vt 0.4401 0.3776 0.0000
vt 0.4387 0.3742 0.0000
vt 0.4778 0.3710 0.0000
vt 0.4870 0.4018 0.0000
vt 0.3515 0.5782 0.0000
vt 0.2741 0.5609 0.0000
vt 0.9931 0.6687 0.0000
vt 0.2524 0.2846 0.0000
vt 0.2539 0.2976 0.0000
vt 0.2167 0.3063 0.0000
vt 0.2162 0.3026 0.0000
vt 0.8061 0.6346 0.0000
vt 0.6962 0.3938 0.0000
vt 0.7140 0.3926 0.0000
vt 0.7264 0.4453 0.0000
vt 0.9964 0.6705 0.0000
vt 0.4372 0.3709 0.0000
vt 0.4727 0.3595 0.0000
vt 0.5180 0.3422 0.0000
vt 0.5300 0.3462 0.0000
vt 0.2741 0.5319 0.0000
vt 0.8202 0.9703 0.0000
vt 0.8076 0.9690 0.0000
vt 0.8076 0.9370 0.0000
vt 0.8112 0.9374 0.0000
vt 0.3121 0.6575 0.0000
vt 0.3293 0.6773 0.0000
vt 0.3200 0.6857 0.0000
vt 0.7889 0.6336 0.0000
vt 0.6792 0.3004 0.0000
vt 0.8307 0.7178 0.0000
vt 0.0373 0.6582 0.0000
vt 0.0777 0.6584 0.0000
vt 0.0790 0.6620 0.0000
vt 0.0417 0.6705 0.0000
vt 0.5017 0.3367 0.0000
vt 0.3943 0.4287 0.0000
vt 0.4345 0.3846 0.0000
vt 0.4114 0.4335 0.0000
vt 0.2741 0.5900 0.0000
vt 0.8703 0.1089 0.0000
vt 0.8452 0.0908 0.0000
vt 0.8692 0.0073 0.0000
vt 0.9425 0.0513 0.0000
vt 0.7950 0.9703 0.0000
vt 0.8039 0.9374 0.0000
vt 0.3246 0.6535 0.0000
vt 0.3418 0.6742 0.0000
vt 0.7944 0.7031 0.0000
vt 0.7260 0.3026 0.0000
vt 0.3716 0.6575 0.0000
vt 0.3637 0.6857 0.0000
vt 0.3544 0.6773 0.0000
vt 0.4854 0.3313 0.0000
vt 0.5557 0.2688 0.0000
vt 0.3583 0.5165 0.0000
vt 0.8144 0.0929 0.0000
vt 0.7837 0.0058 0.0000
vt 0.8996 0.1471 0.0000
vt 0.9839 0.1260 0.0000
vt 0.3683 0.3320 0.0000
vt 0.3683 0.3546 0.0000
vt 0.2794 0.3546 0.0000
vt 0.2857 0.3320 0.0000
vt 0.3591 0.6535 0.0000
vt 0.3418 0.6520 0.0000
vt 0.2741 0.5950 0.0000
vt 0.7581 0.6885 0.0000
vt 0.8989 0.1876 0.0000
vt 0.9824 0.2115 0.0000
vt 0.5166 0.2688 0.0000
vt 0.4045 0.5241 0.0000
vt 0.7693 0.1097 0.0000
vt 0.7090 0.0472 0.0000
vt 0.4509 0.3320 0.0000
vt 0.4573 0.3546 0.0000
vt 0.5194 0.5576 0.0000
vt 0.5161 0.5319 0.0000
vt 0.6082 0.5319 0.0000
vt 0.6049 0.5576 0.0000
vt 0.2594 0.8330 0.0000
vt 0.2538 0.8116 0.0000
vt 0.3510 0.7667 0.0000
vt 0.3494 0.8588 0.0000
vt 0.3128 0.5950 0.0000
vt 0.8780 0.2223 0.0000
vt 0.9384 0.2848 0.0000
vt 0.2910 0.3019 0.0000
vt 0.2846 0.2794 0.0000
vt 0.3736 0.2794 0.0000
vt 0.3736 0.3019 0.0000
vt 0.4096 0.5950 0.0000
vt 0.4775 0.2688 0.0000
vt 0.7485 0.1444 0.0000
vt 0.6649 0.1205 0.0000
vt 0.6154 0.5261 0.0000
vt 0.5299 0.5261 0.0000
vt 0.5266 0.5003 0.0000
vt 0.6187 0.5003 0.0000
vt 0.3020 0.9377 0.0000
vt 0.2433 0.8482 0.0000
vt 0.3064 0.6862 0.0000
vt 0.2589 0.7486 0.0000
vt 0.2561 0.7346 0.0000
vt 0.1953 0.4321 0.0000
vt 0.2158 0.4404 0.0000
vt 0.2159 0.4613 0.0000
vt 0.2518 0.7563 0.0000
vt 0.3709 0.5950 0.0000
vt 0.3418 0.5950 0.0000
vt 0.8329 0.2391 0.0000
vt 0.8636 0.3262 0.0000
vt 0.4625 0.2794 0.0000
vt 0.4561 0.3019 0.0000
vt 0.2274 0.6387 0.0000
vt 0.2430 0.7306 0.0000
vt 0.7478 0.1849 0.0000
vt 0.6634 0.2059 0.0000
vt 0.4561 0.3282 0.0000
vt 0.3736 0.3282 0.0000
vt 0.3736 0.3057 0.0000
vt 0.4625 0.3057 0.0000
vt 0.2214 0.9824 0.0000
vt 0.2044 0.9147 0.0000
vt 0.2142 0.9043 0.0000
vt 0.2307 0.4319 0.0000
vt 0.2124 0.8940 0.0000
vt 0.2909 0.5195 0.0000
vt 0.2783 0.5195 0.0000
vt 0.2855 0.4477 0.0000
vt 0.2982 0.4477 0.0000
vt 0.6875 0.6575 0.0000
vt 0.6685 0.6307 0.0000
vt 0.6893 0.6363 0.0000
vt 0.2390 0.7512 0.0000
vt 0.2389 0.7511 0.0000
vt 0.2688 0.5195 0.0000
vt 0.2761 0.4477 0.0000
vt 0.8021 0.2412 0.0000
vt 0.7782 0.3247 0.0000
vt 0.2530 0.0196 0.0000
vt 0.2788 0.0163 0.0000
vt 0.2788 0.1084 0.0000
vt 0.2530 0.1051 0.0000
vt 0.1354 0.6371 0.0000
vt 0.1633 0.7136 0.0000
vt 0.1533 0.7078 0.0000
vt 0.2137 0.7144 0.0000
vt 0.2066 0.7068 0.0000
vt 0.1864 0.8441 0.0000
vt 0.1727 0.8441 0.0000
vt 0.1813 0.7723 0.0000
vt 0.1949 0.7723 0.0000
vt 0.7771 0.2231 0.0000
vt 0.7049 0.2807 0.0000
vt 0.2910 0.3282 0.0000
vt 0.2846 0.3057 0.0000
vt 0.1294 0.9808 0.0000
vt 0.1912 0.9112 0.0000
vt 0.5282 0.6604 0.0000
vt 0.6003 0.6582 0.0000
vt 0.5994 0.6708 0.0000
vt 0.5273 0.6730 0.0000
vt 0.6494 0.6575 0.0000
vt 0.6477 0.6363 0.0000
vt 0.5987 0.6802 0.0000
vt 0.5266 0.6824 0.0000
vt 0.1987 0.8916 0.0000
vt 0.1988 0.8915 0.0000
vt 0.0439 0.5787 0.0000
vt 0.0424 0.5925 0.0000
vt 0.0218 0.5806 0.0000
vt 0.0344 0.5740 0.0000
vt 0.0520 0.0914 0.0000
vt 0.0479 0.0818 0.0000
vt 0.0726 0.0761 0.0000
vt 0.6685 0.5950 0.0000
vt 0.5679 0.0871 0.0000
vt 0.5582 0.1416 0.0000
vt 0.5582 0.0876 0.0000
vt 0.2016 0.7287 0.0000
vt 0.2351 0.7390 0.0000
vt 0.0058 0.9991 0.0000
vt 0.0072 0.9854 0.0000
vt 0.0795 0.9844 0.0000
vt 0.0780 0.9981 0.0000
vt 0.0704 0.4351 0.0000
vt 0.0479 0.4415 0.0000
vt 0.0479 0.3525 0.0000
vt 0.0704 0.3525 0.0000
vt 0.0548 0.6818 0.0000
vt 0.1450 0.7146 0.0000
vt 0.1959 0.7077 0.0000
vt 0.9956 0.1653 0.0000
vt 0.9844 0.1653 0.0000
vt 0.9855 0.0952 0.0000
vt 0.9967 0.0952 0.0000
vt 0.2096 0.7263 0.0000
vt 0.9310 0.9367 0.0000
vt 0.9310 0.9457 0.0000
vt 0.8585 0.9408 0.0000
vt 0.8585 0.9318 0.0000
vt 0.5889 0.7161 0.0000
vt 0.5882 0.7264 0.0000
vt 0.5161 0.7286 0.0000
vt 0.5168 0.7184 0.0000
vt 0.0318 0.5995 0.0000
vt 0.0215 0.5942 0.0000
vt 0.5102 0.5524 0.0000
vt 0.4247 0.5524 0.0000
vt 0.4214 0.5266 0.0000
vt 0.5135 0.5266 0.0000
vt 0.0504 0.9334 0.0000
vt 0.1031 0.8829 0.0000
vt 0.1146 0.8833 0.0000
vt 0.1477 0.9120 0.0000
vt 0.1578 0.9093 0.0000
vt 0.0966 0.9854 0.0000
vt 0.1689 0.9844 0.0000
vt 0.1675 0.9980 0.0000
vt 0.0952 0.9989 0.0000
vt 0.2958 0.3803 0.0000
vt 0.2860 0.3839 0.0000
vt 0.2741 0.3761 0.0000
vt 0.2959 0.3664 0.0000
vt 0.6739 0.0071 0.0000
vt 0.6648 0.0311 0.0000
vt 0.6634 0.0058 0.0000
vt 0.2057 0.6056 0.0000
vt 0.2774 0.6141 0.0000
vt 0.2774 0.6279 0.0000
vt 0.2057 0.6194 0.0000
vt 0.3305 0.9393 0.0000
vt 0.3214 0.9357 0.0000
vt 0.3381 0.8844 0.0000
vt 0.1890 0.8999 0.0000
vt 0.1552 0.8908 0.0000
vt 0.0784 0.0851 0.0000
vt 0.1952 0.4572 0.0000
vt 0.2181 0.5043 0.0000
vt 0.2089 0.4932 0.0000
vt 0.5679 0.1383 0.0000
vt 0.4793 0.5582 0.0000
vt 0.4890 0.5609 0.0000
vt 0.4890 0.6012 0.0000
vt 0.4793 0.6004 0.0000
vt 0.2006 0.7277 0.0000
vt 0.5897 0.7055 0.0000
vt 0.5176 0.7078 0.0000
vt 0.0704 0.2700 0.0000
vt 0.0479 0.2636 0.0000
vt 0.0074 0.7607 0.0000
vt 0.0936 0.7464 0.0000
vt 0.0918 0.7595 0.0000
vt 0.1053 0.7468 0.0000
vt 0.6574 0.6694 0.0000
vt 0.6662 0.6700 0.0000
vt 0.6687 0.7404 0.0000
vt 0.6598 0.7398 0.0000
vt 0.1656 0.7217 0.0000
vt 0.1938 0.7218 0.0000
vt 0.9310 0.9268 0.0000
vt 0.8585 0.9219 0.0000
vt 0.4254 0.5178 0.0000
vt 0.4183 0.5178 0.0000
vt 0.4257 0.4477 0.0000
vt 0.4328 0.4477 0.0000
vt 0.2124 0.4705 0.0000
vt 0.2215 0.4688 0.0000
vt 0.2173 0.4884 0.0000
vt 0.2110 0.4788 0.0000
vt 0.9310 0.9089 0.0000
vt 0.9310 0.9214 0.0000
vt 0.8585 0.9159 0.0000
vt 0.8585 0.9034 0.0000
vt 0.8377 0.6424 0.0000
vt 0.8347 0.6639 0.0000
vt 0.8265 0.6573 0.0000
vt 0.8289 0.6451 0.0000
vt 0.0058 0.8528 0.0000
vt 0.0996 0.8727 0.0000
vt 0.3635 0.9855 0.0000
vt 0.4336 0.9844 0.0000
vt 0.4336 0.9956 0.0000
vt 0.3635 0.9967 0.0000
vt 0.1392 0.9056 0.0000
vt 0.0745 0.6231 0.0000
vt 0.1471 0.6208 0.0000
vt 0.1468 0.6297 0.0000
vt 0.0742 0.6321 0.0000
vt 0.1606 0.8971 0.0000
vt 0.1547 0.8441 0.0000
vt 0.1620 0.7723 0.0000
vt 0.1722 0.7723 0.0000
vt 0.1650 0.8441 0.0000
vt 0.2753 0.3625 0.0000
vt 0.2860 0.3583 0.0000
vt 0.6751 0.0342 0.0000
vt 0.0636 0.0200 0.0000
vt 0.1020 0.0163 0.0000
vt 0.1160 0.0199 0.0000
vt 0.1441 0.8441 0.0000
vt 0.1513 0.7723 0.0000
vt 0.3463 0.8905 0.0000
vt 0.7822 0.2088 0.0000
vt 0.7822 0.1667 0.0000
vt 0.7919 0.1658 0.0000
vt 0.7919 0.2061 0.0000
vt 0.1537 0.8911 0.0000
vt 0.0674 0.1043 0.0000
vt 0.1083 0.0692 0.0000
vt 0.1105 0.0726 0.0000
vt 0.1211 0.0672 0.0000
vt 0.1190 0.0636 0.0000
vt 0.5880 0.0794 0.0000
vt 0.4999 0.5638 0.0000
vt 0.4890 0.6415 0.0000
vt 0.4793 0.6425 0.0000
vt 0.2688 0.2719 0.0000
vt 0.2691 0.2636 0.0000
vt 0.3418 0.2612 0.0000
vt 0.3415 0.2695 0.0000
vt 0.0783 0.8065 0.0000
vt 0.0729 0.8185 0.0000
vt 0.0974 0.7865 0.0000
vt 0.1001 0.7699 0.0000
vt 0.0215 0.9764 0.0000
vt 0.0215 0.9633 0.0000
vt 0.0984 0.9633 0.0000
vt 0.0984 0.9764 0.0000
vt 0.1503 0.7263 0.0000
vt 0.1148 0.7568 0.0000
vt 0.8669 0.2014 0.0000
vt 0.8555 0.2014 0.0000
vt 0.8555 0.1245 0.0000
vt 0.8669 0.1245 0.0000
vt 0.6477 0.6687 0.0000
vt 0.6501 0.7391 0.0000
vt 0.2282 0.4731 0.0000
vt 0.2278 0.4860 0.0000
vt 0.0321 0.6541 0.0000
vt 0.0326 0.6401 0.0000
vt 0.1052 0.6371 0.0000
vt 0.1047 0.6512 0.0000
vt 0.8452 0.6473 0.0000
vt 0.8450 0.6615 0.0000
vt 0.4109 0.5178 0.0000
vt 0.4182 0.4477 0.0000
vt 0.0831 0.8244 0.0000
vt 0.7967 0.8375 0.0000
vt 0.7266 0.8301 0.0000
vt 0.7266 0.8213 0.0000
vt 0.7967 0.8286 0.0000
vt 0.6824 0.2926 0.0000
vt 0.6792 0.2848 0.0000
vt 0.6835 0.2741 0.0000
vt 0.6917 0.2925 0.0000
vt 0.1979 0.8431 0.0000
vt 0.1954 0.7726 0.0000
vt 0.2025 0.7731 0.0000
vt 0.2050 0.8436 0.0000
vt 0.1209 0.8777 0.0000
vt 0.1448 0.8925 0.0000
vt 0.0748 0.6132 0.0000
vt 0.1475 0.6108 0.0000
vt 0.2094 0.5379 0.0000
vt 0.2010 0.5340 0.0000
vt 0.2004 0.5215 0.0000
vt 0.2094 0.5161 0.0000
vt 0.5401 0.0784 0.0000
vt 0.5372 0.0058 0.0000
vt 0.5496 0.0062 0.0000
vt 0.5526 0.0788 0.0000
vt 0.6905 0.0184 0.0000
vt 0.6719 0.0685 0.0000
vt 0.6680 0.0673 0.0000
vt 0.6696 0.0802 0.0000
vt 0.6656 0.0792 0.0000
vt 0.3472 0.9527 0.0000
vt 0.7822 0.1245 0.0000
vt 0.7919 0.1255 0.0000
vt 0.8028 0.2032 0.0000
vt 0.1215 0.4109 0.0000
vt 0.1940 0.4158 0.0000
vt 0.1940 0.4241 0.0000
vt 0.1215 0.4192 0.0000
vt 0.0842 0.0941 0.0000
vt 0.1127 0.0760 0.0000
vt 0.3817 0.7300 0.0000
vt 0.4324 0.6927 0.0000
vt 0.4439 0.6990 0.0000
vt 0.5106 0.6012 0.0000
vt 0.1580 0.7280 0.0000
vt 0.1582 0.7273 0.0000
vt 0.5106 0.6386 0.0000
vt 0.1854 0.0313 0.0000
vt 0.1346 0.0215 0.0000
vt 0.1886 0.0215 0.0000
vt 0.2694 0.2554 0.0000
vt 0.3420 0.2530 0.0000
vt 0.0909 0.8021 0.0000
vt 0.0058 0.9560 0.0000
vt 0.0058 0.8792 0.0000
vt 0.0188 0.8792 0.0000
vt 0.0188 0.9560 0.0000
vt 0.1135 0.7714 0.0000
vt 0.1129 0.7701 0.0000
vt 0.6371 0.7638 0.0000
vt 0.6371 0.7529 0.0000
vt 0.7140 0.7529 0.0000
vt 0.7140 0.7638 0.0000
vt 0.4861 0.7596 0.0000
vt 0.4846 0.7469 0.0000
vt 0.4937 0.7371 0.0000
vt 0.5069 0.7371 0.0000
vt 0.8436 0.2014 0.0000
vt 0.8436 0.1245 0.0000
vt 0.5081 0.7488 0.0000
vt 0.4995 0.7596 0.0000
vt 0.9986 0.0758 0.0000
vt 0.9908 0.0758 0.0000
vt 0.9896 0.0058 0.0000
vt 0.9975 0.0058 0.0000
vt 0.9739 0.3089 0.0000
vt 0.9739 0.2320 0.0000
vt 0.9852 0.2320 0.0000
vt 0.9852 0.3089 0.0000
vt 0.0964 0.8210 0.0000
vt 0.1104 0.8656 0.0000
vt 0.7967 0.8472 0.0000
vt 0.7266 0.8399 0.0000
vt 0.6942 0.2743 0.0000
vt 0.6972 0.2868 0.0000
vt 0.2100 0.7737 0.0000
vt 0.2124 0.8441 0.0000
vt 0.8949 0.3109 0.0000
vt 0.9675 0.3164 0.0000
vt 0.9675 0.3305 0.0000
vt 0.8949 0.3250 0.0000
vt 0.2193 0.5200 0.0000
vt 0.2175 0.5340 0.0000
vt 0.6853 0.0373 0.0000
vt 0.6758 0.0696 0.0000
vt 0.4591 0.6371 0.0000
vt 0.5250 0.6592 0.0000
vt 0.5146 0.6671 0.0000
vt 0.1176 0.8690 0.0000
vt 0.1178 0.8683 0.0000
vt 0.0458 0.0313 0.0000
vt 0.0426 0.0215 0.0000
vt 0.0966 0.0215 0.0000
vt 0.8135 0.1284 0.0000
vt 0.8135 0.1658 0.0000
vt 0.1940 0.4323 0.0000
vt 0.1215 0.4274 0.0000
vt 0.7590 0.3282 0.0000
vt 0.7705 0.3282 0.0000
vt 0.7714 0.3485 0.0000
vt 0.7528 0.3475 0.0000
vt 0.7507 0.3762 0.0000
vt 0.1232 0.0707 0.0000
vt 0.0742 0.4058 0.0000
vt 0.0833 0.3534 0.0000
vt 0.0932 0.3667 0.0000
vt 0.5264 0.5717 0.0000
vt 0.7938 0.7055 0.0000
vt 0.8126 0.7176 0.0000
vt 0.8012 0.7459 0.0000
vt 0.7793 0.7414 0.0000
vt 0.1804 0.0528 0.0000
vt 0.1341 0.0313 0.0000
vt 0.1030 0.8079 0.0000
vt 0.1019 0.8087 0.0000
vt 0.0181 0.7140 0.0000
vt 0.0181 0.6371 0.0000
vt 0.0290 0.6371 0.0000
vt 0.0290 0.7140 0.0000
vt 0.3372 0.5048 0.0000
vt 0.3623 0.4874 0.0000
vt 0.3605 0.5005 0.0000
vt 0.3496 0.5082 0.0000
vt 0.1156 0.0215 0.0000
vt 0.6371 0.7761 0.0000
vt 0.7140 0.7761 0.0000
vt 0.8431 0.2014 0.0000
vt 0.8298 0.2014 0.0000
vt 0.8298 0.1245 0.0000
vt 0.8431 0.1245 0.0000
vt 0.3391 0.4916 0.0000
vt 0.3510 0.4846 0.0000
vt 0.9972 0.2320 0.0000
vt 0.9972 0.3089 0.0000
vt 0.1741 0.9896 0.0000
vt 0.2442 0.9908 0.0000
vt 0.2442 0.9986 0.0000
vt 0.1741 0.9975 0.0000
vt 0.7371 0.3374 0.0000
vt 0.7498 0.3214 0.0000
vt 0.7376 0.3719 0.0000
vt 0.6736 0.0813 0.0000
vt 0.0742 0.2794 0.0000
vt 0.0932 0.3185 0.0000
vt 0.0833 0.3317 0.0000
vt 0.0971 0.0313 0.0000
vt 0.0508 0.0528 0.0000
vt 0.4655 0.5582 0.0000
vt 0.4655 0.5969 0.0000
vt 0.4436 0.5928 0.0000
vt 0.4436 0.5623 0.0000
vt 0.8293 0.1953 0.0000
vt 0.0848 0.3426 0.0000
vt 0.0932 0.3426 0.0000
vt 0.7407 0.3847 0.0000
vt 0.0840 0.3923 0.0000
vt 0.4077 0.6754 0.0000
vt 0.4149 0.6972 0.0000
vt 0.4179 0.6515 0.0000
vt 0.4399 0.6554 0.0000
vt 0.8315 0.7296 0.0000
vt 0.8231 0.7503 0.0000
vt 0.8011 0.7744 0.0000
vt 0.7792 0.7775 0.0000
vt 0.0874 0.4004 0.0000
vt 0.0874 0.4391 0.0000
vt 0.0636 0.4560 0.0000
vt 0.0058 0.7140 0.0000
vt 0.0058 0.6371 0.0000
vt 0.1156 0.0313 0.0000
vt 0.0479 0.4793 0.0000
vt 0.1247 0.4793 0.0000
vt 0.1247 0.4926 0.0000
vt 0.0479 0.4926 0.0000
vt 0.0840 0.2928 0.0000
vt 0.0964 0.3503 0.0000
vt 0.0952 0.2899 0.0000
vt 0.1109 0.3144 0.0000
vt 0.4925 0.6876 0.0000
vt 0.5272 0.7029 0.0000
vt 0.5059 0.7098 0.0000
vt 0.4521 0.6304 0.0000
vt 0.4329 0.6193 0.0000
vt 0.4216 0.5887 0.0000
vt 0.4216 0.5664 0.0000
vt 0.4965 0.6650 0.0000
vt 0.5372 0.4139 0.0000
vt 0.5628 0.3963 0.0000
vt 0.5628 0.4276 0.0000
vt 0.5372 0.4452 0.0000
vt 0.5869 0.3898 0.0000
vt 0.5869 0.4211 0.0000
vt 0.3905 0.6879 0.0000
vt 0.3884 0.6652 0.0000
vt 0.3959 0.6477 0.0000
vt 0.5161 0.5953 0.0000
vt 0.5270 0.5758 0.0000
vt 0.5416 0.5899 0.0000
vt 0.5358 0.6002 0.0000
vt 0.8230 0.7712 0.0000
vt 0.8124 0.7954 0.0000
vt 0.7935 0.8042 0.0000
vt 0.1530 0.0528 0.0000
vt 0.6367 0.4139 0.0000
vt 0.6367 0.4452 0.0000
vt 0.6110 0.4276 0.0000
vt 0.6110 0.3963 0.0000
vt 0.0782 0.0528 0.0000
vt 0.4847 0.7167 0.0000
vt 0.4748 0.7004 0.0000
vt 0.4288 0.6498 0.0000
vt 0.4146 0.6345 0.0000
vt 0.4138 0.6081 0.0000
vt 0.5699 0.6472 0.0000
vt 0.5643 0.6277 0.0000
vt 0.5745 0.6216 0.0000
vt 0.5891 0.6357 0.0000
vt 0.4737 0.6776 0.0000
vt 0.6544 0.4107 0.0000
vt 0.6738 0.4056 0.0000
vt 0.6738 0.4369 0.0000
vt 0.6544 0.4420 0.0000
vt 0.7939 0.9148 0.0000
vt 0.7944 0.9522 0.0000
vt 0.7816 0.9223 0.0000
vt 0.7739 0.9011 0.0000
vt 0.7878 0.8980 0.0000
vt 0.5461 0.5642 0.0000
vt 0.5517 0.5838 0.0000
vt 0.5165 0.6176 0.0000
vt 0.5360 0.6120 0.0000
vt 0.1496 0.2085 0.0000
vt 0.1597 0.2146 0.0000
vt 0.1444 0.2679 0.0000
vt 0.1097 0.2470 0.0000
vt 0.8313 0.7866 0.0000
vt 0.1156 0.0528 0.0000
vt 0.4055 0.7281 0.0000
vt 0.4368 0.7281 0.0000
vt 0.4317 0.7475 0.0000
vt 0.4004 0.7475 0.0000
vt 0.7723 0.5515 0.0000
vt 0.7581 0.5486 0.0000
vt 0.7599 0.5161 0.0000
vt 0.7582 0.5712 0.0000
vt 0.7723 0.5693 0.0000
vt 0.5802 0.6113 0.0000
vt 0.5999 0.6162 0.0000
vt 0.4004 0.6193 0.0000
vt 0.5476 0.6476 0.0000
vt 0.5525 0.6279 0.0000
vt 0.1605 0.1704 0.0000
vt 0.1471 0.1165 0.0000
vt 0.1877 0.1172 0.0000
vt 0.1723 0.1706 0.0000
vt 0.6477 0.4158 0.0000
vt 0.6477 0.4471 0.0000
vt 0.8071 0.9293 0.0000
vt 0.8017 0.8949 0.0000
vt 0.8062 0.9072 0.0000
vt 0.2423 0.0326 0.0000
vt 0.2320 0.0164 0.0000
vt 0.2392 0.0163 0.0000
vt 0.5685 0.5638 0.0000
vt 0.5635 0.5836 0.0000
vt 0.1716 0.2148 0.0000
vt 0.1850 0.2686 0.0000
vt 0.5280 0.6368 0.0000
vt 0.5421 0.6222 0.0000
vt 0.1439 0.1981 0.0000
vt 0.0900 0.2115 0.0000
vt 0.1389 0.2872 0.0000
vt 0.4106 0.7213 0.0000
vt 0.4418 0.7213 0.0000
vt 0.7797 0.5333 0.0000
vt 0.7864 0.5544 0.0000
vt 0.7864 0.5674 0.0000
vt 0.6518 0.3892 0.0000
vt 0.6673 0.3832 0.0000
vt 0.6710 0.3894 0.0000
vt 0.2224 0.1381 0.0000
vt 0.1825 0.1767 0.0000
vt 0.5800 0.5994 0.0000
vt 0.5995 0.5938 0.0000
vt 0.1502 0.1761 0.0000
vt 0.1116 0.1362 0.0000
vt 0.1932 0.0980 0.0000
vt 0.7733 0.6316 0.0000
vt 0.7631 0.6455 0.0000
vt 0.7318 0.6455 0.0000
vt 0.7420 0.6316 0.0000
vt 0.8436 0.2079 0.0000
vt 0.8598 0.2019 0.0000
vt 0.8633 0.2082 0.0000
vt 0.7770 0.6176 0.0000
vt 0.7458 0.6176 0.0000
vt 0.3741 0.6821 0.0000
vt 0.3831 0.6820 0.0000
vt 0.5880 0.5747 0.0000
vt 0.5739 0.5893 0.0000
vt 0.1819 0.2090 0.0000
vt 0.2205 0.2490 0.0000
vt 0.1596 0.2957 0.0000
vt 0.1441 0.1863 0.0000
vt 0.0907 0.1710 0.0000
vt 0.0940 0.2621 0.0000
vt 0.0689 0.2168 0.0000
vt 0.1169 0.2834 0.0000
vt 0.7733 0.6037 0.0000
vt 0.7420 0.6037 0.0000
vt 0.7318 0.5898 0.0000
vt 0.7631 0.5898 0.0000
vt 0.1268 0.4947 0.0000
vt 0.1436 0.4846 0.0000
vt 0.1438 0.4917 0.0000
vt 0.4582 0.6857 0.0000
vt 0.4672 0.6845 0.0000
vt 0.2152 0.1017 0.0000
vt 0.2421 0.1736 0.0000
vt 0.1882 0.1870 0.0000
vt 0.0965 0.1206 0.0000
vt 0.1418 0.0954 0.0000
vt 0.1725 0.0895 0.0000
vt 0.0899 0.3803 0.0000
vt 0.0962 0.3741 0.0000
vt 0.0928 0.3880 0.0000
vt 0.5795 0.5635 0.0000
vt 0.5921 0.5705 0.0000
vt 0.1880 0.1989 0.0000
vt 0.2414 0.2142 0.0000
vt 0.2356 0.2646 0.0000
vt 0.1903 0.2897 0.0000
vt 0.4279 0.5135 0.0000
vt 0.4788 0.5011 0.0000
vt 0.4657 0.5221 0.0000
vt 0.0698 0.1650 0.0000
vt 0.0784 0.2772 0.0000
vt 0.0479 0.2220 0.0000
vt 0.1291 0.3215 0.0000
vt 0.1419 0.3252 0.0000
vt 0.1980 0.4157 0.0000
vt 0.2027 0.4089 0.0000
vt 0.2026 0.4233 0.0000
vt 0.5995 0.5828 0.0000
vt 0.2549 0.3109 0.0000
vt 0.2700 0.3466 0.0000
vt 0.2516 0.3632 0.0000
vt 0.2381 0.1230 0.0000
vt 0.2632 0.1684 0.0000
vt 0.0814 0.1049 0.0000
vt 0.1366 0.0744 0.0000
vt 0.2058 0.0539 0.0000
vt 0.2185 0.0582 0.0000
vt 0.2623 0.2202 0.0000
vt 0.1697 0.3093 0.0000
vt 0.2507 0.2802 0.0000
vt 0.1955 0.3108 0.0000
vt 0.5050 0.5103 0.0000
vt 0.0490 0.1590 0.0000
vt 0.6428 0.0629 0.0000
vt 0.6545 0.0931 0.0000
vt 0.6299 0.0899 0.0000
vt 0.1011 0.2896 0.0000
vt 0.6163 0.0044 0.0000
vt 0.6139 0.0674 0.0000
vt 0.5860 0.0686 0.0000
vt 0.5885 0.0024 0.0000
vt 0.1162 0.3179 0.0000
vt 0.4898 0.7873 0.0000
vt 0.5248 0.7658 0.0000
vt 0.5239 0.7767 0.0000
vt 0.2310 0.0956 0.0000
vt 0.2651 0.3939 0.0000
vt 0.2537 0.1080 0.0000
vt 0.2842 0.1631 0.0000
vt 0.1624 0.0759 0.0000
vt 0.5339 0.3194 0.0000
vt 0.5666 0.3178 0.0000
vt 0.5666 0.3841 0.0000
vt 0.5339 0.3825 0.0000
vt 0.5106 0.3768 0.0000
vt 0.5213 0.4043 0.0000
vt 0.5003 0.4066 0.0000
vt 0.1928 0.0509 0.0000
vt 0.0215 0.6223 0.0000
vt 0.0500 0.5866 0.0000
vt 0.0589 0.5929 0.0000
vt 0.2831 0.2261 0.0000
vt 0.4498 0.4940 0.0000
vt 0.4857 0.4890 0.0000
vt 0.4717 0.4745 0.0000
vt 0.4214 0.4364 0.0000
vt 0.4366 0.4131 0.0000
vt 0.4894 0.4531 0.0000
vt 0.1752 0.3156 0.0000
vt 0.5013 0.7700 0.0000
vt 0.5253 0.7591 0.0000
vt 0.9147 0.8140 0.0000
vt 0.8538 0.8140 0.0000
vt 0.8507 0.7818 0.0000
vt 0.9147 0.7818 0.0000
vt 0.6322 0.1219 0.0000
vt 0.7877 0.8556 0.0000
vt 0.7980 0.8808 0.0000
vt 0.7867 0.8738 0.0000
vt 0.7555 0.8525 0.0000
vt 0.5581 0.0699 0.0000
vt 0.5608 0.0005 0.0000
vt 0.1278 0.3260 0.0000
vt 0.1150 0.3223 0.0000
vt 0.1406 0.3297 0.0000
vt 0.5294 0.7661 0.0000
vt 0.5286 0.7770 0.0000
vt 0.2395 0.3359 0.0000
vt 0.2409 0.3721 0.0000
vt 0.0420 0.6181 0.0000
vt 0.0644 0.5968 0.0000
vt 0.2390 0.0931 0.0000
vt 0.2241 0.3608 0.0000
vt 0.2062 0.3819 0.0000
vt 0.1576 0.3369 0.0000
vt 0.1779 0.3179 0.0000
vt 0.9787 0.7818 0.0000
vt 0.9756 0.8140 0.0000
vt 0.4811 0.7369 0.0000
vt 0.4628 0.7378 0.0000
vt 0.4559 0.7266 0.0000
vt 0.5994 0.3162 0.0000
vt 0.5994 0.3857 0.0000
vt 0.4842 0.7690 0.0000
vt 0.5205 0.4430 0.0000
vt 0.1972 0.0357 0.0000
vt 0.2103 0.0381 0.0000
vt 0.2228 0.0430 0.0000
vt 0.0623 0.5740 0.0000
vt 0.0690 0.5826 0.0000
vt 0.7371 0.5092 0.0000
vt 0.7371 0.4482 0.0000
vt 0.7693 0.4482 0.0000
vt 0.7693 0.5123 0.0000
vt 0.5068 0.5029 0.0000
vt 0.7877 0.9774 0.0000
vt 0.7555 0.9805 0.0000
vt 0.7683 0.9548 0.0000
vt 0.4517 0.3898 0.0000
vt 0.5071 0.4318 0.0000
vt 0.7867 0.9592 0.0000
vt 0.5299 0.7594 0.0000
vt 0.8476 0.7496 0.0000
vt 0.9147 0.7496 0.0000
vt 0.6205 0.1160 0.0000
vt 0.6162 0.0877 0.0000
vt 0.7683 0.8783 0.0000
vt 0.7233 0.8494 0.0000
vt 0.7233 0.8002 0.0000
vt 0.5424 0.8494 0.0000
vt 0.5424 0.8002 0.0000
vt 0.9809 0.8448 0.0000
vt 0.9810 0.8557 0.0000
vt 0.9763 0.8557 0.0000
vt 0.9762 0.8448 0.0000
vt 0.1267 0.3297 0.0000
vt 0.1139 0.3261 0.0000
vt 0.1395 0.3334 0.0000
vt 0.5333 0.7664 0.0000
vt 0.5324 0.7773 0.0000
vt 0.2579 0.3951 0.0000
vt 0.0732 0.5879 0.0000
vt 0.7371 0.3873 0.0000
vt 0.7693 0.3842 0.0000
vt 0.3592 0.7369 0.0000
vt 0.3775 0.7378 0.0000
vt 0.3819 0.7562 0.0000
vt 0.3561 0.7690 0.0000
vt 0.1882 0.4031 0.0000
vt 0.1373 0.3558 0.0000
vt 0.9819 0.7496 0.0000
vt 0.5338 0.4026 0.0000
vt 0.5313 0.4351 0.0000
vt 0.4873 0.8012 0.0000
vt 0.4584 0.7562 0.0000
vt 0.5364 0.8012 0.0000
vt 0.5364 0.9821 0.0000
vt 0.4873 0.9821 0.0000
vt 0.3117 0.3972 0.0000
vt 0.2824 0.4055 0.0000
vt 0.2792 0.3951 0.0000
vt 0.2695 0.4119 0.0000
vt 0.2634 0.4029 0.0000
vt 0.2146 0.0234 0.0000
vt 0.2269 0.0289 0.0000
vt 0.0819 0.5739 0.0000
vt 0.8015 0.4482 0.0000
vt 0.8015 0.5154 0.0000
vt 0.5066 0.7590 0.0000
vt 0.5261 0.7481 0.0000
vt 0.7499 0.9430 0.0000
vt 0.8015 0.5645 0.0000
vt 0.9824 0.5154 0.0000
vt 0.9824 0.5645 0.0000
vt 0.7233 0.9837 0.0000
vt 0.7744 0.9395 0.0000
vt 0.5308 0.7484 0.0000
vt 0.5338 0.7597 0.0000
vt 0.8476 0.5687 0.0000
vt 0.9147 0.5687 0.0000
vt 0.6136 0.1129 0.0000
vt 0.3172 0.2215 0.0000
vt 0.3172 0.2413 0.0000
vt 0.3004 0.2331 0.0000
vt 0.7499 0.8901 0.0000
vt 0.7233 0.9165 0.0000
vt 0.5424 0.9165 0.0000
vt 0.4254 0.1466 0.0000
vt 0.5220 0.0533 0.0000
vt 0.5557 0.1141 0.0000
vt 0.9808 0.8381 0.0000
vt 0.9762 0.8381 0.0000
vt 0.9724 0.8557 0.0000
vt 0.9723 0.8448 0.0000
vt 0.1255 0.3338 0.0000
vt 0.1127 0.3302 0.0000
vt 0.1384 0.3375 0.0000
vt 0.5375 0.7667 0.0000
vt 0.5367 0.7776 0.0000
vt 0.0541 0.6173 0.0000
vt 0.0734 0.6031 0.0000
vt 0.0841 0.5803 0.0000
vt 0.0800 0.5966 0.0000
vt 0.8015 0.3811 0.0000
vt 0.3972 0.7518 0.0000
vt 0.3937 0.7746 0.0000
vt 0.3530 0.8012 0.0000
vt 0.8015 0.3320 0.0000
vt 0.9824 0.3320 0.0000
vt 0.9824 0.3811 0.0000
vt 0.9819 0.5687 0.0000
vt 0.3071 0.4085 0.0000
vt 0.2844 0.4120 0.0000
vt 0.4466 0.7746 0.0000
vt 0.3321 0.0500 0.0000
vt 0.3929 0.0163 0.0000
vt 0.4201 0.9821 0.0000
vt 0.4201 0.8012 0.0000
vt 0.2998 0.4269 0.0000
vt 0.2732 0.4176 0.0000
vt 0.2487 0.4148 0.0000
vt 0.2012 0.0215 0.0000
vt 0.0781 0.5637 0.0000
vt 0.9824 0.4482 0.0000
vt 0.7634 0.9324 0.0000
vt 0.5424 0.9837 0.0000
vt 0.5187 0.2431 0.0000
vt 0.4579 0.2768 0.0000
vt 0.7447 0.9165 0.0000
vt 0.5269 0.7371 0.0000
vt 0.5316 0.7374 0.0000
vt 0.5346 0.7487 0.0000
vt 0.5381 0.7600 0.0000
vt 0.4624 0.0175 0.0000
vt 0.7855 0.8909 0.0000
vt 0.7744 0.8936 0.0000
vt 0.5545 0.1836 0.0000
vt 0.9808 0.8270 0.0000
vt 0.9761 0.8270 0.0000
vt 0.9723 0.8381 0.0000
vt 0.9682 0.8557 0.0000
vt 0.9681 0.8448 0.0000
vt 0.1042 0.4084 0.0000
vt 0.0913 0.4048 0.0000
vt 0.1170 0.4121 0.0000
vt 0.6150 0.7721 0.0000
vt 0.6141 0.7830 0.0000
vt 0.0879 0.5907 0.0000
vt 0.0867 0.6052 0.0000
vt 0.4043 0.7624 0.0000
vt 0.4201 0.7799 0.0000
vt 0.3530 0.9821 0.0000
vt 0.3288 0.2398 0.0000
vt 0.2951 0.1790 0.0000
vt 0.4431 0.7518 0.0000
vt 0.2964 0.1096 0.0000
vt 0.4458 0.7413 0.0000
vt 0.2877 0.4225 0.0000
vt 0.2794 0.4267 0.0000
vt 0.2573 0.4215 0.0000
vt 0.9861 0.9805 0.0000
vt 0.9656 0.9671 0.0000
vt 0.9876 0.9671 0.0000
vt 0.9649 0.9538 0.0000
vt 0.9861 0.9538 0.0000
vt 0.1020 0.5691 0.0000
vt 0.1018 0.5758 0.0000
vt 0.3884 0.2756 0.0000
vt 0.7603 0.9165 0.0000
vt 0.3321 0.5311 0.0000
vt 0.3163 0.5311 0.0000
vt 0.3163 0.5265 0.0000
vt 0.3321 0.5265 0.0000
vt 0.5355 0.7377 0.0000
vt 0.5389 0.7490 0.0000
vt 0.6155 0.7654 0.0000
vt 0.7634 0.9007 0.0000
vt 0.9807 0.8160 0.0000
vt 0.9760 0.8160 0.0000
vt 0.9722 0.8270 0.0000
vt 0.9680 0.8381 0.0000
vt 0.8906 0.8557 0.0000
vt 0.8905 0.8448 0.0000
vt 0.1030 0.4252 0.0000
vt 0.1159 0.4221 0.0000
vt 0.6209 0.7725 0.0000
vt 0.1016 0.5869 0.0000
vt 0.0916 0.6010 0.0000
vt 0.0824 0.6095 0.0000
vt 0.4201 0.7654 0.0000
vt 0.4360 0.7624 0.0000
vt 0.2909 0.4330 0.0000
vt 0.2626 0.4256 0.0000
vt 0.2361 0.4360 0.0000
vt 0.9649 0.9805 0.0000
vt 0.1022 0.5582 0.0000
vt 0.3004 0.5311 0.0000
vt 0.3004 0.5265 0.0000
vt 0.3163 0.5226 0.0000
vt 0.3321 0.5226 0.0000
vt 0.5397 0.7380 0.0000
vt 0.6163 0.7544 0.0000
vt 0.6193 0.7657 0.0000
vt 0.9722 0.8160 0.0000
vt 0.9680 0.8270 0.0000
vt 0.8904 0.8381 0.0000
vt 0.8675 0.8557 0.0000
vt 0.0900 0.4283 0.0000
vt 0.6240 0.7837 0.0000
vt 0.1013 0.5979 0.0000
vt 0.9953 0.4216 0.0000
vt 0.9899 0.4216 0.0000
vt 0.9917 0.4057 0.0000
vt 0.9844 0.4216 0.0000
vt 0.9869 0.4057 0.0000
vt 0.9962 0.4057 0.0000
vt 0.2856 0.4358 0.0000
vt 0.2713 0.4324 0.0000
vt 0.2465 0.4391 0.0000
vt 0.8794 0.9805 0.0000
vt 0.8794 0.9671 0.0000
vt 0.8794 0.9538 0.0000
vt 0.1829 0.5861 0.0000
vt 0.1808 0.5925 0.0000
vt 0.1773 0.6029 0.0000
vt 0.3004 0.5226 0.0000
vt 0.3163 0.5183 0.0000
vt 0.3321 0.5183 0.0000
vt 0.6171 0.7434 0.0000
vt 0.6215 0.7548 0.0000
vt 0.9679 0.8160 0.0000
vt 0.8904 0.8270 0.0000
vt 0.8635 0.8448 0.0000
vt 0.1069 0.4387 0.0000
vt 0.1179 0.4312 0.0000
vt 0.6267 0.7730 0.0000
vt 0.6240 0.7660 0.0000
vt 0.1737 0.6134 0.0000
vt 0.2055 0.5767 0.0000
vt 0.1984 0.5724 0.0000
vt 0.2061 0.5584 0.0000
vt 0.2122 0.5623 0.0000
vt 0.9899 0.3898 0.0000
vt 0.9953 0.3898 0.0000
vt 0.2529 0.4411 0.0000
vt 0.2267 0.5215 0.0000
vt 0.8538 0.9756 0.0000
vt 0.8594 0.9634 0.0000
vt 0.8649 0.9513 0.0000
vt 0.1864 0.5758 0.0000
vt 0.1873 0.6063 0.0000
vt 0.3004 0.5183 0.0000
vt 0.3163 0.4407 0.0000
vt 0.3321 0.4407 0.0000
vt 0.6258 0.7440 0.0000
vt 0.6268 0.7551 0.0000
vt 0.8903 0.8160 0.0000
vt 0.8614 0.8381 0.0000
vt 0.8627 0.8270 0.0000
vt 0.5642 0.1988 0.0000
vt 0.5774 0.2014 0.0000
vt 0.5743 0.2197 0.0000
vt 0.0959 0.4463 0.0000
vt 0.6321 0.7842 0.0000
vt 0.1360 0.5333 0.0000
vt 0.1444 0.5199 0.0000
vt 0.9844 0.3898 0.0000
vt 0.2152 0.5455 0.0000
vt 0.2801 0.4392 0.0000
vt 0.2635 0.4443 0.0000
vt 0.2376 0.5214 0.0000
vt 0.2377 0.5503 0.0000
vt 0.2268 0.5471 0.0000
vt 0.8487 0.9584 0.0000
vt 0.2002 0.5803 0.0000
vt 0.1935 0.5896 0.0000
vt 0.1897 0.5955 0.0000
vt 0.1866 0.6176 0.0000
vt 0.3004 0.4407 0.0000
vt 0.3199 0.4243 0.0000
vt 0.3337 0.4321 0.0000
vt 0.6331 0.7445 0.0000
vt 0.8423 0.8381 0.0000
vt 0.5565 0.1975 0.0000
vt 0.5608 0.2202 0.0000
vt 0.1120 0.4482 0.0000
vt 0.1215 0.4388 0.0000
vt 0.3559 0.7272 0.0000
vt 0.3561 0.7408 0.0000
vt 0.3491 0.7400 0.0000
vt 0.3561 0.7487 0.0000
vt 0.3498 0.7479 0.0000
vt 0.6322 0.7555 0.0000
vt 0.1234 0.5280 0.0000
vt 0.1255 0.5122 0.0000
vt 0.1528 0.5064 0.0000
vt 0.2223 0.5499 0.0000
vt 0.2554 0.5212 0.0000
vt 0.2444 0.5213 0.0000
vt 0.2445 0.5520 0.0000
vt 0.2269 0.5606 0.0000
vt 0.8403 0.9687 0.0000
vt 0.8572 0.9481 0.0000
vt 0.1992 0.5915 0.0000
vt 0.1926 0.6081 0.0000
vt 0.1934 0.6199 0.0000
vt 0.3061 0.4165 0.0000
vt 0.3275 0.4124 0.0000
vt 0.3375 0.4247 0.0000
vt 0.0058 0.7396 0.0000
vt 0.0070 0.7266 0.0000
vt 0.0150 0.7266 0.0000
vt 0.8661 0.8160 0.0000
vt 0.8443 0.8270 0.0000
vt 0.5530 0.2204 0.0000
vt 0.5740 0.2329 0.0000
vt 0.1026 0.4577 0.0000
vt 0.3475 0.7266 0.0000
vt 0.6291 0.7663 0.0000
vt 0.0125 0.7394 0.0000
vt 0.1138 0.5108 0.0000
vt 0.1276 0.4965 0.0000
vt 0.2741 0.4474 0.0000
vt 0.2664 0.5211 0.0000
vt 0.2378 0.5657 0.0000
vt 0.8356 0.9451 0.0000
vt 0.8474 0.9390 0.0000
vt 0.2075 0.5828 0.0000
vt 0.1945 0.5971 0.0000
vt 0.1158 0.5265 0.0000
vt 0.3174 0.4002 0.0000
vt 0.3351 0.4048 0.0000
vt 0.3428 0.4187 0.0000
vt 0.9975 0.3734 0.0000
vt 0.9844 0.3742 0.0000
vt 0.9844 0.3518 0.0000
vt 0.4968 0.4869 0.0000
vt 0.4951 0.4759 0.0000
vt 0.5065 0.4759 0.0000
vt 0.5607 0.2348 0.0000
vt 0.1232 0.4576 0.0000
vt 0.1288 0.4455 0.0000
vt 0.3425 0.7409 0.0000
vt 0.6164 0.6622 0.0000
vt 0.6232 0.6643 0.0000
vt 0.6232 0.6689 0.0000
vt 0.6342 0.6630 0.0000
vt 0.6342 0.6686 0.0000
vt 0.6452 0.6596 0.0000
vt 0.6452 0.6676 0.0000
vt 0.1118 0.4951 0.0000
vt 0.2665 0.5477 0.0000
vt 0.2555 0.5508 0.0000
vt 0.2445 0.5683 0.0000
vt 0.3395 0.6817 0.0000
vt 0.3326 0.7093 0.0000
vt 0.3267 0.6860 0.0000
vt 0.8237 0.9513 0.0000
vt 0.2078 0.5137 0.0000
vt 0.1952 0.5177 0.0000
vt 0.1936 0.5043 0.0000
vt 0.2031 0.5011 0.0000
vt 0.1926 0.4965 0.0000
vt 0.2004 0.4936 0.0000
vt 0.1997 0.6104 0.0000
vt 0.7294 0.7190 0.0000
vt 0.7426 0.7072 0.0000
vt 0.7425 0.7195 0.0000
vt 0.0956 0.5149 0.0000
vt 0.9974 0.3536 0.0000
vt 0.3274 0.3909 0.0000
vt 0.3485 0.3989 0.0000
vt 0.5078 0.4869 0.0000
vt 0.5530 0.2357 0.0000
vt 0.5085 0.4691 0.0000
vt 0.5123 0.4582 0.0000
vt 0.5302 0.4582 0.0000
vt 0.1177 0.4698 0.0000
vt 0.6056 0.6582 0.0000
vt 0.6164 0.6683 0.0000
vt 0.6056 0.6670 0.0000
vt 0.3508 0.4146 0.0000
vt 0.0875 0.5012 0.0000
vt 0.2666 0.5619 0.0000
vt 0.2555 0.5665 0.0000
vt 0.3471 0.6792 0.0000
vt 0.3461 0.7082 0.0000
vt 0.8294 0.9347 0.0000
vt 0.8423 0.9314 0.0000
vt 0.1864 0.5060 0.0000
vt 0.2009 0.5992 0.0000
vt 0.7297 0.7095 0.0000
vt 0.1036 0.5285 0.0000
vt 0.9861 0.3372 0.0000
vt 0.9989 0.3402 0.0000
vt 0.3461 0.3833 0.0000
vt 0.5285 0.4759 0.0000
vt 0.5290 0.4869 0.0000
vt 0.5291 0.4691 0.0000
vt 0.1807 0.4837 0.0000
vt 0.1752 0.4958 0.0000
vt 0.1862 0.4715 0.0000
vt 0.6164 0.7307 0.0000
vt 0.6056 0.7294 0.0000
vt 0.6232 0.7313 0.0000
vt 0.6342 0.7310 0.0000
vt 0.6452 0.7300 0.0000
vt 0.4108 0.3897 0.0000
vt 0.4131 0.4054 0.0000
vt 0.5715 0.6194 0.0000
vt 0.5465 0.6197 0.0000
vt 0.5442 0.6068 0.0000
vt 0.5721 0.6063 0.0000
vt 0.3540 0.7073 0.0000
vt 0.3340 0.7240 0.0000
vt 0.8164 0.9381 0.0000
vt 0.1862 0.5195 0.0000
vt 0.1863 0.4980 0.0000
vt 0.6972 0.6700 0.0000
vt 0.6861 0.6742 0.0000
vt 0.6862 0.6687 0.0000
vt 0.7417 0.6987 0.0000
vt 0.0847 0.5203 0.0000
vt 0.0738 0.5088 0.0000
vt 0.5113 0.4979 0.0000
vt 0.5301 0.4979 0.0000
vt 0.4085 0.3741 0.0000
vt 0.5910 0.4759 0.0000
vt 0.5914 0.4869 0.0000
vt 0.5926 0.4582 0.0000
vt 0.5915 0.4691 0.0000
vt 0.7609 0.7000 0.0000
vt 0.7605 0.7134 0.0000
vt 0.7561 0.7125 0.0000
vt 0.7564 0.7019 0.0000
vt 0.7554 0.7259 0.0000
vt 0.7520 0.7223 0.0000
vt 0.7431 0.7314 0.0000
vt 0.7423 0.7267 0.0000
vt 0.7356 0.7340 0.0000
vt 0.7364 0.7288 0.0000
vt 0.7254 0.7292 0.0000
vt 0.7283 0.7250 0.0000
vt 0.7161 0.7200 0.0000
vt 0.7209 0.7177 0.0000
vt 0.7162 0.7040 0.0000
vt 0.7210 0.7050 0.0000
vt 0.6120 0.3569 0.0000
vt 0.6230 0.3448 0.0000
vt 0.6230 0.3600 0.0000
vt 0.6231 0.3804 0.0000
vt 0.6340 0.3611 0.0000
vt 0.6341 0.3823 0.0000
vt 0.6407 0.3442 0.0000
vt 0.6408 0.3591 0.0000
vt 0.6516 0.3421 0.0000
vt 0.8002 0.8753 0.0000
vt 0.8132 0.8720 0.0000
vt 0.8261 0.8686 0.0000
vt 0.7148 0.6721 0.0000
vt 0.7136 0.7349 0.0000
vt 0.7028 0.7368 0.0000
vt 0.7039 0.6741 0.0000
vt 0.6960 0.7378 0.0000
vt 0.6971 0.6750 0.0000
vt 0.7292 0.7025 0.0000
vt 0.0956 0.5318 0.0000
vt 0.6119 0.3432 0.0000
vt 0.5925 0.4979 0.0000
vt 0.7226 0.6893 0.0000
vt 0.7260 0.6934 0.0000
vt 0.7348 0.6848 0.0000
vt 0.7461 0.6845 0.0000
vt 0.7447 0.6895 0.0000
vt 0.7357 0.6898 0.0000
vt 0.7519 0.6900 0.0000
vt 0.7493 0.6939 0.0000
vt 0.9853 0.6010 0.0000
vt 0.9848 0.5904 0.0000
vt 0.9983 0.5898 0.0000
vt 0.9988 0.6004 0.0000
vt 0.9844 0.5798 0.0000
vt 0.9979 0.5793 0.0000
vt 0.9859 0.4687 0.0000
vt 0.9849 0.4600 0.0000
vt 0.9983 0.4600 0.0000
vt 0.9993 0.4687 0.0000
vt 0.9844 0.4547 0.0000
vt 0.9978 0.4547 0.0000
vt 0.9847 0.4459 0.0000
vt 0.9980 0.4459 0.0000
vt 0.9854 0.4372 0.0000
vt 0.9988 0.4372 0.0000
vt 0.0228 0.5444 0.0000
vt 0.0210 0.5568 0.0000
vt 0.0076 0.5549 0.0000
vt 0.0094 0.5424 0.0000
vt 0.6340 0.3454 0.0000
vt 0.6396 0.2815 0.0000
vt 0.6505 0.2794 0.0000
vt 0.6450 0.3976 0.0000
vt 0.6485 0.3942 0.0000
vt 0.6581 0.3982 0.0000
vt 0.6572 0.4026 0.0000
vt 0.6685 0.3985 0.0000
vt 0.6703 0.4029 0.0000
vt 0.6764 0.3913 0.0000
vt 0.6802 0.3939 0.0000
vt 0.6807 0.3868 0.0000
vt 0.6856 0.3882 0.0000
vt 0.6850 0.7370 0.0000
vt 0.6740 0.7351 0.0000
vt 0.6751 0.6724 0.0000
vt 0.0486 0.5765 0.0000
vt 0.0378 0.5649 0.0000
vt 0.0268 0.5535 0.0000
vt 0.6108 0.2804 0.0000
vt 0.6218 0.2821 0.0000
vt 0.0191 0.5693 0.0000
vt 0.0058 0.5673 0.0000
vt 0.5231 0.9981 0.0000
vt 0.5143 0.9978 0.0000
vt 0.5143 0.9844 0.0000
vt 0.5231 0.9847 0.0000
vt 0.5090 0.9982 0.0000
vt 0.5003 0.9991 0.0000
vt 0.5003 0.9857 0.0000
vt 0.5090 0.9848 0.0000
vt 0.7621 0.7494 0.0000
vt 0.7618 0.7601 0.0000
vt 0.7527 0.7581 0.0000
vt 0.7528 0.7532 0.0000
vt 0.7578 0.7699 0.0000
vt 0.7508 0.7626 0.0000
vt 0.7480 0.7743 0.0000
vt 0.7464 0.7646 0.0000
vt 0.7421 0.7764 0.0000
vt 0.7436 0.7656 0.0000
vt 0.7340 0.7725 0.0000
vt 0.7399 0.7638 0.0000
vt 0.7266 0.7653 0.0000
vt 0.7365 0.7605 0.0000
vt 0.7267 0.7526 0.0000
vt 0.7366 0.7547 0.0000
vt 0.6329 0.2826 0.0000
vt 0.6397 0.3853 0.0000
vt 0.6442 0.3845 0.0000
vt 0.1559 0.5530 0.0000
vt 0.1525 0.5661 0.0000
vt 0.1423 0.5634 0.0000
vt 0.1457 0.5503 0.0000
vt 0.1320 0.5608 0.0000
vt 0.1354 0.5477 0.0000
vt 0.1161 0.5447 0.0000
vt 0.1164 0.5578 0.0000
vt 0.1078 0.5563 0.0000
vt 0.1075 0.5432 0.0000
vt 0.1024 0.5555 0.0000
vt 0.1022 0.5424 0.0000
vt 0.6805 0.3778 0.0000
vt 0.6854 0.3769 0.0000
vt 0.6770 0.3681 0.0000
vt 0.6810 0.3647 0.0000
vt 0.6657 0.3631 0.0000
vt 0.6667 0.3584 0.0000
vt 0.6532 0.3631 0.0000
vt 0.6510 0.3583 0.0000
vt 0.6461 0.3705 0.0000
vt 0.6420 0.3676 0.0000
vt 0.5318 0.9990 0.0000
vt 0.5318 0.9856 0.0000
vt 0.7317 0.7409 0.0000
vt 0.7389 0.7493 0.0000
vt 0.7415 0.7373 0.0000
vt 0.7504 0.7371 0.0000
vt 0.7475 0.7476 0.0000
vt 0.7434 0.7477 0.0000
vt 0.7550 0.7414 0.0000
vt 0.7496 0.7496 0.0000
vt 0.9940 0.5021 0.0000
vt 0.9892 0.5014 0.0000
vt 0.9923 0.4800 0.0000
vt 0.9844 0.5007 0.0000
vt 0.9875 0.4793 0.0000
vt 0.6722 0.5031 0.0000
vt 0.6717 0.5071 0.0000
vt 0.6504 0.5063 0.0000
vt 0.6715 0.5096 0.0000
vt 0.6501 0.5094 0.0000
vt 0.6716 0.5136 0.0000
vt 0.6502 0.5144 0.0000
vt 0.6720 0.5176 0.0000
vt 0.6506 0.5195 0.0000
vt 0.9844 0.5166 0.0000
vt 0.9901 0.5164 0.0000
vt 0.9911 0.5380 0.0000
vt 0.6422 0.3786 0.0000
vt 0.6371 0.3779 0.0000
vt 0.2198 0.4020 0.0000
vt 0.2196 0.4151 0.0000
vt 0.2110 0.4134 0.0000
vt 0.2112 0.4004 0.0000
vt 0.6381 0.4841 0.0000
vt 0.6453 0.4772 0.0000
vt 0.6497 0.4790 0.0000
vt 0.6478 0.4881 0.0000
vt 0.6545 0.4792 0.0000
vt 0.6582 0.4884 0.0000
vt 0.6581 0.4759 0.0000
vt 0.6660 0.4813 0.0000
vt 0.6601 0.4738 0.0000
vt 0.6703 0.4767 0.0000
vt 0.0937 0.5561 0.0000
vt 0.0934 0.5431 0.0000
vt 0.0849 0.5576 0.0000
vt 0.0847 0.5446 0.0000
vt 0.7832 0.3781 0.0000
vt 0.7698 0.3787 0.0000
vt 0.7692 0.3662 0.0000
vt 0.7827 0.3656 0.0000
vt 0.7687 0.3536 0.0000
vt 0.7822 0.3530 0.0000
vt 0.2427 0.4012 0.0000
vt 0.2424 0.4143 0.0000
vt 0.2337 0.4156 0.0000
vt 0.2339 0.4025 0.0000
vt 0.9959 0.5161 0.0000
vt 0.9968 0.5377 0.0000
vt 0.6227 0.5794 0.0000
vt 0.6267 0.5793 0.0000
vt 0.6269 0.6006 0.0000
vt 0.6292 0.5795 0.0000
vt 0.6331 0.5799 0.0000
vt 0.6349 0.6012 0.0000
vt 0.9971 0.4807 0.0000
vt 0.6508 0.5013 0.0000
vt 0.9853 0.5382 0.0000
vt 0.2249 0.4160 0.0000
vt 0.2252 0.4029 0.0000
vt 0.6339 0.4744 0.0000
vt 0.6434 0.4727 0.0000
vt 0.9643 0.0305 0.0000
vt 0.9604 0.0523 0.0000
vt 0.9595 0.0307 0.0000
vt 0.9556 0.0525 0.0000
vt 0.9546 0.0309 0.0000
vt 0.6108 0.5558 0.0000
vt 0.6325 0.5593 0.0000
vt 0.6115 0.5597 0.0000
vt 0.6328 0.5624 0.0000
vt 0.6119 0.5622 0.0000
vt 0.6600 0.4697 0.0000
vt 0.6702 0.4677 0.0000
vt 0.6584 0.4652 0.0000
vt 0.6667 0.4580 0.0000
vt 0.6532 0.4629 0.0000
vt 0.6553 0.4531 0.0000
vt 0.6475 0.4629 0.0000
vt 0.6429 0.4530 0.0000
vt 0.6442 0.4663 0.0000
vt 0.6357 0.4604 0.0000
vt 0.6187 0.5798 0.0000
vt 0.6218 0.6008 0.0000
vt 0.6168 0.6012 0.0000
vt 0.6300 0.6008 0.0000
vt 0.6646 0.0847 0.0000
vt 0.6694 0.0858 0.0000
vt 0.6682 0.0977 0.0000
vt 0.6742 0.0847 0.0000
vt 0.6730 0.0953 0.0000
vt 0.6426 0.5017 0.0000
vt 0.6423 0.5098 0.0000
vt 0.6425 0.5196 0.0000
vt 0.6428 0.5307 0.0000
vt 0.9957 0.6575 0.0000
vt 0.9902 0.6554 0.0000
vt 0.9904 0.6424 0.0000
vt 0.9844 0.6563 0.0000
vt 0.9844 0.6450 0.0000
vt 0.6424 0.4700 0.0000
vt 0.6319 0.4685 0.0000
vt 0.2429 0.9828 0.0000
vt 0.2647 0.9882 0.0000
vt 0.2437 0.9868 0.0000
vt 0.9653 0.0521 0.0000
vt 0.6318 0.5543 0.0000
vt 0.6325 0.5674 0.0000
vt 0.6116 0.5662 0.0000
vt 0.6318 0.5725 0.0000
vt 0.6109 0.5702 0.0000
vt 0.7161 0.3949 0.0000
vt 0.7270 0.3755 0.0000
vt 0.7216 0.3964 0.0000
vt 0.7326 0.3769 0.0000
vt 0.7272 0.3978 0.0000
vt 0.2433 0.9724 0.0000
vt 0.2636 0.9751 0.0000
vt 0.2427 0.9764 0.0000
vt 0.6167 0.6086 0.0000
vt 0.6265 0.6084 0.0000
vt 0.6346 0.6086 0.0000
vt 0.0550 0.1334 0.0000
vt 0.0531 0.1280 0.0000
vt 0.0593 0.1163 0.0000
vt 0.6634 0.0953 0.0000
vt 0.6430 0.4907 0.0000
vt 0.9958 0.6462 0.0000
vt 0.6056 0.6090 0.0000
vt 0.2634 0.9802 0.0000
vt 0.2425 0.9804 0.0000
vt 0.2639 0.9833 0.0000
vt 0.6568 0.3780 0.0000
vt 0.6697 0.3807 0.0000
vt 0.6579 0.3827 0.0000
vt 0.1287 0.0163 0.0000
vt 0.1375 0.0206 0.0000
vt 0.1268 0.0207 0.0000
vt 0.6402 0.5548 0.0000
vt 0.6404 0.5630 0.0000
vt 0.6400 0.5727 0.0000
vt 0.7214 0.3741 0.0000
vt 0.2642 0.9701 0.0000
vt 0.6456 0.6090 0.0000
vt 0.7080 0.6353 0.0000
vt 0.7050 0.6315 0.0000
vt 0.7218 0.6185 0.0000
vt 0.7248 0.6224 0.0000
vt 0.7020 0.6276 0.0000
vt 0.7027 0.6237 0.0000
vt 0.6366 0.4951 0.0000
vt 0.6213 0.5098 0.0000
vt 0.6216 0.5017 0.0000
vt 0.6215 0.5196 0.0000
vt 0.6218 0.5307 0.0000
vt 0.5855 0.3067 0.0000
vt 0.5822 0.3114 0.0000
vt 0.5649 0.2990 0.0000
vt 0.5683 0.2943 0.0000
vt 0.5788 0.3160 0.0000
vt 0.5616 0.3037 0.0000
vt 0.6167 0.6296 0.0000
vt 0.6056 0.6300 0.0000
vt 0.6518 0.3752 0.0000
vt 0.6673 0.3760 0.0000
vt 0.0579 0.2425 0.0000
vt 0.0582 0.2568 0.0000
vt 0.0531 0.2549 0.0000
vt 0.6396 0.5438 0.0000
vt 0.6392 0.5838 0.0000
vt 0.0452 0.6845 0.0000
vt 0.0377 0.6990 0.0000
vt 0.0396 0.6859 0.0000
vt 0.0321 0.6959 0.0000
vt 0.0340 0.6845 0.0000
vt 0.2712 0.9698 0.0000
vt 0.2711 0.9796 0.0000
vt 0.6265 0.6294 0.0000
vt 0.6346 0.6296 0.0000
vt 0.6456 0.6300 0.0000
vt 0.7067 0.6230 0.0000
vt 0.7215 0.6148 0.0000
vt 0.6397 0.4898 0.0000
vt 0.6324 0.4952 0.0000
vt 0.2849 0.0506 0.0000
vt 0.2846 0.0424 0.0000
vt 0.2917 0.0430 0.0000
vt 0.2847 0.0327 0.0000
vt 0.2909 0.0311 0.0000
vt 0.2851 0.0215 0.0000
vt 0.2886 0.0215 0.0000
vt 0.6506 0.4740 0.0000
vt 0.6500 0.4675 0.0000
vt 0.6527 0.4701 0.0000
vt 0.5582 0.2922 0.0000
vt 0.6151 0.6426 0.0000
vt 0.2716 0.9878 0.0000
vt 0.2724 0.9987 0.0000
vt 0.9767 0.0058 0.0000
vt 0.9768 0.0270 0.0000
vt 0.9720 0.0270 0.0000
vt 0.9718 0.0058 0.0000
vt 0.9649 0.0112 0.0000
vt 0.9670 0.0058 0.0000
vt 0.6487 0.5480 0.0000
vt 0.6607 0.5552 0.0000
vt 0.6609 0.5633 0.0000
vt 0.6606 0.5731 0.0000
vt 0.6598 0.5842 0.0000
vt 0.2110 0.0163 0.0000
vt 0.2245 0.0185 0.0000
vt 0.2261 0.0249 0.0000
vt 0.2716 0.9587 0.0000
vt 0.6270 0.6434 0.0000
vt 0.6375 0.6421 0.0000
vt 0.6456 0.6395 0.0000
vt 0.7094 0.6198 0.0000
vt 0.7278 0.6121 0.0000
vt 0.7312 0.0147 0.0000
vt 0.7276 0.0175 0.0000
vt 0.7275 0.0147 0.0000
vt 0.6950 0.6132 0.0000
vt 0.2636 0.1163 0.0000
vt 0.2659 0.1110 0.0000
vt 0.2787 0.1132 0.0000
vt 0.2764 0.1185 0.0000
vt 0.5443 0.6029 0.0000
vt 0.5461 0.5992 0.0000
vt 0.5587 0.6020 0.0000
vt 0.5569 0.6058 0.0000
vt 0.6291 0.4900 0.0000
vt 0.2904 0.0535 0.0000
vt 0.7432 0.7039 0.0000
vt 0.7436 0.6994 0.0000
vt 0.7476 0.7039 0.0000
vt 0.5653 0.2952 0.0000
vt 0.6056 0.6403 0.0000
vt 0.2921 0.9874 0.0000
vt 0.2930 0.9984 0.0000
vt 0.9721 0.0402 0.0000
vt 0.9674 0.0186 0.0000
vt 0.9673 0.0144 0.0000
vt 0.6453 0.5424 0.0000
vt 0.6527 0.5480 0.0000
vt 0.6691 0.5630 0.0000
vt 0.6692 0.5748 0.0000
vt 0.6697 0.5844 0.0000
vt 0.3223 0.0192 0.0000
vt 0.3170 0.0397 0.0000
vt 0.3114 0.0382 0.0000
vt 0.3167 0.0177 0.0000
vt 0.3058 0.0368 0.0000
vt 0.3111 0.0163 0.0000
vt 0.2922 0.9584 0.0000
vt 0.2917 0.9695 0.0000
vt 0.2916 0.9792 0.0000
vt 0.7188 0.6147 0.0000
vt 0.6992 0.6127 0.0000
vt 0.7214 0.6120 0.0000
vt 0.7201 0.6150 0.0000
vt 0.3705 0.4751 0.0000
vt 0.3717 0.4671 0.0000
vt 0.3716 0.4776 0.0000
vt 0.7432 0.7195 0.0000
vt 0.7446 0.7044 0.0000
vt 0.7477 0.7070 0.0000
vt 0.1008 0.3425 0.0000
vt 0.1061 0.3456 0.0000
vt 0.1005 0.3572 0.0000
vt 0.5469 0.5986 0.0000
vt 0.5458 0.5932 0.0000
vt 0.5588 0.5932 0.0000
vt 0.5598 0.5986 0.0000
vt 0.5721 0.5994 0.0000
vt 0.6220 0.4907 0.0000
vt 0.2853 0.0616 0.0000
vt 0.3648 0.4671 0.0000
vt 0.3635 0.4565 0.0000
vt 0.3717 0.4565 0.0000
vt 0.3644 0.4447 0.0000
vt 0.3717 0.4447 0.0000
vt 0.3666 0.4351 0.0000
vt 0.3717 0.4319 0.0000
vt 0.5592 0.2904 0.0000
vt 0.6300 0.9896 0.0000
vt 0.6297 0.9992 0.0000
vt 0.6277 0.9974 0.0000
vt 0.6279 0.9908 0.0000
vt 0.9216 0.0058 0.0000
vt 0.9216 0.0176 0.0000
vt 0.9196 0.0161 0.0000
vt 0.9196 0.0073 0.0000
vt 0.3080 0.9981 0.0000
vt 0.9763 0.0423 0.0000
vt 0.9680 0.0379 0.0000
vt 0.9671 0.0271 0.0000
vt 0.9578 0.0178 0.0000
vt 0.9553 0.0146 0.0000
vt 0.2753 0.1227 0.0000
vt 0.2752 0.1349 0.0000
vt 0.2688 0.1338 0.0000
vt 0.2689 0.1215 0.0000
vt 0.0501 0.1422 0.0000
vt 0.0479 0.1323 0.0000
vt 0.0514 0.1301 0.0000
vt 0.0537 0.1400 0.0000
vt 0.6555 0.5426 0.0000
vt 0.6697 0.5524 0.0000
vt 0.3135 0.0496 0.0000
vt 0.3081 0.0509 0.0000
vt 0.3027 0.0523 0.0000
vt 0.3084 0.9676 0.0000
vt 0.3088 0.9795 0.0000
vt 0.3086 0.9900 0.0000
vt 0.5164 0.0163 0.0000
vt 0.5164 0.0269 0.0000
vt 0.5144 0.0256 0.0000
vt 0.5144 0.0175 0.0000
vt 0.7426 0.7528 0.0000
vt 0.7427 0.7609 0.0000
vt 0.7407 0.7600 0.0000
vt 0.7406 0.7541 0.0000
vt 0.7096 0.6156 0.0000
vt 0.7032 0.6100 0.0000
vt 0.7270 0.6101 0.0000
vt 0.2846 0.1163 0.0000
vt 0.2951 0.1163 0.0000
vt 0.2938 0.1183 0.0000
vt 0.2861 0.1183 0.0000
vt 0.7432 0.7609 0.0000
vt 0.7451 0.7528 0.0000
vt 0.7443 0.7609 0.0000
vt 0.6951 0.5930 0.0000
vt 0.7019 0.6052 0.0000
vt 0.5721 0.5950 0.0000
vt 0.3737 0.4578 0.0000
vt 0.3737 0.4659 0.0000
vt 0.3738 0.4462 0.0000
vt 0.3738 0.4550 0.0000
vt 0.3738 0.4341 0.0000
vt 0.3738 0.4430 0.0000
vt 0.5651 0.2923 0.0000
vt 0.7055 0.0152 0.0000
vt 0.7103 0.0079 0.0000
vt 0.7076 0.0151 0.0000
vt 0.6140 0.9969 0.0000
vt 0.9950 0.8103 0.0000
vt 0.9851 0.8100 0.0000
vt 0.9855 0.8080 0.0000
vt 0.2949 0.2324 0.0000
vt 0.2868 0.2276 0.0000
vt 0.2950 0.2304 0.0000
vt 0.9051 0.0161 0.0000
vt 0.9759 0.0442 0.0000
vt 0.9729 0.0426 0.0000
vt 0.0261 0.9382 0.0000
vt 0.0215 0.9406 0.0000
vt 0.0216 0.9301 0.0000
vt 0.0289 0.9302 0.0000
vt 0.9650 0.0218 0.0000
vt 0.9594 0.0225 0.0000
vt 0.1603 0.4934 0.0000
vt 0.1478 0.4945 0.0000
vt 0.1478 0.4898 0.0000
vt 0.2087 0.4057 0.0000
vt 0.2074 0.4233 0.0000
vt 0.2032 0.4091 0.0000
vt 0.0517 0.1163 0.0000
vt 0.8430 0.2073 0.0000
vt 0.8322 0.2086 0.0000
vt 0.8298 0.2033 0.0000
vt 0.8407 0.2019 0.0000
vt 0.6601 0.5442 0.0000
vt 0.0217 0.9196 0.0000
vt 0.0304 0.9196 0.0000
vt 0.0217 0.9077 0.0000
vt 0.0295 0.9077 0.0000
vt 0.0272 0.8982 0.0000
vt 0.0218 0.8949 0.0000
vt 0.3076 0.9581 0.0000
vt 0.6437 0.0473 0.0000
vt 0.6331 0.0467 0.0000
vt 0.6336 0.0448 0.0000
vt 0.5963 0.0794 0.0000
vt 0.6032 0.0842 0.0000
vt 0.5958 0.0814 0.0000
vt 0.5005 0.0256 0.0000
vt 0.1268 0.3948 0.0000
vt 0.1269 0.3855 0.0000
vt 0.1289 0.3859 0.0000
vt 0.0539 0.2477 0.0000
vt 0.0479 0.2490 0.0000
vt 0.0479 0.2320 0.0000
vt 0.7194 0.5951 0.0000
vt 0.1293 0.3935 0.0000
vt 0.2938 0.1314 0.0000
vt 0.2861 0.1314 0.0000
vt 0.6052 0.0822 0.0000
vt 0.6424 0.0448 0.0000
vt 0.5477 0.9977 0.0000
vt 0.5477 0.9896 0.0000
vt 0.5609 0.9896 0.0000
vt 0.5609 0.9977 0.0000
vt 0.2846 0.2296 0.0000
vt 0.9935 0.8077 0.0000
vt 0.6110 0.1367 0.0000
vt 0.6022 0.1367 0.0000
vt 0.6022 0.1235 0.0000
vt 0.6110 0.1235 0.0000
vt 0.7083 0.0058 0.0000
vt 0.2935 0.1035 0.0000
vt 0.2846 0.1035 0.0000
vt 0.2846 0.0903 0.0000
vt 0.2935 0.0903 0.0000
vt 0.5597 0.2732 0.0000
vt 0.7235 0.0186 0.0000
vt 0.7213 0.0264 0.0000
vt 0.6153 0.9903 0.0000
vt 0.2975 0.2144 0.0000
vt 0.3061 0.2159 0.0000
vt 0.9055 0.0073 0.0000
vt 0.3103 0.9913 0.0000
vt 0.3099 0.9972 0.0000
vt 0.9761 0.0578 0.0000
vt 0.9730 0.0562 0.0000
vt 0.0690 0.4582 0.0000
vt 0.0712 0.4598 0.0000
vt 0.0711 0.4674 0.0000
vt 0.0689 0.4687 0.0000
vt 0.6704 0.5444 0.0000
vt 0.3711 0.4314 0.0000
vt 0.3635 0.4278 0.0000
vt 0.3725 0.4278 0.0000
vt 0.9423 0.0294 0.0000
vt 0.1117 0.2951 0.0000
vt 0.1127 0.3096 0.0000
vt 0.1057 0.2977 0.0000
vt 0.1380 0.0636 0.0000
vt 0.1268 0.0686 0.0000
vt 0.1281 0.0638 0.0000
vt 0.7333 0.9950 0.0000
vt 0.7311 0.9937 0.0000
vt 0.7312 0.9856 0.0000
vt 0.7335 0.9844 0.0000
vt 0.4479 0.9844 0.0000
vt 0.4501 0.9860 0.0000
vt 0.4500 0.9948 0.0000
vt 0.4477 0.9963 0.0000
vt 0.7478 0.9844 0.0000
vt 0.7500 0.9861 0.0000
vt 0.7499 0.9950 0.0000
vt 0.7476 0.9971 0.0000
vt 0.3066 0.0532 0.0000
vt 0.3028 0.0542 0.0000
vt 0.3095 0.9593 0.0000
vt 0.3100 0.9659 0.0000
vt 0.3102 0.9691 0.0000
vt 0.3105 0.9779 0.0000
vt 0.3105 0.9807 0.0000
vt 0.3104 0.9888 0.0000
vt 0.5925 0.0973 0.0000
vt 0.5845 0.0953 0.0000
vt 0.4999 0.0175 0.0000
vt 0.5958 0.0972 0.0000
vt 0.6017 0.1096 0.0000
vt 0.5958 0.1108 0.0000
vt 0.7262 0.5931 0.0000
vt 0.1454 0.3793 0.0000
vt 0.1451 0.3874 0.0000
vt 0.2938 0.1324 0.0000
vt 0.2861 0.1324 0.0000
vt 0.6275 0.0275 0.0000
vt 0.6363 0.0289 0.0000
vt 0.5619 0.9896 0.0000
vt 0.5619 0.9977 0.0000
vt 0.9791 0.7912 0.0000
vt 0.9874 0.7918 0.0000
vt 0.6022 0.1224 0.0000
vt 0.6110 0.1224 0.0000
vt 0.5666 0.2754 0.0000
vt 0.2846 0.0893 0.0000
vt 0.2935 0.0893 0.0000
vt 0.7245 0.0185 0.0000
vt 0.7223 0.0264 0.0000
vt 0.6130 0.9969 0.0000
vt 0.2975 0.2134 0.0000
vt 0.3061 0.2149 0.0000
vt 0.9041 0.0161 0.0000
vt 0.9045 0.0073 0.0000
vt 0.5228 0.0400 0.0000
vt 0.5205 0.0386 0.0000
vt 0.5192 0.0333 0.0000
vt 0.5209 0.0327 0.0000
vt 0.3235 0.9911 0.0000
vt 0.3231 0.9970 0.0000
vt 0.9761 0.0587 0.0000
vt 0.9730 0.0571 0.0000
vt 0.0844 0.4600 0.0000
vt 0.0843 0.4677 0.0000
vt 0.9554 0.0251 0.0000
vt 0.0321 0.9476 0.0000
vt 0.0328 0.9459 0.0000
vt 0.0378 0.9488 0.0000
vt 0.0386 0.9513 0.0000
vt 0.7179 0.9934 0.0000
vt 0.7181 0.9854 0.0000
vt 0.9387 0.0361 0.0000
vt 0.9364 0.0347 0.0000
vt 0.9348 0.0280 0.0000
vt 0.9365 0.0274 0.0000
vt 0.9922 0.1839 0.0000
vt 0.9911 0.1853 0.0000
vt 0.9853 0.1820 0.0000
vt 0.9844 0.1794 0.0000
vt 0.4633 0.9862 0.0000
vt 0.4632 0.9950 0.0000
vt 0.6897 0.0601 0.0000
vt 0.6913 0.0578 0.0000
vt 0.6971 0.0563 0.0000
vt 0.6976 0.0581 0.0000
vt 0.3629 0.0285 0.0000
vt 0.3616 0.0273 0.0000
vt 0.3644 0.0224 0.0000
vt 0.3669 0.0215 0.0000
vt 0.7632 0.9864 0.0000
vt 0.7631 0.9952 0.0000
vt 0.3032 0.0663 0.0000
vt 0.2994 0.0673 0.0000
vt 0.3227 0.9590 0.0000
vt 0.3232 0.9657 0.0000
vt 0.3233 0.9689 0.0000
vt 0.3236 0.9777 0.0000
vt 0.3237 0.9805 0.0000
vt 0.3235 0.9885 0.0000
vt 0.5925 0.0984 0.0000
vt 0.5846 0.0963 0.0000
vt 0.4995 0.0256 0.0000
vt 0.4988 0.0175 0.0000
vt 0.6017 0.1106 0.0000
vt 0.5958 0.1119 0.0000
vt 0.7187 0.5945 0.0000
vt 0.7255 0.5924 0.0000
vt 0.1463 0.3797 0.0000
vt 0.1460 0.3877 0.0000
vt 0.2938 0.1334 0.0000
vt 0.2861 0.1334 0.0000
vt 0.6278 0.0266 0.0000
vt 0.6366 0.0280 0.0000
vt 0.5629 0.9896 0.0000
vt 0.5629 0.9977 0.0000
vt 0.9795 0.7902 0.0000
vt 0.9878 0.7909 0.0000
vt 0.6022 0.1214 0.0000
vt 0.6110 0.1214 0.0000
vt 0.5638 0.2720 0.0000
vt 0.5673 0.2747 0.0000
vt 0.2846 0.0883 0.0000
vt 0.2935 0.0883 0.0000
vt 0.7255 0.0185 0.0000
vt 0.7234 0.0263 0.0000
vt 0.6115 0.9902 0.0000
vt 0.2974 0.2123 0.0000
vt 0.3082 0.2123 0.0000
vt 0.9015 0.0161 0.0000
vt 0.5074 0.0352 0.0000
vt 0.5060 0.0299 0.0000
vt 0.3244 0.9911 0.0000
vt 0.3239 0.9970 0.0000
vt 0.9761 0.0596 0.0000
vt 0.9730 0.0580 0.0000
vt 0.0853 0.4600 0.0000
vt 0.0852 0.4677 0.0000
vt 0.0332 0.9323 0.0000
vt 0.0382 0.9352 0.0000
vt 0.7171 0.9934 0.0000
vt 0.7172 0.9853 0.0000
vt 0.9233 0.0313 0.0000
vt 0.9216 0.0246 0.0000
vt 0.9907 0.1989 0.0000
vt 0.9849 0.1956 0.0000
vt 0.4642 0.9862 0.0000
vt 0.4640 0.9950 0.0000
vt 0.6947 0.0446 0.0000
vt 0.7005 0.0432 0.0000
vt 0.3480 0.0269 0.0000
vt 0.3508 0.0220 0.0000
vt 0.7641 0.9864 0.0000
vt 0.7639 0.9952 0.0000
vt 0.3030 0.0672 0.0000
vt 0.2992 0.0682 0.0000
vt 0.3235 0.9590 0.0000
vt 0.3240 0.9656 0.0000
vt 0.3242 0.9689 0.0000
vt 0.3245 0.9777 0.0000
vt 0.3246 0.9804 0.0000
vt 0.3244 0.9885 0.0000
vt 0.5925 0.0994 0.0000
vt 0.5846 0.0973 0.0000
vt 0.4985 0.0256 0.0000
vt 0.6017 0.1116 0.0000
vt 0.5958 0.1129 0.0000
vt 0.7179 0.5938 0.0000
vt 0.7247 0.5917 0.0000
vt 0.1473 0.3800 0.0000
vt 0.1470 0.3881 0.0000
vt 0.2938 0.1426 0.0000
vt 0.2861 0.1426 0.0000
vt 0.6266 0.0234 0.0000
vt 0.6370 0.0270 0.0000
vt 0.5721 0.9896 0.0000
vt 0.5721 0.9977 0.0000
vt 0.9798 0.7893 0.0000
vt 0.9881 0.7899 0.0000
vt 0.6022 0.1122 0.0000
vt 0.6110 0.1122 0.0000
vt 0.5645 0.2713 0.0000
vt 0.5681 0.2740 0.0000
vt 0.2846 0.0791 0.0000
vt 0.2935 0.0791 0.0000
vt 0.6119 0.9969 0.0000
vt 0.6105 0.9902 0.0000
vt 0.7347 0.0191 0.0000
vt 0.7338 0.0259 0.0000
vt 0.2980 0.2031 0.0000
vt 0.3055 0.2032 0.0000
vt 0.9035 0.0073 0.0000
vt 0.5065 0.0350 0.0000
vt 0.5052 0.0296 0.0000
vt 0.3252 0.9911 0.0000
vt 0.3248 0.9969 0.0000
vt 0.9761 0.0681 0.0000
vt 0.9731 0.0665 0.0000
vt 0.0861 0.4601 0.0000
vt 0.0860 0.4677 0.0000
vt 0.0332 0.9314 0.0000
vt 0.0382 0.9343 0.0000
vt 0.7162 0.9934 0.0000
vt 0.7163 0.9853 0.0000
vt 0.9224 0.0311 0.0000
vt 0.9207 0.0244 0.0000
vt 0.9907 0.1998 0.0000
vt 0.9849 0.1965 0.0000
vt 0.4650 0.9862 0.0000
vt 0.4649 0.9950 0.0000
vt 0.6950 0.0437 0.0000
vt 0.7008 0.0423 0.0000
vt 0.3471 0.0269 0.0000
vt 0.3499 0.0220 0.0000
vt 0.7649 0.9864 0.0000
vt 0.7648 0.9953 0.0000
vt 0.3028 0.0681 0.0000
vt 0.2990 0.0690 0.0000
vt 0.3244 0.9590 0.0000
vt 0.3249 0.9656 0.0000
vt 0.3251 0.9688 0.0000
vt 0.3254 0.9776 0.0000
vt 0.3254 0.9804 0.0000
vt 0.3253 0.9885 0.0000
vt 0.5919 0.1086 0.0000
vt 0.5850 0.1077 0.0000
vt 0.4962 0.0175 0.0000
vt 0.6017 0.1215 0.0000
vt 0.7118 0.5869 0.0000
vt 0.1570 0.3835 0.0000
vt 0.1559 0.3903 0.0000
vt 0.2938 0.1435 0.0000
vt 0.2861 0.1435 0.0000
vt 0.6321 0.0156 0.0000
vt 0.6392 0.0181 0.0000
vt 0.5730 0.9896 0.0000
vt 0.5730 0.9977 0.0000
vt 0.9835 0.7794 0.0000
vt 0.9904 0.7810 0.0000
vt 0.6022 0.1113 0.0000
vt 0.6110 0.1113 0.0000
vt 0.5712 0.2636 0.0000
vt 0.5740 0.2670 0.0000
vt 0.2846 0.0782 0.0000
vt 0.2935 0.0782 0.0000
vt 0.6015 0.9965 0.0000
vt 0.7356 0.0189 0.0000
vt 0.7347 0.0257 0.0000
vt 0.8924 0.0161 0.0000
vt 0.2978 0.2023 0.0000
vt 0.3052 0.2023 0.0000
vt 0.5056 0.0348 0.0000
vt 0.5043 0.0294 0.0000
vt 0.3335 0.9909 0.0000
vt 0.3331 0.9968 0.0000
vt 0.9761 0.0689 0.0000
vt 0.9731 0.0673 0.0000
vt 0.0944 0.4602 0.0000
vt 0.0943 0.4678 0.0000
vt 0.0332 0.9305 0.0000
vt 0.0382 0.9334 0.0000
vt 0.7080 0.9933 0.0000
vt 0.7081 0.9852 0.0000
vt 0.9215 0.0308 0.0000
vt 0.9199 0.0242 0.0000
vt 0.9907 0.2007 0.0000
vt 0.9849 0.1974 0.0000
vt 0.4733 0.9864 0.0000
vt 0.4732 0.9952 0.0000
vt 0.6952 0.0429 0.0000
vt 0.7010 0.0414 0.0000
vt 0.3462 0.0268 0.0000
vt 0.3490 0.0220 0.0000
vt 0.7732 0.9865 0.0000
vt 0.7730 0.9954 0.0000
vt 0.3006 0.0763 0.0000
vt 0.2969 0.0773 0.0000
vt 0.3326 0.9588 0.0000
vt 0.3332 0.9655 0.0000
vt 0.3333 0.9687 0.0000
vt 0.3336 0.9775 0.0000
vt 0.3337 0.9803 0.0000
vt 0.3335 0.9884 0.0000
vt 0.4881 0.0256 0.0000
vt 0.5921 0.1094 0.0000
vt 0.5852 0.1086 0.0000
vt 0.5958 0.1232 0.0000
vt 0.7176 0.5848 0.0000
vt 0.1578 0.3841 0.0000
vt 0.1567 0.3908 0.0000
vt 0.7110 0.5865 0.0000
vt 0.7168 0.5844 0.0000
vt 0.2938 0.1447 0.0000
vt 0.2861 0.1447 0.0000
vt 0.4871 0.0175 0.0000
vt 0.6326 0.0149 0.0000
vt 0.6397 0.0173 0.0000
vt 0.5742 0.9896 0.0000
vt 0.5742 0.9977 0.0000
vt 0.8930 0.0073 0.0000
vt 0.9840 0.7787 0.0000
vt 0.9909 0.7802 0.0000
vt 0.6022 0.1101 0.0000
vt 0.6110 0.1101 0.0000
vt 0.6003 0.9898 0.0000
vt 0.7461 0.7609 0.0000
vt 0.7456 0.7565 0.0000
vt 0.7476 0.7553 0.0000
vt 0.0692 0.1212 0.0000
vt 0.0636 0.1227 0.0000
vt 0.0695 0.1203 0.0000
vt 0.2846 0.0770 0.0000
vt 0.2935 0.0770 0.0000
vt 0.6007 0.9965 0.0000
vt 0.7368 0.0185 0.0000
vt 0.7359 0.0253 0.0000
vt 0.8916 0.0161 0.0000
vt 0.8921 0.0073 0.0000
vt 0.2974 0.2011 0.0000
vt 0.3048 0.2011 0.0000
vt 0.4974 0.0326 0.0000
vt 0.4961 0.0273 0.0000
vt 0.3343 0.9909 0.0000
vt 0.3338 0.9968 0.0000
vt 0.9762 0.0700 0.0000
vt 0.9731 0.0685 0.0000
vt 0.0952 0.4602 0.0000
vt 0.0951 0.4679 0.0000
vt 0.0335 0.9220 0.0000
vt 0.0384 0.9249 0.0000
vt 0.7072 0.9932 0.0000
vt 0.7073 0.9852 0.0000
vt 0.9133 0.0287 0.0000
vt 0.9116 0.0220 0.0000
vt 0.9904 0.2092 0.0000
vt 0.9847 0.2059 0.0000
vt 0.4741 0.9864 0.0000
vt 0.4739 0.9952 0.0000
vt 0.6973 0.0346 0.0000
vt 0.7031 0.0332 0.0000
vt 0.3377 0.0266 0.0000
vt 0.3405 0.0217 0.0000
vt 0.7740 0.9865 0.0000
vt 0.7738 0.9954 0.0000
vt 0.3004 0.0771 0.0000
vt 0.2966 0.0781 0.0000
vt 0.3334 0.9588 0.0000
vt 0.3340 0.9655 0.0000
vt 0.3341 0.9687 0.0000
vt 0.3344 0.9775 0.0000
vt 0.3345 0.9803 0.0000
vt 0.3343 0.9883 0.0000
vt 0.4872 0.0256 0.0000
vt 0.4863 0.0175 0.0000
vt 0.5925 0.1106 0.0000
vt 0.5856 0.1098 0.0000
vt 0.6017 0.1224 0.0000
vt 0.5958 0.1241 0.0000
vt 0.1588 0.3848 0.0000
vt 0.1577 0.3915 0.0000
vt 0.7098 0.5859 0.0000
vt 0.7157 0.5838 0.0000
vt 0.2904 0.1551 0.0000
vt 0.6333 0.0139 0.0000
vt 0.6404 0.0163 0.0000
vt 0.5853 0.9937 0.0000
vt 0.9848 0.7776 0.0000
vt 0.9916 0.7792 0.0000
vt 0.6066 0.0990 0.0000
vt 0.6495 0.4674 0.0000
vt 0.6489 0.4740 0.0000
vt 0.6475 0.4674 0.0000
vt 0.0640 0.1215 0.0000
vt 0.0698 0.1191 0.0000
vt 0.2896 0.0636 0.0000
vt 0.1901 0.0215 0.0000
vt 0.1964 0.0241 0.0000
vt 0.1962 0.0253 0.0000
vt 0.1899 0.0227 0.0000
vt 0.7502 0.0163 0.0000
vt 0.8904 0.0161 0.0000
vt 0.8909 0.0073 0.0000
vt 0.2972 0.1899 0.0000
vt 0.4966 0.0324 0.0000
vt 0.4953 0.0271 0.0000
vt 0.3354 0.9909 0.0000
vt 0.3349 0.9968 0.0000
vt 0.9752 0.0802 0.0000
vt 0.0963 0.4602 0.0000
vt 0.0962 0.4679 0.0000
vt 0.0335 0.9212 0.0000
vt 0.0385 0.9241 0.0000
vt 0.7061 0.9932 0.0000
vt 0.7062 0.9852 0.0000
vt 0.9125 0.0285 0.0000
vt 0.9108 0.0218 0.0000
vt 0.9904 0.2100 0.0000
vt 0.9846 0.2067 0.0000
vt 0.4752 0.9864 0.0000
vt 0.4750 0.9952 0.0000
vt 0.6975 0.0338 0.0000
vt 0.7033 0.0324 0.0000
vt 0.3369 0.0266 0.0000
vt 0.3397 0.0217 0.0000
vt 0.7751 0.9866 0.0000
vt 0.7749 0.9954 0.0000
vt 0.3001 0.0782 0.0000
vt 0.2964 0.0792 0.0000
vt 0.3345 0.9588 0.0000
vt 0.3350 0.9654 0.0000
vt 0.3352 0.9687 0.0000
vt 0.3355 0.9775 0.0000
vt 0.3356 0.9802 0.0000
vt 0.3354 0.9883 0.0000
vt 0.4860 0.0256 0.0000
vt 0.4851 0.0175 0.0000
vt 0.5927 0.1218 0.0000
vt 0.6017 0.1236 0.0000
vt 0.5958 0.1253 0.0000
vt 0.1673 0.3954 0.0000
vt 0.7019 0.5793 0.0000
vt 0.6441 0.0058 0.0000
vt 0.9953 0.7687 0.0000
vt 0.0720 0.1057 0.0000
vt 0.1899 0.0387 0.0000
vt 0.8792 0.0117 0.0000
vt 0.4955 0.0321 0.0000
vt 0.4942 0.0268 0.0000
vt 0.3450 0.9941 0.0000
vt 0.1071 0.4647 0.0000
vt 0.0335 0.9201 0.0000
vt 0.0385 0.9229 0.0000
vt 0.6950 0.9890 0.0000
vt 0.9114 0.0282 0.0000
vt 0.9097 0.0215 0.0000
vt 0.9904 0.2111 0.0000
vt 0.9846 0.2078 0.0000
vt 0.4862 0.9910 0.0000
vt 0.6978 0.0327 0.0000
vt 0.7036 0.0313 0.0000
vt 0.3357 0.0266 0.0000
vt 0.3385 0.0217 0.0000
vt 0.7859 0.9907 0.0000
vt 0.2951 0.0892 0.0000
vt 0.3446 0.9614 0.0000
vt 0.3450 0.9729 0.0000
vt 0.3451 0.9841 0.0000
vt 0.4740 0.0216 0.0000
vt 0.5992 0.1367 0.0000
vt 0.4846 0.0273 0.0000
vt 0.0360 0.9107 0.0000
vt 0.9002 0.0225 0.0000
vt 0.9871 0.2200 0.0000
vt 0.7036 0.0215 0.0000
vt 0.3267 0.0235 0.0000
vt 0.9907 0.7013 0.0000
vt 0.9939 0.7026 0.0000
vt 0.9920 0.7045 0.0000
vt 0.9894 0.7045 0.0000
vt 0.9938 0.7000 0.0000
vt 0.9970 0.7039 0.0000
vt 0.9934 0.7076 0.0000
vt 0.9876 0.7027 0.0000
vt 0.9882 0.7076 0.0000
vt 0.9920 0.6982 0.0000
vt 0.9970 0.6987 0.0000
vt 0.0300 0.5182 0.0000
vt 0.0250 0.5182 0.0000
vt 0.0250 0.0545 0.0000
vt 0.0300 0.0545 0.0000
vt 0.9875 0.7001 0.0000
vt 0.9844 0.7040 0.0000
vt 0.0092 0.5077 0.0000
vt 0.0047 0.5077 0.0000
vt 0.0047 0.0440 0.0000
vt 0.0092 0.0440 0.0000
vt 0.9894 0.6982 0.0000
vt 0.9932 0.6950 0.0000
vt 0.0205 0.5182 0.0000
vt 0.0205 0.0545 0.0000
vt 0.0242 0.0431 0.0000
vt 0.0332 0.0431 0.0000
vt 0.9844 0.6988 0.0000
vt 0.0143 0.5077 0.0000
vt 0.0143 0.0440 0.0000
vt 0.0005 0.0325 0.0000
vt 0.0085 0.0325 0.0000
vt 0.9880 0.6951 0.0000
vt 0.0458 0.5287 0.0000
vt 0.0408 0.5287 0.0000
vt 0.0408 0.0650 0.0000
vt 0.0458 0.0650 0.0000
vt 0.0163 0.0431 0.0000
vt 0.0250 0.0321 0.0000
vt 0.0300 0.0321 0.0000
vt 0.4919 0.0087 0.0000
vt 0.4919 0.0132 0.0000
vt 0.0282 0.0132 0.0000
vt 0.0282 0.0087 0.0000
vt 0.0174 0.0325 0.0000
vt 0.0047 0.0215 0.0000
vt 0.0092 0.0215 0.0000
vt 0.0363 0.5287 0.0000
vt 0.0363 0.0650 0.0000
vt 0.0400 0.0536 0.0000
vt 0.0490 0.0536 0.0000
vt 0.0205 0.0321 0.0000
vt 0.9645 0.9188 0.0000
vt 0.9608 0.9151 0.0000
vt 0.9668 0.9002 0.0000
vt 0.9793 0.9125 0.0000
vt 0.4919 0.0037 0.0000
vt 0.0282 0.0037 0.0000
vt 0.0168 0.0174 0.0000
vt 0.0168 0.0095 0.0000
vt 0.0143 0.0215 0.0000
vt 0.9646 0.9240 0.0000
vt 0.9795 0.9300 0.0000
vt 0.0321 0.0536 0.0000
vt 0.0408 0.0426 0.0000
vt 0.0458 0.0426 0.0000
vt 0.9556 0.9152 0.0000
vt 0.9493 0.9004 0.0000
vt 0.6531 0.2774 0.0000
vt 0.6361 0.2774 0.0000
vt 0.6353 0.2540 0.0000
vt 0.6568 0.2540 0.0000
vt 0.0168 0.0005 0.0000
vt 0.0058 0.0132 0.0000
vt 0.0058 0.0087 0.0000
vt 0.9609 0.9277 0.0000
vt 0.9672 0.9425 0.0000
vt 0.5999 0.1426 0.0000
vt 0.6150 0.1426 0.0000
vt 0.6200 0.1659 0.0000
vt 0.6008 0.1659 0.0000
vt 0.0363 0.0426 0.0000
vt 0.9520 0.9189 0.0000
vt 0.9370 0.9129 0.0000
vt 0.6210 0.2774 0.0000
vt 0.6161 0.2540 0.0000
vt 0.6353 0.2261 0.0000
vt 0.6568 0.2261 0.0000
vt 0.0058 0.0037 0.0000
vt 0.9557 0.9278 0.0000
vt 0.9497 0.9427 0.0000
vt 0.5830 0.1426 0.0000
vt 0.5793 0.1659 0.0000
vt 0.6200 0.1938 0.0000
vt 0.6008 0.1938 0.0000
vt 0.9520 0.9241 0.0000
vt 0.9372 0.9304 0.0000
vt 0.9824 0.8618 0.0000
vt 0.9824 0.8788 0.0000
vt 0.9590 0.8797 0.0000
vt 0.9590 0.8581 0.0000
vt 0.6161 0.2261 0.0000
vt 0.6371 0.1745 0.0000
vt 0.6491 0.1745 0.0000
vt 0.7150 0.5773 0.0000
vt 0.7000 0.5773 0.0000
vt 0.6950 0.5539 0.0000
vt 0.7142 0.5539 0.0000
vt 0.5793 0.1938 0.0000
vt 0.6098 0.2454 0.0000
vt 0.5990 0.2454 0.0000
vt 0.9824 0.8939 0.0000
vt 0.9590 0.8988 0.0000
vt 0.9311 0.8797 0.0000
vt 0.9311 0.8581 0.0000
vt 0.6263 0.1745 0.0000
vt 0.6382 0.1478 0.0000
vt 0.6442 0.1478 0.0000
vt 0.7320 0.5773 0.0000
vt 0.7357 0.5539 0.0000
vt 0.6950 0.5260 0.0000
vt 0.7142 0.5260 0.0000
vt 0.5869 0.2454 0.0000
vt 0.6032 0.2721 0.0000
vt 0.5979 0.2721 0.0000
vt 0.9311 0.8988 0.0000
vt 0.8795 0.8779 0.0000
vt 0.8795 0.8658 0.0000
vt 0.6328 0.1478 0.0000
vt 0.9919 0.6236 0.0000
vt 0.9995 0.6205 0.0000
vt 0.9995 0.6267 0.0000
vt 0.7357 0.5260 0.0000
vt 0.7052 0.4744 0.0000
vt 0.7160 0.4744 0.0000
vt 0.5918 0.2721 0.0000
vt 0.9950 0.6161 0.0000
vt 0.8795 0.8886 0.0000
vt 0.8529 0.8767 0.0000
vt 0.8529 0.8707 0.0000
vt 0.9951 0.6312 0.0000
vt 0.7281 0.4744 0.0000
vt 0.7117 0.4477 0.0000
vt 0.7171 0.4477 0.0000
vt 0.9888 0.6161 0.0000
vt 0.8529 0.8821 0.0000
vt 0.9889 0.6312 0.0000
vt 0.7232 0.4477 0.0000
vt 0.9844 0.6206 0.0000
vt 0.9844 0.6268 0.0000
# 2436 texture coords

o Licorice_Witch
g Licorice_Witch
usemtl wire_135006006
s 1
f 1/1/1 2/2/2 3/3/3 
f 1/1/1 3/3/3 4/4/4 
f 1/1/1 5/5/5 2/2/2 
s off
f 6/6/6 7/7/7 3/8/3 2/9/2 
s 1
f 1/1/1 4/4/4 8/10/8 
s off
f 7/7/7 4/11/4 3/8/3 
s 1
f 1/1/1 9/12/9 5/5/5 
s off
f 6/6/6 2/9/2 5/13/5 10/14/10 
s 1
f 11/15/11 7/16/7 6/17/6 
f 1/1/1 8/10/8 12/18/12 
s off
f 13/19/13 14/20/14 8/21/8 4/22/4 
f 7/23/7 13/19/13 4/22/4 
s 1
f 1/1/1 15/24/15 9/12/9 
s off
f 10/14/10 5/13/5 9/25/9 
s 1
f 11/15/11 6/17/6 10/26/10 
f 11/15/11 16/27/16 7/16/7 
f 1/1/1 12/18/12 17/28/17 
s off
f 14/20/14 18/29/18 12/30/12 8/21/8 
s 1
f 19/31/19 14/20/14 13/19/13 
f 16/32/16 13/19/13 7/23/7 
f 1/1/1 20/33/20 15/24/15 
s off
f 21/34/21 9/35/9 15/36/15 22/37/22 
f 10/38/10 9/35/9 21/34/21 
s 1
f 11/15/11 10/26/10 23/39/23 
f 24/40/24 16/27/16 11/15/11 
f 1/1/1 17/28/17 25/41/25 
s off
f 18/42/18 26/43/26 17/44/17 12/45/12 
s 1
f 27/46/27 18/29/18 14/20/14 
f 16/47/16 19/48/19 13/49/13 
f 19/31/19 27/46/27 14/20/14 
f 1/1/1 28/50/28 20/33/20 
s off
f 22/37/22 15/36/15 20/51/20 29/52/29 
s 1
f 30/53/30 21/34/21 22/37/22 
f 23/54/23 10/38/10 21/34/21 
f 24/40/24 11/15/11 23/39/23 
f 24/40/24 31/55/31 16/27/16 
f 1/1/1 25/41/25 28/50/28 
s off
f 26/56/26 32/57/32 25/58/25 17/59/17 
s 1
f 33/60/33 26/61/26 18/62/18 
f 27/46/27 33/63/33 18/29/18 
f 31/64/31 19/48/19 16/47/16 
f 34/65/34 27/46/27 19/31/19 
s off
f 29/66/29 20/67/20 28/68/28 35/69/35 
s 1
f 36/70/36 22/37/22 29/52/29 
f 30/53/30 22/37/22 36/70/36 
f 23/71/23 21/72/21 30/73/30 
f 24/40/24 23/39/23 37/74/37 
s off
f 31/75/31 24/76/24 38/77/38 39/78/39 
f 35/79/35 28/80/28 25/58/25 32/57/32 
s 1
f 40/81/40 32/82/32 26/61/26 
f 33/60/33 40/81/40 26/61/26 
f 41/83/41 33/63/33 27/46/27 
f 31/64/31 34/84/34 19/48/19 
f 34/65/34 41/83/41 27/46/27 
f 42/85/42 29/86/29 35/87/35 
f 36/70/36 29/52/29 42/88/42 
f 43/89/43 30/53/30 36/70/36 
f 37/90/37 23/71/23 30/73/30 
s off
f 37/91/37 44/92/44 38/77/38 24/76/24 
f 34/93/34 31/75/31 39/78/39 45/94/45 
s 1
f 38/95/38 46/96/46 47/97/47 39/98/39 
f 48/99/48 35/87/35 32/82/32 
f 40/81/40 49/100/49 32/82/32 
f 50/101/50 40/81/40 33/60/33 
f 41/83/41 50/102/50 33/63/33 
s off
f 41/103/41 34/93/34 45/94/45 51/104/51 
s 1
f 42/85/42 35/87/35 48/99/48 
f 52/105/52 36/70/36 42/88/42 
f 43/89/43 36/70/36 52/105/52 
f 37/90/37 30/73/30 43/106/43 
s off
f 43/107/43 53/108/53 44/92/44 37/91/37 
s 1
f 38/95/38 44/109/44 54/110/54 46/96/46 
f 39/111/39 47/112/47 55/113/55 45/114/45 
s off
f 56/115/56 57/116/57 47/117/47 46/118/46 
s 1
f 48/99/48 32/82/32 49/100/49 
f 58/119/58 49/100/49 40/81/40 
f 50/101/50 58/119/58 40/81/40 
s off
f 50/120/50 41/103/41 51/104/51 59/121/59 
s 1
f 45/122/45 55/123/55 60/124/60 51/125/51 
f 61/126/61 42/85/42 48/99/48 
f 52/105/52 42/88/42 61/127/61 
s off
f 52/128/52 62/129/62 53/108/53 43/107/43 
s 1
f 44/130/44 53/131/53 63/132/63 54/133/54 
s off
f 56/115/56 46/118/46 54/134/54 64/135/64 
f 55/136/55 47/117/47 65/137/65 66/138/66 
f 57/139/57 56/140/56 67/141/67 
f 47/117/47 57/116/57 68/142/68 65/137/65 
s 1
f 69/143/69 48/99/48 49/100/49 
f 58/119/58 70/144/70 49/100/49 
s off
f 58/145/58 50/120/50 59/121/59 71/146/71 
s 1
f 51/125/51 60/124/60 72/147/72 59/148/59 
s off
f 60/149/60 55/136/55 66/138/66 73/150/73 
s 1
f 61/126/61 48/99/48 69/143/69 
s off
f 61/151/61 74/152/74 62/129/62 52/128/52 
s 1
f 53/153/53 62/154/62 75/155/75 63/156/63 
s off
f 63/157/63 76/158/76 77/159/77 54/134/54 
f 64/160/64 67/141/67 56/140/56 
f 54/134/54 77/159/77 78/161/78 64/135/64 
f 66/162/66 65/163/65 79/164/79 80/165/80 
f 57/166/57 67/167/67 81/168/81 
f 57/116/57 82/169/82 83/170/83 68/142/68 
f 65/163/65 68/171/68 84/172/84 79/164/79 
s 1
f 69/143/69 49/100/49 70/144/70 
s off
f 70/173/70 58/145/58 71/146/71 85/174/85 
s 1
f 59/175/59 72/176/72 86/177/86 71/178/71 
s off
f 72/179/72 60/149/60 87/180/87 88/181/88 
f 60/149/60 73/150/73 89/182/89 90/183/90 
f 73/184/73 66/185/66 80/186/80 91/187/91 
f 69/188/69 92/189/92 74/152/74 61/151/61 
s 1
f 62/154/62 74/190/74 93/191/93 75/155/75 
s off
f 75/192/75 94/193/94 76/158/76 63/157/63 
f 76/194/76 95/195/95 96/196/96 77/197/77 
f 64/198/64 97/199/97 67/167/67 
f 77/197/77 96/196/96 98/200/98 78/201/78 
f 64/135/64 78/161/78 99/202/99 100/203/100 
f 84/204/84 101/205/101 80/206/80 79/207/79 
f 102/208/102 57/209/57 81/210/81 
f 81/168/81 67/167/67 103/211/103 
s 1
f 102/212/102 82/213/82 57/214/57 
s off
f 82/169/82 104/215/104 105/216/105 83/170/83 
f 68/217/68 83/218/83 101/219/101 84/220/84 
f 70/173/70 85/174/85 92/189/92 69/188/69 
s 1
f 71/221/71 86/222/86 106/223/106 85/224/85 
s off
f 86/225/86 72/179/72 88/181/88 107/226/107 
f 87/180/87 60/149/60 90/183/90 108/227/108 
f 88/228/88 87/229/87 109/230/109 110/231/110 
f 73/150/73 105/216/105 111/232/111 89/182/89 
f 90/233/90 89/234/89 112/235/112 113/236/113 
f 105/237/105 73/238/73 91/239/91 114/240/114 
f 101/205/101 114/241/114 91/242/91 80/206/80 
s 1
f 74/243/74 92/244/92 115/245/115 93/246/93 
s off
f 93/247/93 116/248/116 117/249/117 75/192/75 
f 75/192/75 118/250/118 119/251/119 94/193/94 
f 94/252/94 120/253/120 95/254/95 76/255/76 
f 98/256/98 96/257/96 95/258/95 121/259/121 
f 122/260/122 97/261/97 64/262/64 
f 97/199/97 103/211/103 67/167/67 
f 78/263/78 98/264/98 121/265/121 99/266/99 
s 1
f 122/267/122 64/268/64 100/269/100 
s off
f 100/203/100 99/202/99 123/270/123 124/271/124 
f 102/208/102 81/210/81 125/272/125 
f 81/273/81 103/274/103 126/275/126 
s 1
f 102/212/102 127/276/127 82/213/82 
f 82/277/82 127/278/127 128/279/128 104/280/104 
s off
f 105/216/105 104/215/104 129/281/129 111/232/111 
f 83/282/83 105/237/105 114/240/114 101/283/101 
s 1
f 92/284/92 85/224/85 106/223/106 115/285/115 
s off
f 106/286/106 86/225/86 130/287/130 131/288/131 
f 86/225/86 107/226/107 132/289/132 130/287/130 
f 107/290/107 88/291/88 110/292/110 133/293/133 
f 134/294/134 87/180/87 108/227/108 135/295/135 
f 108/296/108 90/233/90 113/236/113 136/297/136 
f 87/298/87 134/299/134 137/300/137 109/301/109 
f 137/302/137 138/303/138 110/304/110 109/305/109 
f 89/306/89 111/307/111 139/308/139 112/309/112 
f 140/310/140 113/311/113 112/312/112 139/313/139 
f 115/314/115 141/315/141 116/248/116 93/247/93 
f 116/316/116 142/317/142 143/318/143 117/319/117 
f 117/249/117 144/320/144 118/250/118 75/192/75 
f 118/321/118 145/322/145 146/323/146 119/324/119 
f 94/193/94 119/251/119 147/325/147 123/270/123 
f 123/326/123 148/327/148 120/328/120 94/329/94 
f 121/259/121 95/258/95 120/330/120 148/331/148 
f 122/260/122 149/332/149 97/261/97 
f 97/333/97 150/334/150 103/335/103 
f 99/336/99 121/337/121 148/327/148 123/326/123 
s 1
f 122/267/122 100/269/100 151/338/151 
f 100/339/100 124/340/124 152/341/152 151/342/151 
s off
f 123/270/123 147/325/147 153/343/153 124/271/124 
f 154/344/154 102/208/102 125/272/125 
f 125/272/125 81/210/81 126/345/126 155/346/155 
s 1
f 156/347/156 126/345/126 103/348/103 
f 154/349/154 127/276/127 102/212/102 
f 157/350/157 128/279/128 127/278/127 
f 104/280/104 128/279/128 158/351/158 159/352/159 
s off
f 104/215/104 134/294/134 135/295/135 129/281/129 
f 111/353/111 129/354/129 140/355/140 139/356/139 
f 106/286/106 160/357/160 161/358/161 115/314/115 
f 162/359/162 106/286/106 131/288/131 163/360/163 
f 131/361/131 130/362/130 164/363/164 165/364/165 
f 107/226/107 166/365/166 167/366/167 132/289/132 
f 130/367/130 132/368/132 168/369/168 164/370/164 
f 166/371/166 107/290/107 133/293/133 169/372/169 
f 138/303/138 169/373/169 133/374/133 110/304/110 
f 135/375/135 108/376/108 136/377/136 170/378/170 
f 113/311/113 140/310/140 170/379/170 136/380/136 
f 134/299/134 171/381/171 138/382/138 137/300/137 
f 115/314/115 161/358/161 172/383/172 141/315/141 
f 141/384/141 173/385/173 142/386/142 116/387/116 
f 174/388/174 143/389/143 142/390/142 175/391/175 
f 117/392/117 143/393/143 174/394/174 176/395/176 
f 176/396/176 177/397/177 144/320/144 117/249/117 
f 144/398/144 178/399/178 145/322/145 118/321/118 
f 179/400/179 180/401/180 146/402/146 145/403/145 
f 119/404/119 146/405/146 180/406/180 147/407/147 
f 181/408/181 149/332/149 122/260/122 
f 149/332/149 182/409/182 150/410/150 97/261/97 
s 1
f 156/411/156 103/412/103 150/410/150 
f 181/413/181 122/267/122 151/338/151 
f 124/340/124 183/414/183 184/415/184 152/341/152 
f 185/416/185 151/342/151 152/341/152 
s off
f 147/417/147 180/418/180 179/419/179 153/420/153 
f 124/271/124 153/343/153 177/397/177 176/396/176 
f 154/344/154 125/272/125 186/421/186 
f 186/421/186 125/272/125 155/346/155 187/422/187 
s 1
f 156/347/156 155/346/155 126/345/126 
f 154/423/154 157/424/157 127/425/127 
f 157/350/157 188/426/188 128/279/128 
s off
f 104/215/104 159/427/159 171/428/171 134/294/134 
s 1
f 128/279/128 188/426/188 189/429/189 158/351/158 
f 158/430/158 190/431/190 159/432/159 
s off
f 129/354/129 135/433/135 170/434/170 140/355/140 
f 162/359/162 191/435/191 160/357/160 106/286/106 
f 160/436/160 192/437/192 193/438/193 161/439/161 
f 190/440/190 162/359/162 163/360/163 194/441/194 
f 163/442/163 131/443/131 165/444/165 195/445/195 
f 196/446/196 195/447/195 165/448/165 164/449/164 
f 166/365/166 190/440/190 194/441/194 167/366/167 
f 132/368/132 167/450/167 197/451/197 168/369/168 
f 196/446/196 164/449/164 168/452/168 197/453/197 
f 171/454/171 166/455/166 169/456/169 138/457/138 
f 161/458/161 193/459/193 198/460/198 172/461/172 
f 141/315/141 172/383/172 199/462/199 200/463/200 
f 200/464/200 201/465/201 173/385/173 141/384/141 
f 175/391/175 142/390/142 173/466/173 201/467/201 
f 176/395/176 174/394/174 175/468/175 202/469/202 
f 177/470/177 203/471/203 178/472/178 144/473/144 
f 145/403/145 178/474/178 203/475/203 179/400/179 
f 181/408/181 204/476/204 149/332/149 
f 204/476/204 205/477/205 182/409/182 149/332/149 
s 1
f 156/411/156 150/410/150 182/409/182 
f 181/478/181 151/479/151 185/480/185 
s off
f 124/271/124 176/396/176 202/481/202 183/482/183 
s 1
f 184/483/184 183/484/183 206/485/206 
f 152/341/152 184/415/184 207/486/207 208/487/208 
f 185/416/185 152/341/152 208/487/208 
s off
f 153/420/153 179/419/179 203/488/203 177/489/177 
f 209/490/209 154/491/154 186/492/186 
f 210/493/210 186/492/186 187/494/187 
s 1
f 211/495/211 187/422/187 155/346/155 
f 211/495/211 155/346/155 156/347/156 
s off
f 157/496/157 154/497/154 212/498/212 
s 1
f 213/499/213 188/426/188 157/350/157 
s off
f 159/427/159 190/440/190 166/365/166 171/428/171 
s 1
f 188/500/188 214/501/214 215/502/215 189/503/189 
f 189/504/189 216/505/216 158/430/158 
f 158/430/158 216/505/216 190/431/190 
s off
f 206/506/206 217/507/217 191/435/191 162/359/162 
f 191/508/191 218/509/218 192/510/192 160/511/160 
f 219/512/219 193/513/193 192/514/192 218/515/218 
s 1
f 216/505/216 162/516/162 190/431/190 
s off
f 194/517/194 163/442/163 195/445/195 196/518/196 
f 167/519/167 194/520/194 196/521/196 197/522/197 
f 219/512/219 220/523/220 198/524/198 193/513/193 
f 172/461/172 198/460/198 220/525/220 199/526/199 
f 200/463/200 199/462/199 217/507/217 206/506/206 
f 202/527/202 175/528/175 201/529/201 200/530/200 
f 209/490/209 204/531/204 181/532/181 
f 210/493/210 205/533/205 204/531/204 
s 1
f 211/534/211 182/409/182 205/477/205 
f 211/534/211 156/411/156 182/409/182 
s off
f 185/535/185 221/536/221 181/537/181 
f 183/482/183 202/481/202 200/463/200 206/506/206 
s 1
f 184/483/184 206/485/206 222/538/222 
f 207/539/207 184/483/184 222/538/222 
f 208/540/208 207/541/207 223/542/223 224/543/224 
f 225/544/225 185/416/185 208/487/208 
s off
f 209/490/209 186/492/186 210/493/210 
f 154/497/154 209/545/209 226/546/226 
f 210/493/210 187/494/187 211/547/211 
f 157/496/157 212/498/212 227/548/227 
f 154/497/154 226/546/226 212/498/212 
f 213/549/213 157/424/157 227/550/227 
s 1
f 213/549/213 214/551/214 188/552/188 
f 214/501/214 228/553/228 229/554/229 215/502/215 
f 189/503/189 215/502/215 230/555/230 231/556/231 
f 189/557/189 231/558/231 216/559/216 
f 222/538/222 206/485/206 162/516/162 
s off
f 217/560/217 219/561/219 218/509/218 191/508/191 
s 1
f 216/505/216 232/562/232 162/516/162 
s off
f 199/563/199 220/564/220 219/565/219 217/566/217 
f 181/537/181 226/546/226 209/545/209 
f 209/490/209 210/493/210 204/531/204 
f 210/493/210 211/547/211 205/533/205 
f 185/535/185 233/567/233 221/536/221 
f 181/537/181 221/536/221 226/546/226 
s 1
f 207/568/207 222/569/222 234/570/234 
f 225/571/225 208/572/208 224/573/224 
f 207/541/207 234/574/234 235/575/235 223/542/223 
f 224/543/224 223/542/223 236/576/236 237/577/237 
s off
f 225/571/225 233/578/233 185/480/185 
f 227/579/227 212/580/212 238/581/238 239/582/239 
f 212/580/212 226/583/226 240/584/240 238/581/238 
f 213/549/213 227/550/227 241/585/241 
s 1
f 213/549/213 242/586/242 228/587/228 214/551/214 
s off
f 229/588/229 228/589/228 243/590/243 244/591/244 
s 1
f 215/502/215 229/554/229 245/592/245 230/555/230 
f 231/556/231 230/555/230 246/593/246 247/594/247 
f 231/595/231 232/562/232 216/505/216 
f 222/538/222 162/516/162 232/562/232 
s off
f 233/596/233 248/597/248 249/598/249 221/599/221 
f 221/599/221 249/598/249 240/584/240 226/583/226 
s 1
f 234/600/234 222/538/222 232/562/232 
f 225/571/225 224/573/224 237/601/237 250/602/250 
f 234/574/234 247/603/247 246/604/246 235/575/235 
f 223/542/223 235/575/235 251/605/251 236/576/236 
s off
f 236/606/236 252/607/252 253/608/253 237/609/237 
f 225/571/225 254/610/254 233/578/233 
f 241/611/241 227/612/227 239/613/239 255/614/255 
s 1
f 256/615/256 239/616/239 238/617/238 
f 240/618/240 257/619/257 256/615/256 238/617/238 
s off
f 242/586/242 213/549/213 241/585/241 
f 228/589/228 242/620/242 258/621/258 243/590/243 
f 245/622/245 229/588/229 244/591/244 259/623/259 
f 244/624/244 243/625/243 260/626/260 261/627/261 
s 1
f 230/555/230 245/592/245 262/628/262 246/593/246 
f 231/595/231 247/629/247 232/562/232 
s off
f 254/630/254 263/631/263 248/632/248 233/633/233 
s 1
f 264/634/264 249/635/249 248/636/248 
f 240/637/240 249/635/249 264/634/264 257/638/257 
f 234/600/234 232/562/232 247/629/247 
s off
f 250/602/250 254/610/254 225/571/225 
f 237/609/237 253/608/253 265/639/265 250/640/250 
s 1
f 235/575/235 246/604/246 262/641/262 251/605/251 
s off
f 251/642/251 266/643/266 252/607/252 236/606/236 
f 252/644/252 267/645/267 268/646/268 253/647/253 
f 269/648/269 241/611/241 255/614/255 270/649/270 
s 1
f 256/615/256 255/650/255 239/616/239 
f 257/619/257 271/651/271 272/652/272 256/615/256 
s off
f 242/653/242 241/654/241 269/655/269 
f 242/620/242 273/656/273 274/657/274 258/621/258 
f 243/625/243 258/658/258 275/659/275 260/626/260 
f 262/660/262 245/622/245 259/623/259 276/661/276 
f 259/662/259 244/624/244 261/627/261 277/663/277 
f 261/627/261 260/626/260 278/664/278 
f 279/665/279 280/666/280 263/631/263 254/630/254 
s 1
f 264/634/264 248/636/248 263/667/263 
f 257/638/257 264/634/264 281/668/281 271/669/271 
s off
f 250/670/250 279/671/279 254/672/254 
f 253/647/253 268/646/268 282/673/282 265/674/265 
f 250/640/250 265/639/265 283/675/283 284/676/284 
f 262/660/262 276/661/276 266/643/266 251/642/251 
f 266/677/266 285/678/285 267/645/267 252/644/252 
f 267/645/267 286/679/286 268/646/268 
f 287/680/287 269/681/269 270/682/270 272/683/272 
s 1
f 272/684/272 270/685/270 255/686/255 
f 272/652/272 255/650/255 256/615/256 
s off
f 288/687/288 287/680/287 272/683/272 271/688/271 
f 273/689/273 242/586/242 269/690/269 
f 273/656/273 289/691/289 290/692/290 274/657/274 
f 258/658/258 274/693/274 291/694/291 275/659/275 
f 260/626/260 275/659/275 292/695/292 
f 276/696/276 259/662/259 277/663/277 293/697/293 
f 277/663/277 261/627/261 294/698/294 295/699/295 
f 261/627/261 278/664/278 296/700/296 
f 260/626/260 292/695/292 278/664/278 
f 297/701/297 281/702/281 280/703/280 279/704/279 
s 1
f 281/705/281 263/706/263 280/707/280 
f 281/668/281 264/634/264 263/667/263 
s off
f 288/687/288 271/688/271 281/702/281 297/701/297 
f 284/708/284 279/709/279 250/602/250 
f 268/646/268 298/710/298 282/673/282 
f 265/674/265 282/673/282 299/711/299 283/712/283 
f 284/676/284 283/675/283 290/692/290 289/691/289 
f 276/696/276 293/697/293 285/678/285 266/677/266 
f 285/678/285 300/713/300 301/714/301 267/645/267 
f 267/645/267 302/715/302 286/679/286 
f 268/646/268 286/679/286 298/710/298 
f 273/716/273 269/717/269 287/718/287 
f 289/691/289 273/656/273 287/719/287 288/720/288 
f 274/693/274 290/721/290 303/722/303 291/694/291 
f 275/659/275 291/694/291 304/723/304 305/724/305 
f 275/725/275 306/726/306 292/727/292 
f 293/697/293 277/663/277 295/699/295 307/728/307 
f 294/698/294 261/627/261 296/700/296 
f 294/698/294 308/729/308 309/730/309 295/699/295 
f 296/700/296 278/664/278 310/731/310 
f 278/664/278 292/695/292 311/732/311 
f 284/733/284 297/734/297 279/735/279 
f 289/691/289 288/720/288 297/736/297 284/676/284 
f 282/737/282 298/738/298 312/739/312 
f 282/673/282 313/740/313 314/741/314 299/711/299 
f 283/712/283 299/711/299 303/722/303 290/721/290 
f 293/697/293 307/728/307 300/713/300 285/678/285 
f 301/714/301 300/713/300 315/742/315 316/743/316 
f 301/714/301 302/715/302 267/645/267 
f 302/715/302 317/744/317 286/679/286 
f 286/679/286 318/745/318 298/710/298 
f 291/694/291 303/722/303 319/746/319 304/723/304 
f 275/659/275 305/724/305 306/747/306 
f 304/723/304 320/748/320 321/749/321 305/724/305 
f 292/727/292 306/726/306 322/750/322 
f 295/699/295 309/730/309 323/751/323 307/728/307 
f 294/752/294 296/753/296 324/754/324 
f 308/729/308 294/698/294 324/755/324 
f 309/756/309 308/757/308 325/758/325 326/759/326 
f 296/700/296 310/731/310 327/760/327 
f 278/664/278 311/732/311 310/731/310 
f 292/761/292 322/762/322 311/763/311 
f 282/673/282 312/764/312 313/740/313 
f 298/738/298 328/765/328 312/739/312 
f 314/741/314 313/740/313 329/766/329 330/767/330 
f 299/711/299 314/741/314 319/746/319 303/722/303 
f 300/713/300 307/728/307 323/751/323 315/742/315 
f 316/743/316 331/768/331 301/714/301 
f 315/769/315 332/770/332 333/771/333 316/772/316 
f 301/773/301 331/774/331 302/775/302 
f 302/715/302 334/776/334 317/744/317 
f 286/679/286 317/744/317 318/745/318 
f 298/777/298 318/778/318 328/779/328 
f 319/746/319 335/780/335 320/748/320 304/723/304 
f 305/781/305 336/782/336 306/726/306 
f 321/783/321 320/784/320 337/785/337 338/786/338 
f 305/724/305 321/749/321 336/787/336 
f 306/788/306 339/789/339 322/762/322 
f 323/790/323 309/791/309 326/792/326 340/793/340 
f 324/754/324 296/753/296 327/794/327 
f 308/795/308 324/796/324 341/797/341 
f 325/798/325 308/795/308 341/797/341 
f 325/758/325 342/799/342 343/800/343 326/759/326 
f 327/760/327 310/731/310 344/801/344 345/802/345 
f 310/731/310 311/732/311 346/803/346 344/801/344 
f 311/763/311 322/762/322 347/804/347 346/805/346 
f 313/806/313 312/739/312 348/807/348 
f 312/808/312 328/779/328 349/809/349 
f 319/746/319 314/741/314 330/767/330 335/780/335 
f 313/740/313 348/810/348 329/766/329 
f 329/811/329 350/812/350 351/813/351 330/814/330 
f 323/790/323 340/793/340 332/815/332 315/816/315 
f 316/817/316 352/818/352 331/819/331 
f 333/771/333 332/770/332 353/820/353 354/821/354 
f 333/822/333 352/818/352 316/817/316 
f 331/774/331 334/823/334 302/775/302 
f 334/776/334 355/824/355 356/825/356 317/744/317 
f 317/744/317 356/825/356 357/826/357 318/745/318 
f 318/778/318 357/827/357 358/828/358 328/779/328 
f 320/829/320 335/830/335 359/831/359 337/832/337 
f 306/726/306 336/782/336 339/833/339 
f 321/834/321 338/835/338 360/836/360 
f 337/785/337 361/837/361 362/838/362 338/786/338 
f 321/834/321 360/836/360 336/839/336 
f 322/762/322 339/789/339 363/840/363 347/804/347 
f 326/792/326 343/841/343 364/842/364 340/793/340 
f 324/754/324 327/794/327 365/843/365 
f 341/844/341 324/754/324 365/843/365 
f 325/798/325 341/797/341 366/845/366 
f 342/846/342 325/798/325 366/845/366 
f 343/847/343 342/846/342 367/848/367 368/849/368 
f 365/850/365 327/851/327 345/852/345 369/853/369 
f 345/802/345 344/801/344 370/854/344 371/855/345 
f 344/801/344 346/803/346 372/856/346 370/854/344 
f 346/805/346 347/804/347 373/857/347 372/858/346 
f 312/739/312 349/859/349 348/807/348 
f 328/779/328 358/828/358 374/860/370 349/809/349 
f 330/861/330 351/862/351 359/831/359 335/830/335 
f 329/863/329 348/864/348 375/865/371 
f 329/863/329 375/865/371 350/866/350 
f 351/813/351 350/812/350 376/867/372 377/868/373 
f 332/815/332 340/793/340 364/842/364 353/869/353 
f 352/870/352 378/871/374 331/774/331 
f 354/872/354 379/873/375 333/822/333 
f 353/874/353 380/875/376 381/876/377 354/872/354 
f 333/822/333 379/873/375 352/818/352 
f 331/877/331 378/878/374 334/879/334 
f 378/878/374 382/880/378 355/881/355 334/879/334 
f 355/824/355 383/882/379 356/825/356 
f 356/825/356 384/883/380 357/826/357 
f 357/827/357 385/884/381 358/828/358 
f 359/831/359 386/885/382 361/886/361 337/832/337 
f 336/887/336 387/888/383 339/789/339 
f 338/835/338 388/889/384 360/836/360 
f 362/890/362 361/886/361 389/891/385 390/892/386 
f 338/835/338 362/893/362 388/889/384 
f 336/839/336 360/836/360 387/894/383 
f 339/789/339 387/888/383 391/895/387 363/840/363 
f 347/804/347 363/840/363 392/896/363 373/857/347 
f 364/842/364 343/841/343 368/897/368 393/898/388 
f 341/844/341 365/843/365 394/899/389 
f 366/900/366 341/901/341 394/902/389 
f 342/846/342 366/845/366 395/903/390 
f 342/846/342 396/904/391 397/905/392 367/848/367 
s 1
f 398/906/393 368/907/368 367/908/367 
s off
f 394/909/389 365/850/365 369/853/369 399/910/394 
f 369/853/369 345/852/345 371/911/345 400/912/369 
f 371/855/345 370/854/344 401/913/344 402/914/345 
f 370/854/344 372/856/346 403/915/346 401/913/344 
f 372/858/346 373/857/347 404/916/347 403/917/346 
f 348/918/348 349/809/349 405/919/395 
f 358/828/358 406/920/396 374/860/370 
f 349/809/349 374/860/370 407/921/397 405/919/395 
f 359/831/359 351/862/351 377/922/373 386/885/382 
f 348/864/348 405/923/395 375/865/371 
f 350/866/350 375/865/371 408/924/398 
f 350/866/350 408/924/398 376/925/372 
f 376/926/372 409/927/399 410/928/400 377/922/373 
f 364/842/364 393/898/388 380/929/376 353/869/353 
f 352/930/352 411/931/401 378/878/374 
f 354/872/354 412/932/402 379/873/375 
s 1
f 398/906/393 381/933/377 380/934/376 
s off
f 354/872/354 381/876/377 413/935/403 414/936/404 
f 379/937/375 411/931/401 352/930/352 
f 411/931/401 415/938/405 382/880/378 378/878/374 
f 382/880/378 416/939/406 355/881/355 
f 355/824/355 416/940/406 383/882/379 
f 356/825/356 383/882/379 384/883/380 
f 357/827/357 384/941/380 385/884/381 
f 358/828/358 385/884/381 406/920/396 
f 361/886/361 386/885/382 417/942/407 389/891/385 
f 360/836/360 388/889/384 418/943/408 
f 396/904/391 362/893/362 390/944/386 397/905/392 
s 1
f 398/906/393 390/945/386 389/946/385 
s off
f 362/893/362 419/947/409 388/889/384 
f 360/836/360 418/943/408 387/894/383 
f 387/888/383 418/948/408 420/949/410 391/895/387 
f 363/840/363 391/895/387 421/950/387 392/896/363 
f 373/857/347 392/896/363 422/951/363 404/916/347 
s 1
f 398/906/393 393/952/388 368/907/368 
s off
f 366/845/366 394/953/389 423/954/411 
f 396/904/391 342/846/342 395/903/390 
f 395/903/390 366/845/366 423/954/411 
s 1
f 398/906/393 367/908/367 397/955/392 
s off
f 423/956/411 394/909/389 399/910/394 424/957/412 
f 399/910/394 369/853/369 400/912/369 425/958/394 
f 400/912/369 371/911/345 402/959/345 426/960/369 
f 402/914/345 401/913/344 427/961/413 428/962/414 
f 401/913/344 403/915/346 429/963/415 427/961/413 
f 403/917/346 404/916/347 430/964/416 429/965/415 
f 374/860/370 406/920/396 431/966/417 
f 374/860/370 431/966/417 407/921/397 
f 405/919/395 407/921/397 432/967/418 
f 377/922/373 410/928/400 417/942/407 386/885/382 
f 375/865/371 405/923/395 433/968/419 
f 375/865/371 433/968/419 408/924/398 
f 376/925/372 408/924/398 434/969/420 
f 414/936/404 413/935/403 409/970/399 376/925/372 
s 1
f 398/906/393 410/971/400 409/972/399 
f 398/906/393 380/934/376 393/952/388 
s off
f 414/936/404 412/932/402 354/872/354 
f 412/932/402 435/973/421 379/873/375 
s 1
f 398/906/393 413/974/403 381/933/377 
s off
f 379/873/375 435/973/421 411/975/401 
f 435/976/421 436/977/422 415/938/405 411/931/401 
f 415/938/405 437/978/423 382/880/378 
f 382/880/378 437/978/423 416/939/406 
f 416/979/406 438/980/424 383/981/379 
f 383/981/379 439/982/425 384/983/380 
f 384/941/380 440/984/426 385/884/381 
f 385/884/381 441/985/427 406/920/396 
s 1
f 398/906/393 389/946/385 417/986/407 
s off
f 388/889/384 442/987/428 418/943/408 
f 362/893/362 396/904/391 419/947/409 
s 1
f 398/906/393 397/955/392 390/945/386 
s off
f 388/889/384 419/947/409 442/987/428 
f 418/988/408 442/989/428 443/990/429 420/991/410 
f 391/895/387 420/949/410 444/992/410 421/950/387 
f 392/896/363 421/950/387 445/993/387 422/951/363 
f 404/916/347 422/951/363 446/994/430 430/964/416 
f 396/904/391 395/903/390 419/947/409 
f 395/903/390 423/954/411 447/995/431 
f 447/996/431 423/956/411 424/957/412 448/997/432 
f 424/957/412 399/910/394 425/958/394 449/998/412 
f 425/958/394 400/912/369 426/960/369 450/999/394 
f 426/960/369 402/959/345 428/1000/414 451/1001/433 
f 428/962/414 427/961/413 452/1002/434 
f 427/961/413 429/963/415 453/1003/435 
f 429/965/415 430/964/416 454/1004/436 
f 406/920/396 455/1005/437 431/966/417 
f 407/921/397 431/966/417 456/1006/438 
f 405/919/395 432/967/418 433/1007/419 
f 407/921/397 456/1006/438 432/967/418 
s 1
f 398/906/393 417/986/407 410/971/400 
s off
f 408/924/398 433/968/419 457/1008/439 
f 376/925/372 434/969/420 414/936/404 
f 408/924/398 457/1008/439 434/969/420 
s 1
f 398/906/393 409/972/399 413/974/403 
s off
f 414/936/404 434/969/420 412/932/402 
f 412/932/402 458/1009/440 435/973/421 
f 458/1010/440 436/977/422 435/976/421 
f 436/977/422 459/1011/441 415/938/405 
f 415/938/405 459/1011/441 437/978/423 
f 437/978/423 460/1012/442 416/939/406 
f 416/979/406 460/1013/442 438/980/424 
f 383/981/379 438/980/424 439/982/425 
f 384/941/380 439/1014/425 440/984/426 
f 385/884/381 440/984/426 441/985/427 
f 406/920/396 441/985/427 455/1005/437 
f 419/947/409 447/995/431 442/987/428 
f 442/989/428 447/1015/431 448/1016/432 443/990/429 
f 420/991/410 443/990/429 461/1017/429 444/1018/410 
f 421/950/387 444/992/410 462/1019/410 445/993/387 
f 422/951/363 445/993/387 463/1020/443 446/994/430 
f 430/964/416 446/994/430 464/1021/444 
f 419/947/409 395/903/390 447/995/431 
f 448/997/432 424/957/412 449/998/412 465/1022/432 
f 449/998/412 425/958/394 450/999/394 466/1023/412 
f 450/999/394 426/960/369 451/1001/433 467/1024/445 
f 451/1001/433 428/1000/414 468/1025/446 
f 428/962/414 452/1002/434 468/1026/446 
f 427/961/413 453/1003/435 452/1002/434 
f 429/965/415 454/1004/436 453/1027/435 
f 430/964/416 464/1021/444 454/1004/436 
f 431/966/417 455/1005/437 469/1028/447 
f 431/966/417 469/1028/447 456/1006/438 
f 433/1029/419 432/1030/418 470/1031/448 
f 432/1030/418 456/1032/438 471/1033/449 
f 433/1029/419 470/1031/448 457/1034/439 
f 434/969/420 457/1008/439 458/1009/440 
f 434/969/420 458/1009/440 412/932/402 
f 458/1010/440 472/1035/450 436/977/422 
f 436/977/422 473/1036/451 459/1011/441 
f 459/1011/441 474/1037/452 437/978/423 
f 437/978/423 474/1037/452 460/1012/442 
f 460/1013/442 475/1038/453 476/1039/454 438/980/424 
f 438/980/424 476/1039/454 477/1040/455 439/982/425 
f 439/1014/425 478/1041/456 440/984/426 
f 440/984/426 479/1042/457 441/985/427 
f 441/985/427 479/1042/457 480/1043/458 455/1005/437 
f 443/990/429 448/1016/432 465/1044/432 461/1017/429 
f 444/1018/410 461/1017/429 481/1045/429 462/1046/410 
f 445/993/387 462/1019/410 482/1047/459 463/1020/443 
f 446/994/430 463/1020/443 483/1048/460 
f 446/994/430 483/1048/460 464/1021/444 
f 465/1022/432 449/998/412 466/1023/412 484/1049/432 
f 466/1023/412 450/999/394 467/1024/445 485/1050/461 
f 467/1024/445 451/1001/433 486/1051/462 
f 451/1001/433 468/1025/446 486/1051/462 
f 468/1026/446 452/1002/434 487/1052/463 
f 452/1002/434 453/1003/435 488/1053/464 
f 453/1027/435 454/1004/436 489/1054/465 
f 454/1004/436 464/1021/444 490/1055/466 
f 455/1005/437 491/1056/467 469/1028/447 
f 456/1057/438 469/1058/447 492/1059/468 
f 432/1030/418 471/1033/449 470/1031/448 
f 456/1057/438 492/1059/468 471/1060/449 
f 457/1034/439 470/1031/448 472/1061/450 
f 457/1034/439 472/1061/450 458/1062/440 
f 472/1035/450 473/1036/451 436/977/422 
f 473/1036/451 493/1063/469 459/1011/441 
f 459/1011/441 493/1063/469 474/1037/452 
f 474/1037/452 475/1064/453 460/1012/442 
f 475/1038/453 494/1065/470 495/1066/471 476/1039/454 
f 476/1039/454 496/1067/472 477/1040/455 
f 439/1014/425 477/1068/455 478/1041/456 
f 440/984/426 478/1041/456 479/1042/457 
f 479/1042/457 497/1069/473 480/1043/458 
f 455/1005/437 480/1043/458 491/1056/467 
f 461/1017/429 465/1044/432 484/1070/432 481/1045/429 
f 462/1046/410 481/1045/429 498/1071/474 482/1072/459 
f 463/1020/443 482/1047/459 499/1073/475 
f 463/1020/443 499/1073/475 483/1048/460 
f 464/1021/444 483/1048/460 500/1074/476 
f 484/1049/432 466/1023/412 485/1050/461 501/1075/477 
f 485/1050/461 467/1024/445 502/1076/478 503/1077/479 
f 467/1024/445 486/1051/462 502/1076/478 
f 486/1078/462 468/1079/446 504/1080/480 
f 468/1026/446 487/1052/463 504/1081/480 
f 452/1002/434 488/1053/464 487/1052/463 
f 453/1027/435 489/1054/465 488/1082/464 
f 454/1004/436 490/1055/466 489/1054/465 
f 464/1021/444 500/1074/476 490/1055/466 
f 469/1058/447 491/1083/467 505/1084/481 492/1059/468 
f 470/1031/448 471/1033/449 506/1085/482 
f 471/1060/449 492/1059/468 507/1086/483 
f 470/1031/448 506/1085/482 472/1061/450 
f 472/1035/450 506/1087/482 473/1036/451 
f 473/1036/451 508/1088/484 493/1063/469 
f 493/1063/469 509/1089/485 474/1037/452 
f 474/1037/452 509/1089/485 475/1064/453 
f 509/1089/485 510/1090/486 494/1091/470 475/1064/453 
f 494/1065/470 511/1092/487 495/1066/471 
f 476/1039/454 495/1066/471 496/1067/472 
f 477/1068/455 496/1093/472 512/1094/488 
f 477/1068/455 512/1094/488 478/1041/456 
f 478/1041/456 513/1095/489 479/1042/457 
f 479/1042/457 513/1095/489 497/1069/473 
f 480/1043/458 497/1069/473 514/1096/490 
f 480/1043/458 514/1096/490 491/1056/467 
f 481/1045/429 484/1070/432 501/1097/477 498/1071/474 
f 482/1072/459 498/1071/474 515/1098/491 
f 482/1072/459 515/1098/491 499/1099/475 
f 483/1048/460 499/1073/475 516/1100/492 
f 483/1048/460 516/1100/492 500/1074/476 
f 501/1075/477 485/1050/461 503/1077/479 
f 503/1077/479 502/1076/478 517/1101/493 
f 502/1102/478 486/1078/462 518/1103/494 
f 486/1078/462 504/1080/480 518/1103/494 
f 504/1081/480 487/1052/463 519/1104/495 
f 487/1052/463 488/1053/464 520/1105/496 
f 488/1106/464 489/1107/465 521/1108/497 
f 489/1107/465 490/1109/466 522/1110/498 
f 490/1055/466 500/1074/476 523/1111/499 
f 491/1083/467 514/1112/490 524/1113/500 505/1084/481 
f 492/1059/468 505/1084/481 525/1114/501 507/1086/483 
f 471/1060/449 507/1086/483 506/1115/482 
f 506/1087/482 508/1088/484 473/1036/451 
f 508/1088/484 526/1116/502 527/1117/503 493/1063/469 
f 493/1063/469 527/1117/503 509/1089/485 
f 527/1117/503 528/1118/504 510/1090/486 509/1089/485 
f 510/1090/486 529/1119/505 494/1091/470 
f 494/1065/470 529/1120/505 511/1092/487 
f 495/1066/471 511/1092/487 530/1121/506 
f 495/1066/471 530/1121/506 496/1067/472 
f 496/1093/472 531/1122/507 512/1094/488 
f 478/1041/456 512/1094/488 513/1095/489 
f 513/1095/489 532/1123/508 497/1069/473 
f 497/1069/473 533/1124/509 514/1096/490 
f 498/1071/474 501/1097/477 534/1125/510 
f 498/1071/474 534/1125/510 515/1098/491 
f 499/1099/475 515/1098/491 535/1126/511 
f 499/1099/475 535/1126/511 516/1127/492 
f 500/1128/476 516/1129/492 536/1130/512 
f 501/1075/477 503/1077/479 534/1131/510 
f 503/1077/479 517/1101/493 537/1132/513 
f 502/1102/478 518/1103/494 517/1133/493 
f 518/1103/494 504/1080/480 538/1134/514 
f 504/1081/480 519/1104/495 538/1135/514 
f 487/1052/463 520/1105/496 519/1104/495 
f 488/1106/464 521/1108/497 520/1136/496 
f 489/1107/465 522/1110/498 521/1108/497 
f 490/1055/466 523/1111/499 522/1137/498 
f 500/1128/476 536/1130/512 523/1138/499 
f 514/1112/490 539/1139/515 524/1113/500 
f 505/1084/481 524/1113/500 540/1140/516 
f 505/1084/481 540/1140/516 525/1114/501 
f 507/1141/483 525/1142/501 526/1116/502 
f 506/1087/482 507/1141/483 508/1088/484 
f 507/1141/483 526/1116/502 508/1088/484 
f 526/1116/502 528/1118/504 527/1117/503 
f 528/1118/504 541/1143/517 510/1090/486 
f 510/1090/486 541/1143/517 529/1119/505 
f 529/1120/505 542/1144/518 511/1092/487 
f 511/1092/487 543/1145/519 530/1121/506 
f 496/1093/472 530/1146/506 531/1122/507 
f 512/1094/488 531/1122/507 544/1147/520 
f 512/1094/488 544/1147/520 513/1095/489 
f 513/1095/489 544/1147/520 532/1123/508 
f 497/1069/473 532/1123/508 533/1124/509 
f 514/1112/490 533/1148/509 539/1139/515 
f 515/1098/491 534/1125/510 545/1149/521 
f 515/1098/491 545/1149/521 535/1126/511 
f 516/1127/492 535/1126/511 546/1150/522 
f 516/1127/492 546/1150/522 536/1151/512 
f 534/1152/510 503/1153/479 537/1154/513 
f 537/1155/513 517/1156/493 547/1157/523 
f 517/1133/493 518/1103/494 548/1158/524 
f 518/1103/494 538/1134/514 548/1158/524 
f 538/1135/514 519/1104/495 549/1159/525 
f 519/1104/495 520/1105/496 550/1160/526 
f 520/1136/496 521/1108/497 551/1161/527 
f 521/1162/497 522/1163/498 552/1164/528 
f 522/1163/498 523/1165/499 553/1166/529 
f 523/1165/499 536/1167/512 554/1168/530 
f 524/1113/500 539/1139/515 555/1169/531 
f 524/1113/500 555/1169/531 540/1140/516 
f 525/1142/501 540/1170/516 556/1171/532 
f 525/1142/501 556/1171/532 526/1116/502 
f 526/1116/502 556/1171/532 528/1118/504 
f 528/1118/504 557/1172/533 541/1143/517 
f 541/1173/517 558/1174/534 529/1175/505 
f 529/1120/505 558/1176/534 542/1144/518 
f 511/1092/487 542/1144/518 543/1145/519 
f 530/1177/506 543/1178/519 559/1179/535 
f 530/1177/506 559/1179/535 531/1180/507 
f 531/1180/507 560/1181/536 544/1182/520 
f 544/1147/520 561/1183/537 532/1123/508 
f 532/1184/508 562/1185/538 533/1186/509 
f 533/1148/509 563/1187/539 539/1139/515 
f 534/1152/510 537/1154/513 545/1188/521 
f 535/1126/511 545/1149/521 564/1189/540 
f 535/1126/511 564/1189/540 546/1150/522 
f 536/1151/512 546/1150/522 565/1190/541 
f 537/1155/513 547/1157/523 566/1191/542 
f 517/1133/493 548/1158/524 547/1192/523 
f 548/1193/524 538/1194/514 567/1195/543 
f 538/1135/514 549/1159/525 567/1196/543 
f 519/1104/495 550/1160/526 549/1159/525 
f 520/1197/496 551/1198/527 550/1199/526 
f 521/1162/497 552/1164/528 551/1198/527 
f 522/1163/498 553/1166/529 552/1164/528 
f 523/1165/499 554/1168/530 553/1166/529 
f 536/1151/512 565/1190/541 554/1200/530 
f 539/1139/515 568/1201/544 555/1169/531 
f 540/1170/516 555/1202/531 569/1203/545 
f 540/1170/516 569/1203/545 556/1171/532 
f 556/1171/532 557/1172/533 528/1118/504 
f 557/1204/533 570/1205/546 541/1173/517 
f 541/1173/517 570/1205/546 558/1174/534 
f 558/1176/534 571/1206/547 542/1144/518 
f 542/1144/518 572/1207/548 543/1145/519 
f 543/1178/519 573/1208/549 559/1179/535 
f 531/1180/507 559/1179/535 560/1181/536 
f 544/1147/520 560/1209/536 561/1183/537 
f 532/1184/508 561/1210/537 562/1185/538 
f 533/1148/509 562/1211/538 563/1187/539 
f 539/1139/515 563/1187/539 568/1201/544 
f 545/1188/521 537/1154/513 566/1212/542 
f 545/1188/521 566/1212/542 564/1213/540 
f 546/1150/522 564/1189/540 574/1214/550 
f 546/1150/522 574/1214/550 565/1190/541 
f 566/1191/542 547/1157/523 575/1215/551 576/1216/552 
f 547/1157/523 548/1193/524 577/1217/553 
f 548/1193/524 567/1195/543 577/1217/553 
f 567/1196/543 549/1159/525 578/1218/554 579/1219/555 
f 549/1159/525 550/1160/526 580/1220/556 578/1218/554 
f 550/1199/526 551/1198/527 581/1221/557 580/1222/556 
f 551/1198/527 552/1164/528 582/1223/558 581/1221/557 
f 552/1164/528 553/1166/529 583/1224/559 582/1223/558 
f 553/1166/529 554/1168/530 584/1225/560 583/1224/559 
f 554/1200/530 565/1190/541 585/1226/561 584/1227/560 
f 555/1228/531 568/1229/544 586/1230/562 
f 555/1228/531 586/1230/562 569/1231/545 
f 556/1171/532 569/1203/545 557/1172/533 
f 557/1204/533 587/1232/563 570/1205/546 
f 570/1205/546 588/1233/564 558/1174/534 
f 558/1176/534 588/1234/564 571/1206/547 
f 542/1144/518 571/1206/547 572/1207/548 
f 543/1178/519 572/1235/548 573/1208/549 
f 559/1179/535 573/1208/549 589/1236/565 
f 559/1179/535 589/1236/565 560/1181/536 
f 560/1237/536 590/1238/566 561/1239/537 
f 561/1210/537 591/1240/567 562/1185/538 
f 562/1211/538 592/1241/568 563/1187/539 
f 563/1187/539 593/1242/569 568/1201/544 
f 564/1243/540 566/1191/542 576/1216/552 
f 564/1243/540 576/1216/552 574/1244/550 
f 565/1190/541 574/1214/550 594/1245/570 585/1226/561 
f 547/1157/523 577/1217/553 575/1215/551 
f 576/1216/552 575/1215/551 595/1246/571 596/1247/572 
f 577/1217/553 567/1195/543 579/1248/555 597/1249/573 
f 579/1250/555 578/1251/554 598/1252/574 599/1253/575 
f 578/1251/554 580/1254/556 600/1255/576 598/1252/574 
f 580/1254/556 581/1256/557 601/1257/577 600/1255/576 
f 581/1256/557 582/1258/558 602/1259/578 601/1257/577 
f 582/1258/558 583/1260/559 603/1261/579 602/1259/578 
f 583/1260/559 584/1262/560 604/1263/580 603/1261/579 
f 584/1262/560 585/1264/561 605/1265/581 604/1263/580 
f 568/1266/544 606/1267/582 586/1268/562 
f 569/1269/545 586/1268/562 587/1270/563 
f 569/1269/545 587/1270/563 557/1271/533 
f 587/1270/563 607/1272/583 570/1273/546 
f 570/1273/546 607/1272/583 588/1274/564 
f 588/1234/564 608/1275/584 609/1276/585 571/1206/547 
f 571/1206/547 609/1276/585 610/1277/586 572/1207/548 
f 572/1278/548 610/1279/586 611/1280/587 573/1281/549 
f 573/1281/549 611/1280/587 612/1282/588 589/1283/565 
f 560/1237/536 589/1283/565 590/1238/566 
f 561/1210/537 590/1284/566 591/1240/567 
f 562/1211/538 591/1285/567 592/1241/568 
f 563/1187/539 592/1241/568 593/1242/569 
f 568/1266/544 593/1286/569 606/1267/582 
f 574/1244/550 576/1216/552 596/1247/572 594/1287/570 
f 585/1264/561 594/1288/570 613/1289/589 605/1265/581 
f 575/1215/551 577/1217/553 597/1249/573 595/1246/571 
f 596/1290/572 595/1291/571 614/1292/590 615/1293/591 
f 597/1294/573 579/1250/555 599/1253/575 616/1295/592 
f 599/1296/575 598/1297/574 617/1298/593 618/1299/594 
f 598/1297/574 600/1300/576 619/1301/595 617/1298/593 
f 600/1302/576 601/1303/577 620/1304/596 619/1305/595 
f 601/1303/577 602/1306/578 621/1307/597 620/1304/596 
f 602/1306/578 603/1308/579 622/1309/598 621/1307/597 
f 603/1308/579 604/1310/580 623/1311/599 622/1309/598 
f 604/1312/580 605/1313/581 624/1314/600 623/1315/599 
f 586/1268/562 606/1267/582 625/1316/601 
f 586/1268/562 625/1316/601 587/1270/563 
f 587/1270/563 625/1316/601 607/1272/583 
f 607/1272/583 626/1317/602 608/1318/584 588/1274/564 
f 608/1319/584 627/1320/603 628/1321/604 609/1322/585 
f 609/1322/585 628/1321/604 629/1323/605 610/1324/586 
f 610/1324/586 629/1323/605 630/1325/606 611/1326/587 
f 611/1326/587 630/1325/606 631/1327/607 612/1328/588 
f 589/1283/565 612/1282/588 632/1329/608 590/1238/566 
f 590/1238/566 632/1329/608 633/1330/609 591/1331/567 
f 591/1285/567 633/1332/609 634/1333/610 592/1241/568 
f 592/1241/568 634/1333/610 635/1334/611 593/1242/569 
f 593/1286/569 635/1335/611 636/1336/612 606/1267/582 
f 594/1288/570 596/1290/572 615/1293/591 613/1289/589 
f 605/1313/581 613/1337/589 637/1338/613 624/1314/600 
f 595/1291/571 597/1294/573 616/1295/592 614/1292/590 
f 615/1339/591 614/1340/590 638/1341/614 639/1342/615 
f 616/1343/592 599/1344/575 618/1345/594 640/1346/616 
f 618/1347/594 617/1348/593 641/1349/617 642/1350/618 
f 617/1348/593 619/1351/595 643/1352/619 641/1349/617 
f 619/1351/595 620/1353/596 644/1354/620 643/1352/619 
f 620/1353/596 621/1355/597 645/1356/621 644/1354/620 
f 621/1355/597 622/1357/598 646/1358/622 645/1356/621 
f 622/1357/598 623/1359/599 647/1360/623 646/1358/622 
f 623/1359/599 624/1361/600 648/1362/624 647/1360/623 
f 606/1267/582 636/1336/612 649/1363/625 625/1316/601 
f 625/1316/601 649/1363/625 626/1317/602 607/1272/583 
f 626/1364/602 650/1365/626 627/1320/603 608/1319/584 
f 627/1366/603 651/1367/627 652/1368/628 628/1369/604 
f 628/1369/604 652/1368/628 653/1370/629 629/1371/605 
f 629/1372/605 653/1373/629 654/1374/630 630/1375/606 
f 630/1375/606 654/1374/630 655/1376/631 631/1377/607 
f 612/1328/588 631/1327/607 656/1378/632 632/1379/608 
f 632/1379/608 656/1378/632 657/1380/633 633/1381/609 
f 633/1381/609 657/1380/633 658/1382/634 634/1383/610 
f 634/1383/610 658/1382/634 659/1384/635 635/1385/611 
f 635/1385/611 659/1384/635 660/1386/636 636/1387/612 
f 613/1388/589 615/1339/591 639/1342/615 637/1389/613 
f 624/1361/600 637/1390/613 661/1391/637 648/1362/624 
f 614/1340/590 616/1343/592 640/1346/616 638/1341/614 
f 639/1392/615 638/1393/614 662/1394/638 663/1395/639 
f 640/1396/616 618/1347/594 642/1350/618 664/1397/640 
f 642/1398/618 641/1399/617 665/1400/641 
f 641/1399/617 643/1401/619 666/1402/642 
f 643/1403/619 644/1404/620 667/1405/643 
f 644/1404/620 645/1406/621 668/1407/644 
f 645/1406/621 646/1408/622 669/1409/645 
f 646/1408/622 647/1410/623 670/1411/646 
f 647/1412/623 648/1413/624 671/1414/647 
f 636/1387/612 660/1386/636 672/1415/648 649/1416/625 
f 649/1416/625 672/1415/648 650/1365/626 626/1364/602 
f 650/1417/626 673/1418/649 651/1419/627 627/1420/603 
f 651/1421/627 674/1422/650 675/1423/651 652/1424/628 
f 652/1424/628 675/1423/651 676/1425/652 653/1426/629 
f 653/1426/629 676/1425/652 677/1427/653 654/1428/630 
f 654/1428/630 677/1427/653 678/1429/654 655/1430/631 
f 631/1377/607 655/1376/631 679/1431/655 656/1432/632 
f 656/1432/632 679/1431/655 680/1433/656 657/1434/633 
f 657/1435/633 680/1436/656 681/1437/657 658/1438/634 
f 658/1438/634 681/1437/657 682/1439/658 659/1440/635 
f 659/1441/635 682/1442/658 683/1443/659 660/1444/636 
f 637/1390/613 639/1392/615 663/1395/639 661/1391/637 
f 648/1413/624 661/1445/637 684/1446/660 
f 638/1393/614 640/1396/616 664/1397/640 662/1394/638 
f 663/1447/639 662/1448/638 685/1449/661 
f 664/1450/640 642/1451/618 686/1452/662 
f 642/1398/618 665/1400/641 686/1453/662 
f 641/1399/617 666/1402/642 665/1400/641 
f 643/1403/619 667/1405/643 666/1454/642 
f 644/1404/620 668/1407/644 667/1405/643 
f 645/1406/621 669/1409/645 668/1407/644 
f 646/1408/622 670/1411/646 669/1409/645 
f 647/1412/623 671/1414/647 670/1455/646 
f 648/1413/624 684/1446/660 671/1414/647 
f 660/1444/636 683/1443/659 687/1456/663 672/1457/648 
f 672/1457/648 687/1456/663 673/1418/649 650/1417/626 
f 673/1458/649 688/1459/664 674/1422/650 651/1421/627 
f 674/1460/650 689/1461/665 675/1462/651 
f 675/1462/651 690/1463/666 676/1464/652 
f 676/1465/652 691/1466/667 677/1467/653 
f 677/1467/653 692/1468/668 678/1469/654 
f 655/1430/631 678/1429/654 693/1470/669 679/1471/655 
f 679/1471/655 693/1470/669 694/1472/670 680/1473/656 
f 680/1473/656 694/1472/670 695/1474/671 681/1475/657 
f 681/1475/657 695/1474/671 696/1476/672 682/1477/658 
f 682/1477/658 696/1476/672 697/1478/673 683/1479/659 
f 661/1480/637 663/1447/639 698/1481/674 
f 661/1480/637 698/1481/674 684/1482/660 
f 662/1448/638 664/1450/640 699/1483/675 
f 663/1447/639 685/1449/661 698/1481/674 
f 662/1448/638 699/1483/675 685/1449/661 
f 664/1450/640 686/1452/662 699/1483/675 
f 686/1484/662 665/1485/641 700/1486/676 
f 665/1485/641 666/1487/642 701/1488/677 
f 666/1454/642 667/1405/643 702/1489/678 
f 667/1405/643 668/1407/644 703/1490/679 
f 668/1407/644 669/1409/645 704/1491/680 
f 669/1409/645 670/1411/646 705/1492/681 
f 670/1493/646 671/1494/647 706/1495/682 
f 671/1494/647 684/1496/660 707/1497/683 
f 683/1479/659 697/1478/673 708/1498/684 687/1499/663 
f 687/1499/663 708/1498/684 688/1459/664 673/1458/649 
f 688/1500/664 709/1501/685 674/1502/650 
f 674/1460/650 709/1503/685 689/1461/665 
f 675/1462/651 689/1461/665 690/1463/666 
f 676/1465/652 690/1504/666 691/1466/667 
f 677/1467/653 691/1466/667 692/1468/668 
f 678/1469/654 692/1468/668 710/1505/686 
f 678/1469/654 710/1505/686 693/1506/669 
f 693/1506/669 711/1507/687 694/1508/670 
f 694/1509/670 712/1510/688 695/1511/671 
f 695/1511/671 713/1512/689 696/1513/672 
f 696/1514/672 714/1515/690 697/1516/673 
f 684/1482/660 698/1481/674 715/1517/691 
f 698/1481/674 685/1449/661 716/1518/692 
f 685/1449/661 699/1483/675 717/1519/693 
f 699/1520/675 686/1521/662 718/1522/694 
f 686/1484/662 700/1486/676 718/1523/694 
f 665/1485/641 701/1488/677 700/1486/676 
f 666/1454/642 702/1489/678 701/1524/677 
f 667/1405/643 703/1490/679 702/1489/678 
f 668/1407/644 704/1491/680 703/1490/679 
f 669/1409/645 705/1492/681 704/1491/680 
f 670/1493/646 706/1495/682 705/1525/681 
f 671/1494/647 707/1497/683 706/1495/682 
f 684/1482/660 715/1517/691 707/1526/683 
f 697/1516/673 719/1527/695 708/1528/684 
f 708/1528/684 720/1529/696 688/1500/664 
f 688/1500/664 720/1529/696 709/1501/685 
f 709/1530/685 721/1531/697 689/1532/665 
f 689/1533/665 722/1534/698 690/1535/666 
f 690/1504/666 723/1536/699 691/1466/667 
f 691/1466/667 724/1537/700 692/1468/668 
f 692/1468/668 725/1538/701 710/1505/686 
f 693/1506/669 710/1505/686 711/1507/687 
f 694/1509/670 711/1539/687 712/1510/688 
f 695/1511/671 712/1510/688 713/1512/689 
f 696/1514/672 713/1540/689 714/1515/690 
f 697/1516/673 714/1515/690 719/1527/695 
f 698/1481/674 716/1518/692 715/1517/691 
f 685/1449/661 717/1519/693 716/1518/692 
f 699/1483/675 718/1541/694 717/1519/693 
f 718/1542/694 700/1543/676 726/1544/702 727/1545/703 
f 700/1543/676 701/1546/677 728/1547/704 
f 701/1524/677 702/1489/678 729/1548/705 
f 702/1489/678 703/1490/679 730/1549/706 731/1550/707 
f 703/1490/679 704/1491/680 732/1551/708 730/1549/706 
f 704/1491/680 705/1492/681 733/1552/709 732/1551/708 
f 705/1553/681 706/1554/682 734/1555/710 733/1556/709 
f 706/1554/682 707/1557/683 735/1558/711 734/1555/710 
f 707/1526/683 715/1517/691 736/1559/712 735/1560/711 
f 708/1528/684 719/1527/695 720/1529/696 
f 720/1561/696 737/1562/713 709/1530/685 
f 709/1530/685 737/1562/713 721/1531/697 
f 689/1563/665 721/1564/697 722/1565/698 
f 690/1504/666 722/1566/698 723/1536/699 
f 691/1466/667 723/1536/699 724/1537/700 
f 692/1468/668 724/1537/700 725/1538/701 
f 710/1505/686 725/1538/701 738/1567/714 
f 710/1505/686 738/1567/714 711/1507/687 
f 711/1568/687 739/1569/715 712/1570/688 
f 712/1570/688 740/1571/716 713/1572/689 
f 713/1540/689 741/1573/717 714/1515/690 
f 714/1515/690 742/1574/718 719/1527/695 
f 715/1517/691 716/1518/692 743/1575/719 736/1559/712 
f 716/1518/692 717/1519/693 744/1576/720 743/1575/719 
f 717/1519/693 718/1541/694 727/1577/703 744/1576/720 
f 726/1544/702 700/1543/676 745/1578/721 
f 727/1545/703 726/1544/702 746/1579/722 
f 700/1543/676 728/1547/704 745/1578/721 
f 701/1524/677 729/1548/705 728/1580/704 
f 702/1489/678 747/1581/723 729/1548/705 
f 702/1489/678 731/1550/707 747/1581/723 
f 731/1582/707 730/1583/706 748/1584/724 
f 730/1583/706 732/1585/708 749/1586/725 
f 732/1585/708 733/1587/709 750/1588/726 
f 733/1589/709 734/1590/710 751/1591/727 
f 734/1555/710 735/1558/711 752/1592/728 
f 735/1560/711 736/1559/712 753/1593/729 
f 719/1527/695 754/1594/730 720/1529/696 
f 720/1529/696 754/1594/730 737/1595/713 
f 737/1596/713 755/1597/731 756/1598/732 721/1599/697 
f 721/1599/697 757/1600/733 722/1601/698 
f 722/1566/698 758/1602/734 723/1536/699 
f 723/1536/699 759/1603/735 760/1604/736 724/1537/700 
f 724/1537/700 760/1604/736 761/1605/737 725/1538/701 
f 725/1538/701 761/1605/737 762/1606/738 738/1567/714 
f 711/1607/687 738/1608/714 739/1609/715 
f 712/1570/688 739/1569/715 740/1571/716 
f 713/1540/689 740/1610/716 741/1573/717 
f 714/1515/690 741/1573/717 742/1574/718 
f 719/1527/695 742/1574/718 754/1594/730 
f 736/1559/712 743/1575/719 763/1611/739 
f 743/1575/719 744/1576/720 764/1612/740 
f 744/1576/720 727/1577/703 765/1613/741 
f 726/1544/702 745/1578/721 766/1614/742 
f 727/1545/703 746/1579/722 765/1615/741 
f 726/1616/702 767/1617/743 746/1618/722 
f 745/1578/721 728/1547/704 768/1619/744 
f 728/1620/704 729/1621/705 769/1622/745 768/1623/744 
f 729/1624/705 747/1625/723 770/1626/746 769/1627/745 
f 731/1550/707 771/1628/747 747/1581/723 
f 731/1582/707 748/1584/724 772/1629/748 
f 730/1583/706 749/1586/725 748/1584/724 
f 732/1585/708 750/1588/726 749/1586/725 
f 733/1630/709 751/1631/727 750/1632/726 
f 734/1555/710 752/1592/728 751/1633/727 
f 735/1560/711 753/1593/729 752/1634/728 
f 736/1559/712 763/1611/739 753/1593/729 
f 754/1594/730 773/1635/749 755/1636/731 737/1595/713 
f 755/1597/731 774/1637/750 756/1598/732 
f 756/1598/732 775/1638/751 776/1639/752 721/1599/697 
f 721/1599/697 776/1639/752 757/1600/733 
f 722/1566/698 757/1640/733 758/1602/734 
f 723/1536/699 758/1602/734 777/1641/753 759/1603/735 
f 759/1603/735 778/1642/754 760/1604/736 
f 760/1604/736 779/1643/755 761/1605/737 
f 761/1605/737 780/1644/756 762/1606/738 
f 738/1645/714 762/1646/738 781/1647/757 739/1648/715 
f 739/1648/715 781/1647/757 782/1649/758 740/1650/716 
f 740/1610/716 782/1651/758 783/1652/759 741/1573/717 
f 741/1573/717 783/1652/759 784/1653/760 742/1574/718 
f 742/1574/718 784/1653/760 773/1635/749 754/1594/730 
f 743/1575/719 764/1612/740 763/1611/739 
f 744/1576/720 765/1613/741 764/1612/740 
f 785/1654/761 726/1544/702 766/1614/742 
f 766/1614/742 745/1578/721 786/1655/762 
f 765/1615/741 746/1579/722 787/1656/763 
f 726/1544/702 785/1654/761 767/1657/743 
f 767/1658/743 788/1659/764 746/1660/722 
f 745/1661/721 768/1662/744 786/1663/762 
f 768/1664/744 769/1665/745 789/1666/765 
f 747/1667/723 771/1668/747 790/1669/766 770/1670/746 
f 769/1627/745 770/1626/746 789/1671/765 
f 731/1550/707 785/1672/761 771/1628/747 
f 785/1673/761 731/1582/707 772/1629/748 
f 772/1674/748 748/1675/724 791/1676/767 788/1659/764 
f 748/1675/724 749/1677/725 792/1678/768 791/1676/767 
f 750/1679/726 751/1680/727 792/1678/768 749/1677/725 
f 751/1633/727 752/1592/728 793/1681/769 
f 752/1682/728 753/1683/729 794/1684/770 793/1685/769 
f 753/1686/729 763/1687/739 795/1688/771 796/1689/772 
f 773/1635/749 797/1690/773 755/1636/731 
f 755/1597/731 797/1691/773 774/1637/750 
f 756/1598/732 774/1637/750 798/1692/774 
f 799/1693/775 775/1638/751 756/1598/732 
f 775/1638/751 800/1694/776 776/1639/752 
f 776/1639/752 801/1695/777 757/1600/733 
f 757/1696/733 801/1697/777 802/1698/778 758/1699/734 
f 758/1700/734 802/1701/778 803/1702/779 777/1703/753 
f 759/1603/735 777/1641/753 804/1704/780 
f 759/1603/735 805/1705/781 778/1642/754 
f 760/1604/736 778/1642/754 779/1643/755 
f 761/1605/737 779/1643/755 780/1644/756 
f 762/1646/738 780/1706/756 806/1707/782 
f 762/1646/738 806/1707/782 781/1647/757 
f 781/1647/757 807/1708/783 782/1649/758 
f 782/1651/758 808/1709/784 783/1652/759 
f 783/1652/759 809/1710/785 784/1653/760 
f 784/1653/760 810/1711/786 773/1635/749 
f 763/1712/739 764/1713/740 811/1714/787 812/1715/788 
f 764/1716/740 765/1717/741 813/1718/789 814/1719/790 
f 785/1654/761 766/1614/742 771/1720/747 
f 766/1614/742 786/1655/762 815/1721/791 
f 765/1615/741 787/1656/763 813/1722/789 
f 746/1723/722 788/1724/764 816/1725/792 787/1726/763 
f 785/1727/761 772/1728/748 767/1729/743 
f 767/1658/743 772/1674/748 788/1659/764 
f 786/1655/762 768/1619/744 789/1730/765 
f 771/1720/747 815/1721/791 790/1731/766 
f 770/1670/746 790/1669/766 789/1732/765 
f 788/1659/764 791/1676/767 817/1733/793 818/1734/794 
f 791/1676/767 792/1678/768 819/1735/795 820/1736/796 
f 792/1678/768 751/1680/727 821/1737/797 822/1738/798 
f 751/1633/727 793/1681/769 821/1739/797 
f 753/1740/729 822/1741/798 794/1742/770 
f 793/1685/769 794/1684/770 823/1743/799 
f 792/1744/768 753/1745/729 796/1746/772 
f 763/1747/739 820/1748/796 795/1749/771 
f 796/1689/772 795/1688/771 824/1750/800 
f 773/1635/749 810/1711/786 797/1690/773 
f 797/1691/773 825/1751/801 826/1752/802 774/1637/750 
f 756/1598/732 798/1692/774 799/1693/775 
f 798/1753/774 774/1754/750 827/1755/803 805/1756/781 
f 799/1693/775 804/1757/780 775/1638/751 
f 775/1638/751 828/1758/804 800/1694/776 
f 776/1759/752 800/1760/776 801/1761/777 
f 801/1762/777 829/1763/805 802/1764/778 
f 802/1701/778 829/1765/805 803/1702/779 
f 777/1766/753 803/1767/779 830/1768/806 804/1769/780 
f 759/1603/735 804/1704/780 799/1770/775 
f 799/1770/775 805/1705/781 759/1603/735 
f 805/1756/781 827/1755/803 831/1771/807 778/1772/754 
f 778/1772/754 831/1771/807 832/1773/808 779/1774/755 
f 780/1775/756 779/1774/755 832/1773/808 806/1776/782 
f 781/1647/757 806/1707/782 807/1708/783 
f 782/1651/758 807/1777/783 808/1709/784 
f 783/1652/759 808/1709/784 809/1710/785 
f 784/1653/760 809/1710/785 810/1711/786 
f 791/1778/767 763/1779/739 812/1780/788 
f 764/1781/740 818/1782/794 811/1783/787 
f 812/1715/788 811/1714/787 833/1784/809 
f 788/1785/764 764/1786/740 814/1787/790 
f 814/1788/790 813/1789/789 834/1790/810 
f 771/1720/747 766/1614/742 815/1721/791 
f 815/1721/791 786/1655/762 789/1730/765 
f 813/1722/789 787/1656/763 835/1791/811 
f 788/1785/764 814/1787/790 816/1792/792 
f 787/1726/763 816/1725/792 836/1793/812 835/1794/811 
f 790/1731/766 815/1721/791 789/1730/765 
f 764/1781/740 788/1795/764 818/1782/794 
f 791/1778/767 812/1780/788 817/1796/793 
f 818/1797/794 817/1798/793 837/1799/813 838/1800/814 
f 763/1747/739 791/1801/767 820/1748/796 
f 792/1744/768 796/1746/772 819/1802/795 
f 820/1803/796 819/1804/795 839/1805/815 840/1806/816 
f 753/1740/729 792/1807/768 822/1741/798 
f 822/1808/798 821/1809/797 841/1810/817 842/1811/818 
f 821/1739/797 793/1681/769 843/1812/819 
f 794/1742/770 822/1741/798 842/1813/818 823/1814/799 
f 793/1685/769 823/1743/799 843/1815/819 
f 795/1749/771 820/1748/796 840/1816/816 824/1817/800 
f 796/1689/772 824/1750/800 844/1818/820 
f 810/1711/786 845/1819/821 825/1820/801 797/1690/773 
f 825/1751/801 846/1821/822 847/1822/823 826/1752/802 
f 774/1823/750 826/1824/802 848/1825/824 827/1826/803 
f 799/1770/775 798/1827/774 805/1705/781 
f 804/1828/780 828/1829/804 775/1830/751 
f 828/1758/804 829/1831/805 800/1694/776 
f 800/1694/776 829/1831/805 801/1695/777 
f 803/1832/779 829/1833/805 830/1834/806 
f 804/1835/780 830/1836/806 828/1837/804 
f 827/1838/803 849/1839/825 850/1840/826 831/1841/807 
f 831/1842/807 851/1843/827 852/1844/828 832/1845/808 
f 832/1846/808 853/1847/829 854/1848/830 806/1849/782 
f 806/1707/782 854/1850/830 855/1851/831 807/1708/783 
f 807/1777/783 855/1852/831 856/1853/832 808/1709/784 
f 808/1709/784 857/1854/833 858/1855/834 809/1710/785 
f 809/1710/785 859/1856/835 860/1857/836 810/1711/786 
f 811/1783/787 818/1782/794 838/1858/814 833/1859/809 
f 812/1715/788 833/1784/809 861/1860/837 
f 814/1861/790 834/1862/810 862/1863/838 
f 813/1722/789 835/1791/811 834/1864/810 
f 816/1792/792 814/1787/790 862/1865/838 836/1866/812 
f 835/1794/811 836/1793/812 863/1867/839 864/1868/840 
f 817/1796/793 812/1780/788 861/1869/837 837/1870/813 
f 838/1800/814 837/1799/813 865/1871/841 866/1872/842 
f 819/1802/795 796/1746/772 844/1873/820 839/1874/815 
f 840/1806/816 839/1805/815 867/1875/843 868/1876/844 
f 821/1739/797 843/1812/819 841/1877/817 
f 842/1811/818 841/1810/817 869/1878/845 870/1879/846 
f 823/1814/799 842/1813/818 870/1880/846 871/1881/847 
f 843/1815/819 823/1743/799 871/1882/847 
f 824/1817/800 840/1816/816 868/1883/844 872/1884/848 
f 844/1818/820 824/1750/800 872/1885/848 873/1886/849 
f 827/1887/803 848/1888/824 845/1889/821 810/1890/786 
f 845/1819/821 874/1891/850 846/1892/822 825/1820/801 
f 846/1821/822 875/1893/822 876/1894/851 847/1822/823 
f 826/1824/802 847/1895/823 877/1896/852 848/1825/824 
f 830/1897/806 829/1831/805 828/1758/804 
f 810/1898/786 860/1899/836 849/1900/825 827/1901/803 
f 849/1839/825 878/1902/853 879/1903/854 850/1840/826 
f 831/1904/807 850/1905/826 859/1906/835 809/1907/785 
f 809/1908/785 858/1909/834 851/1910/827 831/1911/807 
f 851/1843/827 880/1912/855 881/1913/856 852/1844/828 
f 832/1914/808 852/1915/828 857/1916/833 808/1917/784 
f 808/1918/784 856/1919/832 853/1920/829 832/1921/808 
f 853/1847/829 882/1922/857 883/1923/858 854/1848/830 
f 854/1850/830 883/1924/858 884/1925/859 855/1851/831 
f 855/1852/831 884/1926/859 885/1927/860 856/1853/832 
f 857/1854/833 886/1928/861 887/1929/862 858/1855/834 
f 859/1856/835 888/1930/863 889/1931/864 860/1857/836 
f 833/1859/809 838/1858/814 866/1932/842 890/1933/865 
f 861/1860/837 833/1784/809 890/1934/865 891/1935/866 
f 862/1863/838 834/1862/810 892/1936/867 893/1937/868 
f 834/1864/810 835/1791/811 864/1938/840 892/1939/867 
f 836/1866/812 862/1865/838 893/1940/868 863/1941/839 
f 864/1868/840 863/1867/839 894/1942/869 895/1943/870 
f 837/1870/813 861/1869/837 891/1944/866 865/1945/841 
f 866/1872/842 865/1871/841 896/1946/871 897/1947/872 
f 839/1874/815 844/1873/820 873/1948/849 867/1949/843 
f 868/1876/844 867/1875/843 898/1950/873 899/1951/874 
f 841/1877/817 843/1812/819 900/1952/875 
f 841/1877/817 900/1952/875 869/1953/845 
f 870/1879/846 869/1878/845 901/1954/876 902/1955/877 
f 871/1881/847 870/1880/846 902/1956/877 903/1957/878 
f 843/1815/819 871/1882/847 900/1958/875 
f 872/1884/848 868/1883/844 899/1959/874 904/1960/879 
f 873/1886/849 872/1885/848 904/1961/879 
f 848/1888/824 877/1962/852 874/1963/850 845/1889/821 
f 874/1891/850 905/1964/850 875/1965/822 846/1892/822 
f 875/1893/822 906/1966/822 907/1967/880 876/1894/851 
f 847/1895/823 876/1968/851 908/1969/852 877/1896/852 
f 860/1899/836 889/1970/864 878/1971/853 849/1900/825 
f 878/1902/853 909/1972/853 910/1973/881 879/1903/854 
f 850/1905/826 879/1974/854 888/1975/863 859/1906/835 
f 858/1909/834 887/1976/862 880/1977/855 851/1910/827 
f 880/1912/855 911/1978/855 912/1979/882 881/1913/856 
f 852/1915/828 881/1980/856 886/1981/861 857/1916/833 
f 856/1919/832 885/1982/860 882/1983/857 853/1920/829 
f 882/1922/857 913/1984/883 914/1985/884 883/1923/858 
f 883/1924/858 914/1986/884 915/1987/885 884/1925/859 
f 884/1926/859 915/1988/885 916/1989/860 885/1927/860 
f 886/1928/861 917/1990/861 918/1991/886 887/1929/862 
f 888/1930/863 919/1992/863 920/1993/864 889/1931/864 
f 890/1933/865 866/1932/842 897/1994/872 921/1995/887 
f 891/1935/866 890/1934/865 921/1996/887 
f 893/1937/868 892/1936/867 922/1997/888 923/1998/889 
f 892/1939/867 864/1938/840 895/1999/870 922/2000/888 
f 863/1941/839 893/1940/868 923/2001/889 894/2002/869 
f 895/1943/870 894/1942/869 924/2003/890 925/2004/891 
f 865/1945/841 891/1944/866 926/2005/892 896/2006/871 
f 897/1947/872 896/1946/871 927/2007/893 928/2008/894 
f 867/1949/843 873/1948/849 929/2009/895 898/2010/873 
f 899/1951/874 898/1950/873 930/2011/896 931/2012/897 
f 869/1953/845 900/1952/875 932/2013/898 901/2014/876 
f 902/1955/877 901/1954/876 933/2015/899 934/2016/900 
f 900/1958/875 871/1882/847 903/2017/878 932/2018/898 
f 903/1957/878 902/1956/877 934/2019/900 935/2020/901 
f 904/1960/879 899/1959/874 931/2021/897 936/2022/902 
f 873/1886/849 904/1961/879 929/2023/895 
f 877/1962/852 908/2024/852 905/2025/850 874/1963/850 
f 905/1964/850 937/2026/850 906/2027/822 875/1965/822 
f 906/1966/822 938/2028/822 939/2029/903 907/1967/880 
f 876/1968/851 907/2030/880 940/2031/904 908/1969/852 
f 889/1970/864 920/2032/864 909/2033/853 878/1971/853 
f 909/1972/853 941/2034/853 942/2035/881 910/1973/881 
f 879/1974/854 910/2036/881 919/2037/863 888/1975/863 
f 887/1976/862 918/2038/886 911/2039/855 880/1977/855 
f 911/1978/855 943/2040/855 944/2041/905 912/1979/882 
f 881/1980/856 912/2042/882 917/2043/861 886/1981/861 
f 885/1982/860 916/2044/860 913/2045/883 882/1983/857 
f 913/1984/883 945/2046/906 946/2047/884 914/1985/884 
f 914/1986/884 946/2048/884 947/2049/885 915/1987/885 
f 915/1988/885 947/2050/885 948/2051/860 916/1989/860 
f 917/1990/861 949/2052/861 950/2053/907 918/1991/886 
f 919/1992/863 951/2054/863 952/2055/908 920/1993/864 
f 921/1995/887 897/1994/872 928/2056/894 953/2057/909 
f 891/1935/866 921/1996/887 926/2058/892 
f 923/1998/889 922/1997/888 954/2059/910 
f 922/2000/888 895/1999/870 925/2060/891 
f 894/2002/869 923/2001/889 955/2061/911 924/2062/890 
f 925/2004/891 924/2003/890 956/2063/912 957/2064/913 
f 896/2006/871 926/2005/892 958/2065/914 927/2066/893 
f 928/2008/894 927/2007/893 959/2067/915 960/2068/916 
f 898/2010/873 929/2009/895 961/2069/917 930/2070/896 
f 931/2012/897 930/2011/896 962/2071/918 963/2072/919 
f 901/2014/876 932/2013/898 964/2073/920 
f 901/2014/876 964/2073/920 933/2074/899 
f 934/2016/900 933/2015/899 965/2075/921 966/2076/922 
f 932/2018/898 903/2017/878 935/2077/901 
f 935/2020/901 934/2019/900 966/2078/922 967/2079/923 
f 929/2023/895 904/1961/879 936/2080/902 
f 936/2022/902 931/2021/897 963/2081/919 968/2082/924 
f 908/2024/852 940/2083/904 937/2084/850 905/2025/850 
f 937/2026/850 969/2085/925 938/2086/822 906/2027/822 
f 938/2028/822 970/2087/822 971/2088/880 939/2029/903 
f 907/2030/880 939/2089/903 972/2090/926 940/2031/904 
f 920/2032/864 952/2091/908 941/2092/853 909/2033/853 
f 941/2034/853 973/2093/853 974/2094/854 942/2035/881 
f 910/2036/881 942/2095/881 951/2096/863 919/2037/863 
f 918/2038/886 950/2097/907 943/2098/855 911/2039/855 
f 943/2040/855 975/2099/927 976/2100/905 944/2041/905 
f 912/2042/882 944/2101/905 949/2102/861 917/2043/861 
f 916/2044/860 948/2103/860 945/2104/906 913/2045/883 
f 945/2046/906 977/2105/906 978/2106/928 946/2047/884 
f 946/2048/884 978/2107/928 979/2108/859 947/2049/885 
f 947/2050/885 979/2109/859 980/2110/929 948/2051/860 
f 949/2052/861 981/2111/861 982/2112/907 950/2053/907 
f 951/2054/863 983/2113/930 984/2114/908 952/2055/908 
f 926/2058/892 921/1996/887 953/2115/909 
f 953/2057/909 928/2056/894 960/2116/916 985/2117/931 
f 923/1998/889 954/2059/910 955/2118/911 
f 922/2000/888 925/2060/891 954/2119/910 
f 924/2062/890 955/2061/911 986/2120/932 956/2121/912 
f 954/2119/910 925/2060/891 957/2122/913 987/2123/933 
f 957/2064/913 956/2063/912 988/2124/934 989/2125/935 
f 926/2058/892 953/2115/909 958/2126/914 
f 927/2066/893 958/2065/914 990/2127/914 959/2128/915 
f 960/2068/916 959/2067/915 991/2129/936 992/2130/937 
f 929/2023/895 936/2080/902 961/2131/917 
f 930/2070/896 961/2069/917 993/2132/938 962/2133/918 
f 963/2072/919 962/2071/918 994/2134/939 995/2135/940 
f 932/2018/898 935/2077/901 964/2136/920 
f 933/2137/899 964/2138/920 996/2139/941 
f 933/2140/899 996/2141/941 965/2142/921 
f 966/2076/922 965/2075/921 997/2143/942 998/2144/943 
f 964/2136/920 935/2077/901 967/2145/923 
f 967/2079/923 966/2078/922 998/2146/943 999/2147/944 
f 961/2131/917 936/2080/902 968/2148/924 993/2149/938 
f 968/2082/924 963/2081/919 995/2150/940 1000/2151/945 
f 940/2083/904 972/2152/926 969/2153/925 937/2084/850 
f 969/2085/925 1001/2154/850 970/2155/822 938/2086/822 
f 970/2087/822 1002/2156/946 1003/2157/947 971/2088/880 
f 939/2089/903 971/2158/880 1004/2159/852 972/2090/926 
f 952/2091/908 984/2160/908 973/2161/853 941/2092/853 
f 973/2093/853 1005/2162/853 1006/2163/854 974/2094/854 
f 942/2095/881 974/2164/854 983/2165/930 951/2096/863 
f 950/2097/907 982/2166/907 975/2167/927 943/2098/855 
f 975/2099/927 1007/2168/927 1008/2169/856 976/2100/905 
f 944/2101/905 976/2170/905 981/2171/861 949/2102/861 
f 948/2103/860 980/2172/929 977/2173/906 945/2104/906 
f 977/2105/906 1009/2174/948 1010/2175/928 978/2106/928 
f 978/2107/928 1010/2176/928 1011/2177/859 979/2108/859 
f 979/2109/859 1011/2178/859 1012/2179/929 980/2110/929 
f 981/2111/861 1013/2180/861 1014/2181/907 982/2112/907 
f 983/2113/930 1015/2182/863 1016/2183/864 984/2114/908 
f 958/2126/914 953/2115/909 985/2184/931 990/2185/914 
f 985/2117/931 960/2116/916 992/2186/937 1017/2187/949 
f 955/2118/911 954/2059/910 987/2188/933 986/2189/932 
f 956/2121/912 986/2120/932 1018/2190/950 988/2191/934 
f 987/2123/933 957/2122/913 989/2192/935 1019/2193/951 
f 989/2125/935 988/2124/934 1020/2194/952 
f 959/2128/915 990/2127/914 1021/2195/953 991/2196/936 
f 992/2130/937 991/2129/936 1022/2197/954 
f 962/2133/918 993/2132/938 1023/2198/955 994/2199/939 
f 995/2135/940 994/2134/939 1024/2200/956 
f 964/2201/920 967/2202/923 996/2203/941 
f 965/2142/921 996/2141/941 1025/2204/957 997/2205/942 
f 998/2144/943 997/2143/942 1026/2206/958 
f 996/2207/941 967/2208/923 999/2209/944 1025/2210/957 
f 999/2147/944 998/2146/943 1026/2211/958 
f 993/2149/938 968/2148/924 1000/2212/945 1023/2213/955 
f 1000/2151/945 995/2150/940 1024/2214/956 
f 972/2152/926 1004/2215/852 1001/2216/850 969/2153/925 
f 1001/2154/850 1027/2217/959 1002/2218/946 970/2155/822 
f 1002/2156/946 1028/2219/960 1003/2157/947 
f 971/2158/880 1003/2220/947 1029/2221/961 1004/2159/852 
f 984/2160/908 1016/2222/864 1005/2223/853 973/2161/853 
f 1005/2162/853 1030/2224/962 1031/2225/963 1006/2163/854 
f 974/2164/854 1006/2226/854 1015/2227/863 983/2165/930 
f 982/2166/907 1014/2228/907 1007/2229/927 975/2167/927 
f 1007/2168/927 1032/2230/964 1033/2231/965 1008/2169/856 
f 976/2170/905 1008/2232/856 1013/2233/861 981/2171/861 
f 980/2172/929 1012/2234/929 1009/2235/948 977/2173/906 
f 1009/2174/948 1034/2236/966 1035/2237/967 1010/2175/928 
f 1010/2176/928 1035/2238/967 1036/2239/968 1011/2177/859 
f 1011/2178/859 1036/2240/968 1037/2241/969 1012/2179/929 
f 1013/2180/861 1038/2242/970 1039/2243/971 1014/2181/907 
f 1015/2182/863 1040/2244/972 1041/2245/973 1016/2183/864 
f 990/2185/914 985/2184/931 1017/2246/949 1021/2247/953 
f 1017/2187/949 992/2186/937 1022/2248/954 
f 986/2189/932 987/2188/933 1019/2249/951 1018/2250/950 
f 988/2191/934 1018/2190/950 1020/2251/952 
f 1019/2193/951 989/2192/935 1020/2252/952 
f 991/2196/936 1021/2195/953 1022/2253/954 
f 994/2199/939 1023/2198/955 1024/2254/956 
f 997/2205/942 1025/2204/957 1026/2255/958 
f 1025/2210/957 999/2209/944 1026/2256/958 
f 1023/2213/955 1000/2212/945 1024/2257/956 
f 1004/2215/852 1029/2258/961 1027/2259/959 1001/2216/850 
f 1027/2217/959 1028/2260/960 1002/2218/946 
f 1003/2220/947 1028/2261/960 1029/2221/961 
f 1016/2222/864 1041/2262/973 1030/2263/962 1005/2223/853 
f 1030/2224/962 1042/2264/974 1031/2225/963 
f 1006/2226/854 1031/2265/963 1040/2266/972 1015/2227/863 
f 1014/2228/907 1039/2267/971 1032/2268/964 1007/2229/927 
f 1032/2230/964 1043/2269/975 1033/2231/965 
f 1008/2232/856 1033/2270/965 1038/2271/970 1013/2233/861 
f 1012/2234/929 1037/2272/969 1034/2273/966 1009/2235/948 
f 1034/2236/966 1044/2274/976 1035/2237/967 
f 1035/2238/967 1044/2275/976 1036/2239/968 
f 1036/2240/968 1044/2276/976 1037/2241/969 
f 1038/2242/970 1043/2277/975 1039/2243/971 
f 1040/2244/972 1042/2278/974 1041/2245/973 
f 1021/2247/953 1017/2246/949 1022/2279/954 
f 1018/2250/950 1019/2249/951 1020/2280/952 
f 1029/2258/961 1028/2281/960 1027/2259/959 
f 1041/2262/973 1042/2282/974 1030/2263/962 
f 1031/2265/963 1042/2283/974 1040/2266/972 
f 1039/2267/971 1043/2284/975 1032/2268/964 
f 1033/2270/965 1043/2285/975 1038/2271/970 
f 1037/2272/969 1044/2286/976 1034/2273/966 
s 2
f 1045/2287/977 1046/2288/977 1047/2289/977 
f 1045/2287/977 1047/2289/977 1048/2290/977 
f 1045/2287/977 1049/2291/977 1046/2288/977 
f 1047/2289/977 1046/2288/977 1050/2292/978 1051/2293/979 
f 1045/2287/977 1048/2290/977 1052/2294/977 
f 1048/2290/977 1047/2289/977 1051/2293/979 1053/2295/980 
f 1045/2287/977 1054/2296/977 1049/2291/977 
f 1046/2288/977 1049/2291/977 1055/2297/981 1050/2292/978 
s 8
f 1051/2298/979 1050/2299/978 1056/2300/982 1057/2301/983 
s 2
f 1045/2287/977 1052/2294/977 1058/2302/977 
f 1052/2294/977 1048/2290/977 1053/2295/980 1059/2303/984 
s 8
f 1053/2304/980 1051/2305/979 1057/2306/983 1060/2307/985 
s 2
f 1045/2287/977 1061/2308/977 1054/2296/977 
f 1049/2291/977 1054/2296/977 1062/2309/986 1055/2297/981 
s 8
f 1050/2299/978 1055/2310/981 1063/2311/987 1056/2300/982 
s off
f 1057/2301/983 1056/2300/982 1064/2312/988 1065/2313/989 
s 2
f 1045/2287/977 1058/2302/977 1061/2308/977 
f 1058/2302/977 1052/2294/977 1059/2303/984 1066/2314/990 
s 8
f 1059/2315/984 1053/2304/980 1060/2307/985 1067/2316/991 
s off
f 1060/2307/985 1057/2306/983 1065/2317/989 1068/2318/992 
s 2
f 1054/2296/977 1061/2308/977 1069/2319/993 1062/2309/986 
s 8
f 1055/2320/981 1062/2321/986 1070/2322/994 1063/2323/987 
s off
f 1056/2300/982 1063/2311/987 1071/2324/995 1064/2312/988 
f 1065/2313/989 1064/2312/988 1072/2325/996 1073/2326/997 
s 2
f 1061/2308/977 1058/2302/977 1066/2314/990 1069/2319/993 
s 8
f 1066/2327/990 1059/2328/984 1067/2329/991 1074/2330/998 
s off
f 1067/2316/991 1060/2307/985 1068/2318/992 1075/2331/999 
f 1068/2318/992 1065/2317/989 1073/2332/997 1076/2333/1000 
s 8
f 1062/2321/986 1069/2334/993 1077/2335/1001 1070/2322/994 
s off
f 1063/2323/987 1070/2322/994 1078/2336/1002 1071/2337/995 
f 1064/2312/988 1071/2324/995 1079/2338/1003 1072/2325/996 
f 1073/2339/997 1072/2340/996 1080/2341/1004 1081/2342/1005 
s 8
f 1069/2343/993 1066/2327/990 1074/2330/998 1077/2344/1001 
s off
f 1074/2330/998 1067/2329/991 1075/2345/999 1082/2346/1006 
f 1075/2331/999 1068/2318/992 1076/2333/1000 1083/2347/1007 
f 1076/2348/1000 1073/2339/997 1081/2342/1005 1084/2349/1008 
f 1070/2322/994 1077/2335/1001 1085/2350/1009 1078/2336/1002 
f 1071/2337/995 1078/2336/1002 1086/2351/1010 1079/2352/1003 
f 1072/2340/996 1079/2353/1003 1087/2354/1011 1080/2341/1004 
f 1081/2355/1005 1080/2356/1004 1088/2357/1012 1089/2358/1013 
f 1077/2344/1001 1074/2330/998 1082/2346/1006 1085/2359/1009 
f 1082/2346/1006 1075/2345/999 1083/2360/1007 1090/2361/1014 
f 1083/2362/1007 1076/2348/1000 1084/2349/1008 1091/2363/1015 
f 1084/2364/1008 1081/2365/1005 1089/2366/1013 1092/2367/1016 
f 1078/2336/1002 1085/2350/1009 1093/2368/1017 1086/2351/1010 
f 1079/2353/1003 1086/2369/1010 1094/2370/1018 1087/2354/1011 
f 1080/2356/1004 1087/2371/1011 1095/2372/1019 1088/2357/1012 
f 1089/2358/1013 1088/2357/1012 1096/2373/1020 1097/2374/1021 
f 1085/2359/1009 1082/2346/1006 1090/2361/1014 1093/2375/1017 
f 1090/2376/1014 1083/2362/1007 1091/2363/1015 1098/2377/1022 
f 1091/2378/1015 1084/2364/1008 1092/2367/1016 1099/2379/1023 
f 1092/2367/1016 1089/2366/1013 1097/2380/1021 1100/2381/1024 
f 1086/2369/1010 1093/2382/1017 1101/2383/1025 1094/2370/1018 
f 1087/2384/1011 1094/2385/1018 1102/2386/1026 1095/2387/1019 
f 1088/2357/1012 1095/2372/1019 1103/2388/1027 1096/2373/1020 
f 1097/2374/1021 1096/2373/1020 1104/2389/1028 1105/2390/1029 
f 1093/2382/1017 1090/2376/1014 1098/2377/1022 1101/2383/1025 
f 1098/2391/1022 1091/2392/1015 1099/2393/1023 1106/2394/1030 
f 1099/2379/1023 1092/2367/1016 1100/2381/1024 1107/2395/1031 
f 1100/2381/1024 1097/2380/1021 1105/2396/1029 1108/2397/1032 
f 1094/2385/1018 1101/2398/1025 1109/2399/1033 1102/2386/1026 
f 1095/2387/1019 1102/2386/1026 1110/2400/1034 1103/2401/1027 
f 1096/2373/1020 1103/2388/1027 1111/2402/1035 1104/2389/1028 
s 2
f 1105/2390/1029 1104/2389/1028 1112/2403/1036 1113/2404/1037 
s off
f 1101/2405/1025 1098/2391/1022 1106/2394/1030 1109/2406/1033 
f 1106/2394/1030 1099/2393/1023 1107/2407/1031 1114/2408/1038 
f 1107/2395/1031 1100/2381/1024 1108/2397/1032 1115/2409/1039 
s 2
f 1108/2397/1032 1105/2396/1029 1113/2410/1037 1116/2411/1040 
s off
f 1102/2386/1026 1109/2399/1033 1117/2412/1041 1110/2400/1034 
f 1103/2401/1027 1110/2400/1034 1118/2413/1042 1111/2414/1035 
s 2
f 1104/2389/1028 1111/2402/1035 1119/2415/1043 1112/2403/1036 
f 1120/2416/1044 1113/2417/1037 1112/2418/1036 
s off
f 1109/2406/1033 1106/2394/1030 1114/2408/1038 1117/2419/1041 
f 1114/2408/1038 1107/2407/1031 1115/2420/1039 1121/2421/1045 
s 2
f 1115/2409/1039 1108/2397/1032 1116/2411/1040 1122/2422/1046 
f 1120/2416/1044 1116/2423/1040 1113/2417/1037 
s off
f 1110/2400/1034 1117/2412/1041 1123/2424/1047 1118/2413/1042 
s 2
f 1111/2414/1035 1118/2413/1042 1124/2425/1048 1119/2426/1043 
f 1120/2416/1044 1112/2418/1036 1119/2427/1043 
s off
f 1117/2419/1041 1114/2408/1038 1121/2421/1045 1123/2428/1047 
s 2
f 1121/2421/1045 1115/2420/1039 1122/2429/1046 1125/2430/1049 
f 1120/2416/1044 1122/2431/1046 1116/2423/1040 
f 1118/2413/1042 1123/2424/1047 1126/2432/1050 1124/2425/1048 
f 1120/2416/1044 1119/2427/1043 1124/2433/1048 
f 1123/2428/1047 1121/2421/1045 1125/2430/1049 1126/2434/1050 
f 1120/2416/1044 1125/2435/1049 1122/2431/1046 
f 1120/2416/1044 1124/2433/1048 1126/2436/1050 
f 1120/2416/1044 1126/2436/1050 1125/2435/1049 
# 721 polygons - 802 triangles

