# 3ds Max Wavefront OBJ Exporter v0.99 - (c)2007 guruware
# File Created: 31.08.2025 14:56:02

mtllib So-Were Wolf.mtl

#
# object So_WereWolf
#

v  -564.5513 161.6664 25.8767
v  -564.5513 159.6761 33.0857
v  -560.9393 159.6834 32.1179
v  -558.2952 159.7034 29.4738
v  -557.3274 159.7309 25.8620
v  -558.2952 159.7583 22.2501
v  -560.9393 159.7783 19.6061
v  -564.5513 159.7857 18.6383
v  -558.2952 154.3605 36.6574
v  -559.5477 156.8819 34.5071
v  -564.5513 156.8550 35.8643
v  -564.5513 154.3478 38.3337
v  -553.7154 154.3953 32.0778
v  -555.8952 156.9218 30.8384
v  -558.2952 154.5249 14.9863
v  -559.5477 157.0133 17.1746
v  -555.8952 156.9976 20.8435
v  -553.7154 154.4902 19.5660
v  -564.5513 154.5376 13.3101
v  -564.5513 157.0071 15.8172
v  -557.3274 147.1241 38.2789
v  -564.5513 149.9403 41.5324
v  -550.1035 147.2190 25.7671
v  -552.0391 154.4427 25.8219
v  -552.0391 147.1642 32.9908
v  -552.0391 147.2738 18.5434
v  -557.3273 147.3139 13.2553
v  -564.5513 147.3286 11.3197
v  -553.7154 139.9479 31.9682
v  -556.4135 139.9131 36.5478
v  -552.0391 139.9953 25.7123
v  -553.7154 140.0428 19.4564
v  -558.2952 140.0775 14.8767
v  -564.5513 140.0902 13.2005
v  -558.2952 134.6798 29.2840
v  -560.9393 134.6598 31.9281
v  -557.3273 134.7072 25.6722
v  -558.2952 134.7346 22.0603
v  -560.9393 134.7547 19.4163
v  -564.5513 134.7620 18.4485
v  -564.5513 70.7607 -1.8270
v  -558.6614 74.6103 9.9339
v  -564.5513 74.6103 11.4707
v  -554.6115 74.2107 5.7354
v  -559.8507 72.6192 0.0000
v  -556.0028 73.9010 -10.2826
v  -558.4993 76.7918 -11.6845
v  -564.5513 75.8601 -11.4707
v  -564.5512 129.5797 63.5681
v  -564.5512 128.5673 62.1198
v  -563.4753 128.9710 62.2908
v  -563.0368 129.9458 62.7037
v  -563.4753 130.9205 63.1165
v  -564.5512 131.3243 63.2876
v  -557.8027 130.3073 45.0795
v  -559.7793 128.1428 55.2575
v  -564.5513 126.3227 54.4866
v  -564.5513 127.7334 43.9893
v  -555.0074 136.5214 47.7117
v  -557.8027 132.5368 57.1187
v  -557.8027 142.7355 50.3438
v  -559.7793 136.9308 58.9799
v  -564.5513 145.3095 51.4341
v  -564.5513 138.7509 59.7509
v  -557.8976 133.7491 36.9424
v  -564.5513 131.9291 36.1715
v  -555.9210 140.5060 38.3046
v  -559.7793 144.9001 40.1658
v  -564.5513 149.5509 42.2547
v  -564.5513 137.2535 4.4097
v  -555.5400 136.1535 5.9960
v  -554.9298 134.8335 4.0523
v  -564.5513 136.0080 2.3586
v  -548.9434 131.1378 13.4965
v  -546.5289 127.0325 19.4166
v  -545.3083 125.2309 18.1674
v  -547.8864 129.6143 11.8462
v  -548.9434 122.9271 25.3368
v  -547.8864 120.8475 24.4885
v  -552.0679 121.5037 27.3895
v  -555.5401 119.9218 29.6707
v  -554.9298 117.6387 29.1158
v  -551.2931 119.2955 26.7266
v  -564.5513 118.8218 31.2570
v  -564.5513 116.4642 30.8096
v  -564.5513 126.5695 -4.1866
v  -554.9298 125.3949 -2.4929
v  -557.2044 113.3237 -7.0307
v  -564.5513 114.2205 -8.3240
v  -547.8864 120.1757 5.3011
v  -545.3083 115.7923 11.6222
v  -549.8575 105.5159 4.4960
v  -551.8261 108.8630 -0.3307
v  -547.8864 111.4090 17.9433
v  -551.8261 102.1688 9.3228
v  -551.6691 109.6857 20.4284
v  -554.9298 108.2001 22.5707
v  -557.2044 99.7186 12.8562
v  -555.2336 100.6164 11.5614
v  -564.5513 107.0256 24.2644
v  -564.5513 98.8217 14.1495
v  -554.9298 129.6744 0.4747
v  -564.5513 130.8489 -1.2190
v  -547.8864 124.4552 8.2687
v  -554.9298 112.4796 25.5383
v  -551.4986 114.0428 23.2840
v  -564.5513 111.3051 27.2320
v  -564.5513 92.1858 -11.7475
v  -557.2044 92.1858 -10.1736
v  -555.7117 92.4528 -12.2406
v  -564.5513 92.4528 -14.1342
v  -551.8261 92.1858 -5.8737
v  -549.2407 92.4528 -7.0671
v  -549.8575 92.1858 0.0000
v  -546.8721 92.4528 0.0000
v  -551.8261 92.1858 5.8737
v  -549.2407 92.4528 7.0671
v  -553.9113 92.1858 7.5408
v  -557.2044 92.1858 10.1736
v  -555.7117 92.4528 12.2406
v  -552.1016 92.4528 9.3543
v  -564.5513 92.1858 11.7474
v  -564.5513 92.4528 14.1342
v  -555.7117 90.4930 -12.2406
v  -564.5513 90.4930 -14.1342
v  -549.2407 90.4930 -7.0671
v  -546.8721 90.4930 0.0000
v  -549.2407 90.4930 7.0671
v  -555.7117 90.4930 12.2406
v  -552.1075 90.4930 9.3591
v  -564.5513 90.4930 14.1342
v  -562.9015 86.8524 -13.7746
v  -555.7117 86.8524 -12.2406
v  -555.7117 86.0370 -12.2406
v  -562.9015 86.0370 -13.7746
v  -549.2407 86.8524 -7.0671
v  -549.2407 86.0370 -7.0671
v  -546.8721 86.8524 0.0000
v  -546.8721 86.0370 0.0000
v  -549.2407 86.8524 7.0671
v  -549.2407 86.0370 7.0671
v  -552.1186 86.8524 9.3680
v  -555.7117 86.8524 12.2406
v  -555.7117 86.0370 12.2406
v  -552.1210 86.0370 9.3699
v  -564.5513 86.8524 14.1342
v  -564.5513 86.0370 14.1342
v  -555.7117 84.6750 -12.2406
v  -549.2407 84.6750 -7.0671
v  -549.9763 77.2559 -11.6143
v  -556.2852 79.4932 -13.9912
v  -552.1273 83.9659 9.3750
v  -555.7117 83.9659 12.2406
v  -556.4473 77.3117 12.2406
v  -552.1476 77.3117 8.8031
v  -535.2631 122.1002 12.2774
v  -534.5432 121.2129 15.3811
v  -517.7080 111.7712 8.8338
v  -518.4354 112.6626 5.7329
v  -532.4368 116.3333 17.8063
v  -521.9040 110.4262 13.7100
v  -533.5114 114.5977 17.5461
v  -522.9786 108.6905 13.4498
v  -538.7114 114.4751 14.4068
v  -521.8837 105.0375 7.8623
v  -539.4167 115.3449 11.3119
v  -522.5815 105.9032 4.7646
v  -538.7114 117.9384 9.4124
v  -521.8837 108.5009 2.8679
v  -536.9800 120.7388 9.8261
v  -520.1523 111.3012 3.2817
v  -498.7258 78.1721 25.3911
v  -497.2607 79.9275 26.6154
v  -499.7505 79.6588 28.3710
v  -501.6384 78.5162 28.3830
v  -501.8183 77.1691 26.6445
v  -500.1849 76.4066 24.1739
v  -497.6950 76.6753 22.4183
v  -495.8072 77.8179 22.4062
v  -495.6273 79.1650 24.1447
v  -504.6354 80.4430 29.1939
v  -504.9366 78.1877 26.2833
v  -502.2020 76.9111 22.1470
v  -498.0335 77.3611 19.2078
v  -494.8730 79.2739 19.1876
v  -502.4642 91.2643 20.2142
v  -506.6327 90.8144 23.1533
v  -503.9836 86.4700 26.2454
v  -499.8151 86.9200 23.3063
v  -509.7932 88.9015 23.1735
v  -507.1441 84.5572 26.2656
v  -509.9010 86.4443 20.2254
v  -507.3629 85.2595 16.3862
v  -504.9041 81.2272 19.2562
v  -507.4422 82.4121 23.0954
v  -503.1913 85.8196 13.1875
v  -500.5422 81.4752 16.2796
v  -500.0308 87.7324 13.1673
v  -497.3817 83.3881 16.2594
v  -499.7296 89.9877 16.0778
v  -497.0805 85.6433 19.1699
v  -501.4749 82.3559 29.1737
v  -497.3064 82.8058 26.2346
v  -494.5718 81.5292 22.0982
v  -500.3216 79.8160 28.4811
v  -501.7019 78.9805 28.4899
v  -501.5824 81.7880 29.0680
v  -503.8933 80.3894 29.0828
v  -497.6500 80.2181 26.8423
v  -499.5654 80.0114 28.1928
v  -497.6852 82.4323 26.5493
v  -500.8919 82.0862 28.8103
v  -495.7336 79.4838 24.2632
v  -497.0592 80.1027 26.2683
v  -494.8770 81.4025 22.6023
v  -497.0963 82.4385 25.9592
v  -495.6820 78.1651 22.3110
v  -495.5404 79.2250 23.6789
v  -494.9469 79.3107 19.7784
v  -494.7099 81.0853 22.0686
v  -495.7113 77.0387 29.1052
v  -497.6267 76.8320 30.4557
v  -495.7465 79.2529 28.8123
v  -498.9532 78.9068 31.0732
v  -498.8534 77.4082 30.1948
v  -500.2337 76.5728 30.2036
v  -500.1142 79.3803 30.7817
v  -502.4251 77.9817 30.7965
v  -494.6176 76.4195 23.5534
v  -494.4760 77.4794 24.9213
v  -493.8825 77.5651 21.0209
v  -493.6455 79.3397 23.3110
v  -493.9532 76.5640 26.3414
v  -495.2788 77.1828 28.3465
v  -493.0966 78.4827 24.6805
v  -495.3158 79.5187 28.0374
v  -495.5897 76.8393 29.2472
v  -497.5051 76.6325 30.5977
v  -495.6248 79.0534 28.9542
v  -498.8315 78.7073 31.2152
v  -498.7318 77.2088 30.3367
v  -500.1121 76.3733 30.3456
v  -499.9925 79.1808 30.9237
v  -502.3035 77.7822 30.9384
v  -494.4959 76.2200 23.6954
v  -494.3544 77.2799 25.0633
v  -493.7608 77.3656 21.1628
v  -493.5238 79.1402 23.4530
v  -493.8315 76.3645 26.4834
v  -495.1571 76.9833 28.4885
v  -492.9749 78.2832 24.8225
v  -495.1942 79.3192 28.1794
v  -495.4846 76.6669 29.3699
v  -497.3999 76.4601 30.7204
v  -495.5197 78.8811 29.0769
v  -498.7264 78.5349 31.3379
v  -498.6266 77.0364 30.4594
v  -500.0070 76.2010 30.4683
v  -499.8874 79.0084 31.0464
v  -502.1983 77.6098 31.0611
v  -494.3908 76.0476 23.8181
v  -494.2493 77.1076 25.1860
v  -493.6557 77.1933 21.2855
v  -493.4187 78.9678 23.5757
v  -493.7264 76.1921 26.6061
v  -495.0520 76.8110 28.6112
v  -492.8698 78.1108 24.9452
v  -495.0891 79.1468 28.3021
v  -494.7088 75.9967 30.2051
v  -495.0566 73.7917 30.1234
v  -494.5803 73.9818 29.4019
v  -494.2134 76.3080 29.4881
v  -497.0244 73.6979 31.4095
v  -494.9847 73.5817 30.2180
v  -496.9525 73.4880 31.5042
v  -494.6369 75.7867 30.2997
v  -498.0033 75.8396 32.3583
v  -497.9314 75.6297 32.4530
v  -499.6277 73.9346 31.1031
v  -498.1271 74.5108 31.2419
v  -498.0552 74.3009 31.3365
v  -499.5559 73.7247 31.1977
v  -499.0575 76.5466 32.1437
v  -498.9857 76.3366 32.2383
v  -501.5699 75.5818 31.9112
v  -501.4980 75.3719 32.0059
v  -493.6227 74.6941 26.0793
v  -493.8937 73.9130 24.5524
v  -493.8219 73.7031 24.6470
v  -493.5508 74.4841 26.1739
v  -492.8904 75.3152 22.2516
v  -492.8186 75.1053 22.3462
v  -492.4367 76.6228 24.8078
v  -492.3648 76.4129 24.9024
v  -493.3100 73.4822 27.3289
v  -493.2382 73.2723 27.4235
v  -494.5085 73.7719 29.4965
v  -492.0868 75.4715 26.0175
v  -492.0149 75.2616 26.1122
v  -494.1415 76.0981 29.5827
v  -494.9255 73.4089 30.2959
v  -496.8934 73.3151 31.5821
v  -494.5778 75.6139 30.3776
v  -497.8723 75.4569 32.5309
v  -497.9961 74.1281 31.4144
v  -499.4967 73.5518 31.2756
v  -498.9265 76.1638 32.3163
v  -501.4389 75.1991 32.0838
v  -493.7627 73.5302 24.7250
v  -493.4917 74.3113 26.2518
v  -492.7594 74.9324 22.4241
v  -492.3057 76.2400 24.9804
v  -493.1790 73.0994 27.5015
v  -494.4493 73.5991 29.5745
v  -491.9557 75.0887 26.1901
v  -494.0824 75.9253 29.6606
v  -494.4846 71.6628 30.9302
v  -495.4151 69.7510 30.2457
v  -494.8611 70.3165 29.5562
v  -493.8795 72.3334 30.2783
v  -511.0902 85.4923 26.4673
v  -510.9343 83.6537 23.6845
v  -511.0273 83.5086 23.9270
v  -511.1831 85.3472 26.7098
v  -508.5139 81.9409 23.7433
v  -508.6069 81.7958 23.9858
v  -508.6698 83.7795 26.5262
v  -508.7628 83.6344 26.7686
v  -511.0799 83.3638 24.1371
v  -511.2357 85.2024 26.9199
v  -508.6595 81.6509 24.1959
v  -508.8154 83.4896 26.9788
v  -510.9770 80.8341 26.9913
v  -511.1328 82.6727 29.7742
v  -509.1847 80.9478 25.4307
v  -509.3406 82.7864 28.2136
v  -510.9588 80.6834 27.1517
v  -511.1147 82.5220 29.9346
v  -509.1665 80.7971 25.5911
v  -509.3224 82.6357 28.3740
v  -510.9246 80.5628 27.2645
v  -511.0805 82.4014 30.0473
v  -509.1323 80.6764 25.7039
v  -509.2882 82.5151 28.4867
v  -509.2878 78.7689 28.0419
v  -509.4436 80.6075 30.8248
v  -507.6514 80.7212 29.2642
v  -508.8608 80.1717 30.3540
v  -508.7444 78.7981 28.2751
v  -504.9935 77.5473 29.3117
v  -507.7240 78.9863 27.3419
v  -507.5219 80.2566 29.1882
v  -497.1725 69.7937 31.3999
v  -495.7753 69.7053 30.5474
v  -497.0378 67.9409 31.0093
v  -495.1270 71.0373 31.0242
v  -497.4662 71.1852 32.4515
v  -499.8382 71.4020 31.3778
v  -498.7325 71.4508 31.5744
v  -500.2648 69.5900 31.5964
v  -499.0116 72.7734 32.5739
v  -500.8627 72.6917 32.2447
v  -493.4162 71.6702 26.0253
v  -493.6698 71.5056 24.8541
v  -493.6270 69.6911 24.6527
v  -492.6173 72.6355 23.5781
v  -492.1928 72.9110 25.5390
v  -494.5574 70.2070 29.1817
v  -493.7001 70.0210 27.6915
v  -494.2950 68.2957 28.0903
v  -492.4382 71.3008 27.1899
v  -493.8735 71.6121 29.6847
v  -503.4743 92.8738 19.0406
v  -511.9297 106.7419 9.1657
v  -514.7771 106.1513 10.7413
v  -506.3087 92.2705 20.6214
v  -502.0641 91.7622 16.2708
v  -510.5236 105.6419 6.3815
v  -516.1926 107.7224 10.1709
v  -518.4415 105.3508 9.8137
v  -517.8712 104.7094 10.0556
v  -515.4031 106.8342 10.5061
v  -519.6335 103.5747 7.2768
v  -518.8409 102.6831 7.6133
v  -517.0228 105.0687 1.9956
v  -514.7520 107.4622 2.3501
v  -512.6611 105.1094 3.2387
v  -515.1542 102.9662 2.7897
v  -513.5671 109.2249 4.8598
v  -511.6955 107.1189 5.6552
v  -546.8721 84.6750 0.0000
v  -549.2407 83.9659 7.0671
v  -564.5513 83.9659 14.1342
v  -562.9015 83.1780 -24.3997
v  -562.9015 84.7458 -23.6675
v  -562.9015 94.9275 -39.2403
v  -562.9015 95.8668 -37.7871
v  -562.9015 108.8343 -42.7161
v  -562.9015 109.1646 -41.7658
v  -564.5513 120.4337 -37.9095
v  -564.5513 112.6716 -36.3485
v  -564.5513 108.4352 -45.3972
v  -555.2026 157.1760 23.3383
v  -556.0998 157.9406 26.0150
v  -556.1390 157.9385 26.3014
v  -553.7667 162.0816 26.5138
v  -553.6782 162.0866 25.8672
v  -555.2244 157.1496 27.3512
v  -551.7018 160.3006 28.8841
v  -554.3740 156.3838 26.7312
v  -549.7817 158.5717 27.4842
v  -554.2706 156.3916 26.3579
v  -549.5484 158.5891 26.6414
v  -548.7954 167.3229 23.7815
v  -545.4628 167.3400 25.1770
v  -545.9490 169.3928 18.8489
v  -548.1519 169.3815 17.9264
v  -543.8176 165.2405 23.9438
v  -544.8615 168.0049 18.0337
v  -543.9728 164.7880 23.2116
v  -544.9641 167.7058 17.5496
v  -548.2792 169.1438 17.5896
v  -546.7809 169.4572 11.1732
v  -548.3930 166.0105 14.5525
v  -553.7014 153.3250 32.6139
v  -557.1564 149.8555 37.1577
v  -557.7012 149.8610 36.4350
v  -554.2462 153.3304 31.8912
v  -557.0072 147.9381 37.6607
v  -557.5520 147.9435 36.9380
v  -553.7634 149.8410 33.5772
v  -554.3082 149.8465 32.8545
v  -563.4753 129.3970 61.3863
v  -564.5513 128.9933 61.2152
v  -563.0368 130.3718 61.7991
v  -563.4753 131.3465 62.2120
v  -564.5513 131.7503 62.3830
v  -564.5513 130.0057 62.6635
v  -546.7597 71.5759 -0.2263
v  -549.9763 73.8737 7.0197
v  -549.9763 59.1006 19.0713
v  -546.7597 54.6334 13.5952
v  -559.7838 65.9671 4.3492
v  -555.9359 63.3780 -0.9403
v  -555.9359 51.0077 9.1512
v  -559.7838 54.6130 13.6119
v  -550.4781 57.5021 17.1133
v  -547.9277 54.6327 13.5958
v  -549.9946 50.1660 8.1192
v  -550.4964 51.0906 9.2540
v  -555.4777 51.7579 10.0723
v  -558.5286 54.6164 13.6090
v  -552.2186 58.3679 18.1734
v  -554.6115 57.5861 17.2151
v  -554.1532 56.8345 16.2952
v  -552.2186 57.1860 16.7259
v  -557.2042 39.8044 10.4683
v  -554.1532 43.0867 7.3210
v  -554.1532 33.9538 -2.1509
v  -557.2041 30.6714 0.9964
v  -550.4781 43.8469 6.5881
v  -550.4781 34.7139 -2.8838
v  -547.9277 39.8132 10.4775
v  -547.9277 30.6803 1.0056
v  -547.9277 40.8006 15.3702
v  -547.9277 25.8289 -0.1572
v  -550.4781 29.8624 -4.0467
v  -554.1532 29.1022 -3.3139
v  -557.2042 25.8143 -0.1723
v  -557.2041 40.7860 15.3551
v  -558.7182 3.2451 12.2520
v  -554.7059 4.0466 6.3659
v  -552.7211 1.2058 18.0013
v  -549.8727 3.8363 4.6324
v  -546.5188 3.2795 12.2478
v  -552.1520 75.8561 6.4420
v  -549.9763 77.3117 7.0671
v  -547.8864 115.6884 20.9109
v  -558.2952 127.3142 22.8572
v  -545.5131 1.2957 25.7643
v  -545.9985 2.8096 25.8733
v  -546.2061 2.2332 28.0452
v  -547.5158 1.2506 25.7623
v  -553.9575 0.9654 30.0048
v  -555.1210 0.4092 29.9648
v  -554.3426 0.5234 32.1864
v  -553.9492 -0.2013 29.8538
v  -558.5956 2.7052 25.8636
v  -559.2563 1.3279 25.7707
v  -558.5195 2.2215 28.0442
v  -557.2976 1.2874 25.7626
v  -550.9929 -0.0916 30.2722
v  -549.8873 0.3805 30.3733
v  -550.6268 0.5238 32.5969
v  -551.0002 0.8855 30.4097
v  -548.1437 6.5247 3.5715
v  -547.5148 7.1610 5.7459
v  -543.7420 6.9444 6.0838
v  -544.0794 6.6031 4.9173
v  -547.2087 5.4908 8.1893
v  -543.5778 6.0484 7.3946
v  -548.0756 5.1409 4.9250
v  -544.0428 5.8607 5.6434
v  -543.9247 6.5255 5.3139
v  -543.6848 6.7682 6.1433
v  -541.5480 4.6936 7.3063
v  -543.5681 6.1310 7.0754
v  -543.8987 5.9976 5.8302
v  -556.2175 1.2122 19.8810
v  -552.2818 1.7739 19.6108
v  -545.1415 0.9928 25.3926
v  -545.8569 3.2244 25.5533
v  -548.0936 0.9263 25.3896
v  -553.7749 3.4485 29.0169
v  -555.4901 -0.3328 27.9050
v  -553.7628 -1.2924 28.7943
v  -558.6747 3.0761 25.5395
v  -559.6488 1.0459 25.4025
v  -556.7614 0.9861 25.3905
v  -550.8080 -1.1883 28.8082
v  -549.1348 -0.3602 27.9043
v  -551.1948 3.3305 29.0108
v  -497.4205 69.8778 31.4694
v  -497.8421 71.8752 32.9788
v  -499.8421 71.4683 31.1821
v  -498.2551 71.5383 31.4643
v  -498.6557 73.4368 32.8990
v  -501.3127 73.3196 32.4264
v  -493.5140 71.8093 26.5224
v  -493.8780 71.5730 24.8412
v  -492.3673 73.1948 23.0097
v  -491.7579 73.5904 25.8244
v  -493.6306 70.0495 27.4173
v  -491.8193 71.8866 26.6973
v  -549.9763 64.9390 -3.9325
v  -546.7597 80.1115 0.0000
v  -549.9763 76.2449 6.8901
v  -546.7597 78.1886 -0.4588
v  -554.6115 73.0081 5.9347
v  -552.1552 74.7234 6.4410
v  -559.7725 70.8133 -1.4066
v  -555.9246 71.4067 -9.2852
v  -549.9763 74.5162 -10.9971
v  -549.9763 75.3178 6.2851
v  -546.7597 76.0306 -1.2829
v  -554.6115 71.9682 5.8733
v  -552.1583 73.7409 6.0912
v  -559.7725 68.8991 -1.0338
v  -555.9246 68.5244 -7.8075
v  -549.9763 71.3112 -10.0059
v  -549.9763 74.2873 6.5400
v  -546.7597 74.0139 -1.0566
v  -554.6115 70.9126 6.5655
v  -552.1620 72.6959 6.5520
v  -559.7725 67.2114 0.0987
v  -555.9246 66.2726 -5.3286
v  -549.9763 68.7512 -7.8694
v  -550.8407 49.4392 22.2468
v  -547.9277 48.4320 18.1592
v  -550.0391 47.2916 12.6731
v  -554.1532 47.5063 13.7069
v  -557.2041 48.4115 18.1634
v  -554.6284 49.0206 21.9310
v  -552.6536 49.2388 22.0956
v  -548.3928 46.2497 18.9519
v  -550.2389 46.5669 13.9414
v  -553.9708 46.5070 14.8856
v  -556.7043 46.2310 18.9507
v  -553.8792 46.3690 24.1127
v  -552.0873 46.4338 24.2710
v  -550.4686 46.4924 24.4140
v  -550.4114 41.4360 22.8895
v  -548.3928 43.4666 17.9107
v  -550.2389 46.0947 13.6330
v  -553.9708 45.5993 14.4390
v  -556.7043 43.4506 17.9008
v  -553.7969 41.5781 22.6427
v  -552.0059 43.9733 24.0356
v  -553.8386 39.5245 21.1352
v  -554.3809 38.0563 18.1512
v  -552.4097 37.8676 18.2057
v  -552.0519 39.3815 21.2107
v  -556.7043 41.8371 16.6853
v  -553.9708 44.5572 13.6517
v  -554.1532 44.0739 12.2135
v  -550.2389 45.1857 12.9446
v  -550.0391 44.8342 11.4807
v  -548.3928 41.8511 16.6977
v  -554.6115 70.6290 7.9480
v  -552.1651 72.3414 7.4580
v  -550.4265 39.2514 21.2794
v  -554.1532 23.2790 2.3010
v  -552.3148 22.8988 2.6677
v  -553.9459 27.2127 -4.8268
v  -556.6346 24.9426 -1.5240
v  -550.7070 27.7364 -5.5960
v  -548.4594 24.9579 -1.5136
v  -553.9459 22.9407 1.4498
v  -553.8218 21.8253 0.3266
v  -552.3171 21.5556 0.7794
v  -552.3129 22.6189 1.9226
v  -553.8218 25.3916 -5.6597
v  -556.2950 23.4905 -2.5014
v  -550.8426 25.8298 -6.3950
v  -548.7752 23.5051 -2.4927
v  -553.8563 21.0373 -0.0803
v  -552.3159 20.9206 0.4465
v  -553.8563 22.5802 -7.0367
v  -556.3884 21.7462 -3.3558
v  -550.8062 22.7701 -7.8922
v  -548.6896 21.7632 -3.3521
v  -553.5891 19.8772 -0.0843
v  -552.3278 20.0133 0.4542
v  -553.5891 18.0871 -7.1676
v  -555.6589 19.0204 -3.4021
v  -551.0958 17.8664 -8.0410
v  -549.3656 19.0378 -3.4065
v  -551.0958 20.1463 0.9803
v  -550.8062 20.8062 0.9628
v  -550.8426 21.2914 1.2231
v  -550.7070 22.3025 2.3877
v  -550.4781 22.5190 3.0340
v  -550.5759 37.6921 18.2565
v  -555.6532 6.4193 20.5223
v  -559.7382 1.3096 19.9725
v  -556.1029 4.9220 22.5818
v  -548.8516 6.4204 20.5295
v  -552.4291 6.3654 21.1223
v  -552.2770 5.1785 24.0704
v  -548.2933 5.1725 22.7649
v  -564.5513 79.9465 -15.0603
v  -564.5513 84.6750 -14.1342
v  -564.5513 77.3117 14.1342
v  -543.9200 120.8224 18.8293
v  -543.9200 117.6139 18.1116
v  -542.0827 117.6454 18.1334
v  -541.5795 120.8195 18.8272
v  -543.9200 115.8055 15.3294
v  -542.5901 115.8717 15.3753
v  -543.9114 116.4986 12.1120
v  -542.7905 116.5779 12.1669
v  -543.9200 119.2689 10.3350
v  -542.5902 119.3350 10.3808
v  -543.9200 122.5084 11.0533
v  -542.0827 122.5399 11.0751
v  -543.9200 124.3054 13.8066
v  -541.5795 124.3025 13.8046
v  -543.9114 123.6030 17.0385
v  -541.3621 123.5846 17.0257
v  -540.3972 117.3231 17.9099
v  -539.3736 120.3860 18.5267
v  -541.4295 115.6615 15.2295
v  -541.8462 116.4127 12.0524
v  -541.4295 119.1249 10.2351
v  -540.3972 122.2177 10.8517
v  -539.3736 123.8690 13.5040
v  -538.9405 123.1038 16.6923
v  -538.5538 116.7240 17.4945
v  -537.0687 119.6148 17.9919
v  -540.0514 115.2360 14.9345
v  -540.6602 116.0575 11.8061
v  -540.0514 118.6994 9.9400
v  -538.5538 121.6186 10.4362
v  -537.0687 123.0978 12.9692
v  -536.4446 122.2601 16.1072
v  -515.9993 110.7150 8.3105
v  -516.1558 111.2434 5.0493
v  -517.2968 108.4905 10.3858
v  -519.2449 105.8654 10.0337
v  -520.7419 104.3463 7.4916
v  -520.8729 104.8469 4.2413
v  -519.6073 107.0838 2.1852
v  -517.6415 109.7341 2.5345
v  -514.1546 109.3197 8.1132
v  -519.0281 103.4516 4.0440
v  -512.8266 107.8219 8.6826
v  -517.7001 101.9538 4.6135
v  -517.3558 104.1873 10.1912
v  -518.2134 101.9979 7.8498
v  -516.8032 100.8739 5.0966
v  -513.9838 101.4914 3.5147
v  -511.3785 103.4715 4.0646
v  -549.3972 163.2548 18.5381
v  -551.6525 160.3488 21.3202
v  -508.9070 90.3058 20.0870
v  -509.7470 88.1306 17.7505
v  -508.3368 87.0190 14.9807
v  -505.5024 87.6223 13.3999
v  -502.9042 89.5870 13.9343
v  -564.5513 131.8731 16.2830
v  -560.9393 131.4659 16.8702
v  -558.2952 130.3535 18.4744
v  -557.3273 128.8339 20.6658
v  -560.9393 126.2018 24.4614
v  -564.5513 125.7946 25.0486
v  -564.5513 134.6524 32.8959
v  -507.9219 79.0208 26.7927
v  -564.5513 95.6302 -21.4961
v  -564.5513 79.3936 -27.1223
v  -564.5513 103.9349 -30.1653
v  -564.5513 93.1675 -43.5574
v  -549.0829 167.2534 23.2464
v  -545.1059 1.2133 19.8781
v  -548.7451 1.0934 19.7954
v  -568.1632 159.6834 32.1179
v  -570.8074 159.7034 29.4738
v  -571.7751 159.7309 25.8620
v  -570.8074 159.7583 22.2501
v  -568.1632 159.7783 19.6061
v  -570.8074 154.3605 36.6574
v  -569.5549 156.8819 34.5071
v  -575.3871 154.3953 32.0778
v  -573.2073 156.9218 30.8384
v  -570.8074 154.5249 14.9863
v  -575.3871 154.4902 19.5660
v  -573.2073 156.9976 20.8435
v  -569.5549 157.0133 17.1746
v  -571.7751 147.1241 38.2789
v  -578.9991 147.2190 25.7671
v  -577.0634 147.1642 32.9908
v  -577.0635 154.4427 25.8219
v  -577.0635 147.2738 18.5434
v  -571.7752 147.3139 13.2553
v  -575.3871 139.9479 31.9682
v  -572.6891 139.9131 36.5478
v  -577.0635 139.9953 25.7123
v  -575.3871 140.0428 19.4564
v  -570.8074 140.0775 14.8767
v  -570.8074 134.6798 29.2840
v  -568.1632 134.6597 31.9281
v  -571.7752 134.7072 25.6722
v  -570.8074 134.7346 22.0603
v  -568.1632 134.7547 19.4163
v  -570.4412 74.6103 9.9339
v  -574.4911 74.2107 5.7354
v  -569.2518 72.6192 0.0000
v  -573.0997 73.9010 -10.2826
v  -570.6033 76.7918 -11.6845
v  -564.5513 129.5797 63.5681
v  -565.6273 128.9710 62.2908
v  -564.5513 128.5673 62.1198
v  -566.0657 129.9458 62.7037
v  -565.6273 130.9205 63.1165
v  -564.5513 131.3243 63.2876
v  -571.2999 130.3073 45.0795
v  -569.3232 128.1428 55.2575
v  -574.0952 136.5214 47.7117
v  -571.2998 132.5368 57.1187
v  -571.2998 142.7355 50.3438
v  -569.3232 136.9308 58.9799
v  -571.2050 133.7491 36.9424
v  -573.1816 140.5060 38.3046
v  -569.3232 144.9001 40.1658
v  -574.1727 134.8335 4.0523
v  -573.5625 136.1535 5.9960
v  -580.1591 131.1378 13.4965
v  -581.2161 129.6143 11.8462
v  -583.7942 125.2309 18.1674
v  -582.5737 127.0325 19.4166
v  -581.2161 120.8475 24.4885
v  -580.1591 122.9271 25.3368
v  -577.0346 121.5037 27.3895
v  -577.8094 119.2955 26.7266
v  -574.1727 117.6387 29.1158
v  -573.5624 119.9218 29.6707
v  -571.8981 113.3237 -7.0307
v  -574.1727 125.3949 -2.4929
v  -581.2161 120.1757 5.3011
v  -577.2764 108.8630 -0.3307
v  -579.2450 105.5159 4.4960
v  -583.7942 115.7923 11.6222
v  -577.2764 102.1688 9.3228
v  -581.2161 111.4090 17.9433
v  -577.4335 109.6857 20.4284
v  -573.8690 100.6164 11.5614
v  -571.8981 99.7186 12.8562
v  -574.1727 108.2001 22.5707
v  -574.1727 129.6744 0.4747
v  -581.2161 124.4552 8.2687
v  -577.6039 114.0428 23.2840
v  -574.1727 112.4796 25.5383
v  -573.3909 92.4528 -12.2406
v  -571.8981 92.1858 -10.1736
v  -579.8619 92.4528 -7.0671
v  -577.2764 92.1858 -5.8737
v  -582.2304 92.4528 0.0000
v  -579.2450 92.1858 0.0000
v  -579.8619 92.4528 7.0671
v  -577.2764 92.1858 5.8737
v  -575.1913 92.1858 7.5408
v  -577.0010 92.4528 9.3543
v  -573.3908 92.4528 12.2406
v  -571.8981 92.1858 10.1736
v  -573.3909 90.4930 -12.2406
v  -579.8619 90.4930 -7.0671
v  -582.2304 90.4930 0.0000
v  -579.8619 90.4930 7.0671
v  -576.9951 90.4930 9.3591
v  -573.3908 90.4930 12.2406
v  -566.2010 86.8524 -13.7746
v  -566.2010 86.0370 -13.7746
v  -573.3909 86.0370 -12.2406
v  -573.3909 86.8524 -12.2406
v  -579.8619 86.0370 -7.0671
v  -579.8619 86.8524 -7.0671
v  -582.2304 86.0370 0.0000
v  -582.2304 86.8524 0.0000
v  -579.8619 86.0370 7.0671
v  -579.8619 86.8524 7.0671
v  -576.9839 86.8524 9.3680
v  -576.9815 86.0370 9.3699
v  -573.3908 86.0370 12.2406
v  -573.3908 86.8524 12.2406
v  -573.3909 84.6750 -12.2406
v  -572.8174 79.4932 -13.9912
v  -579.1263 77.2559 -11.6143
v  -579.8619 84.6750 -7.0671
v  -576.9752 83.9659 9.3750
v  -576.9550 77.3117 8.8031
v  -572.6553 77.3117 12.2406
v  -573.3908 83.9659 12.2406
v  -593.8394 122.1002 12.2774
v  -610.6671 112.6626 5.7329
v  -611.3945 111.7712 8.8338
v  -594.5593 121.2129 15.3811
v  -607.1985 110.4262 13.7100
v  -596.6658 116.3333 17.8063
v  -606.1240 108.6905 13.4498
v  -595.5912 114.5977 17.5461
v  -607.2189 105.0375 7.8623
v  -590.3912 114.4750 14.4068
v  -606.5210 105.9032 4.7646
v  -589.6858 115.3449 11.3119
v  -607.2189 108.5009 2.8679
v  -590.3912 117.9384 9.4124
v  -608.9503 111.3012 3.2817
v  -592.1226 120.7388 9.8261
v  -630.3767 78.1721 25.3911
v  -629.3520 79.6588 28.3710
v  -631.8419 79.9275 26.6154
v  -627.4642 78.5162 28.3830
v  -627.2843 77.1691 26.6445
v  -628.9177 76.4066 24.1739
v  -631.4075 76.6753 22.4183
v  -633.2953 77.8179 22.4062
v  -633.4752 79.1650 24.1447
v  -624.1660 78.1877 26.2833
v  -624.4672 80.4430 29.1939
v  -626.9006 76.9111 22.1470
v  -631.0690 77.3611 19.2078
v  -634.2296 79.2739 19.1876
v  -626.6384 91.2643 20.2142
v  -629.2875 86.9200 23.3063
v  -625.1190 86.4700 26.2454
v  -622.4698 90.8144 23.1533
v  -621.9584 84.5572 26.2656
v  -619.3093 88.9015 23.1735
v  -619.2015 86.4443 20.2254
v  -621.6603 82.4121 23.0954
v  -624.1984 81.2272 19.2562
v  -621.7397 85.2595 16.3862
v  -628.5603 81.4752 16.2796
v  -625.9113 85.8196 13.1875
v  -631.7209 83.3881 16.2594
v  -629.0718 87.7324 13.1673
v  -632.0220 85.6433 19.1699
v  -629.3729 89.9877 16.0778
v  -631.7961 82.8058 26.2346
v  -627.6277 82.3559 29.1737
v  -634.5308 81.5292 22.0982
v  -627.4006 78.9805 28.4899
v  -628.7809 79.8160 28.4811
v  -627.5201 81.7880 29.0680
v  -625.2092 80.3894 29.0828
v  -629.5371 80.0114 28.1928
v  -631.4525 80.2181 26.8423
v  -631.4174 82.4323 26.5493
v  -628.2107 82.0862 28.8103
v  -632.0433 80.1027 26.2683
v  -633.3689 79.4838 24.2632
v  -634.2255 81.4025 22.6023
v  -632.0062 82.4385 25.9592
v  -633.5621 79.2250 23.6789
v  -633.4205 78.1651 22.3110
v  -634.1556 79.3107 19.7784
v  -634.3926 81.0853 22.0686
v  -631.4758 76.8320 30.4557
v  -633.3912 77.0387 29.1052
v  -633.3561 79.2529 28.8123
v  -630.1494 78.9068 31.0732
v  -628.8688 76.5728 30.2036
v  -630.2491 77.4082 30.1948
v  -628.9883 79.3803 30.7817
v  -626.6774 77.9817 30.7965
v  -634.6265 77.4794 24.9213
v  -634.4850 76.4195 23.5534
v  -635.2201 77.5651 21.0209
v  -635.4570 79.3397 23.3110
v  -633.8238 77.1828 28.3465
v  -635.1494 76.5640 26.3414
v  -636.0060 78.4827 24.6805
v  -633.7867 79.5187 28.0374
v  -631.5975 76.6325 30.5977
v  -633.5129 76.8393 29.2472
v  -633.4777 79.0534 28.9542
v  -630.2710 78.7073 31.2152
v  -628.9904 76.3733 30.3456
v  -630.3708 77.2088 30.3367
v  -629.1100 79.1808 30.9237
v  -626.7991 77.7822 30.9384
v  -634.7482 77.2799 25.0633
v  -634.6066 76.2200 23.6954
v  -635.3417 77.3656 21.1628
v  -635.5787 79.1402 23.4530
v  -633.9454 76.9833 28.4885
v  -635.2710 76.3645 26.4834
v  -636.1276 78.2832 24.8225
v  -633.9084 79.3192 28.1794
v  -631.7026 76.4601 30.7204
v  -633.6180 76.6669 29.3699
v  -633.5829 78.8811 29.0769
v  -630.3762 78.5349 31.3379
v  -629.0956 76.2010 30.4683
v  -630.4759 77.0364 30.4594
v  -629.2151 79.0084 31.0464
v  -626.9042 77.6098 31.0611
v  -634.8533 77.1076 25.1860
v  -634.7117 76.0476 23.8181
v  -635.4468 77.1933 21.2855
v  -635.6838 78.9678 23.5757
v  -634.0505 76.8110 28.6112
v  -635.3762 76.1921 26.6061
v  -636.2328 78.1108 24.9452
v  -634.0135 79.1468 28.3021
v  -634.0460 73.7917 30.1234
v  -634.3938 75.9967 30.2051
v  -634.8892 76.3080 29.4881
v  -634.5222 73.9818 29.4019
v  -632.0781 73.6979 31.4095
v  -632.1500 73.4880 31.5042
v  -634.1178 73.5817 30.2180
v  -634.4656 75.7867 30.2997
v  -631.1711 75.6297 32.4530
v  -631.0992 75.8396 32.3583
v  -629.4748 73.9346 31.1031
v  -629.5466 73.7247 31.1977
v  -631.0473 74.3009 31.3365
v  -630.9755 74.5108 31.2419
v  -630.1169 76.3366 32.2383
v  -630.0450 76.5466 32.1437
v  -627.6045 75.3719 32.0059
v  -627.5327 75.5818 31.9112
v  -635.4799 74.6941 26.0793
v  -635.5517 74.4841 26.1739
v  -635.2806 73.7031 24.6470
v  -635.2088 73.9130 24.5524
v  -636.2839 75.1053 22.3462
v  -636.2121 75.3152 22.2516
v  -636.7377 76.4129 24.9024
v  -636.6659 76.6228 24.8078
v  -634.5941 73.7719 29.4965
v  -635.8643 73.2723 27.4235
v  -635.7925 73.4822 27.3289
v  -637.0876 75.2616 26.1122
v  -637.0158 75.4715 26.0175
v  -634.9610 76.0981 29.5827
v  -632.2092 73.3151 31.5821
v  -634.1770 73.4089 30.2959
v  -634.5248 75.6139 30.3776
v  -631.2303 75.4569 32.5309
v  -629.6058 73.5518 31.2756
v  -631.1064 74.1281 31.4144
v  -630.1760 76.1638 32.3163
v  -627.6637 75.1991 32.0838
v  -635.6108 74.3113 26.2518
v  -635.3398 73.5302 24.7250
v  -636.3431 74.9324 22.4241
v  -636.7969 76.2400 24.9804
v  -634.6533 73.5991 29.5745
v  -635.9235 73.0994 27.5015
v  -637.1468 75.0887 26.1901
v  -635.0201 75.9253 29.6606
v  -633.6875 69.7510 30.2457
v  -634.6180 71.6628 30.9302
v  -635.2231 72.3334 30.2783
v  -634.2414 70.3165 29.5562
v  -618.0123 85.4923 26.4673
v  -617.9194 85.3472 26.7098
v  -618.0753 83.5086 23.9270
v  -618.1682 83.6537 23.6845
v  -620.4957 81.7958 23.9858
v  -620.5886 81.9409 23.7433
v  -620.3398 83.6344 26.7686
v  -620.4327 83.7795 26.5262
v  -617.8668 85.2024 26.9199
v  -618.0226 83.3638 24.1371
v  -620.4430 81.6509 24.1959
v  -620.2871 83.4896 26.9788
v  -617.9697 82.6727 29.7742
v  -618.1255 80.8341 26.9913
v  -619.9178 80.9478 25.4307
v  -619.7620 82.7864 28.2136
v  -617.9879 82.5220 29.9346
v  -618.1437 80.6834 27.1517
v  -619.9360 80.7971 25.5911
v  -619.7802 82.6357 28.3740
v  -618.0221 82.4014 30.0473
v  -618.1779 80.5628 27.2645
v  -619.9702 80.6764 25.7039
v  -619.8143 82.5151 28.4867
v  -619.6589 80.6075 30.8248
v  -619.8148 78.7689 28.0419
v  -621.4512 80.7212 29.2642
v  -620.2417 80.1717 30.3540
v  -624.1091 77.5473 29.3117
v  -620.3582 78.7981 28.2751
v  -621.3785 78.9863 27.3419
v  -621.5806 80.2566 29.1882
v  -631.9301 69.7937 31.3999
v  -632.0648 67.9409 31.0093
v  -633.3272 69.7053 30.5474
v  -633.9755 71.0373 31.0242
v  -631.6364 71.1852 32.4515
v  -629.2643 71.4020 31.3778
v  -628.8377 69.5900 31.5964
v  -630.3701 71.4508 31.5744
v  -630.0909 72.7734 32.5739
v  -628.2398 72.6917 32.2447
v  -635.6863 71.6702 26.0253
v  -635.4755 69.6911 24.6527
v  -635.4327 71.5056 24.8541
v  -636.4852 72.6355 23.5781
v  -636.9098 72.9110 25.5390
v  -634.5451 70.2070 29.1817
v  -634.8076 68.2957 28.0903
v  -635.4025 70.0210 27.6915
v  -636.6643 71.3008 27.1899
v  -635.2290 71.6121 29.6847
v  -625.6282 92.8738 19.0406
v  -622.7938 92.2705 20.6214
v  -614.3254 106.1513 10.7413
v  -617.1729 106.7419 9.1657
v  -627.0384 91.7622 16.2708
v  -618.5789 105.6419 6.3815
v  -612.9099 107.7224 10.1709
v  -613.6995 106.8342 10.5061
v  -611.2313 104.7094 10.0556
v  -610.6611 105.3508 9.8137
v  -610.2616 102.6831 7.6133
v  -609.4691 103.5747 7.2768
v  -612.0798 105.0687 1.9956
v  -613.9483 102.9662 2.7897
v  -616.4415 105.1094 3.2387
v  -614.3506 107.4622 2.3501
v  -617.4070 107.1189 5.6552
v  -615.5354 109.2249 4.8598
v  -582.2304 84.6750 0.0000
v  -579.8619 83.9659 7.0671
v  -566.2010 84.7458 -23.6675
v  -566.2010 83.1780 -24.3997
v  -566.2010 95.8668 -37.7871
v  -566.2010 94.9275 -39.2403
v  -566.2010 109.1646 -41.7658
v  -566.2010 108.8343 -42.7161
v  -573.8999 157.1760 23.3383
v  -573.0027 157.9406 26.0150
v  -575.4244 162.0866 25.8672
v  -575.3359 162.0816 26.5138
v  -572.9636 157.9385 26.3014
v  -577.4008 160.3006 28.8841
v  -573.8781 157.1496 27.3512
v  -579.3209 158.5717 27.4842
v  -574.7285 156.3838 26.7312
v  -579.5541 158.5891 26.6414
v  -574.8319 156.3916 26.3579
v  -580.3071 167.3229 23.7815
v  -580.9506 169.3815 17.9264
v  -583.1536 169.3928 18.8489
v  -583.6398 167.3400 25.1770
v  -584.2411 168.0049 18.0337
v  -585.2849 165.2405 23.9438
v  -584.1385 167.7058 17.5496
v  -585.1297 164.7880 23.2116
v  -580.8234 169.1438 17.5896
v  -582.3217 169.4572 11.1732
v  -580.7095 166.0105 14.5525
v  -575.4012 153.3250 32.6139
v  -574.8564 153.3304 31.8912
v  -571.4013 149.8610 36.4350
v  -571.9461 149.8555 37.1577
v  -571.5505 147.9436 36.9380
v  -572.0953 147.9381 37.6607
v  -574.7944 149.8465 32.8545
v  -575.3392 149.8410 33.5772
v  -565.6273 129.3970 61.3863
v  -566.0657 130.3718 61.7991
v  -565.6273 131.3465 62.2120
v  -582.3428 71.5759 -0.2263
v  -582.3428 54.6334 13.5952
v  -579.1263 59.1006 19.0713
v  -579.1263 73.8737 7.0197
v  -569.3187 65.9671 4.3492
v  -569.3187 54.6130 13.6119
v  -573.1666 51.0077 9.1512
v  -573.1666 63.3780 -0.9403
v  -581.1748 54.6327 13.5958
v  -578.6245 57.5021 17.1133
v  -579.1080 50.1660 8.1192
v  -578.6061 51.0906 9.2540
v  -570.5740 54.6164 13.6090
v  -573.6249 51.7579 10.0723
v  -576.8839 58.3679 18.1734
v  -576.8839 57.1860 16.7259
v  -574.9493 56.8345 16.2952
v  -574.4911 57.5861 17.2151
v  -571.8984 39.8044 10.4683
v  -571.8984 30.6714 0.9964
v  -574.9493 33.9538 -2.1509
v  -574.9493 43.0867 7.3210
v  -578.6245 34.7139 -2.8838
v  -578.6245 43.8469 6.5881
v  -581.1748 30.6803 1.0056
v  -581.1748 39.8132 10.4775
v  -581.1748 40.8006 15.3702
v  -581.1748 25.8289 -0.1572
v  -578.6245 29.8624 -4.0467
v  -574.9493 29.1022 -3.3139
v  -571.8984 25.8143 -0.1723
v  -571.8984 40.7860 15.3551
v  -570.3843 3.2451 12.2520
v  -576.3815 1.2058 18.0013
v  -574.3966 4.0466 6.3659
v  -579.2298 3.8363 4.6324
v  -582.5837 3.2795 12.2478
v  -576.9506 75.8561 6.4420
v  -579.1263 77.3117 7.0671
v  -581.2161 115.6884 20.9109
v  -570.8074 127.3142 22.8572
v  -583.5894 1.2957 25.7643
v  -582.8964 2.2332 28.0452
v  -583.1041 2.8096 25.8733
v  -581.5867 1.2506 25.7623
v  -575.1451 0.9654 30.0048
v  -574.7599 0.5234 32.1864
v  -573.9815 0.4092 29.9648
v  -575.1533 -0.2013 29.8538
v  -570.5069 2.7052 25.8636
v  -570.5830 2.2215 28.0442
v  -569.8462 1.3279 25.7707
v  -571.8049 1.2874 25.7626
v  -578.1097 -0.0916 30.2722
v  -578.4758 0.5238 32.5969
v  -579.2152 0.3805 30.3733
v  -578.1024 0.8855 30.4097
v  -580.9589 6.5247 3.5715
v  -585.0231 6.6031 4.9173
v  -585.3605 6.9444 6.0838
v  -581.5878 7.1610 5.7459
v  -585.5247 6.0484 7.3946
v  -581.8938 5.4908 8.1893
v  -585.0597 5.8607 5.6434
v  -581.0269 5.1409 4.9250
v  -585.1779 6.5255 5.3139
v  -587.5545 4.6936 7.3063
v  -585.4177 6.7682 6.1433
v  -585.5345 6.1310 7.0754
v  -585.2038 5.9976 5.8302
v  -572.8850 1.2122 19.8810
v  -577.1421 1.4359 19.6108
v  -583.9610 0.9928 25.3926
v  -583.2456 3.2244 25.5533
v  -581.0090 0.9263 25.3896
v  -575.3276 3.4485 29.0169
v  -573.6124 -0.3328 27.9050
v  -575.3398 -0.4367 28.7943
v  -570.4278 3.0761 25.5395
v  -569.4537 1.0459 25.4025
v  -572.3411 0.9861 25.3905
v  -578.2945 -0.3326 28.8082
v  -579.9677 -0.3602 27.9043
v  -577.9077 3.3305 29.0108
v  -631.6820 69.8778 31.4694
v  -631.2604 71.8752 32.9788
v  -629.2604 71.4683 31.1821
v  -630.8475 71.5383 31.4643
v  -630.4468 73.4368 32.8990
v  -627.7898 73.3196 32.4264
v  -635.5886 71.8093 26.5224
v  -635.2245 71.5730 24.8412
v  -636.7352 73.1948 23.0097
v  -637.3447 73.5904 25.8244
v  -635.4720 70.0495 27.4173
v  -637.2833 71.8866 26.6973
v  -579.1263 64.9390 -3.9325
v  -582.3428 80.1115 0.0000
v  -582.3428 78.1886 -0.4588
v  -579.1263 76.2449 6.8901
v  -576.9474 74.7234 6.4410
v  -574.4911 73.0081 5.9347
v  -569.3301 70.8133 -1.4066
v  -573.1780 71.4067 -9.2852
v  -579.1263 74.5162 -10.9971
v  -582.3428 76.0306 -1.2829
v  -579.1263 75.3178 6.2851
v  -576.9443 73.7409 6.0912
v  -574.4911 71.9682 5.8733
v  -569.3301 68.8991 -1.0338
v  -573.1780 68.5244 -7.8075
v  -579.1263 71.3112 -10.0059
v  -582.3428 74.0139 -1.0566
v  -579.1263 74.2873 6.5400
v  -576.9405 72.6959 6.5520
v  -574.4911 70.9126 6.5655
v  -569.3301 67.2114 0.0987
v  -573.1780 66.2726 -5.3286
v  -579.1263 68.7512 -7.8694
v  -581.1748 48.4320 18.1592
v  -578.2618 49.4392 22.2468
v  -579.0635 47.2916 12.6731
v  -571.8984 48.4115 18.1634
v  -574.9493 47.5063 13.7069
v  -574.4741 49.0206 21.9310
v  -576.4489 49.2388 22.0956
v  -578.8636 46.5669 13.9414
v  -580.7097 46.2497 18.9519
v  -572.3983 46.2310 18.9507
v  -575.1318 46.5070 14.8856
v  -577.0153 46.4338 24.2710
v  -575.2234 46.3690 24.1127
v  -580.7097 43.4666 17.9107
v  -578.6911 41.4360 22.8895
v  -578.6339 46.4924 24.4140
v  -578.8636 46.0947 13.6330
v  -572.3983 43.4506 17.9008
v  -575.1318 45.5993 14.4390
v  -575.3057 41.5781 22.6427
v  -577.0966 43.9733 24.0356
v  -575.2639 39.5245 21.1352
v  -577.0506 39.3815 21.2107
v  -576.6929 37.8676 18.2057
v  -574.7216 38.0563 18.1512
v  -572.3983 41.8371 16.6853
v  -574.9493 44.0739 12.2135
v  -575.1318 44.5572 13.6517
v  -579.0635 44.8342 11.4807
v  -578.8636 45.1857 12.9446
v  -580.7097 41.8511 16.6977
v  -576.9374 72.3414 7.4580
v  -574.4911 70.6290 7.9480
v  -578.6760 39.2514 21.2794
v  -576.7877 22.8988 2.6677
v  -574.9493 23.2790 2.3010
v  -572.4679 24.9426 -1.5240
v  -575.1567 27.2127 -4.8268
v  -578.3956 27.7364 -5.5960
v  -580.6431 24.9579 -1.5136
v  -575.1567 22.9407 1.4498
v  -576.7897 22.6189 1.9226
v  -576.7855 21.5556 0.7794
v  -575.2808 21.8253 0.3266
v  -572.8076 23.4905 -2.5014
v  -575.2808 25.3916 -5.6597
v  -578.2599 25.8298 -6.3950
v  -580.3273 23.5051 -2.4927
v  -576.7866 20.9206 0.4465
v  -575.2462 21.0373 -0.0803
v  -572.7142 21.7462 -3.3558
v  -575.2462 22.5802 -7.0367
v  -578.2963 22.7701 -7.8922
v  -580.4130 21.7632 -3.3521
v  -576.7747 20.0133 0.4542
v  -575.5134 19.8772 -0.0843
v  -573.4436 19.0204 -3.4021
v  -575.5134 18.0871 -7.1676
v  -578.0067 17.8664 -8.0410
v  -579.7369 19.0378 -3.4065
v  -578.0067 20.1463 0.9803
v  -578.2963 20.8062 0.9628
v  -578.2599 21.2914 1.2231
v  -578.3955 22.3025 2.3877
v  -578.6245 22.5190 3.0340
v  -578.5266 37.6921 18.2565
v  -573.4493 6.4193 20.5223
v  -572.9996 4.9220 22.5818
v  -569.3644 1.3096 19.9725
v  -580.2510 6.4204 20.5295
v  -580.8092 5.1725 22.7649
v  -576.8256 5.1785 24.0704
v  -576.6735 6.3654 21.1223
v  -585.1826 120.8224 18.8293
v  -587.5231 120.8195 18.8272
v  -587.0198 117.6454 18.1334
v  -585.1826 117.6139 18.1116
v  -586.5124 115.8717 15.3753
v  -585.1826 115.8055 15.3294
v  -586.3120 116.5779 12.1669
v  -585.1912 116.4986 12.1120
v  -586.5123 119.3350 10.3808
v  -585.1826 119.2689 10.3350
v  -587.0198 122.5399 11.0751
v  -585.1826 122.5084 11.0533
v  -587.5231 124.3025 13.8046
v  -585.1826 124.3054 13.8066
v  -587.7405 123.5846 17.0257
v  -585.1912 123.6030 17.0385
v  -589.7289 120.3860 18.5267
v  -588.7053 117.3231 17.9099
v  -587.6730 115.6615 15.2295
v  -587.2563 116.4127 12.0524
v  -587.6730 119.1249 10.2351
v  -588.7053 122.2177 10.8517
v  -589.7289 123.8690 13.5040
v  -590.1620 123.1038 16.6923
v  -592.0338 119.6148 17.9919
v  -590.5488 116.7240 17.4945
v  -589.0511 115.2360 14.9345
v  -588.4424 116.0575 11.8061
v  -589.0511 118.6994 9.9400
v  -590.5488 121.6186 10.4362
v  -592.0338 123.0978 12.9692
v  -592.6579 122.2601 16.1072
v  -612.9467 111.2434 5.0493
v  -613.1032 110.7150 8.3105
v  -611.8057 108.4905 10.3858
v  -609.8577 105.8654 10.0337
v  -608.3607 104.3463 7.4916
v  -608.2297 104.8469 4.2413
v  -609.4952 107.0838 2.1852
v  -611.4611 109.7341 2.5345
v  -614.9479 109.3197 8.1132
v  -610.0744 103.4516 4.0440
v  -616.2759 107.8219 8.6826
v  -611.4024 101.9538 4.6135
v  -611.7467 104.1873 10.1912
v  -610.8892 101.9979 7.8498
v  -612.2994 100.8739 5.0966
v  -615.1187 101.4914 3.5147
v  -617.7240 103.4715 4.0646
v  -579.7054 163.2548 18.5381
v  -577.4500 160.3488 21.3202
v  -620.1956 90.3058 20.0870
v  -619.3555 88.1306 17.7505
v  -620.7657 87.0190 14.9807
v  -623.6001 87.6223 13.3999
v  -626.1984 89.5870 13.9343
v  -568.1632 131.4659 16.8702
v  -570.8074 130.3535 18.4744
v  -571.7752 128.8339 20.6658
v  -568.1632 126.2018 24.4614
v  -621.1807 79.0208 26.7927
v  -580.0196 167.2534 23.2464
v  -583.9966 1.2133 19.8781
v  -580.3575 1.0934 19.7954
# 1353 vertices

vn -0.0000 1.0000 0.0076
vn -0.0000 0.8434 0.5373
vn 0.2654 0.8439 0.4662
vn 0.4787 0.8386 0.2601
vn 0.6137 0.7895 -0.0012
vn 0.4505 0.8532 -0.2629
vn 0.2655 0.8509 -0.4533
vn 0.0000 0.8514 -0.5245
vn 0.4372 0.4774 0.7622
vn 0.3536 0.7024 0.6177
vn -0.0000 0.7017 0.7125
vn 0.0000 0.6402 0.7682
vn 0.7591 0.4995 0.4175
vn 0.6155 0.7044 0.3534
vn 0.4380 0.4881 -0.7549
vn 0.3536 0.7117 -0.6070
vn 0.5968 0.7096 -0.3745
vn 0.7587 0.4807 -0.4397
vn -0.0000 0.4890 -0.8723
vn 0.0000 0.7124 -0.7017
vn 0.6230 0.1100 0.7745
vn 0.0000 0.7600 0.6499
vn 1.0000 0.0000 0.0000
vn 0.8607 0.5091 -0.0038
vn 0.8629 0.0035 0.5053
vn 0.8660 0.0038 -0.5000
vn 0.5000 0.0066 -0.8660
vn -0.0000 0.0076 -1.0000
vn 0.8044 -0.4908 0.3347
vn 0.8856 -0.4296 0.1767
vn 0.8760 -0.4823 -0.0037
vn 0.7586 -0.4790 -0.4416
vn 0.4380 -0.4766 -0.7623
vn -0.0000 -0.4757 -0.8796
vn 0.6760 -0.5996 0.4283
vn 0.4035 -0.8554 0.3247
vn 0.8916 -0.4497 0.0525
vn 0.8641 -0.2499 -0.4370
vn 0.5229 -0.1155 -0.8445
vn 0.2580 -0.0742 -0.9633
vn -0.0000 -0.9970 -0.0774
vn 0.2217 -0.8578 0.4637
vn 0.0000 -0.8413 0.5406
vn -0.1632 -0.5333 0.8300
vn -0.1049 -0.9814 0.1610
vn -0.2388 -0.5222 -0.8188
vn -0.0874 -0.6900 -0.7185
vn 0.0000 -0.7934 -0.6087
vn -0.4362 -0.3510 0.8286
vn -0.4744 -0.8797 0.0319
vn 0.6344 -0.7596 0.1438
vn 0.8971 -0.1778 0.4044
vn 0.6318 0.4021 0.6627
vn -0.4821 0.5606 0.6732
vn 0.7022 -0.6942 -0.1578
vn 0.6227 -0.7576 0.1956
vn -0.0000 -0.9956 0.0933
vn 0.0000 -0.9503 -0.3114
vn 0.9964 -0.0332 0.0785
vn 0.8774 -0.1858 0.4423
vn 0.7071 0.6511 0.2758
vn 0.6180 0.3817 0.6873
vn 0.0000 0.8545 0.5194
vn -0.0000 0.6151 0.7885
vn 0.7301 -0.5619 -0.3887
vn 0.0000 -0.8311 -0.5561
vn 0.9221 0.3407 -0.1833
vn 0.7267 0.4748 0.4964
vn -0.0000 0.8942 0.4477
vn 0.0000 0.9943 -0.1063
vn 0.3553 0.9339 -0.0407
vn 0.5275 0.6411 -0.5575
vn -0.0000 0.7244 -0.6894
vn 0.5533 0.8077 0.2037
vn 0.6408 0.6309 0.4375
vn 0.8436 0.4413 0.3060
vn 0.8125 0.5272 -0.2488
vn 0.5287 0.4091 0.7437
vn 0.7468 -0.1087 0.6561
vn 0.3919 0.3604 0.8465
vn 0.2808 0.2694 0.9212
vn 0.4230 -0.3289 0.8443
vn 0.6092 -0.2535 0.7514
vn -0.0000 0.2250 0.9744
vn 0.0000 -0.3917 0.9201
vn 0.0000 0.4506 -0.8927
vn 0.5350 0.3545 -0.7669
vn 0.5102 0.1713 -0.8428
vn 0.0000 0.2403 -0.9707
vn 0.8259 0.1141 -0.5521
vn 0.7453 -0.5479 -0.3800
vn 0.9818 -0.1386 -0.1298
vn 0.8690 0.0562 -0.4917
vn 0.7552 -0.5314 0.3839
vn 0.8248 -0.3944 0.4051
vn 0.6174 -0.5632 0.5492
vn 0.4271 -0.6276 0.6509
vn 0.4322 -0.5385 0.7233
vn 0.6239 -0.4806 0.6163
vn -0.0000 -0.6782 0.7349
vn -0.0000 -0.5800 0.8146
vn 0.5387 0.4801 -0.6923
vn 0.0000 0.5698 -0.8218
vn 0.7294 0.3898 -0.5621
vn 0.4284 -0.5149 0.7425
vn 0.6244 -0.4451 0.6418
vn 0.0000 -0.5698 0.8218
vn 0.0000 0.8405 -0.5419
vn 0.2309 0.8384 -0.4937
vn 0.3076 0.6926 -0.6524
vn 0.0000 0.6987 -0.7154
vn 0.4006 0.8631 -0.3076
vn 0.6013 0.6785 -0.4221
vn 0.5643 0.8245 -0.0418
vn 0.7425 0.6698 0.0000
vn 0.5595 0.7558 0.3402
vn 0.6013 0.6784 0.4221
vn 0.4761 0.6470 0.5955
vn 0.3259 0.6993 0.6362
vn 0.3075 0.6927 0.6524
vn 0.4179 0.7431 0.5227
vn 0.0000 0.6802 0.7330
vn 0.0000 0.6987 0.7154
vn 0.4284 -0.0000 -0.9036
vn 0.0000 0.4177 -0.9086
vn 0.8197 0.0000 -0.5728
vn 1.0000 -0.0000 0.0000
vn 0.8197 0.0000 0.5728
vn 0.4284 -0.0000 0.9036
vn 0.6244 -0.0000 0.7811
vn 0.0000 0.0000 1.0000
vn 0.7001 0.1295 -0.7022
vn 0.4280 0.0000 -0.9038
vn 0.6678 -0.1858 -0.7208
vn 0.6244 0.0000 0.7811
vn 0.4284 0.0000 0.9036
vn 0.4412 0.1239 -0.8888
vn 0.8412 0.1083 -0.5298
vn 0.6333 -0.0254 -0.7735
vn 0.2011 -0.1806 -0.9628
vn 0.6241 -0.0345 0.7806
vn 0.4347 -0.0243 0.9002
vn 0.3994 -0.4131 0.8184
vn 0.5521 -0.4672 0.6906
vn 0.3956 0.8838 -0.2497
vn 0.5572 0.7309 0.3942
vn 0.5629 0.7345 0.3790
vn 0.4205 0.8668 -0.2680
vn 0.3256 0.1762 0.9289
vn 0.4983 0.0816 0.8632
vn -0.1040 -0.5291 0.8422
vn 0.0686 -0.6283 0.7750
vn -0.4229 -0.8847 0.1961
vn -0.4514 -0.8733 0.1835
vn -0.5679 -0.6764 -0.4691
vn -0.5630 -0.6733 -0.4793
vn -0.3993 -0.0738 -0.9138
vn -0.3679 -0.0825 -0.9262
vn -0.0004 0.5693 -0.8221
vn 0.0368 0.5477 -0.8359
vn 0.4449 -0.7296 0.5193
vn 0.6667 -0.2942 0.6848
vn 0.4535 -0.3396 0.8240
vn 0.0956 -0.6196 0.7791
vn -0.0121 -0.9002 0.4353
vn 0.1047 -0.9708 0.2156
vn 0.3273 -0.9409 0.0874
vn 0.7046 -0.6925 0.1549
vn 0.7929 -0.3802 0.4761
vn -0.4761 -0.1986 0.8567
vn -0.6649 -0.7131 0.2223
vn -0.4027 -0.8664 -0.2954
vn 0.1161 -0.8108 -0.5737
vn 0.8124 -0.3530 -0.4641
vn 0.5608 0.6835 0.4673
vn -0.0944 0.7467 0.6584
vn 0.0580 0.6021 0.7963
vn 0.5637 0.6787 0.4707
vn -0.7338 0.5760 0.3601
vn -0.3343 0.1207 0.9347
vn -0.9265 -0.2726 -0.2596
vn -0.5721 -0.6793 -0.4596
vn -0.5726 -0.6752 -0.4650
vn -0.5497 -0.8113 -0.1992
vn -0.1304 -0.3930 -0.9103
vn -0.0655 -0.6048 -0.7937
vn 0.4771 0.1976 -0.8564
vn 0.6959 -0.0833 -0.7132
vn 0.7373 0.6471 -0.1940
vn 0.8622 0.5058 -0.0280
vn 0.1911 0.3069 0.9323
vn 0.6721 0.4254 0.6060
vn 0.9672 0.2140 0.1369
vn 0.6710 -0.0936 0.7355
vn -0.0839 -0.8703 0.4853
vn 0.1448 0.0271 0.9891
vn -0.0402 -0.1592 0.9864
vn 0.9512 -0.1888 0.2442
vn -0.0688 -0.6076 0.7913
vn 0.6202 0.2595 0.7403
vn 0.4688 0.2054 0.8591
vn 0.7128 -0.7013 -0.0100
vn 0.2504 -0.1049 0.9624
vn 0.8914 0.1548 0.4259
vn 0.7845 0.2399 0.5718
vn 0.3783 -0.9256 0.0116
vn 0.7403 -0.1019 0.6644
vn 0.9595 -0.2789 -0.0383
vn 0.9896 -0.0741 0.1232
vn 0.2042 -0.4819 -0.8521
vn -0.6624 -0.6584 -0.3575
vn 0.8720 0.4852 -0.0654
vn -0.6028 0.1849 0.7762
vn 0.7995 0.0623 -0.5974
vn -0.1694 -0.6379 -0.7512
vn 0.4035 0.6810 0.6111
vn -0.8794 -0.2462 0.4075
vn -0.8251 -0.5594 -0.0791
vn -0.5607 0.2252 0.7968
vn 0.3482 -0.3933 -0.8509
vn 0.6983 0.6457 0.3089
vn -0.4521 -0.6835 -0.5730
vn -0.8954 -0.3503 0.2750
vn 0.7731 0.0201 -0.6340
vn 0.0188 0.5874 0.8091
vn 0.8720 0.4852 -0.0653
vn -0.6027 0.1849 0.7762
vn -0.1694 -0.6380 -0.7512
vn 0.4035 0.6810 0.6110
vn -0.8794 -0.2462 0.4074
vn -0.5608 0.2252 0.7968
vn 0.3481 -0.3934 -0.8509
vn 0.6984 0.6457 0.3089
vn -0.8954 -0.3503 0.2751
vn 0.7729 0.0200 -0.6342
vn 0.0188 0.5873 0.8091
vn 0.2220 -0.3443 -0.9122
vn -0.6364 -0.4202 -0.6468
vn 0.9117 0.4097 0.0295
vn -0.5084 0.1120 0.8538
vn 0.9419 0.0589 -0.3306
vn -0.1228 -0.4059 -0.9056
vn 0.4265 0.6199 0.6587
vn -0.8665 -0.2309 0.4425
vn -0.9339 -0.3522 -0.0623
vn -0.3497 0.2258 0.9092
vn 0.3699 -0.3832 -0.8464
vn 0.7263 0.6036 0.3289
vn -0.6993 -0.4263 -0.5738
vn -0.9373 -0.2122 0.2764
vn 0.8383 -0.0402 -0.5438
vn 0.0978 0.5151 0.8515
vn 0.9520 0.3053 0.0220
vn 0.0973 -0.3081 -0.9463
vn -0.9702 -0.1858 0.1554
vn 0.0883 0.4207 0.9029
vn -0.7582 -0.3904 -0.5223
vn 0.1492 -0.3635 -0.9196
vn -0.7511 -0.4673 -0.4663
vn 0.9429 0.3324 0.0215
vn -0.6327 0.1509 0.7595
vn -0.5891 0.1558 0.7929
vn -0.2578 -0.4107 -0.8746
vn 0.8051 0.0215 -0.5928
vn 0.8185 0.0213 -0.5742
vn -0.2485 -0.4675 -0.8484
vn 0.4906 0.4890 0.7212
vn 0.4913 0.4921 0.7187
vn -0.9311 -0.1491 0.3330
vn -0.9216 -0.1552 0.3557
vn -0.5519 0.1839 0.8134
vn -0.9167 -0.3536 -0.1860
vn -0.9042 -0.3890 -0.1762
vn -0.5417 0.1843 0.8201
vn 0.3479 -0.3126 -0.8839
vn 0.3060 -0.3022 -0.9028
vn 0.7562 0.5032 0.4183
vn 0.7860 0.4568 0.4166
vn -0.5837 -0.4184 -0.6959
vn -0.5408 -0.4925 -0.6819
vn -0.9504 -0.2318 0.2075
vn 0.7662 -0.0138 -0.6424
vn 0.7867 -0.0090 -0.6173
vn 0.0896 0.4346 0.8961
vn 0.2115 -0.1839 -0.9599
vn -0.6204 -0.0979 -0.7782
vn 0.9706 0.2075 0.1223
vn -0.4891 0.0147 0.8721
vn 0.9724 -0.1387 -0.1875
vn -0.1191 -0.1141 -0.9863
vn 0.5034 0.4080 0.7616
vn -0.9029 -0.1505 0.4025
vn -0.9905 -0.0896 -0.1047
vn -0.2605 0.0801 0.9622
vn 0.3230 -0.2973 -0.8985
vn 0.8050 0.4100 0.4288
vn -0.8012 -0.0810 -0.5929
vn -0.9678 -0.0458 0.2474
vn 0.8474 -0.1253 -0.5160
vn 0.1680 0.3185 0.9329
vn 0.9679 -0.1769 0.1783
vn 0.3363 -0.7593 -0.5570
vn -0.6211 -0.6554 0.4297
vn 0.1954 -0.0673 0.9784
vn -0.5054 0.7596 0.4094
vn -0.8248 -0.2944 -0.4828
vn -0.8534 -0.2613 -0.4510
vn -0.4884 0.7899 0.3710
vn 0.1954 -0.8992 -0.3915
vn 0.4433 -0.8175 -0.3676
vn 0.6464 -0.0527 0.7612
vn 0.8375 0.3066 0.4524
vn -0.8655 -0.3306 -0.3763
vn -0.5569 0.6699 0.4910
vn 0.4872 -0.7959 -0.3593
vn 0.8541 0.2441 0.4592
vn -0.8423 -0.4263 -0.3298
vn -0.5511 0.5927 0.5874
vn 0.4229 -0.7862 -0.4507
vn 0.8067 0.4158 0.4199
vn -0.8382 -0.4590 -0.2947
vn -0.5571 0.5214 0.6464
vn 0.5273 -0.5498 -0.6478
vn 0.8162 0.4852 0.3139
vn -0.8007 -0.5801 -0.1496
vn -0.5092 0.2607 0.8202
vn 0.4495 -0.4116 -0.7928
vn 0.7302 0.6245 0.2772
vn -0.4307 -0.9024 -0.0101
vn -0.0971 -0.1174 0.9883
vn 0.8489 0.4615 0.2577
vn 0.2484 -0.4540 0.8557
vn -0.1667 -0.9665 0.1954
vn 0.8334 -0.5284 0.1618
vn 0.6979 -0.4792 -0.5323
vn 0.8659 0.4636 0.1880
vn -0.7764 -0.4236 -0.4667
vn 0.2915 -0.9309 -0.2202
vn -0.2423 -0.9637 -0.1122
vn 0.5471 -0.4256 0.7208
vn 0.2461 -0.4833 0.8402
vn -0.4014 -0.5017 -0.7663
vn 0.3975 -0.8881 0.2306
vn -0.2631 -0.9602 -0.0939
vn 0.0898 -0.4372 0.8949
vn -0.6712 -0.5484 0.4988
vn 0.2012 -0.8659 0.4579
vn -0.7799 -0.5251 -0.3407
vn -0.2053 -0.9674 -0.1481
vn 0.4437 -0.6913 -0.5703
vn 0.8369 -0.5345 0.1178
vn -0.1985 -0.8861 0.4189
vn -0.4679 -0.5578 -0.6855
vn -0.2278 -0.9659 -0.1229
vn 0.7834 -0.5418 0.3044
vn 0.6860 -0.4438 0.5766
vn 0.5607 0.6836 0.4672
vn 0.5810 0.6816 0.4448
vn -0.0126 0.4589 0.8884
vn -0.1433 0.7338 0.6641
vn 0.7399 0.6280 -0.2411
vn 0.8561 0.4644 -0.2269
vn 0.1774 0.2808 0.9433
vn -0.3140 -0.3521 0.8817
vn -0.4905 -0.1846 0.8517
vn 0.0282 0.3618 0.9318
vn -0.6509 -0.7161 0.2521
vn -0.7612 -0.5883 0.2727
vn -0.0975 -0.2578 -0.9613
vn 0.3974 0.2756 -0.8753
vn 0.5601 0.1035 -0.8220
vn 0.0052 -0.3952 -0.9186
vn 0.6719 0.6684 -0.3191
vn 0.7918 0.5518 -0.2619
vn 0.9999 0.0120 0.0005
vn 0.8234 -0.0469 0.5654
vn 0.9663 -0.2575 -0.0052
vn 0.9986 0.0519 0.0117
vn 0.9781 -0.1216 -0.1692
vn 0.9982 0.0356 0.0488
vn 0.9383 0.0992 -0.3313
vn 0.9930 0.0865 0.0809
vn -0.0000 0.9714 0.2376
vn -0.0000 0.3717 0.9283
vn -0.0000 0.1658 -0.9862
vn 0.6540 0.6338 -0.4131
vn 0.0276 0.9920 -0.1231
vn 0.1103 0.9459 0.3052
vn -0.6911 0.6010 0.4014
vn -0.8042 0.5210 -0.2862
vn 0.3716 0.5954 0.7123
vn -0.0400 0.0767 0.9963
vn 0.8203 0.1312 0.5567
vn 0.5358 -0.5983 0.5958
vn 0.9952 -0.0965 -0.0177
vn 0.6059 -0.7896 -0.0972
vn -0.3859 0.8127 0.4367
vn 0.3920 0.6339 0.6667
vn 0.3917 0.9084 0.1465
vn -0.5276 0.8458 0.0791
vn 0.9351 -0.0148 0.3539
vn 0.9360 0.3397 -0.0924
vn 0.8584 -0.4803 -0.1802
vn 0.8951 -0.2862 -0.3418
vn -0.9128 0.3915 -0.1161
vn 0.0699 0.3045 -0.9500
vn -0.4199 -0.6134 -0.6688
vn 0.8899 -0.1137 0.4417
vn 0.9554 -0.0670 0.2875
vn 0.9463 -0.3184 0.0552
vn 0.0614 -0.6277 0.7760
vn 0.7554 0.4022 0.5173
vn 0.6952 0.7188 0.0069
vn 0.1929 0.5576 0.8074
vn -0.0604 0.5718 0.8182
vn 0.6450 -0.7544 0.1215
vn -0.0000 -1.0000 0.0087
vn 0.9054 -0.1642 0.3916
vn 0.6311 0.4129 0.6567
vn -0.0000 0.6462 0.7632
vn -0.0008 -0.3649 0.9310
vn 0.9963 -0.0277 -0.0814
vn 0.3695 0.6571 0.6570
vn 0.2678 0.0436 0.9625
vn 0.7813 -0.4842 0.3940
vn -0.9861 0.1522 0.0661
vn -0.5477 -0.6119 -0.5706
vn -0.4371 -0.8942 -0.0965
vn -0.8034 -0.3924 0.4479
vn 0.1657 -0.4384 0.8834
vn 0.5641 -0.6196 0.5458
vn 0.3589 -0.9141 -0.1886
vn 0.1973 -0.9557 0.2187
vn -0.3166 -0.9278 0.1973
vn -0.3822 -0.6745 0.6317
vn -0.3206 -0.1625 0.9332
vn -0.4084 -0.1699 0.8968
vn -0.2892 -0.2271 0.9299
vn -0.1879 -0.1542 0.9700
vn -0.9359 0.3201 -0.1467
vn -0.5513 0.7383 -0.3886
vn -0.5511 0.4153 -0.7238
vn -0.9358 0.1584 -0.3149
vn 0.3698 0.8094 -0.4563
vn 0.3795 0.4751 -0.7939
vn 0.9654 0.2379 -0.1071
vn 0.9654 0.1157 -0.2339
vn 0.9790 0.0302 0.2015
vn 0.9734 -0.2150 -0.0798
vn 0.4534 0.3370 -0.8252
vn -0.5912 0.3229 -0.7390
vn -0.9613 -0.2652 -0.0751
vn -0.9771 0.0983 0.1889
vn -0.8679 -0.4674 -0.1679
vn -0.4080 -0.7749 -0.4828
vn -0.0049 -0.9997 -0.0233
vn 0.1639 -0.8338 -0.5272
vn 0.8680 -0.4811 -0.1231
vn 0.0670 -0.4766 0.8766
vn 0.6967 -0.2341 0.6781
vn 0.6376 -0.4390 0.6331
vn 0.5984 0.2970 0.7441
vn 0.5726 -0.4227 0.7025
vn 0.1289 0.7381 0.6623
vn 0.0425 0.1698 0.9846
vn -0.5520 -0.1712 0.8161
vn 0.6840 0.4304 0.5889
vn -0.9741 0.1185 0.1926
vn 0.0011 0.0509 0.9987
vn 0.5765 -0.6097 0.5440
vn -0.0922 0.7963 0.5979
vn -0.5991 -0.3703 0.7099
vn -0.0469 0.1737 0.9837
vn 0.5668 -0.2062 0.7976
vn -0.6797 -0.6635 0.3127
vn 0.9607 0.0844 0.2646
vn -0.0005 0.0530 0.9986
vn -0.6838 0.5009 0.5306
vn 0.5467 -0.3902 -0.7409
vn 0.7845 0.6186 -0.0439
vn 0.5803 0.8133 0.0419
vn 0.5542 0.2327 -0.7992
vn 0.9492 -0.2929 -0.1149
vn 0.6597 -0.1542 0.7355
vn 0.4512 -0.8029 -0.3896
vn 0.5146 -0.7873 -0.3397
vn 0.8908 -0.0465 -0.4521
vn 0.8888 0.4490 -0.0920
vn 0.7484 -0.5542 0.3643
vn 0.9541 -0.1193 0.2747
vn 0.4904 -0.7688 -0.4103
vn 0.0000 -0.9995 -0.0311
vn -0.0354 -0.9951 0.0918
vn 0.7482 -0.5602 0.3555
vn 0.4947 0.7833 0.3765
vn -0.8049 -0.3965 0.4416
vn 0.0346 0.7769 0.6286
vn -0.8799 -0.4535 0.1420
vn 0.3555 -0.8800 0.3152
vn -0.4033 0.8330 0.3788
vn -0.7802 -0.5120 0.3594
vn 0.8073 -0.4118 0.4228
vn -0.3200 -0.9104 0.2622
vn 0.8714 -0.4566 0.1794
vn -0.1574 0.7732 0.6143
vn -0.7554 -0.6535 -0.0478
vn -0.5345 -0.1788 0.8260
vn -0.3453 -0.5345 -0.7714
vn 0.7197 -0.6590 -0.2184
vn 0.5427 -0.0437 0.8388
vn -0.8837 -0.2416 0.4009
vn -0.2418 -0.5496 0.7997
vn -0.7836 -0.5638 -0.2611
vn 0.4584 -0.4147 -0.7860
vn 0.8311 -0.0076 0.5561
vn -0.1423 -0.7471 -0.6493
vn 0.8011 -0.3331 -0.4973
vn 0.4759 -0.6011 -0.6420
vn 0.9956 0.0049 0.0939
vn 0.5210 -0.2581 0.8136
vn 0.9989 -0.0179 0.0428
vn -0.5430 0.0247 0.8394
vn -0.0826 -0.1715 0.9817
vn -0.9984 0.0347 -0.0441
vn -0.5107 -0.3697 -0.7762
vn 0.5322 -0.2103 -0.8201
vn 0.6781 -0.2013 0.7069
vn 0.9976 0.0356 -0.0596
vn -0.6350 0.2326 0.7366
vn -0.1073 0.0263 0.9939
vn -0.9990 -0.0296 -0.0343
vn -0.4394 -0.5626 -0.7003
vn 0.4973 -0.3751 -0.7823
vn 0.4388 0.4481 0.7789
vn 0.9997 -0.0002 -0.0227
vn -0.6795 0.6446 0.3505
vn -0.4521 0.6257 0.6357
vn -0.9617 -0.2689 -0.0527
vn -0.3559 -0.7408 -0.5697
vn 0.5440 -0.5622 -0.6229
vn 0.3701 0.5404 0.7556
vn 0.9863 -0.0065 0.1649
vn 0.4651 -0.6649 -0.5845
vn -0.4758 -0.6791 -0.5590
vn -0.9847 -0.1440 0.0981
vn -0.5441 0.4613 0.7009
vn -0.1309 0.5755 0.8073
vn 0.9908 -0.1050 0.0852
vn 0.5705 -0.3892 -0.7232
vn -0.6099 -0.2570 -0.7497
vn -0.9908 -0.1136 0.0731
vn -0.4752 0.1228 0.8713
vn -0.0944 0.2686 0.9586
vn 0.4721 0.1655 0.8659
vn 0.4346 -0.4649 0.7714
vn 0.9993 -0.0189 0.0310
vn 0.4724 0.5078 -0.7204
vn -0.5866 0.4247 -0.6896
vn -0.9999 -0.0086 0.0105
vn -0.4435 -0.4593 0.7697
vn -0.0093 -0.1858 0.9825
vn -0.4925 -0.6373 0.5927
vn -0.5302 -0.6734 0.5152
vn -0.0935 -0.8093 0.5799
vn -0.0871 -0.7301 0.6778
vn -0.9876 0.1165 0.1055
vn -0.5857 0.6861 -0.4316
vn -0.5449 0.8174 -0.1869
vn 0.4935 0.7674 -0.4094
vn 0.4923 0.8481 -0.1958
vn 0.9892 0.0895 0.1163
vn -0.5545 0.6565 0.5113
vn -0.3957 0.7262 0.5622
vn 0.4891 -0.6647 0.5648
vn -0.5248 -0.7456 0.4107
vn -0.2707 -0.8148 0.5126
vn -0.5728 0.3952 -0.7182
vn -0.9648 -0.1763 -0.1950
vn 0.3943 0.4293 -0.8126
vn 0.9689 -0.1710 -0.1787
vn -0.5465 -0.7499 0.3729
vn -0.5943 -0.4873 0.6398
vn -0.3286 -0.5734 0.7505
vn -0.3046 -0.8106 0.5002
vn -0.5828 0.3336 -0.7410
vn -0.9972 -0.0657 -0.0366
vn 0.4081 0.3650 -0.8368
vn 0.9975 -0.0552 -0.0434
vn -0.6238 -0.2488 0.7409
vn -0.3305 -0.2201 0.9178
vn -0.5729 0.1841 -0.7987
vn -0.9939 -0.0867 -0.0680
vn 0.3997 0.2108 -0.8921
vn 0.9945 -0.0819 -0.0653
vn -0.6831 0.3264 0.6533
vn -0.3914 0.4495 0.8030
vn -0.6035 -0.2915 -0.7421
vn -0.9900 -0.1183 -0.0774
vn 0.3396 -0.2986 -0.8919
vn 0.9949 -0.0814 -0.0596
vn 0.3558 0.4579 0.8147
vn 0.5031 -0.3171 0.8039
vn 0.3812 -0.5899 0.7118
vn 0.3039 -0.8767 0.3728
vn 0.3876 -0.8030 0.4527
vn 0.4558 -0.7263 0.5145
vn -0.5416 0.7324 0.4127
vn -0.9100 -0.4019 -0.1015
vn -0.5596 0.6312 0.5370
vn 0.5540 0.7541 0.3528
vn -0.0050 0.8902 0.4555
vn -0.0448 0.8588 0.5103
vn 0.5496 0.6687 0.5007
vn 0.0000 -0.2383 -0.9712
vn 0.0000 -0.6013 -0.7990
vn -0.0000 -0.3614 0.9324
vn 0.5102 0.1675 0.8436
vn 0.3774 -0.5308 0.7589
vn 0.0011 -0.5456 0.8380
vn 0.0845 0.1908 0.9780
vn 0.4810 -0.8687 0.1182
vn -0.0532 -0.9773 0.2053
vn 0.3312 -0.7754 -0.5377
vn -0.0582 -0.8204 -0.5689
vn 0.4810 -0.1939 -0.8550
vn -0.0532 -0.1503 -0.9872
vn 0.3774 0.5246 -0.7631
vn 0.0011 0.5936 -0.8048
vn 0.5102 0.8488 -0.1388
vn 0.0845 0.9828 -0.1641
vn 0.5163 0.7038 0.4880
vn 0.1239 0.8154 0.5655
vn 0.0043 -0.5563 0.8309
vn 0.2182 0.1600 0.9627
vn -0.1978 -0.9576 0.2093
vn -0.2750 -0.7901 -0.5479
vn -0.1978 -0.1397 -0.9702
vn 0.0043 0.5832 -0.8123
vn 0.2182 0.9577 -0.1876
vn 0.3092 0.7815 0.5419
vn -0.1075 -0.5246 0.8446
vn 0.2354 0.1937 0.9524
vn -0.3194 -0.9148 0.2472
vn -0.4604 -0.7295 -0.5059
vn -0.3194 -0.0892 -0.9434
vn 0.0114 0.5885 -0.8084
vn 0.3370 0.9174 -0.2118
vn 0.4715 0.7247 0.5025
vn 0.5661 0.6904 0.4504
vn 0.5073 0.8072 -0.3019
vn 0.4488 0.0665 0.8912
vn 0.0231 -0.6168 0.7868
vn -0.4757 -0.8382 0.2666
vn -0.5610 -0.6666 -0.4908
vn -0.2727 -0.1319 -0.9530
vn 0.1671 0.4634 -0.8703
vn 0.5798 0.6947 0.4258
vn -0.5462 -0.6610 -0.5146
vn 0.5673 0.6802 0.4642
vn -0.5601 -0.6772 -0.4771
vn -0.5816 -0.0798 0.8096
vn -0.8273 -0.5218 0.2082
vn -0.5455 -0.6757 -0.4959
vn 0.0768 -0.4738 -0.8773
vn 0.6490 -0.0129 -0.7607
vn -0.4348 -0.5849 -0.6847
vn -0.2936 -0.4528 -0.8419
vn -0.8235 0.4182 0.3833
vn -0.9615 -0.2749 0.0015
vn -0.5556 -0.6827 -0.4746
vn -0.0827 -0.3628 -0.9282
vn 0.4033 0.2711 -0.8740
vn 0.0000 0.9809 -0.1944
vn 0.2846 0.9494 -0.1326
vn 0.5581 0.8284 0.0469
vn 0.7039 0.5905 0.3948
vn 0.3140 0.1076 0.9433
vn 0.0000 0.0532 0.9986
vn -0.0087 -0.9992 -0.0399
vn 0.5231 -0.5243 -0.6719
vn -0.0000 0.7570 0.6535
vn 0.0000 -0.9674 -0.2533
vn 0.0000 0.6478 0.7618
vn 0.0000 -0.4603 -0.8878
vn -0.7476 0.6624 0.0479
vn 0.8891 -0.4368 -0.1370
vn -0.0095 -0.9975 -0.0705
vn -0.2655 0.8439 0.4662
vn -0.4787 0.8386 0.2601
vn -0.6137 0.7895 -0.0012
vn -0.4505 0.8532 -0.2629
vn -0.2655 0.8509 -0.4533
vn -0.4372 0.4774 0.7622
vn -0.3536 0.7024 0.6177
vn -0.7591 0.4995 0.4175
vn -0.6155 0.7044 0.3534
vn -0.4380 0.4881 -0.7549
vn -0.7587 0.4807 -0.4397
vn -0.5968 0.7096 -0.3745
vn -0.3536 0.7117 -0.6070
vn -0.6230 0.1100 0.7745
vn -1.0000 -0.0000 0.0000
vn -0.8629 0.0035 0.5053
vn -0.8607 0.5091 -0.0038
vn -0.8660 0.0038 -0.5000
vn -0.5000 0.0066 -0.8660
vn -0.8044 -0.4908 0.3347
vn -0.8856 -0.4296 0.1767
vn -0.8760 -0.4823 -0.0037
vn -0.7586 -0.4790 -0.4416
vn -0.4380 -0.4766 -0.7623
vn -0.6760 -0.5996 0.4283
vn -0.4035 -0.8554 0.3247
vn -0.8916 -0.4497 0.0525
vn -0.8641 -0.2499 -0.4370
vn -0.5229 -0.1155 -0.8445
vn -0.2580 -0.0742 -0.9633
vn -0.2217 -0.8578 0.4637
vn 0.1632 -0.5333 0.8300
vn 0.1049 -0.9814 0.1610
vn 0.2388 -0.5222 -0.8188
vn 0.0874 -0.6900 -0.7185
vn 0.4362 -0.3510 0.8286
vn -0.6344 -0.7596 0.1438
vn 0.4744 -0.8797 0.0319
vn -0.8971 -0.1778 0.4044
vn -0.6318 0.4021 0.6627
vn 0.4821 0.5606 0.6732
vn -0.7022 -0.6942 -0.1578
vn -0.6227 -0.7576 0.1956
vn -0.9964 -0.0332 0.0785
vn -0.8774 -0.1858 0.4423
vn -0.7071 0.6511 0.2758
vn -0.6180 0.3817 0.6873
vn -0.7301 -0.5619 -0.3887
vn -0.9221 0.3407 -0.1833
vn -0.7267 0.4748 0.4964
vn -0.5275 0.6411 -0.5575
vn -0.3553 0.9339 -0.0407
vn -0.5533 0.8077 0.2037
vn -0.8125 0.5272 -0.2488
vn -0.8436 0.4413 0.3060
vn -0.6408 0.6309 0.4375
vn -0.7468 -0.1087 0.6561
vn -0.5287 0.4091 0.7437
vn -0.3919 0.3604 0.8465
vn -0.6092 -0.2535 0.7514
vn -0.4230 -0.3289 0.8443
vn -0.2808 0.2694 0.9212
vn -0.5102 0.1713 -0.8428
vn -0.5350 0.3545 -0.7669
vn -0.8259 0.1141 -0.5521
vn -0.8690 0.0562 -0.4917
vn -0.9818 -0.1386 -0.1298
vn -0.7453 -0.5479 -0.3800
vn -0.8248 -0.3944 0.4051
vn -0.7552 -0.5314 0.3839
vn -0.6174 -0.5632 0.5492
vn -0.6239 -0.4806 0.6163
vn -0.4322 -0.5385 0.7233
vn -0.4270 -0.6276 0.6509
vn -0.5387 0.4801 -0.6923
vn -0.7294 0.3898 -0.5621
vn -0.6244 -0.4451 0.6418
vn -0.4284 -0.5149 0.7425
vn -0.3076 0.6926 -0.6524
vn -0.2309 0.8384 -0.4937
vn -0.6013 0.6785 -0.4221
vn -0.4006 0.8631 -0.3076
vn -0.7425 0.6698 0.0000
vn -0.5643 0.8245 -0.0418
vn -0.6013 0.6784 0.4221
vn -0.5595 0.7558 0.3402
vn -0.4761 0.6470 0.5955
vn -0.4179 0.7431 0.5227
vn -0.3075 0.6927 0.6524
vn -0.3259 0.6993 0.6362
vn -0.4284 -0.0000 -0.9036
vn -0.8197 0.0000 -0.5728
vn -0.8197 0.0000 0.5728
vn -0.6244 -0.0000 0.7811
vn -0.4284 -0.0000 0.9036
vn -0.7001 0.1295 -0.7022
vn -0.6678 -0.1858 -0.7208
vn -0.4280 0.0000 -0.9038
vn -1.0000 0.0000 0.0000
vn -0.6244 0.0000 0.7811
vn -0.4284 0.0000 0.9036
vn -0.4412 0.1239 -0.8888
vn -0.2011 -0.1806 -0.9628
vn -0.6333 -0.0254 -0.7735
vn -0.8412 0.1083 -0.5298
vn -0.6241 -0.0345 0.7806
vn -0.5521 -0.4672 0.6906
vn -0.3994 -0.4131 0.8184
vn -0.4347 -0.0243 0.9002
vn -0.3956 0.8838 -0.2497
vn -0.4205 0.8668 -0.2680
vn -0.5629 0.7345 0.3790
vn -0.5572 0.7309 0.3942
vn -0.4983 0.0817 0.8632
vn -0.3256 0.1762 0.9289
vn -0.0686 -0.6283 0.7750
vn 0.1040 -0.5291 0.8422
vn 0.4514 -0.8733 0.1835
vn 0.4229 -0.8847 0.1961
vn 0.5630 -0.6733 -0.4793
vn 0.5679 -0.6764 -0.4691
vn 0.3679 -0.0825 -0.9262
vn 0.3993 -0.0738 -0.9138
vn -0.0369 0.5477 -0.8359
vn 0.0004 0.5693 -0.8221
vn -0.4449 -0.7296 0.5193
vn -0.4535 -0.3396 0.8240
vn -0.6667 -0.2942 0.6848
vn -0.0956 -0.6196 0.7791
vn 0.0121 -0.9002 0.4353
vn -0.1047 -0.9708 0.2156
vn -0.3273 -0.9409 0.0874
vn -0.7046 -0.6925 0.1549
vn -0.7929 -0.3802 0.4761
vn 0.6649 -0.7131 0.2223
vn 0.4761 -0.1986 0.8567
vn 0.4027 -0.8664 -0.2954
vn -0.1161 -0.8108 -0.5737
vn -0.8124 -0.3530 -0.4641
vn -0.5608 0.6835 0.4673
vn -0.5637 0.6787 0.4707
vn -0.0580 0.6021 0.7963
vn 0.0944 0.7467 0.6584
vn 0.3343 0.1207 0.9347
vn 0.7338 0.5760 0.3601
vn 0.9265 -0.2726 -0.2596
vn 0.5497 -0.8113 -0.1992
vn 0.5726 -0.6752 -0.4650
vn 0.5721 -0.6793 -0.4596
vn 0.0655 -0.6048 -0.7937
vn 0.1304 -0.3930 -0.9103
vn -0.6959 -0.0833 -0.7132
vn -0.4771 0.1976 -0.8564
vn -0.8622 0.5058 -0.0280
vn -0.7373 0.6471 -0.1940
vn -0.6721 0.4254 0.6060
vn -0.1911 0.3069 0.9323
vn -0.9672 0.2140 0.1369
vn 0.0839 -0.8703 0.4853
vn -0.6710 -0.0936 0.7355
vn -0.1448 0.0271 0.9891
vn 0.0402 -0.1592 0.9864
vn 0.0688 -0.6076 0.7913
vn -0.9512 -0.1888 0.2442
vn -0.6202 0.2595 0.7403
vn -0.4688 0.2054 0.8591
vn -0.2504 -0.1049 0.9624
vn -0.7128 -0.7013 -0.0100
vn -0.8914 0.1548 0.4259
vn -0.7845 0.2399 0.5718
vn -0.7403 -0.1019 0.6644
vn -0.3783 -0.9256 0.0116
vn -0.9595 -0.2789 -0.0383
vn -0.9896 -0.0741 0.1232
vn 0.6624 -0.6584 -0.3575
vn -0.2042 -0.4819 -0.8521
vn -0.8720 0.4852 -0.0654
vn 0.6028 0.1849 0.7762
vn 0.1694 -0.6379 -0.7512
vn -0.7995 0.0623 -0.5974
vn -0.4035 0.6810 0.6111
vn 0.8794 -0.2462 0.4075
vn 0.5607 0.2252 0.7968
vn 0.8251 -0.5594 -0.0791
vn -0.3482 -0.3933 -0.8509
vn -0.6983 0.6457 0.3089
vn 0.8954 -0.3503 0.2750
vn 0.4521 -0.6835 -0.5730
vn -0.7731 0.0201 -0.6340
vn -0.0188 0.5874 0.8091
vn -0.8720 0.4852 -0.0653
vn 0.6027 0.1849 0.7762
vn 0.1694 -0.6380 -0.7512
vn -0.4035 0.6810 0.6110
vn 0.8794 -0.2462 0.4074
vn 0.5608 0.2252 0.7968
vn -0.3481 -0.3934 -0.8509
vn -0.6984 0.6457 0.3089
vn 0.8954 -0.3503 0.2751
vn -0.7729 0.0200 -0.6342
vn -0.0188 0.5873 0.8091
vn 0.6364 -0.4202 -0.6468
vn -0.2220 -0.3443 -0.9122
vn -0.9117 0.4097 0.0295
vn 0.5084 0.1120 0.8538
vn 0.1228 -0.4059 -0.9056
vn -0.9419 0.0589 -0.3306
vn -0.4265 0.6199 0.6587
vn 0.8665 -0.2309 0.4425
vn 0.3497 0.2259 0.9092
vn 0.9339 -0.3522 -0.0623
vn -0.3699 -0.3832 -0.8464
vn -0.7263 0.6036 0.3289
vn 0.9373 -0.2122 0.2764
vn 0.6993 -0.4263 -0.5738
vn -0.8383 -0.0402 -0.5438
vn -0.0978 0.5151 0.8515
vn -0.0973 -0.3081 -0.9463
vn -0.9520 0.3053 0.0220
vn -0.0883 0.4207 0.9029
vn 0.9702 -0.1858 0.1554
vn 0.7582 -0.3904 -0.5223
vn 0.7511 -0.4673 -0.4663
vn -0.1492 -0.3635 -0.9196
vn -0.9429 0.3324 0.0215
vn 0.5891 0.1558 0.7929
vn 0.6327 0.1509 0.7595
vn 0.2578 -0.4107 -0.8746
vn 0.2485 -0.4675 -0.8484
vn -0.8185 0.0213 -0.5742
vn -0.8051 0.0215 -0.5928
vn -0.4913 0.4921 0.7187
vn -0.4906 0.4890 0.7212
vn 0.9216 -0.1552 0.3557
vn 0.9311 -0.1491 0.3330
vn 0.5519 0.1839 0.8134
vn 0.5417 0.1843 0.8201
vn 0.9042 -0.3890 -0.1762
vn 0.9167 -0.3536 -0.1860
vn -0.3060 -0.3022 -0.9028
vn -0.3479 -0.3126 -0.8839
vn -0.7860 0.4568 0.4166
vn -0.7562 0.5032 0.4183
vn 0.9504 -0.2318 0.2075
vn 0.5408 -0.4925 -0.6819
vn 0.5837 -0.4184 -0.6959
vn -0.7867 -0.0090 -0.6173
vn -0.7662 -0.0138 -0.6424
vn -0.0896 0.4346 0.8961
vn 0.6204 -0.0979 -0.7782
vn -0.2115 -0.1839 -0.9599
vn -0.9706 0.2075 0.1223
vn 0.4891 0.0147 0.8721
vn 0.1191 -0.1141 -0.9863
vn -0.9724 -0.1387 -0.1875
vn -0.5034 0.4080 0.7616
vn 0.9029 -0.1505 0.4025
vn 0.2605 0.0801 0.9622
vn 0.9905 -0.0896 -0.1047
vn -0.3230 -0.2973 -0.8985
vn -0.8050 0.4100 0.4288
vn 0.9678 -0.0458 0.2474
vn 0.8012 -0.0810 -0.5929
vn -0.8474 -0.1253 -0.5160
vn -0.1680 0.3185 0.9329
vn -0.3363 -0.7593 -0.5570
vn -0.9679 -0.1769 0.1783
vn -0.1954 -0.0673 0.9784
vn 0.6211 -0.6554 0.4297
vn 0.5054 0.7596 0.4094
vn 0.4884 0.7899 0.3710
vn 0.8534 -0.2613 -0.4510
vn 0.8248 -0.2944 -0.4828
vn -0.4433 -0.8175 -0.3676
vn -0.1954 -0.8992 -0.3915
vn -0.8375 0.3066 0.4524
vn -0.6464 -0.0527 0.7612
vn 0.5569 0.6699 0.4910
vn 0.8655 -0.3306 -0.3763
vn -0.4872 -0.7959 -0.3593
vn -0.8541 0.2441 0.4592
vn 0.5511 0.5927 0.5874
vn 0.8423 -0.4263 -0.3298
vn -0.4229 -0.7862 -0.4507
vn -0.8067 0.4158 0.4199
vn 0.5571 0.5214 0.6464
vn 0.8382 -0.4590 -0.2947
vn -0.5273 -0.5498 -0.6478
vn -0.8162 0.4852 0.3139
vn 0.5092 0.2607 0.8202
vn 0.8007 -0.5801 -0.1496
vn -0.4495 -0.4116 -0.7928
vn -0.7302 0.6245 0.2772
vn 0.0971 -0.1174 0.9883
vn 0.4307 -0.9024 -0.0101
vn -0.8489 0.4615 0.2577
vn -0.2484 -0.4540 0.8557
vn -0.8334 -0.5284 0.1618
vn 0.1667 -0.9665 0.1954
vn -0.6979 -0.4792 -0.5323
vn -0.8659 0.4636 0.1880
vn 0.7764 -0.4236 -0.4667
vn 0.2423 -0.9637 -0.1122
vn -0.2915 -0.9309 -0.2202
vn -0.5471 -0.4256 0.7208
vn -0.2461 -0.4833 0.8402
vn 0.4014 -0.5017 -0.7663
vn 0.2631 -0.9602 -0.0939
vn -0.3975 -0.8881 0.2306
vn -0.0898 -0.4372 0.8949
vn 0.6712 -0.5484 0.4988
vn -0.2012 -0.8659 0.4579
vn 0.2053 -0.9674 -0.1481
vn 0.7799 -0.5251 -0.3407
vn -0.4437 -0.6913 -0.5703
vn -0.8369 -0.5345 0.1178
vn 0.1985 -0.8861 0.4189
vn 0.2278 -0.9659 -0.1229
vn 0.4679 -0.5578 -0.6855
vn -0.7834 -0.5418 0.3044
vn -0.6860 -0.4438 0.5766
vn -0.5607 0.6836 0.4673
vn 0.1434 0.7338 0.6641
vn 0.0126 0.4589 0.8884
vn -0.5810 0.6816 0.4448
vn -0.7399 0.6280 -0.2411
vn -0.8561 0.4644 -0.2269
vn -0.1774 0.2808 0.9433
vn -0.0282 0.3618 0.9318
vn 0.4905 -0.1846 0.8517
vn 0.3140 -0.3521 0.8817
vn 0.7612 -0.5883 0.2727
vn 0.6509 -0.7161 0.2521
vn 0.0975 -0.2578 -0.9613
vn -0.0052 -0.3952 -0.9186
vn -0.5601 0.1035 -0.8220
vn -0.3974 0.2756 -0.8753
vn -0.7918 0.5518 -0.2619
vn -0.6719 0.6684 -0.3191
vn -0.9999 0.0120 0.0005
vn -0.8234 -0.0469 0.5654
vn -0.9986 0.0519 0.0117
vn -0.9663 -0.2575 -0.0052
vn -0.9982 0.0356 0.0488
vn -0.9781 -0.1216 -0.1692
vn -0.9930 0.0865 0.0809
vn -0.9383 0.0992 -0.3313
vn -0.6540 0.6338 -0.4131
vn -0.0276 0.9920 -0.1231
vn 0.8042 0.5210 -0.2862
vn 0.6911 0.6010 0.4014
vn -0.1103 0.9459 0.3052
vn 0.0400 0.0767 0.9963
vn -0.3716 0.5954 0.7123
vn -0.5358 -0.5983 0.5958
vn -0.8203 0.1312 0.5567
vn -0.6059 -0.7896 -0.0972
vn -0.9952 -0.0965 -0.0177
vn 0.3859 0.8127 0.4367
vn 0.5276 0.8458 0.0791
vn -0.3917 0.9084 0.1465
vn -0.3920 0.6339 0.6667
vn -0.9360 0.3397 -0.0924
vn -0.9352 -0.0148 0.3539
vn -0.8951 -0.2862 -0.3418
vn -0.8584 -0.4803 -0.1802
vn 0.9128 0.3915 -0.1161
vn -0.0699 0.3045 -0.9500
vn 0.4199 -0.6134 -0.6688
vn -0.8899 -0.1137 0.4417
vn -0.0614 -0.6277 0.7760
vn -0.9463 -0.3184 0.0552
vn -0.9554 -0.0670 0.2875
vn -0.6952 0.7188 0.0069
vn -0.7554 0.4022 0.5173
vn 0.0604 0.5718 0.8182
vn -0.1929 0.5576 0.8074
vn -0.6451 -0.7544 0.1215
vn -0.9054 -0.1642 0.3916
vn -0.6311 0.4129 0.6567
vn -0.9963 -0.0277 -0.0814
vn -0.7813 -0.4842 0.3940
vn -0.2678 0.0436 0.9625
vn -0.3695 0.6571 0.6570
vn 0.9861 0.1522 0.0661
vn 0.8034 -0.3924 0.4479
vn 0.4371 -0.8942 -0.0965
vn 0.5477 -0.6119 -0.5706
vn -0.5641 -0.6196 0.5458
vn -0.1657 -0.4384 0.8834
vn -0.3589 -0.9141 -0.1886
vn -0.1973 -0.9557 0.2187
vn 0.3822 -0.6745 0.6317
vn 0.3166 -0.9278 0.1973
vn 0.3206 -0.1625 0.9332
vn 0.1879 -0.1542 0.9700
vn 0.2892 -0.2271 0.9299
vn 0.4084 -0.1699 0.8968
vn 0.9359 0.3201 -0.1467
vn 0.9358 0.1584 -0.3149
vn 0.5511 0.4153 -0.7238
vn 0.5513 0.7383 -0.3886
vn -0.3795 0.4751 -0.7939
vn -0.3698 0.8094 -0.4563
vn -0.9654 0.1157 -0.2339
vn -0.9654 0.2379 -0.1071
vn -0.9790 0.0302 0.2015
vn -0.9734 -0.2150 -0.0798
vn -0.4534 0.3370 -0.8252
vn 0.5912 0.3229 -0.7390
vn 0.9613 -0.2652 -0.0751
vn 0.9771 0.0983 0.1889
vn 0.8679 -0.4674 -0.1679
vn 0.0082 -0.9956 -0.0929
vn 0.4080 -0.7749 -0.4828
vn -0.1639 -0.8338 -0.5272
vn -0.8680 -0.4811 -0.1231
vn -0.0670 -0.4766 0.8766
vn -0.6967 -0.2341 0.6781
vn -0.6376 -0.4390 0.6331
vn -0.5984 0.2970 0.7441
vn -0.5726 -0.4227 0.7025
vn -0.0425 0.1698 0.9846
vn -0.1289 0.7381 0.6623
vn 0.5520 -0.1712 0.8161
vn -0.6840 0.4304 0.5889
vn -0.0011 0.0509 0.9987
vn 0.9741 0.1185 0.1926
vn -0.4804 -0.8260 0.2949
vn 0.0922 0.7963 0.5979
vn 0.0469 0.1737 0.9837
vn 0.5991 -0.3703 0.7099
vn -0.5668 -0.2062 0.7976
vn 0.5943 -0.7900 0.1505
vn 0.0005 0.0530 0.9986
vn -0.9607 0.0844 0.2646
vn 0.6838 0.5009 0.5306
vn -0.5467 -0.3902 -0.7409
vn -0.5542 0.2327 -0.7992
vn -0.5803 0.8133 0.0419
vn -0.7845 0.6186 -0.0439
vn -0.6597 -0.1542 0.7355
vn -0.9492 -0.2929 -0.1149
vn -0.5146 -0.7873 -0.3397
vn -0.4512 -0.8029 -0.3896
vn -0.8908 -0.0465 -0.4521
vn -0.7484 -0.5542 0.3643
vn -0.8888 0.4490 -0.0920
vn -0.9541 -0.1193 0.2747
vn -0.4904 -0.7688 -0.4103
vn 0.0327 -0.9983 -0.0490
vn 0.0000 -0.7702 -0.6378
vn 0.0402 -0.9982 0.0440
vn -0.7482 -0.5602 0.3555
vn -0.4947 0.7833 0.3765
vn 0.8049 -0.3965 0.4416
vn -0.0357 0.7768 0.6287
vn 0.7448 -0.6543 0.1313
vn -0.6152 -0.7737 0.1514
vn 0.4033 0.8330 0.3788
vn 0.7802 -0.5120 0.3594
vn -0.8073 -0.4118 0.4228
vn 0.5980 -0.8007 0.0363
vn -0.7275 -0.6612 0.1831
vn 0.1671 0.7696 0.6163
vn 0.7554 -0.6535 -0.0478
vn 0.5345 -0.1788 0.8260
vn 0.3453 -0.5345 -0.7714
vn -0.7197 -0.6590 -0.2184
vn -0.5427 -0.0437 0.8388
vn 0.8837 -0.2416 0.4009
vn 0.2418 -0.5496 0.7997
vn 0.7836 -0.5638 -0.2611
vn -0.4584 -0.4147 -0.7860
vn -0.8311 -0.0076 0.5561
vn 0.1423 -0.7471 -0.6493
vn -0.8011 -0.3331 -0.4973
vn -0.4759 -0.6011 -0.6420
vn -0.9956 0.0049 0.0939
vn -0.9989 -0.0179 0.0428
vn -0.5210 -0.2581 0.8136
vn 0.0826 -0.1715 0.9817
vn 0.5430 0.0247 0.8394
vn 0.9984 0.0347 -0.0441
vn 0.5107 -0.3697 -0.7762
vn -0.5322 -0.2103 -0.8201
vn -0.9976 0.0356 -0.0596
vn -0.6781 -0.2013 0.7069
vn 0.1073 0.0263 0.9939
vn 0.6350 0.2326 0.7366
vn 0.9990 -0.0296 -0.0343
vn 0.4394 -0.5626 -0.7003
vn -0.4973 -0.3751 -0.7823
vn -0.9997 -0.0002 -0.0227
vn -0.4388 0.4481 0.7789
vn 0.4521 0.6257 0.6357
vn 0.6795 0.6446 0.3505
vn 0.9617 -0.2689 -0.0527
vn 0.3559 -0.7408 -0.5697
vn -0.5440 -0.5622 -0.6229
vn -0.9863 -0.0065 0.1649
vn -0.3701 0.5404 0.7556
vn -0.4651 -0.6649 -0.5845
vn 0.9847 -0.1440 0.0981
vn 0.4758 -0.6791 -0.5590
vn 0.5441 0.4613 0.7009
vn 0.1309 0.5755 0.8073
vn -0.5705 -0.3892 -0.7232
vn -0.9908 -0.1050 0.0852
vn 0.9908 -0.1136 0.0731
vn 0.6099 -0.2570 -0.7497
vn 0.0944 0.2686 0.9586
vn 0.4752 0.1228 0.8713
vn -0.9993 -0.0189 0.0310
vn -0.4346 -0.4649 0.7714
vn -0.4721 0.1655 0.8659
vn -0.4724 0.5078 -0.7204
vn 0.9999 -0.0086 0.0105
vn 0.5866 0.4247 -0.6896
vn 0.4435 -0.4593 0.7697
vn 0.0093 -0.1858 0.9825
vn 0.4925 -0.6373 0.5927
vn 0.0871 -0.7301 0.6778
vn 0.0935 -0.8093 0.5799
vn 0.5302 -0.6734 0.5152
vn 0.9876 0.1165 0.1055
vn 0.5449 0.8174 -0.1869
vn 0.5857 0.6861 -0.4316
vn -0.4923 0.8481 -0.1958
vn -0.4935 0.7674 -0.4094
vn -0.9892 0.0895 0.1163
vn 0.3957 0.7262 0.5622
vn 0.5545 0.6565 0.5113
vn -0.4891 -0.6647 0.5648
vn 0.2707 -0.8148 0.5126
vn 0.5248 -0.7456 0.4107
vn 0.9648 -0.1763 -0.1950
vn 0.5728 0.3952 -0.7182
vn -0.3943 0.4293 -0.8126
vn -0.9689 -0.1710 -0.1787
vn 0.5465 -0.7499 0.3729
vn 0.3046 -0.8106 0.5002
vn 0.3286 -0.5734 0.7505
vn 0.5943 -0.4873 0.6398
vn 0.9972 -0.0657 -0.0366
vn 0.5828 0.3336 -0.7410
vn -0.4081 0.3650 -0.8368
vn -0.9975 -0.0552 -0.0434
vn 0.3305 -0.2201 0.9178
vn 0.6238 -0.2488 0.7409
vn 0.9939 -0.0867 -0.0680
vn 0.5729 0.1841 -0.7987
vn -0.3997 0.2108 -0.8921
vn -0.9945 -0.0819 -0.0653
vn 0.3914 0.4495 0.8030
vn 0.6831 0.3264 0.6533
vn 0.9900 -0.1183 -0.0774
vn 0.6035 -0.2915 -0.7421
vn -0.3396 -0.2986 -0.8919
vn -0.9949 -0.0814 -0.0596
vn -0.3558 0.4579 0.8147
vn -0.5031 -0.3171 0.8039
vn -0.3812 -0.5899 0.7118
vn -0.3039 -0.8767 0.3728
vn -0.3876 -0.8030 0.4527
vn -0.4558 -0.7263 0.5145
vn 0.5416 0.7324 0.4127
vn 0.5596 0.6312 0.5370
vn 0.9100 -0.4019 -0.1015
vn -0.5540 0.7541 0.3528
vn -0.5496 0.6687 0.5007
vn 0.0314 0.8624 0.5053
vn 0.0050 0.8902 0.4555
vn -0.5102 0.1675 0.8436
vn -0.0845 0.1908 0.9780
vn -0.0011 -0.5456 0.8380
vn -0.3774 -0.5308 0.7589
vn 0.0532 -0.9773 0.2053
vn -0.4810 -0.8687 0.1182
vn 0.0582 -0.8204 -0.5689
vn -0.3312 -0.7754 -0.5377
vn 0.0532 -0.1503 -0.9872
vn -0.4810 -0.1939 -0.8550
vn -0.0011 0.5936 -0.8048
vn -0.3774 0.5246 -0.7631
vn -0.0845 0.9828 -0.1641
vn -0.5102 0.8488 -0.1388
vn -0.1239 0.8154 0.5655
vn -0.5163 0.7037 0.4880
vn -0.2182 0.1600 0.9627
vn -0.0043 -0.5563 0.8309
vn 0.1978 -0.9576 0.2093
vn 0.2750 -0.7901 -0.5479
vn 0.1978 -0.1397 -0.9702
vn -0.0043 0.5832 -0.8123
vn -0.2182 0.9577 -0.1876
vn -0.3092 0.7815 0.5419
vn -0.2354 0.1937 0.9524
vn 0.1075 -0.5246 0.8446
vn 0.3194 -0.9148 0.2472
vn 0.4604 -0.7295 -0.5059
vn 0.3194 -0.0892 -0.9434
vn -0.0114 0.5885 -0.8084
vn -0.3370 0.9174 -0.2118
vn -0.4715 0.7247 0.5025
vn -0.5073 0.8072 -0.3019
vn -0.5661 0.6904 0.4504
vn -0.4488 0.0665 0.8912
vn -0.0231 -0.6168 0.7868
vn 0.4757 -0.8382 0.2666
vn 0.5610 -0.6666 -0.4908
vn 0.2727 -0.1319 -0.9530
vn -0.1671 0.4634 -0.8703
vn -0.5798 0.6947 0.4258
vn 0.5462 -0.6610 -0.5146
vn -0.5673 0.6802 0.4642
vn 0.5601 -0.6772 -0.4771
vn 0.5816 -0.0798 0.8096
vn 0.8273 -0.5218 0.2082
vn 0.5455 -0.6757 -0.4959
vn -0.0768 -0.4738 -0.8773
vn -0.6490 -0.0129 -0.7607
vn 0.4348 -0.5849 -0.6847
vn 0.2936 -0.4528 -0.8419
vn 0.8235 0.4182 0.3833
vn 0.9615 -0.2749 0.0015
vn 0.5556 -0.6827 -0.4746
vn 0.0827 -0.3628 -0.9282
vn -0.4033 0.2711 -0.8740
vn -0.2846 0.9494 -0.1326
vn -0.5581 0.8284 0.0469
vn -0.7039 0.5905 0.3948
vn -0.3140 0.1076 0.9433
vn 0.0087 -0.9992 -0.0399
vn -0.5231 -0.5243 -0.6719
vn 0.7476 0.6624 0.0479
vn -0.8891 -0.4368 -0.1370
vn -0.0178 -0.9965 -0.0822
# 1325 vertex normals

vt 0.6887 0.5933 0.0000
vt 0.6626 0.6203 0.0000
vt 0.6525 0.6036 0.0000
vt 0.6522 0.5841 0.0000
vt 0.6616 0.5671 0.0000
vt 0.6783 0.5570 0.0000
vt 0.6978 0.5567 0.0000
vt 0.7149 0.5661 0.0000
vt 0.4534 0.3823 0.0000
vt 0.4403 0.3693 0.0000
vt 0.4555 0.3470 0.0000
vt 0.4723 0.3544 0.0000
vt 0.4273 0.3999 0.0000
vt 0.4194 0.3833 0.0000
vt 0.6856 0.3130 0.0000
vt 0.6726 0.3261 0.0000
vt 0.6503 0.3109 0.0000
vt 0.6578 0.2939 0.0000
vt 0.7031 0.3392 0.0000
vt 0.6867 0.3470 0.0000
vt 0.6466 0.5495 0.0000
vt 0.6516 0.5117 0.0000
vt 0.6842 0.5118 0.0000
vt 0.6842 0.5348 0.0000
vt 0.1901 0.4489 0.0000
vt 0.1524 0.4486 0.0000
vt 0.1527 0.4160 0.0000
vt 0.1904 0.4112 0.0000
vt 0.1898 0.4865 0.0000
vt 0.1522 0.4812 0.0000
vt 0.7069 0.2866 0.0000
vt 0.6748 0.2646 0.0000
vt 0.6731 0.4707 0.0000
vt 0.7107 0.4707 0.0000
vt 0.7106 0.5033 0.0000
vt 0.6731 0.5084 0.0000
vt 0.2280 0.4165 0.0000
vt 0.1906 0.3837 0.0000
vt 0.2281 0.3927 0.0000
vt 0.2277 0.4491 0.0000
vt 0.2275 0.4817 0.0000
vt 0.4112 0.6026 0.0000
vt 0.3769 0.5840 0.0000
vt 0.3977 0.5511 0.0000
vt 0.4292 0.5741 0.0000
vt 0.6354 0.4707 0.0000
vt 0.6353 0.5033 0.0000
vt 0.5818 0.1747 0.0000
vt 0.5892 0.2013 0.0000
vt 0.5626 0.2087 0.0000
vt 0.5623 0.1750 0.0000
vt 0.4057 0.1595 0.0000
vt 0.4440 0.1528 0.0000
vt 0.4437 0.1865 0.0000
vt 0.4055 0.1790 0.0000
vt 0.4536 0.5979 0.0000
vt 0.4484 0.5516 0.0000
vt 0.4647 0.5850 0.0000
vt 0.4432 0.6144 0.0000
vt 0.4362 0.6300 0.0000
vt 0.3991 0.6296 0.0000
vt 0.4810 0.7075 0.0000
vt 0.5116 0.7688 0.0000
vt 0.4810 0.7768 0.0000
vt 0.5327 0.7469 0.0000
vt 0.5054 0.7170 0.0000
vt 0.5255 0.6634 0.0000
vt 0.9762 0.0990 0.0000
vt 0.9556 0.0342 0.0000
vt 0.9768 0.0342 0.0000
vt 0.4845 0.4534 0.0000
vt 0.4342 0.4534 0.0000
vt 0.4331 0.4219 0.0000
vt 0.4851 0.2665 0.0000
vt 0.4851 0.2589 0.0000
vt 0.4907 0.2598 0.0000
vt 0.4724 0.0258 0.0000
vt 0.4812 0.0230 0.0000
vt 0.4812 0.0289 0.0000
vt 0.0826 0.6747 0.0000
vt 0.0807 0.6826 0.0000
vt 0.0756 0.6803 0.0000
vt 0.0735 0.6747 0.0000
vt 0.5203 0.1702 0.0000
vt 0.5100 0.2232 0.0000
vt 0.4851 0.2192 0.0000
vt 0.4851 0.1645 0.0000
vt 0.2458 0.3345 0.0000
vt 0.2666 0.2855 0.0000
vt 0.2895 0.2952 0.0000
vt 0.2782 0.3482 0.0000
vt 0.2134 0.3208 0.0000
vt 0.2437 0.2758 0.0000
vt 0.5806 0.2686 0.0000
vt 0.5806 0.2252 0.0000
vt 0.6055 0.2292 0.0000
vt 0.6158 0.2742 0.0000
vt 0.5198 0.1278 0.0000
vt 0.4851 0.1237 0.0000
vt 0.2251 0.3835 0.0000
vt 0.2603 0.3906 0.0000
vt 0.2022 0.3738 0.0000
vt 0.5806 0.3164 0.0000
vt 0.6055 0.3273 0.0000
vt 0.4382 0.8866 0.0000
vt 0.4464 0.9335 0.0000
vt 0.4363 0.9367 0.0000
vt 0.4275 0.8866 0.0000
vt 0.9279 0.3931 0.0000
vt 0.8911 0.4005 0.0000
vt 0.8889 0.3893 0.0000
vt 0.9282 0.3814 0.0000
vt 0.8543 0.4078 0.0000
vt 0.8496 0.3971 0.0000
vt 0.8357 0.5293 0.0000
vt 0.8284 0.5108 0.0000
vt 0.8389 0.5044 0.0000
vt 0.8466 0.5238 0.0000
vt 0.7986 0.4740 0.0000
vt 0.8071 0.4652 0.0000
vt 0.9327 0.4542 0.0000
vt 0.9828 0.4603 0.0000
vt 0.9710 0.5232 0.0000
vt 0.9327 0.5185 0.0000
vt 0.9165 0.3227 0.0000
vt 0.8772 0.3306 0.0000
vt 0.8645 0.2667 0.0000
vt 0.8945 0.2607 0.0000
vt 0.8379 0.3384 0.0000
vt 0.8344 0.2726 0.0000
vt 0.6260 0.2020 0.0000
vt 0.6467 0.1955 0.0000
vt 0.6662 0.2609 0.0000
vt 0.6536 0.2648 0.0000
vt 0.5230 0.3352 0.0000
vt 0.5731 0.3264 0.0000
vt 0.5731 0.3791 0.0000
vt 0.5348 0.3858 0.0000
vt 0.9327 0.4050 0.0000
vt 0.9828 0.4111 0.0000
vt 0.9828 0.4380 0.0000
vt 0.9327 0.4319 0.0000
vt 0.9760 0.3711 0.0000
vt 0.9218 0.3494 0.0000
vt 0.9696 0.3390 0.0000
vt 0.6065 0.1482 0.0000
vt 0.6296 0.1410 0.0000
vt 0.6390 0.1708 0.0000
vt 0.6171 0.1776 0.0000
vt 0.8258 0.4459 0.0000
vt 0.8576 0.4851 0.0000
vt 0.9643 0.3124 0.0000
vt 0.8413 0.4298 0.0000
vt 0.8731 0.4690 0.0000
vt 0.6718 0.9011 0.0000
vt 0.6717 0.8620 0.0000
vt 0.6838 0.8566 0.0000
vt 0.6839 0.9037 0.0000
vt 0.6556 0.8299 0.0000
vt 0.6645 0.8180 0.0000
vt 0.6278 0.8135 0.0000
vt 0.6310 0.7983 0.0000
vt 0.5957 0.8172 0.0000
vt 0.5924 0.8027 0.0000
vt 0.5850 0.8260 0.0000
vt 0.5680 0.8399 0.0000
vt 0.5591 0.8301 0.0000
vt 0.5777 0.8148 0.0000
vt 0.5520 0.8757 0.0000
vt 0.5398 0.8731 0.0000
vt 0.7657 0.9796 0.0000
vt 0.7196 0.9796 0.0000
vt 0.7196 0.9694 0.0000
vt 0.7657 0.9694 0.0000
vt 0.6859 0.9796 0.0000
vt 0.6859 0.9694 0.0000
vt 0.1818 0.7477 0.0000
vt 0.2164 0.7603 0.0000
vt 0.2129 0.7699 0.0000
vt 0.1783 0.7573 0.0000
vt 0.2510 0.7729 0.0000
vt 0.2475 0.7825 0.0000
vt 0.2870 0.7294 0.0000
vt 0.2870 0.7106 0.0000
vt 0.2972 0.7106 0.0000
vt 0.2972 0.7294 0.0000
vt 0.2870 0.6646 0.0000
vt 0.2972 0.6646 0.0000
vt 0.7571 0.9505 0.0000
vt 0.7196 0.9505 0.0000
vt 0.7196 0.9462 0.0000
vt 0.7571 0.9462 0.0000
vt 0.6859 0.9505 0.0000
vt 0.6859 0.9462 0.0000
vt 0.1718 0.7751 0.0000
vt 0.2064 0.7877 0.0000
vt 0.2050 0.7917 0.0000
vt 0.1704 0.7791 0.0000
vt 0.2410 0.8003 0.0000
vt 0.2396 0.8043 0.0000
vt 0.3162 0.7293 0.0000
vt 0.3162 0.7106 0.0000
vt 0.3205 0.7106 0.0000
vt 0.3205 0.7293 0.0000
vt 0.3162 0.6646 0.0000
vt 0.3205 0.6646 0.0000
vt 0.7196 0.9391 0.0000
vt 0.6859 0.9391 0.0000
vt 0.6897 0.9004 0.0000
vt 0.7226 0.9121 0.0000
vt 0.3312 0.7293 0.0000
vt 0.3312 0.7106 0.0000
vt 0.3659 0.7068 0.0000
vt 0.3659 0.7292 0.0000
vt 0.2725 0.4338 0.0000
vt 0.2563 0.4300 0.0000
vt 0.2905 0.3423 0.0000
vt 0.3066 0.3461 0.0000
vt 0.1485 0.2817 0.0000
vt 0.1265 0.2607 0.0000
vt 0.1384 0.1953 0.0000
vt 0.1675 0.1772 0.0000
vt 0.0978 0.5260 0.0000
vt 0.1083 0.5272 0.0000
vt 0.0988 0.5894 0.0000
vt 0.0882 0.5882 0.0000
vt 0.5771 0.0981 0.0000
vt 0.5539 0.1196 0.0000
vt 0.5453 0.0259 0.0000
vt 0.5717 0.0394 0.0000
vt 0.5374 0.1187 0.0000
vt 0.5288 0.0250 0.0000
vt 0.2347 0.1094 0.0000
vt 0.2275 0.0973 0.0000
vt 0.3238 0.0684 0.0000
vt 0.3310 0.0804 0.0000
vt 0.2233 0.0807 0.0000
vt 0.3196 0.0518 0.0000
vt 0.2853 0.4427 0.0000
vt 0.3194 0.3550 0.0000
vt 0.1225 0.4416 0.0000
vt 0.1129 0.4440 0.0000
vt 0.1131 0.4281 0.0000
vt 0.1188 0.4201 0.0000
vt 0.1267 0.4247 0.0000
vt 0.1321 0.4391 0.0000
vt 0.1319 0.4550 0.0000
vt 0.1262 0.4630 0.0000
vt 0.1183 0.4584 0.0000
vt 0.1246 0.4050 0.0000
vt 0.1378 0.4126 0.0000
vt 0.1468 0.4368 0.0000
vt 0.1465 0.4634 0.0000
vt 0.1369 0.4768 0.0000
vt 0.0791 0.0635 0.0000
vt 0.0605 0.0822 0.0000
vt 0.0383 0.0612 0.0000
vt 0.0569 0.0425 0.0000
vt 0.6616 0.6740 0.0000
vt 0.6802 0.6691 0.0000
vt 0.6869 0.6947 0.0000
vt 0.6683 0.6996 0.0000
vt 0.0748 0.2334 0.0000
vt 0.0565 0.2435 0.0000
vt 0.0517 0.2181 0.0000
vt 0.0701 0.2080 0.0000
vt 0.5280 0.3893 0.0000
vt 0.5556 0.3881 0.0000
vt 0.5556 0.4192 0.0000
vt 0.5280 0.4181 0.0000
vt 0.4765 0.0805 0.0000
vt 0.4807 0.0617 0.0000
vt 0.5066 0.0675 0.0000
vt 0.5023 0.0862 0.0000
vt 0.4366 0.0960 0.0000
vt 0.4385 0.1151 0.0000
vt 0.4108 0.1168 0.0000
vt 0.4089 0.0977 0.0000
vt 0.4327 0.1369 0.0000
vt 0.4050 0.1386 0.0000
vt 0.0173 0.0413 0.0000
vt 0.0359 0.0226 0.0000
vt 0.6932 0.7190 0.0000
vt 0.6746 0.7239 0.0000
vt 0.0460 0.1916 0.0000
vt 0.0658 0.1808 0.0000
vt 0.5311 0.0730 0.0000
vt 0.5268 0.0917 0.0000
vt 0.3845 0.1183 0.0000
vt 0.3826 0.0993 0.0000
vt 0.3787 0.1401 0.0000
vt 0.6896 0.7372 0.0000
vt 0.6785 0.7402 0.0000
vt 0.6799 0.7374 0.0000
vt 0.6881 0.7353 0.0000
vt 0.6771 0.7256 0.0000
vt 0.6907 0.7220 0.0000
vt 0.6684 0.7485 0.0000
vt 0.6688 0.7460 0.0000
vt 0.6765 0.7396 0.0000
vt 0.6578 0.7379 0.0000
vt 0.6606 0.7379 0.0000
vt 0.6735 0.7271 0.0000
vt 0.3650 0.1339 0.0000
vt 0.3684 0.1209 0.0000
vt 0.3695 0.1223 0.0000
vt 0.3667 0.1328 0.0000
vt 0.3826 0.1202 0.0000
vt 0.3779 0.1379 0.0000
vt 0.3673 0.1095 0.0000
vt 0.3691 0.1100 0.0000
vt 0.3700 0.1190 0.0000
vt 0.3811 0.1020 0.0000
vt 0.3826 0.1170 0.0000
vt 0.1528 0.9972 0.0000
vt 0.1522 0.9849 0.0000
vt 0.1749 0.9838 0.0000
vt 0.1755 0.9960 0.0000
vt 0.3794 0.6450 0.0000
vt 0.3796 0.6335 0.0000
vt 0.3891 0.6504 0.0000
vt 0.3889 0.6620 0.0000
vt 0.0330 0.0233 0.0000
vt 0.0186 0.0377 0.0000
vt 0.0024 0.0223 0.0000
vt 0.0167 0.0079 0.0000
vt 0.1273 0.3787 0.0000
vt 0.1241 0.3679 0.0000
vt 0.1359 0.3514 0.0000
vt 0.1391 0.3622 0.0000
vt 0.6999 0.1883 0.0000
vt 0.6971 0.1804 0.0000
vt 0.7110 0.1755 0.0000
vt 0.7138 0.1834 0.0000
vt 0.0919 0.1370 0.0000
vt 0.1005 0.1434 0.0000
vt 0.0856 0.1475 0.0000
vt 0.0770 0.1411 0.0000
vt 0.6944 0.7362 0.0000
vt 0.6808 0.7398 0.0000
vt 0.9934 0.0492 0.0000
vt 0.9837 0.0392 0.0000
vt 0.9856 0.0221 0.0000
vt 0.9953 0.0321 0.0000
vt 0.2627 0.7252 0.0000
vt 0.2640 0.7342 0.0000
vt 0.2530 0.7362 0.0000
vt 0.2518 0.7273 0.0000
vt 0.9963 0.4615 0.0000
vt 0.9837 0.4696 0.0000
vt 0.9851 0.4573 0.0000
vt 0.9977 0.4491 0.0000
vt 0.3715 0.1177 0.0000
vt 0.3700 0.1026 0.0000
vt 0.0230 0.0104 0.0000
vt 0.0327 0.0061 0.0000
vt 0.0418 0.0117 0.0000
vt 0.0321 0.0160 0.0000
vt 0.2076 0.5866 0.0000
vt 0.1971 0.5834 0.0000
vt 0.2080 0.5682 0.0000
vt 0.2184 0.5714 0.0000
vt 0.5150 0.0565 0.0000
vt 0.5086 0.0653 0.0000
vt 0.5026 0.0485 0.0000
vt 0.5091 0.0397 0.0000
vt 0.3592 0.1390 0.0000
vt 0.3639 0.1213 0.0000
vt 0.9781 0.2715 0.0000
vt 0.9782 0.2594 0.0000
vt 0.9875 0.2441 0.0000
vt 0.9873 0.2563 0.0000
vt 0.1763 0.9837 0.0000
vt 0.1769 0.9960 0.0000
vt 0.3897 0.6515 0.0000
vt 0.3895 0.6630 0.0000
vt 0.0014 0.0214 0.0000
vt 0.0157 0.0070 0.0000
vt 0.1366 0.3503 0.0000
vt 0.1398 0.3611 0.0000
vt 0.7122 0.1751 0.0000
vt 0.7149 0.1830 0.0000
vt 0.0844 0.1478 0.0000
vt 0.0758 0.1414 0.0000
vt 0.6947 0.7374 0.0000
vt 0.6811 0.7410 0.0000
vt 0.9858 0.0207 0.0000
vt 0.9955 0.0307 0.0000
vt 0.2518 0.7364 0.0000
vt 0.2505 0.7275 0.0000
vt 0.9852 0.4558 0.0000
vt 0.9978 0.4477 0.0000
vt 0.3702 0.1177 0.0000
vt 0.3687 0.1027 0.0000
vt 0.0428 0.0123 0.0000
vt 0.0331 0.0166 0.0000
vt 0.2087 0.5671 0.0000
vt 0.2192 0.5704 0.0000
vt 0.5022 0.0474 0.0000
vt 0.5087 0.0385 0.0000
vt 0.3580 0.1391 0.0000
vt 0.3627 0.1214 0.0000
vt 0.9882 0.2431 0.0000
vt 0.9880 0.2553 0.0000
vt 0.1775 0.9837 0.0000
vt 0.1781 0.9959 0.0000
vt 0.3902 0.6524 0.0000
vt 0.3900 0.6639 0.0000
vt 0.0005 0.0205 0.0000
vt 0.0148 0.0061 0.0000
vt 0.1373 0.3494 0.0000
vt 0.1405 0.3602 0.0000
vt 0.7131 0.1747 0.0000
vt 0.7159 0.1827 0.0000
vt 0.0834 0.1481 0.0000
vt 0.0747 0.1417 0.0000
vt 0.6950 0.7384 0.0000
vt 0.6814 0.7420 0.0000
vt 0.9859 0.0195 0.0000
vt 0.9956 0.0295 0.0000
vt 0.2507 0.7366 0.0000
vt 0.2494 0.7277 0.0000
vt 0.9854 0.4546 0.0000
vt 0.9980 0.4465 0.0000
vt 0.3691 0.1178 0.0000
vt 0.3676 0.1028 0.0000
vt 0.0437 0.0128 0.0000
vt 0.0340 0.0172 0.0000
vt 0.2093 0.5662 0.0000
vt 0.2198 0.5695 0.0000
vt 0.5019 0.0464 0.0000
vt 0.5083 0.0375 0.0000
vt 0.3569 0.1392 0.0000
vt 0.3616 0.1215 0.0000
vt 0.9887 0.2422 0.0000
vt 0.9885 0.2544 0.0000
vt 0.3939 0.6676 0.0000
vt 0.3917 0.6790 0.0000
vt 0.9912 0.2275 0.0000
vt 0.9931 0.2396 0.0000
vt 0.3814 0.6791 0.0000
vt 0.3920 0.6801 0.0000
vt 0.3818 0.6802 0.0000
vt 0.3943 0.6687 0.0000
vt 0.0880 0.1510 0.0000
vt 0.0872 0.1682 0.0000
vt 0.0861 0.1678 0.0000
vt 0.0869 0.1506 0.0000
vt 0.1458 0.3462 0.0000
vt 0.1409 0.3350 0.0000
vt 0.1414 0.3339 0.0000
vt 0.1463 0.3451 0.0000
vt 0.7279 0.1832 0.0000
vt 0.7266 0.1749 0.0000
vt 0.7277 0.1748 0.0000
vt 0.7290 0.1830 0.0000
vt 0.0610 0.1411 0.0000
vt 0.0693 0.1491 0.0000
vt 0.0681 0.1492 0.0000
vt 0.0598 0.1412 0.0000
vt 0.6876 0.7540 0.0000
vt 0.7003 0.7481 0.0000
vt 0.7009 0.7491 0.0000
vt 0.6881 0.7550 0.0000
vt 0.9969 0.0181 0.0000
vt 0.9872 0.0083 0.0000
vt 0.9873 0.0071 0.0000
vt 0.9971 0.0169 0.0000
vt 0.2373 0.7335 0.0000
vt 0.2402 0.7420 0.0000
vt 0.2391 0.7424 0.0000
vt 0.2362 0.7340 0.0000
vt 0.9992 0.4353 0.0000
vt 0.9867 0.4432 0.0000
vt 0.9868 0.4420 0.0000
vt 0.9994 0.4341 0.0000
vt 0.3566 0.1019 0.0000
vt 0.3554 0.1168 0.0000
vt 0.3542 0.1166 0.0000
vt 0.3554 0.1017 0.0000
vt 0.0462 0.0223 0.0000
vt 0.0563 0.0161 0.0000
vt 0.0574 0.0165 0.0000
vt 0.0473 0.0227 0.0000
vt 0.2239 0.5547 0.0000
vt 0.2131 0.5521 0.0000
vt 0.2136 0.5510 0.0000
vt 0.2244 0.5536 0.0000
vt 0.5092 0.0233 0.0000
vt 0.5008 0.0321 0.0000
vt 0.5006 0.0309 0.0000
vt 0.5090 0.0221 0.0000
vt 0.3469 0.1189 0.0000
vt 0.3410 0.1366 0.0000
vt 0.3399 0.1364 0.0000
vt 0.3457 0.1188 0.0000
vt 0.9915 0.2264 0.0000
vt 0.9934 0.2385 0.0000
vt 0.3923 0.6810 0.0000
vt 0.3821 0.6811 0.0000
vt 0.3945 0.6696 0.0000
vt 0.0852 0.1675 0.0000
vt 0.0860 0.1503 0.0000
vt 0.1418 0.3330 0.0000
vt 0.1467 0.3442 0.0000
vt 0.7287 0.1747 0.0000
vt 0.7300 0.1829 0.0000
vt 0.0672 0.1493 0.0000
vt 0.0588 0.1412 0.0000
vt 0.7013 0.7500 0.0000
vt 0.6886 0.7559 0.0000
vt 0.9874 0.0061 0.0000
vt 0.9972 0.0159 0.0000
vt 0.2382 0.7428 0.0000
vt 0.2353 0.7343 0.0000
vt 0.9869 0.4410 0.0000
vt 0.9995 0.4331 0.0000
vt 0.3532 0.1165 0.0000
vt 0.3545 0.1016 0.0000
vt 0.0583 0.0168 0.0000
vt 0.0482 0.0230 0.0000
vt 0.2140 0.5501 0.0000
vt 0.2248 0.5527 0.0000
vt 0.5005 0.0300 0.0000
vt 0.5089 0.0212 0.0000
vt 0.3389 0.1363 0.0000
vt 0.3448 0.1186 0.0000
vt 0.9918 0.2255 0.0000
vt 0.9938 0.2376 0.0000
vt 0.3943 0.6902 0.0000
vt 0.3891 0.7000 0.0000
vt 0.9897 0.2084 0.0000
vt 0.9948 0.2189 0.0000
vt 0.0938 0.2065 0.0000
vt 0.0769 0.2103 0.0000
vt 0.0772 0.2089 0.0000
vt 0.0942 0.2051 0.0000
vt 0.4901 0.4068 0.0000
vt 0.4995 0.4191 0.0000
vt 0.4983 0.4201 0.0000
vt 0.4890 0.4078 0.0000
vt 0.5451 0.1979 0.0000
vt 0.5278 0.1977 0.0000
vt 0.5271 0.1964 0.0000
vt 0.5445 0.1966 0.0000
vt 0.4166 0.2930 0.0000
vt 0.4287 0.3026 0.0000
vt 0.4276 0.3038 0.0000
vt 0.4156 0.2941 0.0000
vt 0.0774 0.2075 0.0000
vt 0.0944 0.2038 0.0000
vt 0.4974 0.4211 0.0000
vt 0.4880 0.4088 0.0000
vt 0.5267 0.1952 0.0000
vt 0.5440 0.1953 0.0000
vt 0.4266 0.3047 0.0000
vt 0.4146 0.2950 0.0000
vt 0.0783 0.1877 0.0000
vt 0.0952 0.1839 0.0000
vt 0.4911 0.4259 0.0000
vt 0.4788 0.4264 0.0000
vt 0.5234 0.1885 0.0000
vt 0.5408 0.1887 0.0000
vt 0.4088 0.3135 0.0000
vt 0.4096 0.3012 0.0000
vt 0.0783 0.1865 0.0000
vt 0.0953 0.1828 0.0000
vt 0.4906 0.4269 0.0000
vt 0.4783 0.4274 0.0000
vt 0.5231 0.1874 0.0000
vt 0.5405 0.1876 0.0000
vt 0.4078 0.3140 0.0000
vt 0.4086 0.3016 0.0000
vt 0.0782 0.1857 0.0000
vt 0.0952 0.1819 0.0000
vt 0.4904 0.4278 0.0000
vt 0.4780 0.4283 0.0000
vt 0.5230 0.1866 0.0000
vt 0.5404 0.1867 0.0000
vt 0.4069 0.3142 0.0000
vt 0.4077 0.3018 0.0000
vt 0.0743 0.1763 0.0000
vt 0.0913 0.1725 0.0000
vt 0.3943 0.3101 0.0000
vt 0.3951 0.2977 0.0000
vt 0.1030 0.5940 0.0000
vt 0.1131 0.5980 0.0000
vt 0.1020 0.6149 0.0000
vt 0.1161 0.6045 0.0000
vt 0.2196 0.2140 0.0000
vt 0.2313 0.2140 0.0000
vt 0.2252 0.2323 0.0000
vt 0.3932 0.2969 0.0000
vt 0.3926 0.3062 0.0000
vt 0.3769 0.2870 0.0000
vt 0.6648 0.4064 0.0000
vt 0.6658 0.3992 0.0000
vt 0.6745 0.4064 0.0000
vt 0.0346 0.6763 0.0000
vt 0.0371 0.6694 0.0000
vt 0.0370 0.6855 0.0000
vt 0.0622 0.1532 0.0000
vt 0.0629 0.1654 0.0000
vt 0.0460 0.1631 0.0000
vt 0.5945 0.8429 0.0000
vt 0.5856 0.8449 0.0000
vt 0.5760 0.8429 0.0000
vt 0.4856 0.0512 0.0000
vt 0.4863 0.0454 0.0000
vt 0.4945 0.0550 0.0000
vt 0.7055 0.7737 0.0000
vt 0.7016 0.7678 0.0000
vt 0.7181 0.7747 0.0000
vt 0.7086 0.7612 0.0000
vt 0.4780 0.0553 0.0000
vt 0.3232 0.2318 0.0000
vt 0.3179 0.2288 0.0000
vt 0.3204 0.2196 0.0000
vt 0.3095 0.2317 0.0000
vt 0.3411 0.1003 0.0000
vt 0.3369 0.1098 0.0000
vt 0.3252 0.0969 0.0000
vt 0.5259 0.4199 0.0000
vt 0.5182 0.4254 0.0000
vt 0.5070 0.4197 0.0000
vt 0.1466 0.3544 0.0000
vt 0.1529 0.3592 0.0000
vt 0.1466 0.3659 0.0000
vt 0.0503 0.5855 0.0000
vt 0.0596 0.5853 0.0000
vt 0.0418 0.5898 0.0000
vt 0.3253 0.1126 0.0000
vt 0.3197 0.1245 0.0000
vt 0.3095 0.1083 0.0000
vt 0.6301 0.5997 0.0000
vt 0.6326 0.6075 0.0000
vt 0.6299 0.6172 0.0000
vt 0.1012 0.7202 0.0000
vt 0.0714 0.6410 0.0000
vt 0.0829 0.6312 0.0000
vt 0.1128 0.7105 0.0000
vt 0.7678 0.6764 0.0000
vt 0.8566 0.6742 0.0000
vt 0.8532 0.6894 0.0000
vt 0.7646 0.6916 0.0000
vt 0.0810 0.6203 0.0000
vt 0.0980 0.6187 0.0000
vt 0.0988 0.6231 0.0000
vt 0.0821 0.6264 0.0000
vt 0.1614 0.4123 0.0000
vt 0.1583 0.3953 0.0000
vt 0.1647 0.3945 0.0000
vt 0.1660 0.4117 0.0000
vt 0.3542 0.0626 0.0000
vt 0.3535 0.0454 0.0000
vt 0.3699 0.0461 0.0000
vt 0.3689 0.0632 0.0000
vt 0.1516 0.1447 0.0000
vt 0.1346 0.1428 0.0000
vt 0.1355 0.1275 0.0000
vt 0.1526 0.1277 0.0000
vt 0.2025 0.7984 0.0000
vt 0.1679 0.7858 0.0000
vt 0.2359 0.8145 0.0000
vt 0.3312 0.6646 0.0000
vt 0.3329 0.9743 0.0000
vt 0.3303 0.9776 0.0000
vt 0.2775 0.9553 0.0000
vt 0.2855 0.9512 0.0000
vt 0.2542 0.8594 0.0000
vt 0.2632 0.8602 0.0000
vt 0.2846 0.7912 0.0000
vt 0.2895 0.7928 0.0000
vt 0.3415 0.7589 0.0000
vt 0.3230 0.7958 0.0000
vt 0.2723 0.7842 0.0000
vt 0.4257 0.3549 0.0000
vt 0.4366 0.3388 0.0000
vt 0.4106 0.3651 0.0000
vt 0.6581 0.3406 0.0000
vt 0.6420 0.3296 0.0000
vt 0.6682 0.3557 0.0000
vt 0.6376 0.3087 0.0000
vt 0.2881 0.5557 0.0000
vt 0.2870 0.5547 0.0000
vt 0.3012 0.5384 0.0000
vt 0.3037 0.5407 0.0000
vt 0.4046 0.6634 0.0000
vt 0.4109 0.6636 0.0000
vt 0.4136 0.6881 0.0000
vt 0.3994 0.6878 0.0000
vt 0.4169 0.6636 0.0000
vt 0.4271 0.6881 0.0000
vt 0.7317 0.5039 0.0000
vt 0.7305 0.5023 0.0000
vt 0.7468 0.4838 0.0000
vt 0.7495 0.4875 0.0000
vt 0.1056 0.2160 0.0000
vt 0.1229 0.2088 0.0000
vt 0.1204 0.2417 0.0000
vt 0.1089 0.2465 0.0000
vt 0.8681 0.0904 0.0000
vt 0.8715 0.1026 0.0000
vt 0.8398 0.1148 0.0000
vt 0.8375 0.1067 0.0000
vt 0.8706 0.1070 0.0000
vt 0.8392 0.1177 0.0000
vt 0.3602 0.5442 0.0000
vt 0.3598 0.5421 0.0000
vt 0.3854 0.5662 0.0000
vt 0.1161 0.2817 0.0000
vt 0.8095 0.1352 0.0000
vt 0.6432 0.9723 0.0000
vt 0.6387 0.9973 0.0000
vt 0.6129 0.9913 0.0000
vt 0.3603 0.5669 0.0000
vt 0.1142 0.1288 0.0000
vt 0.0848 0.1333 0.0000
vt 0.0853 0.1286 0.0000
vt 0.1147 0.1241 0.0000
vt 0.3023 0.0398 0.0000
vt 0.3113 0.0449 0.0000
vt 0.3086 0.0476 0.0000
vt 0.2996 0.0425 0.0000
vt 0.0460 0.1317 0.0000
vt 0.0732 0.1315 0.0000
vt 0.0744 0.1361 0.0000
vt 0.0473 0.1363 0.0000
vt 0.4288 0.0149 0.0000
vt 0.4107 0.0099 0.0000
vt 0.4106 0.0061 0.0000
vt 0.4288 0.0111 0.0000
vt 0.4907 0.2551 0.0000
vt 0.4851 0.2542 0.0000
vt 0.6559 0.7309 0.0000
vt 0.6544 0.7577 0.0000
vt 0.6185 0.7445 0.0000
vt 0.6188 0.7385 0.0000
vt 0.5735 0.5516 0.0000
vt 0.5917 0.5342 0.0000
vt 0.5986 0.5684 0.0000
vt 0.5946 0.5723 0.0000
vt 0.6183 0.5347 0.0000
vt 0.6046 0.5686 0.0000
vt 0.1572 0.3006 0.0000
vt 0.1525 0.2928 0.0000
vt 0.1577 0.2926 0.0000
vt 0.1624 0.3005 0.0000
vt 0.4001 0.3200 0.0000
vt 0.3951 0.3221 0.0000
vt 0.3932 0.3173 0.0000
vt 0.3983 0.3151 0.0000
vt 0.3900 0.3243 0.0000
vt 0.3881 0.3194 0.0000
vt 0.1634 0.0342 0.0000
vt 0.1578 0.0333 0.0000
vt 0.1578 0.0286 0.0000
vt 0.1634 0.0295 0.0000
vt 0.1522 0.3084 0.0000
vt 0.1574 0.3082 0.0000
vt 0.1781 0.8621 0.0000
vt 0.2177 0.8638 0.0000
vt 0.2503 0.9576 0.0000
vt 0.2156 0.9697 0.0000
vt 0.7892 0.3200 0.0000
vt 0.8181 0.3096 0.0000
vt 0.8279 0.3922 0.0000
vt 0.7983 0.3958 0.0000
vt 0.6037 0.5880 0.0000
vt 0.6356 0.5792 0.0000
vt 0.6304 0.5883 0.0000
vt 0.6081 0.5923 0.0000
vt 0.5960 0.6203 0.0000
vt 0.6020 0.6178 0.0000
vt 0.6526 0.6351 0.0000
vt 0.6220 0.6379 0.0000
vt 0.6236 0.6328 0.0000
vt 0.6479 0.6306 0.0000
vt 0.6407 0.5906 0.0000
vt 0.6463 0.6029 0.0000
vt 0.6412 0.6047 0.0000
vt 0.6355 0.5961 0.0000
vt 0.7743 0.2048 0.0000
vt 0.7572 0.1884 0.0000
vt 0.8048 0.1390 0.0000
vt 0.8219 0.1554 0.0000
vt 0.5630 0.5340 0.0000
vt 0.5623 0.5141 0.0000
vt 0.6308 0.5117 0.0000
vt 0.6315 0.5317 0.0000
vt 0.3874 0.1927 0.0000
vt 0.3650 0.2115 0.0000
vt 0.3210 0.1589 0.0000
vt 0.3434 0.1402 0.0000
vt 0.3684 0.2373 0.0000
vt 0.2962 0.1511 0.0000
vt 0.3186 0.1324 0.0000
vt 0.5760 0.9080 0.0000
vt 0.5951 0.9041 0.0000
vt 0.5951 0.9293 0.0000
vt 0.5760 0.9333 0.0000
vt 0.8472 0.1493 0.0000
vt 0.7692 0.2302 0.0000
vt 0.6234 0.6688 0.0000
vt 0.6541 0.6897 0.0000
vt 0.5934 0.7000 0.0000
vt 0.6631 0.7148 0.0000
vt 0.6234 0.7323 0.0000
vt 0.5456 0.7506 0.0000
vt 0.5569 0.7538 0.0000
vt 0.5456 0.7629 0.0000
vt 0.3659 0.7405 0.0000
vt 0.3312 0.7443 0.0000
vt 0.3205 0.7443 0.0000
vt 0.3162 0.7443 0.0000
vt 0.2972 0.7443 0.0000
vt 0.2870 0.7443 0.0000
vt 0.6320 0.2716 0.0000
vt 0.6019 0.2096 0.0000
vt 0.5941 0.1848 0.0000
vt 0.5848 0.1550 0.0000
vt 0.8537 0.5419 0.0000
vt 0.8422 0.5459 0.0000
vt 0.0784 0.3668 0.0000
vt 0.0951 0.3562 0.0000
vt 0.1060 0.4056 0.0000
vt 0.1592 0.2769 0.0000
vt 0.1671 0.2781 0.0000
vt 0.1633 0.2891 0.0000
vt 0.4277 0.3095 0.0000
vt 0.4277 0.3176 0.0000
vt 0.4162 0.3117 0.0000
vt 0.5530 0.7271 0.0000
vt 0.5530 0.7376 0.0000
vt 0.5411 0.7340 0.0000
vt 0.6859 0.1129 0.0000
vt 0.6919 0.1137 0.0000
vt 0.6859 0.1244 0.0000
vt 0.5311 0.6875 0.0000
vt 0.5317 0.6936 0.0000
vt 0.5195 0.6916 0.0000
vt 0.4720 0.8040 0.0000
vt 0.4681 0.7992 0.0000
vt 0.4777 0.7927 0.0000
vt 0.9676 0.2850 0.0000
vt 0.9748 0.2845 0.0000
vt 0.9702 0.2963 0.0000
vt 0.5529 0.6659 0.0000
vt 0.5530 0.6762 0.0000
vt 0.5411 0.6698 0.0000
vt 0.1634 0.2084 0.0000
vt 0.1701 0.2116 0.0000
vt 0.1635 0.2212 0.0000
vt 0.5295 0.7090 0.0000
vt 0.5290 0.7148 0.0000
vt 0.5174 0.7109 0.0000
vt 0.8105 0.0230 0.0000
vt 0.8085 0.0284 0.0000
vt 0.7983 0.0231 0.0000
vt 0.9656 0.0191 0.0000
vt 0.9665 0.0140 0.0000
vt 0.9770 0.0208 0.0000
vt 0.9066 0.8614 0.0000
vt 0.8953 0.8581 0.0000
vt 0.8935 0.8385 0.0000
vt 0.8996 0.8402 0.0000
vt 0.8825 0.8565 0.0000
vt 0.8867 0.8376 0.0000
vt 0.7646 0.0407 0.0000
vt 0.7821 0.0398 0.0000
vt 0.7741 0.0596 0.0000
vt 0.7647 0.0601 0.0000
vt 0.9785 0.8653 0.0000
vt 0.9685 0.8641 0.0000
vt 0.9763 0.8432 0.0000
vt 0.9817 0.8438 0.0000
vt 0.1702 0.1764 0.0000
vt 0.1742 0.1785 0.0000
vt 0.1711 0.1905 0.0000
vt 0.0326 0.4626 0.0000
vt 0.0286 0.4598 0.0000
vt 0.0325 0.4499 0.0000
vt 0.4380 0.0523 0.0000
vt 0.4397 0.0588 0.0000
vt 0.4275 0.0511 0.0000
vt 0.1619 0.1431 0.0000
vt 0.1601 0.1452 0.0000
vt 0.1578 0.1297 0.0000
vt 0.5836 0.6818 0.0000
vt 0.5850 0.7023 0.0000
vt 0.1578 0.2749 0.0000
vt 0.1693 0.2765 0.0000
vt 0.1428 0.1253 0.0000
vt 0.1430 0.1085 0.0000
vt 0.1450 0.1119 0.0000
vt 0.1449 0.1233 0.0000
vt 0.5549 0.7241 0.0000
vt 0.5549 0.7395 0.0000
vt 0.0602 0.2758 0.0000
vt 0.0603 0.2963 0.0000
vt 0.0511 0.2896 0.0000
vt 0.0517 0.2868 0.0000
vt 0.5418 0.6856 0.0000
vt 0.5372 0.6946 0.0000
vt 0.4722 0.8119 0.0000
vt 0.4552 0.7939 0.0000
vt 0.9657 0.2833 0.0000
vt 0.9763 0.2826 0.0000
vt 0.5549 0.6639 0.0000
vt 0.5549 0.6789 0.0000
vt 0.0729 0.4077 0.0000
vt 0.0679 0.3938 0.0000
vt 0.0704 0.3946 0.0000
vt 0.0737 0.4040 0.0000
vt 0.5371 0.7100 0.0000
vt 0.5418 0.7187 0.0000
vt 0.7365 0.1047 0.0000
vt 0.7196 0.0939 0.0000
vt 0.7339 0.0904 0.0000
vt 0.7364 0.0913 0.0000
vt 0.9547 0.0290 0.0000
vt 0.9610 0.0062 0.0000
vt 0.1690 0.1747 0.0000
vt 0.1747 0.1776 0.0000
vt 0.1763 0.1857 0.0000
vt 0.1754 0.1842 0.0000
vt 0.1691 0.1801 0.0000
vt 0.1703 0.1802 0.0000
vt 0.3823 0.7140 0.0000
vt 0.3945 0.7149 0.0000
vt 0.3921 0.7152 0.0000
vt 0.3836 0.7146 0.0000
vt 0.4897 0.0592 0.0000
vt 0.4780 0.0590 0.0000
vt 0.4821 0.0567 0.0000
vt 0.4902 0.0568 0.0000
vt 0.0654 0.1498 0.0000
vt 0.0665 0.1673 0.0000
vt 0.0561 0.1651 0.0000
vt 0.0557 0.1638 0.0000
vt 0.1542 0.2646 0.0000
vt 0.1528 0.2728 0.0000
vt 0.1522 0.2703 0.0000
vt 0.1532 0.2646 0.0000
vt 0.7035 0.7752 0.0000
vt 0.6978 0.7668 0.0000
vt 0.7079 0.7572 0.0000
vt 0.1456 0.1201 0.0000
vt 0.1456 0.1085 0.0000
vt 0.1466 0.1088 0.0000
vt 0.1466 0.1169 0.0000
vt 0.1036 0.1719 0.0000
vt 0.1036 0.1630 0.0000
vt 0.1046 0.1633 0.0000
vt 0.1047 0.1695 0.0000
vt 0.1239 0.3319 0.0000
vt 0.1245 0.3435 0.0000
vt 0.1234 0.3405 0.0000
vt 0.1229 0.3325 0.0000
vt 0.3452 0.0994 0.0000
vt 0.3392 0.1129 0.0000
vt 0.3294 0.1111 0.0000
vt 0.3301 0.1085 0.0000
vt 0.1046 0.1493 0.0000
vt 0.1010 0.1369 0.0000
vt 0.1018 0.1382 0.0000
vt 0.1043 0.1468 0.0000
vt 0.3191 0.1102 0.0000
vt 0.3292 0.1120 0.0000
vt 0.3182 0.1113 0.0000
vt 0.3213 0.1291 0.0000
vt 0.4064 0.0481 0.0000
vt 0.3942 0.0480 0.0000
vt 0.3938 0.0454 0.0000
vt 0.4023 0.0455 0.0000
vt 0.9739 0.3832 0.0000
vt 0.9355 0.2517 0.0000
vt 0.0896 0.2039 0.0000
vt 0.0848 0.1780 0.0000
vt 0.5556 0.4486 0.0000
vt 0.5289 0.4486 0.0000
vt 0.1481 0.8880 0.0000
vt 0.1808 0.9818 0.0000
vt 0.6255 0.3994 0.0000
vt 0.6337 0.4304 0.0000
vt 0.5567 0.4303 0.0000
vt 0.5611 0.3994 0.0000
vt 0.1944 0.8207 0.0000
vt 0.2240 0.8470 0.0000
vt 0.2212 0.8519 0.0000
vt 0.1887 0.8293 0.0000
vt 0.1188 0.9781 0.0000
vt 0.1233 0.9824 0.0000
vt 0.1080 0.9854 0.0000
vt 0.1037 0.9813 0.0000
vt 0.7533 0.2954 0.0000
vt 0.7801 0.2796 0.0000
vt 0.7919 0.2809 0.0000
vt 0.7571 0.3005 0.0000
vt 0.8125 0.2365 0.0000
vt 0.8182 0.2492 0.0000
vt 0.7211 0.8830 0.0000
vt 0.6897 0.8862 0.0000
vt 0.7207 0.8700 0.0000
vt 0.1324 0.8140 0.0000
vt 0.1306 0.8285 0.0000
vt 0.2166 0.8554 0.0000
vt 0.1808 0.8384 0.0000
vt 0.1272 0.9862 0.0000
vt 0.1117 0.9889 0.0000
vt 0.7977 0.2892 0.0000
vt 0.7612 0.3040 0.0000
vt 0.8237 0.2652 0.0000
vt 0.6897 0.8695 0.0000
vt 0.7207 0.8550 0.0000
vt 0.1297 0.8460 0.0000
vt 0.2160 0.8609 0.0000
vt 0.1784 0.8487 0.0000
vt 0.1312 0.9900 0.0000
vt 0.1156 0.9927 0.0000
vt 0.8000 0.2996 0.0000
vt 0.7627 0.3104 0.0000
vt 0.8231 0.2826 0.0000
vt 0.6897 0.8561 0.0000
vt 0.7207 0.8432 0.0000
vt 0.1356 0.8623 0.0000
vt 0.4409 0.2331 0.0000
vt 0.4546 0.2524 0.0000
vt 0.4108 0.2762 0.0000
vt 0.4070 0.2545 0.0000
vt 0.4241 0.2092 0.0000
vt 0.4031 0.2256 0.0000
vt 0.6971 0.2211 0.0000
vt 0.7120 0.2027 0.0000
vt 0.7342 0.2216 0.0000
vt 0.7295 0.2449 0.0000
vt 0.8906 0.5304 0.0000
vt 0.8629 0.5389 0.0000
vt 0.8545 0.4993 0.0000
vt 0.8724 0.4837 0.0000
vt 0.7702 0.7480 0.0000
vt 0.7737 0.7220 0.0000
vt 0.7935 0.7196 0.0000
vt 0.7923 0.7411 0.0000
vt 0.9749 0.5921 0.0000
vt 0.9724 0.5514 0.0000
vt 0.9827 0.5526 0.0000
vt 0.9850 0.5940 0.0000
vt 0.3954 0.2579 0.0000
vt 0.3989 0.2319 0.0000
vt 0.7394 0.2278 0.0000
vt 0.7408 0.2490 0.0000
vt 0.0685 0.0910 0.0000
vt 0.0685 0.1131 0.0000
vt 0.0624 0.1104 0.0000
vt 0.0623 0.0904 0.0000
vt 0.9763 0.5376 0.0000
vt 0.9857 0.5379 0.0000
vt 0.3947 0.2864 0.0000
vt 0.3689 0.2766 0.0000
vt 0.3813 0.2515 0.0000
vt 0.3965 0.2302 0.0000
vt 0.7441 0.2255 0.0000
vt 0.7553 0.2435 0.0000
vt 0.7401 0.2759 0.0000
vt 0.7651 0.2682 0.0000
vt 0.2952 0.1062 0.0000
vt 0.2758 0.1058 0.0000
vt 0.2759 0.1033 0.0000
vt 0.2954 0.1014 0.0000
vt 0.9768 0.5126 0.0000
vt 0.9861 0.5251 0.0000
vt 0.0876 0.1087 0.0000
vt 0.0848 0.0931 0.0000
vt 0.0950 0.0934 0.0000
vt 0.0969 0.1091 0.0000
vt 0.7637 0.2372 0.0000
vt 0.7496 0.2213 0.0000
vt 0.7521 0.2139 0.0000
vt 0.8891 0.7084 0.0000
vt 0.9086 0.7121 0.0000
vt 0.9096 0.7197 0.0000
vt 0.8882 0.7159 0.0000
vt 0.3921 0.2263 0.0000
vt 0.3734 0.2446 0.0000
vt 0.3908 0.2185 0.0000
vt 0.0695 0.3505 0.0000
vt 0.0623 0.3505 0.0000
vt 0.0649 0.3378 0.0000
vt 0.0696 0.3377 0.0000
vt 0.7587 0.3166 0.0000
vt 0.2016 0.9781 0.0000
vt 0.2353 0.9797 0.0000
vt 0.2263 0.9982 0.0000
vt 0.1915 0.9986 0.0000
vt 0.3582 0.2674 0.0000
vt 0.9765 0.5019 0.0000
vt 0.9859 0.5012 0.0000
vt 0.7758 0.2603 0.0000
vt 0.2760 0.0986 0.0000
vt 0.2956 0.0960 0.0000
vt 0.0860 0.0106 0.0000
vt 0.0955 0.0125 0.0000
vt 0.8301 0.1329 0.0000
vt 0.8399 0.1251 0.0000
vt 0.8518 0.1423 0.0000
vt 0.5772 0.8969 0.0000
vt 0.5941 0.8942 0.0000
vt 0.2922 0.1438 0.0000
vt 0.3081 0.1235 0.0000
vt 0.7561 0.5861 0.0000
vt 0.7482 0.5835 0.0000
vt 0.7508 0.5757 0.0000
vt 0.7588 0.5775 0.0000
vt 0.8494 0.1207 0.0000
vt 0.8593 0.1372 0.0000
vt 0.5779 0.8870 0.0000
vt 0.5934 0.8847 0.0000
vt 0.2850 0.1381 0.0000
vt 0.2985 0.1187 0.0000
vt 0.3034 0.2140 0.0000
vt 0.3029 0.2181 0.0000
vt 0.2949 0.2173 0.0000
vt 0.2955 0.2140 0.0000
vt 0.8641 0.1135 0.0000
vt 0.8684 0.1327 0.0000
vt 0.5777 0.8711 0.0000
vt 0.5936 0.8701 0.0000
vt 0.2762 0.1330 0.0000
vt 0.2831 0.1098 0.0000
vt 0.9073 0.7452 0.0000
vt 0.8882 0.7414 0.0000
vt 0.3005 0.2238 0.0000
vt 0.2941 0.2219 0.0000
vt 0.8875 0.1129 0.0000
vt 0.8826 0.1325 0.0000
vt 0.5792 0.8455 0.0000
vt 0.5922 0.8467 0.0000
vt 0.2621 0.1318 0.0000
vt 0.2577 0.1072 0.0000
vt 0.2879 0.2201 0.0000
vt 0.2870 0.2165 0.0000
vt 0.2876 0.2140 0.0000
vt 0.7534 0.5679 0.0000
vt 0.7614 0.5690 0.0000
vt 0.7649 0.5682 0.0000
vt 0.8736 0.5950 0.0000
vt 0.8719 0.6042 0.0000
vt 0.7626 0.5778 0.0000
vt 0.1046 0.0937 0.0000
vt 0.1054 0.1094 0.0000
vt 0.9943 0.5005 0.0000
vt 0.9944 0.5119 0.0000
vt 0.9941 0.5382 0.0000
vt 0.9922 0.5536 0.0000
vt 0.9941 0.5956 0.0000
vt 0.0671 0.3264 0.0000
vt 0.0696 0.3264 0.0000
vt 0.1017 0.9951 0.0000
vt 0.0979 0.9914 0.0000
vt 0.0944 0.9881 0.0000
vt 0.0904 0.9842 0.0000
vt 0.9607 0.1834 0.0000
vt 0.9648 0.2141 0.0000
vt 0.8831 0.8784 0.0000
vt 0.8825 0.8666 0.0000
vt 0.9807 0.8762 0.0000
vt 0.9826 0.8995 0.0000
vt 0.9483 0.2572 0.0000
vt 0.9749 0.2543 0.0000
vt 0.9561 0.2679 0.0000
vt 0.5831 0.6634 0.0000
vt 0.4709 0.3688 0.0000
vt 0.4891 0.3738 0.0000
vt 0.4867 0.3890 0.0000
vt 0.4668 0.3801 0.0000
vt 0.7741 0.3986 0.0000
vt 0.7494 0.3208 0.0000
vt 0.7494 0.3887 0.0000
vt 0.7369 0.3847 0.0000
vt 0.7366 0.3119 0.0000
vt 0.7263 0.2645 0.0000
vt 0.3512 0.2511 0.0000
vt 0.7834 0.2448 0.0000
vt 0.2778 0.1665 0.0000
vt 0.8604 0.1622 0.0000
vt 0.2769 0.1631 0.0000
vt 0.0870 0.0061 0.0000
vt 0.0955 0.0086 0.0000
vt 0.7603 0.5875 0.0000
vt 0.7552 0.6079 0.0000
vt 0.7477 0.6038 0.0000
vt 0.2721 0.1566 0.0000
vt 0.8622 0.1578 0.0000
vt 0.8680 0.1519 0.0000
vt 0.2697 0.1551 0.0000
vt 0.8721 0.1498 0.0000
vt 0.7657 0.9145 0.0000
vt 0.7657 0.9391 0.0000
vt 0.3659 0.6646 0.0000
vt 0.9710 0.6334 0.0000
vt 0.9327 0.6334 0.0000
vt 0.8520 0.1795 0.0000
vt 0.8676 0.1634 0.0000
vt 0.8308 0.2016 0.0000
vt 0.8095 0.2236 0.0000
vt 0.5792 0.0341 0.0000
vt 0.5792 0.0170 0.0000
vt 0.6231 0.0239 0.0000
vt 0.6184 0.0341 0.0000
vt 0.5792 0.0724 0.0000
vt 0.6137 0.0724 0.0000
vt 0.1162 0.4645 0.0000
vt 0.1294 0.4747 0.0000
vt 0.1233 0.4822 0.0000
vt 0.1087 0.4741 0.0000
vt 0.5650 0.1510 0.0000
vt 0.5510 0.1470 0.0000
vt 0.5532 0.1404 0.0000
vt 0.5677 0.1418 0.0000
vt 0.5349 0.1423 0.0000
vt 0.5368 0.1368 0.0000
vt 0.2141 0.1220 0.0000
vt 0.2037 0.1120 0.0000
vt 0.2082 0.1068 0.0000
vt 0.2178 0.1175 0.0000
vt 0.1915 0.1003 0.0000
vt 0.1980 0.0933 0.0000
vt 0.2789 0.4789 0.0000
vt 0.2645 0.4789 0.0000
vt 0.2645 0.4667 0.0000
vt 0.2788 0.4693 0.0000
vt 0.2477 0.4789 0.0000
vt 0.2478 0.4656 0.0000
vt 0.1047 0.4556 0.0000
vt 0.0966 0.4661 0.0000
vt 0.1192 0.4901 0.0000
vt 0.1034 0.4845 0.0000
vt 0.5541 0.1344 0.0000
vt 0.5690 0.1331 0.0000
vt 0.5376 0.1319 0.0000
vt 0.2132 0.1032 0.0000
vt 0.2219 0.1146 0.0000
vt 0.2054 0.0882 0.0000
vt 0.2661 0.4552 0.0000
vt 0.2799 0.4605 0.0000
vt 0.2495 0.4529 0.0000
vt 0.0908 0.4776 0.0000
vt 0.1158 0.4996 0.0000
vt 0.0992 0.4965 0.0000
vt 0.5546 0.1271 0.0000
vt 0.5696 0.1232 0.0000
vt 0.5381 0.1256 0.0000
vt 0.2198 0.0996 0.0000
vt 0.2275 0.1114 0.0000
vt 0.2143 0.0834 0.0000
vt 0.2689 0.4432 0.0000
vt 0.2821 0.4509 0.0000
vt 0.2525 0.4399 0.0000
vt 0.0863 0.4905 0.0000
vt 0.0845 0.5017 0.0000
vt 0.2932 0.3334 0.0000
vt 0.3102 0.3342 0.0000
vt 0.1517 0.1671 0.0000
vt 0.1686 0.1665 0.0000
vt 0.0984 0.6138 0.0000
vt 0.0814 0.6133 0.0000
vt 0.5451 0.0197 0.0000
vt 0.5600 0.0158 0.0000
vt 0.5286 0.0156 0.0000
vt 0.3373 0.0650 0.0000
vt 0.3411 0.0779 0.0000
vt 0.3345 0.0481 0.0000
vt 0.3233 0.3420 0.0000
vt 0.2942 0.3238 0.0000
vt 0.3112 0.3207 0.0000
vt 0.0681 0.6115 0.0000
vt 0.0679 0.6236 0.0000
vt 0.1573 0.4139 0.0000
vt 0.1522 0.3974 0.0000
vt 0.5303 0.0061 0.0000
vt 0.5456 0.0138 0.0000
vt 0.3531 0.0760 0.0000
vt 0.1480 0.1624 0.0000
vt 0.1313 0.1585 0.0000
vt 0.8765 0.6780 0.0000
vt 0.8675 0.6923 0.0000
vt 0.8593 0.6904 0.0000
vt 0.8651 0.6753 0.0000
vt 0.0698 0.6338 0.0000
vt 0.0922 0.3439 0.0000
vt 0.0800 0.3556 0.0000
vt 0.0764 0.3480 0.0000
vt 0.0900 0.3394 0.0000
vt 0.3635 0.0764 0.0000
vt 0.0993 0.6269 0.0000
vt 0.1696 0.3938 0.0000
vt 0.1698 0.4111 0.0000
vt 0.0741 0.3423 0.0000
vt 0.0883 0.3360 0.0000
vt 0.3787 0.0642 0.0000
vt 0.3708 0.0770 0.0000
vt 0.3807 0.0472 0.0000
vt 0.8635 0.6590 0.0000
vt 0.8540 0.6578 0.0000
vt 0.2867 0.0560 0.0000
vt 0.2702 0.0470 0.0000
vt 0.6748 0.9612 0.0000
vt 0.6644 0.9977 0.0000
vt 0.7151 0.4965 0.0000
vt 0.7182 0.4754 0.0000
vt 0.2954 0.5682 0.0000
vt 0.3144 0.5637 0.0000
vt 0.3800 0.6647 0.0000
vt 0.1030 0.1552 0.0000
vt 0.1012 0.1719 0.0000
vt 0.7064 0.1923 0.0000
vt 0.7174 0.1913 0.0000
vt 0.2643 0.7415 0.0000
vt 0.2539 0.7451 0.0000
vt 0.3787 0.6989 0.0000
vt 0.1412 0.3151 0.0000
vt 0.1490 0.3255 0.0000
vt 0.7416 0.1788 0.0000
vt 0.7402 0.1870 0.0000
vt 0.0528 0.1473 0.0000
vt 0.0460 0.1369 0.0000
vt 0.7195 0.1910 0.0000
vt 0.7292 0.1924 0.0000
vt 0.2307 0.7497 0.0000
vt 0.2252 0.7427 0.0000
vt 0.2519 0.7459 0.0000
vt 0.2434 0.7503 0.0000
vt 0.0713 0.0167 0.0000
vt 0.0620 0.0258 0.0000
vt 0.2136 0.5342 0.0000
vt 0.2247 0.5356 0.0000
vt 0.5033 0.0135 0.0000
vt 0.5145 0.0061 0.0000
vt 0.0947 0.2312 0.0000
vt 0.5061 0.3893 0.0000
vt 0.5061 0.4180 0.0000
vt 0.6217 0.6172 0.0000
vt 0.6213 0.6006 0.0000
vt 0.6293 0.5998 0.0000
vt 0.6275 0.6142 0.0000
vt 0.6953 0.6918 0.0000
vt 0.6976 0.6765 0.0000
vt 0.0752 0.6930 0.0000
vt 0.0673 0.7037 0.0000
vt 0.0623 0.6776 0.0000
vt 0.0703 0.6769 0.0000
vt 0.0869 0.7004 0.0000
vt 0.0791 0.7152 0.0000
vt 0.0722 0.2487 0.0000
vt 0.0888 0.2478 0.0000
vt 0.0580 0.2551 0.0000
vt 0.4613 0.0826 0.0000
vt 0.4635 0.0981 0.0000
vt 0.4533 0.0954 0.0000
vt 0.4634 0.0657 0.0000
vt 0.1297 0.0223 0.0000
vt 0.1326 0.0083 0.0000
vt 0.1514 0.0061 0.0000
vt 0.1469 0.0213 0.0000
vt 0.0670 0.6522 0.0000
vt 0.0751 0.6614 0.0000
vt 0.8605 0.3615 0.0000
vt 0.8700 0.3758 0.0000
vt 0.8432 0.3650 0.0000
vt 0.8638 0.3445 0.0000
vt 0.9044 0.3528 0.0000
vt 0.8949 0.3383 0.0000
vt 0.9012 0.3696 0.0000
vt 0.5000 0.8866 0.0000
vt 0.5031 0.9054 0.0000
vt 0.4855 0.9679 0.0000
vt 0.5115 0.9192 0.0000
vt 0.5164 0.9805 0.0000
vt 0.5229 0.9242 0.0000
vt 0.5472 0.9679 0.0000
vt 0.5343 0.9192 0.0000
vt 0.0597 0.3786 0.0000
vt 0.0926 0.4147 0.0000
vt 0.7854 0.5148 0.0000
vt 0.7734 0.5002 0.0000
vt 0.9668 0.9781 0.0000
vt 0.9856 0.9802 0.0000
vt 0.9856 0.9952 0.0000
vt 0.9668 0.9952 0.0000
vt 0.4626 0.6191 0.0000
vt 0.4503 0.6299 0.0000
vt 0.1663 0.7613 0.0000
vt 0.1690 0.7750 0.0000
vt 0.1397 0.7784 0.0000
vt 0.1263 0.7652 0.0000
vt 0.1636 0.7477 0.0000
vt 0.1129 0.7521 0.0000
vt 0.3601 0.1581 0.0000
vt 0.3720 0.1466 0.0000
vt 0.3985 0.1958 0.0000
vt 0.7548 0.5465 0.0000
vt 0.7413 0.5334 0.0000
vt 0.6842 0.5368 0.0000
vt 0.6594 0.5610 0.0000
vt 0.2555 0.4168 0.0000
vt 0.5039 0.1016 0.0000
vt 0.4851 0.1067 0.0000
vt 0.8869 0.3791 0.0000
vt 0.5584 0.1706 0.0000
vt 0.5305 0.1486 0.0000
vt 0.9829 0.3825 0.0000
vt 0.9989 0.3888 0.0000
vt 0.9975 0.3971 0.0000
vt 0.9556 0.4022 0.0000
vt 0.1292 0.7061 0.0000
vt 0.1050 0.3352 0.0000
vt 0.7652 0.6600 0.0000
vt 0.4915 0.4398 0.0000
vt 0.4818 0.4410 0.0000
vt 0.5249 0.1766 0.0000
vt 0.5405 0.1764 0.0000
vt 0.3431 0.9582 0.0000
vt 0.3293 0.9134 0.0000
vt 0.3244 0.9821 0.0000
vt 0.2541 0.9621 0.0000
vt 0.3204 0.8515 0.0000
vt 0.2308 0.8528 0.0000
vt 0.0586 0.9970 0.0000
vt 0.0398 0.9968 0.0000
vt 0.0564 0.9876 0.0000
vt 0.0579 0.9877 0.0000
vt 0.1297 0.1634 0.0000
vt 0.1441 0.1645 0.0000
vt 0.1368 0.1815 0.0000
vt 0.1298 0.1834 0.0000
vt 0.0579 0.4171 0.0000
vt 0.0710 0.4106 0.0000
vt 0.0607 0.4385 0.0000
vt 0.0567 0.4353 0.0000
vt 0.0836 0.5174 0.0000
vt 0.0842 0.5511 0.0000
vt 0.0736 0.5456 0.0000
vt 0.0735 0.5436 0.0000
vt 0.6270 0.2871 0.0000
vt 0.6241 0.3025 0.0000
vt 0.0775 0.9971 0.0000
vt 0.0718 0.9837 0.0000
vt 0.3304 0.5286 0.0000
vt 0.3322 0.5308 0.0000
vt 0.4132 0.7371 0.0000
vt 0.4004 0.7254 0.0000
vt 0.4269 0.7347 0.0000
vt 0.9094 0.1135 0.0000
vt 0.9062 0.1166 0.0000
vt 0.7140 0.4572 0.0000
vt 0.7506 0.4499 0.0000
vt 0.3354 0.5628 0.0000
vt 0.4670 0.3976 0.0000
vt 0.4326 0.4027 0.0000
vt 0.4799 0.4035 0.0000
vt 0.4745 0.4028 0.0000
vt 0.4498 0.4238 0.0000
vt 0.4471 0.4106 0.0000
vt 0.4084 0.5366 0.0000
vt 0.3650 0.5362 0.0000
vt 0.3683 0.5167 0.0000
vt 0.4000 0.5164 0.0000
vt 0.7342 0.8980 0.0000
vt 0.7657 0.8932 0.0000
vt 0.5232 0.7808 0.0000
vt 0.2662 0.1550 0.0000
vt 0.8782 0.1498 0.0000
vt 0.1878 0.2516 0.0000
vt 0.1745 0.2074 0.0000
vt 0.4999 0.2667 0.0000
vt 0.5067 0.2646 0.0000
vt 0.5062 0.3725 0.0000
vt 0.4932 0.2687 0.0000
vt 0.1039 0.0110 0.0000
vt 0.1051 0.0144 0.0000
vt 0.7252 0.3809 0.0000
vt 0.7252 0.3039 0.0000
vt 0.5792 0.0061 0.0000
vt 0.6312 0.0061 0.0000
vt 0.1805 0.2628 0.0000
vt 0.1610 0.2463 0.0000
vt 0.5836 0.7397 0.0000
vt 0.5841 0.7207 0.0000
vt 0.5074 0.3834 0.0000
vt 0.2830 0.7087 0.0000
vt 0.2830 0.7350 0.0000
vt 0.2589 0.7186 0.0000
vt 0.2653 0.7084 0.0000
vt 0.3420 0.3657 0.0000
vt 0.3474 0.3843 0.0000
vt 0.3095 0.3868 0.0000
vt 0.3152 0.3672 0.0000
vt 0.4275 0.8353 0.0000
vt 0.4309 0.8062 0.0000
vt 0.3376 0.9749 0.0000
vt 0.3517 0.9556 0.0000
vt 0.3671 0.9652 0.0000
vt 0.3663 0.9761 0.0000
vt 0.6905 0.1107 0.0000
vt 0.6859 0.0848 0.0000
vt 0.7253 0.0855 0.0000
vt 0.9977 0.7919 0.0000
vt 0.9784 0.7869 0.0000
vt 0.9781 0.7603 0.0000
vt 0.9977 0.7533 0.0000
vt 0.9273 0.0302 0.0000
vt 0.9106 0.0061 0.0000
vt 0.1970 0.1750 0.0000
vt 0.1945 0.1635 0.0000
vt 0.1874 0.1871 0.0000
vt 0.1801 0.1680 0.0000
vt 0.1868 0.1700 0.0000
vt 0.1016 0.5904 0.0000
vt 0.1152 0.5957 0.0000
vt 0.1192 0.6044 0.0000
vt 0.5265 0.1748 0.0000
vt 0.5382 0.1747 0.0000
vt 0.3975 0.0090 0.0000
vt 0.3881 0.0084 0.0000
vt 0.3912 0.0061 0.0000
vt 0.3982 0.0066 0.0000
vt 0.6796 0.6297 0.0000
vt 0.6991 0.6294 0.0000
vt 0.7158 0.6194 0.0000
vt 0.7252 0.6023 0.0000
vt 0.7249 0.5828 0.0000
vt 0.4791 0.3236 0.0000
vt 0.4608 0.3224 0.0000
vt 0.4717 0.2983 0.0000
vt 0.4549 0.3021 0.0000
vt 0.7573 0.7169 0.0000
vt 0.7240 0.7113 0.0000
vt 0.7304 0.6938 0.0000
vt 0.7570 0.6984 0.0000
vt 0.7055 0.3655 0.0000
vt 0.6885 0.3681 0.0000
vt 0.7219 0.5495 0.0000
vt 0.7168 0.5117 0.0000
vt 0.9357 0.6803 0.0000
vt 0.9206 0.7148 0.0000
vt 0.8882 0.6951 0.0000
vt 0.9012 0.6652 0.0000
vt 0.9507 0.6458 0.0000
vt 0.9142 0.6353 0.0000
vt 0.7542 0.7507 0.0000
vt 0.7158 0.7442 0.0000
vt 0.6731 0.4331 0.0000
vt 0.7106 0.4381 0.0000
vt 0.9572 0.7252 0.0000
vt 0.9476 0.7471 0.0000
vt 0.9096 0.7400 0.0000
vt 0.9702 0.6953 0.0000
vt 0.9832 0.6654 0.0000
vt 0.8119 0.7923 0.0000
vt 0.8296 0.7636 0.0000
vt 0.8641 0.7818 0.0000
vt 0.8436 0.8149 0.0000
vt 0.6353 0.4381 0.0000
vt 0.2878 0.4656 0.0000
vt 0.3068 0.4612 0.0000
vt 0.3147 0.4939 0.0000
vt 0.2870 0.4932 0.0000
vt 0.2764 0.5204 0.0000
vt 0.2776 0.5009 0.0000
vt 0.3163 0.4961 0.0000
vt 0.3142 0.5298 0.0000
vt 0.7975 0.7521 0.0000
vt 0.8043 0.7365 0.0000
vt 0.8414 0.7365 0.0000
vt 0.7873 0.7687 0.0000
vt 0.7763 0.7818 0.0000
vt 0.7930 0.8149 0.0000
vt 0.4503 0.7688 0.0000
vt 0.4292 0.7469 0.0000
vt 0.4565 0.7170 0.0000
vt 0.4364 0.6634 0.0000
vt 0.1466 0.0294 0.0000
vt 0.2045 0.0005 0.0000
vt 0.2138 0.0196 0.0000
vt 0.4331 0.4849 0.0000
vt 0.4795 0.2598 0.0000
vt 0.1072 0.1353 0.0000
vt 0.1165 0.1353 0.0000
vt 0.1146 0.1410 0.0000
vt 0.0927 0.7084 0.0000
vt 0.0871 0.7154 0.0000
vt 0.0848 0.7103 0.0000
vt 0.0927 0.7175 0.0000
vt 0.4499 0.1702 0.0000
vt 0.4602 0.2232 0.0000
vt 0.9401 0.8074 0.0000
vt 0.9753 0.8081 0.0000
vt 0.9640 0.8611 0.0000
vt 0.9391 0.8606 0.0000
vt 0.9050 0.8068 0.0000
vt 0.9143 0.8602 0.0000
vt 0.5455 0.2742 0.0000
vt 0.5558 0.2292 0.0000
vt 0.4504 0.1278 0.0000
vt 0.9411 0.7542 0.0000
vt 0.9761 0.7620 0.0000
vt 0.9162 0.7537 0.0000
vt 0.5558 0.3273 0.0000
vt 0.4363 0.8364 0.0000
vt 0.4464 0.8396 0.0000
vt 0.0609 0.9796 0.0000
vt 0.0578 0.9683 0.0000
vt 0.0979 0.9664 0.0000
vt 0.0984 0.9778 0.0000
vt 0.1379 0.9645 0.0000
vt 0.1359 0.9760 0.0000
vt 0.7421 0.4389 0.0000
vt 0.7472 0.4278 0.0000
vt 0.7668 0.4348 0.0000
vt 0.7608 0.4455 0.0000
vt 0.8944 0.5232 0.0000
vt 0.8825 0.4603 0.0000
vt 0.0550 0.9085 0.0000
vt 0.0613 0.8430 0.0000
vt 0.0919 0.8415 0.0000
vt 0.0950 0.9066 0.0000
vt 0.1225 0.8400 0.0000
vt 0.1350 0.9047 0.0000
vt 0.8161 0.6296 0.0000
vt 0.7478 0.6227 0.0000
vt 0.7477 0.6095 0.0000
vt 0.8159 0.6078 0.0000
vt 0.6233 0.3352 0.0000
vt 0.6114 0.3858 0.0000
vt 0.8825 0.4380 0.0000
vt 0.8825 0.4111 0.0000
vt 0.0090 0.9698 0.0000
vt 0.0074 0.9372 0.0000
vt 0.0563 0.9356 0.0000
vt 0.8733 0.6315 0.0000
vt 0.8421 0.6305 0.0000
vt 0.8418 0.6076 0.0000
vt 0.8731 0.6073 0.0000
vt 0.7855 0.4154 0.0000
vt 0.0061 0.9101 0.0000
vt 0.8010 0.3994 0.0000
vt 0.6647 0.9467 0.0000
vt 0.6558 0.9369 0.0000
vt 0.6313 0.9741 0.0000
vt 0.6280 0.9596 0.0000
vt 0.5927 0.9785 0.0000
vt 0.5960 0.9633 0.0000
vt 0.5593 0.9588 0.0000
vt 0.5682 0.9469 0.0000
vt 0.5619 0.9344 0.0000
vt 0.5507 0.9417 0.0000
vt 0.5399 0.9202 0.0000
vt 0.5521 0.9148 0.0000
vt 0.8118 0.9694 0.0000
vt 0.8118 0.9796 0.0000
vt 0.8455 0.9694 0.0000
vt 0.8455 0.9796 0.0000
vt 0.2164 0.7473 0.0000
vt 0.2091 0.7402 0.0000
vt 0.2346 0.7137 0.0000
vt 0.2420 0.7208 0.0000
vt 0.2602 0.6872 0.0000
vt 0.2676 0.6943 0.0000
vt 0.2870 0.5997 0.0000
vt 0.2972 0.5997 0.0000
vt 0.2972 0.6185 0.0000
vt 0.2870 0.6185 0.0000
vt 0.7743 0.9505 0.0000
vt 0.7743 0.9462 0.0000
vt 0.8118 0.9462 0.0000
vt 0.8118 0.9505 0.0000
vt 0.8455 0.9462 0.0000
vt 0.8455 0.9505 0.0000
vt 0.1954 0.7270 0.0000
vt 0.1923 0.7241 0.0000
vt 0.2179 0.6976 0.0000
vt 0.2210 0.7005 0.0000
vt 0.2435 0.6711 0.0000
vt 0.2466 0.6741 0.0000
vt 0.3162 0.5998 0.0000
vt 0.3205 0.5998 0.0000
vt 0.3205 0.6185 0.0000
vt 0.3162 0.6185 0.0000
vt 0.8118 0.9391 0.0000
vt 0.8088 0.9121 0.0000
vt 0.8416 0.9004 0.0000
vt 0.8455 0.9391 0.0000
vt 0.3312 0.5998 0.0000
vt 0.3659 0.5999 0.0000
vt 0.3659 0.6223 0.0000
vt 0.3312 0.6185 0.0000
vt 0.0232 0.3319 0.0000
vt 0.0285 0.4259 0.0000
vt 0.0120 0.4245 0.0000
vt 0.0067 0.3305 0.0000
vt 0.0156 0.4837 0.0000
vt 0.0815 0.5670 0.0000
vt 0.0473 0.5647 0.0000
vt 0.0061 0.5126 0.0000
vt 0.6729 0.1989 0.0000
vt 0.6548 0.1386 0.0000
vt 0.6651 0.1360 0.0000
vt 0.6832 0.1963 0.0000
vt 0.6428 0.7564 0.0000
vt 0.6977 0.7777 0.0000
vt 0.7034 0.8068 0.0000
vt 0.6157 0.7727 0.0000
vt 0.6998 0.8230 0.0000
vt 0.6121 0.7889 0.0000
vt 0.4452 0.0516 0.0000
vt 0.3464 0.0329 0.0000
vt 0.3523 0.0202 0.0000
vt 0.4511 0.0389 0.0000
vt 0.3548 0.0033 0.0000
vt 0.4535 0.0220 0.0000
vt 0.0381 0.3274 0.0000
vt 0.0434 0.4213 0.0000
vt 0.5847 0.4486 0.0000
vt 0.5689 0.4444 0.0000
vt 0.5837 0.4387 0.0000
vt 0.5633 0.4525 0.0000
vt 0.5703 0.4583 0.0000
vt 0.5857 0.4585 0.0000
vt 0.6006 0.4528 0.0000
vt 0.6061 0.4447 0.0000
vt 0.5991 0.4389 0.0000
vt 0.5628 0.4728 0.0000
vt 0.5511 0.4631 0.0000
vt 0.5886 0.4731 0.0000
vt 0.6135 0.4636 0.0000
vt 0.6227 0.4500 0.0000
vt 0.0568 0.7089 0.0000
vt 0.0471 0.7379 0.0000
vt 0.0219 0.7301 0.0000
vt 0.0316 0.7011 0.0000
vt 0.5118 0.3186 0.0000
vt 0.5131 0.2921 0.0000
vt 0.5323 0.2931 0.0000
vt 0.5311 0.3196 0.0000
vt 0.0272 0.2116 0.0000
vt 0.0270 0.2374 0.0000
vt 0.0072 0.2307 0.0000
vt 0.0074 0.2049 0.0000
vt 0.6754 0.4302 0.0000
vt 0.6784 0.4015 0.0000
vt 0.7059 0.4033 0.0000
vt 0.7026 0.4342 0.0000
vt 0.2017 0.0482 0.0000
vt 0.1766 0.0566 0.0000
vt 0.1704 0.0384 0.0000
vt 0.1955 0.0299 0.0000
vt 0.4189 0.4269 0.0000
vt 0.3916 0.4320 0.0000
vt 0.3889 0.4130 0.0000
vt 0.4162 0.4079 0.0000
vt 0.3780 0.3932 0.0000
vt 0.4053 0.3881 0.0000
vt 0.0379 0.7653 0.0000
vt 0.0126 0.7575 0.0000
vt 0.5142 0.2670 0.0000
vt 0.5334 0.2680 0.0000
vt 0.0275 0.2650 0.0000
vt 0.0061 0.2577 0.0000
vt 0.1528 0.0647 0.0000
vt 0.1466 0.0464 0.0000
vt 0.3658 0.4368 0.0000
vt 0.3630 0.4178 0.0000
vt 0.3521 0.3981 0.0000
vt 0.5261 0.2509 0.0000
vt 0.5250 0.2531 0.0000
vt 0.5166 0.2527 0.0000
vt 0.5146 0.2504 0.0000
vt 0.5163 0.2649 0.0000
vt 0.5304 0.2656 0.0000
vt 0.5128 0.2514 0.0000
vt 0.5039 0.2467 0.0000
vt 0.5031 0.2443 0.0000
vt 0.4976 0.2563 0.0000
vt 0.4949 0.2568 0.0000
vt 0.5125 0.2642 0.0000
vt 0.3403 0.4075 0.0000
vt 0.3422 0.4081 0.0000
vt 0.3475 0.4177 0.0000
vt 0.3468 0.4193 0.0000
vt 0.3607 0.4165 0.0000
vt 0.3518 0.4004 0.0000
vt 0.3487 0.4207 0.0000
vt 0.3500 0.4297 0.0000
vt 0.3484 0.4306 0.0000
vt 0.3637 0.4345 0.0000
vt 0.3615 0.4196 0.0000
vt 0.9837 0.2897 0.0000
vt 0.9864 0.2672 0.0000
vt 0.9986 0.2687 0.0000
vt 0.9958 0.2912 0.0000
vt 0.1057 0.1967 0.0000
vt 0.1158 0.1801 0.0000
vt 0.1157 0.1916 0.0000
vt 0.1056 0.2082 0.0000
vt 0.0350 0.7661 0.0000
vt 0.0278 0.7873 0.0000
vt 0.0084 0.7813 0.0000
vt 0.0155 0.7601 0.0000
vt 0.7507 0.0744 0.0000
vt 0.7313 0.0805 0.0000
vt 0.7220 0.0741 0.0000
vt 0.7414 0.0680 0.0000
vt 0.1509 0.0817 0.0000
vt 0.1635 0.0894 0.0000
vt 0.1591 0.0966 0.0000
vt 0.1466 0.0889 0.0000
vt 0.0493 0.0966 0.0000
vt 0.0367 0.0876 0.0000
vt 0.0470 0.0846 0.0000
vt 0.0595 0.0935 0.0000
vt 0.5170 0.2502 0.0000
vt 0.5311 0.2509 0.0000
vt 0.1634 0.1356 0.0000
vt 0.1806 0.1355 0.0000
vt 0.1895 0.1462 0.0000
vt 0.1724 0.1463 0.0000
vt 0.9807 0.7160 0.0000
vt 0.9785 0.7051 0.0000
vt 0.9873 0.7029 0.0000
vt 0.9895 0.7139 0.0000
vt 0.0155 0.9839 0.0000
vt 0.0280 0.9838 0.0000
vt 0.0186 0.9955 0.0000
vt 0.0061 0.9956 0.0000
vt 0.3527 0.4366 0.0000
vt 0.3505 0.4216 0.0000
vt 0.2622 0.0078 0.0000
vt 0.2519 0.0107 0.0000
vt 0.2438 0.0038 0.0000
vt 0.2540 0.0010 0.0000
vt 0.1519 0.9052 0.0000
vt 0.1575 0.9230 0.0000
vt 0.1466 0.9228 0.0000
vt 0.1410 0.9050 0.0000
vt 0.1220 0.4038 0.0000
vt 0.1127 0.4190 0.0000
vt 0.1083 0.4090 0.0000
vt 0.1176 0.3938 0.0000
vt 0.3423 0.4199 0.0000
vt 0.3335 0.4039 0.0000
vt 0.1436 0.1080 0.0000
vt 0.1377 0.0912 0.0000
vt 0.1401 0.0792 0.0000
vt 0.1460 0.0960 0.0000
vt 0.9866 0.2658 0.0000
vt 0.9987 0.2672 0.0000
vt 0.1165 0.1791 0.0000
vt 0.1163 0.1906 0.0000
vt 0.0274 0.7886 0.0000
vt 0.0080 0.7826 0.0000
vt 0.7301 0.0809 0.0000
vt 0.7208 0.0745 0.0000
vt 0.1645 0.0900 0.0000
vt 0.1602 0.0972 0.0000
vt 0.0357 0.0869 0.0000
vt 0.0459 0.0838 0.0000
vt 0.5171 0.2490 0.0000
vt 0.5311 0.2497 0.0000
vt 0.1820 0.1355 0.0000
vt 0.1910 0.1462 0.0000
vt 0.9783 0.7038 0.0000
vt 0.9870 0.7017 0.0000
vt 0.0294 0.9838 0.0000
vt 0.0200 0.9955 0.0000
vt 0.3514 0.4368 0.0000
vt 0.3493 0.4219 0.0000
vt 0.2507 0.0110 0.0000
vt 0.2426 0.0041 0.0000
vt 0.1579 0.9242 0.0000
vt 0.1469 0.9240 0.0000
vt 0.1121 0.4200 0.0000
vt 0.1076 0.4100 0.0000
vt 0.3410 0.4201 0.0000
vt 0.3322 0.4041 0.0000
vt 0.1373 0.0900 0.0000
vt 0.1397 0.0781 0.0000
vt 0.9867 0.2646 0.0000
vt 0.9989 0.2660 0.0000
vt 0.1170 0.1782 0.0000
vt 0.1168 0.1897 0.0000
vt 0.0270 0.7898 0.0000
vt 0.0076 0.7838 0.0000
vt 0.7290 0.0812 0.0000
vt 0.7197 0.0748 0.0000
vt 0.1654 0.0906 0.0000
vt 0.1611 0.0978 0.0000
vt 0.0348 0.0862 0.0000
vt 0.0450 0.0832 0.0000
vt 0.5171 0.2480 0.0000
vt 0.5312 0.2486 0.0000
vt 0.1833 0.1355 0.0000
vt 0.1922 0.1461 0.0000
vt 0.9781 0.7027 0.0000
vt 0.9868 0.7006 0.0000
vt 0.0306 0.9838 0.0000
vt 0.0212 0.9955 0.0000
vt 0.3504 0.4370 0.0000
vt 0.3482 0.4221 0.0000
vt 0.2497 0.0113 0.0000
vt 0.2416 0.0044 0.0000
vt 0.1582 0.9253 0.0000
vt 0.1473 0.9251 0.0000
vt 0.1116 0.4209 0.0000
vt 0.1071 0.4109 0.0000
vt 0.3400 0.4203 0.0000
vt 0.3311 0.4043 0.0000
vt 0.1370 0.0890 0.0000
vt 0.1393 0.0771 0.0000
vt 0.1193 0.1632 0.0000
vt 0.1211 0.1747 0.0000
vt 0.1356 0.0736 0.0000
vt 0.1400 0.0621 0.0000
vt 0.1090 0.1627 0.0000
vt 0.1094 0.1616 0.0000
vt 0.1196 0.1621 0.0000
vt 0.1214 0.1736 0.0000
vt 0.9784 0.3494 0.0000
vt 0.9782 0.3482 0.0000
vt 0.9953 0.3498 0.0000
vt 0.9956 0.3510 0.0000
vt 0.7140 0.0819 0.0000
vt 0.7128 0.0821 0.0000
vt 0.7037 0.0739 0.0000
vt 0.7049 0.0738 0.0000
vt 0.1772 0.0925 0.0000
vt 0.1783 0.0929 0.0000
vt 0.1753 0.1007 0.0000
vt 0.1742 0.1004 0.0000
vt 0.0216 0.0822 0.0000
vt 0.0205 0.0817 0.0000
vt 0.0311 0.0770 0.0000
vt 0.0322 0.0775 0.0000
vt 0.5207 0.2349 0.0000
vt 0.5210 0.2338 0.0000
vt 0.5347 0.2369 0.0000
vt 0.5344 0.2381 0.0000
vt 0.1947 0.1354 0.0000
vt 0.1960 0.1353 0.0000
vt 0.2046 0.1460 0.0000
vt 0.2034 0.1460 0.0000
vt 0.9789 0.6893 0.0000
vt 0.9789 0.6881 0.0000
vt 0.9878 0.6877 0.0000
vt 0.9878 0.6889 0.0000
vt 0.0419 0.9837 0.0000
vt 0.0431 0.9837 0.0000
vt 0.0340 0.9953 0.0000
vt 0.0328 0.9954 0.0000
vt 0.3399 0.4406 0.0000
vt 0.3388 0.4410 0.0000
vt 0.3340 0.4268 0.0000
vt 0.3351 0.4264 0.0000
vt 0.2366 0.0128 0.0000
vt 0.2354 0.0129 0.0000
vt 0.2274 0.0042 0.0000
vt 0.2286 0.0041 0.0000
vt 0.1576 0.9406 0.0000
vt 0.1577 0.9417 0.0000
vt 0.1466 0.9409 0.0000
vt 0.1465 0.9397 0.0000
vt 0.1094 0.4350 0.0000
vt 0.1090 0.4361 0.0000
vt 0.1026 0.4258 0.0000
vt 0.1030 0.4247 0.0000
vt 0.3264 0.4263 0.0000
vt 0.3253 0.4268 0.0000
vt 0.3153 0.4111 0.0000
vt 0.3164 0.4106 0.0000
vt 0.1355 0.0724 0.0000
vt 0.1398 0.0610 0.0000
vt 0.1097 0.1607 0.0000
vt 0.1199 0.1612 0.0000
vt 0.1217 0.1727 0.0000
vt 0.9781 0.3473 0.0000
vt 0.9952 0.3489 0.0000
vt 0.7118 0.0822 0.0000
vt 0.7028 0.0740 0.0000
vt 0.1792 0.0932 0.0000
vt 0.1762 0.1011 0.0000
vt 0.0196 0.0813 0.0000
vt 0.0302 0.0766 0.0000
vt 0.5212 0.2329 0.0000
vt 0.5349 0.2360 0.0000
vt 0.1970 0.1353 0.0000
vt 0.2056 0.1460 0.0000
vt 0.9789 0.6872 0.0000
vt 0.9878 0.6867 0.0000
vt 0.0441 0.9837 0.0000
vt 0.0350 0.9953 0.0000
vt 0.3379 0.4414 0.0000
vt 0.3331 0.4272 0.0000
vt 0.2344 0.0129 0.0000
vt 0.2265 0.0042 0.0000
vt 0.1578 0.9427 0.0000
vt 0.1467 0.9419 0.0000
vt 0.1087 0.4370 0.0000
vt 0.1023 0.4267 0.0000
vt 0.3244 0.4272 0.0000
vt 0.3144 0.4115 0.0000
vt 0.1353 0.0715 0.0000
vt 0.1397 0.0600 0.0000
vt 0.1174 0.1421 0.0000
vt 0.1222 0.1521 0.0000
vt 0.1382 0.0530 0.0000
vt 0.1454 0.0438 0.0000
vt 0.0506 0.2348 0.0000
vt 0.0512 0.2361 0.0000
vt 0.0338 0.2354 0.0000
vt 0.0333 0.2340 0.0000
vt 0.6395 0.4087 0.0000
vt 0.6384 0.4076 0.0000
vt 0.6490 0.3964 0.0000
vt 0.6501 0.3975 0.0000
vt 0.9724 0.6073 0.0000
vt 0.9739 0.6076 0.0000
vt 0.9776 0.6246 0.0000
vt 0.9762 0.6242 0.0000
vt 0.4339 0.2085 0.0000
vt 0.4331 0.2072 0.0000
vt 0.4466 0.1998 0.0000
vt 0.4474 0.2011 0.0000
vt 0.0516 0.2374 0.0000
vt 0.0343 0.2366 0.0000
vt 0.6376 0.4065 0.0000
vt 0.6482 0.3953 0.0000
vt 0.9752 0.6078 0.0000
vt 0.9790 0.6248 0.0000
vt 0.4322 0.2061 0.0000
vt 0.4458 0.1987 0.0000
vt 0.0559 0.2568 0.0000
vt 0.0386 0.2560 0.0000
vt 0.6302 0.3881 0.0000
vt 0.6425 0.3899 0.0000
vt 0.9824 0.6096 0.0000
vt 0.9861 0.6266 0.0000
vt 0.4284 0.1992 0.0000
vt 0.4298 0.1869 0.0000
vt 0.0561 0.2579 0.0000
vt 0.0388 0.2571 0.0000
vt 0.6299 0.3870 0.0000
vt 0.6421 0.3888 0.0000
vt 0.9835 0.6097 0.0000
vt 0.9873 0.6266 0.0000
vt 0.4275 0.1986 0.0000
vt 0.4288 0.1863 0.0000
vt 0.0562 0.2588 0.0000
vt 0.0389 0.2580 0.0000
vt 0.6297 0.3861 0.0000
vt 0.6420 0.3879 0.0000
vt 0.9844 0.6096 0.0000
vt 0.9881 0.6266 0.0000
vt 0.4267 0.1982 0.0000
vt 0.4280 0.1859 0.0000
vt 0.0540 0.2687 0.0000
vt 0.0367 0.2679 0.0000
vt 0.4135 0.2001 0.0000
vt 0.4149 0.1878 0.0000
vt 0.7235 0.2029 0.0000
vt 0.7410 0.1915 0.0000
vt 0.7319 0.2097 0.0000
vt 0.7391 0.2090 0.0000
vt 0.1915 0.0792 0.0000
vt 0.2106 0.0795 0.0000
vt 0.1947 0.0904 0.0000
vt 0.4116 0.2005 0.0000
vt 0.3938 0.2075 0.0000
vt 0.4126 0.1913 0.0000
vt 0.0792 0.4764 0.0000
vt 0.0802 0.4668 0.0000
vt 0.0864 0.4762 0.0000
vt 0.0371 0.6596 0.0000
vt 0.0347 0.6688 0.0000
vt 0.0346 0.6527 0.0000
vt 0.9842 0.3241 0.0000
vt 0.9963 0.3095 0.0000
vt 0.9962 0.3265 0.0000
vt 0.1353 0.1085 0.0000
vt 0.1423 0.1257 0.0000
vt 0.1368 0.1175 0.0000
vt 0.9087 0.1233 0.0000
vt 0.8994 0.1205 0.0000
vt 0.9118 0.1185 0.0000
vt 0.5341 0.2119 0.0000
vt 0.5462 0.2084 0.0000
vt 0.5315 0.2185 0.0000
vt 0.5397 0.2235 0.0000
vt 0.9118 0.1313 0.0000
vt 0.1950 0.1072 0.0000
vt 0.2022 0.1175 0.0000
vt 0.1937 0.1133 0.0000
vt 0.1859 0.1175 0.0000
vt 0.3253 0.4458 0.0000
vt 0.3106 0.4529 0.0000
vt 0.3189 0.4377 0.0000
vt 0.5259 0.4192 0.0000
vt 0.5070 0.4181 0.0000
vt 0.5186 0.4132 0.0000
vt 0.9253 0.1432 0.0000
vt 0.9163 0.1361 0.0000
vt 0.9254 0.1353 0.0000
vt 0.6050 0.8449 0.0000
vt 0.5957 0.8428 0.0000
vt 0.6141 0.8429 0.0000
vt 0.3069 0.4377 0.0000
vt 0.2926 0.4457 0.0000
vt 0.2987 0.4275 0.0000
vt 0.6207 0.5999 0.0000
vt 0.6185 0.6172 0.0000
vt 0.6172 0.6072 0.0000
vt 0.6492 0.0061 0.0000
vt 0.6620 0.0141 0.0000
vt 0.6435 0.0968 0.0000
vt 0.6307 0.0887 0.0000
vt 0.3159 0.4694 0.0000
vt 0.3095 0.4552 0.0000
vt 0.3967 0.4389 0.0000
vt 0.4032 0.4531 0.0000
vt 0.6431 0.1078 0.0000
vt 0.6434 0.1016 0.0000
vt 0.6603 0.1026 0.0000
vt 0.6602 0.1071 0.0000
vt 0.4615 0.2428 0.0000
vt 0.4661 0.2424 0.0000
vt 0.4684 0.2595 0.0000
vt 0.4619 0.2601 0.0000
vt 0.3214 0.0177 0.0000
vt 0.3069 0.0198 0.0000
vt 0.3041 0.0029 0.0000
vt 0.3203 0.0005 0.0000
vt 0.3925 0.6134 0.0000
vt 0.3947 0.6303 0.0000
vt 0.3777 0.6316 0.0000
vt 0.3757 0.6165 0.0000
vt 0.1872 0.7192 0.0000
vt 0.2128 0.6927 0.0000
vt 0.2357 0.6636 0.0000
vt 0.4161 0.7711 0.0000
vt 0.3724 0.8006 0.0000
vt 0.3639 0.7976 0.0000
vt 0.4130 0.7681 0.0000
vt 0.3630 0.8937 0.0000
vt 0.3542 0.8958 0.0000
vt 0.3984 0.9568 0.0000
vt 0.3937 0.9591 0.0000
vt 0.4546 0.9831 0.0000
vt 0.4312 0.9492 0.0000
vt 0.3825 0.9678 0.0000
vt 0.4405 0.3210 0.0000
vt 0.4363 0.3064 0.0000
vt 0.7374 0.6747 0.0000
vt 0.7566 0.6779 0.0000
vt 0.6696 0.3709 0.0000
vt 0.7197 0.6866 0.0000
vt 0.1589 0.4976 0.0000
vt 0.1749 0.5121 0.0000
vt 0.1726 0.5145 0.0000
vt 0.1578 0.4987 0.0000
vt 0.3432 0.4866 0.0000
vt 0.3671 0.4797 0.0000
vt 0.3684 0.4938 0.0000
vt 0.3438 0.4929 0.0000
vt 0.3693 0.5073 0.0000
vt 0.3442 0.4988 0.0000
vt 0.5233 0.4766 0.0000
vt 0.5095 0.4965 0.0000
vt 0.5055 0.4943 0.0000
vt 0.5215 0.4756 0.0000
vt 0.1224 0.2908 0.0000
vt 0.1169 0.3210 0.0000
vt 0.1058 0.3154 0.0000
vt 0.1056 0.2823 0.0000
vt 0.0397 0.5585 0.0000
vt 0.0301 0.5918 0.0000
vt 0.0217 0.5913 0.0000
vt 0.0270 0.5577 0.0000
vt 0.0190 0.5925 0.0000
vt 0.0229 0.5596 0.0000
vt 0.2313 0.5066 0.0000
vt 0.2557 0.4837 0.0000
vt 0.2310 0.5087 0.0000
vt 0.1073 0.3556 0.0000
vt 0.0080 0.6252 0.0000
vt 0.0766 0.5059 0.0000
vt 0.0691 0.5409 0.0000
vt 0.0547 0.5186 0.0000
vt 0.2306 0.4838 0.0000
vt 0.6405 0.9036 0.0000
vt 0.6451 0.9023 0.0000
vt 0.6447 0.9321 0.0000
vt 0.6401 0.9333 0.0000
vt 0.9837 0.0952 0.0000
vt 0.9858 0.0920 0.0000
vt 0.9926 0.0998 0.0000
vt 0.9905 0.1029 0.0000
vt 0.0144 0.0617 0.0000
vt 0.0097 0.0611 0.0000
vt 0.0061 0.0342 0.0000
vt 0.0108 0.0348 0.0000
vt 0.6154 0.8477 0.0000
vt 0.6165 0.8441 0.0000
vt 0.6353 0.8443 0.0000
vt 0.6343 0.8479 0.0000
vt 0.4795 0.2551 0.0000
vt 0.7241 0.3043 0.0000
vt 0.7138 0.3407 0.0000
vt 0.7078 0.3406 0.0000
vt 0.6971 0.3039 0.0000
vt 0.6388 0.5779 0.0000
vt 0.6092 0.5782 0.0000
vt 0.6090 0.5726 0.0000
vt 0.6378 0.5529 0.0000
vt 0.4085 0.2103 0.0000
vt 0.4103 0.2152 0.0000
vt 0.4012 0.2137 0.0000
vt 0.3994 0.2089 0.0000
vt 0.9668 0.1974 0.0000
vt 0.9720 0.1971 0.0000
vt 0.9721 0.2026 0.0000
vt 0.9669 0.2029 0.0000
vt 0.9722 0.2082 0.0000
vt 0.9670 0.2085 0.0000
vt 0.0679 0.0454 0.0000
vt 0.0726 0.0461 0.0000
vt 0.0727 0.0518 0.0000
vt 0.0680 0.0511 0.0000
vt 0.4137 0.2028 0.0000
vt 0.4156 0.2076 0.0000
vt 0.1629 0.6461 0.0000
vt 0.1494 0.5330 0.0000
vt 0.1860 0.5286 0.0000
vt 0.1977 0.6273 0.0000
vt 0.2490 0.6122 0.0000
vt 0.2554 0.5361 0.0000
vt 0.2852 0.5388 0.0000
vt 0.2782 0.6216 0.0000
vt 0.4305 0.5399 0.0000
vt 0.4339 0.5348 0.0000
vt 0.4565 0.5341 0.0000
vt 0.4635 0.5419 0.0000
vt 0.4162 0.5099 0.0000
vt 0.4226 0.5111 0.0000
vt 0.4685 0.4837 0.0000
vt 0.4648 0.4891 0.0000
vt 0.4407 0.4919 0.0000
vt 0.4380 0.4873 0.0000
vt 0.4662 0.5296 0.0000
vt 0.4599 0.5254 0.0000
vt 0.4637 0.5158 0.0000
vt 0.4690 0.5165 0.0000
vt 0.3591 0.3136 0.0000
vt 0.3151 0.2610 0.0000
vt 0.3333 0.2458 0.0000
vt 0.3773 0.2984 0.0000
vt 0.5566 0.4724 0.0000
vt 0.6225 0.4913 0.0000
vt 0.6170 0.5105 0.0000
vt 0.5511 0.4916 0.0000
vt 0.7571 0.0823 0.0000
vt 0.8047 0.0330 0.0000
vt 0.8257 0.0533 0.0000
vt 0.7781 0.1026 0.0000
vt 0.7729 0.1281 0.0000
vt 0.8510 0.0472 0.0000
vt 0.8299 0.0269 0.0000
vt 0.6149 0.9080 0.0000
vt 0.6149 0.9333 0.0000
vt 0.5957 0.9293 0.0000
vt 0.5957 0.9041 0.0000
vt 0.2902 0.2532 0.0000
vt 0.3624 0.3393 0.0000
vt 0.8885 0.9103 0.0000
vt 0.9185 0.9416 0.0000
vt 0.8579 0.9312 0.0000
vt 0.8488 0.9564 0.0000
vt 0.8885 0.9739 0.0000
vt 0.4163 0.7506 0.0000
vt 0.4163 0.7629 0.0000
vt 0.4050 0.7538 0.0000
vt 0.3312 0.5848 0.0000
vt 0.3659 0.5886 0.0000
vt 0.3205 0.5848 0.0000
vt 0.3162 0.5848 0.0000
vt 0.2972 0.5848 0.0000
vt 0.2870 0.5848 0.0000
vt 0.8164 0.6548 0.0000
vt 0.7481 0.6454 0.0000
vt 0.8423 0.6546 0.0000
vt 0.8736 0.6542 0.0000
vt 0.7252 0.4329 0.0000
vt 0.7288 0.4213 0.0000
vt 0.0446 0.4698 0.0000
vt 0.0890 0.4572 0.0000
vt 0.0529 0.4850 0.0000
vt 0.9788 0.1823 0.0000
vt 0.9739 0.1942 0.0000
vt 0.9709 0.1828 0.0000
vt 0.0209 0.0511 0.0000
vt 0.0303 0.0581 0.0000
vt 0.0174 0.0584 0.0000
vt 0.9589 0.9687 0.0000
vt 0.9708 0.9755 0.0000
vt 0.9589 0.9791 0.0000
vt 0.0286 0.4938 0.0000
vt 0.0340 0.4837 0.0000
vt 0.0343 0.4959 0.0000
vt 0.0130 0.7419 0.0000
vt 0.0070 0.7526 0.0000
vt 0.0071 0.7403 0.0000
vt 0.2419 0.2071 0.0000
vt 0.2308 0.2008 0.0000
vt 0.2424 0.2009 0.0000
vt 0.1606 0.3801 0.0000
vt 0.1573 0.3913 0.0000
vt 0.1535 0.3791 0.0000
vt 0.9590 0.9075 0.0000
vt 0.9708 0.9114 0.0000
vt 0.9589 0.9177 0.0000
vt 0.2045 0.2421 0.0000
vt 0.1989 0.2536 0.0000
vt 0.1971 0.2421 0.0000
vt 0.9824 0.9506 0.0000
vt 0.9946 0.9525 0.0000
vt 0.9830 0.9563 0.0000
vt 0.7029 0.1971 0.0000
vt 0.6987 0.2086 0.0000
vt 0.6971 0.1971 0.0000
vt 0.0285 0.6130 0.0000
vt 0.0304 0.6016 0.0000
vt 0.0336 0.6138 0.0000
vt 0.5174 0.9978 0.0000
vt 0.5286 0.9785 0.0000
vt 0.5349 0.9781 0.0000
vt 0.5291 0.9969 0.0000
vt 0.5418 0.9786 0.0000
vt 0.5419 0.9980 0.0000
vt 0.4499 0.9689 0.0000
vt 0.4541 0.9500 0.0000
vt 0.4632 0.9524 0.0000
vt 0.4670 0.9734 0.0000
vt 0.8699 0.7451 0.0000
vt 0.8648 0.7661 0.0000
vt 0.8596 0.7647 0.0000
vt 0.8602 0.7424 0.0000
vt 0.3926 0.7046 0.0000
vt 0.3787 0.7067 0.0000
vt 0.3897 0.7011 0.0000
vt 0.5285 0.0684 0.0000
vt 0.5174 0.0623 0.0000
vt 0.5279 0.0635 0.0000
vt 0.1578 0.1561 0.0000
vt 0.1624 0.1466 0.0000
vt 0.1624 0.1610 0.0000
vt 0.0350 0.6504 0.0000
vt 0.0367 0.6365 0.0000
vt 0.0371 0.6521 0.0000
vt 0.9283 0.9234 0.0000
vt 0.9269 0.9455 0.0000
vt 0.9804 0.1803 0.0000
vt 0.9687 0.1812 0.0000
vt 0.3945 0.7072 0.0000
vt 0.3933 0.7098 0.0000
vt 0.3826 0.7134 0.0000
vt 0.3787 0.7126 0.0000
vt 0.9570 0.9657 0.0000
vt 0.9570 0.9811 0.0000
vt 0.8268 0.0227 0.0000
vt 0.8264 0.0088 0.0000
vt 0.8275 0.0061 0.0000
vt 0.8390 0.0062 0.0000
vt 0.0167 0.7317 0.0000
vt 0.0071 0.7347 0.0000
vt 0.2471 0.2094 0.0000
vt 0.2502 0.1894 0.0000
vt 0.1627 0.3785 0.0000
vt 0.1522 0.3771 0.0000
vt 0.9571 0.9055 0.0000
vt 0.9570 0.9205 0.0000
vt 0.3678 0.0825 0.0000
vt 0.3647 0.0845 0.0000
vt 0.3547 0.0846 0.0000
vt 0.3531 0.0826 0.0000
vt 0.9748 0.9515 0.0000
vt 0.9701 0.9603 0.0000
vt 0.9500 0.0543 0.0000
vt 0.9387 0.0470 0.0000
vt 0.9393 0.0444 0.0000
vt 0.9498 0.0342 0.0000
vt 0.0157 0.6203 0.0000
vt 0.0348 0.6214 0.0000
vt 0.3945 0.7054 0.0000
vt 0.3905 0.7005 0.0000
vt 0.3838 0.7011 0.0000
vt 0.3822 0.7006 0.0000
vt 0.3888 0.7053 0.0000
vt 0.3892 0.7065 0.0000
vt 0.5259 0.4121 0.0000
vt 0.5246 0.4126 0.0000
vt 0.5160 0.4126 0.0000
vt 0.5136 0.4121 0.0000
vt 0.0409 0.5626 0.0000
vt 0.0434 0.5623 0.0000
vt 0.0426 0.5704 0.0000
vt 0.0398 0.5742 0.0000
vt 0.9804 0.3268 0.0000
vt 0.9976 0.3304 0.0000
vt 0.9957 0.3192 0.0000
vt 0.9969 0.3198 0.0000
vt 0.1235 0.2733 0.0000
vt 0.1245 0.2735 0.0000
vt 0.1245 0.2794 0.0000
vt 0.1235 0.2817 0.0000
vt 0.5318 0.2109 0.0000
vt 0.5280 0.2203 0.0000
vt 0.5398 0.2275 0.0000
vt 0.0342 0.5904 0.0000
vt 0.0359 0.5934 0.0000
vt 0.0376 0.6013 0.0000
vt 0.0366 0.6018 0.0000
vt 0.4106 0.0516 0.0000
vt 0.4132 0.0511 0.0000
vt 0.4193 0.0524 0.0000
vt 0.4194 0.0535 0.0000
vt 0.1229 0.3440 0.0000
vt 0.1240 0.3445 0.0000
vt 0.1241 0.3525 0.0000
vt 0.1231 0.3556 0.0000
vt 0.3294 0.4458 0.0000
vt 0.3203 0.4341 0.0000
vt 0.3126 0.4406 0.0000
vt 0.3112 0.4382 0.0000
vt 0.6162 0.6043 0.0000
vt 0.6166 0.6068 0.0000
vt 0.6166 0.6157 0.0000
vt 0.6162 0.6172 0.0000
vt 0.3015 0.4416 0.0000
vt 0.3004 0.4407 0.0000
vt 0.3109 0.4373 0.0000
vt 0.2991 0.4227 0.0000
vt 0.2831 0.0578 0.0000
vt 0.2787 0.0600 0.0000
vt 0.2702 0.0592 0.0000
vt 0.2708 0.0567 0.0000
vt 0.0139 0.9810 0.0000
vt 0.0194 0.8442 0.0000
vt 0.0469 0.2381 0.0000
vt 0.0466 0.2644 0.0000
vt 0.6824 0.3713 0.0000
vt 0.7089 0.3741 0.0000
vt 0.1246 0.6360 0.0000
vt 0.1129 0.5373 0.0000
vt 0.7507 0.7615 0.0000
vt 0.7507 0.8259 0.0000
vt 0.7197 0.8303 0.0000
vt 0.7196 0.7533 0.0000
vt 0.1957 0.6761 0.0000
vt 0.1869 0.6709 0.0000
vt 0.2062 0.6363 0.0000
vt 0.2108 0.6395 0.0000
vt 0.9837 0.1475 0.0000
vt 0.9843 0.1321 0.0000
vt 0.9890 0.1356 0.0000
vt 0.9887 0.1512 0.0000
vt 0.2140 0.6381 0.0000
vt 0.2176 0.6329 0.0000
vt 0.2531 0.6512 0.0000
vt 0.2412 0.6529 0.0000
vt 0.2804 0.6819 0.0000
vt 0.2752 0.6949 0.0000
vt 0.8102 0.8830 0.0000
vt 0.8106 0.8700 0.0000
vt 0.8416 0.8862 0.0000
vt 0.1430 0.7093 0.0000
vt 0.1349 0.6971 0.0000
vt 0.1758 0.6662 0.0000
vt 0.2005 0.6352 0.0000
vt 0.9932 0.1386 0.0000
vt 0.9931 0.1544 0.0000
vt 0.2216 0.6292 0.0000
vt 0.2586 0.6427 0.0000
vt 0.2853 0.6658 0.0000
vt 0.8106 0.8550 0.0000
vt 0.8416 0.8695 0.0000
vt 0.1265 0.6818 0.0000
vt 0.1690 0.6580 0.0000
vt 0.1976 0.6305 0.0000
vt 0.9976 0.1418 0.0000
vt 0.9976 0.1576 0.0000
vt 0.2228 0.6227 0.0000
vt 0.2605 0.6323 0.0000
vt 0.2842 0.6484 0.0000
vt 0.8106 0.8432 0.0000
vt 0.8416 0.8561 0.0000
vt 0.1247 0.6645 0.0000
vt 0.7009 0.1189 0.0000
vt 0.7332 0.1426 0.0000
vt 0.7279 0.1639 0.0000
vt 0.6859 0.1372 0.0000
vt 0.7193 0.0962 0.0000
vt 0.7391 0.1141 0.0000
vt 0.4349 0.3353 0.0000
vt 0.4010 0.3567 0.0000
vt 0.3979 0.3332 0.0000
vt 0.4214 0.3158 0.0000
vt 0.4780 0.5061 0.0000
vt 0.5281 0.5090 0.0000
vt 0.5188 0.5309 0.0000
vt 0.4784 0.5351 0.0000
vt 0.4499 0.2646 0.0000
vt 0.4716 0.2730 0.0000
vt 0.4712 0.2944 0.0000
vt 0.4516 0.2907 0.0000
vt 0.0401 0.5939 0.0000
vt 0.0502 0.5920 0.0000
vt 0.0479 0.6334 0.0000
vt 0.0377 0.6346 0.0000
vt 0.7429 0.1207 0.0000
vt 0.7445 0.1468 0.0000
vt 0.3894 0.3600 0.0000
vt 0.3923 0.3390 0.0000
vt 0.0725 0.0340 0.0000
vt 0.0716 0.0401 0.0000
vt 0.0521 0.0352 0.0000
vt 0.0511 0.0286 0.0000
vt 0.0509 0.6481 0.0000
vt 0.0416 0.6484 0.0000
vt 0.7590 0.1413 0.0000
vt 0.7696 0.1673 0.0000
vt 0.7433 0.1752 0.0000
vt 0.7454 0.1191 0.0000
vt 0.3753 0.3535 0.0000
vt 0.3878 0.3363 0.0000
vt 0.3883 0.3869 0.0000
vt 0.3639 0.3775 0.0000
vt 0.9840 0.1690 0.0000
vt 0.9887 0.1690 0.0000
vt 0.9861 0.1885 0.0000
vt 0.9837 0.1885 0.0000
vt 0.0513 0.6609 0.0000
vt 0.0420 0.6734 0.0000
vt 0.0483 0.3102 0.0000
vt 0.0576 0.3099 0.0000
vt 0.0557 0.3255 0.0000
vt 0.0454 0.3258 0.0000
vt 0.3674 0.3466 0.0000
vt 0.3806 0.3242 0.0000
vt 0.3826 0.3318 0.0000
vt 0.9004 0.8034 0.0000
vt 0.8928 0.8035 0.0000
vt 0.8913 0.7818 0.0000
vt 0.8988 0.7836 0.0000
vt 0.7501 0.1155 0.0000
vt 0.7519 0.1078 0.0000
vt 0.7675 0.1350 0.0000
vt 0.0401 0.1747 0.0000
vt 0.0528 0.1750 0.0000
vt 0.0527 0.1798 0.0000
vt 0.0398 0.1819 0.0000
vt 0.2187 0.6167 0.0000
vt 0.8686 0.4182 0.0000
vt 0.8687 0.4411 0.0000
vt 0.8376 0.4255 0.0000
vt 0.8376 0.4050 0.0000
vt 0.7810 0.1589 0.0000
vt 0.0511 0.6848 0.0000
vt 0.0418 0.6841 0.0000
vt 0.3538 0.3689 0.0000
vt 0.9941 0.1690 0.0000
vt 0.9909 0.1885 0.0000
vt 0.0562 0.4065 0.0000
vt 0.0466 0.4084 0.0000
vt 0.2862 0.2458 0.0000
vt 0.2992 0.2295 0.0000
vt 0.3085 0.2380 0.0000
vt 0.5968 0.8942 0.0000
vt 0.6137 0.8969 0.0000
vt 0.8410 0.0189 0.0000
vt 0.8555 0.0401 0.0000
vt 0.6983 0.0517 0.0000
vt 0.7030 0.0594 0.0000
vt 0.6957 0.0631 0.0000
vt 0.6913 0.0561 0.0000
vt 0.2790 0.2402 0.0000
vt 0.2900 0.2245 0.0000
vt 0.5974 0.8847 0.0000
vt 0.6130 0.8870 0.0000
vt 0.8509 0.0147 0.0000
vt 0.8631 0.0350 0.0000
vt 0.1353 0.3866 0.0000
vt 0.1373 0.3789 0.0000
vt 0.1406 0.3791 0.0000
vt 0.1394 0.3871 0.0000
vt 0.2702 0.2351 0.0000
vt 0.2759 0.2163 0.0000
vt 0.5973 0.8701 0.0000
vt 0.6131 0.8711 0.0000
vt 0.8669 0.0069 0.0000
vt 0.8721 0.0306 0.0000
vt 0.8675 0.8009 0.0000
vt 0.8657 0.7814 0.0000
vt 0.1453 0.3795 0.0000
vt 0.1455 0.3861 0.0000
vt 0.2561 0.2339 0.0000
vt 0.2526 0.2140 0.0000
vt 0.5986 0.8467 0.0000
vt 0.6116 0.8455 0.0000
vt 0.8924 0.0061 0.0000
vt 0.8863 0.0303 0.0000
vt 0.1451 0.3730 0.0000
vt 0.1417 0.3713 0.0000
vt 0.1392 0.3713 0.0000
vt 0.7001 0.0700 0.0000
vt 0.7076 0.0670 0.0000
vt 0.7112 0.0670 0.0000
vt 0.7066 0.0581 0.0000
vt 0.8063 0.0061 0.0000
vt 0.8102 0.0146 0.0000
vt 0.0661 0.3095 0.0000
vt 0.0653 0.3252 0.0000
vt 0.0596 0.6855 0.0000
vt 0.0596 0.6741 0.0000
vt 0.0593 0.6478 0.0000
vt 0.0574 0.6324 0.0000
vt 0.0593 0.5904 0.0000
vt 0.0641 0.1779 0.0000
vt 0.0642 0.1754 0.0000
vt 0.9975 0.1277 0.0000
vt 0.9932 0.1246 0.0000
vt 0.9893 0.1217 0.0000
vt 0.9848 0.1185 0.0000
vt 0.1684 0.3095 0.0000
vt 0.1747 0.2792 0.0000
vt 0.7863 0.6971 0.0000
vt 0.8865 0.7149 0.0000
vt 0.8760 0.7357 0.0000
vt 0.7814 0.7079 0.0000
vt 0.1819 0.3537 0.0000
vt 0.1734 0.3638 0.0000
vt 0.1555 0.3490 0.0000
vt 0.9288 0.9050 0.0000
vt 0.8571 0.5471 0.0000
vt 0.8690 0.5455 0.0000
vt 0.8736 0.5668 0.0000
vt 0.8582 0.5660 0.0000
vt 0.2311 0.5342 0.0000
vt 0.6396 0.9164 0.0000
vt 0.6268 0.9253 0.0000
vt 0.6271 0.8525 0.0000
vt 0.6396 0.8484 0.0000
vt 0.4028 0.3765 0.0000
vt 0.7891 0.1431 0.0000
vt 0.3472 0.3529 0.0000
vt 0.8682 0.0638 0.0000
vt 0.2762 0.2651 0.0000
vt 0.8693 0.0605 0.0000
vt 0.0562 0.4104 0.0000
vt 0.0477 0.4128 0.0000
vt 0.7021 0.0493 0.0000
vt 0.6859 0.0366 0.0000
vt 0.6922 0.0308 0.0000
vt 0.8746 0.0544 0.0000
vt 0.2747 0.2605 0.0000
vt 0.2693 0.2543 0.0000
vt 0.8771 0.0530 0.0000
vt 0.2654 0.2519 0.0000
vt 0.8944 0.6334 0.0000
vt 0.0829 0.7540 0.0000
vt 0.0639 0.7421 0.0000
vt 0.1088 0.7702 0.0000
vt 0.1348 0.7864 0.0000
vt 0.5792 0.1107 0.0000
vt 0.6184 0.1107 0.0000
vt 0.6231 0.1210 0.0000
vt 0.5792 0.1279 0.0000
vt 0.6997 0.2573 0.0000
vt 0.6909 0.2488 0.0000
vt 0.7043 0.2387 0.0000
vt 0.7113 0.2453 0.0000
vt 0.5886 0.7534 0.0000
vt 0.5982 0.7533 0.0000
vt 0.5955 0.7677 0.0000
vt 0.5886 0.7679 0.0000
vt 0.5945 0.7844 0.0000
vt 0.5886 0.7847 0.0000
vt 0.4670 0.0621 0.0000
vt 0.4628 0.0580 0.0000
vt 0.4712 0.0463 0.0000
vt 0.4763 0.0511 0.0000
vt 0.4799 0.0319 0.0000
vt 0.4872 0.0381 0.0000
vt 0.0432 0.2910 0.0000
vt 0.0401 0.3001 0.0000
vt 0.0258 0.2982 0.0000
vt 0.0296 0.2866 0.0000
vt 0.0095 0.2941 0.0000
vt 0.0135 0.2814 0.0000
vt 0.6896 0.2677 0.0000
vt 0.6801 0.2584 0.0000
vt 0.6842 0.2392 0.0000
vt 0.6991 0.2314 0.0000
vt 0.6070 0.7545 0.0000
vt 0.6016 0.7685 0.0000
vt 0.5994 0.7850 0.0000
vt 0.4585 0.0555 0.0000
vt 0.4659 0.0433 0.0000
vt 0.4721 0.0275 0.0000
vt 0.0385 0.3088 0.0000
vt 0.0237 0.3096 0.0000
vt 0.0072 0.3066 0.0000
vt 0.6727 0.2478 0.0000
vt 0.6784 0.2280 0.0000
vt 0.6944 0.2225 0.0000
vt 0.6166 0.7567 0.0000
vt 0.6088 0.7700 0.0000
vt 0.6056 0.7863 0.0000
vt 0.4525 0.0530 0.0000
vt 0.4590 0.0404 0.0000
vt 0.4628 0.0237 0.0000
vt 0.0376 0.3186 0.0000
vt 0.0227 0.3219 0.0000
vt 0.0061 0.3199 0.0000
vt 0.6664 0.2356 0.0000
vt 0.6631 0.2248 0.0000
vt 0.0282 0.4383 0.0000
vt 0.0118 0.4338 0.0000
vt 0.0875 0.5760 0.0000
vt 0.0722 0.5833 0.0000
vt 0.6445 0.1147 0.0000
vt 0.6613 0.1119 0.0000
vt 0.7172 0.7955 0.0000
vt 0.7094 0.8088 0.0000
vt 0.7087 0.8257 0.0000
vt 0.3360 0.0314 0.0000
vt 0.3385 0.0183 0.0000
vt 0.3395 0.0011 0.0000
vt 0.0431 0.4349 0.0000
vt 0.0250 0.4514 0.0000
vt 0.0098 0.4432 0.0000
vt 0.6316 0.1183 0.0000
vt 0.6297 0.1064 0.0000
vt 0.4571 0.2421 0.0000
vt 0.4556 0.2593 0.0000
vt 0.7152 0.8099 0.0000
vt 0.7183 0.8267 0.0000
vt 0.3240 0.0308 0.0000
vt 0.3877 0.5960 0.0000
vt 0.3713 0.6010 0.0000
vt 0.4218 0.4452 0.0000
vt 0.4112 0.4502 0.0000
vt 0.4024 0.4366 0.0000
vt 0.4100 0.4331 0.0000
vt 0.6302 0.0960 0.0000
vt 0.0251 0.0998 0.0000
vt 0.0238 0.1046 0.0000
vt 0.0089 0.0984 0.0000
vt 0.0111 0.0904 0.0000
vt 0.3137 0.0324 0.0000
vt 0.6603 0.0988 0.0000
vt 0.4700 0.2422 0.0000
vt 0.4733 0.2592 0.0000
vt 0.0227 0.1082 0.0000
vt 0.0076 0.1045 0.0000
vt 0.3065 0.0337 0.0000
vt 0.2973 0.0218 0.0000
vt 0.2935 0.0051 0.0000
vt 0.4130 0.4665 0.0000
vt 0.4040 0.4697 0.0000
vt 0.9840 0.0623 0.0000
vt 0.9962 0.0766 0.0000
vt 0.0762 0.4724 0.0000
vt 0.0454 0.4946 0.0000
vt 0.4931 0.4672 0.0000
vt 0.5135 0.4612 0.0000
vt 0.1657 0.4848 0.0000
vt 0.1849 0.4887 0.0000
vt 0.1070 0.1771 0.0000
vt 0.9805 0.3648 0.0000
vt 0.9973 0.3654 0.0000
vt 0.1581 0.0792 0.0000
vt 0.1686 0.0824 0.0000
vt 0.9958 0.7004 0.0000
vt 0.9964 0.7114 0.0000
vt 0.1069 0.1428 0.0000
vt 0.6934 0.0786 0.0000
vt 0.6859 0.0679 0.0000
vt 0.1901 0.0914 0.0000
vt 0.1897 0.0997 0.0000
vt 0.0061 0.0810 0.0000
vt 0.0160 0.0735 0.0000
vt 0.1706 0.0831 0.0000
vt 0.1804 0.0838 0.0000
vt 0.9829 0.6747 0.0000
vt 0.9914 0.6771 0.0000
vt 0.9967 0.6887 0.0000
vt 0.9958 0.6982 0.0000
vt 0.2204 0.0119 0.0000
vt 0.2140 0.0005 0.0000
vt 0.1524 0.9590 0.0000
vt 0.1414 0.9568 0.0000
vt 0.1111 0.4529 0.0000
vt 0.1016 0.4434 0.0000
vt 0.0472 0.2103 0.0000
vt 0.6536 0.4279 0.0000
vt 0.6566 0.3993 0.0000
vt 0.4451 0.2319 0.0000
vt 0.4395 0.2285 0.0000
vt 0.4387 0.2140 0.0000
vt 0.4467 0.2153 0.0000
vt 0.5411 0.2942 0.0000
vt 0.5466 0.3086 0.0000
vt 0.2139 0.0659 0.0000
vt 0.2308 0.0661 0.0000
vt 0.2323 0.0740 0.0000
vt 0.2058 0.0764 0.0000
vt 0.2036 0.0567 0.0000
vt 0.1915 0.0683 0.0000
vt 0.0219 0.1970 0.0000
vt 0.0385 0.1949 0.0000
vt 0.0069 0.1932 0.0000
vt 0.2170 0.0487 0.0000
vt 0.2263 0.0606 0.0000
vt 0.2165 0.0644 0.0000
vt 0.2132 0.0322 0.0000
vt 0.3793 0.7370 0.0000
vt 0.3965 0.7368 0.0000
vt 0.4021 0.7517 0.0000
vt 0.3831 0.7508 0.0000
vt 0.2444 0.0573 0.0000
vt 0.2554 0.0625 0.0000
vt 0.1187 0.9326 0.0000
vt 0.1363 0.9318 0.0000
vt 0.1130 0.9487 0.0000
vt 0.1114 0.9169 0.0000
vt 0.0739 0.9347 0.0000
vt 0.0797 0.9184 0.0000
vt 0.0812 0.9502 0.0000
vt 0.5031 0.8677 0.0000
vt 0.4855 0.8052 0.0000
vt 0.5115 0.8540 0.0000
vt 0.5164 0.7927 0.0000
vt 0.5229 0.8489 0.0000
vt 0.5472 0.8052 0.0000
vt 0.5343 0.8540 0.0000
vt 0.0353 0.4530 0.0000
vt 0.0828 0.4445 0.0000
vt 0.7583 0.4886 0.0000
vt 0.5530 0.7758 0.0000
vt 0.5530 0.7929 0.0000
vt 0.5342 0.7930 0.0000
vt 0.5342 0.7779 0.0000
vt 0.7745 0.7533 0.0000
vt 0.7702 0.7691 0.0000
vt 0.8168 0.5316 0.0000
vt 0.7766 0.5319 0.0000
vt 0.7885 0.5174 0.0000
vt 0.8180 0.5177 0.0000
vt 0.8155 0.5454 0.0000
vt 0.7646 0.5464 0.0000
vt 0.2308 0.5185 0.0000
vt 0.2718 0.4837 0.0000
vt 0.2420 0.5309 0.0000
vt 0.7277 0.5203 0.0000
vt 0.7091 0.5610 0.0000
vt 0.9824 0.7362 0.0000
vt 0.4663 0.1016 0.0000
vt 0.0974 0.9561 0.0000
vt 0.5814 0.7873 0.0000
vt 0.5679 0.7543 0.0000
vt 0.4686 0.0226 0.0000
vt 0.4387 0.0069 0.0000
vt 0.4810 0.0061 0.0000
vt 0.4835 0.0142 0.0000
vt 0.6789 0.0162 0.0000
vt 0.0393 0.1061 0.0000
vt 0.3167 0.4860 0.0000
vt 0.6348 0.3739 0.0000
vt 0.6443 0.3761 0.0000
vt 0.9944 0.6073 0.0000
vt 0.9975 0.6227 0.0000
vt 0.4284 0.7856 0.0000
vt 0.4211 0.8318 0.0000
vt 0.3398 0.7941 0.0000
vt 0.4066 0.7646 0.0000
vt 0.4208 0.8944 0.0000
vt 0.3320 0.9056 0.0000
vt 0.0249 0.4801 0.0000
vt 0.0257 0.4708 0.0000
vt 0.0272 0.4708 0.0000
vt 0.0438 0.4800 0.0000
vt 0.0819 0.5986 0.0000
vt 0.0623 0.6027 0.0000
vt 0.0627 0.5954 0.0000
vt 0.0778 0.5848 0.0000
vt 0.3369 0.0342 0.0000
vt 0.3544 0.0393 0.0000
vt 0.3561 0.0442 0.0000
vt 0.3264 0.0444 0.0000
vt 0.1174 0.1216 0.0000
vt 0.0895 0.1250 0.0000
vt 0.0876 0.1245 0.0000
vt 0.0848 0.1129 0.0000
vt 0.6971 0.6948 0.0000
vt 0.7057 0.6817 0.0000
vt 0.0061 0.4803 0.0000
vt 0.0118 0.4668 0.0000
vt 0.2038 0.5209 0.0000
vt 0.2021 0.5232 0.0000
vt 0.4047 0.4780 0.0000
vt 0.4173 0.4900 0.0000
vt 0.4158 0.5039 0.0000
vt 0.0085 0.5230 0.0000
vt 0.0061 0.5267 0.0000
vt 0.4724 0.5028 0.0000
vt 0.4745 0.4656 0.0000
vt 0.2058 0.4888 0.0000
vt 0.4724 0.5372 0.0000
vt 0.4783 0.5391 0.0000
vt 0.4970 0.5685 0.0000
vt 0.4727 0.5709 0.0000
vt 0.5072 0.5697 0.0000
vt 0.5116 0.5732 0.0000
vt 0.4967 0.5428 0.0000
vt 0.5113 0.5342 0.0000
vt 0.3264 0.5224 0.0000
vt 0.3404 0.5061 0.0000
vt 0.7972 0.8980 0.0000
vt 0.4387 0.7808 0.0000
vt 0.8806 0.0531 0.0000
vt 0.2593 0.2515 0.0000
vt 0.9685 0.1118 0.0000
vt 0.9521 0.1550 0.0000
vt 0.7512 0.5542 0.0000
vt 0.8534 0.5824 0.0000
vt 0.7477 0.5605 0.0000
vt 0.7546 0.5481 0.0000
vt 0.0646 0.4079 0.0000
vt 0.0658 0.4046 0.0000
vt 0.6154 0.8563 0.0000
vt 0.6154 0.9333 0.0000
vt 0.6312 0.1387 0.0000
vt 0.5792 0.1387 0.0000
vt 0.9792 0.1516 0.0000
vt 0.9586 0.1666 0.0000
vt 0.9278 0.9623 0.0000
vt 0.9283 0.9813 0.0000
vt 0.8638 0.5858 0.0000
vt 0.1227 0.7140 0.0000
vt 0.1372 0.7242 0.0000
vt 0.1364 0.7361 0.0000
vt 0.1072 0.7353 0.0000
vt 0.7293 0.3941 0.0000
vt 0.7562 0.3938 0.0000
vt 0.7632 0.4129 0.0000
vt 0.7252 0.4131 0.0000
vt 0.2533 0.7599 0.0000
vt 0.2923 0.7589 0.0000
vt 0.2574 0.7834 0.0000
vt 0.2959 0.2098 0.0000
vt 0.2773 0.1859 0.0000
vt 0.5513 0.8274 0.0000
vt 0.5511 0.7987 0.0000
vt 0.5620 0.7983 0.0000
vt 0.5711 0.8140 0.0000
vt 0.5245 0.8601 0.0000
vt 0.5299 0.8982 0.0000
vt 0.5094 0.8940 0.0000
vt 0.5061 0.8677 0.0000
vt 0.0061 0.6461 0.0000
vt 0.0256 0.6693 0.0000
vt 0.9515 0.0666 0.0000
vt 0.9482 0.0780 0.0000
vt 0.9569 0.0907 0.0000
vt 0.9588 0.0737 0.0000
vt 0.9656 0.0722 0.0000
vt 0.7196 0.2035 0.0000
vt 0.7309 0.2126 0.0000
vt 0.7405 0.2116 0.0000
vt 0.9966 0.6092 0.0000
vt 0.9989 0.6207 0.0000
vt 0.0287 0.6639 0.0000
vt 0.0311 0.6634 0.0000
vt 0.0311 0.6704 0.0000
vt 0.0286 0.6733 0.0000
vt 0.0137 0.8425 0.0000
vt 0.0061 0.8039 0.0000
vt 0.0324 0.8039 0.0000
vt 0.9905 0.7983 0.0000
vt 0.9963 0.8368 0.0000
vt 0.9724 0.8368 0.0000
vt 0.0061 0.6859 0.0000
vt 0.0277 0.6911 0.0000
# 3001 texture coords

o So_WereWolf
g So_WereWolf
usemtl wire_135110008
s off
f 1/1/1 2/2/2 3/3/3 
f 1/1/1 3/3/3 4/4/4 
f 1/1/1 4/4/4 5/5/5 
f 1/1/1 5/5/5 6/6/6 
f 1/1/1 6/6/6 7/7/7 
f 1/1/1 7/7/7 8/8/8 
f 9/9/9 10/10/10 11/11/11 12/12/12 
f 13/13/13 14/14/14 10/10/10 9/9/9 
f 15/15/15 16/16/16 17/17/17 18/18/18 
f 19/19/19 20/20/20 16/16/16 15/15/15 
f 21/21/21 9/22/9 12/23/12 22/24/22 
f 23/25/23 24/26/24 13/27/13 25/28/25 
f 26/29/26 18/30/18 24/26/24 23/25/23 
f 27/31/27 15/15/15 18/18/18 26/32/26 
f 28/33/28 19/34/19 15/35/15 27/36/27 
f 29/37/29 25/28/25 21/38/21 30/39/30 
f 31/40/31 23/25/23 25/28/25 29/37/29 
f 32/41/32 26/29/26 23/25/23 31/40/31 
f 33/42/33 27/43/27 26/44/26 32/45/32 
f 34/46/34 28/33/28 27/36/27 33/47/33 
f 35/48/35 29/49/29 30/50/30 36/51/36 
f 37/52/37 31/53/31 29/54/29 35/55/35 
f 38/56/38 32/45/32 31/57/31 37/58/37 
f 39/59/39 33/42/33 32/45/32 38/56/38 
f 40/60/40 34/61/34 33/42/33 39/59/39 
f 41/62/41 42/63/42 43/64/43 
f 41/62/41 44/65/44 42/63/42 
f 41/62/41 45/66/45 44/65/44 
f 41/62/41 46/67/46 45/66/45 
f 41/68/41 47/69/47 46/70/46 
f 41/71/41 48/72/48 47/73/47 
f 49/74/49 50/75/50 51/76/51 
f 49/77/49 51/78/51 52/79/52 
f 49/80/49 52/81/52 53/82/53 
f 49/80/49 53/82/53 54/83/54 
f 55/84/55 56/85/56 57/86/57 58/87/58 
f 59/88/59 60/89/60 56/90/56 55/91/55 
f 61/92/61 62/93/62 60/89/60 59/88/59 
f 63/94/63 64/95/64 62/96/62 61/97/61 
f 65/98/65 55/84/55 58/87/58 66/99/66 
f 67/100/67 59/88/59 55/91/55 65/101/65 
f 68/102/68 61/92/61 59/88/59 67/100/67 
f 69/103/69 63/94/63 61/97/61 68/104/68 
f 70/105/70 71/106/71 72/107/72 73/108/73 
f 74/109/74 75/110/75 76/111/76 77/112/77 
f 75/110/75 78/113/78 79/114/79 76/111/76 
f 80/115/80 81/116/81 82/117/82 83/118/83 
f 81/116/81 84/119/84 85/120/85 82/117/82 
f 86/121/86 87/122/87 88/123/88 89/124/89 
f 90/125/90 91/126/91 92/127/92 93/128/93 
f 91/126/91 94/129/94 95/130/95 92/127/92 
f 96/131/96 97/132/97 98/133/98 99/134/99 
f 97/135/97 100/136/100 101/137/101 98/138/98 
f 73/139/73 72/140/72 102/141/102 103/142/103 
f 72/143/72 77/112/77 104/144/104 102/145/102 
f 83/146/83 82/147/82 105/148/105 106/149/106 
f 82/117/82 85/120/85 107/150/107 105/151/105 
f 103/142/103 102/141/102 87/122/87 86/121/86 
f 102/145/102 104/144/104 90/125/90 87/152/87 
f 106/149/106 105/148/105 97/132/97 96/131/96 
f 105/151/105 107/150/107 100/153/100 97/154/97 
f 108/155/108 109/156/109 110/157/110 111/158/111 
f 109/156/109 112/159/112 113/160/113 110/157/110 
f 112/159/112 114/161/114 115/162/115 113/160/113 
f 114/161/114 116/163/116 117/164/117 115/162/115 
f 118/165/118 119/166/119 120/167/120 121/168/121 
f 119/166/119 122/169/122 123/170/123 120/167/120 
f 111/171/111 110/172/110 124/173/124 125/174/125 
f 110/172/110 113/175/113 126/176/126 124/173/124 
f 113/177/113 115/178/115 127/179/127 126/180/126 
f 115/178/115 117/181/117 128/182/128 127/179/127 
f 121/183/121 120/184/120 129/185/129 130/186/130 
f 120/184/120 123/187/123 131/188/131 129/185/129 
f 132/189/132 133/190/133 134/191/133 135/192/134 
f 133/190/133 136/193/126 137/194/126 134/191/133 
f 136/195/126 138/196/127 139/197/23 137/198/126 
f 138/196/127 140/199/128 141/200/128 139/197/23 
f 142/201/135 143/202/136 144/203/136 145/204/135 
f 143/202/136 146/205/131 147/206/131 144/203/136 
f 148/207/137 149/208/138 150/209/139 151/210/140 
f 152/211/141 153/212/142 154/213/143 155/214/144 
f 156/215/145 157/216/146 158/217/147 159/218/148 
f 157/219/146 160/220/149 161/221/150 158/222/147 
f 160/223/149 162/224/151 163/225/152 161/226/150 
f 162/227/151 164/228/153 165/229/154 163/230/152 
f 164/228/153 166/231/155 167/232/156 165/229/154 
f 166/233/155 168/234/157 169/235/158 167/236/156 
f 168/234/157 170/237/159 171/238/160 169/235/158 
f 170/239/159 156/215/145 159/218/148 171/240/160 
f 172/241/161 173/242/162 174/243/163 
f 172/241/161 174/243/163 175/244/164 
f 172/241/161 175/244/164 176/245/165 
f 172/241/161 176/245/165 177/246/166 
f 172/241/161 177/246/166 178/247/167 
f 172/241/161 178/247/167 179/248/168 
f 172/241/161 179/248/168 180/249/169 
f 172/241/161 180/249/169 173/242/162 
f 175/244/164 181/250/170 182/251/171 176/245/165 
f 176/245/165 182/251/171 183/252/172 177/246/166 
f 177/246/166 183/252/172 184/253/173 178/247/167 
f 178/247/167 184/253/173 185/254/174 179/248/168 
f 186/255/175 187/256/176 188/257/177 189/258/178 
f 187/259/176 190/260/179 191/261/180 188/262/177 
f 192/263/181 193/264/182 194/265/183 195/266/184 
f 193/267/182 196/268/185 197/269/186 194/270/183 
f 196/271/185 198/272/187 199/273/188 197/274/186 
f 198/275/187 200/276/189 201/277/190 199/278/188 
f 200/276/189 186/279/175 189/280/178 201/277/190 
f 189/258/178 188/257/177 202/281/191 203/282/192 
f 188/262/177 191/261/180 181/283/170 202/284/191 
f 195/266/184 194/265/183 183/285/172 182/286/171 
f 197/274/186 199/273/188 185/287/174 184/288/173 
f 199/278/188 201/277/190 204/289/193 185/290/174 
f 201/277/190 189/280/178 203/291/192 204/289/193 
f 175/292/164 174/293/163 205/294/194 206/295/195 
f 174/293/163 202/284/191 207/296/196 205/294/194 
f 202/284/191 181/283/170 208/297/197 207/296/196 
f 181/283/170 175/292/164 206/295/195 208/297/197 
f 174/293/163 173/298/162 209/299/198 210/300/199 
f 173/298/162 203/301/192 211/302/200 209/299/198 
f 203/301/192 202/284/191 212/303/201 211/302/200 
f 202/284/191 174/293/163 210/300/199 212/303/201 
f 173/304/162 180/305/169 213/306/202 214/307/203 
f 180/305/169 204/289/193 215/308/204 213/306/202 
f 204/289/193 203/291/192 216/309/205 215/308/204 
f 203/291/192 173/304/162 214/307/203 216/309/205 
f 180/305/169 179/310/168 217/311/206 218/312/207 
f 179/310/168 185/290/174 219/313/208 217/311/206 
f 185/290/174 204/289/193 220/314/209 219/313/208 
f 204/289/193 180/305/169 218/312/207 220/314/209 
f 210/315/199 209/316/198 221/317/210 222/318/211 
f 209/319/198 211/320/200 223/321/212 221/322/210 
f 211/323/200 212/324/201 224/325/213 223/326/212 
f 212/327/201 210/328/199 222/329/211 224/330/213 
f 206/331/195 205/332/194 225/333/214 226/334/215 
f 205/335/194 207/336/196 227/337/216 225/338/214 
f 207/296/196 208/297/197 228/339/217 227/340/216 
f 208/341/197 206/342/195 226/343/215 228/344/217 
f 218/345/207 217/346/206 229/347/218 230/348/219 
f 217/349/206 219/350/208 231/351/220 229/352/218 
f 219/313/208 220/314/209 232/353/221 231/354/220 
f 220/355/209 218/356/207 230/357/219 232/358/221 
f 214/359/203 213/360/202 233/361/222 234/362/223 
f 213/363/202 215/364/204 235/365/224 233/366/222 
f 215/308/204 216/309/205 236/367/225 235/368/224 
f 216/369/205 214/370/203 234/371/223 236/372/225 
f 222/318/211 221/317/210 237/373/210 238/374/211 
f 221/322/210 223/321/212 239/375/226 237/376/210 
f 223/326/212 224/325/213 240/377/227 239/378/226 
f 224/330/213 222/329/211 238/379/211 240/380/227 
f 226/334/215 225/333/214 241/381/214 242/382/228 
f 225/338/214 227/337/216 243/383/229 241/384/214 
f 227/340/216 228/339/217 244/385/230 243/386/229 
f 228/344/217 226/343/215 242/387/228 244/388/230 
f 230/348/219 229/347/218 245/389/218 246/390/231 
f 229/352/218 231/351/220 247/391/232 245/392/218 
f 231/354/220 232/353/221 248/393/233 247/394/232 
f 232/358/221 230/357/219 246/395/231 248/396/233 
f 234/362/223 233/361/222 249/397/222 250/398/234 
f 233/366/222 235/365/224 251/399/235 249/400/222 
f 235/368/224 236/367/225 252/401/236 251/402/235 
f 236/372/225 234/371/223 250/403/234 252/404/236 
f 238/374/211 237/373/210 253/405/237 254/406/238 
f 237/376/210 239/375/226 255/407/239 253/408/237 
f 239/378/226 240/377/227 256/409/240 255/410/239 
f 240/380/227 238/379/211 254/411/238 256/412/240 
f 242/382/228 241/381/214 257/413/241 258/414/242 
f 241/384/214 243/383/229 259/415/243 257/416/241 
f 243/386/229 244/385/230 260/417/244 259/418/243 
f 244/388/230 242/387/228 258/419/242 260/420/244 
f 246/390/231 245/389/218 261/421/245 262/422/246 
f 245/392/218 247/391/232 263/423/247 261/424/245 
f 247/394/232 248/393/233 264/425/248 263/426/247 
f 248/396/233 246/395/231 262/427/246 264/428/248 
f 250/398/234 249/397/222 265/429/249 266/430/250 
f 249/400/222 251/399/235 267/431/251 265/432/249 
f 251/402/235 252/401/236 268/433/252 267/434/251 
f 252/404/236 250/403/234 266/435/250 268/436/252 
f 253/408/237 255/407/239 269/437/253 270/438/254 
f 268/436/252 266/435/250 271/439/255 272/440/256 
f 273/441/257 270/438/254 274/442/258 275/443/259 
f 270/438/254 269/437/253 276/444/260 274/442/258 
f 269/445/253 277/446/261 278/447/262 276/448/260 
f 277/449/261 273/450/257 275/451/259 278/452/262 
f 279/453/263 280/454/264 281/455/265 282/456/266 
f 280/457/264 283/458/267 284/459/268 281/460/265 
f 283/461/267 285/462/269 286/463/270 284/464/268 
f 285/465/269 279/466/263 282/467/266 286/468/270 
f 287/469/271 288/470/272 289/471/273 290/472/274 
f 288/473/272 291/474/275 292/475/276 289/476/273 
f 291/477/275 293/478/277 294/479/278 292/480/276 
f 293/481/277 287/482/271 290/483/274 294/484/278 
f 271/485/255 295/486/279 296/487/280 297/488/281 
f 295/489/279 298/490/282 299/491/283 296/492/280 
f 298/493/282 272/494/256 300/495/284 299/496/283 
f 272/440/256 271/439/255 297/497/281 300/498/284 
f 275/443/259 274/442/258 301/499/285 302/500/286 
f 274/442/258 276/444/260 303/501/287 301/499/285 
f 276/448/260 278/447/262 304/502/288 303/503/287 
f 278/452/262 275/451/259 302/504/286 304/505/288 
f 282/456/266 281/455/265 305/506/289 306/507/290 
f 281/460/265 284/459/268 307/508/291 305/509/289 
f 284/464/268 286/463/270 308/510/292 307/511/291 
f 286/468/270 282/467/266 306/512/290 308/513/292 
f 290/472/274 289/471/273 309/514/293 310/515/294 
f 289/476/273 292/475/276 311/516/295 309/517/293 
f 292/480/276 294/479/278 312/518/296 311/519/295 
f 294/484/278 290/483/274 310/520/294 312/521/296 
f 297/488/281 296/487/280 313/522/297 314/523/298 
f 296/492/280 299/491/283 315/524/299 313/525/297 
f 299/496/283 300/495/284 316/526/300 315/527/299 
f 300/498/284 297/497/281 314/528/298 316/529/300 
f 301/499/285 303/501/287 317/530/301 318/531/302 
f 316/529/300 314/528/298 319/532/303 320/533/304 
f 321/534/305 322/535/306 323/536/307 324/537/308 
f 322/538/306 325/539/309 326/540/310 323/541/307 
f 325/542/309 327/543/311 328/544/312 326/545/310 
f 327/546/311 321/547/305 324/548/308 328/549/312 
f 324/537/308 323/536/307 329/550/313 330/551/314 
f 323/541/307 326/540/310 331/552/315 329/553/313 
f 326/545/310 328/544/312 332/554/316 331/555/315 
f 328/549/312 324/548/308 330/556/314 332/557/316 
f 330/551/314 329/550/313 333/558/317 334/559/318 
f 329/553/313 331/552/315 335/560/319 333/561/317 
f 331/555/315 332/554/316 336/562/320 335/563/319 
f 332/557/316 330/556/314 334/564/318 336/565/320 
f 334/559/318 333/558/317 337/566/321 338/567/322 
f 333/561/317 335/560/319 339/568/323 337/569/321 
f 335/563/319 336/562/320 340/570/324 339/571/323 
f 336/565/320 334/564/318 338/572/322 340/573/324 
f 338/567/322 337/566/321 341/574/325 342/575/326 
f 337/569/321 339/568/323 343/576/327 341/577/325 
f 339/571/323 340/570/324 344/578/328 343/579/327 
f 340/573/324 338/572/322 342/580/326 344/581/328 
f 342/575/326 341/574/325 345/582/329 346/583/330 
f 344/581/328 342/580/326 346/584/330 347/585/331 
f 348/586/332 349/587/333 350/588/334 
f 349/587/333 351/589/335 350/588/334 
f 351/590/335 352/591/336 350/592/334 
f 352/593/336 348/594/332 350/595/334 
f 353/596/337 354/597/338 355/598/339 
f 354/599/338 356/600/340 355/601/339 
f 356/602/340 357/603/341 355/604/339 
f 357/605/341 353/606/337 355/607/339 
f 358/608/342 359/609/343 360/610/344 
f 359/611/343 361/612/345 360/613/344 
f 361/612/345 362/614/346 360/613/344 
f 362/615/346 358/608/342 360/610/344 
f 363/616/347 364/617/348 365/618/349 
f 364/617/348 366/619/350 365/618/349 
f 366/620/350 367/621/351 365/622/349 
f 367/623/351 363/624/347 365/625/349 
f 368/626/352 369/627/353 370/628/354 
f 369/629/353 371/630/355 370/631/354 
f 371/632/355 372/633/356 370/634/354 
f 372/635/356 368/636/352 370/637/354 
s 1
f 373/638/357 374/639/358 375/640/359 376/641/360 
s 2
f 377/642/361 378/643/362 374/644/358 373/645/357 
s off
f 379/646/363 380/647/364 381/648/365 382/649/366 
f 380/650/364 383/651/367 384/652/368 381/653/365 
f 385/654/369 386/655/370 387/656/371 388/657/372 
f 386/658/370 389/659/373 390/660/374 387/661/371 
f 124/173/124 126/176/126 136/193/126 133/190/133 
f 126/180/126 127/179/127 138/196/127 136/195/126 
f 127/179/127 128/182/128 140/199/128 138/196/127 
f 130/186/130 129/185/129 143/202/136 142/201/135 
f 129/185/129 131/188/131 146/205/131 143/202/136 
f 134/191/133 137/194/126 149/208/138 148/207/137 
f 137/198/126 139/197/23 391/662/375 149/663/138 
f 139/197/23 141/200/128 392/664/376 391/662/375 
f 145/204/135 144/203/136 153/212/142 152/211/141 
f 144/203/136 147/206/131 393/665/131 153/212/142 
f 132/666/132 135/667/134 394/668/377 395/669/378 
f 395/669/378 394/668/377 396/670/379 397/671/380 
f 397/671/380 396/670/379 398/672/381 399/673/382 
f 399/673/382 398/672/381 400/674/383 
f 401/675/384 399/673/382 400/674/383 
f 398/672/381 402/676/385 400/674/383 
f 10/10/10 3/677/3 2/678/2 11/11/11 
f 14/14/14 4/679/4 3/677/3 10/10/10 
f 16/16/16 7/680/7 6/681/6 17/17/17 
f 20/20/20 8/682/8 7/680/7 16/16/16 
f 18/18/18 17/17/17 403/683/386 
f 17/17/17 6/681/6 403/683/386 
f 404/684/387 405/685/388 406/686/389 407/687/390 
f 405/688/388 408/689/391 409/690/392 406/691/389 
f 408/689/391 410/692/393 411/693/394 409/690/392 
f 410/694/393 412/695/395 413/696/396 411/697/394 
f 414/698/397 415/699/398 416/700/399 417/701/400 
f 415/702/398 418/703/401 419/704/402 416/705/399 
f 418/703/401 420/706/403 421/707/404 419/704/402 
f 422/708/405 417/709/400 423/710/406 
f 417/701/400 416/700/399 423/711/406 
f 416/705/399 419/704/402 423/712/406 
f 419/704/402 421/707/404 423/712/406 
f 421/713/404 424/714/407 423/715/406 
f 424/716/407 422/708/405 423/710/406 
f 425/717/408 426/718/409 427/719/410 428/720/411 
f 426/721/409 429/722/412 430/723/413 427/724/410 
f 429/725/412 431/726/414 432/727/415 430/728/413 
f 431/729/414 425/730/408 428/731/411 432/732/415 
f 57/86/57 56/85/56 433/733/416 434/734/417 
f 56/735/56 60/736/60 435/737/418 433/738/416 
f 60/739/60 62/740/62 436/741/419 435/742/418 
f 62/740/62 64/743/64 437/744/420 436/741/419 
f 438/745/421 434/746/417 50/747/50 49/748/49 
f 434/734/417 433/733/416 51/76/51 50/75/50 
f 433/749/416 435/750/418 52/751/52 51/752/51 
f 435/750/418 436/753/419 53/754/53 52/751/52 
f 436/755/419 437/756/420 54/757/54 53/758/53 
f 437/759/420 438/745/421 49/748/49 54/760/54 
f 439/761/422 440/762/423 441/763/424 442/764/425 
f 443/765/426 444/766/427 445/767/428 446/768/429 
f 442/769/425 441/770/424 447/771/430 448/772/431 
f 449/773/432 442/769/425 448/772/431 450/774/433 
f 446/775/429 445/776/428 451/777/434 452/778/435 
f 445/776/428 449/773/432 450/774/433 451/777/434 
f 453/779/436 454/780/437 455/781/438 456/782/439 
f 457/783/440 458/784/441 459/785/442 460/786/443 
f 458/787/441 461/788/444 462/789/445 459/790/442 
f 461/791/444 463/792/446 464/793/447 462/794/445 
f 465/795/448 466/796/449 464/793/447 463/792/446 
f 466/796/449 467/797/450 462/794/445 464/793/447 
f 467/798/450 468/799/451 459/800/442 462/801/445 
f 469/802/452 470/803/453 457/783/440 460/786/443 
f 471/804/454 472/805/455 473/806/456 
f 472/805/455 474/807/457 473/806/456 
f 474/807/457 475/808/458 473/806/456 
f 456/782/439 447/771/430 441/770/424 453/779/436 
f 476/809/459 477/810/460 155/811/144 
f 155/214/144 477/812/460 392/813/376 152/211/141 
f 152/211/141 392/813/376 141/814/128 145/204/135 
f 145/204/135 141/814/128 140/815/128 142/201/135 
f 142/201/135 140/815/128 128/816/128 130/186/130 
f 130/186/130 128/816/128 117/817/117 121/183/121 
f 121/168/121 117/164/117 116/163/116 118/165/118 
f 99/134/99 95/818/95 94/819/94 96/131/96 
f 96/131/96 94/819/94 478/820/461 106/149/106 
f 106/149/106 478/820/461 79/821/79 83/146/83 
f 83/118/83 79/822/79 78/823/78 80/115/80 
f 80/824/80 78/825/78 479/826/462 
f 480/827/463 481/828/464 482/829/465 
f 481/830/464 483/831/466 482/832/465 
f 483/833/466 480/834/463 482/835/465 
f 484/836/467 485/837/468 486/838/469 
f 485/839/468 487/840/470 486/841/469 
f 487/842/470 484/843/467 486/844/469 
f 488/845/471 489/846/472 490/847/473 
f 489/848/472 491/849/474 490/850/473 
f 491/851/474 488/852/471 490/853/473 
f 492/854/475 493/855/476 494/856/477 
f 493/857/476 495/858/478 494/859/477 
f 495/860/478 492/861/475 494/862/477 
f 496/863/479 497/864/480 498/865/481 499/866/482 
f 497/864/480 500/867/483 501/868/484 498/865/481 
f 500/869/483 502/870/485 503/871/486 501/872/484 
f 502/873/485 496/874/479 499/875/482 503/876/486 
f 504/877/487 505/878/488 506/879/489 
f 505/880/488 507/881/490 506/882/489 
f 507/883/490 508/884/491 506/885/489 
f 508/886/491 504/887/487 506/888/489 
f 509/889/492 473/806/456 510/890/493 
f 511/891/494 512/892/495 481/828/464 480/827/463 
f 512/893/495 513/894/496 483/895/466 481/896/464 
f 513/897/496 511/898/494 480/834/463 483/833/466 
f 514/899/497 515/900/498 485/901/468 484/902/467 
f 515/903/498 516/904/499 487/840/470 485/839/468 
f 516/905/499 514/906/497 484/843/467 487/842/470 
f 517/907/500 518/908/501 489/846/472 488/845/471 
f 518/909/501 519/910/502 491/849/474 489/848/472 
f 519/911/502 517/912/500 488/913/471 491/914/474 
f 520/915/503 521/916/504 493/855/476 492/854/475 
f 521/917/504 522/918/505 495/919/478 493/920/476 
f 522/921/505 520/922/503 492/861/475 495/860/478 
f 499/923/482 498/924/481 505/878/488 504/877/487 
f 498/924/481 501/925/484 507/926/490 505/878/488 
f 501/925/484 503/927/486 508/928/491 507/926/490 
f 503/927/486 499/923/482 504/877/487 508/928/491 
f 523/929/506 318/930/302 354/931/338 353/932/337 
f 318/933/302 317/934/301 356/935/340 354/936/338 
f 317/937/301 524/938/507 357/603/341 356/602/340 
f 524/938/507 523/939/506 353/940/337 357/603/341 
f 525/941/508 526/942/509 359/943/343 358/944/342 
f 526/945/509 527/946/510 361/612/345 359/611/343 
f 527/946/510 528/947/511 362/614/346 361/612/345 
f 528/948/511 525/949/508 358/950/342 362/951/346 
f 529/952/512 530/953/513 364/954/348 363/955/347 
f 530/956/513 531/957/514 366/958/350 364/959/348 
f 531/960/514 532/961/515 367/621/351 366/620/350 
f 532/961/515 529/962/512 363/963/347 367/621/351 
f 319/964/303 533/965/516 369/966/353 368/967/352 
f 533/968/516 534/969/517 371/632/355 369/970/353 
f 534/969/517 320/971/304 372/633/356 371/632/355 
f 320/972/304 319/973/303 368/974/352 372/975/356 
f 77/112/77 72/143/72 71/976/71 74/109/74 
f 93/128/93 88/977/88 87/152/87 90/125/90 
f 191/978/180 195/266/184 182/286/171 181/979/170 
f 194/270/183 197/269/186 184/980/173 183/981/172 
f 535/982/518 439/761/422 442/764/425 449/983/432 
f 444/984/427 535/985/518 449/986/432 445/987/428 
f 536/988/519 477/989/460 537/990/520 538/991/521 
f 44/992/44 539/993/522 540/994/523 476/995/459 
f 44/996/44 45/997/45 541/998/524 539/999/522 
f 45/997/45 46/1000/46 542/1001/525 541/998/524 
f 46/1002/46 150/209/139 543/1003/526 542/1004/525 
f 150/1005/139 536/988/519 538/991/521 543/1006/526 
f 538/991/521 537/990/520 544/1007/527 545/1008/528 
f 539/993/522 546/1009/529 547/1010/530 540/994/523 
f 539/999/522 541/998/524 548/1011/531 546/1012/529 
f 541/998/524 542/1001/525 549/1013/532 548/1011/531 
f 542/1004/525 543/1003/526 550/1014/533 549/1015/532 
f 543/1006/526 538/991/521 545/1008/528 550/1016/533 
f 545/1008/528 544/1007/527 551/1017/534 552/1018/535 
f 546/1009/529 553/1019/536 554/1020/537 547/1010/530 
f 546/1012/529 548/1011/531 555/1021/538 553/1022/536 
f 548/1011/531 549/1013/532 556/1023/539 555/1021/538 
f 549/1015/532 550/1014/533 557/1024/540 556/1025/539 
f 550/1016/533 545/1008/528 552/1018/535 557/1026/540 
f 448/1027/431 447/1028/430 558/1029/541 559/1030/542 
f 450/1031/433 448/1027/431 559/1030/542 560/1032/543 
f 452/1033/435 451/1034/434 561/1035/544 562/1036/545 
f 455/1037/438 452/1038/435 562/1039/545 563/1040/546 
f 451/1041/434 450/1042/433 560/1043/543 561/1044/544 
f 455/1045/438 563/1046/546 564/1047/547 456/1048/439 
f 560/1032/543 559/1030/542 565/1049/548 566/1050/549 
f 562/1036/545 561/1035/544 567/1051/550 568/1052/551 
f 561/1053/544 560/1054/543 566/1055/549 567/1056/550 
f 564/1047/547 563/1046/546 569/1057/552 570/1058/553 
f 565/1049/548 571/1059/554 572/1060/555 573/1061/556 
f 566/1050/549 565/1049/548 573/1061/556 574/1062/557 
f 568/1052/551 567/1051/550 575/1063/558 576/1064/559 
f 569/1065/552 568/1052/551 576/1064/559 577/1066/560 
f 567/1067/550 566/1068/549 574/1069/557 575/1070/558 
f 569/1057/552 577/1071/560 578/1072/561 570/1058/553 
f 579/1073/562 580/1074/563 581/1075/564 582/1076/565 
f 583/1077/566 584/1078/567 585/1079/568 470/803/453 
f 584/1080/567 586/1081/569 587/1082/570 585/1083/568 
f 586/1084/569 588/1085/571 465/795/448 587/1086/570 
f 552/1018/535 551/1017/534 440/762/423 439/761/422 
f 553/1087/536 589/1088/572 590/1089/573 554/1090/537 
f 553/1022/536 555/1021/538 443/765/426 589/1091/572 
f 555/1021/538 556/1023/539 444/766/427 443/765/426 
f 556/1092/539 557/1093/540 535/1094/518 444/1095/427 
f 557/1026/540 552/1018/535 439/761/422 535/982/518 
f 573/1061/556 572/1060/555 591/1096/574 588/1085/571 
f 577/1071/560 579/1097/562 582/1098/565 578/1072/561 
f 577/1066/560 576/1064/559 583/1077/566 579/1099/562 
f 576/1064/559 575/1063/558 584/1078/567 583/1077/566 
f 575/1070/558 574/1069/557 586/1100/569 584/1101/567 
f 574/1062/557 573/1061/556 588/1085/571 586/1084/569 
f 580/1074/563 592/1102/575 593/1103/576 581/1075/564 
f 469/802/452 468/1104/451 594/1105/577 595/1106/578 
f 468/799/451 467/798/450 596/1107/579 594/1108/577 
f 467/797/450 466/796/449 597/1109/580 596/1110/579 
f 598/1111/581 599/1112/582 600/1113/583 601/1114/584 
f 595/1106/578 594/1105/577 602/1115/585 603/1116/586 
f 594/1108/577 596/1107/579 604/1117/587 602/1118/585 
f 596/1110/579 597/1109/580 605/1119/588 604/1120/587 
f 599/1121/582 606/1122/589 607/1123/590 600/1124/583 
f 603/1116/586 602/1115/585 608/1125/591 609/1126/592 
f 602/1118/585 604/1117/587 610/1127/593 608/1128/591 
f 604/1120/587 605/1119/588 611/1129/594 610/1130/593 
f 585/1083/568 587/1082/570 461/1131/444 458/1132/441 
f 587/1086/570 465/795/448 463/792/446 461/791/444 
f 606/1122/589 612/1133/595 613/1134/596 607/1123/590 
f 609/1126/592 608/1125/591 614/1135/597 615/1136/598 
f 608/1128/591 610/1127/593 616/1137/599 614/1138/597 
f 610/1130/593 611/1129/594 617/1139/600 616/1140/599 
f 618/1141/601 619/1142/602 607/1123/590 613/1134/596 
f 619/1142/602 620/1143/603 600/1124/583 607/1123/590 
f 620/1144/603 621/1145/604 601/1114/584 600/1113/583 
f 622/1146/605 623/1147/606 581/1148/564 593/1149/576 
f 581/1075/564 623/1150/606 591/1151/574 582/1076/565 
f 591/1152/574 572/1153/555 578/1072/561 582/1098/565 
f 572/1153/555 571/1154/554 570/1058/553 578/1072/561 
f 571/1154/554 558/1155/541 564/1047/547 570/1058/553 
f 558/1155/541 447/1156/430 456/1048/439 564/1047/547 
f 440/1157/423 551/1158/534 554/1090/537 590/1089/573 
f 551/1159/534 544/1160/527 547/1010/530 554/1020/537 
f 544/1160/527 537/1161/520 540/994/523 547/1010/530 
f 537/1161/520 477/1162/460 476/995/459 540/994/523 
f 615/1136/598 614/1135/597 472/1163/455 471/1164/454 
f 614/1165/597 616/1166/599 474/1167/457 472/1168/455 
f 624/1169/607 471/1164/454 625/1170/608 626/1171/609 
f 471/804/454 473/806/456 509/889/492 625/1172/608 
f 627/1173/610 628/1174/611 629/1175/612 630/1176/613 
f 589/1091/572 443/765/426 446/768/429 454/1177/437 
f 589/1178/572 454/1179/437 453/1180/436 590/1181/573 
f 454/780/437 446/775/429 452/778/435 455/781/438 
f 559/1030/542 558/1029/541 571/1059/554 565/1049/548 
f 563/1182/546 562/1036/545 568/1052/551 569/1065/552 
f 588/1085/571 591/1096/574 623/1183/606 465/795/448 
f 579/1099/562 583/1077/566 470/803/453 580/1184/563 
f 465/795/448 623/1183/606 622/1185/605 466/796/449 
f 580/1184/563 470/803/453 469/802/452 592/1186/575 
f 466/796/449 622/1185/605 621/1187/604 597/1109/580 
f 593/1103/576 592/1102/575 598/1188/581 601/1189/584 
f 592/1190/575 469/1191/452 595/1192/578 598/1111/581 
f 597/1109/580 621/1187/604 620/1193/603 605/1119/588 
f 598/1194/581 595/1106/578 603/1116/586 599/1195/582 
f 605/1119/588 620/1193/603 619/1196/602 611/1129/594 
f 599/1195/582 603/1116/586 609/1126/592 606/1197/589 
f 148/207/137 151/210/140 631/1198/614 632/1199/615 
f 536/988/519 150/1005/139 149/663/138 391/662/375 
f 477/989/460 536/988/519 391/662/375 392/664/376 
f 153/212/142 393/665/131 633/1200/616 154/213/143 
f 109/1201/109 108/1202/108 89/124/89 88/123/88 
f 112/1203/112 109/1204/109 88/977/88 93/128/93 
f 114/1205/114 112/1203/112 93/128/93 92/127/92 
f 116/1206/116 114/1205/114 92/127/92 95/130/95 
f 119/1207/119 118/1208/118 99/1209/99 98/1210/98 
f 122/1211/122 119/1207/119 98/1210/98 101/1212/101 
f 634/1213/617 635/1214/618 636/1215/619 637/1216/620 
f 635/1217/618 638/1218/621 639/1219/622 636/1220/619 
f 638/1218/621 640/1221/623 641/1222/624 639/1219/622 
f 640/1223/623 642/1224/625 643/1225/626 641/1226/624 
f 642/1224/625 644/1227/627 645/1228/628 643/1225/626 
f 644/1229/627 646/1230/629 647/1231/630 645/1232/628 
f 646/1230/629 648/1233/631 649/1234/632 647/1231/630 
f 648/1235/631 634/1213/617 637/1216/620 649/1236/632 
f 637/1216/620 636/1215/619 650/1237/633 651/1238/634 
f 636/1220/619 639/1219/622 652/1239/635 650/1240/633 
f 639/1219/622 641/1222/624 653/1241/636 652/1239/635 
f 641/1226/624 643/1225/626 654/1242/637 653/1243/636 
f 643/1225/626 645/1228/628 655/1244/638 654/1242/637 
f 645/1232/628 647/1231/630 656/1245/639 655/1246/638 
f 647/1231/630 649/1234/632 657/1247/640 656/1245/639 
f 649/1236/632 637/1216/620 651/1238/634 657/1248/640 
f 651/1238/634 650/1237/633 658/1249/641 659/1250/642 
f 650/1240/633 652/1239/635 660/1251/643 658/1252/641 
f 652/1239/635 653/1241/636 661/1253/644 660/1251/643 
f 653/1243/636 654/1242/637 662/1254/645 661/1255/644 
f 654/1242/637 655/1244/638 663/1256/646 662/1254/645 
f 655/1246/638 656/1245/639 664/1257/647 663/1258/646 
f 656/1245/639 657/1247/640 665/1259/648 664/1257/647 
f 657/1248/640 651/1238/634 659/1250/642 665/1260/648 
f 659/1250/642 658/1249/641 162/224/151 160/223/149 
f 658/1252/641 660/1251/643 164/228/153 162/227/151 
f 660/1251/643 661/1253/644 166/231/155 164/228/153 
f 661/1255/644 662/1254/645 168/234/157 166/233/155 
f 662/1254/645 663/1256/646 170/237/159 168/234/157 
f 663/1258/646 664/1257/647 156/215/145 170/239/159 
f 664/1257/647 665/1259/648 157/216/146 156/215/145 
f 665/1260/648 659/1250/642 160/223/149 157/1261/146 
f 159/218/148 158/217/147 666/1262/649 667/1263/650 
f 158/222/147 161/221/150 668/1264/651 666/1265/649 
f 161/226/150 163/225/152 669/1266/652 668/1267/651 
f 163/230/152 165/229/154 670/1268/653 669/1269/652 
f 165/229/154 167/232/156 671/1270/654 670/1268/653 
f 167/236/156 169/235/158 672/1271/655 671/1272/654 
f 169/235/158 171/238/160 673/1273/656 672/1271/655 
f 171/240/160 159/218/148 667/1263/650 673/1274/656 
f 667/1263/650 666/1262/649 674/1275/657 389/1276/373 
f 666/1277/649 668/1267/651 379/646/363 674/1278/657 
f 668/1267/651 669/1266/652 380/647/364 379/646/363 
f 669/1279/652 670/1280/653 383/651/367 380/650/364 
f 670/1268/653 671/1270/654 675/1281/658 383/1282/367 
f 671/1272/654 672/1271/655 385/654/369 675/1283/658 
f 672/1271/655 673/1273/656 386/655/370 385/654/369 
f 673/1284/656 667/1285/650 389/659/373 386/658/370 
f 389/1286/373 674/1287/657 676/1288/659 390/1289/374 
f 674/1278/657 379/646/363 382/649/366 676/1290/659 
f 383/1291/367 675/1292/658 677/1293/660 384/1294/368 
f 675/1283/658 385/654/369 388/657/372 677/1295/660 
f 390/1289/374 676/1288/659 374/644/358 378/643/362 
f 676/1290/659 382/649/366 375/640/359 374/639/358 
f 382/649/366 381/648/365 678/1296/661 375/640/359 
f 381/653/365 384/652/368 679/1297/662 678/1298/661 
f 384/1294/368 677/1293/660 680/1299/663 679/1300/662 
f 677/1295/660 388/657/372 681/1301/664 680/1302/663 
f 388/657/372 387/656/371 682/1303/665 681/1301/664 
f 387/1304/371 390/1289/374 378/643/362 682/1305/665 
f 427/724/410 430/723/413 432/1306/415 428/1307/411 
f 420/1308/403 683/1309/666 424/714/407 421/713/404 
f 412/695/395 403/1310/386 684/1311/667 413/696/396 
f 403/1312/386 404/684/387 407/687/390 684/1313/667 
f 125/174/125 124/173/124 133/190/133 132/189/132 
f 254/1314/238 253/408/237 270/438/254 273/441/257 
f 255/1315/239 256/1316/240 277/446/261 269/445/253 
f 256/412/240 254/411/238 273/450/257 277/449/261 
f 258/414/242 257/413/241 280/454/264 279/453/263 
f 257/416/241 259/415/243 283/458/267 280/457/264 
f 259/418/243 260/417/244 285/462/269 283/461/267 
f 260/1317/244 258/414/242 279/453/263 285/1318/269 
f 262/422/246 261/421/245 288/470/272 287/469/271 
f 261/421/245 263/1319/247 291/1320/275 288/470/272 
f 263/426/247 264/425/248 293/478/277 291/477/275 
f 264/428/248 262/427/246 287/482/271 293/481/277 
f 266/430/250 265/429/249 295/486/279 271/485/255 
f 265/432/249 267/431/251 298/490/282 295/489/279 
f 267/434/251 268/433/252 272/494/256 298/493/282 
f 302/500/286 301/499/285 318/531/302 523/1321/506 
f 303/503/287 304/502/288 524/938/507 317/937/301 
f 304/505/288 302/504/286 523/1322/506 524/1323/507 
f 306/507/290 305/506/289 526/1324/509 525/1325/508 
f 305/509/289 307/508/291 527/1326/510 526/1327/509 
f 307/511/291 308/510/292 528/947/511 527/946/510 
f 308/1328/292 306/507/290 525/1325/508 528/1329/511 
f 310/515/294 309/514/293 530/1330/513 529/1331/512 
f 309/514/293 311/1332/295 531/1333/514 530/1330/513 
f 311/519/295 312/518/296 532/961/515 531/960/514 
f 312/521/296 310/520/294 529/1334/512 532/1335/515 
f 314/523/298 313/522/297 533/1336/516 319/1337/303 
f 313/525/297 315/524/299 534/1338/517 533/1339/516 
f 315/527/299 316/526/300 320/971/304 534/969/517 
f 190/1340/179 192/263/181 322/535/306 321/534/305 
f 192/1341/181 195/1342/184 325/539/309 322/538/306 
f 195/1343/184 191/1344/180 327/1345/311 325/1346/309 
f 327/1347/311 191/261/180 190/260/179 321/1348/305 
f 376/1349/360 187/1350/176 186/1351/175 373/1352/357 
f 685/1353/668 190/1354/179 187/1350/176 376/1349/360 
f 686/1355/669 192/263/181 190/1340/179 685/1356/668 
f 687/1357/670 193/264/182 192/263/181 686/1355/669 
f 688/1358/671 196/271/185 193/1359/182 687/1360/670 
f 689/1361/672 198/272/187 196/271/185 688/1358/671 
f 377/1362/361 200/1363/189 198/1364/187 689/1365/672 
f 373/1352/357 186/1351/175 200/1366/189 377/1367/361 
f 635/1368/618 634/1369/617 79/114/79 478/1370/461 
f 638/1371/621 635/1368/618 478/1370/461 94/129/94 
f 644/1372/627 642/1373/625 90/125/90 104/144/104 
f 646/1374/629 644/1372/627 104/144/104 77/112/77 
f 71/106/71 70/105/70 690/1375/673 691/1376/674 
f 74/1377/74 71/106/71 691/1376/674 692/1378/675 
f 75/1379/75 74/1377/74 692/1378/675 693/1380/676 
f 78/1381/78 75/1379/75 693/1380/676 479/1382/462 
f 81/1383/81 80/824/80 479/826/462 694/1384/677 
f 84/119/84 81/116/81 694/1385/677 695/1386/678 
f 691/1387/674 690/1388/673 40/1389/40 39/1390/39 
f 692/1391/675 691/1392/674 39/59/39 38/56/38 
f 693/1393/676 692/1394/675 38/1395/38 37/1396/37 
f 479/1397/462 693/1393/676 37/1396/37 35/1398/35 
f 694/1399/677 479/1400/462 35/55/35 36/1401/36 
f 695/1386/678 694/1385/677 36/1402/36 696/1403/679 
s 2
f 22/24/22 69/1404/69 68/1405/68 21/21/21 
s 1
f 30/39/30 21/38/21 68/102/68 67/100/67 
s 2
f 30/39/30 67/100/67 65/101/65 36/1406/36 
s 1
f 36/1407/36 65/98/65 66/99/66 696/1408/679 
s off
f 648/1409/631 646/1374/629 77/112/77 76/111/76 
f 634/1369/617 648/1409/631 76/111/76 79/114/79 
f 640/1221/623 638/1218/621 94/1410/94 91/1411/91 
f 642/1412/625 640/1413/623 91/1414/91 90/1415/90 
s 2
f 376/641/360 375/640/359 678/1296/661 685/1416/668 
s 1
f 686/1355/669 685/1356/668 678/1417/661 679/1300/662 
f 689/1418/672 682/1305/665 378/643/362 377/642/361 
s 2
f 688/1358/671 681/1301/664 682/1303/665 689/1361/672 
s 1
f 687/1360/670 680/1302/663 681/1301/664 688/1358/671 
s 2
f 687/1357/670 686/1355/669 679/1300/662 680/1299/663 
s off
f 341/577/325 343/576/327 697/1419/680 345/1420/329 
f 343/579/327 344/578/328 347/1421/331 697/1422/680 
f 135/192/134 134/191/133 148/207/137 632/1199/615 
f 125/1423/125 132/666/132 395/669/378 698/1424/681 
f 135/667/134 632/1425/615 699/1426/682 394/668/377 
f 698/1424/681 395/669/378 397/671/380 700/1427/683 
f 394/668/377 699/1426/682 701/1428/684 396/670/379 
f 700/1427/683 397/671/380 399/673/382 401/675/384 
f 396/670/379 701/1428/684 402/676/385 398/672/381 
f 5/1429/5 4/1430/4 405/1431/388 404/1432/387 
f 4/1433/4 14/1434/14 408/1435/391 405/1436/388 
f 14/1437/14 13/1438/13 410/1439/393 408/1440/391 
f 13/1441/13 24/1442/24 412/1443/395 410/1444/393 
f 24/1445/24 18/18/18 403/683/386 412/1446/395 
f 6/1447/6 5/1429/5 404/1432/387 403/1448/386 
f 407/687/390 406/686/389 414/1449/397 702/1450/685 
f 406/691/389 409/690/392 415/1451/398 414/1452/397 
f 409/690/392 411/693/394 418/1453/401 415/1451/398 
f 411/1454/394 413/1455/396 420/706/403 418/703/401 
f 413/696/396 684/1311/667 683/1456/666 420/1457/403 
f 684/1313/667 407/687/390 702/1450/685 683/1458/666 
f 702/1450/685 414/1449/397 417/709/400 422/708/405 
f 683/1458/666 702/1450/685 422/708/405 424/716/407 
f 13/13/13 9/9/9 426/1459/409 425/1460/408 
f 9/9/9 21/1461/21 429/1462/412 426/1459/409 
f 21/1461/21 25/1463/25 431/1464/414 429/1462/412 
f 25/1463/25 13/13/13 425/1460/408 431/1464/414 
f 154/1465/143 633/1466/616 43/1467/43 42/1468/42 
f 631/1198/614 151/210/140 47/1469/47 48/1470/48 
f 151/210/140 150/209/139 46/1002/46 47/1469/47 
f 154/1471/143 42/63/42 44/65/44 476/809/459 155/811/144 
f 470/803/453 585/1079/568 458/784/441 457/783/440 
f 468/1104/451 469/802/452 460/786/443 459/785/442 
f 611/1129/594 619/1196/602 618/1472/601 617/1139/600 
f 606/1197/589 609/1126/592 615/1136/598 612/1473/595 
f 617/1139/600 618/1472/601 627/1474/610 475/1475/458 
f 613/1476/596 612/1477/595 624/1478/607 628/1174/611 
f 612/1473/595 615/1136/598 471/1164/454 624/1169/607 
f 628/1174/611 627/1173/610 618/1479/601 613/1476/596 
f 621/1480/604 622/1481/605 593/1103/576 601/1189/584 
f 441/1482/424 440/1483/423 590/1181/573 453/1180/436 
f 118/1208/118 116/1484/116 95/1485/95 99/1209/99 
f 475/1475/458 627/1474/610 630/1486/613 703/1487/686 
f 473/806/456 475/808/458 703/1488/686 704/1489/687 
f 628/1174/611 624/1478/607 626/1490/609 629/1175/612 
f 703/1487/686 630/1486/613 512/892/495 511/891/494 
f 630/1491/613 704/1492/687 513/1493/496 512/1494/495 
f 704/1489/687 703/1488/686 511/898/494 513/897/496 
f 629/1495/612 626/1496/609 515/1497/498 514/1498/497 
f 509/889/492 510/890/493 516/904/499 515/903/498 
f 510/1499/493 629/1500/612 514/906/497 516/905/499 
f 626/1171/609 625/1170/608 518/908/501 517/907/500 
f 625/1172/608 509/889/492 519/910/502 518/909/501 
f 509/1501/492 626/1502/609 517/1503/500 519/1504/502 
f 704/1505/687 630/1506/613 521/1507/504 
f 630/1508/613 629/1509/612 522/1510/505 521/1511/504 
f 629/1512/612 510/1513/493 520/922/503 522/921/505 
f 616/1140/599 617/1139/600 497/1514/480 496/1515/479 
f 617/1139/600 475/1475/458 500/1516/483 497/1514/480 
f 475/1475/458 474/1517/457 502/1518/485 500/1516/483 
f 474/1167/457 616/1166/599 496/874/479 502/873/485 
f 510/890/493 473/806/456 704/1489/687 
f 346/1519/330 345/1520/329 349/587/333 348/586/332 
f 345/1520/329 697/1521/680 351/589/335 349/587/333 
f 697/1422/680 347/1421/331 352/1522/336 351/1523/335 
f 347/1524/331 346/1525/330 348/1526/332 352/1527/336 
f 1/1/1 705/1528/688 2/2/2 
f 1/1/1 706/1529/689 705/1528/688 
f 1/1/1 707/1530/690 706/1529/689 
f 1/1/1 708/1531/691 707/1530/690 
f 1/1/1 709/1532/692 708/1531/691 
f 1/1/1 8/8/8 709/1532/692 
f 710/1533/693 12/12/12 11/11/11 711/1534/694 
f 712/1535/695 710/1533/693 711/1534/694 713/1536/696 
f 714/1537/697 715/1538/698 716/1539/699 717/1540/700 
f 19/19/19 714/1541/697 717/1542/700 20/20/20 
f 718/1543/701 22/24/22 12/23/12 710/1544/693 
f 719/1545/702 720/1546/703 712/1547/695 721/1548/704 
f 722/1549/705 719/1545/702 721/1548/704 715/1550/698 
f 723/1551/706 722/1552/705 715/1538/698 714/1537/697 
f 28/33/28 723/1553/706 714/1554/697 19/34/19 
f 724/1555/707 725/1556/708 718/1557/701 720/1546/703 
f 726/1558/709 724/1555/707 720/1546/703 719/1545/702 
f 727/1559/710 726/1558/709 719/1545/702 722/1549/705 
f 728/1560/711 727/1561/710 722/1562/705 723/1563/706 
f 34/46/34 728/1564/711 723/1553/706 28/33/28 
f 729/1565/712 730/1566/713 725/1567/708 724/1568/707 
f 731/1569/714 729/1570/712 724/1571/707 726/1572/709 
f 732/1573/715 731/1574/714 726/1575/709 727/1561/710 
f 733/1576/716 732/1573/715 727/1561/710 728/1560/711 
f 40/1577/717 733/1576/716 728/1560/711 34/1578/34 
f 41/62/41 43/64/43 734/1579/718 
f 41/62/41 734/1579/718 735/1580/719 
f 41/62/41 735/1580/719 736/1581/720 
f 41/62/41 736/1581/720 737/1582/721 
f 41/1583/41 737/1584/721 738/1585/722 
f 41/71/41 738/1586/722 48/72/48 
f 739/74/723 740/1587/724 741/75/725 
f 739/1588/723 742/1589/726 740/1590/724 
f 739/1591/723 743/1592/727 742/1593/726 
f 739/1591/723 744/1594/728 743/1592/727 
f 745/1595/729 58/87/58 57/86/57 746/1596/730 
f 747/1597/731 745/1598/729 746/1599/730 748/1600/732 
f 749/1601/733 747/1597/731 748/1600/732 750/1602/734 
f 63/94/63 749/1603/733 750/1604/734 64/95/64 
f 751/1605/735 66/99/66 58/87/58 745/1595/729 
f 752/1606/736 751/1607/735 745/1598/729 747/1597/731 
f 753/1608/737 752/1606/736 747/1597/731 749/1601/733 
f 69/103/69 753/1609/737 749/1603/733 63/94/63 
f 70/105/70 73/108/73 754/1610/738 755/1611/739 
f 756/1612/740 757/1613/741 758/1614/742 759/1615/743 
f 759/1615/743 758/1614/742 760/1616/744 761/1617/745 
f 762/1618/746 763/1619/747 764/1620/748 765/1621/749 
f 765/1621/749 764/1620/748 85/120/85 84/119/84 
f 86/121/86 89/124/89 766/1622/750 767/1623/751 
f 768/1624/752 769/1625/753 770/1626/754 771/1627/755 
f 771/1627/755 770/1626/754 772/1628/756 773/1629/757 
f 774/1630/758 775/1631/759 776/1632/760 777/1633/761 
f 777/1634/761 776/1635/760 101/137/101 100/136/100 
f 73/139/73 103/142/103 778/1636/762 754/1637/738 
f 754/1638/738 778/1639/762 779/1640/763 757/1613/741 
f 763/1641/747 780/1642/764 781/1643/765 764/1644/748 
f 764/1620/748 781/1645/765 107/150/107 85/120/85 
f 103/142/103 86/121/86 767/1623/751 778/1636/762 
f 778/1639/762 767/1646/751 768/1624/752 779/1640/763 
f 780/1642/764 774/1630/758 777/1633/761 781/1643/765 
f 781/1645/765 777/1647/761 100/153/100 107/150/107 
f 108/155/108 111/158/111 782/1648/766 783/1649/767 
f 783/1649/767 782/1648/766 784/1650/768 785/1651/769 
f 785/1651/769 784/1650/768 786/1652/770 787/1653/771 
f 787/1653/771 786/1652/770 788/1654/772 789/1655/773 
f 790/1656/774 791/1657/775 792/1658/776 793/1659/777 
f 793/1659/777 792/1658/776 123/170/123 122/169/122 
f 111/171/111 125/174/125 794/1660/778 782/1661/766 
f 782/1661/766 794/1660/778 795/1662/779 784/1663/768 
f 784/1664/768 795/1665/779 796/1666/702 786/1667/770 
f 786/1667/770 796/1666/702 797/1668/780 788/1669/772 
f 791/1670/775 798/1671/781 799/1672/782 792/1673/776 
f 792/1673/776 799/1672/782 131/188/131 123/187/123 
f 800/1674/783 801/1675/784 802/1676/785 803/1677/785 
f 803/1677/785 802/1676/785 804/1678/779 805/1679/779 
f 805/1680/779 804/1681/779 806/1682/786 807/1683/702 
f 807/1683/702 806/1682/786 808/1684/780 809/1685/780 
f 810/1686/787 811/1687/787 812/1688/788 813/1689/788 
f 813/1689/788 812/1688/788 147/206/131 146/205/131 
f 814/1690/789 815/1691/790 816/1692/791 817/1693/792 
f 818/1694/793 819/1695/794 820/1696/795 821/1697/796 
f 822/1698/797 823/1699/798 824/1700/799 825/1701/800 
f 825/1702/800 824/1703/799 826/1704/801 827/1705/802 
f 827/1706/802 826/1707/801 828/1708/803 829/1709/804 
f 829/1710/804 828/1711/803 830/1712/805 831/1713/806 
f 831/1713/806 830/1712/805 832/1714/807 833/1715/808 
f 833/1716/808 832/1717/807 834/1718/809 835/1719/810 
f 835/1719/810 834/1718/809 836/1720/811 837/1721/812 
f 837/1722/812 836/1723/811 823/1699/798 822/1698/797 
f 838/1724/813 839/1725/814 840/1726/815 
f 838/1724/813 841/1727/816 839/1725/814 
f 838/1724/813 842/1728/817 841/1727/816 
f 838/1724/813 843/1729/818 842/1728/817 
f 838/1724/813 844/1730/819 843/1729/818 
f 838/1724/813 845/1731/820 844/1730/819 
f 838/1724/813 846/1732/821 845/1731/820 
f 838/1724/813 840/1726/815 846/1732/821 
f 841/1727/816 842/1728/817 847/1733/822 848/1734/823 
f 842/1728/817 843/1729/818 849/1735/824 847/1733/822 
f 843/1729/818 844/1730/819 850/1736/825 849/1735/824 
f 844/1730/819 845/1731/820 851/1737/826 850/1736/825 
f 852/1738/827 853/1739/828 854/1740/829 855/1741/830 
f 855/1742/830 854/1743/829 856/1744/831 857/1745/832 
f 858/1746/833 859/1747/834 860/1748/835 861/1749/836 
f 861/1750/836 860/1751/835 862/1752/837 863/1753/838 
f 863/1754/838 862/1755/837 864/1756/839 865/1757/840 
f 865/1758/840 864/1759/839 866/1760/841 867/1761/842 
f 867/1761/842 866/1760/841 853/1762/828 852/1763/827 
f 853/1739/828 868/1764/843 869/1765/844 854/1740/829 
f 854/1743/829 869/1766/844 848/1767/823 856/1744/831 
f 859/1747/834 847/1768/822 849/1769/824 860/1748/835 
f 862/1755/837 850/1770/825 851/1771/826 864/1756/839 
f 864/1759/839 851/1772/826 870/1773/845 866/1760/841 
f 866/1760/841 870/1773/845 868/1774/843 853/1762/828 
f 841/1775/816 871/1776/846 872/1777/847 839/1778/814 
f 839/1778/814 872/1777/847 873/1779/848 869/1766/844 
f 869/1766/844 873/1779/848 874/1780/849 848/1767/823 
f 848/1767/823 874/1780/849 871/1776/846 841/1775/816 
f 839/1778/814 875/1781/850 876/1782/851 840/1783/815 
f 840/1783/815 876/1782/851 877/1784/852 868/1785/843 
f 868/1785/843 877/1784/852 878/1786/853 869/1766/844 
f 869/1766/844 878/1786/853 875/1781/850 839/1778/814 
f 840/1787/815 879/1788/854 880/1789/855 846/1790/821 
f 846/1790/821 880/1789/855 881/1791/856 870/1773/845 
f 870/1773/845 881/1791/856 882/1792/857 868/1774/843 
f 868/1774/843 882/1792/857 879/1788/854 840/1787/815 
f 846/1790/821 883/1793/858 884/1794/859 845/1795/820 
f 845/1795/820 884/1794/859 885/1796/860 851/1772/826 
f 851/1772/826 885/1796/860 886/1797/861 870/1773/845 
f 870/1773/845 886/1797/861 883/1793/858 846/1790/821 
f 875/1798/850 887/1799/862 888/1800/863 876/1801/851 
f 876/1802/851 888/1803/863 889/1804/864 877/1805/852 
f 877/1806/852 889/1807/864 890/1808/865 878/1809/853 
f 878/1810/853 890/1811/865 887/1812/862 875/1813/850 
f 871/1814/846 891/1815/866 892/1816/867 872/1817/847 
f 872/1818/847 892/1819/867 893/1820/868 873/1821/848 
f 873/1779/848 893/1822/868 894/1823/869 874/1780/849 
f 874/1824/849 894/1825/869 891/1826/866 871/1827/846 
f 883/1828/858 895/1829/870 896/1830/871 884/1831/859 
f 884/1832/859 896/1833/871 897/1834/872 885/1835/860 
f 885/1796/860 897/1836/872 898/1837/873 886/1797/861 
f 886/1838/861 898/1839/873 895/1840/870 883/1841/858 
f 879/1842/854 899/1843/874 900/1844/875 880/1845/855 
f 880/1846/855 900/1847/875 901/1848/876 881/1849/856 
f 881/1791/856 901/1850/876 902/1851/877 882/1792/857 
f 882/1852/857 902/1853/877 899/1854/874 879/1855/854 
f 887/1799/862 903/1856/862 904/1857/863 888/1800/863 
f 888/1803/863 904/1858/863 905/1859/878 889/1804/864 
f 889/1807/864 905/1860/878 906/1861/879 890/1808/865 
f 890/1811/865 906/1862/879 903/1863/862 887/1812/862 
f 891/1815/866 907/1864/880 908/1865/867 892/1816/867 
f 892/1819/867 908/1866/867 909/1867/881 893/1820/868 
f 893/1822/868 909/1868/881 910/1869/882 894/1823/869 
f 894/1825/869 910/1870/882 907/1871/880 891/1826/866 
f 895/1829/870 911/1872/883 912/1873/871 896/1830/871 
f 896/1833/871 912/1874/871 913/1875/884 897/1834/872 
f 897/1836/872 913/1876/884 914/1877/885 898/1837/873 
f 898/1839/873 914/1878/885 911/1879/883 895/1840/870 
f 899/1843/874 915/1880/886 916/1881/875 900/1844/875 
f 900/1847/875 916/1882/875 917/1883/887 901/1848/876 
f 901/1850/876 917/1884/887 918/1885/888 902/1851/877 
f 902/1853/877 918/1886/888 915/1887/886 899/1854/874 
f 903/1856/862 919/1888/889 920/1889/890 904/1857/863 
f 904/1858/863 920/1890/890 921/1891/891 905/1859/878 
f 905/1860/878 921/1892/891 922/1893/892 906/1861/879 
f 906/1862/879 922/1894/892 919/1895/889 903/1863/862 
f 907/1864/880 923/1896/893 924/1897/894 908/1865/867 
f 908/1866/867 924/1898/894 925/1899/895 909/1867/881 
f 909/1868/881 925/1900/895 926/1901/896 910/1869/882 
f 910/1870/882 926/1902/896 923/1903/893 907/1871/880 
f 911/1872/883 927/1904/897 928/1905/898 912/1873/871 
f 912/1874/871 928/1906/898 929/1907/899 913/1875/884 
f 913/1876/884 929/1908/899 930/1909/900 914/1877/885 
f 914/1878/885 930/1910/900 927/1911/897 911/1879/883 
f 915/1880/886 931/1912/901 932/1913/902 916/1881/875 
f 916/1882/875 932/1914/902 933/1915/903 917/1883/887 
f 917/1884/887 933/1916/903 934/1917/904 918/1885/888 
f 918/1886/888 934/1918/904 931/1919/901 915/1887/886 
f 920/1890/890 935/1920/905 936/1921/906 921/1891/891 
f 934/1918/904 937/1922/907 938/1923/908 931/1919/901 
f 939/1924/909 940/1925/910 941/1926/911 935/1920/905 
f 935/1920/905 941/1926/911 942/1927/912 936/1921/906 
f 936/1928/906 942/1929/912 943/1930/913 944/1931/914 
f 944/1932/914 943/1933/913 940/1934/910 939/1935/909 
f 945/1936/915 946/1937/916 947/1938/917 948/1939/918 
f 948/1940/918 947/1941/917 949/1942/919 950/1943/920 
f 950/1944/920 949/1945/919 951/1946/921 952/1947/922 
f 952/1948/922 951/1949/921 946/1950/916 945/1951/915 
f 953/1952/923 954/1953/924 955/1954/925 956/1955/926 
f 956/1956/926 955/1957/925 957/1958/927 958/1959/928 
f 958/1960/928 957/1961/927 959/1962/929 960/1963/930 
f 960/1964/930 959/1965/929 954/1966/924 953/1967/923 
f 938/1968/908 961/1969/931 962/1970/932 963/1971/933 
f 963/1972/933 962/1973/932 964/1974/934 965/1975/935 
f 965/1976/935 964/1977/934 966/1978/936 937/1979/907 
f 937/1922/907 966/1980/936 961/1981/931 938/1923/908 
f 940/1925/910 967/1982/937 968/1983/938 941/1926/911 
f 941/1926/911 968/1983/938 969/1984/939 942/1927/912 
f 942/1929/912 969/1985/939 970/1986/940 943/1930/913 
f 943/1933/913 970/1987/940 967/1988/937 940/1934/910 
f 946/1937/916 971/1989/941 972/1990/942 947/1938/917 
f 947/1941/917 972/1991/942 973/1992/943 949/1942/919 
f 949/1945/919 973/1993/943 974/1994/944 951/1946/921 
f 951/1949/921 974/1995/944 971/1996/941 946/1950/916 
f 954/1953/924 975/1997/945 976/1998/946 955/1954/925 
f 955/1957/925 976/1999/946 977/2000/947 957/1958/927 
f 957/1961/927 977/2001/947 978/2002/948 959/1962/929 
f 959/1965/929 978/2003/948 975/2004/945 954/1966/924 
f 961/1969/931 979/2005/949 980/2006/950 962/1970/932 
f 962/1973/932 980/2007/950 981/2008/951 964/1974/934 
f 964/1977/934 981/2009/951 982/2010/952 966/1978/936 
f 966/1980/936 982/2011/952 979/2012/949 961/1981/931 
f 968/1983/938 983/2013/953 984/2014/954 969/1984/939 
f 982/2011/952 985/2015/955 986/2016/956 979/2012/949 
f 987/2017/957 988/2018/958 989/2019/959 990/2020/960 
f 990/2021/960 989/2022/959 991/2023/961 992/2024/962 
f 992/2025/962 991/2026/961 993/2027/963 994/2028/964 
f 994/2029/964 993/2030/963 988/2031/958 987/2032/957 
f 988/2018/958 995/2033/965 996/2034/966 989/2019/959 
f 989/2022/959 996/2035/966 997/2036/967 991/2023/961 
f 991/2026/961 997/2037/967 998/2038/968 993/2027/963 
f 993/2030/963 998/2039/968 995/2040/965 988/2031/958 
f 995/2033/965 999/2041/969 1000/2042/970 996/2034/966 
f 996/2035/966 1000/2043/970 1001/2044/971 997/2036/967 
f 997/2037/967 1001/2045/971 1002/2046/972 998/2038/968 
f 998/2039/968 1002/2047/972 999/2048/969 995/2040/965 
f 999/2041/969 1003/2049/973 1004/2050/974 1000/2042/970 
f 1000/2043/970 1004/2051/974 1005/2052/975 1001/2044/971 
f 1001/2045/971 1005/2053/975 1006/2054/976 1002/2046/972 
f 1002/2047/972 1006/2055/976 1003/2056/973 999/2048/969 
f 1003/2049/973 1007/2057/977 1008/2058/978 1004/2050/974 
f 1004/2051/974 1008/2059/978 1009/2060/979 1005/2052/975 
f 1005/2053/975 1009/2061/979 1010/2062/980 1006/2054/976 
f 1006/2055/976 1010/2063/980 1007/2064/977 1003/2056/973 
f 1007/2057/977 1011/2065/981 1012/2066/982 1008/2058/978 
f 1010/2063/980 1013/2067/983 1011/2068/981 1007/2064/977 
f 1014/2069/984 1015/2070/985 1016/2071/986 
f 1016/2071/986 1015/2070/985 1017/2072/987 
f 1017/2073/987 1015/2074/985 1018/2075/988 
f 1018/2076/988 1015/2077/985 1014/2078/984 
f 1019/2079/989 1020/2080/990 1021/2081/991 
f 1021/2082/991 1020/2083/990 1022/2084/992 
f 1022/2085/992 1020/2086/990 1023/2087/993 
f 1023/2088/993 1020/2089/990 1019/2090/989 
f 1024/2091/994 1025/2092/995 1026/2093/996 
f 1026/2094/996 1025/2095/995 1027/2096/997 
f 1027/2096/997 1025/2095/995 1028/2097/998 
f 1028/2098/998 1025/2092/995 1024/2091/994 
f 1029/2099/999 1030/2100/1000 1031/2101/1001 
f 1031/2101/1001 1030/2100/1000 1032/2102/1002 
f 1032/2103/1002 1030/2104/1000 1033/2105/1003 
f 1033/2106/1003 1030/2107/1000 1029/2108/999 
f 1034/2109/1004 1035/2110/1005 1036/2111/1006 
f 1036/2112/1006 1035/2113/1005 1037/2114/1007 
f 1037/2115/1007 1035/2116/1005 1038/2117/1008 
f 1038/2118/1008 1035/2119/1005 1034/2120/1004 
s 1
f 1039/2121/1009 1040/2122/1010 1041/2123/1011 1042/2124/1012 
s 2
f 1043/2125/1013 1039/2126/1009 1042/2127/1012 1044/2128/1014 
s off
f 1045/2129/1015 1046/2130/1016 1047/2131/1017 1048/2132/1018 
f 1048/2133/1018 1047/2134/1017 1049/2135/1019 1050/2136/1020 
f 1051/2137/1021 1052/2138/1022 1053/2139/1023 1054/2140/1024 
f 1054/2141/1024 1053/2142/1023 1055/2143/1025 1056/2144/1026 
f 794/1660/778 803/1677/785 805/1679/779 795/1662/779 
f 795/1665/779 805/1680/779 807/1683/702 796/1666/702 
f 796/1666/702 807/1683/702 809/1685/780 797/1668/780 
f 798/1671/781 810/1686/787 813/1689/788 799/1672/782 
f 799/1672/782 813/1689/788 146/205/131 131/188/131 
f 802/1676/785 814/1690/789 817/1693/792 804/1678/779 
f 804/1681/779 817/2145/792 1057/2146/1027 806/1682/786 
f 806/1682/786 1057/2146/1027 1058/2147/1028 808/1684/780 
f 811/1687/787 818/1694/793 821/1697/796 812/1688/788 
f 812/1688/788 821/1697/796 393/665/131 147/206/131 
f 800/2148/783 1059/2149/1029 1060/2150/1030 801/2151/784 
f 1059/2149/1029 1061/2152/1031 1062/2153/1032 1060/2150/1030 
f 1061/2152/1031 1063/2154/1033 1064/2155/1034 1062/2153/1032 
f 1063/2154/1033 400/2156/383 1064/2155/1034 
f 401/2157/384 400/2156/383 1063/2154/1033 
f 1064/2155/1034 400/2156/383 402/2158/385 
f 711/1534/694 11/11/11 2/678/2 705/2159/688 
f 713/1536/696 711/1534/694 705/2159/688 706/2160/689 
f 717/1540/700 716/1539/699 708/2161/691 709/2162/692 
f 20/20/20 717/1542/700 709/2163/692 8/682/8 
f 715/1538/698 1065/2164/1035 716/1539/699 
f 716/1539/699 1065/2164/1035 708/2161/691 
f 1066/2165/1036 1067/2166/1037 1068/2167/1038 1069/2168/1039 
f 1069/2169/1039 1068/2170/1038 1070/2171/1040 1071/2172/1041 
f 1071/2172/1041 1070/2171/1040 1072/2173/1042 1073/2174/1043 
f 1073/2175/1043 1072/2176/1042 1074/2177/1044 1075/2178/1045 
f 1076/2179/1046 1077/2180/1047 1078/2181/1048 1079/2182/1049 
f 1079/2183/1049 1078/2184/1048 1080/2185/1050 1081/2186/1051 
f 1081/2186/1051 1080/2185/1050 1082/2187/1052 1083/2188/1053 
f 1084/2189/1054 1085/2190/1055 1077/2191/1047 
f 1077/2180/1047 1085/2192/1055 1078/2181/1048 
f 1078/2184/1048 1085/2193/1055 1080/2185/1050 
f 1080/2185/1050 1085/2193/1055 1082/2187/1052 
f 1082/2194/1052 1085/2195/1055 1086/2196/1056 
f 1086/2197/1056 1085/2190/1055 1084/2189/1054 
f 1087/2198/1057 1088/2199/1058 1089/2200/1059 1090/2201/1060 
f 1090/2202/1060 1089/2203/1059 1091/2204/1061 1092/2205/1062 
f 1092/2206/1062 1091/2207/1061 1093/2208/1063 1094/2209/1064 
f 1094/2210/1064 1093/2211/1063 1088/2212/1058 1087/2213/1057 
f 57/86/57 434/734/417 1095/2214/1065 746/1596/730 
f 746/2215/730 1095/2216/1065 1096/2217/1066 748/2218/732 
f 748/2219/732 1096/2220/1066 1097/2221/1067 750/2222/734 
f 750/2222/734 1097/2221/1067 437/744/420 64/743/64 
f 438/2223/421 739/2224/723 741/2225/725 434/2226/417 
f 434/734/417 741/75/725 740/1587/724 1095/2214/1065 
f 1095/2227/1065 740/2228/724 742/2229/726 1096/2230/1066 
f 1096/2230/1066 742/2229/726 743/2231/727 1097/2232/1067 
f 1097/2233/1067 743/2234/727 744/2235/728 437/2236/420 
f 437/2237/420 744/2238/728 739/2224/723 438/2223/421 
f 1098/2239/1068 1099/2240/1069 1100/2241/1070 1101/2242/1071 
f 1102/2243/1072 1103/2244/1073 1104/2245/1074 1105/2246/1075 
f 1099/2247/1069 1106/2248/1076 1107/2249/1077 1100/2250/1070 
f 1108/2251/1078 1109/2252/1079 1106/2248/1076 1099/2247/1069 
f 1103/2253/1073 1110/2254/1080 1111/2255/1081 1104/2256/1074 
f 1104/2256/1074 1111/2255/1081 1109/2252/1079 1108/2251/1078 
f 1112/2257/1082 1113/2258/1083 1114/2259/1084 1115/2260/1085 
f 1116/2261/1086 1117/2262/1087 1118/2263/1088 1119/2264/1089 
f 1119/2265/1089 1118/2266/1088 1120/2267/1090 1121/2268/1091 
f 1121/2269/1091 1120/2270/1090 1122/2271/1092 1123/2272/1093 
f 1124/2273/1094 1123/2272/1093 1122/2271/1092 1125/2274/1095 
f 1125/2274/1095 1122/2271/1092 1120/2270/1090 1126/2275/1096 
f 1126/2276/1096 1120/2277/1090 1118/2278/1088 1127/2279/1097 
f 1128/2280/1098 1117/2262/1087 1116/2261/1086 1129/2281/1099 
f 1130/2282/1100 1131/2283/1101 1132/2284/1102 
f 1132/2284/1102 1131/2283/1101 1133/2285/1103 
f 1133/2285/1103 1131/2283/1101 1134/2286/1104 
f 1113/2258/1083 1112/2257/1082 1100/2250/1070 1107/2249/1077 
f 1135/2287/1105 819/2288/794 1136/2289/1106 
f 819/1695/794 818/1694/793 1058/2290/1028 1136/2291/1106 
f 818/1694/793 811/1687/787 808/2292/780 1058/2290/1028 
f 811/1687/787 810/1686/787 809/2293/780 808/2292/780 
f 810/1686/787 798/1671/781 797/2294/780 809/2293/780 
f 798/1671/781 791/1670/775 788/2295/772 797/2294/780 
f 791/1657/775 790/1656/774 789/1655/773 788/1654/772 
f 775/1631/759 774/1630/758 773/2296/757 772/2297/756 
f 774/1630/758 780/1642/764 1137/2298/1107 773/2296/757 
f 780/1642/764 763/1641/747 760/2299/744 1137/2298/1107 
f 763/1619/747 762/1618/746 761/2300/745 760/2301/744 
f 762/2302/746 1138/2303/1108 761/2304/745 
f 1139/2305/1109 1140/2306/1110 1141/2307/1111 
f 1141/2308/1111 1140/2309/1110 1142/2310/1112 
f 1142/2311/1112 1140/2312/1110 1139/2313/1109 
f 1143/2314/1113 1144/2315/1114 1145/2316/1115 
f 1145/2317/1115 1144/2318/1114 1146/2319/1116 
f 1146/2320/1116 1144/2321/1114 1143/2322/1113 
f 1147/2323/1117 1148/2324/1118 1149/2325/1119 
f 1149/2326/1119 1148/2327/1118 1150/2328/1120 
f 1150/2329/1120 1148/2330/1118 1147/2331/1117 
f 1151/2332/1121 1152/2333/1122 1153/2334/1123 
f 1153/2335/1123 1152/2336/1122 1154/2337/1124 
f 1154/2338/1124 1152/2339/1122 1151/2340/1121 
f 1155/2341/1125 1156/2342/1126 1157/2343/1127 1158/2344/1128 
f 1158/2344/1128 1157/2343/1127 1159/2345/1129 1160/2346/1130 
f 1160/2347/1130 1159/2348/1129 1161/2349/1131 1162/2350/1132 
f 1162/2351/1132 1161/2352/1131 1156/2353/1126 1155/2354/1125 
f 1163/2355/1133 1164/2356/1134 1165/2357/1135 
f 1165/2358/1135 1164/2359/1134 1166/2360/1136 
f 1166/2361/1136 1164/2362/1134 1167/2363/1137 
f 1167/2364/1137 1164/2365/1134 1163/2366/1133 
f 1168/2367/1138 1168/2367/1139 1169/2368/1140 1131/2283/1101 
f 1170/2369/1141 1139/2305/1109 1141/2307/1111 1171/2370/1142 
f 1171/2371/1142 1141/2372/1111 1142/2373/1112 1172/2374/1143 
f 1172/2375/1143 1142/2311/1112 1139/2313/1109 1170/2376/1141 
f 1173/2377/1144 1143/2378/1113 1145/2379/1115 1174/2380/1145 
f 1174/2381/1145 1145/2317/1115 1146/2319/1116 1175/2382/1146 
f 1175/2383/1146 1146/2320/1116 1143/2322/1113 1173/2384/1144 
f 1176/2385/1147 1147/2323/1117 1149/2325/1119 1177/2386/1148 
f 1177/2387/1148 1149/2326/1119 1150/2328/1120 1178/2388/1149 
f 1178/2389/1149 1150/2390/1120 1147/2391/1117 1176/2392/1147 
f 1179/2393/1150 1151/2332/1121 1153/2334/1123 1180/2394/1151 
f 1180/2395/1151 1153/2396/1123 1154/2397/1124 1181/2398/1152 
f 1181/2399/1152 1154/2338/1124 1151/2340/1121 1179/2400/1150 
f 1156/2401/1126 1163/2355/1133 1165/2357/1135 1157/2402/1127 
f 1157/2402/1127 1165/2357/1135 1166/2403/1136 1159/2404/1129 
f 1159/2404/1129 1166/2403/1136 1167/2405/1137 1161/2406/1131 
f 1161/2406/1131 1167/2405/1137 1163/2355/1133 1156/2401/1126 
f 1182/2407/1153 1019/2408/989 1021/2409/991 983/2410/953 
f 983/2411/953 1021/2412/991 1022/2413/992 984/2414/954 
f 984/2415/954 1022/2085/992 1023/2087/993 1183/2416/1154 
f 1183/2416/1154 1023/2087/993 1019/2417/989 1182/2418/1153 
f 1184/2419/1155 1024/2420/994 1026/2421/996 1185/2422/1156 
f 1185/2423/1156 1026/2094/996 1027/2096/997 1186/2424/1157 
f 1186/2424/1157 1027/2096/997 1028/2097/998 1187/2425/1158 
f 1187/2426/1158 1028/2427/998 1024/2428/994 1184/2429/1155 
f 1188/2430/1159 1029/2431/999 1031/2432/1001 1189/2433/1160 
f 1189/2434/1160 1031/2435/1001 1032/2436/1002 1190/2437/1161 
f 1190/2438/1161 1032/2103/1002 1033/2105/1003 1191/2439/1162 
f 1191/2439/1162 1033/2105/1003 1029/2440/999 1188/2441/1159 
f 986/2442/956 1034/2443/1004 1036/2444/1006 1192/2445/1163 
f 1192/2446/1163 1036/2447/1006 1037/2115/1007 1193/2448/1164 
f 1193/2448/1164 1037/2115/1007 1038/2117/1008 985/2449/955 
f 985/2450/955 1038/2451/1008 1034/2452/1004 986/2453/956 
f 757/1613/741 756/1612/740 755/2454/739 754/1638/738 
f 769/1625/753 768/1624/752 767/1646/751 766/2455/750 
f 856/2456/831 848/2457/823 847/1768/822 859/1747/834 
f 860/1751/835 849/2458/824 850/2459/825 862/1752/837 
f 1194/2460/1165 1108/2461/1078 1099/2240/1069 1098/2239/1068 
f 1105/2462/1075 1104/2463/1074 1108/2464/1078 1194/2465/1165 
f 1195/2466/1166 1196/2467/1167 1197/2468/1168 1136/2469/1106 
f 735/2470/719 1135/2471/1105 1198/2472/1169 1199/2473/1170 
f 735/2474/719 1199/2475/1170 1200/2476/1171 736/2477/720 
f 736/2477/720 1200/2476/1171 1201/2478/1172 737/2479/721 
f 737/2480/721 1201/2481/1172 1202/2482/1173 816/1692/791 
f 816/2483/791 1202/2484/1173 1196/2467/1167 1195/2466/1166 
f 1196/2467/1167 1203/2485/1174 1204/2486/1175 1197/2468/1168 
f 1199/2473/1170 1198/2472/1169 1205/2487/1176 1206/2488/1177 
f 1199/2475/1170 1206/2489/1177 1207/2490/1178 1200/2476/1171 
f 1200/2476/1171 1207/2490/1178 1208/2491/1179 1201/2478/1172 
f 1201/2481/1172 1208/2492/1179 1209/2493/1180 1202/2482/1173 
f 1202/2484/1173 1209/2494/1180 1203/2485/1174 1196/2467/1167 
f 1203/2485/1174 1210/2495/1181 1211/2496/1182 1204/2486/1175 
f 1206/2488/1177 1205/2487/1176 1212/2497/1183 1213/2498/1184 
f 1206/2489/1177 1213/2499/1184 1214/2500/1185 1207/2490/1178 
f 1207/2490/1178 1214/2500/1185 1215/2501/1186 1208/2491/1179 
f 1208/2492/1179 1215/2502/1186 1216/2503/1187 1209/2493/1180 
f 1209/2494/1180 1216/2504/1187 1210/2495/1181 1203/2485/1174 
f 1106/2505/1076 1217/2506/1188 1218/2507/1189 1107/2508/1077 
f 1109/2509/1079 1219/2510/1190 1217/2506/1188 1106/2505/1076 
f 1110/2511/1080 1220/2512/1191 1221/2513/1192 1111/2514/1081 
f 1114/2515/1084 1222/2516/1193 1220/2517/1191 1110/2518/1080 
f 1111/2519/1081 1221/2520/1192 1219/2521/1190 1109/2522/1079 
f 1114/2523/1084 1113/2524/1083 1223/2525/1194 1222/2526/1193 
f 1219/2510/1190 1224/2527/1195 1225/2528/1196 1217/2506/1188 
f 1220/2512/1191 1226/2529/1197 1227/2530/1198 1221/2513/1192 
f 1221/2531/1192 1227/2532/1198 1224/2533/1195 1219/2534/1190 
f 1223/2525/1194 1228/2535/1199 1229/2536/1200 1222/2526/1193 
f 1225/2528/1196 1230/2537/1201 1231/2538/1202 1232/2539/1203 
f 1224/2527/1195 1233/2540/1204 1230/2537/1201 1225/2528/1196 
f 1226/2529/1197 1234/2541/1205 1235/2542/1206 1227/2530/1198 
f 1229/2543/1200 1236/2544/1207 1234/2541/1205 1226/2529/1197 
f 1227/2545/1198 1235/2546/1206 1233/2547/1204 1224/2548/1195 
f 1229/2536/1200 1228/2535/1199 1237/2549/1208 1236/2550/1207 
f 1238/2551/1209 1239/2552/1210 1240/2553/1211 1241/2554/1212 
f 1242/2555/1213 1129/2281/1099 1243/2556/1214 1244/2557/1215 
f 1244/2558/1215 1243/2559/1214 1245/2560/1216 1246/2561/1217 
f 1246/2562/1217 1245/2563/1216 1124/2273/1094 1247/2564/1218 
f 1210/2495/1181 1098/2239/1068 1101/2242/1071 1211/2496/1182 
f 1213/2565/1184 1212/2566/1183 1248/2567/1219 1249/2568/1220 
f 1213/2499/1184 1249/2569/1220 1102/2243/1072 1214/2500/1185 
f 1214/2500/1185 1102/2243/1072 1105/2246/1075 1215/2501/1186 
f 1215/2570/1186 1105/2571/1075 1194/2572/1165 1216/2573/1187 
f 1216/2504/1187 1194/2460/1165 1098/2239/1068 1210/2495/1181 
f 1230/2537/1201 1247/2564/1218 1250/2574/1221 1231/2538/1202 
f 1236/2550/1207 1237/2549/1208 1239/2575/1210 1238/2576/1209 
f 1236/2544/1207 1238/2577/1209 1242/2555/1213 1234/2541/1205 
f 1234/2541/1205 1242/2555/1213 1244/2557/1215 1235/2542/1206 
f 1235/2546/1206 1244/2578/1215 1246/2579/1217 1233/2547/1204 
f 1233/2540/1204 1246/2562/1217 1247/2564/1218 1230/2537/1201 
f 1241/2554/1212 1240/2553/1211 1251/2580/1222 1252/2581/1223 
f 1128/2280/1098 1253/2582/1224 1254/2583/1225 1127/2584/1097 
f 1127/2279/1097 1254/2585/1225 1255/2586/1226 1126/2276/1096 
f 1126/2275/1096 1255/2587/1226 1256/2588/1227 1125/2274/1095 
f 1257/2589/1228 1258/2590/1229 1259/2591/1230 1260/2592/1231 
f 1253/2582/1224 1261/2593/1232 1262/2594/1233 1254/2583/1225 
f 1254/2585/1225 1262/2595/1233 1263/2596/1234 1255/2586/1226 
f 1255/2587/1226 1263/2597/1234 1264/2598/1235 1256/2588/1227 
f 1260/2599/1231 1259/2600/1230 1265/2601/1236 1266/2602/1237 
f 1261/2593/1232 1267/2603/1238 1268/2604/1239 1262/2594/1233 
f 1262/2595/1233 1268/2605/1239 1269/2606/1240 1263/2596/1234 
f 1263/2597/1234 1269/2607/1240 1270/2608/1241 1264/2598/1235 
f 1243/2559/1214 1119/2609/1089 1121/2610/1091 1245/2560/1216 
f 1245/2563/1216 1121/2269/1091 1123/2272/1093 1124/2273/1094 
f 1266/2602/1237 1265/2601/1236 1271/2611/1242 1272/2612/1243 
f 1267/2603/1238 1273/2613/1244 1274/2614/1245 1268/2604/1239 
f 1268/2605/1239 1274/2615/1245 1275/2616/1246 1269/2606/1240 
f 1269/2607/1240 1275/2617/1246 1276/2618/1247 1270/2608/1241 
f 1277/2619/1248 1271/2611/1242 1265/2601/1236 1278/2620/1249 
f 1278/2620/1249 1265/2601/1236 1259/2600/1230 1279/2621/1250 
f 1279/2622/1250 1259/2591/1230 1258/2590/1229 1280/2623/1251 
f 1281/2624/1252 1251/2625/1222 1240/2626/1211 1282/2627/1253 
f 1240/2553/1211 1239/2552/1210 1250/2628/1221 1282/2629/1253 
f 1250/2630/1221 1239/2575/1210 1237/2549/1208 1231/2631/1202 
f 1231/2631/1202 1237/2549/1208 1228/2535/1199 1232/2632/1203 
f 1232/2632/1203 1228/2535/1199 1223/2525/1194 1218/2633/1189 
f 1218/2633/1189 1223/2525/1194 1113/2524/1083 1107/2634/1077 
f 1101/2635/1071 1248/2567/1219 1212/2566/1183 1211/2636/1182 
f 1211/2637/1182 1212/2497/1183 1205/2487/1176 1204/2638/1175 
f 1204/2638/1175 1205/2487/1176 1198/2472/1169 1197/2639/1168 
f 1197/2639/1168 1198/2472/1169 1135/2471/1105 1136/2640/1106 
f 1273/2613/1244 1130/2641/1100 1132/2642/1102 1274/2614/1245 
f 1274/2643/1245 1132/2644/1102 1133/2645/1103 1275/2646/1246 
f 1283/2647/1254 1284/2648/1255 1285/2649/1256 1130/2641/1100 
f 1130/2282/1100 1285/2650/1256 1168/2367/1138 1131/2283/1101 
f 1286/2651/1257 1287/2652/1258 1288/2653/1259 1289/2654/1260 
f 1249/2569/1220 1115/2655/1085 1103/2244/1073 1102/2243/1072 
f 1249/2656/1220 1248/2657/1219 1112/2658/1082 1115/2659/1085 
f 1115/2260/1085 1114/2259/1084 1110/2254/1080 1103/2253/1073 
f 1217/2506/1188 1225/2528/1196 1232/2539/1203 1218/2507/1189 
f 1222/2660/1193 1229/2543/1200 1226/2529/1197 1220/2512/1191 
f 1247/2564/1218 1124/2273/1094 1282/2661/1253 1250/2574/1221 
f 1238/2577/1209 1241/2662/1212 1129/2281/1099 1242/2555/1213 
f 1124/2273/1094 1125/2274/1095 1281/2663/1252 1282/2661/1253 
f 1241/2662/1212 1252/2664/1223 1128/2280/1098 1129/2281/1099 
f 1125/2274/1095 1256/2588/1227 1280/2665/1251 1281/2663/1252 
f 1251/2580/1222 1258/2666/1229 1257/2667/1228 1252/2581/1223 
f 1252/2668/1223 1257/2589/1228 1253/2669/1224 1128/2670/1098 
f 1256/2588/1227 1264/2598/1235 1279/2671/1250 1280/2665/1251 
f 1257/2672/1228 1260/2673/1231 1261/2593/1232 1253/2582/1224 
f 1264/2598/1235 1270/2608/1241 1278/2674/1249 1279/2671/1250 
f 1260/2673/1231 1266/2675/1237 1267/2603/1238 1261/2593/1232 
f 814/1690/789 632/1199/615 631/1198/614 815/1691/790 
f 1195/2466/1166 1057/2146/1027 817/2145/792 816/2483/791 
f 1136/2469/1106 1058/2147/1028 1057/2146/1027 1195/2466/1166 
f 821/1697/796 820/1696/795 633/1200/616 393/665/131 
f 783/2676/767 766/1622/750 89/124/89 108/1202/108 
f 785/2677/769 769/1625/753 766/2455/750 783/2678/767 
f 787/2679/771 770/1626/754 769/1625/753 785/2677/769 
f 789/2680/773 772/1628/756 770/1626/754 787/2679/771 
f 793/2681/777 776/2682/760 775/2683/759 790/2684/774 
f 122/1211/122 101/1212/101 776/2682/760 793/2681/777 
f 1290/2685/1261 1291/2686/1262 1292/2687/1263 1293/2688/1264 
f 1293/2689/1264 1292/2690/1263 1294/2691/1265 1295/2692/1266 
f 1295/2692/1266 1294/2691/1265 1296/2693/1267 1297/2694/1268 
f 1297/2695/1268 1296/2696/1267 1298/2697/1269 1299/2698/1270 
f 1299/2698/1270 1298/2697/1269 1300/2699/1271 1301/2700/1272 
f 1301/2701/1272 1300/2702/1271 1302/2703/1273 1303/2704/1274 
f 1303/2704/1274 1302/2703/1273 1304/2705/1275 1305/2706/1276 
f 1305/2707/1276 1304/2708/1275 1291/2686/1262 1290/2685/1261 
f 1291/2686/1262 1306/2709/1277 1307/2710/1278 1292/2687/1263 
f 1292/2690/1263 1307/2711/1278 1308/2712/1279 1294/2691/1265 
f 1294/2691/1265 1308/2712/1279 1309/2713/1280 1296/2693/1267 
f 1296/2696/1267 1309/2714/1280 1310/2715/1281 1298/2697/1269 
f 1298/2697/1269 1310/2715/1281 1311/2716/1282 1300/2699/1271 
f 1300/2702/1271 1311/2717/1282 1312/2718/1283 1302/2703/1273 
f 1302/2703/1273 1312/2718/1283 1313/2719/1284 1304/2705/1275 
f 1304/2708/1275 1313/2720/1284 1306/2709/1277 1291/2686/1262 
f 1306/2709/1277 1314/2721/1285 1315/2722/1286 1307/2710/1278 
f 1307/2711/1278 1315/2723/1286 1316/2724/1287 1308/2712/1279 
f 1308/2712/1279 1316/2724/1287 1317/2725/1288 1309/2713/1280 
f 1309/2714/1280 1317/2726/1288 1318/2727/1289 1310/2715/1281 
f 1310/2715/1281 1318/2727/1289 1319/2728/1290 1311/2716/1282 
f 1311/2717/1282 1319/2729/1290 1320/2730/1291 1312/2718/1283 
f 1312/2718/1283 1320/2730/1291 1321/2731/1292 1313/2719/1284 
f 1313/2720/1284 1321/2732/1292 1314/2721/1285 1306/2709/1277 
f 1314/2721/1285 827/1706/802 829/1709/804 1315/2722/1286 
f 1315/2723/1286 829/1710/804 831/1713/806 1316/2724/1287 
f 1316/2724/1287 831/1713/806 833/1715/808 1317/2725/1288 
f 1317/2726/1288 833/1716/808 835/1719/810 1318/2727/1289 
f 1318/2727/1289 835/1719/810 837/1721/812 1319/2728/1290 
f 1319/2729/1290 837/1722/812 822/1698/797 1320/2730/1291 
f 1320/2730/1291 822/1698/797 825/1701/800 1321/2731/1292 
f 1321/2732/1292 825/2733/800 827/1706/802 1314/2721/1285 
f 823/1699/798 1322/2734/1293 1323/2735/1294 824/1700/799 
f 824/1703/799 1323/2736/1294 1324/2737/1295 826/1704/801 
f 826/1707/801 1324/2738/1295 1325/2739/1296 828/1708/803 
f 828/1711/803 1325/2740/1296 1326/2741/1297 830/1712/805 
f 830/1712/805 1326/2741/1297 1327/2742/1298 832/1714/807 
f 832/1717/807 1327/2743/1298 1328/2744/1299 834/1718/809 
f 834/1718/809 1328/2744/1299 1329/2745/1300 836/1720/811 
f 836/1723/811 1329/2746/1300 1322/2734/1293 823/1699/798 
f 1322/2734/1293 1056/2747/1026 1330/2748/1301 1323/2735/1294 
f 1323/2749/1294 1330/2750/1301 1045/2129/1015 1324/2738/1295 
f 1324/2738/1295 1045/2129/1015 1048/2132/1018 1325/2739/1296 
f 1325/2751/1296 1048/2133/1018 1050/2136/1020 1326/2752/1297 
f 1326/2741/1297 1050/2753/1020 1331/2754/1302 1327/2742/1298 
f 1327/2743/1298 1331/2755/1302 1051/2137/1021 1328/2744/1299 
f 1328/2744/1299 1051/2137/1021 1054/2140/1024 1329/2745/1300 
f 1329/2756/1300 1054/2141/1024 1056/2144/1026 1322/2757/1293 
f 1056/2758/1026 1055/2759/1025 1332/2760/1303 1330/2761/1301 
f 1330/2750/1301 1332/2762/1303 1046/2130/1016 1045/2129/1015 
f 1050/2763/1020 1049/2764/1019 1333/2765/1304 1331/2766/1302 
f 1331/2755/1302 1333/2767/1304 1052/2138/1022 1051/2137/1021 
f 1055/2759/1025 1044/2128/1014 1042/2127/1012 1332/2760/1303 
f 1332/2762/1303 1042/2124/1012 1041/2123/1011 1046/2130/1016 
f 1046/2130/1016 1041/2123/1011 1334/2768/1305 1047/2131/1017 
f 1047/2134/1017 1334/2769/1305 1335/2770/1306 1049/2135/1019 
f 1049/2764/1019 1335/2771/1306 1336/2772/1307 1333/2765/1304 
f 1333/2767/1304 1336/2773/1307 1337/2774/1308 1052/2138/1022 
f 1052/2138/1022 1337/2774/1308 1338/2775/1309 1053/2139/1023 
f 1053/2776/1023 1338/2777/1309 1044/2128/1014 1055/2759/1025 
f 1089/2203/1059 1088/2778/1058 1093/2779/1063 1091/2204/1061 
f 1083/2780/1053 1082/2194/1052 1086/2196/1056 1339/2781/1310 
f 1075/2178/1045 1074/2177/1044 1340/2782/1311 1065/2783/1035 
f 1065/2784/1035 1340/2785/1311 1067/2166/1037 1066/2165/1036 
f 125/174/125 800/1674/783 803/1677/785 794/1660/778 
f 919/2786/889 939/1924/909 935/1920/905 920/1890/890 
f 921/2787/891 936/1928/906 944/1931/914 922/2788/892 
f 922/1894/892 944/1932/914 939/1935/909 919/1895/889 
f 923/1896/893 945/1936/915 948/1939/918 924/1897/894 
f 924/1898/894 948/1940/918 950/1943/920 925/1899/895 
f 925/1900/895 950/1944/920 952/1947/922 926/1901/896 
f 926/2789/896 952/2790/922 945/1936/915 923/1896/893 
f 927/1904/897 953/1952/923 956/1955/926 928/1905/898 
f 928/1905/898 956/1955/926 958/2791/928 929/2792/899 
f 929/1908/899 958/1960/928 960/1963/930 930/1909/900 
f 930/1910/900 960/1964/930 953/1967/923 927/1911/897 
f 931/1912/901 938/1968/908 963/1971/933 932/1913/902 
f 932/1914/902 963/1972/933 965/1975/935 933/1915/903 
f 933/1916/903 965/1976/935 937/1979/907 934/1917/904 
f 967/1982/937 1182/2793/1153 983/2013/953 968/1983/938 
f 969/1985/939 984/2415/954 1183/2416/1154 970/1986/940 
f 970/1987/940 1183/2794/1154 1182/2795/1153 967/1988/937 
f 971/1989/941 1184/2796/1155 1185/2797/1156 972/1990/942 
f 972/1991/942 1185/2798/1156 1186/2799/1157 973/1992/943 
f 973/1993/943 1186/2424/1157 1187/2425/1158 974/1994/944 
f 974/2800/944 1187/2801/1158 1184/2796/1155 971/1989/941 
f 975/1997/945 1188/2802/1159 1189/2803/1160 976/1998/946 
f 976/1998/946 1189/2803/1160 1190/2804/1161 977/2805/947 
f 977/2001/947 1190/2438/1161 1191/2439/1162 978/2002/948 
f 978/2003/948 1191/2806/1162 1188/2807/1159 975/2004/945 
f 979/2005/949 986/2808/956 1192/2809/1163 980/2006/950 
f 980/2007/950 1192/2810/1163 1193/2811/1164 981/2008/951 
f 981/2009/951 1193/2448/1164 985/2449/955 982/2010/952 
f 857/2812/832 987/2017/957 990/2020/960 858/1746/833 
f 858/2813/833 990/2021/960 992/2024/962 859/2814/834 
f 859/2815/834 992/2816/962 994/2817/964 856/2818/831 
f 994/2819/964 987/2820/957 857/1745/832 856/1744/831 
f 1040/2821/1010 1039/2822/1009 852/2823/827 855/2824/830 
f 1341/2825/1312 1040/2821/1010 855/2824/830 857/2826/832 
f 1342/2827/1313 1341/2828/1312 857/2812/832 858/1746/833 
f 1343/2829/1314 1342/2827/1313 858/1746/833 861/1749/836 
f 1344/2830/1315 1343/2831/1314 861/2832/836 863/1754/838 
f 1345/2833/1316 1344/2830/1315 863/1754/838 865/1757/840 
f 1043/2834/1013 1345/2835/1316 865/2836/840 867/2837/842 
f 1039/2822/1009 1043/2838/1013 867/2839/842 852/2823/827 
f 1293/2840/1264 1137/2841/1107 760/1616/744 1290/2842/1261 
f 1295/2843/1266 773/1629/757 1137/2841/1107 1293/2840/1264 
f 1301/2844/1272 779/1640/763 768/1624/752 1299/2845/1270 
f 1303/2846/1274 757/1613/741 779/1640/763 1301/2844/1272 
f 755/1611/739 1346/2847/1317 690/1375/673 70/105/70 
f 756/2848/740 1347/2849/1318 1346/2847/1317 755/1611/739 
f 759/2850/743 1348/2851/1319 1347/2849/1318 756/2848/740 
f 761/2852/745 1138/2853/1108 1348/2851/1319 759/2850/743 
f 765/2854/749 1349/2855/1320 1138/2303/1108 762/2302/746 
f 84/119/84 695/1386/678 1349/2856/1320 765/1621/749 
f 1346/2857/1317 733/2858/716 40/2859/717 690/2860/673 
f 1347/2861/1318 732/1573/715 733/1576/716 1346/2862/1317 
f 1348/2863/1319 731/2864/714 732/2865/715 1347/2866/1318 
f 1138/2867/1108 729/2868/712 731/2864/714 1348/2863/1319 
f 1349/2869/1320 730/2870/713 729/1570/712 1138/2871/1108 
f 695/1386/678 696/1403/1321 730/2872/713 1349/2856/1320 
s 2
f 22/24/22 718/1543/701 753/2873/737 69/1404/69 
s 1
f 725/1556/708 752/1606/736 753/1608/737 718/1557/701 
s 2
f 725/1556/708 730/2874/713 751/1607/735 752/1606/736 
s 1
f 730/2875/713 696/1408/1321 66/99/66 751/1605/735 
s off
f 1305/2876/1276 758/1614/742 757/1613/741 1303/2846/1274 
f 1290/2842/1261 760/1616/744 758/1614/742 1305/2876/1276 
f 1297/2694/1268 771/2877/755 773/2878/757 1295/2692/1266 
f 1299/2879/1270 768/2880/752 771/2881/755 1297/2882/1268 
s 2
f 1040/2122/1010 1341/2883/1312 1334/2768/1305 1041/2123/1011 
s 1
f 1342/2827/1313 1335/2771/1306 1334/2884/1305 1341/2828/1312 
f 1345/2885/1316 1043/2125/1013 1044/2128/1014 1338/2777/1309 
s 2
f 1344/2830/1315 1345/2833/1316 1338/2775/1309 1337/2774/1308 
s 1
f 1343/2831/1314 1344/2830/1315 1337/2774/1308 1336/2773/1307 
s 2
f 1343/2829/1314 1336/2772/1307 1335/2771/1306 1342/2827/1313 
s off
f 1008/2059/978 1012/2886/982 1350/2887/1322 1009/2060/979 
f 1009/2061/979 1350/2888/1322 1013/2889/983 1010/2062/980 
f 801/1675/784 632/1199/615 814/1690/789 802/1676/785 
f 125/2890/125 698/2891/681 1059/2149/1029 800/2148/783 
f 801/2151/784 1060/2150/1030 699/2892/682 632/2893/615 
f 698/2891/681 700/2894/683 1061/2152/1031 1059/2149/1029 
f 1060/2150/1030 1062/2153/1032 701/2895/684 699/2892/682 
f 700/2894/683 401/2157/384 1063/2154/1033 1061/2152/1031 
f 1062/2153/1032 1064/2155/1034 402/2158/385 701/2895/684 
f 707/2896/690 1066/2897/1036 1069/2898/1039 706/2899/689 
f 706/2900/689 1069/2901/1039 1071/2902/1041 713/2903/696 
f 713/2904/696 1071/2905/1041 1073/2906/1043 712/2907/695 
f 712/2908/695 1073/2909/1043 1075/2910/1045 721/2911/704 
f 721/2912/704 1075/2913/1045 1065/2164/1035 715/1538/698 
f 708/2914/691 1065/2915/1035 1066/2897/1036 707/2896/690 
f 1067/2166/1037 1351/2916/1323 1076/2917/1046 1068/2167/1038 
f 1068/2170/1038 1076/2918/1046 1079/2919/1049 1070/2171/1040 
f 1070/2171/1040 1079/2919/1049 1081/2920/1051 1072/2173/1042 
f 1072/2921/1042 1081/2186/1051 1083/2188/1053 1074/2922/1044 
f 1074/2177/1044 1083/2923/1053 1339/2924/1310 1340/2782/1311 
f 1340/2785/1311 1339/2925/1310 1351/2916/1323 1067/2166/1037 
f 1351/2916/1323 1084/2189/1054 1077/2191/1047 1076/2917/1046 
f 1339/2925/1310 1086/2197/1056 1084/2189/1054 1351/2916/1323 
f 712/2926/695 1087/2927/1057 1090/2928/1060 710/2929/693 
f 710/2929/693 1090/2928/1060 1092/2930/1062 718/2931/701 
f 718/2931/701 1092/2930/1062 1094/2932/1064 720/2933/703 
f 720/2933/703 1094/2932/1064 1087/2927/1057 712/2926/695 
f 820/2934/795 734/2935/718 43/1467/43 633/1466/616 
f 631/1198/614 48/1470/48 738/2936/722 815/1691/790 
f 815/1691/790 738/2936/722 737/2480/721 816/1692/791 
f 820/2937/795 819/2288/794 1135/2287/1105 735/1580/719 734/1579/718 
f 1129/2281/1099 1116/2261/1086 1119/2264/1089 1243/2556/1214 
f 1127/2584/1097 1118/2263/1088 1117/2262/1087 1128/2280/1098 
f 1270/2608/1241 1276/2618/1247 1277/2938/1248 1278/2674/1249 
f 1266/2675/1237 1272/2939/1243 1273/2613/1244 1267/2603/1238 
f 1276/2618/1247 1134/2940/1104 1286/2941/1257 1277/2938/1248 
f 1271/2942/1242 1289/2654/1260 1283/2943/1254 1272/2944/1243 
f 1272/2939/1243 1283/2647/1254 1130/2641/1100 1273/2613/1244 
f 1289/2654/1260 1271/2942/1242 1277/2945/1248 1286/2651/1257 
f 1280/2946/1251 1258/2666/1229 1251/2580/1222 1281/2947/1252 
f 1100/2948/1070 1112/2658/1082 1248/2657/1219 1101/2949/1071 
f 790/2684/774 775/2683/759 772/2950/756 789/2951/773 
f 1134/2940/1104 1352/2952/1324 1287/2953/1258 1286/2941/1257 
f 1131/2283/1101 1353/2954/1325 1352/2955/1324 1134/2286/1104 
f 1289/2654/1260 1288/2653/1259 1284/2956/1255 1283/2943/1254 
f 1352/2952/1324 1170/2369/1141 1171/2370/1142 1287/2953/1258 
f 1287/2957/1258 1171/2958/1142 1172/2959/1143 1353/2960/1325 
f 1353/2954/1325 1172/2375/1143 1170/2376/1141 1352/2955/1324 
f 1288/2961/1259 1173/2962/1144 1174/2963/1145 1284/2964/1255 
f 1284/2965/1255 1174/2966/1145 1168/2967/1138 
f 1169/2968/1140 1175/2383/1146 1173/2384/1144 1288/2969/1259 
f 1284/2648/1255 1176/2385/1147 1177/2386/1148 1285/2649/1256 
f 1285/2650/1256 1177/2387/1148 1178/2388/1149 1168/2367/1138 
f 1168/2970/1138 1178/2971/1149 1176/2972/1147 1284/2973/1255 
f 1169/2368/1140 1179/2393/1150 1180/2394/1151 1353/2954/1325 
f 1287/2974/1258 1180/2975/1151 1181/2976/1152 1288/2977/1259 
f 1288/2978/1259 1181/2399/1152 1179/2400/1150 1169/2979/1140 
f 1275/2617/1246 1155/2980/1125 1158/2981/1128 1276/2618/1247 
f 1276/2618/1247 1158/2981/1128 1160/2982/1130 1134/2940/1104 
f 1134/2940/1104 1160/2982/1130 1162/2983/1132 1133/2984/1103 
f 1133/2645/1103 1162/2351/1132 1155/2354/1125 1275/2646/1246 
f 1169/2368/1140 1353/2954/1325 1131/2283/1101 
f 1011/2985/981 1014/2069/984 1016/2071/986 1012/2986/982 
f 1012/2986/982 1016/2071/986 1017/2072/987 1350/2987/1322 
f 1350/2888/1322 1017/2988/987 1018/2989/988 1013/2889/983 
f 1013/2990/983 1018/2991/988 1014/2992/984 1011/2993/981 
f 1180/2994/1151 1287/2995/1258 1353/2996/1325 
f 515/2997/498 626/2998/609 509/2999/492 
f 1174/2381/1145 1175/2382/1146 1169/3000/1140 1168/3001/1138 
f 521/916/504 520/915/503 510/890/493 704/1489/687 
# 1271 polygons - 159 triangles

